# stop
# kp=-15.00
# start kp=-15.00 dt_ms=1 half_period_ms=1000 ref_amp=0.100 stiction_pos=0.277 stiction_neg=0.259
-0.100,0.0718,2.854
-0.100,0.0054,1.858
-0.100,-0.0613,0.858
-0.100,-0.0963,0.333
-0.100,-0.1152,-0.487
-0.100,-0.1167,-0.509
-0.100,-0.1050,-0.334
-0.100,-0.0999,0.278
-0.100,-0.0963,0.333
-0.100,-0.1043,-0.323
-0.100,-0.0970,0.322
-0.100,-0.0985,0.300
-0.100,-0.0777,0.612
-0.100,-0.0963,0.333
-0.100,-0.1167,-0.509
-0.100,-0.0985,0.300
-0.100,-0.1021,-0.291
-0.100,-0.0926,0.388
-0.100,-0.1047,-0.329
-0.100,-0.1021,-0.291
-0.100,-0.0999,0.278
-0.100,-0.0977,0.311
-0.100,-0.0999,0.278
-0.100,-0.1014,-0.280
-0.100,-0.1043,-0.323
-0.100,-0.1021,-0.291
-0.100,-0.0890,0.442
-0.100,-0.1003,-0.263
-0.100,-0.1036,-0.312
-0.100,-0.0985,0.300
-0.100,-0.1006,-0.269
-0.100,-0.1036,-0.312
-0.100,-0.1014,-0.280
-0.100,-0.0977,0.311
-0.100,-0.0992,0.289
-0.100,-0.0992,0.289
-0.100,-0.1028,-0.302
-0.100,-0.1058,-0.345
-0.100,-0.0992,0.289
-0.100,-0.0992,0.289
-0.100,-0.1043,-0.323
-0.100,-0.0992,0.289
-0.100,-0.0985,0.300
-0.100,-0.0985,0.300
-0.100,-0.0996,0.284
-0.100,-0.1036,-0.312
-0.100,-0.1014,-0.280
-0.100,-0.0996,0.284
-0.100,-0.0992,0.289
0.100,-0.1036,-3.312
0.100,-0.0700,-2.809
0.100,-0.0059,-1.847
0.100,0.0539,-0.950
0.100,0.1017,0.302
0.100,0.1100,0.428
0.100,0.1115,0.450
0.100,0.1068,0.378
0.100,0.0991,-0.272
0.100,0.0977,-0.294
0.100,0.0980,-0.289
0.100,0.0987,-0.278
0.100,0.0998,-0.261
0.100,0.1006,0.286
0.100,0.1006,0.286
0.100,0.0977,-0.294
0.100,0.0991,-0.272
0.100,0.0998,-0.261
0.100,0.1020,0.307
0.100,0.1064,0.373
0.100,0.1006,0.286
0.100,0.1020,0.307
0.100,0.0831,-0.513
0.100,0.1006,0.286
0.100,0.0987,-0.278
0.100,0.1006,0.286
0.100,0.0991,-0.272
0.100,0.1020,0.307
0.100,0.0984,-0.283
0.100,0.1020,0.307
0.100,0.0998,-0.261
0.100,0.0998,-0.261
0.100,0.0998,-0.261
0.100,0.0998,-0.261
0.100,0.0998,-0.261
0.100,0.1006,0.286
0.100,0.0987,-0.278
0.100,0.1002,0.280
0.100,0.1006,0.286
0.100,0.1013,0.296
0.100,0.1006,0.286
0.100,0.1013,0.296
0.100,0.1104,0.433
0.100,0.0991,-0.272
0.100,0.1020,0.307
0.100,0.1013,0.296
0.100,0.1006,0.286
0.100,0.0998,-0.261
0.100,0.1006,0.286
0.100,0.0955,-0.327
-0.100,0.1013,3.296
-0.100,0.0678,2.793
-0.100,0.0021,1.809
-0.100,-0.0620,0.847
-0.100,-0.0985,0.300
-0.100,-0.1109,-0.422
-0.100,-0.1072,-0.367
-0.100,-0.1079,-0.378
-0.100,-0.1036,-0.312
-0.100,-0.0985,0.300
-0.100,-0.1025,-0.296
-0.100,-0.0977,0.311
-0.100,-0.1006,-0.269
-0.100,-0.0992,0.289
-0.100,-0.0992,0.289
-0.100,-0.1014,-0.280
-0.100,-0.1003,-0.263
-0.100,-0.1087,-0.389
-0.100,-0.1003,-0.263
-0.100,-0.1036,-0.312
-0.100,-0.1014,-0.280
-0.100,-0.1025,-0.296
-0.100,-0.1065,-0.356
-0.100,-0.0992,0.289
-0.100,-0.1006,-0.269
-0.100,-0.1094,-0.400
-0.100,-0.1021,-0.291
-0.100,-0.1014,-0.280
-0.100,-0.1025,-0.296
-0.100,-0.0977,0.311
-0.100,-0.0992,0.289
-0.100,-0.0996,0.284
-0.100,-0.0992,0.289
-0.100,-0.1072,-0.367
-0.100,-0.1006,-0.269
-0.100,-0.1014,-0.280
-0.100,-0.0992,0.289
-0.100,-0.0970,0.322
-0.100,-0.0999,0.278
-0.100,-0.0999,0.278
-0.100,-0.1006,-0.269
-0.100,-0.1032,-0.307
-0.100,-0.1014,-0.280
-0.100,-0.1028,-0.302
-0.100,-0.1006,-0.269
-0.100,-0.0985,0.300
-0.100,-0.1050,-0.334
-0.100,-0.0999,0.278
-0.100,-0.0977,0.311
-0.100,-0.0977,0.311
0.100,-0.1006,-3.269
0.100,-0.0671,-2.766
0.100,-0.0059,-1.847
0.100,0.0539,-0.950
0.100,0.0955,-0.327
0.100,0.1100,0.428
0.100,0.1100,0.428
0.100,0.1079,0.395
0.100,0.0969,-0.305
0.100,0.1049,0.351
0.100,0.1006,0.286
0.100,0.0991,-0.272
0.100,0.0998,-0.261
0.100,0.1013,0.296
0.100,0.1013,0.296
0.100,0.0987,-0.278
0.100,0.1020,0.307
0.100,0.0969,-0.305
0.100,0.1071,0.384
0.100,0.0940,-0.349
0.100,0.0998,-0.261
0.100,0.0984,-0.283
0.100,0.0995,-0.267
0.100,0.1042,0.340
0.100,0.1028,0.318
0.100,0.1013,0.296
0.100,0.0962,-0.316
0.100,0.0998,-0.261
0.100,0.0984,-0.283
0.100,0.1006,0.286
0.100,0.0984,-0.283
0.100,0.0977,-0.294
0.100,0.0998,-0.261
0.100,0.1028,0.318
0.100,0.0962,-0.316
0.100,0.0984,-0.283
0.100,0.0998,-0.261
0.100,0.0991,-0.272
0.100,0.0834,-0.507
0.100,0.0962,-0.316
0.100,0.1013,0.296
0.100,0.0998,-0.261
0.100,0.0987,-0.278
0.100,0.1006,0.286
0.100,0.1020,0.307
0.100,0.0991,-0.272
0.100,0.0995,-0.267
0.100,0.1006,0.286
0.100,0.0991,-0.272
0.100,0.0998,-0.261
-0.100,0.1006,3.286
-0.100,0.0685,2.804
-0.100,0.0014,1.798
-0.100,-0.0576,0.912
-0.100,-0.1021,-0.291
-0.100,-0.1094,-0.400
-0.100,-0.1163,-0.504
-0.100,-0.1079,-0.378
-0.100,-0.0999,0.278
-0.100,-0.0988,0.295
-0.100,-0.0977,0.311
-0.100,-0.0970,0.322
-0.100,-0.0868,0.475
-0.100,-0.0992,0.289
-0.100,-0.1021,-0.291
-0.100,-0.1006,-0.269
-0.100,-0.1160,-0.498
-0.100,-0.0985,0.300
-0.100,-0.1025,-0.296
-0.100,-0.1006,-0.269
-0.100,-0.1014,-0.280
-0.100,-0.1014,-0.280
-0.100,-0.1050,-0.334
-0.100,-0.1006,-0.269
-0.100,-0.1021,-0.291
-0.100,-0.0839,0.519
-0.100,-0.0985,0.300
-0.100,-0.0999,0.278
-0.100,-0.1043,-0.323
-0.100,-0.1094,-0.400
-0.100,-0.1079,-0.378
-0.100,-0.0992,0.289
-0.100,-0.0985,0.300
-0.100,-0.1021,-0.291
-0.100,-0.1025,-0.296
-0.100,-0.1025,-0.296
-0.100,-0.1014,-0.280
-0.100,-0.1014,-0.280
-0.100,-0.0955,0.344
-0.100,-0.0985,0.300
-0.100,-0.1061,-0.351
-0.100,-0.0985,0.300
-0.100,-0.0999,0.278
-0.100,-0.0992,0.289
-0.100,-0.1021,-0.291
-0.100,-0.1025,-0.296
-0.100,-0.0992,0.289
-0.100,-0.1006,-0.269
-0.100,-0.1006,-0.269
-0.100,-0.0977,0.311
0.100,-0.0992,-3.247
0.100,-0.0715,-2.831
0.100,-0.0066,-1.858
0.100,0.0539,-0.950
0.100,0.0969,-0.305
0.100,0.1115,0.450
0.100,0.1108,0.439
0.100,0.1093,0.417
0.100,0.1013,0.296
0.100,0.0984,-0.283
0.100,0.1115,0.450
0.100,0.0962,-0.316
0.100,0.0969,-0.305
0.100,0.1009,0.291
0.100,0.1079,0.395
0.100,0.1006,0.286
0.100,0.1006,0.286
0.100,0.0991,-0.272
0.100,0.1031,0.324
0.100,0.1017,0.302
0.100,0.1017,0.302
0.100,0.0823,-0.524
0.100,0.0998,-0.261
0.100,0.1028,0.318
0.100,0.0805,-0.551
0.100,0.0991,-0.272
0.100,0.0998,-0.261
0.100,0.1057,0.362
0.100,0.1024,0.313
0.100,0.1042,0.340
0.100,0.0991,-0.272
0.100,0.1013,0.296
0.100,0.1006,0.286
0.100,0.1104,0.433
0.100,0.1020,0.307
0.100,0.0962,-0.316
0.100,0.0947,-0.338
0.100,0.0966,-0.311
0.100,0.1002,0.280
0.100,0.0977,-0.294
0.100,0.0911,-0.393
0.100,0.0998,-0.261
0.100,0.0998,-0.261
0.100,0.0991,-0.272
0.100,0.0940,-0.349
0.100,0.0991,-0.272
0.100,0.0998,-0.261
0.100,0.1006,0.286
0.100,0.0991,-0.272
0.100,0.1046,0.346
-0.100,0.1028,3.318
-0.100,0.0718,2.854
-0.100,-0.0000,1.776
-0.100,-0.0569,0.923
-0.100,-0.0992,0.289
-0.100,-0.1171,-0.515
-0.100,-0.1218,-0.586
-0.100,-0.1079,-0.378
-0.100,-0.1014,-0.280
-0.100,-0.0985,0.300
-0.100,-0.1043,-0.323
-0.100,-0.1010,-0.274
-0.100,-0.0996,0.284
-0.100,-0.1006,-0.269
-0.100,-0.1006,-0.269
-0.100,-0.1036,-0.312
-0.100,-0.1021,-0.291
-0.100,-0.1014,-0.280
-0.100,-0.0985,0.300
-0.100,-0.0985,0.300
-0.100,-0.1036,-0.312
-0.100,-0.0966,0.327
-0.100,-0.0999,0.278
-0.100,-0.0966,0.327
-0.100,-0.1006,-0.269
-0.100,-0.0999,0.278
-0.100,-0.0981,0.306
-0.100,-0.0963,0.333
-0.100,-0.1025,-0.296
-0.100,-0.0992,0.289
-0.100,-0.1021,-0.291
-0.100,-0.0966,0.327
-0.100,-0.1021,-0.291
-0.100,-0.1021,-0.291
-0.100,-0.1043,-0.323
-0.100,-0.0974,0.317
-0.100,-0.0941,0.366
-0.100,-0.0941,0.366
-0.100,-0.1054,-0.340
-0.100,-0.1006,-0.269
# batch capture 1/5
# capture 11 kp=-15.00 dir=+ dt_us=1000 samples=600 sat=0
0,0,0.100,-3.236,11104,-0.0985
1,1000,0.100,-3.137,11086,-0.0919
2,2000,0.100,-3.203,11098,-0.0963
3,3000,0.100,-3.307,11117,-0.1032
4,4000,0.100,-3.137,11086,-0.0919
5,5000,0.100,-3.192,11096,-0.0955
6,6000,0.100,-3.192,11096,-0.0955
7,7000,0.100,-3.203,11098,-0.0963
8,8000,0.100,-3.148,11088,-0.0926
9,9000,0.100,-3.077,11075,-0.0879
10,10000,0.100,-3.127,11084,-0.0912
11,11000,0.100,-3.072,11074,-0.0875
12,12000,0.100,-3.094,11078,-0.0890
13,13000,0.100,-3.017,11064,-0.0839
14,14000,0.100,-3.017,11064,-0.0839
15,15000,0.100,-2.990,11059,-0.0821
16,16000,0.100,-2.963,11054,-0.0802
17,17000,0.100,-2.897,11042,-0.0759
18,18000,0.100,-2.870,11037,-0.0740
19,19000,0.100,-2.842,11032,-0.0722
20,20000,0.100,-2.755,11016,-0.0664
21,21000,0.100,-2.711,11008,-0.0635
22,22000,0.100,-2.711,11008,-0.0635
23,23000,0.100,-2.667,11000,-0.0606
24,24000,0.100,-2.596,10987,-0.0558
25,25000,0.100,-2.580,10984,-0.0547
26,26000,0.100,-2.514,10972,-0.0503
27,27000,0.100,-2.432,10957,-0.0449
28,28000,0.100,-2.449,10960,-0.0460
29,29000,0.100,-2.372,10946,-0.0409
30,30000,0.100,-2.317,10936,-0.0372
31,31000,0.100,-2.438,10958,-0.0452
32,32000,0.100,-2.235,10921,-0.0318
33,33000,0.100,-2.186,10912,-0.0285
34,34000,0.100,-2.099,10896,-0.0226
35,35000,0.100,-2.066,10890,-0.0205
36,36000,0.100,-2.317,10936,-0.0372
37,37000,0.100,-1.978,10874,-0.0146
38,38000,0.100,-1.924,10864,-0.0110
39,39000,0.100,-1.869,10854,-0.0073
40,40000,0.100,-1.853,10851,-0.0062
41,41000,0.100,-1.809,10843,-0.0033
42,42000,0.100,-1.650,10814,0.0073
43,43000,0.100,-1.738,10830,0.0014
44,44000,0.100,-1.639,10812,0.0080
45,45000,0.100,-1.628,10810,0.0087
46,46000,0.100,-1.552,10796,0.0138
47,47000,0.100,-1.486,10784,0.0182
48,48000,0.100,-1.355,10760,0.0269
49,49000,0.100,-1.388,10766,0.0247
50,50000,0.100,-1.388,10766,0.0247
51,51000,0.100,-1.355,10760,0.0269
52,52000,0.100,-1.530,10792,0.0153
53,53000,0.100,-1.180,10728,0.0386
54,54000,0.100,-1.169,10726,0.0393
55,55000,0.100,-1.169,10726,0.0393
56,56000,0.100,-1.114,10716,0.0430
57,57000,0.100,-1.093,10712,0.0444
58,58000,0.100,-1.114,10716,0.0430
59,59000,0.100,-0.978,10691,0.0521
60,60000,0.100,-0.961,10688,0.0532
61,61000,0.100,-0.950,10686,0.0539
62,62000,0.100,-0.874,10672,0.0590
63,63000,0.100,-0.836,10665,0.0616
64,64000,0.100,-0.803,10659,0.0638
65,65000,0.100,-0.743,10648,0.0678
66,66000,0.100,-0.710,10642,0.0699
67,67000,0.100,-0.710,10642,0.0699
68,68000,0.100,-0.710,10642,0.0699
69,69000,0.100,-0.639,10629,0.0747
70,70000,0.100,-0.579,10618,0.0787
71,71000,0.100,-0.573,10617,0.0791
72,72000,0.100,-0.535,10610,0.0816
73,73000,0.100,-0.497,10603,0.0842
74,74000,0.100,-0.442,10593,0.0878
75,75000,0.100,-0.480,10600,0.0853
76,76000,0.100,-0.404,10586,0.0904
77,77000,0.100,-0.404,10586,0.0904
78,78000,0.100,-0.360,10578,0.0933
79,79000,0.100,-0.338,10574,0.0947
80,80000,0.100,-0.305,10568,0.0969
81,81000,0.100,-0.338,10574,0.0947
82,82000,0.100,-0.283,10564,0.0984
83,83000,0.100,0.307,10554,0.1020
84,84000,0.100,0.313,10553,0.1024
85,85000,0.100,0.346,10547,0.1046
86,86000,0.100,0.302,10555,0.1017
87,87000,0.100,0.318,10552,0.1028
88,88000,0.100,0.329,10550,0.1035
89,89000,0.100,0.373,10542,0.1064
90,90000,0.100,0.373,10542,0.1064
91,91000,0.100,0.378,10541,0.1068
92,92000,0.100,0.433,10531,0.1104
93,93000,0.100,0.417,10534,0.1093
94,94000,0.100,0.444,10529,0.1111
95,95000,0.100,0.422,10533,0.1097
96,96000,0.100,0.428,10532,0.1100
97,97000,0.100,0.428,10532,0.1100
98,98000,0.100,0.450,10528,0.1115
99,99000,0.100,0.493,10520,0.1144
100,100000,0.100,0.439,10530,0.1108
101,101000,0.100,0.477,10523,0.1133
102,102000,0.100,0.417,10534,0.1093
103,103000,0.100,0.439,10530,0.1108
104,104000,0.100,0.450,10528,0.1115
105,105000,0.100,0.493,10520,0.1144
106,106000,0.100,0.450,10528,0.1115
107,107000,0.100,0.450,10528,0.1115
108,108000,0.100,0.482,10522,0.1137
109,109000,0.100,0.450,10528,0.1115
110,110000,0.100,0.493,10520,0.1144
111,111000,0.100,0.444,10529,0.1111
112,112000,0.100,0.291,10557,0.1009
113,113000,0.100,0.417,10534,0.1093
114,114000,0.100,0.482,10522,0.1137
115,115000,0.100,0.493,10520,0.1144
116,116000,0.100,0.690,10484,0.1275
117,117000,0.100,0.450,10528,0.1115
118,118000,0.100,0.466,10525,0.1126
119,119000,0.100,0.493,10520,0.1144
120,120000,0.100,0.477,10523,0.1133
121,121000,0.100,0.439,10530,0.1108
122,122000,0.100,0.428,10532,0.1100
123,123000,0.100,0.417,10534,0.1093
124,124000,0.100,0.428,10532,0.1100
125,125000,0.100,0.466,10525,0.1126
126,126000,0.100,0.450,10528,0.1115
127,127000,0.100,0.471,10524,0.1130
128,128000,0.100,0.406,10536,0.1086
129,129000,0.100,0.439,10530,0.1108
130,130000,0.100,-0.267,10561,0.0995
131,131000,0.100,0.406,10536,0.1086
132,132000,0.100,0.395,10538,0.1079
133,133000,0.100,0.400,10537,0.1082
134,134000,0.100,0.417,10534,0.1093
135,135000,0.100,0.417,10534,0.1093
136,136000,0.100,0.362,10544,0.1057
137,137000,0.100,0.362,10544,0.1057
138,138000,0.100,0.389,10539,0.1075
139,139000,0.100,0.346,10547,0.1046
140,140000,0.100,0.362,10544,0.1057
141,141000,0.100,0.395,10538,0.1079
142,142000,0.100,-0.272,10562,0.0991
143,143000,0.100,0.450,10528,0.1115
144,144000,0.100,0.357,10545,0.1053
145,145000,0.100,0.318,10552,0.1028
146,146000,0.100,0.460,10526,0.1122
147,147000,0.100,0.318,10552,0.1028
148,148000,0.100,0.329,10550,0.1035
149,149000,0.100,0.329,10550,0.1035
150,150000,0.100,0.318,10552,0.1028
151,151000,0.100,-0.272,10562,0.0991
152,152000,0.100,0.296,10556,0.1013
153,153000,0.100,0.296,10556,0.1013
154,154000,0.100,0.296,10556,0.1013
155,155000,0.100,-0.305,10568,0.0969
156,156000,0.100,-0.261,10560,0.0998
157,157000,0.100,0.329,10550,0.1035
158,158000,0.100,-0.261,10560,0.0998
159,159000,0.100,-0.283,10564,0.0984
160,160000,0.100,-0.272,10562,0.0991
161,161000,0.100,-0.272,10562,0.0991
162,162000,0.100,0.286,10558,0.1006
163,163000,0.100,-0.283,10564,0.0984
164,164000,0.100,0.286,10558,0.1006
165,165000,0.100,-0.278,10563,0.0987
166,166000,0.100,-0.278,10563,0.0987
167,167000,0.100,-0.261,10560,0.0998
168,168000,0.100,-0.272,10562,0.0991
169,169000,0.100,0.373,10542,0.1064
170,170000,0.100,-0.311,10569,0.0966
171,171000,0.100,-0.261,10560,0.0998
172,172000,0.100,0.395,10538,0.1079
173,173000,0.100,-0.305,10568,0.0969
174,174000,0.100,0.280,10559,0.1002
175,175000,0.100,0.329,10550,0.1035
176,176000,0.100,0.346,10547,0.1046
177,177000,0.100,0.286,10558,0.1006
178,178000,0.100,0.307,10554,0.1020
179,179000,0.100,-0.272,10562,0.0991
180,180000,0.100,-0.272,10562,0.0991
181,181000,0.100,-0.294,10566,0.0977
182,182000,0.100,-0.261,10560,0.0998
183,183000,0.100,-0.261,10560,0.0998
184,184000,0.100,-0.278,10563,0.0987
185,185000,0.100,-0.294,10566,0.0977
186,186000,0.100,-0.267,10561,0.0995
187,187000,0.100,0.417,10534,0.1093
188,188000,0.100,0.286,10558,0.1006
189,189000,0.100,-0.365,10579,0.0929
190,190000,0.100,-0.322,10571,0.0958
191,191000,0.100,-0.272,10562,0.0991
192,192000,0.100,-0.283,10564,0.0984
193,193000,0.100,-0.283,10564,0.0984
194,194000,0.100,-0.272,10562,0.0991
195,195000,0.100,0.286,10558,0.1006
196,196000,0.100,0.286,10558,0.1006
197,197000,0.100,-0.272,10562,0.0991
198,198000,0.100,0.318,10552,0.1028
199,199000,0.100,-0.272,10562,0.0991
200,200000,0.100,0.286,10558,0.1006
201,201000,0.100,-0.289,10565,0.0980
202,202000,0.100,-0.272,10562,0.0991
203,203000,0.100,-0.278,10563,0.0987
204,204000,0.100,-0.261,10560,0.0998
205,205000,0.100,-0.272,10562,0.0991
206,206000,0.100,-0.261,10560,0.0998
207,207000,0.100,-0.278,10563,0.0987
208,208000,0.100,-0.278,10563,0.0987
209,209000,0.100,-0.305,10568,0.0969
210,210000,0.100,-0.305,10568,0.0969
211,211000,0.100,-0.311,10569,0.0966
212,212000,0.100,-0.272,10562,0.0991
213,213000,0.100,0.439,10530,0.1108
214,214000,0.100,-0.261,10560,0.0998
215,215000,0.100,-0.272,10562,0.0991
216,216000,0.100,-0.261,10560,0.0998
217,217000,0.100,-0.371,10580,0.0925
218,218000,0.100,-0.261,10560,0.0998
219,219000,0.100,-0.272,10562,0.0991
220,220000,0.100,-0.283,10564,0.0984
221,221000,0.100,-0.278,10563,0.0987
222,222000,0.100,-0.272,10562,0.0991
223,223000,0.100,-0.272,10562,0.0991
224,224000,0.100,-0.272,10562,0.0991
225,225000,0.100,-0.278,10563,0.0987
226,226000,0.100,0.307,10554,0.1020
227,227000,0.100,-0.272,10562,0.0991
228,228000,0.100,-0.261,10560,0.0998
229,229000,0.100,-0.272,10562,0.0991
230,230000,0.100,0.286,10558,0.1006
231,231000,0.100,-0.261,10560,0.0998
232,232000,0.100,-0.261,10560,0.0998
233,233000,0.100,-0.278,10563,0.0987
234,234000,0.100,-0.272,10562,0.0991
235,235000,0.100,-0.338,10574,0.0947
236,236000,0.100,0.286,10558,0.1006
237,237000,0.100,-0.305,10568,0.0969
238,238000,0.100,0.318,10552,0.1028
239,239000,0.100,-0.261,10560,0.0998
240,240000,0.100,-0.261,10560,0.0998
241,241000,0.100,-0.425,10590,0.0889
242,242000,0.100,0.302,10555,0.1017
243,243000,0.100,0.362,10544,0.1057
244,244000,0.100,-0.322,10571,0.0958
245,245000,0.100,0.340,10548,0.1042
246,246000,0.100,0.417,10534,0.1093
247,247000,0.100,-0.338,10574,0.0947
248,248000,0.100,0.296,10556,0.1013
249,249000,0.100,0.291,10557,0.1009
250,250000,0.100,-0.316,10570,0.0962
251,251000,0.100,-0.289,10565,0.0980
252,252000,0.100,-0.261,10560,0.0998
253,253000,0.100,0.346,10547,0.1046
254,254000,0.100,0.351,10546,0.1049
255,255000,0.100,0.302,10555,0.1017
256,256000,0.100,-0.272,10562,0.0991
257,257000,0.100,0.302,10555,0.1017
258,258000,0.100,0.286,10558,0.1006
259,259000,0.100,0.313,10553,0.1024
260,260000,0.100,-0.261,10560,0.0998
261,261000,0.100,-0.261,10560,0.0998
262,262000,0.100,-0.261,10560,0.0998
263,263000,0.100,0.324,10551,0.1031
264,264000,0.100,0.307,10554,0.1020
265,265000,0.100,0.318,10552,0.1028
266,266000,0.100,-0.327,10572,0.0955
267,267000,0.100,0.329,10550,0.1035
268,268000,0.100,-0.305,10568,0.0969
269,269000,0.100,0.296,10556,0.1013
270,270000,0.100,-0.272,10562,0.0991
271,271000,0.100,-0.272,10562,0.0991
272,272000,0.100,-0.289,10565,0.0980
273,273000,0.100,0.302,10555,0.1017
274,274000,0.100,0.286,10558,0.1006
275,275000,0.100,0.307,10554,0.1020
276,276000,0.100,0.329,10550,0.1035
277,277000,0.100,0.313,10553,0.1024
278,278000,0.100,-0.349,10576,0.0940
279,279000,0.100,-0.261,10560,0.0998
280,280000,0.100,-0.283,10564,0.0984
281,281000,0.100,-0.294,10566,0.0977
282,282000,0.100,-0.272,10562,0.0991
283,283000,0.100,0.346,10547,0.1046
284,284000,0.100,-0.261,10560,0.0998
285,285000,0.100,-0.322,10571,0.0958
286,286000,0.100,-0.272,10562,0.0991
287,287000,0.100,0.286,10558,0.1006
288,288000,0.100,-0.272,10562,0.0991
289,289000,0.100,0.296,10556,0.1013
290,290000,0.100,0.307,10554,0.1020
291,291000,0.100,0.286,10558,0.1006
292,292000,0.100,-0.261,10560,0.0998
293,293000,0.100,-0.261,10560,0.0998
294,294000,0.100,0.296,10556,0.1013
295,295000,0.100,0.286,10558,0.1006
296,296000,0.100,-0.261,10560,0.0998
297,297000,0.100,-0.261,10560,0.0998
298,298000,0.100,0.318,10552,0.1028
299,299000,0.100,-0.283,10564,0.0984
300,300000,0.100,-0.261,10560,0.0998
301,301000,0.100,0.526,10514,0.1166
302,302000,0.100,0.340,10548,0.1042
303,303000,0.100,-0.261,10560,0.0998
304,304000,0.100,0.286,10558,0.1006
305,305000,0.100,0.346,10547,0.1046
306,306000,0.100,0.395,10538,0.1079
307,307000,0.100,0.296,10556,0.1013
308,308000,0.100,0.307,10554,0.1020
309,309000,0.100,-0.261,10560,0.0998
310,310000,0.100,0.286,10558,0.1006
311,311000,0.100,-0.278,10563,0.0987
312,312000,0.100,-0.261,10560,0.0998
313,313000,0.100,0.373,10542,0.1064
314,314000,0.100,-0.283,10564,0.0984
315,315000,0.100,-0.261,10560,0.0998
316,316000,0.100,0.307,10554,0.1020
317,317000,0.100,-0.283,10564,0.0984
318,318000,0.100,0.286,10558,0.1006
319,319000,0.100,0.346,10547,0.1046
320,320000,0.100,0.286,10558,0.1006
321,321000,0.100,0.291,10557,0.1009
322,322000,0.100,0.302,10555,0.1017
323,323000,0.100,-0.261,10560,0.0998
324,324000,0.100,-0.338,10574,0.0947
325,325000,0.100,0.296,10556,0.1013
326,326000,0.100,0.318,10552,0.1028
327,327000,0.100,0.286,10558,0.1006
328,328000,0.100,0.286,10558,0.1006
329,329000,0.100,0.286,10558,0.1006
330,330000,0.100,0.286,10558,0.1006
331,331000,0.100,0.302,10555,0.1017
332,332000,0.100,0.307,10554,0.1020
333,333000,0.100,0.433,10531,0.1104
334,334000,0.100,0.318,10552,0.1028
335,335000,0.100,0.286,10558,0.1006
336,336000,0.100,-0.283,10564,0.0984
337,337000,0.100,0.286,10558,0.1006
338,338000,0.100,0.291,10557,0.1009
339,339000,0.100,0.302,10555,0.1017
340,340000,0.100,-0.261,10560,0.0998
341,341000,0.100,-0.261,10560,0.0998
342,342000,0.100,-0.261,10560,0.0998
343,343000,0.100,0.318,10552,0.1028
344,344000,0.100,0.307,10554,0.1020
345,345000,0.100,0.296,10556,0.1013
346,346000,0.100,-0.261,10560,0.0998
347,347000,0.100,0.286,10558,0.1006
348,348000,0.100,0.318,10552,0.1028
349,349000,0.100,0.395,10538,0.1079
350,350000,0.100,0.291,10557,0.1009
351,351000,0.100,0.329,10550,0.1035
352,352000,0.100,-0.261,10560,0.0998
353,353000,0.100,0.286,10558,0.1006
354,354000,0.100,-0.261,10560,0.0998
355,355000,0.100,0.296,10556,0.1013
356,356000,0.100,0.324,10551,0.1031
357,357000,0.100,-0.261,10560,0.0998
358,358000,0.100,-0.261,10560,0.0998
359,359000,0.100,0.307,10554,0.1020
360,360000,0.100,0.329,10550,0.1035
361,361000,0.100,-0.272,10562,0.0991
362,362000,0.100,0.307,10554,0.1020
363,363000,0.100,-0.261,10560,0.0998
364,364000,0.100,-0.261,10560,0.0998
365,365000,0.100,0.471,10524,0.1130
366,366000,0.100,0.318,10552,0.1028
367,367000,0.100,-0.261,10560,0.0998
368,368000,0.100,-0.360,10578,0.0933
369,369000,0.100,0.313,10553,0.1024
370,370000,0.100,-0.261,10560,0.0998
371,371000,0.100,0.318,10552,0.1028
372,372000,0.100,0.296,10556,0.1013
373,373000,0.100,-0.261,10560,0.0998
374,374000,0.100,0.291,10557,0.1009
375,375000,0.100,0.286,10558,0.1006
376,376000,0.100,0.433,10531,0.1104
377,377000,0.100,0.286,10558,0.1006
378,378000,0.100,0.395,10538,0.1079
379,379000,0.100,-0.272,10562,0.0991
380,380000,0.100,-0.305,10568,0.0969
381,381000,0.100,-0.294,10566,0.0977
382,382000,0.100,-0.261,10560,0.0998
383,383000,0.100,0.302,10555,0.1017
384,384000,0.100,0.307,10554,0.1020
385,385000,0.100,0.286,10558,0.1006
386,386000,0.100,0.286,10558,0.1006
387,387000,0.100,0.296,10556,0.1013
388,388000,0.100,-0.283,10564,0.0984
389,389000,0.100,-0.272,10562,0.0991
390,390000,0.100,-0.283,10564,0.0984
391,391000,0.100,0.406,10536,0.1086
392,392000,0.100,0.307,10554,0.1020
393,393000,0.100,0.296,10556,0.1013
394,394000,0.100,0.351,10546,0.1049
395,395000,0.100,-0.283,10564,0.0984
396,396000,0.100,0.340,10548,0.1042
397,397000,0.100,-0.278,10563,0.0987
398,398000,0.100,0.286,10558,0.1006
399,399000,0.100,-0.316,10570,0.0962
400,400000,0.100,0.286,10558,0.1006
401,401000,0.100,0.318,10552,0.1028
402,402000,0.100,-0.316,10570,0.0962
403,403000,0.100,-0.261,10560,0.0998
404,404000,0.100,0.329,10550,0.1035
405,405000,0.100,0.291,10557,0.1009
406,406000,0.100,-0.261,10560,0.0998
407,407000,0.100,-0.261,10560,0.0998
408,408000,0.100,0.286,10558,0.1006
409,409000,0.100,0.318,10552,0.1028
410,410000,0.100,-0.393,10584,0.0911
411,411000,0.100,0.362,10544,0.1057
412,412000,0.100,-0.261,10560,0.0998
413,413000,0.100,0.357,10545,0.1053
414,414000,0.100,0.286,10558,0.1006
415,415000,0.100,0.302,10555,0.1017
416,416000,0.100,0.307,10554,0.1020
417,417000,0.100,0.296,10556,0.1013
418,418000,0.100,0.307,10554,0.1020
419,419000,0.100,-0.261,10560,0.0998
420,420000,0.100,-0.272,10562,0.0991
421,421000,0.100,0.296,10556,0.1013
422,422000,0.100,0.296,10556,0.1013
423,423000,0.100,0.286,10558,0.1006
424,424000,0.100,0.307,10554,0.1020
425,425000,0.100,-0.261,10560,0.0998
426,426000,0.100,0.329,10550,0.1035
427,427000,0.100,0.296,10556,0.1013
428,428000,0.100,0.286,10558,0.1006
429,429000,0.100,0.460,10526,0.1122
430,430000,0.100,-0.294,10566,0.0977
431,431000,0.100,0.296,10556,0.1013
432,432000,0.100,0.286,10558,0.1006
433,433000,0.100,-0.261,10560,0.0998
434,434000,0.100,0.335,10549,0.1038
435,435000,0.100,-0.272,10562,0.0991
436,436000,0.100,0.286,10558,0.1006
437,437000,0.100,-0.261,10560,0.0998
438,438000,0.100,0.296,10556,0.1013
439,439000,0.100,0.286,10558,0.1006
440,440000,0.100,0.286,10558,0.1006
441,441000,0.100,0.286,10558,0.1006
442,442000,0.100,0.318,10552,0.1028
443,443000,0.100,-0.261,10560,0.0998
444,444000,0.100,-0.261,10560,0.0998
445,445000,0.100,0.373,10542,0.1064
446,446000,0.100,0.357,10545,0.1053
447,447000,0.100,0.291,10557,0.1009
448,448000,0.100,0.351,10546,0.1049
449,449000,0.100,-0.261,10560,0.0998
450,450000,0.100,-0.305,10568,0.0969
451,451000,0.100,-0.261,10560,0.0998
452,452000,0.100,-0.305,10568,0.0969
453,453000,0.100,0.280,10559,0.1002
454,454000,0.100,0.302,10555,0.1017
455,455000,0.100,-0.278,10563,0.0987
456,456000,0.100,-0.272,10562,0.0991
457,457000,0.100,0.286,10558,0.1006
458,458000,0.100,0.488,10521,0.1141
459,459000,0.100,0.307,10554,0.1020
460,460000,0.100,-0.338,10574,0.0947
461,461000,0.100,0.286,10558,0.1006
462,462000,0.100,0.302,10555,0.1017
463,463000,0.100,-0.261,10560,0.0998
464,464000,0.100,0.286,10558,0.1006
465,465000,0.100,0.286,10558,0.1006
466,466000,0.100,0.286,10558,0.1006
467,467000,0.100,-0.294,10566,0.0977
468,468000,0.100,-0.261,10560,0.0998
469,469000,0.100,-0.261,10560,0.0998
470,470000,0.100,-0.261,10560,0.0998
471,471000,0.100,-0.261,10560,0.0998
472,472000,0.100,-0.404,10586,0.0904
473,473000,0.100,-0.278,10563,0.0987
474,474000,0.100,0.286,10558,0.1006
475,475000,0.100,0.291,10557,0.1009
476,476000,0.100,0.291,10557,0.1009
477,477000,0.100,0.346,10547,0.1046
478,478000,0.100,-0.261,10560,0.0998
479,479000,0.100,-0.261,10560,0.0998
480,480000,0.100,-0.261,10560,0.0998
481,481000,0.100,-0.261,10560,0.0998
482,482000,0.100,0.504,10518,0.1151
483,483000,0.100,0.307,10554,0.1020
484,484000,0.100,-0.294,10566,0.0977
485,485000,0.100,-0.261,10560,0.0998
486,486000,0.100,-0.289,10565,0.0980
487,487000,0.100,-0.261,10560,0.0998
488,488000,0.100,-0.261,10560,0.0998
489,489000,0.100,0.296,10556,0.1013
490,490000,0.100,-0.316,10570,0.0962
491,491000,0.100,0.307,10554,0.1020
492,492000,0.100,0.286,10558,0.1006
493,493000,0.100,0.296,10556,0.1013
494,494000,0.100,-0.261,10560,0.0998
495,495000,0.100,0.291,10557,0.1009
496,496000,0.100,-0.261,10560,0.0998
497,497000,0.100,0.302,10555,0.1017
498,498000,0.100,-0.261,10560,0.0998
499,499000,0.100,-0.436,10592,0.0882
500,500000,0.100,0.286,10558,0.1006
501,501000,0.100,-0.272,10562,0.0991
502,502000,0.100,0.286,10558,0.1006
503,503000,0.100,0.286,10558,0.1006
504,504000,0.100,-0.294,10566,0.0977
505,505000,0.100,-0.261,10560,0.0998
506,506000,0.100,-0.261,10560,0.0998
507,507000,0.100,0.296,10556,0.1013
508,508000,0.100,-0.294,10566,0.0977
509,509000,0.100,0.346,10547,0.1046
510,510000,0.100,-0.272,10562,0.0991
511,511000,0.100,-0.278,10563,0.0987
512,512000,0.100,0.324,10551,0.1031
513,513000,0.100,-0.261,10560,0.0998
514,514000,0.100,-0.289,10565,0.0980
515,515000,0.100,-0.322,10571,0.0958
516,516000,0.100,-0.294,10566,0.0977
517,517000,0.100,-0.267,10561,0.0995
518,518000,0.100,-0.261,10560,0.0998
519,519000,0.100,-0.272,10562,0.0991
520,520000,0.100,-0.261,10560,0.0998
521,521000,0.100,-0.261,10560,0.0998
522,522000,0.100,-0.327,10572,0.0955
523,523000,0.100,-0.261,10560,0.0998
524,524000,0.100,0.351,10546,0.1049
525,525000,0.100,-0.272,10562,0.0991
526,526000,0.100,-0.283,10564,0.0984
527,527000,0.100,0.286,10558,0.1006
528,528000,0.100,0.329,10550,0.1035
529,529000,0.100,-0.283,10564,0.0984
530,530000,0.100,0.313,10553,0.1024
531,531000,0.100,-0.316,10570,0.0962
532,532000,0.100,-0.278,10563,0.0987
533,533000,0.100,0.340,10548,0.1042
534,534000,0.100,-0.409,10587,0.0900
535,535000,0.100,0.318,10552,0.1028
536,536000,0.100,-0.294,10566,0.0977
537,537000,0.100,-0.261,10560,0.0998
538,538000,0.100,0.296,10556,0.1013
539,539000,0.100,-0.278,10563,0.0987
540,540000,0.100,-0.261,10560,0.0998
541,541000,0.100,0.400,10537,0.1082
542,542000,0.100,-0.305,10568,0.0969
543,543000,0.100,0.318,10552,0.1028
544,544000,0.100,0.286,10558,0.1006
545,545000,0.100,0.286,10558,0.1006
546,546000,0.100,-0.261,10560,0.0998
547,547000,0.100,0.286,10558,0.1006
548,548000,0.100,0.302,10555,0.1017
549,549000,0.100,-0.261,10560,0.0998
550,550000,0.100,0.296,10556,0.1013
551,551000,0.100,0.296,10556,0.1013
552,552000,0.100,-0.261,10560,0.0998
553,553000,0.100,0.307,10554,0.1020
554,554000,0.100,0.307,10554,0.1020
555,555000,0.100,0.307,10554,0.1020
556,556000,0.100,-0.404,10586,0.0904
557,557000,0.100,0.291,10557,0.1009
558,558000,0.100,0.296,10556,0.1013
559,559000,0.100,0.296,10556,0.1013
560,560000,0.100,0.296,10556,0.1013
561,561000,0.100,-0.272,10562,0.0991
562,562000,0.100,0.296,10556,0.1013
563,563000,0.100,-0.360,10578,0.0933
564,564000,0.100,0.296,10556,0.1013
565,565000,0.100,0.296,10556,0.1013
566,566000,0.100,0.307,10554,0.1020
567,567000,0.100,-0.283,10564,0.0984
568,568000,0.100,-0.261,10560,0.0998
569,569000,0.100,-0.267,10561,0.0995
570,570000,0.100,0.286,10558,0.1006
571,571000,0.100,-0.272,10562,0.0991
572,572000,0.100,-0.261,10560,0.0998
573,573000,0.100,-0.513,10606,0.0831
574,574000,0.100,-0.261,10560,0.0998
575,575000,0.100,0.351,10546,0.1049
576,576000,0.100,0.286,10558,0.1006
577,577000,0.100,0.286,10558,0.1006
578,578000,0.100,0.318,10552,0.1028
579,579000,0.100,0.286,10558,0.1006
580,580000,0.100,-0.261,10560,0.0998
581,581000,0.100,0.346,10547,0.1046
582,582000,0.100,0.329,10550,0.1035
583,583000,0.100,0.296,10556,0.1013
584,584000,0.100,0.302,10555,0.1017
585,585000,0.100,-0.305,10568,0.0969
586,586000,0.100,-0.267,10561,0.0995
587,587000,0.100,0.286,10558,0.1006
588,588000,0.100,0.286,10558,0.1006
589,589000,0.100,-0.272,10562,0.0991
590,590000,0.100,0.340,10548,0.1042
591,591000,0.100,-0.267,10561,0.0995
592,592000,0.100,0.302,10555,0.1017
593,593000,0.100,0.286,10558,0.1006
594,594000,0.100,-0.261,10560,0.0998
595,595000,0.100,-0.267,10561,0.0995
596,596000,0.100,0.307,10554,0.1020
597,597000,0.100,-0.261,10560,0.0998
598,598000,0.100,0.307,10554,0.1020
599,599000,0.100,0.286,10558,0.1006
# end capture 11
# capture 12 kp=-15.00 dir=- dt_us=1000 samples=600 sat=0
0,0,-0.100,3.307,10554,0.1020
1,1000,-0.100,3.450,10528,0.1115
2,2000,-0.100,3.548,10510,0.1181
3,3000,-0.100,3.313,10553,0.1024
4,4000,-0.100,3.417,10534,0.1093
5,5000,-0.100,3.504,10518,0.1151
6,6000,-0.100,3.357,10545,0.1053
7,7000,-0.100,3.515,10516,0.1159
8,8000,-0.100,3.242,10566,0.0977
9,9000,-0.100,3.247,10565,0.0980
10,10000,-0.100,3.307,10554,0.1020
11,11000,-0.100,3.302,10555,0.1017
12,12000,-0.100,3.231,10568,0.0969
13,13000,-0.100,3.176,10578,0.0933
14,14000,-0.100,3.100,10592,0.0882
15,15000,-0.100,3.045,10602,0.0845
16,16000,-0.100,2.979,10614,0.0802
17,17000,-0.100,2.925,10624,0.0765
18,18000,-0.100,2.886,10631,0.0740
19,19000,-0.100,2.870,10634,0.0729
20,20000,-0.100,2.837,10640,0.0707
21,21000,-0.100,3.023,10606,0.0831
22,22000,-0.100,2.717,10662,0.0627
23,23000,-0.100,2.613,10681,0.0557
24,24000,-0.100,2.520,10698,0.0495
25,25000,-0.100,2.531,10696,0.0503
26,26000,-0.100,2.465,10708,0.0459
27,27000,-0.100,2.520,10698,0.0495
28,28000,-0.100,2.389,10722,0.0408
29,29000,-0.100,2.378,10724,0.0401
30,30000,-0.100,2.312,10736,0.0357
31,31000,-0.100,2.258,10746,0.0320
32,32000,-0.100,2.197,10757,0.0280
33,33000,-0.100,2.115,10772,0.0226
34,34000,-0.100,2.050,10784,0.0182
35,35000,-0.100,2.033,10787,0.0171
36,36000,-0.100,1.995,10794,0.0145
37,37000,-0.100,2.050,10784,0.0182
38,38000,-0.100,1.913,10809,0.0091
39,39000,-0.100,1.820,10826,0.0029
40,40000,-0.100,1.787,10832,0.0007
41,41000,-0.100,1.886,10814,0.0073
42,42000,-0.100,1.656,10856,-0.0081
43,43000,-0.100,1.514,10882,-0.0175
44,44000,-0.100,1.590,10868,-0.0124
45,45000,-0.100,1.558,10874,-0.0146
46,46000,-0.100,1.448,10894,-0.0219
47,47000,-0.100,1.437,10896,-0.0226
48,48000,-0.100,1.399,10903,-0.0252
49,49000,-0.100,1.361,10910,-0.0277
50,50000,-0.100,1.339,10914,-0.0292
51,51000,-0.100,1.230,10934,-0.0365
52,52000,-0.100,1.208,10938,-0.0379
53,53000,-0.100,1.142,10950,-0.0423
54,54000,-0.100,1.109,10956,-0.0445
55,55000,-0.100,1.055,10966,-0.0482
56,56000,-0.100,1.131,10952,-0.0431
57,57000,-0.100,1.011,10974,-0.0511
58,58000,-0.100,0.940,10987,-0.0558
59,59000,-0.100,0.902,10994,-0.0584
60,60000,-0.100,0.869,11000,-0.0606
61,61000,-0.100,0.683,11034,-0.0729
62,62000,-0.100,0.825,11008,-0.0635
63,63000,-0.100,0.738,11024,-0.0693
64,64000,-0.100,0.748,11022,-0.0686
65,65000,-0.100,0.634,11043,-0.0762
66,66000,-0.100,0.705,11030,-0.0715
67,67000,-0.100,0.672,11036,-0.0737
68,68000,-0.100,0.557,11057,-0.0813
69,69000,-0.100,0.552,11058,-0.0817
70,70000,-0.100,0.519,11064,-0.0839
71,71000,-0.100,0.601,11049,-0.0784
72,72000,-0.100,0.464,11074,-0.0875
73,73000,-0.100,0.377,11090,-0.0934
74,74000,-0.100,0.377,11090,-0.0934
75,75000,-0.100,-0.312,11118,-0.1036
76,76000,-0.100,0.420,11082,-0.0904
77,77000,-0.100,0.333,11098,-0.0963
78,78000,-0.100,0.311,11102,-0.0977
79,79000,-0.100,0.311,11102,-0.0977
80,80000,-0.100,-0.269,11110,-0.1006
81,81000,-0.100,0.289,11106,-0.0992
82,82000,-0.100,-0.291,11114,-0.1021
83,83000,-0.100,-0.334,11122,-0.1050
84,84000,-0.100,-0.334,11122,-0.1050
85,85000,-0.100,-0.334,11122,-0.1050
86,86000,-0.100,-0.340,11123,-0.1054
87,87000,-0.100,-0.378,11130,-0.1079
88,88000,-0.100,-0.498,11152,-0.1160
89,89000,-0.100,-0.400,11134,-0.1094
90,90000,-0.100,-0.422,11138,-0.1109
91,91000,-0.100,-0.444,11142,-0.1123
92,92000,-0.100,-0.455,11144,-0.1130
93,93000,-0.100,-0.334,11122,-0.1050
94,94000,-0.100,-0.444,11142,-0.1123
95,95000,-0.100,-0.466,11146,-0.1138
96,96000,-0.100,-0.411,11136,-0.1101
97,97000,-0.100,-0.334,11122,-0.1050
98,98000,-0.100,-0.455,11144,-0.1130
99,99000,-0.100,-0.455,11144,-0.1130
100,100000,-0.100,-0.487,11150,-0.1152
101,101000,-0.100,-0.384,11131,-0.1083
102,102000,-0.100,-0.509,11154,-0.1167
103,103000,-0.100,-0.509,11154,-0.1167
104,104000,-0.100,-0.411,11136,-0.1101
105,105000,-0.100,-0.509,11154,-0.1167
106,106000,-0.100,-0.476,11148,-0.1145
107,107000,-0.100,-0.455,11144,-0.1130
108,108000,-0.100,-0.466,11146,-0.1138
109,109000,-0.100,-0.531,11158,-0.1181
110,110000,-0.100,-0.455,11144,-0.1130
111,111000,-0.100,-0.466,11146,-0.1138
112,112000,-0.100,-0.466,11146,-0.1138
113,113000,-0.100,-0.498,11152,-0.1160
114,114000,-0.100,-0.487,11150,-0.1152
115,115000,-0.100,-0.520,11156,-0.1174
116,116000,-0.100,-0.444,11142,-0.1123
117,117000,-0.100,-0.553,11162,-0.1196
118,118000,-0.100,-0.476,11148,-0.1145
119,119000,-0.100,-0.487,11150,-0.1152
120,120000,-0.100,-0.455,11144,-0.1130
121,121000,-0.100,-0.471,11147,-0.1141
122,122000,-0.100,-0.471,11147,-0.1141
123,123000,-0.100,-0.471,11147,-0.1141
124,124000,-0.100,-0.384,11131,-0.1083
125,125000,-0.100,-0.471,11147,-0.1141
126,126000,-0.100,-0.455,11144,-0.1130
127,127000,-0.100,-0.411,11136,-0.1101
128,128000,-0.100,-0.444,11142,-0.1123
129,129000,-0.100,-0.411,11136,-0.1101
130,130000,-0.100,-0.411,11136,-0.1101
131,131000,-0.100,-0.422,11138,-0.1109
132,132000,-0.100,-0.400,11134,-0.1094
133,133000,-0.100,-0.356,11126,-0.1065
134,134000,-0.100,-0.411,11136,-0.1101
135,135000,-0.100,-0.384,11131,-0.1083
136,136000,-0.100,-0.367,11128,-0.1072
137,137000,-0.100,-0.389,11132,-0.1087
138,138000,-0.100,-0.312,11118,-0.1036
139,139000,-0.100,-0.400,11134,-0.1094
140,140000,-0.100,-0.367,11128,-0.1072
141,141000,-0.100,-0.444,11142,-0.1123
142,142000,-0.100,-0.367,11128,-0.1072
143,143000,-0.100,-0.356,11126,-0.1065
144,144000,-0.100,-0.345,11124,-0.1058
145,145000,-0.100,-0.356,11126,-0.1065
146,146000,-0.100,0.300,11104,-0.0985
147,147000,-0.100,-0.323,11120,-0.1043
148,148000,-0.100,-0.323,11120,-0.1043
149,149000,-0.100,0.563,11056,-0.0810
150,150000,-0.100,0.278,11108,-0.0999
151,151000,-0.100,-0.280,11112,-0.1014
152,152000,-0.100,-0.269,11110,-0.1006
153,153000,-0.100,-0.586,11168,-0.1218
154,154000,-0.100,-0.307,11117,-0.1032
155,155000,-0.100,-0.367,11128,-0.1072
156,156000,-0.100,-0.291,11114,-0.1021
157,157000,-0.100,0.333,11098,-0.0963
158,158000,-0.100,0.278,11108,-0.0999
159,159000,-0.100,-0.280,11112,-0.1014
160,160000,-0.100,-0.280,11112,-0.1014
161,161000,-0.100,0.327,11099,-0.0966
162,162000,-0.100,0.420,11082,-0.0904
163,163000,-0.100,-0.334,11122,-0.1050
164,164000,-0.100,-0.291,11114,-0.1021
165,165000,-0.100,0.289,11106,-0.0992
166,166000,-0.100,-0.373,11129,-0.1076
167,167000,-0.100,0.300,11104,-0.0985
168,168000,-0.100,-0.291,11114,-0.1021
169,169000,-0.100,-0.269,11110,-0.1006
170,170000,-0.100,-0.312,11118,-0.1036
171,171000,-0.100,0.311,11102,-0.0977
172,172000,-0.100,0.289,11106,-0.0992
173,173000,-0.100,0.284,11107,-0.0996
174,174000,-0.100,0.289,11106,-0.0992
175,175000,-0.100,-0.291,11114,-0.1021
176,176000,-0.100,0.289,11106,-0.0992
177,177000,-0.100,-0.427,11139,-0.1112
178,178000,-0.100,0.289,11106,-0.0992
179,179000,-0.100,0.289,11106,-0.0992
180,180000,-0.100,0.289,11106,-0.0992
181,181000,-0.100,0.399,11086,-0.0919
182,182000,-0.100,0.322,11100,-0.0970
183,183000,-0.100,0.278,11108,-0.0999
184,184000,-0.100,0.300,11104,-0.0985
185,185000,-0.100,0.278,11108,-0.0999
186,186000,-0.100,0.278,11108,-0.0999
187,187000,-0.100,0.300,11104,-0.0985
188,188000,-0.100,0.300,11104,-0.0985
189,189000,-0.100,-0.312,11118,-0.1036
190,190000,-0.100,-0.312,11118,-0.1036
191,191000,-0.100,0.311,11102,-0.0977
192,192000,-0.100,0.289,11106,-0.0992
193,193000,-0.100,0.311,11102,-0.0977
194,194000,-0.100,0.300,11104,-0.0985
195,195000,-0.100,0.327,11099,-0.0966
196,196000,-0.100,-0.291,11114,-0.1021
197,197000,-0.100,-0.291,11114,-0.1021
198,198000,-0.100,0.311,11102,-0.0977
199,199000,-0.100,-0.400,11134,-0.1094
200,200000,-0.100,0.300,11104,-0.0985
201,201000,-0.100,-0.280,11112,-0.1014
202,202000,-0.100,0.300,11104,-0.0985
203,203000,-0.100,0.300,11104,-0.0985
204,204000,-0.100,0.289,11106,-0.0992
205,205000,-0.100,0.289,11106,-0.0992
206,206000,-0.100,0.284,11107,-0.0996
207,207000,-0.100,0.300,11104,-0.0985
208,208000,-0.100,0.377,11090,-0.0934
209,209000,-0.100,0.404,11085,-0.0915
210,210000,-0.100,0.300,11104,-0.0985
211,211000,-0.100,0.278,11108,-0.0999
212,212000,-0.100,0.289,11106,-0.0992
213,213000,-0.100,-0.280,11112,-0.1014
214,214000,-0.100,0.355,11094,-0.0948
215,215000,-0.100,0.311,11102,-0.0977
216,216000,-0.100,-0.269,11110,-0.1006
217,217000,-0.100,-0.455,11144,-0.1130
218,218000,-0.100,0.300,11104,-0.0985
219,219000,-0.100,0.355,11094,-0.0948
220,220000,-0.100,0.311,11102,-0.0977
221,221000,-0.100,0.289,11106,-0.0992
222,222000,-0.100,0.300,11104,-0.0985
223,223000,-0.100,0.284,11107,-0.0996
224,224000,-0.100,0.278,11108,-0.0999
225,225000,-0.100,0.289,11106,-0.0992
226,226000,-0.100,0.284,11107,-0.0996
227,227000,-0.100,0.300,11104,-0.0985
228,228000,-0.100,0.388,11088,-0.0926
229,229000,-0.100,0.672,11036,-0.0737
230,230000,-0.100,0.333,11098,-0.0963
231,231000,-0.100,0.300,11104,-0.0985
232,232000,-0.100,0.311,11102,-0.0977
233,233000,-0.100,-0.334,11122,-0.1050
234,234000,-0.100,-0.400,11134,-0.1094
235,235000,-0.100,0.289,11106,-0.0992
236,236000,-0.100,0.300,11104,-0.0985
237,237000,-0.100,-0.296,11115,-0.1025
238,238000,-0.100,0.311,11102,-0.0977
239,239000,-0.100,0.289,11106,-0.0992
240,240000,-0.100,-0.280,11112,-0.1014
241,241000,-0.100,-0.291,11114,-0.1021
242,242000,-0.100,-0.291,11114,-0.1021
243,243000,-0.100,-0.291,11114,-0.1021
244,244000,-0.100,-0.291,11114,-0.1021
245,245000,-0.100,-0.269,11110,-0.1006
246,246000,-0.100,0.289,11106,-0.0992
247,247000,-0.100,0.300,11104,-0.0985
248,248000,-0.100,-0.291,11114,-0.1021
249,249000,-0.100,-0.334,11122,-0.1050
250,250000,-0.100,0.289,11106,-0.0992
251,251000,-0.100,-0.291,11114,-0.1021
252,252000,-0.100,0.327,11099,-0.0966
253,253000,-0.100,0.388,11088,-0.0926
254,254000,-0.100,-0.296,11115,-0.1025
255,255000,-0.100,0.289,11106,-0.0992
256,256000,-0.100,-0.291,11114,-0.1021
257,257000,-0.100,0.377,11090,-0.0934
258,258000,-0.100,-0.280,11112,-0.1014
259,259000,-0.100,-0.291,11114,-0.1021
260,260000,-0.100,-0.356,11126,-0.1065
261,261000,-0.100,-0.400,11134,-0.1094
262,262000,-0.100,-0.269,11110,-0.1006
263,263000,-0.100,-0.269,11110,-0.1006
264,264000,-0.100,-0.280,11112,-0.1014
265,265000,-0.100,-0.269,11110,-0.1006
266,266000,-0.100,-0.356,11126,-0.1065
267,267000,-0.100,0.278,11108,-0.0999
268,268000,-0.100,0.289,11106,-0.0992
269,269000,-0.100,0.289,11106,-0.0992
270,270000,-0.100,-0.378,11130,-0.1079
271,271000,-0.100,0.284,11107,-0.0996
272,272000,-0.100,0.284,11107,-0.0996
273,273000,-0.100,-0.312,11118,-0.1036
274,274000,-0.100,-0.269,11110,-0.1006
275,275000,-0.100,-0.356,11126,-0.1065
276,276000,-0.100,-0.269,11110,-0.1006
277,277000,-0.100,-0.302,11116,-0.1028
278,278000,-0.100,-0.291,11114,-0.1021
279,279000,-0.100,-0.312,11118,-0.1036
280,280000,-0.100,0.300,11104,-0.0985
281,281000,-0.100,-0.340,11123,-0.1054
282,282000,-0.100,-0.280,11112,-0.1014
283,283000,-0.100,0.289,11106,-0.0992
284,284000,-0.100,-0.280,11112,-0.1014
285,285000,-0.100,-0.280,11112,-0.1014
286,286000,-0.100,0.278,11108,-0.0999
287,287000,-0.100,-0.269,11110,-0.1006
288,288000,-0.100,-0.285,11113,-0.1017
289,289000,-0.100,-0.378,11130,-0.1079
290,290000,-0.100,-0.302,11116,-0.1028
291,291000,-0.100,-0.312,11118,-0.1036
292,292000,-0.100,0.311,11102,-0.0977
293,293000,-0.100,0.311,11102,-0.0977
294,294000,-0.100,-0.323,11120,-0.1043
295,295000,-0.100,-0.285,11113,-0.1017
296,296000,-0.100,0.278,11108,-0.0999
297,297000,-0.100,-0.280,11112,-0.1014
298,298000,-0.100,-0.296,11115,-0.1025
299,299000,-0.100,-0.302,11116,-0.1028
300,300000,-0.100,-0.291,11114,-0.1021
301,301000,-0.100,0.289,11106,-0.0992
302,302000,-0.100,0.284,11107,-0.0996
303,303000,-0.100,-0.312,11118,-0.1036
304,304000,-0.100,-0.280,11112,-0.1014
305,305000,-0.100,-0.296,11115,-0.1025
306,306000,-0.100,-0.291,11114,-0.1021
307,307000,-0.100,-0.296,11115,-0.1025
308,308000,-0.100,-0.291,11114,-0.1021
309,309000,-0.100,-0.296,11115,-0.1025
310,310000,-0.100,-0.312,11118,-0.1036
311,311025,-0.100,0.366,11092,-0.0941
312,312000,-0.100,-0.280,11112,-0.1014
313,313000,-0.100,-0.280,11112,-0.1014
314,314000,-0.100,-0.280,11112,-0.1014
315,315000,-0.100,-0.291,11114,-0.1021
316,316000,-0.100,0.409,11084,-0.0912
317,317000,-0.100,-0.274,11111,-0.1010
318,318000,-0.100,-0.466,11146,-0.1138
319,319000,-0.100,-0.291,11114,-0.1021
320,320000,-0.100,-0.280,11112,-0.1014
321,321000,-0.100,0.278,11108,-0.0999
322,322000,-0.100,-0.269,11110,-0.1006
323,323000,-0.100,-0.312,11118,-0.1036
324,324000,-0.100,-0.291,11114,-0.1021
325,325000,-0.100,0.278,11108,-0.0999
326,326000,-0.100,0.306,11103,-0.0981
327,327000,-0.100,-0.302,11116,-0.1028
328,328000,-0.100,-0.296,11115,-0.1025
329,329000,-0.100,-0.280,11112,-0.1014
330,330000,-0.100,-0.291,11114,-0.1021
331,331000,-0.100,-0.280,11112,-0.1014
332,332000,-0.100,-0.291,11114,-0.1021
333,333000,-0.100,-0.269,11110,-0.1006
334,334000,-0.100,0.278,11108,-0.0999
335,335000,-0.100,0.300,11104,-0.0985
336,336000,-0.100,-0.400,11134,-0.1094
337,337000,-0.100,0.333,11098,-0.0963
338,338000,-0.100,0.278,11108,-0.0999
339,339000,-0.100,-0.280,11112,-0.1014
340,340000,-0.100,0.300,11104,-0.0985
341,341000,-0.100,-0.378,11130,-0.1079
342,342000,-0.100,-0.269,11110,-0.1006
343,343000,-0.100,0.278,11108,-0.0999
344,344000,-0.100,0.333,11098,-0.0963
345,345000,-0.100,-0.291,11114,-0.1021
346,346000,-0.100,0.284,11107,-0.0996
347,347000,-0.100,-0.296,11115,-0.1025
348,348000,-0.100,0.278,11108,-0.0999
349,349000,-0.100,-0.280,11112,-0.1014
350,350000,-0.100,0.306,11103,-0.0981
351,351000,-0.100,-0.312,11118,-0.1036
352,352000,-0.100,-0.269,11110,-0.1006
353,353000,-0.100,0.295,11105,-0.0988
354,354000,-0.100,0.289,11106,-0.0992
355,355000,-0.100,0.317,11101,-0.0974
356,356000,-0.100,-0.312,11118,-0.1036
357,357000,-0.100,-0.389,11132,-0.1087
358,358000,-0.100,-0.280,11112,-0.1014
359,359000,-0.100,0.311,11102,-0.0977
360,360000,-0.100,-0.280,11112,-0.1014
361,361000,-0.100,-0.269,11110,-0.1006
362,362000,-0.100,-0.269,11110,-0.1006
363,363000,-0.100,-0.274,11111,-0.1010
364,364000,-0.100,-0.586,11168,-0.1218
365,365000,-0.100,0.284,11107,-0.0996
366,366000,-0.100,0.284,11107,-0.0996
367,367000,-0.100,-0.280,11112,-0.1014
368,368000,-0.100,0.344,11096,-0.0955
369,369000,-0.100,-0.291,11114,-0.1021
370,370000,-0.100,0.278,11108,-0.0999
371,371000,-0.100,-0.280,11112,-0.1014
372,372000,-0.100,0.311,11102,-0.0977
373,373000,-0.100,-0.291,11114,-0.1021
374,374000,-0.100,-0.280,11112,-0.1014
375,375000,-0.100,0.278,11108,-0.0999
376,376000,-0.100,-0.280,11112,-0.1014
377,377000,-0.100,-0.345,11124,-0.1058
378,378000,-0.100,-0.280,11112,-0.1014
379,379000,-0.100,0.278,11108,-0.0999
380,380000,-0.100,-0.269,11110,-0.1006
381,381000,-0.100,0.284,11107,-0.0996
382,382000,-0.100,-0.269,11110,-0.1006
383,383000,-0.100,0.355,11094,-0.0948
384,384000,-0.100,0.388,11088,-0.0926
385,385000,-0.100,0.300,11104,-0.0985
386,386000,-0.100,-0.302,11116,-0.1028
387,387000,-0.100,0.415,11083,-0.0908
388,388000,-0.100,-0.280,11112,-0.1014
389,389000,-0.100,-0.269,11110,-0.1006
390,390000,-0.100,0.300,11104,-0.0985
391,391000,-0.100,0.278,11108,-0.0999
392,392000,-0.100,0.284,11107,-0.0996
393,393000,-0.100,-0.291,11114,-0.1021
394,394000,-0.100,0.284,11107,-0.0996
395,395000,-0.100,-0.362,11127,-0.1068
396,396000,-0.100,-0.340,11123,-0.1054
397,397000,-0.100,0.311,11102,-0.0977
398,398000,-0.100,0.284,11107,-0.0996
399,399000,-0.100,-0.323,11120,-0.1043
400,400000,-0.100,-0.334,11122,-0.1050
401,401000,-0.100,0.300,11104,-0.0985
402,402000,-0.100,0.300,11104,-0.0985
403,403000,-0.100,-0.280,11112,-0.1014
404,404000,-0.100,-0.269,11110,-0.1006
405,405000,-0.100,-0.291,11114,-0.1021
406,406000,-0.100,-0.269,11110,-0.1006
407,407000,-0.100,0.278,11108,-0.0999
408,408000,-0.100,-0.307,11117,-0.1032
409,409000,-0.100,0.278,11108,-0.0999
410,410000,-0.100,-0.269,11110,-0.1006
411,411000,-0.100,-0.269,11110,-0.1006
412,412000,-0.100,0.278,11108,-0.0999
413,413000,-0.100,-0.280,11112,-0.1014
414,414000,-0.100,-0.291,11114,-0.1021
415,415000,-0.100,0.289,11106,-0.0992
416,416000,-0.100,-0.312,11118,-0.1036
417,417000,-0.100,-0.269,11110,-0.1006
418,418000,-0.100,0.284,11107,-0.0996
419,419000,-0.100,0.300,11104,-0.0985
420,420000,-0.100,-0.302,11116,-0.1028
421,421000,-0.100,-0.269,11110,-0.1006
422,422000,-0.100,-0.312,11118,-0.1036
423,423000,-0.100,-0.280,11112,-0.1014
424,424000,-0.100,-0.367,11128,-0.1072
425,425000,-0.100,0.289,11106,-0.0992
426,426000,-0.100,0.295,11105,-0.0988
427,427000,-0.100,-0.367,11128,-0.1072
428,428000,-0.100,-0.269,11110,-0.1006
429,429000,-0.100,-0.269,11110,-0.1006
430,430000,-0.100,-0.323,11120,-0.1043
431,431000,-0.100,0.289,11106,-0.0992
432,432000,-0.100,-0.269,11110,-0.1006
433,433000,-0.100,-0.269,11110,-0.1006
434,434000,-0.100,-0.269,11110,-0.1006
435,435000,-0.100,-0.269,11110,-0.1006
436,436000,-0.100,0.388,11088,-0.0926
437,437000,-0.100,-0.280,11112,-0.1014
438,438000,-0.100,-0.280,11112,-0.1014
439,439000,-0.100,0.278,11108,-0.0999
440,440000,-0.100,-0.280,11112,-0.1014
441,441000,-0.100,-0.422,11138,-0.1109
442,442000,-0.100,0.278,11108,-0.0999
443,443000,-0.100,-0.274,11111,-0.1010
444,444000,-0.100,0.317,11101,-0.0974
445,445000,-0.100,-0.274,11111,-0.1010
446,446000,-0.100,0.595,11050,-0.0788
447,447000,-0.100,0.289,11106,-0.0992
448,448000,-0.100,0.300,11104,-0.0985
449,449000,-0.100,0.278,11108,-0.0999
450,450000,-0.100,0.289,11106,-0.0992
451,451000,-0.100,-0.280,11112,-0.1014
452,452000,-0.100,-0.263,11109,-0.1003
453,453000,-0.100,0.595,11050,-0.0788
454,454000,-0.100,0.333,11098,-0.0963
455,455000,-0.100,0.333,11098,-0.0963
456,456000,-0.100,0.300,11104,-0.0985
457,457000,-0.100,0.278,11108,-0.0999
458,458000,-0.100,-0.280,11112,-0.1014
459,459000,-0.100,0.322,11100,-0.0970
460,460000,-0.100,-0.296,11115,-0.1025
461,461000,-0.100,-0.269,11110,-0.1006
462,462000,-0.100,-0.302,11116,-0.1028
463,463000,-0.100,0.300,11104,-0.0985
464,464000,-0.100,0.278,11108,-0.0999
465,465000,-0.100,-0.455,11144,-0.1130
466,466000,-0.100,-0.302,11116,-0.1028
467,467000,-0.100,0.311,11102,-0.0977
468,468000,-0.100,0.300,11104,-0.0985
469,469000,-0.100,0.634,11043,-0.0762
470,470000,-0.100,0.284,11107,-0.0996
471,471000,-0.100,-0.323,11120,-0.1043
472,472000,-0.100,0.311,11102,-0.0977
473,473000,-0.100,-0.280,11112,-0.1014
474,474000,-0.100,0.278,11108,-0.0999
475,475000,-0.100,-0.280,11112,-0.1014
476,476000,-0.100,0.289,11106,-0.0992
477,477000,-0.100,-0.269,11110,-0.1006
478,478000,-0.100,0.344,11096,-0.0955
479,479000,-0.100,0.284,11107,-0.0996
480,480000,-0.100,0.377,11090,-0.0934
481,481000,-0.100,0.284,11107,-0.0996
482,482000,-0.100,0.284,11107,-0.0996
483,483000,-0.100,0.289,11106,-0.0992
484,484000,-0.100,-0.302,11116,-0.1028
485,485000,-0.100,0.278,11108,-0.0999
486,486000,-0.100,-0.280,11112,-0.1014
487,487000,-0.100,-0.269,11110,-0.1006
488,488000,-0.100,-0.280,11112,-0.1014
489,489000,-0.100,-0.269,11110,-0.1006
490,490000,-0.100,0.300,11104,-0.0985
491,491000,-0.100,-0.280,11112,-0.1014
492,492000,-0.100,-0.291,11114,-0.1021
493,493000,-0.100,-0.280,11112,-0.1014
494,494000,-0.100,0.289,11106,-0.0992
495,495000,-0.100,-0.280,11112,-0.1014
496,496000,-0.100,-0.280,11112,-0.1014
497,497000,-0.100,0.388,11088,-0.0926
498,498000,-0.100,0.300,11104,-0.0985
499,499000,-0.100,-0.269,11110,-0.1006
500,500000,-0.100,0.311,11102,-0.0977
501,501000,-0.100,0.409,11084,-0.0912
502,502000,-0.100,-0.323,11120,-0.1043
503,503000,-0.100,-0.269,11110,-0.1006
504,504000,-0.100,0.278,11108,-0.0999
505,505000,-0.100,-0.302,11116,-0.1028
506,506000,-0.100,0.278,11108,-0.0999
507,507000,-0.100,0.278,11108,-0.0999
508,508000,-0.100,-0.269,11110,-0.1006
509,509000,-0.100,0.399,11086,-0.0919
510,510000,-0.100,0.278,11108,-0.0999
511,511000,-0.100,0.344,11096,-0.0955
512,512000,-0.100,0.284,11107,-0.0996
513,513000,-0.100,-0.280,11112,-0.1014
514,514000,-0.100,-0.280,11112,-0.1014
515,515000,-0.100,0.289,11106,-0.0992
516,516000,-0.100,0.300,11104,-0.0985
517,517000,-0.100,-0.411,11136,-0.1101
518,518000,-0.100,-0.323,11120,-0.1043
519,519000,-0.100,0.306,11103,-0.0981
520,520000,-0.100,-0.269,11110,-0.1006
521,521000,-0.100,0.278,11108,-0.0999
522,522000,-0.100,0.453,11076,-0.0883
523,523000,-0.100,-0.280,11112,-0.1014
524,524000,-0.100,-0.291,11114,-0.1021
525,525000,-0.100,0.355,11094,-0.0948
526,526000,-0.100,-0.345,11124,-0.1058
527,527000,-0.100,-0.302,11116,-0.1028
528,528000,-0.100,-0.280,11112,-0.1014
529,529000,-0.100,-0.285,11113,-0.1017
530,530000,-0.100,-0.291,11114,-0.1021
531,531000,-0.100,-0.334,11122,-0.1050
532,532000,-0.100,-0.411,11136,-0.1101
533,533000,-0.100,-0.312,11118,-0.1036
534,534000,-0.100,0.289,11106,-0.0992
535,535000,-0.100,-0.269,11110,-0.1006
536,536000,-0.100,-0.291,11114,-0.1021
537,537000,-0.100,0.420,11082,-0.0904
538,538000,-0.100,0.355,11094,-0.0948
539,539000,-0.100,-0.302,11116,-0.1028
540,540000,-0.100,-0.280,11112,-0.1014
541,541000,-0.100,-0.269,11110,-0.1006
542,542000,-0.100,0.300,11104,-0.0985
543,543000,-0.100,-0.280,11112,-0.1014
544,544000,-0.100,-0.280,11112,-0.1014
545,545000,-0.100,-0.269,11110,-0.1006
546,546000,-0.100,-0.291,11114,-0.1021
547,547000,-0.100,0.289,11106,-0.0992
548,548000,-0.100,0.344,11096,-0.0955
549,549000,-0.100,0.300,11104,-0.0985
550,550000,-0.100,-0.269,11110,-0.1006
551,551000,-0.100,0.289,11106,-0.0992
552,552000,-0.100,0.377,11090,-0.0934
553,553000,-0.100,-0.280,11112,-0.1014
554,554000,-0.100,0.300,11104,-0.0985
555,555000,-0.100,0.289,11106,-0.0992
556,556000,-0.100,-0.269,11110,-0.1006
557,557000,-0.100,-0.269,11110,-0.1006
558,558000,-0.100,-0.384,11131,-0.1083
559,559000,-0.100,-0.280,11112,-0.1014
560,560000,-0.100,-0.269,11110,-0.1006
561,561000,-0.100,-0.269,11110,-0.1006
562,562000,-0.100,-0.269,11110,-0.1006
563,563000,-0.100,-0.269,11110,-0.1006
564,564000,-0.100,0.278,11108,-0.0999
565,565000,-0.100,0.355,11094,-0.0948
566,566000,-0.100,0.289,11106,-0.0992
567,567000,-0.100,0.300,11104,-0.0985
568,568000,-0.100,0.333,11098,-0.0963
569,569000,-0.100,-0.296,11115,-0.1025
570,570000,-0.100,-0.280,11112,-0.1014
571,571000,-0.100,0.300,11104,-0.0985
572,572000,-0.100,-0.312,11118,-0.1036
573,573000,-0.100,-0.291,11114,-0.1021
574,574000,-0.100,0.289,11106,-0.0992
575,575000,-0.100,-0.269,11110,-0.1006
576,576000,-0.100,0.300,11104,-0.0985
577,577000,-0.100,-0.269,11110,-0.1006
578,578000,-0.100,-0.274,11111,-0.1010
579,579000,-0.100,0.278,11108,-0.0999
580,580000,-0.100,0.284,11107,-0.0996
581,581000,-0.100,0.355,11094,-0.0948
582,582000,-0.100,-0.269,11110,-0.1006
583,583000,-0.100,0.284,11107,-0.0996
584,584000,-0.100,-0.291,11114,-0.1021
585,585000,-0.100,0.278,11108,-0.0999
586,586000,-0.100,-0.307,11117,-0.1032
587,587000,-0.100,0.333,11098,-0.0963
588,588000,-0.100,-0.307,11117,-0.1032
589,589000,-0.100,0.333,11098,-0.0963
590,590000,-0.100,0.284,11107,-0.0996
591,591000,-0.100,-0.280,11112,-0.1014
592,592000,-0.100,-0.269,11110,-0.1006
593,593000,-0.100,0.344,11096,-0.0955
594,594000,-0.100,-0.296,11115,-0.1025
595,595000,-0.100,-0.312,11118,-0.1036
596,596000,-0.100,0.278,11108,-0.0999
597,597000,-0.100,-0.269,11110,-0.1006
598,598000,-0.100,-0.269,11110,-0.1006
599,599000,-0.100,-0.280,11112,-0.1014
# end capture 12
# batch capture 2/5
# capture 13 kp=-15.00 dir=- dt_us=1000 samples=600 sat=0
0,0,-0.100,3.258,10563,0.0987
1,1000,-0.100,3.275,10560,0.0998
2,2000,-0.100,3.439,10530,0.1108
3,3000,-0.100,3.931,10440,0.1436
4,4000,-0.100,3.307,10554,0.1020
5,5000,-0.100,3.471,10524,0.1130
6,6000,-0.100,3.439,10530,0.1108
7,7000,-0.100,3.903,10445,0.1418
8,8000,-0.100,3.214,10571,0.0958
9,9000,-0.100,3.275,10560,0.0998
10,10000,-0.100,3.307,10554,0.1020
11,11000,-0.100,3.253,10564,0.0984
12,12000,-0.100,3.203,10573,0.0951
13,13000,-0.100,3.165,10580,0.0925
14,14000,-0.100,3.100,10592,0.0882
15,15000,-0.100,2.892,10630,0.0743
16,16000,-0.100,2.968,10616,0.0794
17,17000,-0.100,2.947,10620,0.0780
18,18000,-0.100,2.908,10627,0.0754
19,19000,-0.100,2.733,10659,0.0638
20,20000,-0.100,2.772,10652,0.0663
21,21000,-0.100,2.717,10662,0.0627
22,22000,-0.100,2.695,10666,0.0612
23,23000,-0.100,2.673,10670,0.0597
24,24000,-0.100,2.602,10683,0.0550
25,25000,-0.100,2.542,10694,0.0510
26,26000,-0.100,2.487,10704,0.0473
27,27000,-0.100,2.460,10709,0.0455
28,28000,-0.100,2.443,10712,0.0444
29,29000,-0.100,2.329,10733,0.0368
30,30000,-0.100,2.389,10722,0.0408
31,31000,-0.100,2.258,10746,0.0320
32,32000,-0.100,2.170,10762,0.0262
33,33000,-0.100,2.094,10776,0.0211
34,34000,-0.100,2.061,10782,0.0189
35,35000,-0.100,2.017,10790,0.0160
36,36000,-0.100,1.979,10797,0.0134
37,37000,-0.100,1.929,10806,0.0102
38,38000,-0.100,1.902,10811,0.0083
39,39000,-0.100,1.853,10820,0.0051
40,40000,-0.100,1.787,10832,0.0007
41,41000,-0.100,1.733,10842,-0.0030
42,42000,-0.100,1.689,10850,-0.0059
43,43000,-0.100,1.656,10856,-0.0081
44,44000,-0.100,1.580,10870,-0.0132
45,45000,-0.100,1.569,10872,-0.0139
46,46000,-0.100,1.514,10882,-0.0175
47,47000,-0.100,1.459,10892,-0.0212
48,48000,-0.100,1.383,10906,-0.0263
49,49000,-0.100,1.366,10909,-0.0274
50,50000,-0.100,1.295,10922,-0.0321
51,51000,-0.100,1.465,10891,-0.0208
52,52000,-0.100,1.306,10920,-0.0314
53,53000,-0.100,1.197,10940,-0.0387
54,54000,-0.100,1.087,10960,-0.0460
55,55000,-0.100,1.077,10962,-0.0467
56,56000,-0.100,1.087,10960,-0.0460
57,57000,-0.100,1.087,10960,-0.0460
58,58000,-0.100,0.945,10986,-0.0554
59,59000,-0.100,0.912,10992,-0.0576
60,60000,-0.100,0.863,11001,-0.0609
61,61000,-0.100,0.809,11011,-0.0646
62,62000,-0.100,0.792,11014,-0.0657
63,63000,-0.100,0.727,11026,-0.0700
64,64000,-0.100,0.710,11029,-0.0711
65,65000,-0.100,0.694,11032,-0.0722
66,66000,-0.100,0.606,11048,-0.0780
67,67000,-0.100,0.617,11046,-0.0773
68,68000,-0.100,0.584,11052,-0.0795
69,69000,-0.100,0.552,11058,-0.0817
70,70000,-0.100,0.519,11064,-0.0839
71,71000,-0.100,0.508,11066,-0.0846
72,72000,-0.100,0.486,11070,-0.0861
73,73000,-0.100,0.546,11059,-0.0821
74,74000,-0.100,0.415,11083,-0.0908
75,75000,-0.100,0.377,11090,-0.0934
76,76000,-0.100,0.366,11092,-0.0941
77,77000,-0.100,0.317,11101,-0.0974
78,78000,-0.100,0.355,11094,-0.0948
79,79000,-0.100,0.300,11104,-0.0985
80,80000,-0.100,-0.280,11112,-0.1014
81,81000,-0.100,-0.280,11112,-0.1014
82,82000,-0.100,-0.291,11114,-0.1021
83,83000,-0.100,0.322,11100,-0.0970
84,84000,-0.100,-0.340,11123,-0.1054
85,85000,-0.100,-0.378,11130,-0.1079
86,86000,-0.100,-0.389,11132,-0.1087
87,87000,-0.100,-0.400,11134,-0.1094
88,88000,-0.100,-0.427,11139,-0.1112
89,89000,-0.100,-0.400,11134,-0.1094
90,90000,-0.100,-0.384,11131,-0.1083
91,91000,-0.100,-0.444,11142,-0.1123
92,92000,-0.100,-0.411,11136,-0.1101
93,93000,-0.100,-0.455,11144,-0.1130
94,94000,-0.100,-0.455,11144,-0.1130
95,95000,-0.100,-0.466,11146,-0.1138
96,96000,-0.100,-0.476,11148,-0.1145
97,97000,-0.100,-0.476,11148,-0.1145
98,98000,-0.100,-0.679,11185,-0.1280
99,99000,-0.100,-0.411,11136,-0.1101
100,100000,-0.100,-0.487,11150,-0.1152
101,101000,-0.100,-0.498,11152,-0.1160
102,102000,-0.100,-0.542,11160,-0.1189
103,103000,-0.100,-0.630,11176,-0.1247
104,104000,-0.100,-0.471,11147,-0.1141
105,105000,-0.100,-0.487,11150,-0.1152
106,106000,-0.100,-0.498,11152,-0.1160
107,107000,-0.100,-0.498,11152,-0.1160
108,108000,-0.100,-0.531,11158,-0.1181
109,109000,-0.100,-0.558,11163,-0.1200
110,110000,-0.100,-0.553,11162,-0.1196
111,111000,-0.100,-0.476,11148,-0.1145
112,112000,-0.100,-0.455,11144,-0.1130
113,113000,-0.100,-0.466,11146,-0.1138
114,114000,-0.100,-0.367,11128,-0.1072
115,115000,-0.100,-0.837,11214,-0.1386
116,116000,-0.100,-0.515,11155,-0.1171
117,117000,-0.100,-0.542,11160,-0.1189
118,118000,-0.100,-0.498,11152,-0.1160
119,119000,-0.100,-0.476,11148,-0.1145
120,120000,-0.100,-0.509,11154,-0.1167
121,121000,-0.100,-0.411,11136,-0.1101
122,122000,-0.100,-0.498,11152,-0.1160
123,123000,-0.100,-0.455,11144,-0.1130
124,124000,-0.100,-0.476,11148,-0.1145
125,125000,-0.100,-0.471,11147,-0.1141
126,126000,-0.100,-0.471,11147,-0.1141
127,127000,-0.100,-0.438,11141,-0.1119
128,128000,-0.100,-0.411,11136,-0.1101
129,129000,-0.100,-0.367,11128,-0.1072
130,130000,-0.100,-0.482,11149,-0.1149
131,131000,-0.100,-0.427,11139,-0.1112
132,132000,-0.100,-0.444,11142,-0.1123
133,133000,-0.100,-0.422,11138,-0.1109
134,134000,-0.100,-0.312,11118,-0.1036
135,135000,-0.100,-0.312,11118,-0.1036
136,136000,-0.100,-0.340,11123,-0.1054
137,137000,-0.100,-0.367,11128,-0.1072
138,138000,-0.100,-0.378,11130,-0.1079
139,139000,-0.100,-0.367,11128,-0.1072
140,140000,-0.100,-0.356,11126,-0.1065
141,141000,-0.100,-0.340,11123,-0.1054
142,142000,-0.100,-0.312,11118,-0.1036
143,143000,-0.100,-0.367,11128,-0.1072
144,144000,-0.100,-0.340,11123,-0.1054
145,145000,-0.100,-0.345,11124,-0.1058
146,146000,-0.100,-0.312,11118,-0.1036
147,147000,-0.100,-0.312,11118,-0.1036
148,148000,-0.100,-0.345,11124,-0.1058
149,149000,-0.100,-0.323,11120,-0.1043
150,150000,-0.100,-0.296,11115,-0.1025
151,151000,-0.100,-0.323,11120,-0.1043
152,152000,-0.100,-0.323,11120,-0.1043
153,153000,-0.100,-0.323,11120,-0.1043
154,154000,-0.100,-0.312,11118,-0.1036
155,155000,-0.100,-0.312,11118,-0.1036
156,156000,-0.100,-0.269,11110,-0.1006
157,157000,-0.100,-0.269,11110,-0.1006
158,158000,-0.100,0.289,11106,-0.0992
159,159000,-0.100,-0.280,11112,-0.1014
160,160000,-0.100,-0.280,11112,-0.1014
161,161000,-0.100,0.300,11104,-0.0985
162,162000,-0.100,0.409,11084,-0.0912
163,163000,-0.100,-0.302,11116,-0.1028
164,164000,-0.100,0.289,11106,-0.0992
165,165000,-0.100,-0.334,11122,-0.1050
166,166000,-0.100,-0.263,11109,-0.1003
167,167000,-0.100,0.300,11104,-0.0985
168,168000,-0.100,0.289,11106,-0.0992
169,169000,-0.100,0.284,11107,-0.0996
170,170000,-0.100,0.289,11106,-0.0992
171,171000,-0.100,0.497,11068,-0.0853
172,172000,-0.100,0.327,11099,-0.0966
173,173000,-0.100,0.289,11106,-0.0992
174,174000,-0.100,0.300,11104,-0.0985
175,175000,-0.100,0.344,11096,-0.0955
176,176000,-0.100,0.311,11102,-0.0977
177,177000,-0.100,-0.312,11118,-0.1036
178,178000,-0.100,0.311,11102,-0.0977
179,179000,-0.100,0.311,11102,-0.0977
180,180000,-0.100,0.333,11098,-0.0963
181,181000,-0.100,0.333,11098,-0.0963
182,182000,-0.100,0.322,11100,-0.0970
183,183000,-0.100,0.327,11099,-0.0966
184,184000,-0.100,0.284,11107,-0.0996
185,185000,-0.100,0.327,11099,-0.0966
186,186000,-0.100,0.300,11104,-0.0985
187,187000,-0.100,-0.307,11117,-0.1032
188,188000,-0.100,0.289,11106,-0.0992
189,189000,-0.100,0.344,11096,-0.0955
190,190000,-0.100,0.311,11102,-0.0977
191,191000,-0.100,0.311,11102,-0.0977
192,192000,-0.100,0.300,11104,-0.0985
193,193000,-0.100,0.327,11099,-0.0966
194,194000,-0.100,0.311,11102,-0.0977
195,195000,-0.100,0.344,11096,-0.0955
196,196000,-0.100,0.289,11106,-0.0992
197,197000,-0.100,0.311,11102,-0.0977
198,198000,-0.100,0.300,11104,-0.0985
199,199000,-0.100,0.289,11106,-0.0992
200,200000,-0.100,0.327,11099,-0.0966
201,201000,-0.100,0.333,11098,-0.0963
202,202000,-0.100,0.327,11099,-0.0966
203,203000,-0.100,0.300,11104,-0.0985
204,204000,-0.100,-0.291,11114,-0.1021
205,205000,-0.100,0.311,11102,-0.0977
206,206000,-0.100,0.508,11066,-0.0846
207,207000,-0.100,-0.263,11109,-0.1003
208,208000,-0.100,0.278,11108,-0.0999
209,209000,-0.100,0.322,11100,-0.0970
210,210000,-0.100,0.295,11105,-0.0988
211,211000,-0.100,0.311,11102,-0.0977
212,212000,-0.100,0.617,11046,-0.0773
213,213000,-0.100,-0.280,11112,-0.1014
214,214000,-0.100,0.300,11104,-0.0985
215,215000,-0.100,-0.280,11112,-0.1014
216,216000,-0.100,0.300,11104,-0.0985
217,217000,-0.100,0.311,11102,-0.0977
218,218000,-0.100,-0.269,11110,-0.1006
219,219000,-0.100,0.289,11106,-0.0992
220,220000,-0.100,-0.280,11112,-0.1014
221,221000,-0.100,-0.378,11130,-0.1079
222,222000,-0.100,0.366,11092,-0.0941
223,223000,-0.100,0.300,11104,-0.0985
224,224000,-0.100,-0.280,11112,-0.1014
225,225000,-0.100,0.289,11106,-0.0992
226,226000,-0.100,-0.269,11110,-0.1006
227,227000,-0.100,0.349,11095,-0.0952
228,228000,-0.100,0.284,11107,-0.0996
229,229000,-0.100,0.289,11106,-0.0992
230,230000,-0.100,0.322,11100,-0.0970
231,231000,-0.100,-0.291,11114,-0.1021
232,232000,-0.100,0.278,11108,-0.0999
233,233000,-0.100,-0.345,11124,-0.1058
234,234000,-0.100,-0.280,11112,-0.1014
235,235000,-0.100,-0.291,11114,-0.1021
236,236000,-0.100,-0.280,11112,-0.1014
237,237000,-0.100,-0.269,11110,-0.1006
238,238000,-0.100,-0.291,11114,-0.1021
239,239000,-0.100,0.311,11102,-0.0977
240,240000,-0.100,0.278,11108,-0.0999
241,241000,-0.100,-0.291,11114,-0.1021
242,242000,-0.100,-0.280,11112,-0.1014
243,243000,-0.100,-0.263,11109,-0.1003
244,244000,-0.100,-0.285,11113,-0.1017
245,245000,-0.100,0.278,11108,-0.0999
246,246000,-0.100,-0.291,11114,-0.1021
247,247000,-0.100,-0.280,11112,-0.1014
248,248000,-0.100,-0.291,11114,-0.1021
249,249000,-0.100,-0.280,11112,-0.1014
250,250000,-0.100,-0.269,11110,-0.1006
251,251000,-0.100,0.311,11102,-0.0977
252,252000,-0.100,-0.269,11110,-0.1006
253,253000,-0.100,-0.280,11112,-0.1014
254,254000,-0.100,0.300,11104,-0.0985
255,255000,-0.100,-0.296,11115,-0.1025
256,256000,-0.100,-0.291,11114,-0.1021
257,257000,-0.100,0.289,11106,-0.0992
258,258000,-0.100,0.289,11106,-0.0992
259,259000,-0.100,-0.291,11114,-0.1021
260,260000,-0.100,-0.269,11110,-0.1006
261,261000,-0.100,-0.280,11112,-0.1014
262,262000,-0.100,-0.280,11112,-0.1014
263,263000,-0.100,0.278,11108,-0.0999
264,264000,-0.100,-0.263,11109,-0.1003
265,265000,-0.100,-0.302,11116,-0.1028
266,266000,-0.100,-0.274,11111,-0.1010
267,267000,-0.100,-0.291,11114,-0.1021
268,268000,-0.100,-0.312,11118,-0.1036
269,269000,-0.100,-0.280,11112,-0.1014
270,270000,-0.100,0.278,11108,-0.0999
271,271000,-0.100,-0.312,11118,-0.1036
272,272000,-0.100,-0.542,11160,-0.1189
273,273000,-0.100,0.289,11106,-0.0992
274,274000,-0.100,-0.280,11112,-0.1014
275,275000,-0.100,0.377,11090,-0.0934
276,276000,-0.100,0.327,11099,-0.0966
277,277000,-0.100,-0.323,11120,-0.1043
278,278000,-0.100,-0.269,11110,-0.1006
279,279000,-0.100,-0.291,11114,-0.1021
280,280000,-0.100,-0.323,11120,-0.1043
281,281000,-0.100,-0.291,11114,-0.1021
282,282000,-0.100,-0.296,11115,-0.1025
283,283000,-0.100,-0.291,11114,-0.1021
284,284000,-0.100,-0.269,11110,-0.1006
285,285000,-0.100,0.409,11084,-0.0912
286,286000,-0.100,-0.269,11110,-0.1006
287,287000,-0.100,-0.291,11114,-0.1021
288,288000,-0.100,-0.312,11118,-0.1036
289,289000,-0.100,-0.269,11110,-0.1006
290,290000,-0.100,-0.263,11109,-0.1003
291,291000,-0.100,-0.389,11132,-0.1087
292,292000,-0.100,-0.280,11112,-0.1014
293,293000,-0.100,0.289,11106,-0.0992
294,294000,-0.100,-0.280,11112,-0.1014
295,295000,-0.100,0.289,11106,-0.0992
296,296000,-0.100,0.289,11106,-0.0992
297,297000,-0.100,-0.280,11112,-0.1014
298,298000,-0.100,-0.280,11112,-0.1014
299,299000,-0.100,0.311,11102,-0.0977
300,300000,-0.100,-0.269,11110,-0.1006
301,301000,-0.100,-0.280,11112,-0.1014
302,302000,-0.100,0.289,11106,-0.0992
303,303000,-0.100,-0.291,11114,-0.1021
304,304000,-0.100,-0.280,11112,-0.1014
305,305000,-0.100,-0.291,11114,-0.1021
306,306000,-0.100,-0.340,11123,-0.1054
307,307000,-0.100,-0.280,11112,-0.1014
308,308000,-0.100,0.278,11108,-0.0999
309,309000,-0.100,0.289,11106,-0.0992
310,310000,-0.100,-0.340,11123,-0.1054
311,311000,-0.100,0.278,11108,-0.0999
312,312000,-0.100,-0.312,11118,-0.1036
313,313000,-0.100,-0.280,11112,-0.1014
314,314000,-0.100,-0.323,11120,-0.1043
315,315000,-0.100,-0.269,11110,-0.1006
316,316000,-0.100,-0.291,11114,-0.1021
317,317000,-0.100,-0.280,11112,-0.1014
318,318000,-0.100,0.289,11106,-0.0992
319,319000,-0.100,-0.269,11110,-0.1006
320,320000,-0.100,-0.280,11112,-0.1014
321,321000,-0.100,0.388,11088,-0.0926
322,322000,-0.100,0.366,11092,-0.0941
323,323000,-0.100,0.311,11102,-0.0977
324,324000,-0.100,-0.285,11113,-0.1017
325,325000,-0.100,-0.291,11114,-0.1021
326,326000,-0.100,-0.269,11110,-0.1006
327,327000,-0.100,-0.291,11114,-0.1021
328,328000,-0.100,0.278,11108,-0.0999
329,329000,-0.100,0.278,11108,-0.0999
330,330000,-0.100,-0.323,11120,-0.1043
331,331000,-0.100,-0.323,11120,-0.1043
332,332000,-0.100,0.300,11104,-0.0985
333,333000,-0.100,-0.302,11116,-0.1028
334,334000,-0.100,-0.280,11112,-0.1014
335,335000,-0.100,-0.280,11112,-0.1014
336,336000,-0.100,-0.269,11110,-0.1006
337,337000,-0.100,-0.269,11110,-0.1006
338,338000,-0.100,-0.280,11112,-0.1014
339,339000,-0.100,-0.356,11126,-0.1065
340,340000,-0.100,-0.312,11118,-0.1036
341,341000,-0.100,0.284,11107,-0.0996
342,342000,-0.100,-0.280,11112,-0.1014
343,343000,-0.100,-0.269,11110,-0.1006
344,344000,-0.100,-0.280,11112,-0.1014
345,345025,-0.100,-0.362,11127,-0.1068
346,346000,-0.100,0.289,11106,-0.0992
347,347000,-0.100,-0.269,11110,-0.1006
348,348000,-0.100,-0.280,11112,-0.1014
349,349000,-0.100,-0.280,11112,-0.1014
350,350000,-0.100,-0.302,11116,-0.1028
351,351000,-0.100,-0.263,11109,-0.1003
352,352000,-0.100,0.420,11082,-0.0904
353,353000,-0.100,-0.302,11116,-0.1028
354,354000,-0.100,-0.291,11114,-0.1021
355,355000,-0.100,-0.280,11112,-0.1014
356,356000,-0.100,-0.291,11114,-0.1021
357,357000,-0.100,-0.269,11110,-0.1006
358,358000,-0.100,-0.329,11121,-0.1047
359,359000,-0.100,0.284,11107,-0.0996
360,360000,-0.100,0.278,11108,-0.0999
361,361000,-0.100,0.317,11101,-0.0974
362,362000,-0.100,0.278,11108,-0.0999
363,363000,-0.100,0.278,11108,-0.0999
364,364000,-0.100,0.327,11099,-0.0966
365,365000,-0.100,0.284,11107,-0.0996
366,366000,-0.100,0.322,11100,-0.0970
367,367000,-0.100,-0.269,11110,-0.1006
368,368000,-0.100,-0.323,11120,-0.1043
369,369000,-0.100,-0.291,11114,-0.1021
370,370000,-0.100,-0.345,11124,-0.1058
371,371000,-0.100,-0.280,11112,-0.1014
372,372000,-0.100,0.284,11107,-0.0996
373,373000,-0.100,-0.280,11112,-0.1014
374,374000,-0.100,0.311,11102,-0.0977
375,375000,-0.100,0.366,11092,-0.0941
376,376000,-0.100,0.284,11107,-0.0996
377,377000,-0.100,0.289,11106,-0.0992
378,378000,-0.100,-0.269,11110,-0.1006
379,379000,-0.100,0.327,11099,-0.0966
380,380000,-0.100,-0.263,11109,-0.1003
381,381000,-0.100,0.289,11106,-0.0992
382,382000,-0.100,-0.280,11112,-0.1014
383,383000,-0.100,-0.291,11114,-0.1021
384,384000,-0.100,-0.291,11114,-0.1021
385,385000,-0.100,-0.323,11120,-0.1043
386,386000,-0.100,0.284,11107,-0.0996
387,387000,-0.100,-0.280,11112,-0.1014
388,388000,-0.100,-0.269,11110,-0.1006
389,389000,-0.100,0.300,11104,-0.0985
390,390000,-0.100,0.311,11102,-0.0977
391,391000,-0.100,-0.280,11112,-0.1014
392,392000,-0.100,0.278,11108,-0.0999
393,393000,-0.100,0.289,11106,-0.0992
394,394000,-0.100,-0.312,11118,-0.1036
395,395000,-0.100,-0.269,11110,-0.1006
396,396000,-0.100,0.289,11106,-0.0992
397,397000,-0.100,0.300,11104,-0.0985
398,398000,-0.100,0.300,11104,-0.0985
399,399000,-0.100,-0.280,11112,-0.1014
400,400000,-0.100,-0.280,11112,-0.1014
401,401000,-0.100,-0.296,11115,-0.1025
402,402000,-0.100,-0.296,11115,-0.1025
403,403000,-0.100,0.300,11104,-0.0985
404,404000,-0.100,-0.280,11112,-0.1014
405,405000,-0.100,0.327,11099,-0.0966
406,406000,-0.100,-0.269,11110,-0.1006
407,407000,-0.100,-0.280,11112,-0.1014
408,408000,-0.100,-0.291,11114,-0.1021
409,409000,-0.100,0.300,11104,-0.0985
410,410000,-0.100,0.289,11106,-0.0992
411,411000,-0.100,-0.312,11118,-0.1036
412,412000,-0.100,0.311,11102,-0.0977
413,413000,-0.100,0.289,11106,-0.0992
414,414000,-0.100,-0.269,11110,-0.1006
415,415000,-0.100,0.311,11102,-0.0977
416,416000,-0.100,0.289,11106,-0.0992
417,417000,-0.100,-0.367,11128,-0.1072
418,418000,-0.100,-0.269,11110,-0.1006
419,419000,-0.100,0.278,11108,-0.0999
420,420000,-0.100,-0.334,11122,-0.1050
421,421000,-0.100,-0.291,11114,-0.1021
422,422000,-0.100,-0.269,11110,-0.1006
423,423000,-0.100,0.344,11096,-0.0955
424,424000,-0.100,0.300,11104,-0.0985
425,425000,-0.100,0.322,11100,-0.0970
426,426000,-0.100,-0.296,11115,-0.1025
427,427000,-0.100,-0.280,11112,-0.1014
428,428000,-0.100,0.289,11106,-0.0992
429,429000,-0.100,0.442,11078,-0.0890
430,430000,-0.100,-0.291,11114,-0.1021
431,431000,-0.100,0.278,11108,-0.0999
432,432000,-0.100,-0.367,11128,-0.1072
433,433000,-0.100,0.278,11108,-0.0999
434,434000,-0.100,0.278,11108,-0.0999
435,435000,-0.100,0.431,11080,-0.0897
436,436000,-0.100,0.289,11106,-0.0992
437,437000,-0.100,0.284,11107,-0.0996
438,438000,-0.100,0.300,11104,-0.0985
439,439000,-0.100,0.278,11108,-0.0999
440,440000,-0.100,0.300,11104,-0.0985
441,441000,-0.100,-0.269,11110,-0.1006
442,442000,-0.100,-0.274,11111,-0.1010
443,443000,-0.100,-0.291,11114,-0.1021
444,444000,-0.100,0.300,11104,-0.0985
445,445000,-0.100,0.278,11108,-0.0999
446,446000,-0.100,-0.296,11115,-0.1025
447,447000,-0.100,0.289,11106,-0.0992
448,448000,-0.100,-0.280,11112,-0.1014
449,449000,-0.100,-0.302,11116,-0.1028
450,450000,-0.100,-0.291,11114,-0.1021
451,451000,-0.100,0.306,11103,-0.0981
452,452000,-0.100,-0.269,11110,-0.1006
453,453000,-0.100,-0.291,11114,-0.1021
454,454000,-0.100,0.300,11104,-0.0985
455,455000,-0.100,0.333,11098,-0.0963
456,456000,-0.100,-0.378,11130,-0.1079
457,457000,-0.100,-0.312,11118,-0.1036
458,458000,-0.100,0.289,11106,-0.0992
459,459000,-0.100,0.289,11106,-0.0992
460,460000,-0.100,-0.269,11110,-0.1006
461,461000,-0.100,0.289,11106,-0.0992
462,462000,-0.100,-0.280,11112,-0.1014
463,463000,-0.100,0.278,11108,-0.0999
464,464000,-0.100,-0.296,11115,-0.1025
465,465000,-0.100,0.327,11099,-0.0966
466,466000,-0.100,-0.269,11110,-0.1006
467,467000,-0.100,0.344,11096,-0.0955
468,468000,-0.100,-0.291,11114,-0.1021
469,469000,-0.100,-0.269,11110,-0.1006
470,470000,-0.100,0.289,11106,-0.0992
471,471000,-0.100,0.284,11107,-0.0996
472,472000,-0.100,0.284,11107,-0.0996
473,473000,-0.100,-0.269,11110,-0.1006
474,474000,-0.100,0.289,11106,-0.0992
475,475000,-0.100,0.278,11108,-0.0999
476,476000,-0.100,0.278,11108,-0.0999
477,477000,-0.100,-0.356,11126,-0.1065
478,478000,-0.100,0.420,11082,-0.0904
479,479000,-0.100,0.278,11108,-0.0999
480,480000,-0.100,0.278,11108,-0.0999
481,481000,-0.100,-0.280,11112,-0.1014
482,482000,-0.100,-0.274,11111,-0.1010
483,483000,-0.100,0.278,11108,-0.0999
484,484000,-0.100,-0.334,11122,-0.1050
485,485000,-0.100,-0.269,11110,-0.1006
486,486000,-0.100,-0.340,11123,-0.1054
487,487000,-0.100,0.278,11108,-0.0999
488,488000,-0.100,-0.291,11114,-0.1021
489,489000,-0.100,0.284,11107,-0.0996
490,490000,-0.100,0.300,11104,-0.0985
491,491000,-0.100,0.278,11108,-0.0999
492,492000,-0.100,-0.280,11112,-0.1014
493,493000,-0.100,0.327,11099,-0.0966
494,494000,-0.100,-0.323,11120,-0.1043
495,495000,-0.100,-0.302,11116,-0.1028
496,496000,-0.100,0.300,11104,-0.0985
497,497000,-0.100,0.327,11099,-0.0966
498,498000,-0.100,-0.269,11110,-0.1006
499,499000,-0.100,0.311,11102,-0.0977
500,500000,-0.100,-0.274,11111,-0.1010
501,501000,-0.100,0.366,11092,-0.0941
502,502000,-0.100,-0.274,11111,-0.1010
503,503000,-0.100,-0.269,11110,-0.1006
504,504000,-0.100,0.311,11102,-0.0977
505,505000,-0.100,0.639,11042,-0.0759
506,506000,-0.100,0.311,11102,-0.0977
507,507000,-0.100,-0.411,11136,-0.1101
508,508000,-0.100,0.289,11106,-0.0992
509,509000,-0.100,0.295,11105,-0.0988
510,510000,-0.100,0.300,11104,-0.0985
511,511000,-0.100,0.300,11104,-0.0985
512,512000,-0.100,0.377,11090,-0.0934
513,513000,-0.100,0.289,11106,-0.0992
514,514000,-0.100,-0.269,11110,-0.1006
515,515000,-0.100,0.284,11107,-0.0996
516,516000,-0.100,0.278,11108,-0.0999
517,517000,-0.100,0.300,11104,-0.0985
518,518000,-0.100,0.289,11106,-0.0992
519,519000,-0.100,-0.280,11112,-0.1014
520,520000,-0.100,-0.280,11112,-0.1014
521,521000,-0.100,0.289,11106,-0.0992
522,522000,-0.100,0.333,11098,-0.0963
523,523000,-0.100,-0.269,11110,-0.1006
524,524000,-0.100,0.289,11106,-0.0992
525,525000,-0.100,0.317,11101,-0.0974
526,526000,-0.100,-0.263,11109,-0.1003
527,527000,-0.100,-0.280,11112,-0.1014
528,528000,-0.100,-0.280,11112,-0.1014
529,529000,-0.100,-0.269,11110,-0.1006
530,530000,-0.100,-0.280,11112,-0.1014
531,531000,-0.100,0.311,11102,-0.0977
532,532000,-0.100,-0.269,11110,-0.1006
533,533000,-0.100,0.300,11104,-0.0985
534,534000,-0.100,0.289,11106,-0.0992
535,535000,-0.100,0.289,11106,-0.0992
536,536000,-0.100,-0.269,11110,-0.1006
537,537000,-0.100,0.284,11107,-0.0996
538,538000,-0.100,-0.269,11110,-0.1006
539,539000,-0.100,-0.280,11112,-0.1014
540,540000,-0.100,0.278,11108,-0.0999
541,541000,-0.100,-0.280,11112,-0.1014
542,542000,-0.100,-0.323,11120,-0.1043
543,543000,-0.100,-0.323,11120,-0.1043
544,544000,-0.100,0.388,11088,-0.0926
545,545000,-0.100,-0.291,11114,-0.1021
546,546000,-0.100,-0.269,11110,-0.1006
547,547000,-0.100,-0.280,11112,-0.1014
548,548000,-0.100,-0.280,11112,-0.1014
549,549000,-0.100,0.431,11080,-0.0897
550,550000,-0.100,0.289,11106,-0.0992
551,551000,-0.100,-0.269,11110,-0.1006
552,552000,-0.100,0.399,11086,-0.0919
553,553000,-0.100,-0.296,11115,-0.1025
554,554000,-0.100,0.284,11107,-0.0996
555,555000,-0.100,0.284,11107,-0.0996
556,556000,-0.100,-0.291,11114,-0.1021
557,557000,-0.100,-0.280,11112,-0.1014
558,558000,-0.100,0.284,11107,-0.0996
559,559000,-0.100,0.295,11105,-0.0988
560,560000,-0.100,0.278,11108,-0.0999
561,561000,-0.100,0.300,11104,-0.0985
562,562000,-0.100,0.289,11106,-0.0992
563,563000,-0.100,-0.269,11110,-0.1006
564,564000,-0.100,-0.269,11110,-0.1006
565,565000,-0.100,-0.269,11110,-0.1006
566,566000,-0.100,-0.269,11110,-0.1006
567,567000,-0.100,-0.356,11126,-0.1065
568,568000,-0.100,-0.269,11110,-0.1006
569,569000,-0.100,-0.280,11112,-0.1014
570,570000,-0.100,-0.269,11110,-0.1006
571,571000,-0.100,0.311,11102,-0.0977
572,572000,-0.100,0.333,11098,-0.0963
573,573000,-0.100,0.344,11096,-0.0955
574,574000,-0.100,-0.269,11110,-0.1006
575,575000,-0.100,-0.269,11110,-0.1006
576,576000,-0.100,0.333,11098,-0.0963
577,577000,-0.100,0.289,11106,-0.0992
578,578000,-0.100,-0.334,11122,-0.1050
579,579000,-0.100,0.377,11090,-0.0934
580,580000,-0.100,0.289,11106,-0.0992
581,581000,-0.100,-0.285,11113,-0.1017
582,582000,-0.100,0.284,11107,-0.0996
583,583000,-0.100,-0.280,11112,-0.1014
584,584000,-0.100,0.278,11108,-0.0999
585,585000,-0.100,0.295,11105,-0.0988
586,586000,-0.100,0.295,11105,-0.0988
587,587000,-0.100,-0.269,11110,-0.1006
588,588000,-0.100,0.278,11108,-0.0999
589,589000,-0.100,0.327,11099,-0.0966
590,590000,-0.100,0.333,11098,-0.0963
591,591000,-0.100,-0.302,11116,-0.1028
592,592000,-0.100,-0.312,11118,-0.1036
593,593000,-0.100,-0.269,11110,-0.1006
594,594000,-0.100,0.300,11104,-0.0985
595,595000,-0.100,0.333,11098,-0.0963
596,596000,-0.100,0.284,11107,-0.0996
597,597000,-0.100,-0.269,11110,-0.1006
598,598000,-0.100,0.284,11107,-0.0996
599,599000,-0.100,-0.280,11112,-0.1014
# end capture 13
# capture 14 kp=-15.00 dir=+ dt_us=1000 samples=600 sat=0
0,0,0.100,-3.285,11113,-0.1017
1,1000,0.100,-3.148,11088,-0.0926
2,2000,0.100,-3.203,11098,-0.0963
3,3000,0.100,-3.181,11094,-0.0948
4,4000,0.100,-3.192,11096,-0.0955
5,5000,0.100,-3.192,11096,-0.0955
6,6000,0.100,-3.192,11096,-0.0955
7,7000,0.100,-3.148,11088,-0.0926
8,8000,0.100,-3.116,11082,-0.0904
9,9000,0.100,-3.137,11086,-0.0919
10,10000,0.100,-3.105,11080,-0.0897
11,11000,0.100,-3.116,11082,-0.0904
12,12000,0.100,-3.061,11072,-0.0868
13,13000,0.100,-3.061,11072,-0.0868
14,14000,0.100,-2.990,11059,-0.0821
15,15000,0.100,-3.017,11064,-0.0839
16,16000,0.100,-2.963,11054,-0.0802
17,17000,0.100,-2.875,11038,-0.0744
18,18000,0.100,-2.886,11040,-0.0751
19,19000,0.100,-2.831,11030,-0.0715
20,20000,0.100,-2.798,11024,-0.0693
21,21000,0.100,-2.711,11008,-0.0635
22,22000,0.100,-2.656,10998,-0.0598
23,23000,0.100,-2.667,11000,-0.0606
24,24000,0.100,-2.656,10998,-0.0598
25,25000,0.100,-2.580,10984,-0.0547
26,26000,0.100,-2.509,10971,-0.0500
27,27000,0.100,-2.547,10978,-0.0525
28,28000,0.100,-2.361,10944,-0.0401
29,29000,0.100,-2.410,10953,-0.0434
30,30000,0.100,-2.350,10942,-0.0394
31,31000,0.100,-2.274,10928,-0.0343
32,32000,0.100,-2.274,10928,-0.0343
33,33000,0.100,-2.186,10912,-0.0285
34,34000,0.100,-2.142,10904,-0.0256
35,35000,0.100,-2.110,10898,-0.0234
36,36000,0.100,-2.044,10886,-0.0190
37,37000,0.100,-1.989,10876,-0.0153
38,38000,0.100,-1.978,10874,-0.0146
39,39000,0.100,-1.880,10856,-0.0081
40,40000,0.100,-1.869,10854,-0.0073
41,41000,0.100,-1.781,10838,-0.0015
42,42000,0.100,-1.749,10832,0.0007
43,43000,0.100,-1.705,10824,0.0036
44,44000,0.100,-1.672,10818,0.0058
45,45000,0.100,-1.590,10803,0.0113
46,46000,0.100,-1.503,10787,0.0171
47,47000,0.100,-1.470,10781,0.0193
48,48000,0.100,-1.459,10779,0.0200
49,49000,0.100,-1.284,10747,0.0317
50,50000,0.100,-1.388,10766,0.0247
51,51000,0.100,-1.344,10758,0.0277
52,52000,0.100,-1.311,10752,0.0299
53,53000,0.100,-1.213,10734,0.0364
54,54000,0.100,-1.202,10732,0.0371
55,55000,0.100,-1.213,10734,0.0364
56,56000,0.100,-1.125,10718,0.0422
57,57000,0.100,-1.027,10700,0.0488
58,58000,0.100,-0.994,10694,0.0510
59,59000,0.100,-0.934,10683,0.0550
60,60000,0.100,-0.961,10688,0.0532
61,61000,0.100,-0.874,10672,0.0590
62,62000,0.100,-0.928,10682,0.0554
63,63000,0.100,-0.863,10670,0.0597
64,64000,0.100,-0.797,10658,0.0641
65,65000,0.100,-0.961,10688,0.0532
66,66000,0.100,-0.732,10646,0.0685
67,67000,0.100,-0.688,10638,0.0714
68,68000,0.100,-0.677,10636,0.0721
69,69000,0.100,-0.557,10614,0.0802
70,70000,0.100,-0.611,10624,0.0765
71,71000,0.100,-0.568,10616,0.0794
72,72000,0.100,-0.546,10612,0.0809
73,73000,0.100,-0.535,10610,0.0816
74,74000,0.100,-0.447,10594,0.0874
75,75000,0.100,-0.491,10602,0.0845
76,76000,0.100,-0.436,10592,0.0882
77,77000,0.100,-0.404,10586,0.0904
78,78000,0.100,-0.305,10568,0.0969
79,79000,0.100,-0.360,10578,0.0933
80,80000,0.100,-0.305,10568,0.0969
81,81000,0.100,-0.398,10585,0.0907
82,82000,0.100,-0.305,10568,0.0969
83,83000,0.100,-0.267,10561,0.0995
84,84000,0.100,0.286,10558,0.1006
85,85000,0.100,0.335,10549,0.1038
86,86000,0.100,-0.316,10570,0.0962
87,87000,0.100,0.329,10550,0.1035
88,88000,0.100,0.286,10558,0.1006
89,89000,0.100,0.384,10540,0.1071
90,90000,0.100,0.395,10538,0.1079
91,91000,0.100,0.756,10472,0.1319
92,92000,0.100,0.389,10539,0.1075
93,93000,0.100,0.406,10536,0.1086
94,94000,0.100,0.450,10528,0.1115
95,95000,0.100,0.439,10530,0.1108
96,96000,0.100,0.439,10530,0.1108
97,97000,0.100,0.384,10540,0.1071
98,98000,0.100,0.417,10534,0.1093
99,99000,0.100,0.346,10547,0.1046
100,100000,0.100,0.450,10528,0.1115
101,101000,0.100,0.450,10528,0.1115
102,102000,0.100,0.488,10521,0.1141
103,103000,0.100,0.450,10528,0.1115
104,104000,0.100,0.477,10523,0.1133
105,105000,0.100,0.450,10528,0.1115
106,106000,0.100,0.384,10540,0.1071
107,107000,0.100,0.460,10526,0.1122
108,108000,0.100,0.444,10529,0.1111
109,109000,0.100,0.477,10523,0.1133
110,110000,0.100,0.433,10531,0.1104
111,111000,0.100,0.439,10530,0.1108
112,112000,0.100,0.450,10528,0.1115
113,113000,0.100,0.460,10526,0.1122
114,114000,0.100,0.417,10534,0.1093
115,115000,0.100,0.428,10532,0.1100
116,116000,0.100,0.433,10531,0.1104
117,117000,0.100,0.471,10524,0.1130
118,118000,0.100,0.460,10526,0.1122
119,119000,0.100,0.625,10496,0.1232
120,120000,0.100,0.482,10522,0.1137
121,121000,0.100,0.482,10522,0.1137
122,122000,0.100,0.296,10556,0.1013
123,123000,0.100,0.477,10523,0.1133
124,124000,0.100,0.439,10530,0.1108
125,125000,0.100,0.548,10510,0.1181
126,126000,0.100,0.439,10530,0.1108
127,127000,0.100,0.439,10530,0.1108
128,128000,0.100,0.373,10542,0.1064
129,129000,0.100,0.439,10530,0.1108
130,130000,0.100,0.428,10532,0.1100
131,131000,0.100,0.439,10530,0.1108
132,132000,0.100,0.395,10538,0.1079
133,133000,0.100,0.406,10536,0.1086
134,134000,0.100,0.406,10536,0.1086
135,135000,0.100,-0.261,10560,0.0998
136,136000,0.100,0.340,10548,0.1042
137,137000,0.100,0.362,10544,0.1057
138,138000,0.100,0.389,10539,0.1075
139,139000,0.100,-0.261,10560,0.0998
140,140000,0.100,0.450,10528,0.1115
141,141000,0.100,0.362,10544,0.1057
142,142000,0.100,0.340,10548,0.1042
143,143000,0.100,0.362,10544,0.1057
144,144000,0.100,0.351,10546,0.1049
145,145000,0.100,0.340,10548,0.1042
146,146000,0.100,0.406,10536,0.1086
147,147000,0.100,0.384,10540,0.1071
148,148000,0.100,0.291,10557,0.1009
149,149000,0.100,0.346,10547,0.1046
150,150000,0.100,0.324,10551,0.1031
151,151000,0.100,0.296,10556,0.1013
152,152000,0.100,-0.261,10560,0.0998
153,153000,0.100,0.302,10555,0.1017
154,154000,0.100,0.296,10556,0.1013
155,155000,0.100,0.296,10556,0.1013
156,156000,0.100,-0.294,10566,0.0977
157,157000,0.100,0.296,10556,0.1013
158,158000,0.100,0.286,10558,0.1006
159,159000,0.100,0.286,10558,0.1006
160,160000,0.100,0.335,10549,0.1038
161,161000,0.100,-0.272,10562,0.0991
162,162000,0.100,0.318,10552,0.1028
163,163000,0.100,-0.376,10581,0.0922
164,164000,0.100,-0.261,10560,0.0998
165,165000,0.100,-0.283,10564,0.0984
166,166000,0.100,-0.283,10564,0.0984
167,167000,0.100,-0.283,10564,0.0984
168,168000,0.100,-0.261,10560,0.0998
169,169000,0.100,-0.316,10570,0.0962
170,170000,0.100,-0.294,10566,0.0977
171,171000,0.100,-0.425,10590,0.0889
172,172000,0.100,-0.305,10568,0.0969
173,173000,0.100,-0.305,10568,0.0969
174,174000,0.100,-0.294,10566,0.0977
175,175000,0.100,-0.278,10563,0.0987
176,176000,0.100,-0.261,10560,0.0998
177,177000,0.100,-0.289,10565,0.0980
178,178000,0.100,-0.272,10562,0.0991
179,179000,0.100,-0.261,10560,0.0998
180,180000,0.100,-0.261,10560,0.0998
181,181000,0.100,0.318,10552,0.1028
182,182000,0.100,-0.425,10590,0.0889
183,183000,0.100,-0.294,10566,0.0977
184,184000,0.100,-0.283,10564,0.0984
185,185000,0.100,-0.272,10562,0.0991
186,186000,0.100,-0.311,10569,0.0966
187,187000,0.100,-0.666,10634,0.0729
188,188000,0.100,-0.294,10566,0.0977
189,189000,0.100,-0.283,10564,0.0984
190,190000,0.100,-0.305,10568,0.0969
191,191000,0.100,-0.294,10566,0.0977
192,192000,0.100,-0.294,10566,0.0977
193,193000,0.100,-0.272,10562,0.0991
194,194000,0.100,-0.294,10566,0.0977
195,195000,0.100,-0.272,10562,0.0991
196,196000,0.100,0.318,10552,0.1028
197,197000,0.100,-0.305,10568,0.0969
198,198000,0.100,0.318,10552,0.1028
199,199000,0.100,-0.272,10562,0.0991
200,200000,0.100,0.307,10554,0.1020
201,201000,0.100,-0.349,10576,0.0940
202,202000,0.100,-0.294,10566,0.0977
203,203000,0.100,0.286,10558,0.1006
204,204000,0.100,-0.316,10570,0.0962
205,205000,0.100,-0.267,10561,0.0995
206,206000,0.100,-0.261,10560,0.0998
207,207000,0.100,0.302,10555,0.1017
208,208000,0.100,-0.272,10562,0.0991
209,209000,0.100,-0.316,10570,0.0962
210,210000,0.100,-0.278,10563,0.0987
211,211000,0.100,0.286,10558,0.1006
212,212000,0.100,-0.261,10560,0.0998
213,213000,0.100,0.291,10557,0.1009
214,214000,0.100,-0.333,10573,0.0951
215,215000,0.100,0.302,10555,0.1017
216,216000,0.100,0.286,10558,0.1006
217,217000,0.100,-0.272,10562,0.0991
218,218000,0.100,-0.557,10614,0.0802
219,219000,0.100,-0.447,10594,0.0874
220,220000,0.100,0.302,10555,0.1017
221,221000,0.100,0.286,10558,0.1006
222,222000,0.100,-0.261,10560,0.0998
223,223000,0.100,0.286,10558,0.1006
224,224000,0.100,0.296,10556,0.1013
225,225000,0.100,-0.272,10562,0.0991
226,226000,0.100,-0.261,10560,0.0998
227,227000,0.100,0.329,10550,0.1035
228,228000,0.100,0.286,10558,0.1006
229,229000,0.100,-0.272,10562,0.0991
230,230000,0.100,0.307,10554,0.1020
231,231000,0.100,0.296,10556,0.1013
232,232000,0.100,0.324,10551,0.1031
233,233000,0.100,0.395,10538,0.1079
234,234000,0.100,-0.261,10560,0.0998
235,235000,0.100,0.286,10558,0.1006
236,236000,0.100,0.296,10556,0.1013
237,237000,0.100,0.286,10558,0.1006
238,238000,0.100,0.318,10552,0.1028
239,239000,0.100,-0.272,10562,0.0991
240,240000,0.100,0.291,10557,0.1009
241,241000,0.100,0.302,10555,0.1017
242,242000,0.100,-0.261,10560,0.0998
243,243000,0.100,0.296,10556,0.1013
244,244000,0.100,-0.261,10560,0.0998
245,245000,0.100,0.384,10540,0.1071
246,246000,0.100,-0.283,10564,0.0984
247,247000,0.100,-0.305,10568,0.0969
248,248000,0.100,0.280,10559,0.1002
249,249000,0.100,0.406,10536,0.1086
250,250000,0.100,0.351,10546,0.1049
251,251000,0.100,0.450,10528,0.1115
252,252000,0.100,-0.294,10566,0.0977
253,253000,0.100,0.296,10556,0.1013
254,254000,0.100,-0.278,10563,0.0987
255,255000,0.100,0.296,10556,0.1013
256,256000,0.100,-0.261,10560,0.0998
257,257000,0.100,0.302,10555,0.1017
258,258000,0.100,-0.283,10564,0.0984
259,259000,0.100,0.291,10557,0.1009
260,260000,0.100,0.307,10554,0.1020
261,261000,0.100,0.318,10552,0.1028
262,262000,0.100,-0.272,10562,0.0991
263,263000,0.100,0.286,10558,0.1006
264,264000,0.100,0.286,10558,0.1006
265,265000,0.100,0.307,10554,0.1020
266,266000,0.100,0.291,10557,0.1009
267,267000,0.100,-0.272,10562,0.0991
268,268000,0.100,-0.294,10566,0.0977
269,269000,0.100,0.351,10546,0.1049
270,270000,0.100,0.302,10555,0.1017
271,271000,0.100,-0.261,10560,0.0998
272,272000,0.100,-0.267,10561,0.0995
273,273000,0.100,-0.294,10566,0.0977
274,274000,0.100,0.302,10555,0.1017
275,275000,0.100,0.307,10554,0.1020
276,276000,0.100,-0.261,10560,0.0998
277,277000,0.100,-0.261,10560,0.0998
278,278000,0.100,-0.283,10564,0.0984
279,279000,0.100,-0.261,10560,0.0998
280,280000,0.100,-0.272,10562,0.0991
281,281000,0.100,0.302,10555,0.1017
282,282000,0.100,0.307,10554,0.1020
283,283000,0.100,-0.360,10578,0.0933
284,284000,0.100,-0.261,10560,0.0998
285,285000,0.100,-0.316,10570,0.0962
286,286000,0.100,0.307,10554,0.1020
287,287000,0.100,-0.261,10560,0.0998
288,288000,0.100,0.307,10554,0.1020
289,289000,0.100,-0.261,10560,0.0998
290,290000,0.100,0.318,10552,0.1028
291,291000,0.100,0.307,10554,0.1020
292,292000,0.100,0.286,10558,0.1006
293,293000,0.100,0.318,10552,0.1028
294,294000,0.100,0.302,10555,0.1017
295,295000,0.100,-0.513,10606,0.0831
296,296000,0.100,-0.261,10560,0.0998
297,297000,0.100,0.302,10555,0.1017
298,298000,0.100,-0.267,10561,0.0995
299,299000,0.100,-0.289,10565,0.0980
300,300000,0.100,-0.272,10562,0.0991
301,301000,0.100,0.286,10558,0.1006
302,302000,0.100,0.286,10558,0.1006
303,303000,0.100,0.296,10556,0.1013
304,304000,0.100,0.286,10558,0.1006
305,305000,0.100,0.307,10554,0.1020
306,306000,0.100,0.286,10558,0.1006
307,307000,0.100,0.286,10558,0.1006
308,308000,0.100,0.286,10558,0.1006
309,309000,0.100,-0.261,10560,0.0998
310,310000,0.100,0.329,10550,0.1035
311,311000,0.100,0.296,10556,0.1013
312,312000,0.100,-0.261,10560,0.0998
313,313000,0.100,0.422,10533,0.1097
314,314000,0.100,0.286,10558,0.1006
315,315000,0.100,-0.261,10560,0.0998
316,316000,0.100,-0.272,10562,0.0991
317,317000,0.100,0.286,10558,0.1006
318,318000,0.100,-0.272,10562,0.0991
319,319000,0.100,0.280,10559,0.1002
320,320000,0.100,0.296,10556,0.1013
321,321000,0.100,0.307,10554,0.1020
322,322000,0.100,-0.261,10560,0.0998
323,323000,0.100,-0.261,10560,0.0998
324,324000,0.100,0.296,10556,0.1013
325,325000,0.100,0.318,10552,0.1028
326,326000,0.100,0.302,10555,0.1017
327,327000,0.100,0.335,10549,0.1038
328,328000,0.100,-0.261,10560,0.0998
329,329000,0.100,0.302,10555,0.1017
330,330000,0.100,-0.272,10562,0.0991
331,331000,0.100,0.329,10550,0.1035
332,332000,0.100,0.296,10556,0.1013
333,333000,0.100,-0.261,10560,0.0998
334,334000,0.100,0.286,10558,0.1006
335,335000,0.100,0.307,10554,0.1020
336,336000,0.100,0.291,10557,0.1009
337,337000,0.100,0.307,10554,0.1020
338,338000,0.100,0.296,10556,0.1013
339,339000,0.100,0.318,10552,0.1028
340,340000,0.100,0.318,10552,0.1028
341,341000,0.100,0.296,10556,0.1013
342,342000,0.100,-0.261,10560,0.0998
343,343000,0.100,0.302,10555,0.1017
344,344000,0.100,-0.261,10560,0.0998
345,345000,0.100,-0.409,10587,0.0900
346,346000,0.100,0.286,10558,0.1006
347,347000,0.100,-0.404,10586,0.0904
348,348000,0.100,-0.283,10564,0.0984
349,349000,0.100,-0.349,10576,0.0940
350,350000,0.100,0.318,10552,0.1028
351,351000,0.100,-0.261,10560,0.0998
352,352000,0.100,-0.272,10562,0.0991
353,353000,0.100,0.307,10554,0.1020
354,354000,0.100,0.307,10554,0.1020
355,355000,0.100,-0.442,10593,0.0878
356,356017,0.100,-0.710,10642,0.0699
357,357000,0.100,-0.261,10560,0.0998
358,358000,0.100,-0.316,10570,0.0962
359,359000,0.100,0.307,10554,0.1020
360,360000,0.100,0.286,10558,0.1006
361,361000,0.100,-0.261,10560,0.0998
362,362000,0.100,0.346,10547,0.1046
363,363000,0.100,-0.261,10560,0.0998
364,364000,0.100,0.291,10557,0.1009
365,365000,0.100,-0.261,10560,0.0998
366,366000,0.100,0.296,10556,0.1013
367,367000,0.100,-0.261,10560,0.0998
368,368000,0.100,0.286,10558,0.1006
369,369000,0.100,0.286,10558,0.1006
370,370000,0.100,0.362,10544,0.1057
371,371000,0.100,0.286,10558,0.1006
372,372000,0.100,0.296,10556,0.1013
373,373000,0.100,0.286,10558,0.1006
374,374000,0.100,-0.305,10568,0.0969
375,375000,0.100,0.307,10554,0.1020
376,376000,0.100,-0.535,10610,0.0816
377,377000,0.100,-0.261,10560,0.0998
378,378000,0.100,0.286,10558,0.1006
379,379000,0.100,-0.305,10568,0.0969
380,380000,0.100,0.329,10550,0.1035
381,381000,0.100,-0.305,10568,0.0969
382,382000,0.100,0.307,10554,0.1020
383,383000,0.100,-0.305,10568,0.0969
384,384000,0.100,0.286,10558,0.1006
385,385000,0.100,0.296,10556,0.1013
386,386000,0.100,0.307,10554,0.1020
387,387000,0.100,-0.267,10561,0.0995
388,388000,0.100,-0.261,10560,0.0998
389,389000,0.100,0.286,10558,0.1006
390,390000,0.100,0.286,10558,0.1006
391,391000,0.100,0.302,10555,0.1017
392,392000,0.100,0.324,10551,0.1031
393,393000,0.100,0.340,10548,0.1042
394,394000,0.100,0.296,10556,0.1013
395,395000,0.100,0.286,10558,0.1006
396,396000,0.100,0.296,10556,0.1013
397,397000,0.100,0.329,10550,0.1035
398,398000,0.100,-0.316,10570,0.0962
399,399000,0.100,-0.261,10560,0.0998
400,400000,0.100,-0.300,10567,0.0973
401,401000,0.100,0.286,10558,0.1006
402,402000,0.100,0.318,10552,0.1028
403,403000,0.100,0.296,10556,0.1013
404,404000,0.100,-0.289,10565,0.0980
405,405000,0.100,-0.272,10562,0.0991
406,406000,0.100,-0.272,10562,0.0991
407,407000,0.100,0.307,10554,0.1020
408,408000,0.100,-0.382,10582,0.0918
409,409000,0.100,0.307,10554,0.1020
410,410000,0.100,0.302,10555,0.1017
411,411000,0.100,0.313,10553,0.1024
412,412000,0.100,0.286,10558,0.1006
413,413000,0.100,0.318,10552,0.1028
414,414000,0.100,0.340,10548,0.1042
415,415000,0.100,-0.267,10561,0.0995
416,416000,0.100,-0.272,10562,0.0991
417,417000,0.100,0.307,10554,0.1020
418,418000,0.100,0.346,10547,0.1046
419,419000,0.100,0.307,10554,0.1020
420,420000,0.100,0.296,10556,0.1013
421,421000,0.100,0.286,10558,0.1006
422,422000,0.100,0.286,10558,0.1006
423,423000,0.100,0.291,10557,0.1009
424,424000,0.100,0.286,10558,0.1006
425,425000,0.100,-0.261,10560,0.0998
426,426000,0.100,0.307,10554,0.1020
427,427000,0.100,0.318,10552,0.1028
428,428000,0.100,0.286,10558,0.1006
429,429000,0.100,-0.305,10568,0.0969
430,430000,0.100,0.291,10557,0.1009
431,431000,0.100,0.286,10558,0.1006
432,432000,0.100,-0.261,10560,0.0998
433,433000,0.100,-0.261,10560,0.0998
434,434000,0.100,0.286,10558,0.1006
435,435000,0.100,-0.261,10560,0.0998
436,436000,0.100,-0.349,10576,0.0940
437,437000,0.100,0.286,10558,0.1006
438,438000,0.100,0.302,10555,0.1017
439,439000,0.100,-0.294,10566,0.0977
440,440000,0.100,-0.278,10563,0.0987
441,441000,0.100,-0.261,10560,0.0998
442,442000,0.100,-0.305,10568,0.0969
443,443000,0.100,-0.272,10562,0.0991
444,444000,0.100,-0.294,10566,0.0977
445,445000,0.100,-0.261,10560,0.0998
446,446000,0.100,0.286,10558,0.1006
447,447000,0.100,0.307,10554,0.1020
448,448000,0.100,-0.272,10562,0.0991
449,449000,0.100,-0.349,10576,0.0940
450,450000,0.100,-0.272,10562,0.0991
451,451000,0.100,-0.272,10562,0.0991
452,452000,0.100,-0.365,10579,0.0929
453,453000,0.100,-0.261,10560,0.0998
454,454000,0.100,0.286,10558,0.1006
455,455000,0.100,-0.278,10563,0.0987
456,456000,0.100,-0.261,10560,0.0998
457,457000,0.100,0.296,10556,0.1013
458,458000,0.100,-0.261,10560,0.0998
459,459000,0.100,-0.480,10600,0.0853
460,460000,0.100,-0.278,10563,0.0987
461,461000,0.100,-0.261,10560,0.0998
462,462000,0.100,-0.261,10560,0.0998
463,463000,0.100,0.351,10546,0.1049
464,464000,0.100,0.329,10550,0.1035
465,465000,0.100,-0.283,10564,0.0984
466,466000,0.100,0.291,10557,0.1009
467,467000,0.100,-0.272,10562,0.0991
468,468000,0.100,-0.261,10560,0.0998
469,469000,0.100,-0.261,10560,0.0998
470,470000,0.100,-0.272,10562,0.0991
471,471000,0.100,-0.261,10560,0.0998
472,472000,0.100,0.313,10553,0.1024
473,473000,0.100,-0.261,10560,0.0998
474,474000,0.100,-0.261,10560,0.0998
475,475000,0.100,-0.272,10562,0.0991
476,476000,0.100,-0.272,10562,0.0991
477,477000,0.100,0.329,10550,0.1035
478,478000,0.100,-0.294,10566,0.0977
479,479000,0.100,-0.261,10560,0.0998
480,480000,0.100,-0.272,10562,0.0991
481,481000,0.100,-0.316,10570,0.0962
482,482000,0.100,-0.278,10563,0.0987
483,483000,0.100,-0.294,10566,0.0977
484,484000,0.100,-0.261,10560,0.0998
485,485000,0.100,0.296,10556,0.1013
486,486000,0.100,-0.261,10560,0.0998
487,487000,0.100,0.307,10554,0.1020
488,488000,0.100,-0.261,10560,0.0998
489,489000,0.100,-0.327,10572,0.0955
490,490000,0.100,0.296,10556,0.1013
491,491000,0.100,0.286,10558,0.1006
492,492000,0.100,0.291,10557,0.1009
493,493000,0.100,-0.393,10584,0.0911
494,494000,0.100,0.291,10557,0.1009
495,495000,0.100,-0.327,10572,0.0955
496,496000,0.100,0.286,10558,0.1006
497,497000,0.100,-0.294,10566,0.0977
498,498000,0.100,0.291,10557,0.1009
499,499000,0.100,-0.261,10560,0.0998
500,500000,0.100,0.286,10558,0.1006
501,501000,0.100,-0.267,10561,0.0995
502,502000,0.100,-0.333,10573,0.0951
503,503000,0.100,0.329,10550,0.1035
504,504000,0.100,-0.327,10572,0.0955
505,505000,0.100,-0.261,10560,0.0998
506,506000,0.100,-0.261,10560,0.0998
507,507000,0.100,-0.261,10560,0.0998
508,508000,0.100,-0.272,10562,0.0991
509,509000,0.100,-0.294,10566,0.0977
510,510000,0.100,-0.261,10560,0.0998
511,511000,0.100,0.286,10558,0.1006
512,512000,0.100,-0.305,10568,0.0969
513,513000,0.100,-0.261,10560,0.0998
514,514000,0.100,0.286,10558,0.1006
515,515000,0.100,-0.393,10584,0.0911
516,516000,0.100,-0.294,10566,0.0977
517,517000,0.100,0.280,10559,0.1002
518,518000,0.100,-0.272,10562,0.0991
519,519000,0.100,0.307,10554,0.1020
520,520000,0.100,0.307,10554,0.1020
521,521000,0.100,-0.261,10560,0.0998
522,522000,0.100,-0.305,10568,0.0969
523,523000,0.100,-0.278,10563,0.0987
524,524000,0.100,0.307,10554,0.1020
525,525000,0.100,0.318,10552,0.1028
526,526000,0.100,-0.261,10560,0.0998
527,527000,0.100,-0.261,10560,0.0998
528,528000,0.100,0.286,10558,0.1006
529,529000,0.100,0.493,10520,0.1144
530,530000,0.100,0.296,10556,0.1013
531,531000,0.100,-0.267,10561,0.0995
532,532000,0.100,-0.283,10564,0.0984
533,533000,0.100,-0.272,10562,0.0991
534,534000,0.100,-0.261,10560,0.0998
535,535000,0.100,0.307,10554,0.1020
536,536000,0.100,0.351,10546,0.1049
537,537000,0.100,-0.272,10562,0.0991
538,538000,0.100,-0.283,10564,0.0984
539,539000,0.100,-0.491,10602,0.0845
540,540000,0.100,0.329,10550,0.1035
541,541000,0.100,0.286,10558,0.1006
542,542000,0.100,-0.267,10561,0.0995
543,543000,0.100,-0.278,10563,0.0987
544,544000,0.100,-0.294,10566,0.0977
545,545000,0.100,-0.261,10560,0.0998
546,546000,0.100,-0.294,10566,0.0977
547,547000,0.100,-0.261,10560,0.0998
548,548000,0.100,0.296,10556,0.1013
549,549000,0.100,-0.261,10560,0.0998
550,550000,0.100,-0.283,10564,0.0984
551,551000,0.100,0.291,10557,0.1009
552,552000,0.100,0.286,10558,0.1006
553,553000,0.100,0.307,10554,0.1020
554,554000,0.100,0.313,10553,0.1024
555,555000,0.100,0.450,10528,0.1115
556,556000,0.100,-0.272,10562,0.0991
557,557000,0.100,-0.272,10562,0.0991
558,558000,0.100,-0.272,10562,0.0991
559,559000,0.100,0.286,10558,0.1006
560,560000,0.100,0.384,10540,0.1071
561,561000,0.100,0.296,10556,0.1013
562,562000,0.100,0.318,10552,0.1028
563,563000,0.100,0.313,10553,0.1024
564,564000,0.100,0.318,10552,0.1028
565,565000,0.100,-0.371,10580,0.0925
566,566000,0.100,-0.267,10561,0.0995
567,567000,0.100,-0.261,10560,0.0998
568,568000,0.100,-0.283,10564,0.0984
569,569000,0.100,-0.261,10560,0.0998
570,570000,0.100,-0.283,10564,0.0984
571,571000,0.100,-0.322,10571,0.0958
572,572000,0.100,-0.261,10560,0.0998
573,573000,0.100,0.286,10558,0.1006
574,574000,0.100,0.307,10554,0.1020
575,575000,0.100,0.302,10555,0.1017
576,576000,0.100,0.286,10558,0.1006
577,577000,0.100,-0.398,10585,0.0907
578,578000,0.100,-0.289,10565,0.0980
579,579000,0.100,0.307,10554,0.1020
580,580000,0.100,-0.261,10560,0.0998
581,581000,0.100,-0.261,10560,0.0998
582,582000,0.100,-0.261,10560,0.0998
583,583000,0.100,-0.261,10560,0.0998
584,584000,0.100,-0.261,10560,0.0998
585,585000,0.100,0.318,10552,0.1028
586,586000,0.100,-0.272,10562,0.0991
587,587000,0.100,0.428,10532,0.1100
588,588000,0.100,0.286,10558,0.1006
589,589000,0.100,0.351,10546,0.1049
590,590000,0.100,0.307,10554,0.1020
591,591000,0.100,0.296,10556,0.1013
592,592000,0.100,0.329,10550,0.1035
593,593000,0.100,0.318,10552,0.1028
594,594000,0.100,0.296,10556,0.1013
595,595000,0.100,-0.272,10562,0.0991
596,596000,0.100,0.280,10559,0.1002
597,597000,0.100,-0.261,10560,0.0998
598,598000,0.100,-0.261,10560,0.0998
599,599000,0.100,-0.261,10560,0.0998
# end capture 14
# batch capture 3/5
# capture 15 kp=-15.00 dir=+ dt_us=1000 samples=600 sat=0
0,0,0.100,-3.214,11100,-0.0970
1,1000,0.100,-3.192,11096,-0.0955
2,2000,0.100,-3.203,11098,-0.0963
3,3000,0.100,-3.192,11096,-0.0955
4,4000,0.100,-3.181,11094,-0.0948
5,5000,0.100,-3.192,11096,-0.0955
6,6000,0.100,-3.269,11110,-0.1006
7,7000,0.100,-3.159,11090,-0.0934
8,8000,0.100,-3.225,11102,-0.0977
9,9000,0.100,-3.137,11086,-0.0919
10,10000,0.100,-3.148,11088,-0.0926
11,11000,0.100,-3.061,11072,-0.0868
12,12000,0.100,-3.127,11084,-0.0912
13,13000,0.100,-3.203,11098,-0.0963
14,14000,0.100,-3.028,11066,-0.0846
15,15000,0.100,-2.973,11056,-0.0810
16,16000,0.100,-2.952,11052,-0.0795
17,17000,0.100,-2.831,11030,-0.0715
18,18000,0.100,-2.891,11041,-0.0755
19,19000,0.100,-2.831,11030,-0.0715
20,20000,0.100,-2.875,11038,-0.0744
21,21000,0.100,-2.766,11018,-0.0671
22,22000,0.100,-2.733,11012,-0.0649
23,23000,0.100,-2.678,11002,-0.0613
24,24000,0.100,-2.624,10992,-0.0576
25,25000,0.100,-2.624,10992,-0.0576
26,26000,0.100,-2.558,10980,-0.0533
27,27000,0.100,-2.509,10971,-0.0500
28,28000,0.100,-2.459,10962,-0.0467
29,29000,0.100,-2.438,10958,-0.0452
30,30000,0.100,-2.350,10942,-0.0394
31,31000,0.100,-2.290,10931,-0.0354
32,32000,0.100,-2.295,10932,-0.0358
33,33000,0.100,-2.131,10902,-0.0248
34,34000,0.100,-2.153,10906,-0.0263
35,35000,0.100,-2.120,10900,-0.0241
36,36000,0.100,-2.049,10887,-0.0194
37,37000,0.100,-1.978,10874,-0.0146
38,38000,0.100,-1.956,10870,-0.0132
39,39000,0.100,-1.902,10860,-0.0095
40,40000,0.100,-1.836,10848,-0.0051
41,41000,0.100,-1.760,10834,-0.0000
42,42000,0.100,-1.771,10836,-0.0008
43,43000,0.100,-1.716,10826,0.0029
44,44000,0.100,-1.661,10816,0.0065
45,45000,0.100,-1.634,10811,0.0083
46,46000,0.100,-1.552,10796,0.0138
47,47000,0.100,-1.574,10800,0.0124
48,48000,0.100,-1.399,10768,0.0240
49,49000,0.100,-1.464,10780,0.0196
50,50000,0.100,-1.399,10768,0.0240
51,51000,0.100,-1.355,10760,0.0269
52,52000,0.100,-1.240,10739,0.0346
53,53000,0.100,-1.240,10739,0.0346
54,54000,0.100,-1.399,10768,0.0240
55,55000,0.100,-1.169,10726,0.0393
56,56000,0.100,-1.016,10698,0.0495
57,57000,0.100,-1.049,10704,0.0473
58,58000,0.100,-1.147,10722,0.0408
59,59000,0.100,-0.983,10692,0.0517
60,60000,0.100,-0.961,10688,0.0532
61,61000,0.100,-0.879,10673,0.0586
62,62000,0.100,-0.874,10672,0.0590
63,63000,0.100,-0.830,10664,0.0619
64,64000,0.100,-0.764,10652,0.0663
65,65000,0.100,-0.786,10656,0.0648
66,66000,0.100,-0.732,10646,0.0685
67,67000,0.100,-0.732,10646,0.0685
68,68000,0.100,-0.688,10638,0.0714
69,69000,0.100,-0.655,10632,0.0736
70,70000,0.100,-0.688,10638,0.0714
71,71000,0.100,-0.546,10612,0.0809
72,72000,0.100,-0.535,10610,0.0816
73,73000,0.100,-0.513,10606,0.0831
74,74000,0.100,-0.464,10597,0.0864
75,75000,0.100,-0.393,10584,0.0911
76,76000,0.100,-0.436,10592,0.0882
77,77000,0.100,-0.409,10587,0.0900
78,78000,0.100,-0.425,10590,0.0889
79,79000,0.100,0.504,10518,0.1151
80,80000,0.100,-0.322,10571,0.0958
81,81000,0.100,-0.305,10568,0.0969
82,82000,0.100,-0.278,10563,0.0987
83,83000,0.100,-0.272,10562,0.0991
84,84000,0.100,0.307,10554,0.1020
85,85000,0.100,-0.261,10560,0.0998
86,86000,0.100,0.307,10554,0.1020
87,87000,0.100,0.417,10534,0.1093
88,88000,0.100,0.362,10544,0.1057
89,89000,0.100,0.384,10540,0.1071
90,90000,0.100,0.351,10546,0.1049
91,91000,0.100,0.422,10533,0.1097
92,92000,0.100,0.400,10537,0.1082
93,93000,0.100,0.428,10532,0.1100
94,94000,0.100,0.428,10532,0.1100
95,95000,0.100,0.439,10530,0.1108
96,96000,0.100,0.433,10531,0.1104
97,97000,0.100,0.439,10530,0.1108
98,98000,0.100,0.460,10526,0.1122
99,99000,0.100,0.389,10539,0.1075
100,100000,0.100,0.450,10528,0.1115
101,101000,0.100,0.466,10525,0.1126
102,102000,0.100,0.406,10536,0.1086
103,103000,0.100,0.384,10540,0.1071
104,104000,0.100,0.439,10530,0.1108
105,105000,0.100,0.417,10534,0.1093
106,106000,0.100,0.433,10531,0.1104
107,107000,0.100,0.493,10520,0.1144
108,108000,0.100,0.428,10532,0.1100
109,109000,0.100,0.460,10526,0.1122
110,110000,0.100,0.450,10528,0.1115
111,111000,0.100,0.433,10531,0.1104
112,112000,0.100,0.439,10530,0.1108
113,113000,0.100,0.439,10530,0.1108
114,114000,0.100,0.433,10531,0.1104
115,115000,0.100,0.482,10522,0.1137
116,116000,0.100,0.395,10538,0.1079
117,117000,0.100,0.450,10528,0.1115
118,118000,0.100,0.428,10532,0.1100
119,119000,0.100,0.460,10526,0.1122
120,120000,0.100,0.482,10522,0.1137
121,121000,0.100,0.460,10526,0.1122
122,122000,0.100,-0.480,10600,0.0853
123,123000,0.100,0.406,10536,0.1086
124,124000,0.100,0.526,10514,0.1166
125,125000,0.100,0.417,10534,0.1093
126,126000,0.100,0.428,10532,0.1100
127,127000,0.100,0.477,10523,0.1133
128,128000,0.100,0.422,10533,0.1097
129,129000,0.100,0.439,10530,0.1108
130,130000,0.100,0.439,10530,0.1108
131,131000,0.100,0.406,10536,0.1086
132,132000,0.100,0.433,10531,0.1104
133,133000,0.100,0.471,10524,0.1130
134,134000,0.100,0.395,10538,0.1079
135,135000,0.100,0.417,10534,0.1093
136,136000,0.100,0.389,10539,0.1075
137,137000,0.100,0.406,10536,0.1086
138,138000,0.100,0.581,10504,0.1203
139,139000,0.100,0.395,10538,0.1079
140,140000,0.100,0.373,10542,0.1064
141,141000,0.100,0.395,10538,0.1079
142,142000,0.100,0.400,10537,0.1082
143,143000,0.100,0.406,10536,0.1086
144,144000,0.100,0.389,10539,0.1075
145,145000,0.100,0.318,10552,0.1028
146,146000,0.100,0.340,10548,0.1042
147,147000,0.100,0.329,10550,0.1035
148,148000,0.100,0.362,10544,0.1057
149,149000,0.100,0.351,10546,0.1049
150,150000,0.100,0.318,10552,0.1028
151,151000,0.100,0.329,10550,0.1035
152,152000,0.100,0.329,10550,0.1035
153,153000,0.100,0.307,10554,0.1020
154,154000,0.100,-0.354,10577,0.0936
155,155000,0.100,0.291,10557,0.1009
156,156000,0.100,0.307,10554,0.1020
157,157000,0.100,-0.272,10562,0.0991
158,158000,0.100,-0.261,10560,0.0998
159,159000,0.100,-0.261,10560,0.0998
160,160000,0.100,0.307,10554,0.1020
161,161000,0.100,-0.261,10560,0.0998
162,162000,0.100,-0.272,10562,0.0991
163,163000,0.100,-0.289,10565,0.0980
164,164000,0.100,-0.261,10560,0.0998
165,165000,0.100,-0.261,10560,0.0998
166,166000,0.100,-0.278,10563,0.0987
167,167000,0.100,-0.272,10562,0.0991
168,168000,0.100,-0.283,10564,0.0984
169,169000,0.100,-0.272,10562,0.0991
170,170000,0.100,-0.513,10606,0.0831
171,171000,0.100,-0.283,10564,0.0984
172,172000,0.100,-0.261,10560,0.0998
173,173000,0.100,-0.261,10560,0.0998
174,174000,0.100,-0.278,10563,0.0987
175,175000,0.100,0.296,10556,0.1013
176,176000,0.100,0.307,10554,0.1020
177,177000,0.100,-0.272,10562,0.0991
178,178000,0.100,-0.338,10574,0.0947
179,179000,0.100,-0.393,10584,0.0911
180,180000,0.100,-0.261,10560,0.0998
181,181000,0.100,-0.283,10564,0.0984
182,182000,0.100,-0.283,10564,0.0984
183,183000,0.100,-0.420,10589,0.0893
184,184000,0.100,-0.272,10562,0.0991
185,185000,0.100,-0.316,10570,0.0962
186,186000,0.100,-0.261,10560,0.0998
187,187000,0.100,-0.261,10560,0.0998
188,188000,0.100,-0.322,10571,0.0958
189,189000,0.100,-0.272,10562,0.0991
190,190000,0.100,-0.294,10566,0.0977
191,191000,0.100,0.346,10547,0.1046
192,192000,0.100,-0.327,10572,0.0955
193,193000,0.100,0.329,10550,0.1035
194,194000,0.100,-0.283,10564,0.0984
195,195000,0.100,-0.294,10566,0.0977
196,196000,0.100,-0.283,10564,0.0984
197,197000,0.100,-0.300,10567,0.0973
198,198000,0.100,-0.283,10564,0.0984
199,199000,0.100,-0.294,10566,0.0977
200,200000,0.100,-0.371,10580,0.0925
201,201000,0.100,-0.294,10566,0.0977
202,202000,0.100,-0.305,10568,0.0969
203,203000,0.100,0.307,10554,0.1020
204,204000,0.100,-0.261,10560,0.0998
205,205000,0.100,-0.283,10564,0.0984
206,206000,0.100,-0.409,10587,0.0900
207,207000,0.100,0.291,10557,0.1009
208,208000,0.100,0.296,10556,0.1013
209,209000,0.100,0.302,10555,0.1017
210,210000,0.100,0.318,10552,0.1028
211,211000,0.100,-0.294,10566,0.0977
212,212000,0.100,-0.316,10570,0.0962
213,213000,0.100,-0.261,10560,0.0998
214,214000,0.100,-0.278,10563,0.0987
215,215000,0.100,-0.272,10562,0.0991
216,216000,0.100,0.302,10555,0.1017
217,217000,0.100,-0.261,10560,0.0998
218,218000,0.100,0.329,10550,0.1035
219,219000,0.100,-0.294,10566,0.0977
220,220000,0.100,-0.261,10560,0.0998
221,221000,0.100,0.318,10552,0.1028
222,222000,0.100,-0.261,10560,0.0998
223,223000,0.100,0.296,10556,0.1013
224,224000,0.100,-0.294,10566,0.0977
225,225000,0.100,-0.491,10602,0.0845
226,226000,0.100,-0.272,10562,0.0991
227,227000,0.100,0.302,10555,0.1017
228,228000,0.100,0.286,10558,0.1006
229,229000,0.100,-0.305,10568,0.0969
230,230000,0.100,-0.272,10562,0.0991
231,231000,0.100,-0.261,10560,0.0998
232,232000,0.100,-0.261,10560,0.0998
233,233000,0.100,-0.261,10560,0.0998
234,234000,0.100,0.286,10558,0.1006
235,235000,0.100,0.329,10550,0.1035
236,236000,0.100,-0.272,10562,0.0991
237,237000,0.100,-0.447,10594,0.0874
238,238000,0.100,-0.272,10562,0.0991
239,239000,0.100,0.346,10547,0.1046
240,240000,0.100,0.286,10558,0.1006
241,241000,0.100,-0.261,10560,0.0998
242,242000,0.100,0.296,10556,0.1013
243,243000,0.100,-0.283,10564,0.0984
244,244000,0.100,0.291,10557,0.1009
245,245000,0.100,-0.289,10565,0.0980
246,246000,0.100,-0.261,10560,0.0998
247,247000,0.100,-0.261,10560,0.0998
248,248000,0.100,0.286,10558,0.1006
249,249000,0.100,-0.272,10562,0.0991
250,250000,0.100,0.302,10555,0.1017
251,251000,0.100,0.296,10556,0.1013
252,252000,0.100,-0.272,10562,0.0991
253,253000,0.100,0.286,10558,0.1006
254,254000,0.100,-0.261,10560,0.0998
255,255000,0.100,0.307,10554,0.1020
256,256000,0.100,-0.261,10560,0.0998
257,257000,0.100,-0.294,10566,0.0977
258,258000,0.100,0.296,10556,0.1013
259,259000,0.100,0.302,10555,0.1017
260,260000,0.100,-0.349,10576,0.0940
261,261000,0.100,-0.283,10564,0.0984
262,262000,0.100,0.302,10555,0.1017
263,263000,0.100,0.439,10530,0.1108
264,264000,0.100,0.302,10555,0.1017
265,265000,0.100,0.302,10555,0.1017
266,266000,0.100,0.389,10539,0.1075
267,267000,0.100,-0.261,10560,0.0998
268,268000,0.100,0.286,10558,0.1006
269,269000,0.100,-0.283,10564,0.0984
270,270000,0.100,-0.338,10574,0.0947
271,271000,0.100,0.286,10558,0.1006
272,272000,0.100,0.318,10552,0.1028
273,273000,0.100,0.318,10552,0.1028
274,274000,0.100,-0.267,10561,0.0995
275,275000,0.100,0.286,10558,0.1006
276,276000,0.100,-0.272,10562,0.0991
277,277000,0.100,0.286,10558,0.1006
278,278000,0.100,0.482,10522,0.1137
279,279000,0.100,-0.272,10562,0.0991
280,280000,0.100,-0.272,10562,0.0991
281,281000,0.100,-0.283,10564,0.0984
282,282000,0.100,-0.480,10600,0.0853
283,283000,0.100,0.346,10547,0.1046
284,284000,0.100,0.307,10554,0.1020
285,285000,0.100,0.417,10534,0.1093
286,286000,0.100,-0.283,10564,0.0984
287,287000,0.100,-0.261,10560,0.0998
288,288000,0.100,0.286,10558,0.1006
289,289000,0.100,-0.272,10562,0.0991
290,290000,0.100,-0.382,10582,0.0918
291,291000,0.100,0.291,10557,0.1009
292,292000,0.100,0.302,10555,0.1017
293,293000,0.100,0.286,10558,0.1006
294,294000,0.100,0.286,10558,0.1006
295,295000,0.100,0.329,10550,0.1035
296,296000,0.100,-0.272,10562,0.0991
297,297000,0.100,0.286,10558,0.1006
298,298000,0.100,-0.267,10561,0.0995
299,299000,0.100,-0.261,10560,0.0998
300,300000,0.100,-0.261,10560,0.0998
301,301000,0.100,-0.261,10560,0.0998
302,302000,0.100,0.291,10557,0.1009
303,303000,0.100,0.307,10554,0.1020
304,304000,0.100,0.302,10555,0.1017
305,305000,0.100,0.296,10556,0.1013
306,306000,0.100,0.307,10554,0.1020
307,307000,0.100,0.302,10555,0.1017
308,308000,0.100,0.286,10558,0.1006
309,309000,0.100,-0.283,10564,0.0984
310,310000,0.100,0.450,10528,0.1115
311,311000,0.100,0.286,10558,0.1006
312,312000,0.100,0.302,10555,0.1017
313,313000,0.100,-0.261,10560,0.0998
314,314000,0.100,-0.404,10586,0.0904
315,315000,0.100,-0.305,10568,0.0969
316,316000,0.100,0.302,10555,0.1017
317,317000,0.100,-0.371,10580,0.0925
318,318000,0.100,-0.261,10560,0.0998
319,319000,0.100,0.286,10558,0.1006
320,320000,0.100,0.318,10552,0.1028
321,321000,0.100,-0.261,10560,0.0998
322,322000,0.100,0.307,10554,0.1020
323,323000,0.100,0.307,10554,0.1020
324,324000,0.100,0.318,10552,0.1028
325,325000,0.100,0.307,10554,0.1020
326,326000,0.100,0.302,10555,0.1017
327,327000,0.100,0.302,10555,0.1017
328,328000,0.100,0.329,10550,0.1035
329,329000,0.100,0.318,10552,0.1028
330,330000,0.100,0.286,10558,0.1006
331,331000,0.100,-0.261,10560,0.0998
332,332000,0.100,-0.278,10563,0.0987
333,333000,0.100,-0.272,10562,0.0991
334,334000,0.100,0.296,10556,0.1013
335,335000,0.100,-0.261,10560,0.0998
336,336000,0.100,0.296,10556,0.1013
337,337000,0.100,0.291,10557,0.1009
338,338000,0.100,0.302,10555,0.1017
339,339000,0.100,0.296,10556,0.1013
340,340000,0.100,-0.294,10566,0.0977
341,341000,0.100,0.296,10556,0.1013
342,342000,0.100,-0.272,10562,0.0991
343,343000,0.100,-0.261,10560,0.0998
344,344000,0.100,0.286,10558,0.1006
345,345000,0.100,-0.278,10563,0.0987
346,346000,0.100,-0.272,10562,0.0991
347,347000,0.100,-0.272,10562,0.0991
348,348000,0.100,-0.261,10560,0.0998
349,349000,0.100,-0.272,10562,0.0991
350,350000,0.100,0.302,10555,0.1017
351,351000,0.100,-0.261,10560,0.0998
352,352000,0.100,-0.261,10560,0.0998
353,353000,0.100,0.286,10558,0.1006
354,354000,0.100,0.296,10556,0.1013
355,355000,0.100,-0.283,10564,0.0984
356,356000,0.100,-0.261,10560,0.0998
357,357000,0.100,0.286,10558,0.1006
358,358000,0.100,-0.261,10560,0.0998
359,359000,0.100,-0.261,10560,0.0998
360,360000,0.100,-0.283,10564,0.0984
361,361000,0.100,-0.267,10561,0.0995
362,362000,0.100,-0.261,10560,0.0998
363,363000,0.100,-0.278,10563,0.0987
364,364000,0.100,0.286,10558,0.1006
365,365000,0.100,-0.261,10560,0.0998
366,366000,0.100,-0.278,10563,0.0987
367,367000,0.100,-0.261,10560,0.0998
368,368000,0.100,-0.261,10560,0.0998
369,369000,0.100,-0.272,10562,0.0991
370,370000,0.100,-0.261,10560,0.0998
371,371000,0.100,-0.261,10560,0.0998
372,372000,0.100,-0.283,10564,0.0984
373,373000,0.100,0.395,10538,0.1079
374,374000,0.100,-0.272,10562,0.0991
375,375000,0.100,0.439,10530,0.1108
376,376000,0.100,0.286,10558,0.1006
377,377000,0.100,-0.261,10560,0.0998
378,378000,0.100,0.329,10550,0.1035
379,379000,0.100,0.296,10556,0.1013
380,380000,0.100,0.307,10554,0.1020
381,381000,0.100,0.307,10554,0.1020
382,382000,0.100,-0.447,10594,0.0874
383,383000,0.100,-0.289,10565,0.0980
384,384000,0.100,-0.327,10572,0.0955
385,385000,0.100,-0.305,10568,0.0969
386,386000,0.100,-0.283,10564,0.0984
387,387000,0.100,0.302,10555,0.1017
388,388000,0.100,-0.272,10562,0.0991
389,389000,0.100,-0.283,10564,0.0984
390,390024,0.100,-0.338,10574,0.0947
391,391000,0.100,-0.267,10561,0.0995
392,392000,0.100,0.307,10554,0.1020
393,393000,0.100,-0.458,10596,0.0867
394,394000,0.100,0.351,10546,0.1049
395,395000,0.100,0.329,10550,0.1035
396,396000,0.100,0.286,10558,0.1006
397,397000,0.100,-0.349,10576,0.0940
398,398000,0.100,-0.261,10560,0.0998
399,399000,0.100,-0.283,10564,0.0984
400,400000,0.100,0.318,10552,0.1028
401,401000,0.100,-0.278,10563,0.0987
402,402000,0.100,0.307,10554,0.1020
403,403000,0.100,-0.283,10564,0.0984
404,404000,0.100,-0.272,10562,0.0991
405,405000,0.100,-0.305,10568,0.0969
406,406000,0.100,0.296,10556,0.1013
407,407000,0.100,0.286,10558,0.1006
408,408000,0.100,-0.261,10560,0.0998
409,409000,0.100,0.318,10552,0.1028
410,410000,0.100,-0.272,10562,0.0991
411,411000,0.100,0.291,10557,0.1009
412,412000,0.100,0.340,10548,0.1042
413,413000,0.100,0.329,10550,0.1035
414,414000,0.100,-0.272,10562,0.0991
415,415000,0.100,0.307,10554,0.1020
416,416000,0.100,-0.294,10566,0.0977
417,417000,0.100,-0.261,10560,0.0998
418,418000,0.100,-0.300,10567,0.0973
419,419000,0.100,-0.261,10560,0.0998
420,420000,0.100,0.318,10552,0.1028
421,421000,0.100,-0.272,10562,0.0991
422,422000,0.100,-0.261,10560,0.0998
423,423000,0.100,0.286,10558,0.1006
424,424000,0.100,-0.261,10560,0.0998
425,425000,0.100,0.286,10558,0.1006
426,426000,0.100,-0.300,10567,0.0973
427,427000,0.100,0.384,10540,0.1071
428,428000,0.100,0.296,10556,0.1013
429,429000,0.100,-0.272,10562,0.0991
430,430000,0.100,0.286,10558,0.1006
431,431000,0.100,-0.458,10596,0.0867
432,432000,0.100,-0.261,10560,0.0998
433,433000,0.100,0.307,10554,0.1020
434,434000,0.100,0.351,10546,0.1049
435,435000,0.100,0.318,10552,0.1028
436,436000,0.100,-0.322,10571,0.0958
437,437000,0.100,-0.261,10560,0.0998
438,438000,0.100,0.318,10552,0.1028
439,439000,0.100,0.296,10556,0.1013
440,440000,0.100,0.286,10558,0.1006
441,441000,0.100,0.286,10558,0.1006
442,442000,0.100,-0.436,10592,0.0882
443,443000,0.100,0.286,10558,0.1006
444,444000,0.100,-0.278,10563,0.0987
445,445000,0.100,0.280,10559,0.1002
446,446000,0.100,-0.305,10568,0.0969
447,447000,0.100,0.291,10557,0.1009
448,448000,0.100,0.302,10555,0.1017
449,449000,0.100,0.286,10558,0.1006
450,450000,0.100,0.307,10554,0.1020
451,451000,0.100,0.318,10552,0.1028
452,452000,0.100,-0.272,10562,0.0991
453,453000,0.100,-0.278,10563,0.0987
454,454000,0.100,-0.261,10560,0.0998
455,455000,0.100,0.340,10548,0.1042
456,456000,0.100,0.307,10554,0.1020
457,457000,0.100,-0.272,10562,0.0991
458,458000,0.100,-0.272,10562,0.0991
459,459000,0.100,-0.272,10562,0.0991
460,460000,0.100,-0.316,10570,0.0962
461,461000,0.100,-0.267,10561,0.0995
462,462000,0.100,-0.338,10574,0.0947
463,463000,0.100,-0.305,10568,0.0969
464,464000,0.100,0.296,10556,0.1013
465,465000,0.100,0.302,10555,0.1017
466,466000,0.100,-0.294,10566,0.0977
467,467000,0.100,0.291,10557,0.1009
468,468000,0.100,-0.294,10566,0.0977
469,469000,0.100,0.302,10555,0.1017
470,470000,0.100,0.307,10554,0.1020
471,471000,0.100,-0.267,10561,0.0995
472,472000,0.100,0.286,10558,0.1006
473,473000,0.100,0.286,10558,0.1006
474,474000,0.100,0.329,10550,0.1035
475,475000,0.100,0.286,10558,0.1006
476,476000,0.100,-0.278,10563,0.0987
477,477000,0.100,0.329,10550,0.1035
478,478000,0.100,-0.322,10571,0.0958
479,479000,0.100,0.417,10534,0.1093
480,480000,0.100,-0.261,10560,0.0998
481,481000,0.100,0.307,10554,0.1020
482,482000,0.100,0.286,10558,0.1006
483,483000,0.100,0.296,10556,0.1013
484,484000,0.100,-0.278,10563,0.0987
485,485000,0.100,-0.272,10562,0.0991
486,486000,0.100,0.286,10558,0.1006
487,487000,0.100,-0.322,10571,0.0958
488,488000,0.100,-0.261,10560,0.0998
489,489000,0.100,-0.261,10560,0.0998
490,490000,0.100,0.450,10528,0.1115
491,491000,0.100,0.286,10558,0.1006
492,492000,0.100,0.296,10556,0.1013
493,493000,0.100,0.296,10556,0.1013
494,494000,0.100,-0.289,10565,0.0980
495,495000,0.100,0.286,10558,0.1006
496,496000,0.100,0.329,10550,0.1035
497,497000,0.100,0.296,10556,0.1013
498,498000,0.100,-0.261,10560,0.0998
499,499000,0.100,-0.261,10560,0.0998
500,500000,0.100,0.318,10552,0.1028
501,501000,0.100,-0.267,10561,0.0995
502,502000,0.100,-0.327,10572,0.0955
503,503000,0.100,-0.261,10560,0.0998
504,504000,0.100,0.286,10558,0.1006
505,505000,0.100,-0.393,10584,0.0911
506,506000,0.100,0.307,10554,0.1020
507,507000,0.100,-0.261,10560,0.0998
508,508000,0.100,0.329,10550,0.1035
509,509000,0.100,-0.267,10561,0.0995
510,510000,0.100,0.280,10559,0.1002
511,511000,0.100,-0.278,10563,0.0987
512,512000,0.100,0.296,10556,0.1013
513,513000,0.100,-0.283,10564,0.0984
514,514000,0.100,0.286,10558,0.1006
515,515000,0.100,0.302,10555,0.1017
516,516000,0.100,-0.261,10560,0.0998
517,517000,0.100,0.291,10557,0.1009
518,518000,0.100,-0.261,10560,0.0998
519,519000,0.100,0.318,10552,0.1028
520,520000,0.100,-0.261,10560,0.0998
521,521000,0.100,0.286,10558,0.1006
522,522000,0.100,0.329,10550,0.1035
523,523000,0.100,-0.261,10560,0.0998
524,524000,0.100,-0.267,10561,0.0995
525,525000,0.100,-0.261,10560,0.0998
526,526000,0.100,-0.261,10560,0.0998
527,527000,0.100,0.296,10556,0.1013
528,528000,0.100,-0.272,10562,0.0991
529,529000,0.100,0.291,10557,0.1009
530,530000,0.100,0.286,10558,0.1006
531,531000,0.100,0.296,10556,0.1013
532,532000,0.100,0.307,10554,0.1020
533,533000,0.100,0.286,10558,0.1006
534,534000,0.100,-0.294,10566,0.0977
535,535000,0.100,-0.267,10561,0.0995
536,536000,0.100,-0.283,10564,0.0984
537,537000,0.100,-0.261,10560,0.0998
538,538000,0.100,-0.283,10564,0.0984
539,539000,0.100,-0.311,10569,0.0966
540,540000,0.100,0.286,10558,0.1006
541,541000,0.100,0.296,10556,0.1013
542,542000,0.100,-0.305,10568,0.0969
543,543000,0.100,0.296,10556,0.1013
544,544000,0.100,-0.322,10571,0.0958
545,545000,0.100,0.351,10546,0.1049
546,546000,0.100,0.291,10557,0.1009
547,547000,0.100,0.329,10550,0.1035
548,548000,0.100,0.329,10550,0.1035
549,549000,0.100,0.302,10555,0.1017
550,550000,0.100,-0.261,10560,0.0998
551,551000,0.100,-0.316,10570,0.0962
552,552000,0.100,0.291,10557,0.1009
553,553000,0.100,0.307,10554,0.1020
554,554000,0.100,-0.261,10560,0.0998
555,555000,0.100,0.286,10558,0.1006
556,556000,0.100,-0.300,10567,0.0973
557,557000,0.100,-0.289,10565,0.0980
558,558000,0.100,0.286,10558,0.1006
559,559000,0.100,0.296,10556,0.1013
560,560000,0.100,-0.283,10564,0.0984
561,561000,0.100,-0.305,10568,0.0969
562,562000,0.100,-0.261,10560,0.0998
563,563000,0.100,-0.289,10565,0.0980
564,564000,0.100,0.313,10553,0.1024
565,565000,0.100,-0.261,10560,0.0998
566,566000,0.100,-0.261,10560,0.0998
567,567000,0.100,0.302,10555,0.1017
568,568000,0.100,0.614,10498,0.1224
569,569000,0.100,0.296,10556,0.1013
570,570000,0.100,-0.283,10564,0.0984
571,571000,0.100,-0.283,10564,0.0984
572,572000,0.100,-0.261,10560,0.0998
573,573000,0.100,-0.272,10562,0.0991
574,574000,0.100,-0.272,10562,0.0991
575,575000,0.100,0.346,10547,0.1046
576,576000,0.100,-0.272,10562,0.0991
577,577000,0.100,0.291,10557,0.1009
578,578000,0.100,-0.283,10564,0.0984
579,579000,0.100,0.307,10554,0.1020
580,580000,0.100,0.286,10558,0.1006
581,581000,0.100,0.296,10556,0.1013
582,582000,0.100,-0.294,10566,0.0977
583,583000,0.100,0.286,10558,0.1006
584,584000,0.100,0.291,10557,0.1009
585,585000,0.100,-0.349,10576,0.0940
586,586000,0.100,-0.278,10563,0.0987
587,587000,0.100,-0.294,10566,0.0977
588,588000,0.100,-0.393,10584,0.0911
589,589000,0.100,-0.283,10564,0.0984
590,590000,0.100,-0.272,10562,0.0991
591,591000,0.100,-0.272,10562,0.0991
592,592000,0.100,0.307,10554,0.1020
593,593000,0.100,0.329,10550,0.1035
594,594000,0.100,-0.261,10560,0.0998
595,595000,0.100,-0.261,10560,0.0998
596,596000,0.100,0.346,10547,0.1046
597,597000,0.100,-0.283,10564,0.0984
598,598000,0.100,0.291,10557,0.1009
599,599000,0.100,-0.261,10560,0.0998
# end capture 15
# capture 16 kp=-15.00 dir=- dt_us=1000 samples=600 sat=0
0,0,-0.100,3.296,10556,0.1013
1,1000,-0.100,3.439,10530,0.1108
2,2000,-0.100,4.078,10413,0.1534
3,3000,-0.100,3.264,10562,0.0991
4,4000,-0.100,3.362,10544,0.1057
5,5000,-0.100,3.450,10528,0.1115
6,6000,-0.100,3.389,10539,0.1075
7,7000,-0.100,3.504,10518,0.1151
8,8000,-0.100,3.176,10578,0.0933
9,9000,-0.100,3.187,10576,0.0940
10,10000,-0.100,3.384,10540,0.1071
11,11000,-0.100,3.340,10548,0.1042
12,12000,-0.100,3.258,10563,0.0987
13,13000,-0.100,3.176,10578,0.0933
14,14000,-0.100,2.903,10628,0.0751
15,15000,-0.100,3.012,10608,0.0823
16,16000,-0.100,2.979,10614,0.0802
17,17000,-0.100,2.897,10629,0.0747
18,18000,-0.100,2.881,10632,0.0736
19,19000,-0.100,2.826,10642,0.0699
20,20000,-0.100,2.793,10648,0.0678
21,21000,-0.100,2.717,10662,0.0627
22,22000,-0.100,2.673,10670,0.0597
23,23000,-0.100,2.635,10677,0.0572
24,24000,-0.100,2.618,10680,0.0561
25,25000,-0.100,2.520,10698,0.0495
26,26000,-0.100,2.487,10704,0.0473
27,27000,-0.100,2.498,10702,0.0481
28,28000,-0.100,2.411,10718,0.0422
29,29000,-0.100,2.356,10728,0.0386
30,30000,-0.100,2.268,10744,0.0328
31,31000,-0.100,2.225,10752,0.0299
32,32000,-0.100,2.176,10761,0.0266
33,33000,-0.100,2.115,10772,0.0226
34,34000,-0.100,2.104,10774,0.0218
35,35000,-0.100,2.033,10787,0.0171
36,36000,-0.100,2.006,10792,0.0153
37,37000,-0.100,1.919,10808,0.0094
38,38000,-0.100,1.864,10818,0.0058
39,39000,-0.100,1.820,10826,0.0029
40,40000,-0.100,1.853,10820,0.0051
41,41000,-0.100,1.689,10850,-0.0059
42,42000,-0.100,1.700,10848,-0.0051
43,43000,-0.100,1.601,10866,-0.0117
44,44000,-0.100,1.656,10856,-0.0081
45,45000,-0.100,1.558,10874,-0.0146
46,46000,-0.100,1.492,10886,-0.0190
47,47000,-0.100,1.383,10906,-0.0263
48,48000,-0.100,1.421,10899,-0.0237
49,49000,-0.100,1.394,10904,-0.0256
50,50000,-0.100,1.295,10922,-0.0321
51,51000,-0.100,1.251,10930,-0.0350
52,52000,-0.100,1.208,10938,-0.0379
53,53000,-0.100,1.186,10942,-0.0394
54,54000,-0.100,1.109,10956,-0.0445
55,55000,-0.100,1.066,10964,-0.0474
56,56000,-0.100,0.989,10978,-0.0525
57,57000,-0.100,1.044,10968,-0.0489
58,58000,-0.100,0.967,10982,-0.0540
59,59000,-0.100,0.923,10990,-0.0569
60,60000,-0.100,0.885,10997,-0.0595
61,61000,-0.100,0.891,10996,-0.0591
62,62000,-0.100,0.814,11010,-0.0642
63,63000,-0.100,0.803,11012,-0.0649
64,64000,-0.100,0.748,11022,-0.0686
65,65000,-0.100,0.770,11018,-0.0671
66,66000,-0.100,0.738,11024,-0.0693
67,67000,-0.100,0.639,11042,-0.0759
68,68000,-0.100,0.563,11056,-0.0810
69,69000,-0.100,0.672,11036,-0.0737
70,70000,-0.100,0.617,11046,-0.0773
71,71000,-0.100,0.464,11074,-0.0875
72,72000,-0.100,0.475,11072,-0.0868
73,73000,-0.100,0.442,11078,-0.0890
74,74000,-0.100,0.442,11078,-0.0890
75,75000,-0.100,0.388,11088,-0.0926
76,76000,-0.100,-0.329,11121,-0.1047
77,77000,-0.100,0.475,11072,-0.0868
78,78000,-0.100,0.289,11106,-0.0992
79,79000,-0.100,0.634,11043,-0.0762
80,80000,-0.100,-0.291,11114,-0.1021
81,81000,-0.100,-0.291,11114,-0.1021
82,82000,-0.100,0.563,11056,-0.0810
83,83000,-0.100,-0.263,11109,-0.1003
84,84000,-0.100,-0.312,11118,-0.1036
85,85000,-0.100,-0.400,11134,-0.1094
86,86000,-0.100,-0.400,11134,-0.1094
87,87000,-0.100,-0.416,11137,-0.1105
88,88000,-0.100,-0.641,11178,-0.1254
89,89000,-0.100,-0.400,11134,-0.1094
90,90000,-0.100,-0.433,11140,-0.1116
91,91000,-0.100,-0.444,11142,-0.1123
92,92000,-0.100,-0.476,11148,-0.1145
93,93000,-0.100,-0.405,11135,-0.1098
94,94000,-0.100,-0.482,11149,-0.1149
95,95000,-0.100,-0.460,11145,-0.1134
96,96000,-0.100,-0.471,11147,-0.1141
97,97000,-0.100,-0.498,11152,-0.1160
98,98000,-0.100,-0.515,11155,-0.1171
99,99000,-0.100,-0.509,11154,-0.1167
100,100000,-0.100,-0.498,11152,-0.1160
101,101000,-0.100,-0.466,11146,-0.1138
102,102000,-0.100,-0.476,11148,-0.1145
103,103000,-0.100,-0.498,11152,-0.1160
104,104000,-0.100,-0.466,11146,-0.1138
105,105000,-0.100,-0.498,11152,-0.1160
106,106000,-0.100,-0.498,11152,-0.1160
107,107000,-0.100,-0.498,11152,-0.1160
108,108000,-0.100,-0.455,11144,-0.1130
109,109000,-0.100,-0.509,11154,-0.1167
110,110000,-0.100,-0.433,11140,-0.1116
111,111000,-0.100,-0.509,11154,-0.1167
112,112000,-0.100,-0.455,11144,-0.1130
113,113000,-0.100,-0.509,11154,-0.1167
114,114000,-0.100,-0.509,11154,-0.1167
115,115000,-0.100,-0.411,11136,-0.1101
116,116000,-0.100,-0.476,11148,-0.1145
117,117000,-0.100,-0.466,11146,-0.1138
118,118000,-0.100,-0.378,11130,-0.1079
119,119000,-0.100,-0.471,11147,-0.1141
120,120000,-0.100,-0.476,11148,-0.1145
121,121000,-0.100,-0.476,11148,-0.1145
122,122000,-0.100,-0.466,11146,-0.1138
123,123000,-0.100,-0.466,11146,-0.1138
124,124000,-0.100,-0.498,11152,-0.1160
125,125000,-0.100,-0.471,11147,-0.1141
126,126000,-0.100,-0.471,11147,-0.1141
127,127000,-0.100,-0.444,11142,-0.1123
128,128000,-0.100,-0.449,11143,-0.1127
129,129000,-0.100,-0.471,11147,-0.1141
130,130000,-0.100,-0.498,11152,-0.1160
131,131000,-0.100,-0.438,11141,-0.1119
132,132000,-0.100,-0.422,11138,-0.1109
133,133000,-0.100,-0.433,11140,-0.1116
134,134000,-0.100,-0.405,11135,-0.1098
135,135000,-0.100,-0.602,11171,-0.1229
136,136000,-0.100,-0.422,11138,-0.1109
137,137000,-0.100,-0.411,11136,-0.1101
138,138000,-0.100,-0.509,11154,-0.1167
139,139000,-0.100,-0.356,11126,-0.1065
140,140000,-0.100,-0.378,11130,-0.1079
141,141000,-0.100,-0.378,11130,-0.1079
142,142000,-0.100,-0.356,11126,-0.1065
143,143000,-0.100,-0.367,11128,-0.1072
144,144000,-0.100,-0.378,11130,-0.1079
145,145000,-0.100,-0.296,11115,-0.1025
146,146000,-0.100,-0.334,11122,-0.1050
147,147000,-0.100,-0.312,11118,-0.1036
148,148000,-0.100,-0.312,11118,-0.1036
149,149000,-0.100,-0.323,11120,-0.1043
150,150000,-0.100,-0.334,11122,-0.1050
151,151000,-0.100,-0.312,11118,-0.1036
152,152000,-0.100,-0.323,11120,-0.1043
153,153000,-0.100,-0.291,11114,-0.1021
154,154000,-0.100,-0.285,11113,-0.1017
155,155000,-0.100,-0.280,11112,-0.1014
156,156000,-0.100,-0.280,11112,-0.1014
157,157000,-0.100,-0.280,11112,-0.1014
158,158000,-0.100,0.300,11104,-0.0985
159,159000,-0.100,-0.296,11115,-0.1025
160,160000,-0.100,0.415,11083,-0.0908
161,161000,-0.100,0.300,11104,-0.0985
162,162000,-0.100,0.278,11108,-0.0999
163,163000,-0.100,0.289,11106,-0.0992
164,164000,-0.100,0.289,11106,-0.0992
165,165000,-0.100,-0.378,11130,-0.1079
166,166000,-0.100,-0.269,11110,-0.1006
167,167000,-0.100,-0.280,11112,-0.1014
168,168000,-0.100,0.311,11102,-0.0977
169,169000,-0.100,0.289,11106,-0.0992
170,170000,-0.100,0.317,11101,-0.0974
171,171000,-0.100,-0.312,11118,-0.1036
172,172000,-0.100,0.327,11099,-0.0966
173,173000,-0.100,0.289,11106,-0.0992
174,174000,-0.100,0.322,11100,-0.0970
175,175000,-0.100,0.311,11102,-0.0977
176,176000,-0.100,0.300,11104,-0.0985
177,177000,-0.100,0.300,11104,-0.0985
178,178000,-0.100,0.289,11106,-0.0992
179,179000,-0.100,0.300,11104,-0.0985
180,180000,-0.100,0.300,11104,-0.0985
181,181000,-0.100,0.333,11098,-0.0963
182,182000,-0.100,0.355,11094,-0.0948
183,183000,-0.100,0.284,11107,-0.0996
184,184000,-0.100,0.333,11098,-0.0963
185,185000,-0.100,0.322,11100,-0.0970
186,186000,-0.100,-0.291,11114,-0.1021
187,187000,-0.100,0.317,11101,-0.0974
188,188000,-0.100,0.300,11104,-0.0985
189,189000,-0.100,0.322,11100,-0.0970
190,190000,-0.100,0.344,11096,-0.0955
191,191000,-0.100,0.344,11096,-0.0955
192,192000,-0.100,0.300,11104,-0.0985
193,193000,-0.100,0.333,11098,-0.0963
194,194000,-0.100,0.333,11098,-0.0963
195,195000,-0.100,0.300,11104,-0.0985
196,196000,-0.100,0.289,11106,-0.0992
197,197000,-0.100,0.333,11098,-0.0963
198,198000,-0.100,0.311,11102,-0.0977
199,199000,-0.100,0.333,11098,-0.0963
200,200000,-0.100,0.311,11102,-0.0977
201,201000,-0.100,0.327,11099,-0.0966
202,202000,-0.100,0.300,11104,-0.0985
203,203000,-0.100,0.284,11107,-0.0996
204,204000,-0.100,0.322,11100,-0.0970
205,205000,-0.100,0.344,11096,-0.0955
206,206000,-0.100,0.311,11102,-0.0977
207,207000,-0.100,0.431,11080,-0.0897
208,208000,-0.100,0.300,11104,-0.0985
209,209000,-0.100,0.333,11098,-0.0963
210,210000,-0.100,0.311,11102,-0.0977
211,211000,-0.100,0.300,11104,-0.0985
212,212000,-0.100,-0.269,11110,-0.1006
213,213000,-0.100,0.278,11108,-0.0999
214,214000,-0.100,0.322,11100,-0.0970
215,215000,-0.100,-0.291,11114,-0.1021
216,216000,-0.100,-0.280,11112,-0.1014
217,217000,-0.100,-0.302,11116,-0.1028
218,218000,-0.100,0.333,11098,-0.0963
219,219000,-0.100,-0.356,11126,-0.1065
220,220000,-0.100,-0.296,11115,-0.1025
221,221000,-0.100,0.278,11108,-0.0999
222,222000,-0.100,-0.269,11110,-0.1006
223,223000,-0.100,-0.291,11114,-0.1021
224,224000,-0.100,-0.367,11128,-0.1072
225,225000,-0.100,-0.280,11112,-0.1014
226,226000,-0.100,-0.302,11116,-0.1028
227,227000,-0.100,-0.312,11118,-0.1036
228,228000,-0.100,0.289,11106,-0.0992
229,229000,-0.100,-0.312,11118,-0.1036
230,230000,-0.100,0.278,11108,-0.0999
231,231000,-0.100,0.284,11107,-0.0996
232,232000,-0.100,-0.280,11112,-0.1014
233,233000,-0.100,0.278,11108,-0.0999
234,234000,-0.100,-0.291,11114,-0.1021
235,235000,-0.100,0.289,11106,-0.0992
236,236000,-0.100,-0.291,11114,-0.1021
237,237000,-0.100,-0.291,11114,-0.1021
238,238000,-0.100,-0.280,11112,-0.1014
239,239000,-0.100,-0.291,11114,-0.1021
240,240000,-0.100,-0.296,11115,-0.1025
241,241000,-0.100,-0.291,11114,-0.1021
242,242000,-0.100,-0.455,11144,-0.1130
243,243000,-0.100,-0.269,11110,-0.1006
244,244000,-0.100,-0.280,11112,-0.1014
245,245000,-0.100,-0.312,11118,-0.1036
246,246000,-0.100,-0.296,11115,-0.1025
247,247000,-0.100,-0.515,11155,-0.1171
248,248000,-0.100,-0.291,11114,-0.1021
249,249000,-0.100,-0.411,11136,-0.1101
250,250000,-0.100,-0.280,11112,-0.1014
251,251000,-0.100,-0.312,11118,-0.1036
252,252000,-0.100,-0.280,11112,-0.1014
253,253000,-0.100,-0.296,11115,-0.1025
254,254000,-0.100,-0.263,11109,-0.1003
255,255000,-0.100,-0.280,11112,-0.1014
256,256000,-0.100,-0.302,11116,-0.1028
257,257000,-0.100,0.382,11089,-0.0930
258,258000,-0.100,0.300,11104,-0.0985
259,259000,-0.100,-0.269,11110,-0.1006
260,260000,-0.100,-0.280,11112,-0.1014
261,261000,-0.100,-0.291,11114,-0.1021
262,262000,-0.100,-0.280,11112,-0.1014
263,263000,-0.100,-0.269,11110,-0.1006
264,264000,-0.100,-0.296,11115,-0.1025
265,265000,-0.100,-0.291,11114,-0.1021
266,266000,-0.100,-0.312,11118,-0.1036
267,267000,-0.100,0.289,11106,-0.0992
268,268000,-0.100,0.284,11107,-0.0996
269,269000,-0.100,-0.296,11115,-0.1025
270,270000,-0.100,0.349,11095,-0.0952
271,271000,-0.100,-0.269,11110,-0.1006
272,272000,-0.100,-0.280,11112,-0.1014
273,273000,-0.100,-0.280,11112,-0.1014
274,274000,-0.100,-0.269,11110,-0.1006
275,275000,-0.100,-0.269,11110,-0.1006
276,276000,-0.100,-0.285,11113,-0.1017
277,277000,-0.100,-0.367,11128,-0.1072
278,278000,-0.100,0.284,11107,-0.0996
279,279000,-0.100,0.289,11106,-0.0992
280,280000,-0.100,0.284,11107,-0.0996
281,281000,-0.100,-0.280,11112,-0.1014
282,282000,-0.100,-0.280,11112,-0.1014
283,283000,-0.100,0.333,11098,-0.0963
284,284000,-0.100,0.278,11108,-0.0999
285,285000,-0.100,0.289,11106,-0.0992
286,286000,-0.100,0.284,11107,-0.0996
287,287000,-0.100,0.311,11102,-0.0977
288,288000,-0.100,-0.291,11114,-0.1021
289,289000,-0.100,-0.356,11126,-0.1065
290,290000,-0.100,-0.323,11120,-0.1043
291,291000,-0.100,-0.323,11120,-0.1043
292,292000,-0.100,0.278,11108,-0.0999
293,293000,-0.100,-0.269,11110,-0.1006
294,294000,-0.100,-0.280,11112,-0.1014
295,295000,-0.100,-0.280,11112,-0.1014
296,296000,-0.100,0.278,11108,-0.0999
297,297000,-0.100,-0.302,11116,-0.1028
298,298000,-0.100,-0.291,11114,-0.1021
299,299000,-0.100,-0.285,11113,-0.1017
300,300000,-0.100,-0.269,11110,-0.1006
301,301000,-0.100,-0.280,11112,-0.1014
302,302000,-0.100,-0.334,11122,-0.1050
303,303000,-0.100,0.300,11104,-0.0985
304,304000,-0.100,-0.280,11112,-0.1014
305,305000,-0.100,-0.334,11122,-0.1050
306,306000,-0.100,-0.280,11112,-0.1014
307,307000,-0.100,0.278,11108,-0.0999
308,308000,-0.100,0.311,11102,-0.0977
309,309000,-0.100,-0.285,11113,-0.1017
310,310000,-0.100,-0.280,11112,-0.1014
311,311000,-0.100,0.399,11086,-0.0919
312,312000,-0.100,-0.269,11110,-0.1006
313,313000,-0.100,-0.296,11115,-0.1025
314,314000,-0.100,-0.291,11114,-0.1021
315,315000,-0.100,-0.269,11110,-0.1006
316,316000,-0.100,-0.280,11112,-0.1014
317,317000,-0.100,0.284,11107,-0.0996
318,318000,-0.100,0.295,11105,-0.0988
319,319000,-0.100,-0.280,11112,-0.1014
320,320000,-0.100,-0.269,11110,-0.1006
321,321000,-0.100,-0.269,11110,-0.1006
322,322000,-0.100,0.289,11106,-0.0992
323,323000,-0.100,-0.280,11112,-0.1014
324,324000,-0.100,0.300,11104,-0.0985
325,325000,-0.100,0.399,11086,-0.0919
326,326000,-0.100,-0.269,11110,-0.1006
327,327000,-0.100,0.284,11107,-0.0996
328,328000,-0.100,-0.296,11115,-0.1025
329,329000,-0.100,0.322,11100,-0.0970
330,330000,-0.100,0.289,11106,-0.0992
331,331000,-0.100,0.311,11102,-0.0977
332,332000,-0.100,-0.422,11138,-0.1109
333,333000,-0.100,0.278,11108,-0.0999
334,334000,-0.100,-0.411,11136,-0.1101
335,335000,-0.100,0.289,11106,-0.0992
336,336000,-0.100,0.333,11098,-0.0963
337,337000,-0.100,-0.334,11122,-0.1050
338,338000,-0.100,-0.291,11114,-0.1021
339,339000,-0.100,0.278,11108,-0.0999
340,340000,-0.100,-0.269,11110,-0.1006
341,341000,-0.100,0.284,11107,-0.0996
342,342000,-0.100,-0.323,11120,-0.1043
343,343000,-0.100,-0.269,11110,-0.1006
344,344000,-0.100,-0.269,11110,-0.1006
345,345000,-0.100,-0.433,11140,-0.1116
346,346000,-0.100,-0.269,11110,-0.1006
347,347000,-0.100,-0.280,11112,-0.1014
348,348000,-0.100,-0.291,11114,-0.1021
349,349000,-0.100,0.377,11090,-0.0934
350,350000,-0.100,0.284,11107,-0.0996
351,351000,-0.100,0.289,11106,-0.0992
352,352000,-0.100,-0.269,11110,-0.1006
353,353000,-0.100,0.344,11096,-0.0955
354,354000,-0.100,0.300,11104,-0.0985
355,355000,-0.100,-0.323,11120,-0.1043
356,356000,-0.100,-0.280,11112,-0.1014
357,357000,-0.100,0.278,11108,-0.0999
358,358000,-0.100,0.333,11098,-0.0963
359,359000,-0.100,0.284,11107,-0.0996
360,360000,-0.100,0.284,11107,-0.0996
361,361000,-0.100,0.300,11104,-0.0985
362,362000,-0.100,-0.323,11120,-0.1043
363,363000,-0.100,-0.263,11109,-0.1003
364,364000,-0.100,0.289,11106,-0.0992
365,365000,-0.100,-0.302,11116,-0.1028
366,366000,-0.100,0.289,11106,-0.0992
367,367000,-0.100,-0.280,11112,-0.1014
368,368000,-0.100,0.300,11104,-0.0985
369,369000,-0.100,-0.373,11129,-0.1076
370,370000,-0.100,-0.378,11130,-0.1079
371,371000,-0.100,-0.269,11110,-0.1006
372,372000,-0.100,-0.291,11114,-0.1021
373,373000,-0.100,-0.274,11111,-0.1010
374,374000,-0.100,0.289,11106,-0.0992
375,375000,-0.100,-0.351,11125,-0.1061
376,376000,-0.100,0.284,11107,-0.0996
377,377000,-0.100,-0.263,11109,-0.1003
378,378000,-0.100,-0.269,11110,-0.1006
379,379000,-0.100,-0.269,11110,-0.1006
380,380000,-0.100,-0.280,11112,-0.1014
381,381000,-0.100,0.322,11100,-0.0970
382,382000,-0.100,0.284,11107,-0.0996
383,383000,-0.100,0.289,11106,-0.0992
384,384000,-0.100,0.289,11106,-0.0992
385,385000,-0.100,0.333,11098,-0.0963
386,386000,-0.100,-0.269,11110,-0.1006
387,387000,-0.100,0.399,11086,-0.0919
388,388000,-0.100,0.284,11107,-0.0996
389,389000,-0.100,0.475,11072,-0.0868
390,390000,-0.100,-0.389,11132,-0.1087
391,391000,-0.100,-0.269,11110,-0.1006
392,392000,-0.100,-0.269,11110,-0.1006
393,393000,-0.100,-0.269,11110,-0.1006
394,394000,-0.100,-0.269,11110,-0.1006
395,395000,-0.100,-0.269,11110,-0.1006
396,396000,-0.100,-0.296,11115,-0.1025
397,397000,-0.100,-0.280,11112,-0.1014
398,398000,-0.100,0.333,11098,-0.0963
399,399000,-0.100,0.278,11108,-0.0999
400,400008,-0.100,0.311,11102,-0.0977
401,401000,-0.100,0.284,11107,-0.0996
402,402000,-0.100,0.355,11094,-0.0948
403,403000,-0.100,-0.280,11112,-0.1014
404,404000,-0.100,-0.280,11112,-0.1014
405,405000,-0.100,0.300,11104,-0.0985
406,406000,-0.100,0.300,11104,-0.0985
407,407000,-0.100,-0.291,11114,-0.1021
408,408000,-0.100,-0.269,11110,-0.1006
409,409000,-0.100,-0.291,11114,-0.1021
410,410000,-0.100,0.333,11098,-0.0963
411,411000,-0.100,0.289,11106,-0.0992
412,412000,-0.100,-0.280,11112,-0.1014
413,413000,-0.100,0.284,11107,-0.0996
414,414000,-0.100,-0.280,11112,-0.1014
415,415000,-0.100,-0.269,11110,-0.1006
416,416000,-0.100,0.322,11100,-0.0970
417,417000,-0.100,0.289,11106,-0.0992
418,418000,-0.100,-0.274,11111,-0.1010
419,419000,-0.100,-0.302,11116,-0.1028
420,420000,-0.100,-0.323,11120,-0.1043
421,421000,-0.100,0.278,11108,-0.0999
422,422000,-0.100,0.278,11108,-0.0999
423,423000,-0.100,-0.334,11122,-0.1050
424,424000,-0.100,0.289,11106,-0.0992
425,425000,-0.100,0.355,11094,-0.0948
426,426000,-0.100,0.300,11104,-0.0985
427,427000,-0.100,0.295,11105,-0.0988
428,428000,-0.100,0.289,11106,-0.0992
429,429000,-0.100,-0.302,11116,-0.1028
430,430000,-0.100,0.284,11107,-0.0996
431,431000,-0.100,0.278,11108,-0.0999
432,432000,-0.100,-0.291,11114,-0.1021
433,433000,-0.100,0.388,11088,-0.0926
434,434000,-0.100,-0.466,11146,-0.1138
435,435000,-0.100,-0.263,11109,-0.1003
436,436000,-0.100,0.284,11107,-0.0996
437,437000,-0.100,0.284,11107,-0.0996
438,438000,-0.100,-0.291,11114,-0.1021
439,439000,-0.100,0.289,11106,-0.0992
440,440000,-0.100,0.300,11104,-0.0985
441,441000,-0.100,0.289,11106,-0.0992
442,442000,-0.100,0.289,11106,-0.0992
443,443000,-0.100,-0.291,11114,-0.1021
444,444000,-0.100,-0.269,11110,-0.1006
445,445000,-0.100,-0.291,11114,-0.1021
446,446000,-0.100,0.284,11107,-0.0996
447,447000,-0.100,0.289,11106,-0.0992
448,448000,-0.100,0.278,11108,-0.0999
449,449000,-0.100,-0.291,11114,-0.1021
450,450000,-0.100,0.333,11098,-0.0963
451,451000,-0.100,0.327,11099,-0.0966
452,452000,-0.100,0.278,11108,-0.0999
453,453000,-0.100,0.278,11108,-0.0999
454,454000,-0.100,-0.274,11111,-0.1010
455,455000,-0.100,0.278,11108,-0.0999
456,456000,-0.100,-0.269,11110,-0.1006
457,457000,-0.100,0.300,11104,-0.0985
458,458000,-0.100,0.278,11108,-0.0999
459,459000,-0.100,0.284,11107,-0.0996
460,460000,-0.100,0.322,11100,-0.0970
461,461000,-0.100,-0.312,11118,-0.1036
462,462000,-0.100,-0.269,11110,-0.1006
463,463000,-0.100,0.295,11105,-0.0988
464,464000,-0.100,-0.389,11132,-0.1087
465,465000,-0.100,0.278,11108,-0.0999
466,466000,-0.100,-0.356,11126,-0.1065
467,467000,-0.100,0.289,11106,-0.0992
468,468000,-0.100,0.278,11108,-0.0999
469,469000,-0.100,0.284,11107,-0.0996
470,470000,-0.100,0.289,11106,-0.0992
471,471000,-0.100,0.295,11105,-0.0988
472,472000,-0.100,0.289,11106,-0.0992
473,473000,-0.100,0.289,11106,-0.0992
474,474000,-0.100,0.289,11106,-0.0992
475,475000,-0.100,0.284,11107,-0.0996
476,476000,-0.100,-0.296,11115,-0.1025
477,477000,-0.100,0.289,11106,-0.0992
478,478000,-0.100,0.366,11092,-0.0941
479,479000,-0.100,0.300,11104,-0.0985
480,480000,-0.100,0.278,11108,-0.0999
481,481000,-0.100,0.289,11106,-0.0992
482,482000,-0.100,0.278,11108,-0.0999
483,483000,-0.100,0.289,11106,-0.0992
484,484000,-0.100,0.284,11107,-0.0996
485,485000,-0.100,-0.323,11120,-0.1043
486,486000,-0.100,-0.280,11112,-0.1014
487,487000,-0.100,0.289,11106,-0.0992
488,488000,-0.100,-0.280,11112,-0.1014
489,489000,-0.100,0.289,11106,-0.0992
490,490000,-0.100,0.311,11102,-0.0977
491,491000,-0.100,0.289,11106,-0.0992
492,492000,-0.100,-0.400,11134,-0.1094
493,493000,-0.100,0.284,11107,-0.0996
494,494000,-0.100,-0.280,11112,-0.1014
495,495000,-0.100,-0.323,11120,-0.1043
496,496000,-0.100,-0.280,11112,-0.1014
497,497000,-0.100,-0.269,11110,-0.1006
498,498000,-0.100,0.442,11078,-0.0890
499,499000,-0.100,-0.307,11117,-0.1032
500,500000,-0.100,0.284,11107,-0.0996
501,501000,-0.100,0.289,11106,-0.0992
502,502000,-0.100,-0.476,11148,-0.1145
503,503000,-0.100,-0.263,11109,-0.1003
504,504000,-0.100,0.278,11108,-0.0999
505,505000,-0.100,-0.323,11120,-0.1043
506,506000,-0.100,-0.312,11118,-0.1036
507,507000,-0.100,0.289,11106,-0.0992
508,508000,-0.100,-0.280,11112,-0.1014
509,509000,-0.100,-0.263,11109,-0.1003
510,510000,-0.100,0.278,11108,-0.0999
511,511000,-0.100,-0.280,11112,-0.1014
512,512000,-0.100,-0.269,11110,-0.1006
513,513000,-0.100,-0.269,11110,-0.1006
514,514000,-0.100,-0.302,11116,-0.1028
515,515000,-0.100,0.322,11100,-0.0970
516,516000,-0.100,0.311,11102,-0.0977
517,517000,-0.100,0.284,11107,-0.0996
518,518000,-0.100,-0.280,11112,-0.1014
519,519000,-0.100,0.289,11106,-0.0992
520,520000,-0.100,0.289,11106,-0.0992
521,521000,-0.100,-0.280,11112,-0.1014
522,522000,-0.100,0.355,11094,-0.0948
523,523000,-0.100,0.278,11108,-0.0999
524,524000,-0.100,0.327,11099,-0.0966
525,525000,-0.100,-0.269,11110,-0.1006
526,526000,-0.100,0.333,11098,-0.0963
527,527000,-0.100,-0.280,11112,-0.1014
528,528000,-0.100,-0.269,11110,-0.1006
529,529000,-0.100,0.278,11108,-0.0999
530,530000,-0.100,-0.296,11115,-0.1025
531,531000,-0.100,-0.269,11110,-0.1006
532,532000,-0.100,-0.269,11110,-0.1006
533,533000,-0.100,0.344,11096,-0.0955
534,534000,-0.100,0.289,11106,-0.0992
535,535000,-0.100,-0.334,11122,-0.1050
536,536000,-0.100,-0.269,11110,-0.1006
537,537000,-0.100,0.300,11104,-0.0985
538,538000,-0.100,0.278,11108,-0.0999
539,539000,-0.100,0.289,11106,-0.0992
540,540000,-0.100,0.300,11104,-0.0985
541,541000,-0.100,0.311,11102,-0.0977
542,542000,-0.100,0.420,11082,-0.0904
543,543000,-0.100,0.300,11104,-0.0985
544,544000,-0.100,0.300,11104,-0.0985
545,545000,-0.100,-0.269,11110,-0.1006
546,546000,-0.100,-0.302,11116,-0.1028
547,547000,-0.100,0.278,11108,-0.0999
548,548000,-0.100,0.289,11106,-0.0992
549,549000,-0.100,0.289,11106,-0.0992
550,550000,-0.100,0.355,11094,-0.0948
551,551000,-0.100,-0.269,11110,-0.1006
552,552000,-0.100,-0.269,11110,-0.1006
553,553000,-0.100,-0.269,11110,-0.1006
554,554000,-0.100,0.431,11080,-0.0897
555,555000,-0.100,0.300,11104,-0.0985
556,556000,-0.100,0.289,11106,-0.0992
557,557000,-0.100,0.289,11106,-0.0992
558,558000,-0.100,-0.280,11112,-0.1014
559,559000,-0.100,-0.269,11110,-0.1006
560,560000,-0.100,-0.307,11117,-0.1032
561,561000,-0.100,0.278,11108,-0.0999
562,562000,-0.100,0.278,11108,-0.0999
563,563000,-0.100,0.289,11106,-0.0992
564,564000,-0.100,0.278,11108,-0.0999
565,565000,-0.100,-0.323,11120,-0.1043
566,566000,-0.100,0.300,11104,-0.0985
567,567000,-0.100,-0.269,11110,-0.1006
568,568000,-0.100,0.366,11092,-0.0941
569,569000,-0.100,-0.280,11112,-0.1014
570,570000,-0.100,0.300,11104,-0.0985
571,571000,-0.100,0.289,11106,-0.0992
572,572000,-0.100,-0.269,11110,-0.1006
573,573000,-0.100,-0.280,11112,-0.1014
574,574000,-0.100,0.300,11104,-0.0985
575,575000,-0.100,0.278,11108,-0.0999
576,576000,-0.100,0.284,11107,-0.0996
577,577000,-0.100,-0.280,11112,-0.1014
578,578000,-0.100,0.284,11107,-0.0996
579,579000,-0.100,0.289,11106,-0.0992
580,580000,-0.100,-0.296,11115,-0.1025
581,581000,-0.100,0.300,11104,-0.0985
582,582000,-0.100,0.322,11100,-0.0970
583,583000,-0.100,-0.274,11111,-0.1010
584,584000,-0.100,-0.269,11110,-0.1006
585,585000,-0.100,0.300,11104,-0.0985
586,586000,-0.100,-0.280,11112,-0.1014
587,587000,-0.100,-0.269,11110,-0.1006
588,588000,-0.100,-0.280,11112,-0.1014
589,589000,-0.100,-0.291,11114,-0.1021
590,590000,-0.100,0.289,11106,-0.0992
591,591000,-0.100,0.289,11106,-0.0992
592,592000,-0.100,0.289,11106,-0.0992
593,593000,-0.100,0.327,11099,-0.0966
594,594000,-0.100,-0.280,11112,-0.1014
595,595000,-0.100,0.278,11108,-0.0999
596,596000,-0.100,0.278,11108,-0.0999
597,597000,-0.100,0.278,11108,-0.0999
598,598000,-0.100,-0.291,11114,-0.1021
599,599000,-0.100,-0.291,11114,-0.1021
# end capture 16
# batch capture 4/5
# capture 17 kp=-15.00 dir=- dt_us=1000 samples=600 sat=0
0,0,-0.100,3.187,10576,0.0940
1,1000,-0.100,3.318,10552,0.1028
2,2000,-0.100,3.460,10526,0.1122
3,3000,-0.100,3.460,10526,0.1122
4,4000,-0.100,3.482,10522,0.1137
5,5000,-0.100,3.439,10530,0.1108
6,6000,-0.100,3.974,10432,0.1465
7,7000,-0.100,3.209,10572,0.0955
8,8000,-0.100,3.275,10560,0.0998
9,9000,-0.100,3.275,10560,0.0998
10,10000,-0.100,3.253,10564,0.0984
11,11000,-0.100,3.286,10558,0.1006
12,12000,-0.100,3.264,10562,0.0991
13,13000,-0.100,3.187,10576,0.0940
14,14000,-0.100,3.078,10596,0.0867
15,15000,-0.100,3.018,10607,0.0827
16,16000,-0.100,2.947,10620,0.0780
17,17000,-0.100,2.925,10624,0.0765
18,18000,-0.100,2.848,10638,0.0714
19,19000,-0.100,2.859,10636,0.0721
20,20000,-0.100,2.799,10647,0.0681
21,21000,-0.100,2.728,10660,0.0634
22,22000,-0.100,2.673,10670,0.0597
23,23000,-0.100,2.608,10682,0.0554
24,24000,-0.100,2.564,10690,0.0525
25,25000,-0.100,2.498,10702,0.0481
26,26000,-0.100,2.465,10708,0.0459
27,27000,-0.100,2.378,10724,0.0401
28,28000,-0.100,2.345,10730,0.0379
29,29000,-0.100,2.367,10726,0.0393
30,30000,-0.100,2.006,10792,0.0153
31,31000,-0.100,2.214,10754,0.0291
32,32000,-0.100,2.148,10766,0.0247
33,33000,-0.100,2.039,10786,0.0175
34,34000,-0.100,2.083,10778,0.0204
35,35000,-0.100,1.973,10798,0.0131
36,36000,-0.100,1.962,10800,0.0124
37,37000,-0.100,1.929,10806,0.0102
38,38000,-0.100,1.935,10805,0.0105
39,39000,-0.100,1.831,10824,0.0036
40,40000,-0.100,1.809,10828,0.0021
41,41000,-0.100,1.727,10843,-0.0033
42,42000,-0.100,1.733,10842,-0.0030
43,43000,-0.100,1.656,10856,-0.0081
44,44000,-0.100,1.580,10870,-0.0132
45,45000,-0.100,1.514,10882,-0.0175
46,46000,-0.100,1.470,10890,-0.0205
47,47000,-0.100,1.465,10891,-0.0208
48,48000,-0.100,1.547,10876,-0.0153
49,49000,-0.100,1.241,10932,-0.0358
50,50000,-0.100,1.284,10924,-0.0328
51,51000,-0.100,1.273,10926,-0.0336
52,52000,-0.100,1.273,10926,-0.0336
53,53000,-0.100,1.202,10939,-0.0383
54,54000,-0.100,1.126,10953,-0.0434
55,55000,-0.100,1.421,10899,-0.0237
56,56000,-0.100,0.934,10988,-0.0562
57,57000,-0.100,0.978,10980,-0.0533
58,58000,-0.100,0.962,10983,-0.0544
59,59000,-0.100,0.956,10984,-0.0547
60,60000,-0.100,0.836,11006,-0.0627
61,61000,-0.100,0.891,10996,-0.0591
62,62000,-0.100,0.814,11010,-0.0642
63,63000,-0.100,0.748,11022,-0.0686
64,64000,-0.100,0.748,11022,-0.0686
65,65000,-0.100,0.738,11024,-0.0693
66,66000,-0.100,0.683,11034,-0.0729
67,67000,-0.100,0.639,11042,-0.0759
68,68000,-0.100,0.639,11042,-0.0759
69,69000,-0.100,0.590,11051,-0.0791
70,70000,-0.100,0.563,11056,-0.0810
71,71000,-0.100,0.513,11065,-0.0842
72,72000,-0.100,0.289,11106,-0.0992
73,73000,-0.100,0.481,11071,-0.0864
74,74000,-0.100,0.431,11080,-0.0897
75,75000,-0.100,0.448,11077,-0.0886
76,76000,-0.100,0.388,11088,-0.0926
77,77000,-0.100,0.344,11096,-0.0955
78,78000,-0.100,0.344,11096,-0.0955
79,79000,-0.100,0.311,11102,-0.0977
80,80000,-0.100,0.289,11106,-0.0992
81,81000,-0.100,-0.291,11114,-0.1021
82,82000,-0.100,-0.323,11120,-0.1043
83,83000,-0.100,-0.323,11120,-0.1043
84,84000,-0.100,0.333,11098,-0.0963
85,85000,-0.100,-0.296,11115,-0.1025
86,86000,-0.100,-0.345,11124,-0.1058
87,87000,-0.100,-0.373,11129,-0.1076
88,88000,-0.100,-0.356,11126,-0.1065
89,89000,-0.100,-0.400,11134,-0.1094
90,90000,-0.100,-0.422,11138,-0.1109
91,91000,-0.100,-0.411,11136,-0.1101
92,92000,-0.100,-0.427,11139,-0.1112
93,93000,-0.100,-0.422,11138,-0.1109
94,94000,-0.100,-0.455,11144,-0.1130
95,95000,-0.100,-0.444,11142,-0.1123
96,96000,-0.100,-0.455,11144,-0.1130
97,97000,-0.100,-0.466,11146,-0.1138
98,98000,-0.100,-0.471,11147,-0.1141
99,99000,-0.100,-0.444,11142,-0.1123
100,100000,-0.100,-0.466,11146,-0.1138
101,101000,-0.100,-0.466,11146,-0.1138
102,102000,-0.100,-0.487,11150,-0.1152
103,103000,-0.100,-0.498,11152,-0.1160
104,104000,-0.100,-0.466,11146,-0.1138
105,105000,-0.100,-0.526,11157,-0.1178
106,106000,-0.100,-0.646,11179,-0.1258
107,107000,-0.100,-0.455,11144,-0.1130
108,108000,-0.100,-0.673,11184,-0.1276
109,109000,-0.100,-0.466,11146,-0.1138
110,110000,-0.100,-0.509,11154,-0.1167
111,111000,-0.100,-0.482,11149,-0.1149
112,112000,-0.100,-0.870,11220,-0.1407
113,113000,-0.100,-0.476,11148,-0.1145
114,114000,-0.100,-0.444,11142,-0.1123
115,115000,-0.100,-0.597,11170,-0.1225
116,116000,-0.100,-0.411,11136,-0.1101
117,117000,-0.100,-0.476,11148,-0.1145
118,118000,-0.100,-0.471,11147,-0.1141
119,119000,-0.100,-0.476,11148,-0.1145
120,120000,-0.100,-0.471,11147,-0.1141
121,121000,-0.100,-0.509,11154,-0.1167
122,122000,-0.100,-0.487,11150,-0.1152
123,123000,-0.100,-0.471,11147,-0.1141
124,124000,-0.100,-0.444,11142,-0.1123
125,125000,-0.100,-0.471,11147,-0.1141
126,126000,-0.100,-0.334,11122,-0.1050
127,127000,-0.100,-0.487,11150,-0.1152
128,128000,-0.100,-0.641,11178,-0.1254
129,129000,-0.100,-0.422,11138,-0.1109
130,130000,-0.100,-0.487,11150,-0.1152
131,131000,-0.100,-0.422,11138,-0.1109
132,132000,-0.100,-0.433,11140,-0.1116
133,133000,-0.100,-0.378,11130,-0.1079
134,134000,-0.100,-0.340,11123,-0.1054
135,135000,-0.100,-0.384,11131,-0.1083
136,136000,-0.100,-0.384,11131,-0.1083
137,137000,-0.100,-0.280,11112,-0.1014
138,138000,-0.100,-0.384,11131,-0.1083
139,139000,-0.100,-0.291,11114,-0.1021
140,140000,-0.100,-0.378,11130,-0.1079
141,141000,-0.100,-0.378,11130,-0.1079
142,142000,-0.100,-0.334,11122,-0.1050
143,143000,-0.100,-0.334,11122,-0.1050
144,144000,-0.100,-0.427,11139,-0.1112
145,145000,-0.100,-0.340,11123,-0.1054
146,146000,-0.100,-0.312,11118,-0.1036
147,147000,-0.100,-0.302,11116,-0.1028
148,148000,-0.100,-0.323,11120,-0.1043
149,149000,-0.100,-0.280,11112,-0.1014
150,150000,-0.100,-0.323,11120,-0.1043
151,151000,-0.100,-0.291,11114,-0.1021
152,152000,-0.100,-0.312,11118,-0.1036
153,153000,-0.100,-0.269,11110,-0.1006
154,154000,-0.100,0.295,11105,-0.0988
155,155000,-0.100,0.317,11101,-0.0974
156,156000,-0.100,-0.280,11112,-0.1014
157,157000,-0.100,-0.280,11112,-0.1014
158,158000,-0.100,0.355,11094,-0.0948
159,159000,-0.100,-0.334,11122,-0.1050
160,160000,-0.100,-0.362,11127,-0.1068
161,161000,-0.100,0.311,11102,-0.0977
162,162000,-0.100,0.289,11106,-0.0992
163,163000,-0.100,-0.263,11109,-0.1003
164,164000,-0.100,0.300,11104,-0.0985
165,165000,-0.100,0.355,11094,-0.0948
166,166000,-0.100,-0.345,11124,-0.1058
167,167000,-0.100,0.327,11099,-0.0966
168,168000,-0.100,0.300,11104,-0.0985
169,169000,-0.100,0.333,11098,-0.0963
170,170000,-0.100,0.333,11098,-0.0963
171,171000,-0.100,0.371,11091,-0.0937
172,172000,-0.100,0.311,11102,-0.0977
173,173000,-0.100,0.333,11098,-0.0963
174,174000,-0.100,0.333,11098,-0.0963
175,175000,-0.100,0.284,11107,-0.0996
176,176000,-0.100,-0.334,11122,-0.1050
177,177000,-0.100,0.300,11104,-0.0985
178,178000,-0.100,-0.269,11110,-0.1006
179,179000,-0.100,0.327,11099,-0.0966
180,180000,-0.100,0.333,11098,-0.0963
181,181000,-0.100,0.289,11106,-0.0992
182,182000,-0.100,-0.280,11112,-0.1014
183,183000,-0.100,0.322,11100,-0.0970
184,184000,-0.100,0.333,11098,-0.0963
185,185000,-0.100,-0.269,11110,-0.1006
186,186000,-0.100,-0.291,11114,-0.1021
187,187000,-0.100,0.333,11098,-0.0963
188,188000,-0.100,0.311,11102,-0.0977
189,189000,-0.100,0.311,11102,-0.0977
190,190000,-0.100,0.311,11102,-0.0977
191,191000,-0.100,0.284,11107,-0.0996
192,192000,-0.100,-0.269,11110,-0.1006
193,193000,-0.100,0.322,11100,-0.0970
194,194000,-0.100,0.371,11091,-0.0937
195,195000,-0.100,0.333,11098,-0.0963
196,196000,-0.100,0.355,11094,-0.0948
197,197000,-0.100,0.300,11104,-0.0985
198,198000,-0.100,0.300,11104,-0.0985
199,199000,-0.100,0.333,11098,-0.0963
200,200000,-0.100,0.311,11102,-0.0977
201,201000,-0.100,-0.269,11110,-0.1006
202,202000,-0.100,0.333,11098,-0.0963
203,203000,-0.100,0.327,11099,-0.0966
204,204000,-0.100,0.300,11104,-0.0985
205,205000,-0.100,0.300,11104,-0.0985
206,206000,-0.100,0.327,11099,-0.0966
207,207000,-0.100,0.333,11098,-0.0963
208,208000,-0.100,-0.646,11179,-0.1258
209,209000,-0.100,0.278,11108,-0.0999
210,210000,-0.100,0.289,11106,-0.0992
211,211000,-0.100,0.355,11094,-0.0948
212,212000,-0.100,-0.291,11114,-0.1021
213,213000,-0.100,0.295,11105,-0.0988
214,214000,-0.100,0.311,11102,-0.0977
215,215000,-0.100,0.311,11102,-0.0977
216,216000,-0.100,-0.269,11110,-0.1006
217,217000,-0.100,0.284,11107,-0.0996
218,218000,-0.100,0.289,11106,-0.0992
219,219000,-0.100,-0.291,11114,-0.1021
220,220000,-0.100,0.377,11090,-0.0934
221,221000,-0.100,0.371,11091,-0.0937
222,222000,-0.100,0.333,11098,-0.0963
223,223000,-0.100,0.311,11102,-0.0977
224,224000,-0.100,0.289,11106,-0.0992
225,225000,-0.100,0.278,11108,-0.0999
226,226000,-0.100,0.289,11106,-0.0992
227,227000,-0.100,-0.367,11128,-0.1072
228,228000,-0.100,0.420,11082,-0.0904
229,229000,-0.100,-0.291,11114,-0.1021
230,230000,-0.100,0.284,11107,-0.0996
231,231000,-0.100,0.300,11104,-0.0985
232,232000,-0.100,0.278,11108,-0.0999
233,233000,-0.100,0.300,11104,-0.0985
234,234000,-0.100,-0.291,11114,-0.1021
235,235000,-0.100,0.322,11100,-0.0970
236,236000,-0.100,0.278,11108,-0.0999
237,237000,-0.100,0.284,11107,-0.0996
238,238000,-0.100,-0.291,11114,-0.1021
239,239000,-0.100,0.278,11108,-0.0999
240,240000,-0.100,0.344,11096,-0.0955
241,241000,-0.100,-0.345,11124,-0.1058
242,242000,-0.100,-0.367,11128,-0.1072
243,243000,-0.100,-0.291,11114,-0.1021
244,244000,-0.100,-0.280,11112,-0.1014
245,245000,-0.100,-0.269,11110,-0.1006
246,246000,-0.100,-0.280,11112,-0.1014
247,247000,-0.100,0.295,11105,-0.0988
248,248000,-0.100,-0.280,11112,-0.1014
249,249000,-0.100,0.344,11096,-0.0955
250,250000,-0.100,0.284,11107,-0.0996
251,251000,-0.100,-0.296,11115,-0.1025
252,252000,-0.100,-0.302,11116,-0.1028
253,253000,-0.100,0.289,11106,-0.0992
254,254000,-0.100,0.278,11108,-0.0999
255,255000,-0.100,0.344,11096,-0.0955
256,256000,-0.100,-0.334,11122,-0.1050
257,257000,-0.100,-0.269,11110,-0.1006
258,258000,-0.100,-0.302,11116,-0.1028
259,259000,-0.100,-0.291,11114,-0.1021
260,260000,-0.100,-0.296,11115,-0.1025
261,261000,-0.100,-0.280,11112,-0.1014
262,262000,-0.100,-0.280,11112,-0.1014
263,263000,-0.100,0.284,11107,-0.0996
264,264000,-0.100,-0.291,11114,-0.1021
265,265000,-0.100,-0.411,11136,-0.1101
266,266000,-0.100,0.289,11106,-0.0992
267,267000,-0.100,-0.269,11110,-0.1006
268,268000,-0.100,-0.291,11114,-0.1021
269,269000,-0.100,-0.280,11112,-0.1014
270,270000,-0.100,0.289,11106,-0.0992
271,271000,-0.100,-0.302,11116,-0.1028
272,272000,-0.100,0.497,11068,-0.0853
273,273000,-0.100,-0.280,11112,-0.1014
274,274000,-0.100,0.300,11104,-0.0985
275,275000,-0.100,-0.291,11114,-0.1021
276,276000,-0.100,-0.280,11112,-0.1014
277,277000,-0.100,0.366,11092,-0.0941
278,278000,-0.100,0.289,11106,-0.0992
279,279000,-0.100,0.716,11028,-0.0708
280,280000,-0.100,-0.269,11110,-0.1006
281,281000,-0.100,-0.280,11112,-0.1014
282,282000,-0.100,-0.269,11110,-0.1006
283,283000,-0.100,-0.274,11111,-0.1010
284,284000,-0.100,0.355,11094,-0.0948
285,285000,-0.100,-0.302,11116,-0.1028
286,286000,-0.100,0.300,11104,-0.0985
287,287000,-0.100,0.284,11107,-0.0996
288,288000,-0.100,0.415,11083,-0.0908
289,289000,-0.100,-0.263,11109,-0.1003
290,290000,-0.100,0.366,11092,-0.0941
291,291000,-0.100,-0.263,11109,-0.1003
292,292000,-0.100,-0.269,11110,-0.1006
293,293000,-0.100,0.311,11102,-0.0977
294,294000,-0.100,-0.280,11112,-0.1014
295,295000,-0.100,-0.280,11112,-0.1014
296,296000,-0.100,-0.280,11112,-0.1014
297,297000,-0.100,0.289,11106,-0.0992
298,298000,-0.100,0.289,11106,-0.0992
299,299000,-0.100,-0.263,11109,-0.1003
300,300000,-0.100,0.284,11107,-0.0996
301,301000,-0.100,-0.323,11120,-0.1043
302,302000,-0.100,0.284,11107,-0.0996
303,303000,-0.100,0.278,11108,-0.0999
304,304000,-0.100,0.284,11107,-0.0996
305,305000,-0.100,-0.269,11110,-0.1006
306,306000,-0.100,-0.307,11117,-0.1032
307,307000,-0.100,-0.269,11110,-0.1006
308,308000,-0.100,-0.263,11109,-0.1003
309,309000,-0.100,-0.280,11112,-0.1014
310,310000,-0.100,0.355,11094,-0.0948
311,311000,-0.100,-0.280,11112,-0.1014
312,312000,-0.100,0.278,11108,-0.0999
313,313000,-0.100,-0.285,11113,-0.1017
314,314000,-0.100,-0.356,11126,-0.1065
315,315000,-0.100,-0.296,11115,-0.1025
316,316000,-0.100,0.327,11099,-0.0966
317,317000,-0.100,-0.280,11112,-0.1014
318,318000,-0.100,-0.334,11122,-0.1050
319,319000,-0.100,-0.269,11110,-0.1006
320,320000,-0.100,0.333,11098,-0.0963
321,321000,-0.100,-0.296,11115,-0.1025
322,322000,-0.100,-0.269,11110,-0.1006
323,323000,-0.100,-0.263,11109,-0.1003
324,324000,-0.100,0.289,11106,-0.0992
325,325000,-0.100,0.278,11108,-0.0999
326,326000,-0.100,0.289,11106,-0.0992
327,327000,-0.100,0.388,11088,-0.0926
328,328000,-0.100,-0.323,11120,-0.1043
329,329000,-0.100,-0.269,11110,-0.1006
330,330000,-0.100,-0.280,11112,-0.1014
331,331000,-0.100,-0.280,11112,-0.1014
332,332000,-0.100,-0.269,11110,-0.1006
333,333000,-0.100,0.333,11098,-0.0963
334,334000,-0.100,-0.378,11130,-0.1079
335,335000,-0.100,0.278,11108,-0.0999
336,336000,-0.100,0.289,11106,-0.0992
337,337000,-0.100,-0.302,11116,-0.1028
338,338000,-0.100,0.300,11104,-0.0985
339,339000,-0.100,0.289,11106,-0.0992
340,340000,-0.100,-0.400,11134,-0.1094
341,341000,-0.100,-0.280,11112,-0.1014
342,342000,-0.100,0.278,11108,-0.0999
343,343000,-0.100,-0.280,11112,-0.1014
344,344000,-0.100,0.289,11106,-0.0992
345,345000,-0.100,-0.280,11112,-0.1014
346,346000,-0.100,0.289,11106,-0.0992
347,347000,-0.100,0.289,11106,-0.0992
348,348000,-0.100,0.355,11094,-0.0948
349,349000,-0.100,-0.312,11118,-0.1036
350,350000,-0.100,-0.291,11114,-0.1021
351,351000,-0.100,0.289,11106,-0.0992
352,352000,-0.100,-0.269,11110,-0.1006
353,353000,-0.100,-0.334,11122,-0.1050
354,354000,-0.100,-0.269,11110,-0.1006
355,355000,-0.100,-0.263,11109,-0.1003
356,356000,-0.100,0.333,11098,-0.0963
357,357000,-0.100,0.284,11107,-0.0996
358,358000,-0.100,0.278,11108,-0.0999
359,359000,-0.100,0.278,11108,-0.0999
360,360000,-0.100,-0.269,11110,-0.1006
361,361000,-0.100,-0.280,11112,-0.1014
362,362000,-0.100,-0.394,11133,-0.1090
363,363000,-0.100,0.300,11104,-0.0985
364,364000,-0.100,-0.291,11114,-0.1021
365,365000,-0.100,-0.449,11143,-0.1127
366,366000,-0.100,0.278,11108,-0.0999
367,367000,-0.100,-0.269,11110,-0.1006
368,368000,-0.100,0.284,11107,-0.0996
369,369000,-0.100,0.278,11108,-0.0999
370,370000,-0.100,-0.433,11140,-0.1116
371,371000,-0.100,0.278,11108,-0.0999
372,372000,-0.100,0.300,11104,-0.0985
373,373000,-0.100,0.278,11108,-0.0999
374,374000,-0.100,-0.280,11112,-0.1014
375,375000,-0.100,-0.280,11112,-0.1014
376,376000,-0.100,-0.280,11112,-0.1014
377,377000,-0.100,-0.356,11126,-0.1065
378,378000,-0.100,-0.280,11112,-0.1014
379,379000,-0.100,-0.323,11120,-0.1043
380,380000,-0.100,-0.280,11112,-0.1014
381,381000,-0.100,-0.302,11116,-0.1028
382,382000,-0.100,0.300,11104,-0.0985
383,383000,-0.100,-0.269,11110,-0.1006
384,384000,-0.100,0.278,11108,-0.0999
385,385000,-0.100,-0.274,11111,-0.1010
386,386000,-0.100,-0.280,11112,-0.1014
387,387000,-0.100,0.300,11104,-0.0985
388,388000,-0.100,0.289,11106,-0.0992
389,389000,-0.100,0.300,11104,-0.0985
390,390000,-0.100,0.278,11108,-0.0999
391,391000,-0.100,-0.291,11114,-0.1021
392,392000,-0.100,-0.269,11110,-0.1006
393,393000,-0.100,-0.280,11112,-0.1014
394,394000,-0.100,0.278,11108,-0.0999
395,395000,-0.100,0.278,11108,-0.0999
396,396000,-0.100,-0.269,11110,-0.1006
397,397000,-0.100,0.278,11108,-0.0999
398,398000,-0.100,-0.312,11118,-0.1036
399,399000,-0.100,-0.269,11110,-0.1006
400,400000,-0.100,0.333,11098,-0.0963
401,401000,-0.100,0.311,11102,-0.0977
402,402000,-0.100,-0.269,11110,-0.1006
403,403000,-0.100,-0.280,11112,-0.1014
404,404000,-0.100,-0.296,11115,-0.1025
405,405000,-0.100,-0.345,11124,-0.1058
406,406000,-0.100,-0.291,11114,-0.1021
407,407000,-0.100,-0.455,11144,-0.1130
408,408000,-0.100,0.349,11095,-0.0952
409,409000,-0.100,0.284,11107,-0.0996
410,410000,-0.100,0.278,11108,-0.0999
411,411000,-0.100,0.284,11107,-0.0996
412,412000,-0.100,-0.269,11110,-0.1006
413,413000,-0.100,-0.455,11144,-0.1130
414,414000,-0.100,-0.280,11112,-0.1014
415,415000,-0.100,-0.269,11110,-0.1006
416,416000,-0.100,-0.269,11110,-0.1006
417,417000,-0.100,0.278,11108,-0.0999
418,418000,-0.100,-0.269,11110,-0.1006
419,419000,-0.100,0.278,11108,-0.0999
420,420000,-0.100,-0.280,11112,-0.1014
421,421000,-0.100,-0.269,11110,-0.1006
422,422000,-0.100,-0.269,11110,-0.1006
423,423000,-0.100,-0.269,11110,-0.1006
424,424000,-0.100,-0.291,11114,-0.1021
425,425000,-0.100,0.289,11106,-0.0992
426,426000,-0.100,-0.312,11118,-0.1036
427,427000,-0.100,-0.291,11114,-0.1021
428,428000,-0.100,0.284,11107,-0.0996
429,429000,-0.100,-0.269,11110,-0.1006
430,430000,-0.100,-0.280,11112,-0.1014
431,431000,-0.100,-0.291,11114,-0.1021
432,432000,-0.100,0.338,11097,-0.0959
433,433000,-0.100,-0.334,11122,-0.1050
434,434000,-0.100,-0.291,11114,-0.1021
435,435000,-0.100,-0.269,11110,-0.1006
436,436000,-0.100,-0.280,11112,-0.1014
437,437000,-0.100,-0.291,11114,-0.1021
438,438000,-0.100,-0.269,11110,-0.1006
439,439000,-0.100,0.289,11106,-0.0992
440,440000,-0.100,-0.291,11114,-0.1021
441,441000,-0.100,-0.291,11114,-0.1021
442,442000,-0.100,-0.291,11114,-0.1021
443,443000,-0.100,-0.312,11118,-0.1036
444,444000,-0.100,-0.269,11110,-0.1006
445,445000,-0.100,0.284,11107,-0.0996
446,446000,-0.100,-0.367,11128,-0.1072
447,447000,-0.100,-0.280,11112,-0.1014
448,448000,-0.100,0.300,11104,-0.0985
449,449000,-0.100,-0.280,11112,-0.1014
450,450000,-0.100,-0.269,11110,-0.1006
451,451000,-0.100,0.284,11107,-0.0996
452,452000,-0.100,0.278,11108,-0.0999
453,453000,-0.100,0.388,11088,-0.0926
454,454000,-0.100,0.284,11107,-0.0996
455,455000,-0.100,-0.291,11114,-0.1021
456,456000,-0.100,0.284,11107,-0.0996
457,457000,-0.100,0.289,11106,-0.0992
458,458000,-0.100,-0.323,11120,-0.1043
459,459000,-0.100,-0.280,11112,-0.1014
460,460000,-0.100,-0.269,11110,-0.1006
461,461000,-0.100,-0.280,11112,-0.1014
462,462000,-0.100,0.278,11108,-0.0999
463,463000,-0.100,-0.312,11118,-0.1036
464,464000,-0.100,-0.662,11182,-0.1269
465,465000,-0.100,-0.280,11112,-0.1014
466,466000,-0.100,-0.269,11110,-0.1006
467,467000,-0.100,-0.280,11112,-0.1014
468,468000,-0.100,0.289,11106,-0.0992
469,469000,-0.100,-0.269,11110,-0.1006
470,470000,-0.100,-0.269,11110,-0.1006
471,471000,-0.100,-0.269,11110,-0.1006
472,472000,-0.100,0.344,11096,-0.0955
473,473000,-0.100,0.333,11098,-0.0963
474,474000,-0.100,0.284,11107,-0.0996
475,475000,-0.100,-0.291,11114,-0.1021
476,476000,-0.100,0.327,11099,-0.0966
477,477000,-0.100,-0.296,11115,-0.1025
478,478000,-0.100,-0.291,11114,-0.1021
479,479000,-0.100,-0.323,11120,-0.1043
480,480000,-0.100,-0.280,11112,-0.1014
481,481000,-0.100,0.344,11096,-0.0955
482,482000,-0.100,-0.280,11112,-0.1014
483,483000,-0.100,-0.269,11110,-0.1006
484,484000,-0.100,-0.280,11112,-0.1014
485,485000,-0.100,0.344,11096,-0.0955
486,486000,-0.100,0.388,11088,-0.0926
487,487000,-0.100,-0.280,11112,-0.1014
488,488000,-0.100,0.311,11102,-0.0977
489,489000,-0.100,-0.280,11112,-0.1014
490,490000,-0.100,0.388,11088,-0.0926
491,491000,-0.100,0.284,11107,-0.0996
492,492000,-0.100,-0.296,11115,-0.1025
493,493000,-0.100,-0.323,11120,-0.1043
494,494000,-0.100,0.300,11104,-0.0985
495,495000,-0.100,-0.285,11113,-0.1017
496,496000,-0.100,-0.296,11115,-0.1025
497,497000,-0.100,0.300,11104,-0.0985
498,498000,-0.100,0.388,11088,-0.0926
499,499000,-0.100,0.284,11107,-0.0996
500,500000,-0.100,0.278,11108,-0.0999
501,501000,-0.100,-0.263,11109,-0.1003
502,502000,-0.100,-0.269,11110,-0.1006
503,503000,-0.100,0.300,11104,-0.0985
504,504000,-0.100,0.344,11096,-0.0955
505,505000,-0.100,0.289,11106,-0.0992
506,506000,-0.100,-0.280,11112,-0.1014
507,507000,-0.100,0.289,11106,-0.0992
508,508000,-0.100,-0.269,11110,-0.1006
509,509000,-0.100,0.300,11104,-0.0985
510,510000,-0.100,-0.269,11110,-0.1006
511,511000,-0.100,-0.280,11112,-0.1014
512,512000,-0.100,-0.280,11112,-0.1014
513,513000,-0.100,-0.269,11110,-0.1006
514,514000,-0.100,-0.444,11142,-0.1123
515,515000,-0.100,0.344,11096,-0.0955
516,516000,-0.100,0.278,11108,-0.0999
517,517000,-0.100,0.333,11098,-0.0963
518,518000,-0.100,-0.269,11110,-0.1006
519,519000,-0.100,0.300,11104,-0.0985
520,520000,-0.100,0.300,11104,-0.0985
521,521000,-0.100,-0.356,11126,-0.1065
522,522000,-0.100,-0.291,11114,-0.1021
523,523000,-0.100,0.289,11106,-0.0992
524,524000,-0.100,-0.269,11110,-0.1006
525,525000,-0.100,-0.291,11114,-0.1021
526,526000,-0.100,0.284,11107,-0.0996
527,527000,-0.100,-0.269,11110,-0.1006
528,528000,-0.100,-0.269,11110,-0.1006
529,529000,-0.100,-0.280,11112,-0.1014
530,530000,-0.100,0.289,11106,-0.0992
531,531000,-0.100,0.289,11106,-0.0992
532,532000,-0.100,0.300,11104,-0.0985
533,533000,-0.100,0.300,11104,-0.0985
534,534000,-0.100,-0.269,11110,-0.1006
535,535000,-0.100,0.289,11106,-0.0992
536,536000,-0.100,-0.280,11112,-0.1014
537,537000,-0.100,-0.263,11109,-0.1003
538,538000,-0.100,-0.280,11112,-0.1014
539,539000,-0.100,-0.269,11110,-0.1006
540,540000,-0.100,0.508,11066,-0.0846
541,541000,-0.100,0.442,11078,-0.0890
542,542000,-0.100,-0.378,11130,-0.1079
543,543000,-0.100,-0.280,11112,-0.1014
544,544000,-0.100,0.442,11078,-0.0890
545,545000,-0.100,-0.323,11120,-0.1043
546,546000,-0.100,0.278,11108,-0.0999
547,547000,-0.100,-0.291,11114,-0.1021
548,548000,-0.100,0.289,11106,-0.0992
549,549000,-0.100,-0.263,11109,-0.1003
550,550000,-0.100,0.344,11096,-0.0955
551,551000,-0.100,0.289,11106,-0.0992
552,552000,-0.100,0.344,11096,-0.0955
553,553000,-0.100,0.284,11107,-0.0996
554,554000,-0.100,0.300,11104,-0.0985
555,555000,-0.100,-0.269,11110,-0.1006
556,556000,-0.100,0.278,11108,-0.0999
557,557000,-0.100,-0.280,11112,-0.1014
558,558000,-0.100,0.278,11108,-0.0999
559,559000,-0.100,-0.291,11114,-0.1021
560,560000,-0.100,-0.334,11122,-0.1050
561,561000,-0.100,-0.269,11110,-0.1006
562,562000,-0.100,0.289,11106,-0.0992
563,563000,-0.100,-0.296,11115,-0.1025
564,564000,-0.100,-0.487,11150,-0.1152
565,565000,-0.100,0.300,11104,-0.0985
566,566000,-0.100,0.300,11104,-0.0985
567,567000,-0.100,-0.280,11112,-0.1014
568,568000,-0.100,-0.356,11126,-0.1065
569,569000,-0.100,0.289,11106,-0.0992
570,570000,-0.100,0.289,11106,-0.0992
571,571000,-0.100,-0.312,11118,-0.1036
572,572000,-0.100,0.278,11108,-0.0999
573,573000,-0.100,0.300,11104,-0.0985
574,574000,-0.100,-0.291,11114,-0.1021
575,575000,-0.100,-0.280,11112,-0.1014
576,576000,-0.100,0.289,11106,-0.0992
577,577000,-0.100,0.289,11106,-0.0992
578,578000,-0.100,0.333,11098,-0.0963
579,579000,-0.100,-0.269,11110,-0.1006
580,580000,-0.100,0.344,11096,-0.0955
581,581000,-0.100,-0.285,11113,-0.1017
582,582000,-0.100,-0.411,11136,-0.1101
583,583000,-0.100,0.289,11106,-0.0992
584,584000,-0.100,0.563,11056,-0.0810
585,585000,-0.100,0.289,11106,-0.0992
586,586000,-0.100,0.278,11108,-0.0999
587,587000,-0.100,0.311,11102,-0.0977
588,588000,-0.100,0.377,11090,-0.0934
589,589000,-0.100,0.289,11106,-0.0992
590,590000,-0.100,0.284,11107,-0.0996
591,591000,-0.100,0.300,11104,-0.0985
592,592000,-0.100,0.289,11106,-0.0992
593,593000,-0.100,0.300,11104,-0.0985
594,594000,-0.100,-0.280,11112,-0.1014
595,595000,-0.100,-0.269,11110,-0.1006
596,596000,-0.100,-0.280,11112,-0.1014
597,597000,-0.100,-0.269,11110,-0.1006
598,598000,-0.100,-0.269,11110,-0.1006
599,599000,-0.100,0.327,11099,-0.0966
# end capture 17
# capture 18 kp=-15.00 dir=+ dt_us=1000 samples=600 sat=0
0,0,0.100,-3.263,11109,-0.1003
1,1000,0.100,-3.181,11094,-0.0948
2,2000,0.100,-3.209,11099,-0.0966
3,3000,0.100,-3.203,11098,-0.0963
4,4000,0.100,-3.192,11096,-0.0955
5,5000,0.100,-3.225,11102,-0.0977
6,6000,0.100,-3.148,11088,-0.0926
7,7000,0.100,-3.247,11106,-0.0992
8,8000,0.100,-3.367,11128,-0.1072
9,9000,0.100,-3.006,11062,-0.0832
10,10000,0.100,-3.159,11090,-0.0934
11,11000,0.100,-3.116,11082,-0.0904
12,12000,0.100,-3.039,11068,-0.0853
13,13000,0.100,-3.061,11072,-0.0868
14,14000,0.100,-2.973,11056,-0.0810
15,15000,0.100,-2.941,11050,-0.0788
16,16000,0.100,-2.897,11042,-0.0759
17,17000,0.100,-2.711,11008,-0.0635
18,18000,0.100,-3.105,11080,-0.0897
19,19000,0.100,-2.798,11024,-0.0693
20,20000,0.100,-2.777,11020,-0.0678
21,21000,0.100,-2.798,11024,-0.0693
22,22000,0.100,-2.711,11008,-0.0635
23,23000,0.100,-2.667,11000,-0.0606
24,24000,0.100,-2.591,10986,-0.0554
25,25000,0.100,-2.552,10979,-0.0529
26,26000,0.100,-2.492,10968,-0.0489
27,27000,0.100,-2.394,10950,-0.0423
28,28000,0.100,-2.416,10954,-0.0438
29,29000,0.100,-2.405,10952,-0.0431
30,30000,0.100,-2.328,10938,-0.0379
31,31000,0.100,-2.317,10936,-0.0372
32,32000,0.100,-2.219,10918,-0.0307
33,33000,0.100,-2.142,10904,-0.0256
34,34000,0.100,-2.153,10906,-0.0263
35,35000,0.100,-2.088,10894,-0.0219
36,36000,0.100,-2.022,10882,-0.0175
37,37000,0.100,-1.951,10869,-0.0128
38,38000,0.100,-1.940,10867,-0.0121
39,39000,0.100,-1.880,10856,-0.0081
40,40000,0.100,-1.820,10845,-0.0040
41,41000,0.100,-1.781,10838,-0.0015
42,42000,0.100,-1.749,10832,0.0007
43,43000,0.100,-1.705,10824,0.0036
44,44000,0.100,-1.749,10832,0.0007
45,45000,0.100,-1.590,10803,0.0113
46,46000,0.100,-1.541,10794,0.0145
47,47000,0.100,-1.475,10782,0.0189
48,48000,0.100,-1.486,10784,0.0182
49,49000,0.100,-1.399,10768,0.0240
50,50000,0.100,-1.109,10715,0.0433
51,51000,0.100,-1.224,10736,0.0357
52,52000,0.100,-1.268,10744,0.0328
53,53000,0.100,-1.224,10736,0.0357
54,54000,0.100,-1.224,10736,0.0357
55,55000,0.100,-1.114,10716,0.0430
56,56000,0.100,-1.125,10718,0.0422
57,57000,0.100,-1.049,10704,0.0473
58,58000,0.100,-1.005,10696,0.0503
59,59000,0.100,-0.950,10686,0.0539
60,60000,0.100,-0.907,10678,0.0568
61,61000,0.100,-0.912,10679,0.0565
62,62000,0.100,-0.907,10678,0.0568
63,63000,0.100,-0.830,10664,0.0619
64,64000,0.100,-0.770,10653,0.0659
65,65000,0.100,-0.759,10651,0.0667
66,66000,0.100,-0.710,10642,0.0699
67,67000,0.100,-0.666,10634,0.0729
68,68000,0.100,-0.732,10646,0.0685
69,69000,0.100,-0.622,10626,0.0758
70,70000,0.100,-0.584,10619,0.0783
71,71000,0.100,-0.579,10618,0.0787
72,72000,0.100,-0.551,10613,0.0805
73,73000,0.100,-0.507,10605,0.0834
74,74000,0.100,-0.546,10612,0.0809
75,75000,0.100,-0.425,10590,0.0889
76,76000,0.100,-0.688,10638,0.0714
77,77000,0.100,-0.447,10594,0.0874
78,78000,0.100,-0.404,10586,0.0904
79,79000,0.100,-0.305,10568,0.0969
80,80000,0.100,-0.294,10566,0.0977
81,81000,0.100,-0.261,10560,0.0998
82,82000,0.100,-0.272,10562,0.0991
83,83000,0.100,0.286,10558,0.1006
84,84000,0.100,-0.261,10560,0.0998
85,85000,0.100,0.329,10550,0.1035
86,86000,0.100,0.417,10534,0.1093
87,87000,0.100,-0.261,10560,0.0998
88,88000,0.100,0.433,10531,0.1104
89,89000,0.100,0.395,10538,0.1079
90,90000,0.100,0.389,10539,0.1075
91,91000,0.100,0.329,10550,0.1035
92,92000,0.100,0.417,10534,0.1093
93,93000,0.100,0.504,10518,0.1151
94,94000,0.100,0.433,10531,0.1104
95,95000,0.100,0.450,10528,0.1115
96,96000,0.100,0.460,10526,0.1122
97,97000,0.100,0.471,10524,0.1130
98,98000,0.100,0.488,10521,0.1141
99,99000,0.100,0.307,10554,0.1020
100,100000,0.100,0.493,10520,0.1144
101,101000,0.100,0.471,10524,0.1130
102,102000,0.100,0.592,10502,0.1210
103,103000,0.100,0.504,10518,0.1151
104,104000,0.100,0.433,10531,0.1104
105,105000,0.100,0.537,10512,0.1173
106,106000,0.100,0.439,10530,0.1108
107,107000,0.100,0.652,10491,0.1250
108,108000,0.100,0.548,10510,0.1181
109,109000,0.100,0.488,10521,0.1141
110,110000,0.100,0.460,10526,0.1122
111,111000,0.100,0.477,10523,0.1133
112,112000,0.100,0.526,10514,0.1166
113,113000,0.100,0.537,10512,0.1173
114,114000,0.100,0.450,10528,0.1115
115,115000,0.100,0.526,10514,0.1166
116,116000,0.100,0.504,10518,0.1151
117,117000,0.100,0.526,10514,0.1166
118,118000,0.100,0.592,10502,0.1210
119,119000,0.100,0.460,10526,0.1122
120,120000,0.100,-0.409,10587,0.0900
121,121000,0.100,0.482,10522,0.1137
122,122000,0.100,0.482,10522,0.1137
123,123000,0.100,0.482,10522,0.1137
124,124000,0.100,0.526,10514,0.1166
125,125000,0.100,0.482,10522,0.1137
126,126000,0.100,0.329,10550,0.1035
127,127000,0.100,0.477,10523,0.1133
128,128000,0.100,0.482,10522,0.1137
129,129000,0.100,0.439,10530,0.1108
130,130000,0.100,0.428,10532,0.1100
131,131000,0.100,0.428,10532,0.1100
132,132000,0.100,0.439,10530,0.1108
133,133000,0.100,0.439,10530,0.1108
134,134000,0.100,0.417,10534,0.1093
135,135000,0.100,0.515,10516,0.1159
136,136000,0.100,0.548,10510,0.1181
137,137000,0.100,-0.393,10584,0.0911
138,138000,0.100,0.406,10536,0.1086
139,139000,0.100,0.428,10532,0.1100
140,140000,0.100,0.329,10550,0.1035
141,141000,0.100,0.373,10542,0.1064
142,142000,0.100,0.373,10542,0.1064
143,143000,0.100,0.378,10541,0.1068
144,144000,0.100,0.433,10531,0.1104
145,145000,0.100,0.351,10546,0.1049
146,146000,0.100,0.351,10546,0.1049
147,147000,0.100,0.340,10548,0.1042
148,148000,0.100,0.395,10538,0.1079
149,149000,0.100,0.329,10550,0.1035
150,150000,0.100,0.351,10546,0.1049
151,151000,0.100,0.362,10544,0.1057
152,152000,0.100,0.318,10552,0.1028
153,153000,0.100,0.417,10534,0.1093
154,154000,0.100,0.313,10553,0.1024
155,155000,0.100,0.493,10520,0.1144
156,156000,0.100,0.302,10555,0.1017
157,157000,0.100,0.389,10539,0.1075
158,158000,0.100,-0.272,10562,0.0991
159,159000,0.100,0.286,10558,0.1006
160,160000,0.100,-0.261,10560,0.0998
161,161000,0.100,0.286,10558,0.1006
162,162000,0.100,-0.294,10566,0.0977
163,163000,0.100,-0.294,10566,0.0977
164,164000,0.100,-0.327,10572,0.0955
165,165000,0.100,-0.294,10566,0.0977
166,166000,0.100,-0.333,10573,0.0951
167,167000,0.100,-0.327,10572,0.0955
168,168000,0.100,-0.278,10563,0.0987
169,169000,0.100,0.329,10550,0.1035
170,170000,0.100,0.302,10555,0.1017
171,171000,0.100,-0.382,10582,0.0918
172,172000,0.100,-0.261,10560,0.0998
173,173000,0.100,-0.404,10586,0.0904
174,174000,0.100,-0.349,10576,0.0940
175,175000,0.100,-0.327,10572,0.0955
176,176000,0.100,-0.294,10566,0.0977
177,177000,0.100,-0.327,10572,0.0955
178,178000,0.100,-0.272,10562,0.0991
179,179000,0.100,-0.305,10568,0.0969
180,180000,0.100,-0.305,10568,0.0969
181,181000,0.100,0.417,10534,0.1093
182,182000,0.100,-0.382,10582,0.0918
183,183000,0.100,-0.333,10573,0.0951
184,184000,0.100,-0.261,10560,0.0998
185,185000,0.100,-0.261,10560,0.0998
186,186000,0.100,-0.294,10566,0.0977
187,187000,0.100,-0.267,10561,0.0995
188,188000,0.100,-0.272,10562,0.0991
189,189000,0.100,0.286,10558,0.1006
190,190000,0.100,-0.305,10568,0.0969
191,191000,0.100,0.340,10548,0.1042
192,192000,0.100,-0.289,10565,0.0980
193,193000,0.100,-0.305,10568,0.0969
194,194000,0.100,0.291,10557,0.1009
195,195000,0.100,-0.283,10564,0.0984
196,196000,0.100,-0.349,10576,0.0940
197,197000,0.100,-0.294,10566,0.0977
198,198000,0.100,-0.272,10562,0.0991
199,199000,0.100,-0.294,10566,0.0977
200,200000,0.100,0.619,10497,0.1228
201,201000,0.100,-0.278,10563,0.0987
202,202000,0.100,-0.261,10560,0.0998
203,203000,0.100,-0.267,10561,0.0995
204,204000,0.100,-0.261,10560,0.0998
205,205000,0.100,-0.272,10562,0.0991
206,206000,0.100,-0.322,10571,0.0958
207,207000,0.100,-0.316,10570,0.0962
208,208000,0.100,-0.261,10560,0.0998
209,209000,0.100,-0.305,10568,0.0969
210,210000,0.100,-0.327,10572,0.0955
211,211000,0.100,-0.283,10564,0.0984
212,212000,0.100,-0.305,10568,0.0969
213,213000,0.100,0.373,10542,0.1064
214,214000,0.100,-0.338,10574,0.0947
215,215000,0.100,-0.294,10566,0.0977
216,216000,0.100,-0.267,10561,0.0995
217,217000,0.100,0.296,10556,0.1013
218,218000,0.100,-0.316,10570,0.0962
219,219000,0.100,-0.267,10561,0.0995
220,220000,0.100,-0.261,10560,0.0998
221,221000,0.100,0.296,10556,0.1013
222,222000,0.100,0.291,10557,0.1009
223,223000,0.100,0.351,10546,0.1049
224,224000,0.100,-0.272,10562,0.0991
225,225000,0.100,0.296,10556,0.1013
226,226000,0.100,0.286,10558,0.1006
227,227000,0.100,0.286,10558,0.1006
228,228000,0.100,-0.261,10560,0.0998
229,229000,0.100,0.318,10552,0.1028
230,230000,0.100,0.351,10546,0.1049
231,231000,0.100,-0.464,10597,0.0864
232,232000,0.100,0.296,10556,0.1013
233,233000,0.100,-0.261,10560,0.0998
234,234000,0.100,-0.294,10566,0.0977
235,235000,0.100,0.291,10557,0.1009
236,236000,0.100,-0.349,10576,0.0940
237,237000,0.100,-0.272,10562,0.0991
238,238000,0.100,0.307,10554,0.1020
239,239000,0.100,-0.294,10566,0.0977
240,240000,0.100,-0.283,10564,0.0984
241,241000,0.100,-0.278,10563,0.0987
242,242000,0.100,-0.261,10560,0.0998
243,243000,0.100,-0.261,10560,0.0998
244,244000,0.100,-0.261,10560,0.0998
245,245000,0.100,-0.311,10569,0.0966
246,246000,0.100,0.378,10541,0.1068
247,247000,0.100,-0.261,10560,0.0998
248,248000,0.100,-0.579,10618,0.0787
249,249000,0.100,-0.272,10562,0.0991
250,250000,0.100,0.313,10553,0.1024
251,251000,0.100,0.296,10556,0.1013
252,252000,0.100,0.296,10556,0.1013
253,253000,0.100,-0.272,10562,0.0991
254,254000,0.100,-0.261,10560,0.0998
255,255000,0.100,-0.261,10560,0.0998
256,256000,0.100,-0.283,10564,0.0984
257,257000,0.100,0.296,10556,0.1013
258,258000,0.100,-0.272,10562,0.0991
259,259000,0.100,0.318,10552,0.1028
260,260000,0.100,-0.278,10563,0.0987
261,261000,0.100,-0.261,10560,0.0998
262,262000,0.100,0.291,10557,0.1009
263,263000,0.100,-0.261,10560,0.0998
264,264000,0.100,0.351,10546,0.1049
265,265000,0.100,-0.261,10560,0.0998
266,266000,0.100,-0.283,10564,0.0984
267,267000,0.100,0.296,10556,0.1013
268,268000,0.100,0.307,10554,0.1020
269,269000,0.100,0.313,10553,0.1024
270,270000,0.100,0.307,10554,0.1020
271,271000,0.100,-0.289,10565,0.0980
272,272000,0.100,-0.278,10563,0.0987
273,273000,0.100,0.357,10545,0.1053
274,274000,0.100,-0.272,10562,0.0991
275,275000,0.100,-0.305,10568,0.0969
276,276000,0.100,-0.261,10560,0.0998
277,277000,0.100,-0.272,10562,0.0991
278,278000,0.100,-0.261,10560,0.0998
279,279000,0.100,-0.272,10562,0.0991
280,280000,0.100,0.373,10542,0.1064
281,281000,0.100,0.302,10555,0.1017
282,282000,0.100,-0.261,10560,0.0998
283,283000,0.100,0.286,10558,0.1006
284,284000,0.100,0.395,10538,0.1079
285,285000,0.100,-0.272,10562,0.0991
286,286000,0.100,0.296,10556,0.1013
287,287000,0.100,0.296,10556,0.1013
288,288000,0.100,-0.261,10560,0.0998
289,289000,0.100,0.291,10557,0.1009
290,290000,0.100,0.307,10554,0.1020
291,291000,0.100,0.302,10555,0.1017
292,292000,0.100,-0.278,10563,0.0987
293,293000,0.100,0.307,10554,0.1020
294,294000,0.100,-0.261,10560,0.0998
295,295000,0.100,-0.272,10562,0.0991
296,296000,0.100,0.460,10526,0.1122
297,297000,0.100,0.286,10558,0.1006
298,298000,0.100,0.286,10558,0.1006
299,299000,0.100,-0.261,10560,0.0998
300,300000,0.100,0.291,10557,0.1009
301,301000,0.100,-0.272,10562,0.0991
302,302000,0.100,0.286,10558,0.1006
303,303000,0.100,0.286,10558,0.1006
304,304000,0.100,-0.272,10562,0.0991
305,305000,0.100,-0.261,10560,0.0998
306,306000,0.100,-0.278,10563,0.0987
307,307000,0.100,0.324,10551,0.1031
308,308000,0.100,-0.261,10560,0.0998
309,309000,0.100,0.302,10555,0.1017
310,310000,0.100,-0.261,10560,0.0998
311,311000,0.100,-0.338,10574,0.0947
312,312000,0.100,-0.305,10568,0.0969
313,313000,0.100,-0.278,10563,0.0987
314,314000,0.100,-0.267,10561,0.0995
315,315000,0.100,-0.261,10560,0.0998
316,316000,0.100,-0.272,10562,0.0991
317,317000,0.100,-0.272,10562,0.0991
318,318000,0.100,0.286,10558,0.1006
319,319000,0.100,-0.261,10560,0.0998
320,320000,0.100,0.373,10542,0.1064
321,321000,0.100,-0.272,10562,0.0991
322,322000,0.100,-0.272,10562,0.0991
323,323000,0.100,0.329,10550,0.1035
324,324000,0.100,-0.272,10562,0.0991
325,325000,0.100,-0.267,10561,0.0995
326,326000,0.100,0.307,10554,0.1020
327,327000,0.100,0.439,10530,0.1108
328,328000,0.100,-0.464,10597,0.0864
329,329000,0.100,0.439,10530,0.1108
330,330000,0.100,0.389,10539,0.1075
331,331000,0.100,-0.360,10578,0.0933
332,332000,0.100,0.286,10558,0.1006
333,333000,0.100,-0.261,10560,0.0998
334,334000,0.100,-0.261,10560,0.0998
335,335000,0.100,0.286,10558,0.1006
336,336000,0.100,0.307,10554,0.1020
337,337000,0.100,-0.305,10568,0.0969
338,338000,0.100,-0.261,10560,0.0998
339,339000,0.100,-0.261,10560,0.0998
340,340000,0.100,0.286,10558,0.1006
341,341000,0.100,0.329,10550,0.1035
342,342000,0.100,-0.272,10562,0.0991
343,343000,0.100,-0.316,10570,0.0962
344,344000,0.100,0.307,10554,0.1020
345,345000,0.100,0.351,10546,0.1049
346,346000,0.100,0.286,10558,0.1006
347,347000,0.100,-0.294,10566,0.0977
348,348000,0.100,0.296,10556,0.1013
349,349000,0.100,-0.261,10560,0.0998
350,350000,0.100,0.313,10553,0.1024
351,351000,0.100,-0.261,10560,0.0998
352,352000,0.100,-0.261,10560,0.0998
353,353000,0.100,-0.261,10560,0.0998
354,354000,0.100,0.286,10558,0.1006
355,355000,0.100,-0.261,10560,0.0998
356,356000,0.100,-0.261,10560,0.0998
357,357000,0.100,-0.305,10568,0.0969
358,358000,0.100,-0.272,10562,0.0991
359,359000,0.100,0.329,10550,0.1035
360,360000,0.100,-0.261,10560,0.0998
361,361000,0.100,-0.272,10562,0.0991
362,362000,0.100,0.302,10555,0.1017
363,363000,0.100,-0.283,10564,0.0984
364,364000,0.100,-0.261,10560,0.0998
365,365000,0.100,-0.272,10562,0.0991
366,366000,0.100,0.340,10548,0.1042
367,367000,0.100,-0.261,10560,0.0998
368,368000,0.100,-0.261,10560,0.0998
369,369000,0.100,0.318,10552,0.1028
370,370000,0.100,-0.261,10560,0.0998
371,371000,0.100,-0.261,10560,0.0998
372,372000,0.100,-0.272,10562,0.0991
373,373000,0.100,0.302,10555,0.1017
374,374000,0.100,0.329,10550,0.1035
375,375000,0.100,-0.261,10560,0.0998
376,376000,0.100,-0.382,10582,0.0918
377,377000,0.100,-0.316,10570,0.0962
378,378000,0.100,-0.289,10565,0.0980
379,379000,0.100,-0.261,10560,0.0998
380,380000,0.100,0.329,10550,0.1035
381,381000,0.100,0.296,10556,0.1013
382,382000,0.100,-0.261,10560,0.0998
383,383000,0.100,-0.261,10560,0.0998
384,384000,0.100,0.439,10530,0.1108
385,385000,0.100,0.307,10554,0.1020
386,386000,0.100,0.302,10555,0.1017
387,387000,0.100,-0.272,10562,0.0991
388,388000,0.100,-0.278,10563,0.0987
389,389000,0.100,0.318,10552,0.1028
390,390000,0.100,-0.261,10560,0.0998
391,391000,0.100,0.296,10556,0.1013
392,392000,0.100,0.389,10539,0.1075
393,393000,0.100,0.286,10558,0.1006
394,394000,0.100,-0.283,10564,0.0984
395,395000,0.100,-0.294,10566,0.0977
396,396000,0.100,-0.278,10563,0.0987
397,397000,0.100,-0.261,10560,0.0998
398,398000,0.100,-0.267,10561,0.0995
399,399000,0.100,0.307,10554,0.1020
400,400000,0.100,0.302,10555,0.1017
401,401000,0.100,-0.261,10560,0.0998
402,402000,0.100,0.291,10557,0.1009
403,403000,0.100,-0.305,10568,0.0969
404,404000,0.100,0.357,10545,0.1053
405,405000,0.100,0.286,10558,0.1006
406,406000,0.100,-0.261,10560,0.0998
407,407000,0.100,-0.338,10574,0.0947
408,408000,0.100,0.324,10551,0.1031
409,409000,0.100,0.340,10548,0.1042
410,410000,0.100,-0.261,10560,0.0998
411,411000,0.100,-0.305,10568,0.0969
412,412000,0.100,-0.261,10560,0.0998
413,413000,0.100,-0.283,10564,0.0984
414,414000,0.100,-0.261,10560,0.0998
415,415000,0.100,-0.261,10560,0.0998
416,416000,0.100,-0.261,10560,0.0998
417,417000,0.100,0.318,10552,0.1028
418,418000,0.100,0.318,10552,0.1028
419,419000,0.100,0.286,10558,0.1006
420,420000,0.100,0.291,10557,0.1009
421,421000,0.100,0.307,10554,0.1020
422,422000,0.100,-0.349,10576,0.0940
423,423000,0.100,0.307,10554,0.1020
424,424000,0.100,0.329,10550,0.1035
425,425000,0.100,-0.283,10564,0.0984
426,426000,0.100,0.307,10554,0.1020
427,427000,0.100,0.307,10554,0.1020
428,428000,0.100,0.296,10556,0.1013
429,429000,0.100,0.302,10555,0.1017
430,430000,0.100,-0.272,10562,0.0991
431,431000,0.100,-0.300,10567,0.0973
432,432000,0.100,-0.305,10568,0.0969
433,433000,0.100,-0.294,10566,0.0977
434,434000,0.100,-0.272,10562,0.0991
435,435000,0.100,0.307,10554,0.1020
436,436000,0.100,0.286,10558,0.1006
437,437000,0.100,0.346,10547,0.1046
438,438000,0.100,0.307,10554,0.1020
439,439000,0.100,0.362,10544,0.1057
440,440000,0.100,-0.338,10574,0.0947
441,441000,0.100,-0.272,10562,0.0991
442,442000,0.100,-0.305,10568,0.0969
443,443000,0.100,0.307,10554,0.1020
444,444000,0.100,0.329,10550,0.1035
445,445000,0.100,0.318,10552,0.1028
446,446000,0.100,0.329,10550,0.1035
447,447000,0.100,0.307,10554,0.1020
448,448000,0.100,0.291,10557,0.1009
449,449000,0.100,0.351,10546,0.1049
450,450000,0.100,-0.261,10560,0.0998
451,451000,0.100,0.296,10556,0.1013
452,452000,0.100,0.329,10550,0.1035
453,453000,0.100,-0.261,10560,0.0998
454,454000,0.100,0.286,10558,0.1006
455,455000,0.100,-0.261,10560,0.0998
456,456000,0.100,0.296,10556,0.1013
457,457000,0.100,-0.261,10560,0.0998
458,458000,0.100,-0.261,10560,0.0998
459,459000,0.100,0.296,10556,0.1013
460,460000,0.100,-0.283,10564,0.0984
461,461000,0.100,0.318,10552,0.1028
462,462000,0.100,0.286,10558,0.1006
463,463000,0.100,0.346,10547,0.1046
464,464000,0.100,0.307,10554,0.1020
465,465000,0.100,0.324,10551,0.1031
466,466000,0.100,0.307,10554,0.1020
467,467000,0.100,-0.261,10560,0.0998
468,468000,0.100,-0.261,10560,0.0998
469,469000,0.100,-0.272,10562,0.0991
470,470000,0.100,0.296,10556,0.1013
471,471000,0.100,0.302,10555,0.1017
472,472000,0.100,0.307,10554,0.1020
473,473000,0.100,-0.278,10563,0.0987
474,474000,0.100,-0.272,10562,0.0991
475,475000,0.100,-0.261,10560,0.0998
476,476000,0.100,-0.283,10564,0.0984
477,477000,0.100,-0.294,10566,0.0977
478,478000,0.100,-0.261,10560,0.0998
479,479000,0.100,0.302,10555,0.1017
480,480000,0.100,0.286,10558,0.1006
481,481000,0.100,0.307,10554,0.1020
482,482000,0.100,0.318,10552,0.1028
483,483000,0.100,-0.261,10560,0.0998
484,484000,0.100,-0.272,10562,0.0991
485,485000,0.100,0.286,10558,0.1006
486,486000,0.100,0.296,10556,0.1013
487,487000,0.100,0.286,10558,0.1006
488,488000,0.100,-0.261,10560,0.0998
489,489000,0.100,0.291,10557,0.1009
490,490000,0.100,-0.404,10586,0.0904
491,491000,0.100,0.286,10558,0.1006
492,492000,0.100,-0.305,10568,0.0969
493,493000,0.100,-0.283,10564,0.0984
494,494000,0.100,-0.272,10562,0.0991
495,495000,0.100,0.307,10554,0.1020
496,496000,0.100,-0.272,10562,0.0991
497,497000,0.100,-0.261,10560,0.0998
498,498000,0.100,0.296,10556,0.1013
499,499000,0.100,0.307,10554,0.1020
500,500000,0.100,0.307,10554,0.1020
501,501000,0.100,-0.261,10560,0.0998
502,502000,0.100,-0.261,10560,0.0998
503,503000,0.100,0.286,10558,0.1006
504,504000,0.100,-0.338,10574,0.0947
505,505000,0.100,0.302,10555,0.1017
506,506000,0.100,-0.272,10562,0.0991
507,507000,0.100,-0.272,10562,0.0991
508,508000,0.100,0.318,10552,0.1028
509,509000,0.100,0.296,10556,0.1013
510,510000,0.100,-0.283,10564,0.0984
511,511000,0.100,-0.272,10562,0.0991
512,512000,0.100,-0.278,10563,0.0987
513,513000,0.100,0.307,10554,0.1020
514,514000,0.100,0.307,10554,0.1020
515,515000,0.100,-0.338,10574,0.0947
516,516000,0.100,-0.283,10564,0.0984
517,517000,0.100,-0.261,10560,0.0998
518,518000,0.100,0.302,10555,0.1017
519,519000,0.100,0.313,10553,0.1024
520,520000,0.100,-0.316,10570,0.0962
521,521000,0.100,0.296,10556,0.1013
522,522000,0.100,0.351,10546,0.1049
523,523000,0.100,0.286,10558,0.1006
524,524000,0.100,-0.272,10562,0.0991
525,525000,0.100,0.286,10558,0.1006
526,526000,0.100,0.329,10550,0.1035
527,527000,0.100,-0.261,10560,0.0998
528,528000,0.100,-0.333,10573,0.0951
529,529000,0.100,-0.322,10571,0.0958
530,530000,0.100,-0.261,10560,0.0998
531,531000,0.100,-0.261,10560,0.0998
532,532000,0.100,0.296,10556,0.1013
533,533000,0.100,0.329,10550,0.1035
534,534000,0.100,-0.261,10560,0.0998
535,535000,0.100,-0.261,10560,0.0998
536,536000,0.100,-0.261,10560,0.0998
537,537000,0.100,-0.267,10561,0.0995
538,538000,0.100,-0.261,10560,0.0998
539,539000,0.100,0.286,10558,0.1006
540,540000,0.100,0.313,10553,0.1024
541,541000,0.100,-0.278,10563,0.0987
542,542000,0.100,0.286,10558,0.1006
543,543000,0.100,-0.261,10560,0.0998
544,544000,0.100,-0.261,10560,0.0998
545,545000,0.100,-0.371,10580,0.0925
546,546000,0.100,-0.420,10589,0.0893
547,547000,0.100,-0.305,10568,0.0969
548,548000,0.100,0.362,10544,0.1057
549,549000,0.100,0.362,10544,0.1057
550,550000,0.100,0.406,10536,0.1086
551,551000,0.100,-0.267,10561,0.0995
552,552000,0.100,-0.272,10562,0.0991
553,553000,0.100,0.302,10555,0.1017
554,554000,0.100,0.302,10555,0.1017
555,555000,0.100,-0.272,10562,0.0991
556,556000,0.100,-0.349,10576,0.0940
557,557000,0.100,-0.261,10560,0.0998
558,558000,0.100,0.302,10555,0.1017
559,559000,0.100,-0.261,10560,0.0998
560,560000,0.100,0.302,10555,0.1017
561,561000,0.100,0.302,10555,0.1017
562,562000,0.100,-0.278,10563,0.0987
563,563000,0.100,0.286,10558,0.1006
564,564000,0.100,0.296,10556,0.1013
565,565000,0.100,0.307,10554,0.1020
566,566000,0.100,0.296,10556,0.1013
567,567000,0.100,0.318,10552,0.1028
568,568000,0.100,-0.278,10563,0.0987
569,569000,0.100,0.296,10556,0.1013
570,570000,0.100,-0.261,10560,0.0998
571,571000,0.100,-0.349,10576,0.0940
572,572000,0.100,0.296,10556,0.1013
573,573000,0.100,-0.272,10562,0.0991
574,574000,0.100,0.286,10558,0.1006
575,575000,0.100,-0.261,10560,0.0998
576,576000,0.100,-0.294,10566,0.0977
577,577000,0.100,0.286,10558,0.1006
578,578000,0.100,0.302,10555,0.1017
579,579000,0.100,0.351,10546,0.1049
580,580000,0.100,0.307,10554,0.1020
581,581000,0.100,-0.278,10563,0.0987
582,582000,0.100,-0.294,10566,0.0977
583,583000,0.100,-0.261,10560,0.0998
584,584000,0.100,0.362,10544,0.1057
585,585000,0.100,0.318,10552,0.1028
586,586000,0.100,-0.261,10560,0.0998
587,587000,0.100,-0.272,10562,0.0991
588,588000,0.100,-0.272,10562,0.0991
589,589000,0.100,0.307,10554,0.1020
590,590000,0.100,0.340,10548,0.1042
591,591000,0.100,0.286,10558,0.1006
592,592000,0.100,0.296,10556,0.1013
593,593000,0.100,-0.316,10570,0.0962
594,594000,0.100,-0.261,10560,0.0998
595,595000,0.100,0.307,10554,0.1020
596,596000,0.100,0.329,10550,0.1035
597,597000,0.100,0.307,10554,0.1020
598,598000,0.100,0.286,10558,0.1006
599,599000,0.100,0.296,10556,0.1013
# end capture 18
# batch capture 5/5
# capture 19 kp=-15.00 dir=- dt_us=1000 samples=600 sat=0
0,0,-0.100,3.275,10560,0.0998
1,1000,-0.100,3.384,10540,0.1071
2,2000,-0.100,3.526,10514,0.1166
3,3000,-0.100,3.209,10572,0.0955
4,4000,-0.100,3.373,10542,0.1064
5,5000,-0.100,3.575,10505,0.1199
6,6000,-0.100,3.275,10560,0.0998
7,7000,-0.100,3.395,10538,0.1079
8,8000,-0.100,3.450,10528,0.1115
9,9000,-0.100,3.460,10526,0.1122
10,10000,-0.100,3.756,10472,0.1319
11,11000,-0.100,3.160,10581,0.0922
12,12000,-0.100,3.100,10592,0.0882
13,13000,-0.100,3.127,10587,0.0900
14,14000,-0.100,3.100,10592,0.0882
15,15000,-0.100,3.067,10598,0.0860
16,16000,-0.100,2.952,10619,0.0783
17,17000,-0.100,2.968,10616,0.0794
18,18000,-0.100,2.925,10624,0.0765
19,19000,-0.100,2.892,10630,0.0743
20,20000,-0.100,2.859,10636,0.0721
21,21000,-0.100,2.859,10636,0.0721
22,22000,-0.100,2.750,10656,0.0648
23,23000,-0.100,2.662,10672,0.0590
24,24000,-0.100,2.640,10676,0.0576
25,25000,-0.100,2.564,10690,0.0525
26,26000,-0.100,2.487,10704,0.0473
27,27000,-0.100,2.476,10706,0.0466
28,28000,-0.100,2.498,10702,0.0481
29,29000,-0.100,2.356,10728,0.0386
30,30000,-0.100,2.312,10736,0.0357
31,31000,-0.100,2.279,10742,0.0335
32,32000,-0.100,2.225,10752,0.0299
33,33000,-0.100,2.104,10774,0.0218
34,34000,-0.100,2.099,10775,0.0215
35,35000,-0.100,2.083,10778,0.0204
36,36000,-0.100,2.006,10792,0.0153
37,37000,-0.100,1.946,10803,0.0113
38,38000,-0.100,1.826,10825,0.0032
39,39000,-0.100,1.897,10812,0.0080
40,40000,-0.100,1.809,10828,0.0021
41,41000,-0.100,1.700,10848,-0.0051
42,42000,-0.100,1.771,10835,-0.0004
43,43000,-0.100,1.656,10856,-0.0081
44,44000,-0.100,1.590,10868,-0.0124
45,45000,-0.100,1.547,10876,-0.0153
46,46000,-0.100,1.492,10886,-0.0190
47,47000,-0.100,1.426,10898,-0.0234
48,48000,-0.100,1.213,10937,-0.0376
49,49000,-0.100,1.361,10910,-0.0277
50,50000,-0.100,1.301,10921,-0.0318
51,51000,-0.100,1.295,10922,-0.0321
52,52000,-0.100,1.295,10922,-0.0321
53,53000,-0.100,1.142,10950,-0.0423
54,54000,-0.100,1.208,10938,-0.0379
55,55000,-0.100,1.109,10956,-0.0445
56,56000,-0.100,1.077,10962,-0.0467
57,57000,-0.100,1.055,10966,-0.0482
58,58000,-0.100,1.000,10976,-0.0518
59,59000,-0.100,0.923,10990,-0.0569
60,60000,-0.100,0.770,11018,-0.0671
61,61000,-0.100,0.880,10998,-0.0598
62,62000,-0.100,0.825,11008,-0.0635
63,63000,-0.100,0.694,11032,-0.0722
64,64000,-0.100,0.956,10984,-0.0547
65,65000,-0.100,0.978,10980,-0.0533
66,66000,-0.100,0.683,11034,-0.0729
67,67000,-0.100,0.606,11048,-0.0780
68,68000,-0.100,0.606,11048,-0.0780
69,69000,-0.100,0.639,11042,-0.0759
70,70000,-0.100,0.595,11050,-0.0788
71,71000,-0.100,0.519,11064,-0.0839
72,72000,-0.100,0.442,11078,-0.0890
73,73000,-0.100,0.442,11078,-0.0890
74,74000,-0.100,0.442,11078,-0.0890
75,75000,-0.100,0.371,11091,-0.0937
76,76000,-0.100,0.344,11096,-0.0955
77,77000,-0.100,0.327,11099,-0.0966
78,78000,-0.100,-0.378,11130,-0.1079
79,79000,-0.100,0.377,11090,-0.0934
80,80000,-0.100,0.278,11108,-0.0999
81,81000,-0.100,0.284,11107,-0.0996
82,82000,-0.100,-0.312,11118,-0.1036
83,83000,-0.100,-0.367,11128,-0.1072
84,84000,-0.100,-0.340,11123,-0.1054
85,85000,-0.100,-0.345,11124,-0.1058
86,86000,-0.100,-0.340,11123,-0.1054
87,87000,-0.100,-0.384,11131,-0.1083
88,88000,-0.100,-0.411,11136,-0.1101
89,89000,-0.100,-0.455,11144,-0.1130
90,90000,-0.100,-0.487,11150,-0.1152
91,91000,-0.100,-0.455,11144,-0.1130
92,92000,-0.100,-0.444,11142,-0.1123
93,93000,-0.100,-0.449,11143,-0.1127
94,94000,-0.100,-0.466,11146,-0.1138
95,95000,-0.100,-0.471,11147,-0.1141
96,96000,-0.100,-0.444,11142,-0.1123
97,97000,-0.100,-0.509,11154,-0.1167
98,98000,-0.100,-0.422,11138,-0.1109
99,99000,-0.100,-0.411,11136,-0.1101
100,100000,-0.100,-0.449,11143,-0.1127
101,101000,-0.100,-0.455,11144,-0.1130
102,102000,-0.100,-0.520,11156,-0.1174
103,103000,-0.100,-0.482,11149,-0.1149
104,104000,-0.100,-0.476,11148,-0.1145
105,105000,-0.100,-0.482,11149,-0.1149
106,106000,-0.100,-0.498,11152,-0.1160
107,107000,-0.100,-0.498,11152,-0.1160
108,108000,-0.100,-0.531,11158,-0.1181
109,109000,-0.100,-0.498,11152,-0.1160
110,110000,-0.100,-0.498,11152,-0.1160
111,111000,-0.100,-0.482,11149,-0.1149
112,112000,-0.100,-0.487,11150,-0.1152
113,113000,-0.100,-0.400,11134,-0.1094
114,114000,-0.100,-0.531,11158,-0.1181
115,115000,-0.100,-0.498,11152,-0.1160
116,116000,-0.100,-0.668,11183,-0.1273
117,117000,-0.100,-0.509,11154,-0.1167
118,118000,-0.100,-0.444,11142,-0.1123
119,119000,-0.100,-0.471,11147,-0.1141
120,120000,-0.100,-0.651,11180,-0.1262
121,121000,-0.100,-0.498,11152,-0.1160
122,122000,-0.100,-0.487,11150,-0.1152
123,123000,-0.100,-0.334,11122,-0.1050
124,124000,-0.100,-0.466,11146,-0.1138
125,125000,-0.100,-0.509,11154,-0.1167
126,126000,-0.100,-0.466,11146,-0.1138
127,127000,-0.100,-0.444,11142,-0.1123
128,128000,-0.100,-0.487,11150,-0.1152
129,129000,-0.100,-0.455,11144,-0.1130
130,130000,-0.100,0.322,11100,-0.0970
131,131000,-0.100,-0.444,11142,-0.1123
132,132000,-0.100,-0.455,11144,-0.1130
133,133000,-0.100,-0.400,11134,-0.1094
134,134000,-0.100,-0.433,11140,-0.1116
135,135000,-0.100,-0.695,11188,-0.1291
136,136000,-0.100,-0.422,11138,-0.1109
137,137000,-0.100,-0.394,11133,-0.1090
138,138000,-0.100,-0.411,11136,-0.1101
139,139000,-0.100,-0.280,11112,-0.1014
140,140000,-0.100,-0.422,11138,-0.1109
141,141000,-0.100,-0.378,11130,-0.1079
142,142000,-0.100,-0.384,11131,-0.1083
143,143000,-0.100,-0.378,11130,-0.1079
144,144000,-0.100,-0.356,11126,-0.1065
145,145000,-0.100,0.327,11099,-0.0966
146,146000,-0.100,-0.323,11120,-0.1043
147,147000,-0.100,-0.334,11122,-0.1050
148,148000,-0.100,-0.400,11134,-0.1094
149,149000,-0.100,-0.373,11129,-0.1076
150,150000,-0.100,-0.367,11128,-0.1072
151,151000,-0.100,-0.345,11124,-0.1058
152,152000,-0.100,-0.296,11115,-0.1025
153,153000,-0.100,-0.291,11114,-0.1021
154,154000,-0.100,-0.280,11112,-0.1014
155,155000,-0.100,-0.302,11116,-0.1028
156,156000,-0.100,-0.291,11114,-0.1021
157,157000,-0.100,-0.291,11114,-0.1021
158,158000,-0.100,-0.269,11110,-0.1006
159,159000,-0.100,-0.302,11116,-0.1028
160,160000,-0.100,-0.269,11110,-0.1006
161,161000,-0.100,0.344,11096,-0.0955
162,162000,-0.100,-0.280,11112,-0.1014
163,163000,-0.100,-0.269,11110,-0.1006
164,164000,-0.100,0.311,11102,-0.0977
165,165000,-0.100,-0.323,11120,-0.1043
166,166000,-0.100,-0.312,11118,-0.1036
167,167000,-0.100,0.289,11106,-0.0992
168,168000,-0.100,0.300,11104,-0.0985
169,169000,-0.100,0.300,11104,-0.0985
170,170000,-0.100,0.317,11101,-0.0974
171,171000,-0.100,-0.291,11114,-0.1021
172,172000,-0.100,0.295,11105,-0.0988
173,173000,-0.100,0.289,11106,-0.0992
174,174000,-0.100,0.295,11105,-0.0988
175,175000,-0.100,0.300,11104,-0.0985
176,176000,-0.100,0.300,11104,-0.0985
177,177000,-0.100,0.284,11107,-0.0996
178,178000,-0.100,0.311,11102,-0.0977
179,179000,-0.100,0.355,11094,-0.0948
180,180000,-0.100,-0.274,11111,-0.1010
181,181000,-0.100,0.530,11062,-0.0832
182,182000,-0.100,0.327,11099,-0.0966
183,183000,-0.100,0.300,11104,-0.0985
184,184000,-0.100,0.355,11094,-0.0948
185,185000,-0.100,-0.302,11116,-0.1028
186,186000,-0.100,0.333,11098,-0.0963
187,187000,-0.100,0.322,11100,-0.0970
188,188000,-0.100,0.300,11104,-0.0985
189,189000,-0.100,0.300,11104,-0.0985
190,190000,-0.100,0.344,11096,-0.0955
191,191000,-0.100,0.333,11098,-0.0963
192,192000,-0.100,0.278,11108,-0.0999
193,193000,-0.100,0.278,11108,-0.0999
194,194000,-0.100,0.300,11104,-0.0985
195,195000,-0.100,0.344,11096,-0.0955
196,196000,-0.100,0.327,11099,-0.0966
197,197000,-0.100,0.327,11099,-0.0966
198,198000,-0.100,0.327,11099,-0.0966
199,199000,-0.100,0.426,11081,-0.0901
200,200000,-0.100,0.333,11098,-0.0963
201,201000,-0.100,0.300,11104,-0.0985
202,202000,-0.100,0.278,11108,-0.0999
203,203000,-0.100,-0.280,11112,-0.1014
204,204000,-0.100,0.366,11092,-0.0941
205,205000,-0.100,0.295,11105,-0.0988
206,206000,-0.100,0.333,11098,-0.0963
207,207000,-0.100,0.338,11097,-0.0959
208,208000,-0.100,0.333,11098,-0.0963
209,209000,-0.100,0.327,11099,-0.0966
210,210000,-0.100,0.278,11108,-0.0999
211,211000,-0.100,0.295,11105,-0.0988
212,212000,-0.100,-0.269,11110,-0.1006
213,213000,-0.100,0.311,11102,-0.0977
214,214000,-0.100,0.388,11088,-0.0926
215,215000,-0.100,0.289,11106,-0.0992
216,216000,-0.100,0.333,11098,-0.0963
217,217000,-0.100,0.300,11104,-0.0985
218,218000,-0.100,-0.302,11116,-0.1028
219,219000,-0.100,-0.384,11131,-0.1083
220,220000,-0.100,0.300,11104,-0.0985
221,221000,-0.100,-0.291,11114,-0.1021
222,222000,-0.100,-0.269,11110,-0.1006
223,223000,-0.100,0.333,11098,-0.0963
224,224000,-0.100,-0.280,11112,-0.1014
225,225000,-0.100,-0.291,11114,-0.1021
226,226000,-0.100,-0.312,11118,-0.1036
227,227000,-0.100,0.300,11104,-0.0985
228,228000,-0.100,-0.269,11110,-0.1006
229,229000,-0.100,-0.318,11119,-0.1039
230,230000,-0.100,-0.302,11116,-0.1028
231,231000,-0.100,0.289,11106,-0.0992
232,232000,-0.100,-0.329,11121,-0.1047
233,233000,-0.100,-0.269,11110,-0.1006
234,234000,-0.100,0.322,11100,-0.0970
235,235000,-0.100,0.284,11107,-0.0996
236,236000,-0.100,-0.269,11110,-0.1006
237,237000,-0.100,0.344,11096,-0.0955
238,238000,-0.100,0.377,11090,-0.0934
239,239000,-0.100,-0.296,11115,-0.1025
240,240000,-0.100,0.399,11086,-0.0919
241,241000,-0.100,-0.280,11112,-0.1014
242,242000,-0.100,-0.340,11123,-0.1054
243,243000,-0.100,-0.389,11132,-0.1087
244,244000,-0.100,-0.411,11136,-0.1101
245,245000,-0.100,-0.269,11110,-0.1006
246,246000,-0.100,0.366,11092,-0.0941
247,247000,-0.100,-0.302,11116,-0.1028
248,248000,-0.100,0.289,11106,-0.0992
249,249000,-0.100,-0.455,11144,-0.1130
250,250000,-0.100,-0.291,11114,-0.1021
251,251000,-0.100,-0.269,11110,-0.1006
252,252000,-0.100,0.300,11104,-0.0985
253,253000,-0.100,-0.269,11110,-0.1006
254,254000,-0.100,0.300,11104,-0.0985
255,255000,-0.100,0.289,11106,-0.0992
256,256000,-0.100,-0.334,11122,-0.1050
257,257000,-0.100,-0.280,11112,-0.1014
258,258000,-0.100,-0.307,11117,-0.1032
259,259000,-0.100,0.284,11107,-0.0996
260,260000,-0.100,-0.323,11120,-0.1043
261,261000,-0.100,0.278,11108,-0.0999
262,262000,-0.100,-0.296,11115,-0.1025
263,263000,-0.100,-0.280,11112,-0.1014
264,264000,-0.100,-0.334,11122,-0.1050
265,265000,-0.100,-0.269,11110,-0.1006
266,266000,-0.100,0.284,11107,-0.0996
267,267000,-0.100,0.344,11096,-0.0955
268,268000,-0.100,0.311,11102,-0.0977
269,269000,-0.100,-0.269,11110,-0.1006
270,270000,-0.100,-0.323,11120,-0.1043
271,271000,-0.100,0.300,11104,-0.0985
272,272000,-0.100,-0.280,11112,-0.1014
273,273000,-0.100,-0.269,11110,-0.1006
274,274000,-0.100,-0.280,11112,-0.1014
275,275000,-0.100,-0.476,11148,-0.1145
276,276000,-0.100,-0.269,11110,-0.1006
277,277000,-0.100,-0.291,11114,-0.1021
278,278000,-0.100,-0.269,11110,-0.1006
279,279000,-0.100,-0.291,11114,-0.1021
280,280000,-0.100,-0.323,11120,-0.1043
281,281000,-0.100,0.300,11104,-0.0985
282,282000,-0.100,-0.280,11112,-0.1014
283,283000,-0.100,-0.291,11114,-0.1021
284,284000,-0.100,-0.334,11122,-0.1050
285,285000,-0.100,0.289,11106,-0.0992
286,286000,-0.100,0.300,11104,-0.0985
287,287000,-0.100,0.278,11108,-0.0999
288,288000,-0.100,0.300,11104,-0.0985
289,289000,-0.100,-0.269,11110,-0.1006
290,290000,-0.100,-0.263,11109,-0.1003
291,291000,-0.100,0.333,11098,-0.0963
292,292000,-0.100,-0.280,11112,-0.1014
293,293000,-0.100,0.344,11096,-0.0955
294,294000,-0.100,-0.296,11115,-0.1025
295,295000,-0.100,-0.280,11112,-0.1014
296,296000,-0.100,-0.269,11110,-0.1006
297,297000,-0.100,0.388,11088,-0.0926
298,298000,-0.100,-0.296,11115,-0.1025
299,299000,-0.100,-0.280,11112,-0.1014
300,300000,-0.100,-0.280,11112,-0.1014
301,301000,-0.100,-0.334,11122,-0.1050
302,302000,-0.100,-0.291,11114,-0.1021
303,303000,-0.100,0.355,11094,-0.0948
304,304000,-0.100,-0.280,11112,-0.1014
305,305000,-0.100,0.300,11104,-0.0985
306,306000,-0.100,0.278,11108,-0.0999
307,307000,-0.100,-0.280,11112,-0.1014
308,308000,-0.100,0.278,11108,-0.0999
309,309000,-0.100,0.333,11098,-0.0963
310,310000,-0.100,-0.263,11109,-0.1003
311,311000,-0.100,-0.312,11118,-0.1036
312,312000,-0.100,-0.280,11112,-0.1014
313,313000,-0.100,-0.269,11110,-0.1006
314,314000,-0.100,-0.302,11116,-0.1028
315,315000,-0.100,-0.280,11112,-0.1014
316,316000,-0.100,-0.411,11136,-0.1101
317,317000,-0.100,0.300,11104,-0.0985
318,318000,-0.100,0.284,11107,-0.0996
319,319000,-0.100,0.300,11104,-0.0985
320,320000,-0.100,-0.291,11114,-0.1021
321,321000,-0.100,-0.296,11115,-0.1025
322,322000,-0.100,-0.291,11114,-0.1021
323,323000,-0.100,0.300,11104,-0.0985
324,324000,-0.100,-0.269,11110,-0.1006
325,325000,-0.100,-0.274,11111,-0.1010
326,326000,-0.100,-0.280,11112,-0.1014
327,327000,-0.100,0.284,11107,-0.0996
328,328000,-0.100,0.327,11099,-0.0966
329,329000,-0.100,-0.291,11114,-0.1021
330,330000,-0.100,0.300,11104,-0.0985
331,331000,-0.100,0.327,11099,-0.0966
332,332000,-0.100,-0.269,11110,-0.1006
333,333000,-0.100,0.289,11106,-0.0992
334,334000,-0.100,0.415,11083,-0.0908
335,335000,-0.100,0.278,11108,-0.0999
336,336000,-0.100,-0.296,11115,-0.1025
337,337000,-0.100,0.300,11104,-0.0985
338,338000,-0.100,0.289,11106,-0.0992
339,339000,-0.100,0.284,11107,-0.0996
340,340000,-0.100,-0.356,11126,-0.1065
341,341000,-0.100,-0.263,11109,-0.1003
342,342000,-0.100,-0.312,11118,-0.1036
343,343000,-0.100,-0.302,11116,-0.1028
344,344000,-0.100,0.344,11096,-0.0955
345,345000,-0.100,-0.367,11128,-0.1072
346,346000,-0.100,-0.269,11110,-0.1006
347,347000,-0.100,-0.280,11112,-0.1014
348,348000,-0.100,-0.280,11112,-0.1014
349,349000,-0.100,-0.263,11109,-0.1003
350,350000,-0.100,0.289,11106,-0.0992
351,351000,-0.100,-0.269,11110,-0.1006
352,352000,-0.100,-0.269,11110,-0.1006
353,353000,-0.100,-0.269,11110,-0.1006
354,354000,-0.100,-0.280,11112,-0.1014
355,355000,-0.100,-0.269,11110,-0.1006
356,356000,-0.100,0.311,11102,-0.0977
357,357000,-0.100,-0.340,11123,-0.1054
358,358000,-0.100,-0.280,11112,-0.1014
359,359000,-0.100,0.278,11108,-0.0999
360,360000,-0.100,0.284,11107,-0.0996
361,361000,-0.100,-0.291,11114,-0.1021
362,362000,-0.100,-0.427,11139,-0.1112
363,363000,-0.100,-0.312,11118,-0.1036
364,364000,-0.100,0.278,11108,-0.0999
365,365000,-0.100,-0.302,11116,-0.1028
366,366000,-0.100,-0.280,11112,-0.1014
367,367000,-0.100,0.311,11102,-0.0977
368,368000,-0.100,-0.280,11112,-0.1014
369,369000,-0.100,0.284,11107,-0.0996
370,370000,-0.100,-0.274,11111,-0.1010
371,371000,-0.100,-0.312,11118,-0.1036
372,372000,-0.100,-0.323,11120,-0.1043
373,373000,-0.100,-0.269,11110,-0.1006
374,374000,-0.100,0.317,11101,-0.0974
375,375000,-0.100,-0.280,11112,-0.1014
376,376000,-0.100,-0.312,11118,-0.1036
377,377000,-0.100,-0.280,11112,-0.1014
378,378000,-0.100,0.289,11106,-0.0992
379,379000,-0.100,0.431,11080,-0.0897
380,380000,-0.100,0.333,11098,-0.0963
381,381000,-0.100,-0.296,11115,-0.1025
382,382000,-0.100,0.284,11107,-0.0996
383,383000,-0.100,-0.280,11112,-0.1014
384,384000,-0.100,-0.269,11110,-0.1006
385,385000,-0.100,-0.291,11114,-0.1021
386,386000,-0.100,-0.269,11110,-0.1006
387,387000,-0.100,-0.280,11112,-0.1014
388,388000,-0.100,-0.269,11110,-0.1006
389,389000,-0.100,-0.280,11112,-0.1014
390,390000,-0.100,-0.291,11114,-0.1021
391,391000,-0.100,-0.269,11110,-0.1006
392,392000,-0.100,0.289,11106,-0.0992
393,393000,-0.100,-0.269,11110,-0.1006
394,394000,-0.100,-0.312,11118,-0.1036
395,395000,-0.100,-0.296,11115,-0.1025
396,396000,-0.100,-0.280,11112,-0.1014
397,397000,-0.100,-0.296,11115,-0.1025
398,398000,-0.100,0.284,11107,-0.0996
399,399000,-0.100,0.289,11106,-0.0992
400,400000,-0.100,0.322,11100,-0.0970
401,401000,-0.100,-0.345,11124,-0.1058
402,402000,-0.100,-0.291,11114,-0.1021
403,403000,-0.100,-0.280,11112,-0.1014
404,404000,-0.100,-0.302,11116,-0.1028
405,405000,-0.100,-0.263,11109,-0.1003
406,406000,-0.100,-0.323,11120,-0.1043
407,407000,-0.100,-0.280,11112,-0.1014
408,408000,-0.100,0.289,11106,-0.0992
409,409000,-0.100,-0.269,11110,-0.1006
410,410000,-0.100,-0.280,11112,-0.1014
411,411000,-0.100,-0.378,11130,-0.1079
412,412000,-0.100,-0.280,11112,-0.1014
413,413000,-0.100,0.284,11107,-0.0996
414,414000,-0.100,-0.312,11118,-0.1036
415,415000,-0.100,-0.291,11114,-0.1021
416,416000,-0.100,-0.323,11120,-0.1043
417,417000,-0.100,-0.269,11110,-0.1006
418,418000,-0.100,0.377,11090,-0.0934
419,419000,-0.100,0.284,11107,-0.0996
420,420000,-0.100,-0.323,11120,-0.1043
421,421000,-0.100,0.289,11106,-0.0992
422,422000,-0.100,0.289,11106,-0.0992
423,423000,-0.100,0.289,11106,-0.0992
424,424000,-0.100,-0.280,11112,-0.1014
425,425000,-0.100,-0.312,11118,-0.1036
426,426000,-0.100,-0.323,11120,-0.1043
427,427000,-0.100,0.300,11104,-0.0985
428,428000,-0.100,-0.367,11128,-0.1072
429,429000,-0.100,-0.296,11115,-0.1025
430,430000,-0.100,-0.269,11110,-0.1006
431,431000,-0.100,0.344,11096,-0.0955
432,432000,-0.100,-0.269,11110,-0.1006
433,433000,-0.100,-0.323,11120,-0.1043
434,434000,-0.100,0.338,11097,-0.0959
435,435000,-0.100,-0.269,11110,-0.1006
436,436000,-0.100,-0.302,11116,-0.1028
437,437000,-0.100,-0.280,11112,-0.1014
438,438000,-0.100,-0.302,11116,-0.1028
439,439000,-0.100,0.311,11102,-0.0977
440,440000,-0.100,0.344,11096,-0.0955
441,441000,-0.100,0.278,11108,-0.0999
442,442000,-0.100,0.355,11094,-0.0948
443,443000,-0.100,0.284,11107,-0.0996
444,444000,-0.100,0.278,11108,-0.0999
445,445000,-0.100,-0.444,11142,-0.1123
446,446000,-0.100,0.278,11108,-0.0999
447,447000,-0.100,0.284,11107,-0.0996
448,448000,-0.100,0.289,11106,-0.0992
449,449000,-0.100,0.371,11091,-0.0937
450,450000,-0.100,-0.356,11126,-0.1065
451,451000,-0.100,-0.378,11130,-0.1079
452,452000,-0.100,-0.269,11110,-0.1006
453,453000,-0.100,0.278,11108,-0.0999
454,454000,-0.100,0.300,11104,-0.0985
455,455000,-0.100,0.311,11102,-0.0977
456,456000,-0.100,0.634,11043,-0.0762
457,457000,-0.100,-0.323,11120,-0.1043
458,458000,-0.100,-0.280,11112,-0.1014
459,459000,-0.100,0.278,11108,-0.0999
460,460000,-0.100,0.278,11108,-0.0999
461,461000,-0.100,-0.269,11110,-0.1006
462,462000,-0.100,-0.269,11110,-0.1006
463,463000,-0.100,-0.291,11114,-0.1021
464,464000,-0.100,0.694,11032,-0.0722
465,465000,-0.100,0.300,11104,-0.0985
466,466000,-0.100,-0.269,11110,-0.1006
467,467000,-0.100,0.289,11106,-0.0992
468,468000,-0.100,0.284,11107,-0.0996
469,469000,-0.100,0.344,11096,-0.0955
470,470000,-0.100,0.289,11106,-0.0992
471,471000,-0.100,0.322,11100,-0.0970
472,472000,-0.100,-0.291,11114,-0.1021
473,473000,-0.100,-0.274,11111,-0.1010
474,474000,-0.100,0.278,11108,-0.0999
475,475000,-0.100,-0.280,11112,-0.1014
476,476000,-0.100,0.284,11107,-0.0996
477,477000,-0.100,-0.269,11110,-0.1006
478,478000,-0.100,0.366,11092,-0.0941
479,479000,-0.100,-0.263,11109,-0.1003
480,480000,-0.100,-0.302,11116,-0.1028
481,481000,-0.100,-0.329,11121,-0.1047
482,482000,-0.100,-0.280,11112,-0.1014
483,483000,-0.100,0.355,11094,-0.0948
484,484000,-0.100,0.289,11106,-0.0992
485,485000,-0.100,0.300,11104,-0.0985
486,486000,-0.100,0.300,11104,-0.0985
487,487000,-0.100,-0.280,11112,-0.1014
488,488000,-0.100,-0.312,11118,-0.1036
489,489000,-0.100,0.388,11088,-0.0926
490,490000,-0.100,0.333,11098,-0.0963
491,491000,-0.100,0.322,11100,-0.0970
492,492000,-0.100,-0.302,11116,-0.1028
493,493000,-0.100,0.278,11108,-0.0999
494,494000,-0.100,0.289,11106,-0.0992
495,495000,-0.100,-0.334,11122,-0.1050
496,496000,-0.100,-0.444,11142,-0.1123
497,497000,-0.100,0.300,11104,-0.0985
498,498000,-0.100,-0.280,11112,-0.1014
499,499000,-0.100,-0.269,11110,-0.1006
500,500000,-0.100,0.289,11106,-0.0992
501,501000,-0.100,-0.291,11114,-0.1021
502,502000,-0.100,0.278,11108,-0.0999
503,503000,-0.100,0.311,11102,-0.0977
504,504000,-0.100,-0.269,11110,-0.1006
505,505000,-0.100,-0.334,11122,-0.1050
506,506000,-0.100,-0.280,11112,-0.1014
507,507000,-0.100,-0.280,11112,-0.1014
508,508000,-0.100,0.327,11099,-0.0966
509,509000,-0.100,-0.280,11112,-0.1014
510,510000,-0.100,0.355,11094,-0.0948
511,511000,-0.100,0.284,11107,-0.0996
512,512000,-0.100,-0.291,11114,-0.1021
513,513000,-0.100,-0.323,11120,-0.1043
514,514000,-0.100,0.322,11100,-0.0970
515,515000,-0.100,-0.280,11112,-0.1014
516,516000,-0.100,0.289,11106,-0.0992
517,517000,-0.100,0.311,11102,-0.0977
518,518000,-0.100,-0.269,11110,-0.1006
519,519000,-0.100,-0.280,11112,-0.1014
520,520000,-0.100,-0.307,11117,-0.1032
521,521000,-0.100,-0.444,11142,-0.1123
522,522000,-0.100,0.278,11108,-0.0999
523,523000,-0.100,-0.302,11116,-0.1028
524,524000,-0.100,-0.291,11114,-0.1021
525,525000,-0.100,-0.318,11119,-0.1039
526,526000,-0.100,0.475,11072,-0.0868
527,527000,-0.100,0.284,11107,-0.0996
528,528000,-0.100,-0.269,11110,-0.1006
529,529000,-0.100,0.333,11098,-0.0963
530,530000,-0.100,0.317,11101,-0.0974
531,531000,-0.100,0.284,11107,-0.0996
532,532000,-0.100,-0.280,11112,-0.1014
533,533000,-0.100,-0.269,11110,-0.1006
534,534000,-0.100,0.311,11102,-0.0977
535,535000,-0.100,0.278,11108,-0.0999
536,536000,-0.100,0.278,11108,-0.0999
537,537000,-0.100,0.278,11108,-0.0999
538,538000,-0.100,0.300,11104,-0.0985
539,539000,-0.100,-0.269,11110,-0.1006
540,540000,-0.100,0.300,11104,-0.0985
541,541000,-0.100,-0.323,11120,-0.1043
542,542000,-0.100,-0.269,11110,-0.1006
543,543000,-0.100,0.289,11106,-0.0992
544,544000,-0.100,0.333,11098,-0.0963
545,545000,-0.100,-0.291,11114,-0.1021
546,546000,-0.100,0.295,11105,-0.0988
547,547000,-0.100,-0.312,11118,-0.1036
548,548000,-0.100,-0.280,11112,-0.1014
549,549000,-0.100,0.300,11104,-0.0985
550,550000,-0.100,-0.302,11116,-0.1028
551,551000,-0.100,-0.291,11114,-0.1021
552,552000,-0.100,0.289,11106,-0.0992
553,553000,-0.100,0.333,11098,-0.0963
554,554000,-0.100,0.278,11108,-0.0999
555,555000,-0.100,-0.323,11120,-0.1043
556,556000,-0.100,0.289,11106,-0.0992
557,557000,-0.100,-0.263,11109,-0.1003
558,558000,-0.100,0.289,11106,-0.0992
559,559000,-0.100,0.327,11099,-0.0966
560,560000,-0.100,-0.269,11110,-0.1006
561,561000,-0.100,0.289,11106,-0.0992
562,562000,-0.100,0.289,11106,-0.0992
563,563000,-0.100,0.289,11106,-0.0992
564,564000,-0.100,0.289,11106,-0.0992
565,565000,-0.100,-0.280,11112,-0.1014
566,566000,-0.100,0.327,11099,-0.0966
567,567000,-0.100,-0.280,11112,-0.1014
568,568000,-0.100,0.289,11106,-0.0992
569,569000,-0.100,-0.269,11110,-0.1006
570,570000,-0.100,-0.269,11110,-0.1006
571,571000,-0.100,0.278,11108,-0.0999
572,572000,-0.100,0.371,11091,-0.0937
573,573000,-0.100,0.289,11106,-0.0992
574,574000,-0.100,-0.269,11110,-0.1006
575,575000,-0.100,0.344,11096,-0.0955
576,576000,-0.100,-0.312,11118,-0.1036
577,577000,-0.100,-0.280,11112,-0.1014
578,578000,-0.100,0.300,11104,-0.0985
579,579000,-0.100,-0.323,11120,-0.1043
580,580000,-0.100,-0.269,11110,-0.1006
581,581000,-0.100,-0.269,11110,-0.1006
582,582000,-0.100,-0.269,11110,-0.1006
583,583000,-0.100,-0.263,11109,-0.1003
584,584000,-0.100,0.289,11106,-0.0992
585,585000,-0.100,0.289,11106,-0.0992
586,586000,-0.100,-0.280,11112,-0.1014
587,587000,-0.100,-0.291,11114,-0.1021
588,588000,-0.100,0.344,11096,-0.0955
589,589000,-0.100,-0.269,11110,-0.1006
590,590000,-0.100,0.311,11102,-0.0977
591,591000,-0.100,0.289,11106,-0.0992
592,592000,-0.100,-0.323,11120,-0.1043
593,593000,-0.100,0.311,11102,-0.0977
594,594000,-0.100,-0.367,11128,-0.1072
595,595000,-0.100,-0.269,11110,-0.1006
596,596000,-0.100,-0.269,11110,-0.1006
597,597000,-0.100,0.306,11103,-0.0981
598,598000,-0.100,0.284,11107,-0.0996
599,599000,-0.100,0.355,11094,-0.0948
# end capture 19
# capture 20 kp=-15.00 dir=+ dt_us=1000 samples=600 sat=0
0,0,0.100,-3.269,11110,-0.1006
1,1000,0.100,-3.137,11086,-0.0919
2,2000,0.100,-3.181,11094,-0.0948
3,3000,0.100,-3.236,11104,-0.0985
4,4000,0.100,-3.198,11097,-0.0959
5,5000,0.100,-3.148,11088,-0.0926
6,6000,0.100,-3.148,11088,-0.0926
7,7000,0.100,-3.247,11106,-0.0992
8,8000,0.100,-3.110,11081,-0.0901
9,9000,0.100,-3.094,11078,-0.0890
10,10000,0.100,-3.137,11086,-0.0919
11,11000,0.100,-3.017,11064,-0.0839
12,12000,0.100,-3.028,11066,-0.0846
13,13000,0.100,-3.028,11066,-0.0846
14,14000,0.100,-2.990,11059,-0.0821
15,15000,0.100,-2.952,11052,-0.0795
16,16000,0.100,-2.941,11050,-0.0788
17,17000,0.100,-2.744,11014,-0.0657
18,18000,0.100,-2.908,11044,-0.0766
19,19000,0.100,-2.798,11024,-0.0693
20,20000,0.100,-2.711,11008,-0.0635
21,21000,0.100,-2.624,10992,-0.0576
22,22000,0.100,-2.678,11002,-0.0613
23,23000,0.100,-2.634,10994,-0.0584
24,24000,0.100,-2.596,10987,-0.0558
25,25000,0.100,-2.624,10992,-0.0576
26,26000,0.100,-2.574,10983,-0.0544
27,27000,0.100,-2.361,10944,-0.0401
28,28000,0.100,-2.438,10958,-0.0452
29,29000,0.100,-2.295,10932,-0.0358
30,30000,0.100,-2.317,10936,-0.0372
31,31000,0.100,-2.252,10924,-0.0328
32,32000,0.100,-2.208,10916,-0.0299
33,33000,0.100,-2.159,10907,-0.0266
34,34000,0.100,-2.131,10902,-0.0248
35,35000,0.100,-2.044,10886,-0.0190
36,36000,0.100,-2.033,10884,-0.0183
37,37000,0.100,-1.967,10872,-0.0139
38,38000,0.100,-2.000,10878,-0.0161
39,39000,0.100,-1.885,10857,-0.0084
40,40000,0.100,-1.792,10840,-0.0022
41,41000,0.100,-1.792,10840,-0.0022
42,42000,0.100,-1.738,10830,0.0014
43,43000,0.100,-1.607,10806,0.0102
44,44000,0.100,-1.601,10805,0.0105
45,45000,0.100,-1.705,10824,0.0036
46,46000,0.100,-1.530,10792,0.0153
47,47000,0.100,-1.464,10780,0.0196
48,48000,0.100,-1.432,10774,0.0218
49,49000,0.100,-1.399,10768,0.0240
50,50000,0.100,-1.366,10762,0.0262
51,51000,0.100,-1.311,10752,0.0299
52,52000,0.100,-1.268,10744,0.0328
53,53000,0.100,-1.224,10736,0.0357
54,54000,0.100,-1.235,10738,0.0350
55,55000,0.100,-1.169,10726,0.0393
56,56000,0.100,-1.109,10715,0.0433
57,57000,0.100,-1.071,10708,0.0459
58,58000,0.100,-1.027,10700,0.0488
59,59000,0.100,-0.978,10691,0.0521
60,60000,0.100,-0.972,10690,0.0525
61,61000,0.100,-0.928,10682,0.0554
62,62000,0.100,-0.890,10675,0.0579
63,63000,0.100,-0.879,10673,0.0586
64,64000,0.100,-0.819,10662,0.0627
65,65000,0.100,-0.775,10654,0.0656
66,66000,0.100,-0.918,10680,0.0561
67,67000,0.100,-0.699,10640,0.0707
68,68000,0.100,-0.672,10635,0.0725
69,69000,0.100,-0.633,10628,0.0751
70,70000,0.100,-0.595,10621,0.0776
71,71000,0.100,-0.622,10626,0.0758
72,72000,0.100,-0.393,10584,0.0911
73,73000,0.100,-0.535,10610,0.0816
74,74000,0.100,-0.480,10600,0.0853
75,75000,0.100,-0.469,10598,0.0860
76,76000,0.100,-0.409,10587,0.0900
77,77000,0.100,-0.261,10560,0.0998
78,78000,0.100,-0.404,10586,0.0904
79,79000,0.100,-0.322,10571,0.0958
80,80000,0.100,-0.349,10576,0.0940
81,81000,0.100,0.433,10531,0.1104
82,82000,0.100,-0.316,10570,0.0962
83,83000,0.100,-0.272,10562,0.0991
84,84000,0.100,0.286,10558,0.1006
85,85000,0.100,0.296,10556,0.1013
86,86000,0.100,0.307,10554,0.1020
87,87000,0.100,0.351,10546,0.1049
88,88000,0.100,0.373,10542,0.1064
89,89000,0.100,0.351,10546,0.1049
90,90000,0.100,0.362,10544,0.1057
91,91000,0.100,0.378,10541,0.1068
92,92000,0.100,0.439,10530,0.1108
93,93000,0.100,0.400,10537,0.1082
94,94000,0.100,0.373,10542,0.1064
95,95000,0.100,0.455,10527,0.1119
96,96000,0.100,-0.393,10584,0.0911
97,97000,0.100,0.395,10538,0.1079
98,98000,0.100,0.417,10534,0.1093
99,99000,0.100,0.428,10532,0.1100
100,100000,0.100,0.417,10534,0.1093
101,101000,0.100,0.417,10534,0.1093
102,102000,0.100,0.450,10528,0.1115
103,103000,0.100,0.477,10523,0.1133
104,104000,0.100,0.537,10512,0.1173
105,105000,0.100,0.439,10530,0.1108
106,106000,0.100,0.417,10534,0.1093
107,107000,0.100,0.450,10528,0.1115
108,108000,0.100,0.340,10548,0.1042
109,109000,0.100,0.406,10536,0.1086
110,110000,0.100,0.482,10522,0.1137
111,111000,0.100,0.417,10534,0.1093
112,112000,0.100,0.373,10542,0.1064
113,113000,0.100,0.428,10532,0.1100
114,114000,0.100,0.450,10528,0.1115
115,115000,0.100,0.444,10529,0.1111
116,116000,0.100,0.450,10528,0.1115
117,117000,0.100,0.417,10534,0.1093
118,118000,0.100,0.477,10523,0.1133
119,119000,0.100,0.450,10528,0.1115
120,120000,0.100,0.450,10528,0.1115
121,121000,0.100,0.411,10535,0.1090
122,122000,0.100,0.450,10528,0.1115
123,123000,0.100,0.357,10545,0.1053
124,124000,0.100,0.450,10528,0.1115
125,125000,0.100,0.439,10530,0.1108
126,126000,0.100,0.466,10525,0.1126
127,127000,0.100,0.417,10534,0.1093
128,128000,0.100,0.400,10537,0.1082
129,129000,0.100,0.428,10532,0.1100
130,130000,0.100,0.406,10536,0.1086
131,131000,0.100,0.450,10528,0.1115
132,132000,0.100,0.373,10542,0.1064
133,133000,0.100,0.482,10522,0.1137
134,134000,0.100,0.466,10525,0.1126
135,135000,0.100,0.368,10543,0.1060
136,136000,0.100,0.329,10550,0.1035
137,137000,0.100,0.417,10534,0.1093
138,138000,0.100,0.373,10542,0.1064
139,139000,0.100,0.417,10534,0.1093
140,140000,0.100,0.362,10544,0.1057
141,141000,0.100,0.346,10547,0.1046
142,142000,0.100,0.389,10539,0.1075
143,143000,0.100,0.351,10546,0.1049
144,144000,0.100,0.329,10550,0.1035
145,145000,0.100,0.395,10538,0.1079
146,146000,0.100,0.318,10552,0.1028
147,147000,0.100,0.307,10554,0.1020
148,148000,0.100,0.329,10550,0.1035
149,149000,0.100,0.329,10550,0.1035
150,150000,0.100,0.307,10554,0.1020
151,151000,0.100,0.286,10558,0.1006
152,152000,0.100,-0.272,10562,0.0991
153,153000,0.100,0.296,10556,0.1013
154,154000,0.100,0.362,10544,0.1057
155,155000,0.100,0.307,10554,0.1020
156,156000,0.100,-0.272,10562,0.0991
157,157000,0.100,0.318,10552,0.1028
158,158000,0.100,0.296,10556,0.1013
159,159000,0.100,0.318,10552,0.1028
160,160000,0.100,-0.294,10566,0.0977
161,161000,0.100,-0.283,10564,0.0984
162,162000,0.100,-0.327,10572,0.0955
163,163000,0.100,-0.333,10573,0.0951
164,164000,0.100,0.318,10552,0.1028
165,165000,0.100,-0.316,10570,0.0962
166,166000,0.100,-0.283,10564,0.0984
167,167000,0.100,-0.316,10570,0.0962
168,168000,0.100,-0.316,10570,0.0962
169,169000,0.100,-0.311,10569,0.0966
170,170000,0.100,0.296,10556,0.1013
171,171000,0.100,-0.305,10568,0.0969
172,172000,0.100,-0.322,10571,0.0958
173,173000,0.100,-0.294,10566,0.0977
174,174000,0.100,-0.283,10564,0.0984
175,175000,0.100,-0.322,10571,0.0958
176,176000,0.100,-0.283,10564,0.0984
177,177000,0.100,-0.349,10576,0.0940
178,178000,0.100,-0.316,10570,0.0962
179,179000,0.100,-0.316,10570,0.0962
180,180000,0.100,-0.311,10569,0.0966
181,181000,0.100,-0.294,10566,0.0977
182,182000,0.100,0.291,10557,0.1009
183,183000,0.100,-0.305,10568,0.0969
184,184000,0.100,-0.354,10577,0.0936
185,185000,0.100,-0.294,10566,0.0977
186,186000,0.100,-0.294,10566,0.0977
187,187000,0.100,-0.360,10578,0.0933
188,188000,0.100,-0.272,10562,0.0991
189,189000,0.100,-0.283,10564,0.0984
190,190000,0.100,0.318,10552,0.1028
191,191000,0.100,0.417,10534,0.1093
192,192000,0.100,-0.261,10560,0.0998
193,193000,0.100,-0.283,10564,0.0984
194,194000,0.100,0.417,10534,0.1093
195,195000,0.100,-0.294,10566,0.0977
196,196000,0.100,-0.272,10562,0.0991
197,197000,0.100,-0.272,10562,0.0991
198,198000,0.100,-0.283,10564,0.0984
199,199000,0.100,-0.283,10564,0.0984
200,200000,0.100,-0.316,10570,0.0962
201,201000,0.100,-0.278,10563,0.0987
202,202000,0.100,-0.278,10563,0.0987
203,203000,0.100,0.329,10550,0.1035
204,204000,0.100,-0.305,10568,0.0969
205,205000,0.100,-0.349,10576,0.0940
206,206000,0.100,-0.283,10564,0.0984
207,207000,0.100,-0.409,10587,0.0900
208,208000,0.100,-0.305,10568,0.0969
209,209000,0.100,-0.289,10565,0.0980
210,210000,0.100,-0.322,10571,0.0958
211,211000,0.100,-0.272,10562,0.0991
212,212000,0.100,-0.382,10582,0.0918
213,213000,0.100,-0.289,10565,0.0980
214,214000,0.100,-0.272,10562,0.0991
215,215000,0.100,-0.393,10584,0.0911
216,216000,0.100,0.318,10552,0.1028
217,217000,0.100,-0.261,10560,0.0998
218,218000,0.100,-0.261,10560,0.0998
219,219000,0.100,-0.453,10595,0.0871
220,220000,0.100,-0.272,10562,0.0991
221,221000,0.100,-0.283,10564,0.0984
222,222000,0.100,-0.305,10568,0.0969
223,223000,0.100,-0.261,10560,0.0998
224,224000,0.100,0.286,10558,0.1006
225,225000,0.100,-0.305,10568,0.0969
226,226000,0.100,0.307,10554,0.1020
227,227000,0.100,-0.393,10584,0.0911
228,228000,0.100,0.291,10557,0.1009
229,229000,0.100,-0.261,10560,0.0998
230,230000,0.100,-0.289,10565,0.0980
231,231000,0.100,-0.272,10562,0.0991
232,232000,0.100,0.286,10558,0.1006
233,233000,0.100,0.318,10552,0.1028
234,234000,0.100,0.291,10557,0.1009
235,235000,0.100,0.307,10554,0.1020
236,236000,0.100,-0.294,10566,0.0977
237,237000,0.100,0.286,10558,0.1006
238,238000,0.100,0.362,10544,0.1057
239,239000,0.100,0.450,10528,0.1115
240,240000,0.100,0.351,10546,0.1049
241,241000,0.100,0.307,10554,0.1020
242,242000,0.100,0.286,10558,0.1006
243,243000,0.100,0.428,10532,0.1100
244,244000,0.100,-0.267,10561,0.0995
245,245000,0.100,0.302,10555,0.1017
246,246000,0.100,-0.338,10574,0.0947
247,247000,0.100,-0.261,10560,0.0998
248,248000,0.100,0.296,10556,0.1013
249,249000,0.100,0.346,10547,0.1046
250,250000,0.100,-0.300,10567,0.0973
251,251000,0.100,0.302,10555,0.1017
252,252000,0.100,0.302,10555,0.1017
253,253000,0.100,0.439,10530,0.1108
254,254000,0.100,0.302,10555,0.1017
255,255000,0.100,0.351,10546,0.1049
256,256000,0.100,-0.261,10560,0.0998
257,257000,0.100,0.302,10555,0.1017
258,258000,0.100,0.286,10558,0.1006
259,259000,0.100,0.291,10557,0.1009
260,260000,0.100,0.302,10555,0.1017
261,261000,0.100,-0.261,10560,0.0998
262,262000,0.100,-0.261,10560,0.0998
263,263000,0.100,0.362,10544,0.1057
264,264000,0.100,0.406,10536,0.1086
265,265000,0.100,0.302,10555,0.1017
266,266000,0.100,-0.305,10568,0.0969
267,267000,0.100,0.307,10554,0.1020
268,268000,0.100,0.329,10550,0.1035
269,269000,0.100,0.329,10550,0.1035
270,270000,0.100,0.307,10554,0.1020
271,271000,0.100,-0.267,10561,0.0995
272,272000,0.100,-0.272,10562,0.0991
273,273000,0.100,-0.272,10562,0.0991
274,274000,0.100,0.318,10552,0.1028
275,275000,0.100,0.346,10547,0.1046
276,276000,0.100,0.286,10558,0.1006
277,277000,0.100,-0.305,10568,0.0969
278,278000,0.100,0.324,10551,0.1031
279,279000,0.100,-0.261,10560,0.0998
280,280000,0.100,0.406,10536,0.1086
281,281000,0.100,0.296,10556,0.1013
282,282000,0.100,0.313,10553,0.1024
283,283000,0.100,0.307,10554,0.1020
284,284000,0.100,0.335,10549,0.1038
285,285000,0.100,0.329,10550,0.1035
286,286000,0.100,0.296,10556,0.1013
287,287000,0.100,-0.261,10560,0.0998
288,288000,0.100,0.296,10556,0.1013
289,289000,0.100,0.318,10552,0.1028
290,290000,0.100,-0.289,10565,0.0980
291,291000,0.100,-0.294,10566,0.0977
292,292000,0.100,0.286,10558,0.1006
293,293000,0.100,-0.382,10582,0.0918
294,294000,0.100,0.313,10553,0.1024
295,295000,0.100,0.296,10556,0.1013
296,296000,0.100,0.307,10554,0.1020
297,297000,0.100,0.362,10544,0.1057
298,298000,0.100,0.346,10547,0.1046
299,299000,0.100,-0.261,10560,0.0998
300,300000,0.100,-0.338,10574,0.0947
301,301000,0.100,0.296,10556,0.1013
302,302000,0.100,0.307,10554,0.1020
303,303000,0.100,0.318,10552,0.1028
304,304000,0.100,0.307,10554,0.1020
305,305000,0.100,0.362,10544,0.1057
306,306000,0.100,-0.294,10566,0.0977
307,307000,0.100,0.307,10554,0.1020
308,308000,0.100,0.668,10488,0.1261
309,309000,0.100,0.296,10556,0.1013
310,310000,0.100,0.362,10544,0.1057
311,311000,0.100,0.324,10551,0.1031
312,312000,0.100,-0.261,10560,0.0998
313,313000,0.100,-0.272,10562,0.0991
314,314000,0.100,0.286,10558,0.1006
315,315000,0.100,0.307,10554,0.1020
316,316000,0.100,0.329,10550,0.1035
317,317000,0.100,0.603,10500,0.1217
318,318000,0.100,-0.327,10572,0.0955
319,319000,0.100,0.291,10557,0.1009
320,320000,0.100,-0.261,10560,0.0998
321,321000,0.100,-0.261,10560,0.0998
322,322000,0.100,0.302,10555,0.1017
323,323000,0.100,0.296,10556,0.1013
324,324000,0.100,-0.272,10562,0.0991
325,325000,0.100,-0.349,10576,0.0940
326,326000,0.100,-0.294,10566,0.0977
327,327000,0.100,-0.261,10560,0.0998
328,328000,0.100,0.296,10556,0.1013
329,329000,0.100,0.302,10555,0.1017
330,330000,0.100,0.291,10557,0.1009
331,331000,0.100,0.302,10555,0.1017
332,332000,0.100,0.302,10555,0.1017
333,333000,0.100,-0.261,10560,0.0998
334,334000,0.100,0.302,10555,0.1017
335,335000,0.100,0.329,10550,0.1035
336,336000,0.100,0.296,10556,0.1013
337,337000,0.100,-0.261,10560,0.0998
338,338000,0.100,-0.261,10560,0.0998
339,339000,0.100,0.286,10558,0.1006
340,340000,0.100,0.329,10550,0.1035
341,341000,0.100,-0.272,10562,0.0991
342,342000,0.100,0.296,10556,0.1013
343,343000,0.100,0.318,10552,0.1028
344,344000,0.100,0.286,10558,0.1006
345,345000,0.100,-0.261,10560,0.0998
346,346000,0.100,-0.272,10562,0.0991
347,347000,0.100,0.406,10536,0.1086
348,348000,0.100,0.296,10556,0.1013
349,349000,0.100,0.286,10558,0.1006
350,350000,0.100,0.537,10512,0.1173
351,351000,0.100,0.373,10542,0.1064
352,352000,0.100,-0.316,10570,0.0962
353,353000,0.100,0.291,10557,0.1009
354,354000,0.100,-0.272,10562,0.0991
355,355000,0.100,0.307,10554,0.1020
356,356000,0.100,-0.305,10568,0.0969
357,357000,0.100,-0.267,10561,0.0995
358,358000,0.100,-0.261,10560,0.0998
359,359000,0.100,0.296,10556,0.1013
360,360000,0.100,0.318,10552,0.1028
361,361000,0.100,-0.272,10562,0.0991
362,362000,0.100,-0.272,10562,0.0991
363,363000,0.100,0.286,10558,0.1006
364,364000,0.100,-0.322,10571,0.0958
365,365000,0.100,-0.267,10561,0.0995
366,366000,0.100,-0.338,10574,0.0947
367,367000,0.100,-0.415,10588,0.0896
368,368000,0.100,-0.272,10562,0.0991
369,369000,0.100,-0.261,10560,0.0998
370,370000,0.100,-0.382,10582,0.0918
371,371000,0.100,-0.261,10560,0.0998
372,372000,0.100,-0.305,10568,0.0969
373,373000,0.100,0.286,10558,0.1006
374,374000,0.100,-0.272,10562,0.0991
375,375000,0.100,-0.272,10562,0.0991
376,376000,0.100,-0.305,10568,0.0969
377,377000,0.100,-0.261,10560,0.0998
378,378000,0.100,-0.267,10561,0.0995
379,379000,0.100,-0.278,10563,0.0987
380,380000,0.100,-0.272,10562,0.0991
381,381000,0.100,-0.261,10560,0.0998
382,382000,0.100,0.286,10558,0.1006
383,383000,0.100,0.384,10540,0.1071
384,384000,0.100,0.286,10558,0.1006
385,385000,0.100,-0.261,10560,0.0998
386,386000,0.100,0.291,10557,0.1009
387,387000,0.100,0.324,10551,0.1031
388,388000,0.100,-0.272,10562,0.0991
389,389000,0.100,-0.261,10560,0.0998
390,390000,0.100,-0.267,10561,0.0995
391,391000,0.100,0.286,10558,0.1006
392,392000,0.100,0.351,10546,0.1049
393,393000,0.100,-0.382,10582,0.0918
394,394000,0.100,0.286,10558,0.1006
395,395000,0.100,0.286,10558,0.1006
396,396000,0.100,-0.316,10570,0.0962
397,397000,0.100,-0.272,10562,0.0991
398,398000,0.100,0.307,10554,0.1020
399,399000,0.100,0.286,10558,0.1006
400,400000,0.100,0.307,10554,0.1020
401,401000,0.100,0.378,10541,0.1068
402,402000,0.100,0.340,10548,0.1042
403,403000,0.100,-0.322,10571,0.0958
404,404000,0.100,-0.261,10560,0.0998
405,405000,0.100,-0.283,10564,0.0984
406,406000,0.100,-0.283,10564,0.0984
407,407000,0.100,0.291,10557,0.1009
408,408000,0.100,-0.272,10562,0.0991
409,409000,0.100,-0.327,10572,0.0955
410,410000,0.100,0.318,10552,0.1028
411,411000,0.100,-0.272,10562,0.0991
412,412000,0.100,0.346,10547,0.1046
413,413000,0.100,0.307,10554,0.1020
414,414000,0.100,-0.283,10564,0.0984
415,415000,0.100,0.286,10558,0.1006
416,416000,0.100,-0.261,10560,0.0998
417,417000,0.100,0.362,10544,0.1057
418,418000,0.100,-0.261,10560,0.0998
419,419000,0.100,0.346,10547,0.1046
420,420000,0.100,-0.278,10563,0.0987
421,421000,0.100,-0.261,10560,0.0998
422,422000,0.100,0.318,10552,0.1028
423,423000,0.100,-0.261,10560,0.0998
424,424000,0.100,-0.261,10560,0.0998
425,425000,0.100,0.307,10554,0.1020
426,426000,0.100,-0.267,10561,0.0995
427,427000,0.100,0.286,10558,0.1006
428,428000,0.100,-0.272,10562,0.0991
429,429000,0.100,0.329,10550,0.1035
430,430000,0.100,-0.278,10563,0.0987
431,431000,0.100,-0.349,10576,0.0940
432,432000,0.100,0.389,10539,0.1075
433,433000,0.100,0.291,10557,0.1009
434,434000,0.100,0.307,10554,0.1020
435,435000,0.100,-0.272,10562,0.0991
436,436000,0.100,-0.267,10561,0.0995
437,437000,0.100,0.302,10555,0.1017
438,438000,0.100,-0.300,10567,0.0973
439,439000,0.100,-0.261,10560,0.0998
440,440000,0.100,0.296,10556,0.1013
441,441000,0.100,-0.272,10562,0.0991
442,442000,0.100,0.296,10556,0.1013
443,443000,0.100,-0.272,10562,0.0991
444,444000,0.100,0.362,10544,0.1057
445,445000,0.100,0.286,10558,0.1006
446,446000,0.100,0.318,10552,0.1028
447,447000,0.100,0.329,10550,0.1035
448,448000,0.100,-0.415,10588,0.0896
449,449000,0.100,-0.261,10560,0.0998
450,450000,0.100,-0.354,10577,0.0936
451,451000,0.100,0.351,10546,0.1049
452,452000,0.100,0.324,10551,0.1031
453,453000,0.100,-0.502,10604,0.0838
454,454000,0.100,0.286,10558,0.1006
455,455000,0.100,0.351,10546,0.1049
456,456000,0.100,-0.272,10562,0.0991
457,457000,0.100,0.286,10558,0.1006
458,458000,0.100,-0.261,10560,0.0998
459,459000,0.100,-0.267,10561,0.0995
460,460000,0.100,0.296,10556,0.1013
461,461000,0.100,-0.261,10560,0.0998
462,462000,0.100,-0.272,10562,0.0991
463,463000,0.100,-0.338,10574,0.0947
464,464000,0.100,-0.261,10560,0.0998
465,465000,0.100,-0.261,10560,0.0998
466,466000,0.100,0.286,10558,0.1006
467,467000,0.100,-0.272,10562,0.0991
468,468000,0.100,-0.261,10560,0.0998
469,469000,0.100,0.286,10558,0.1006
470,470000,0.100,0.286,10558,0.1006
471,471000,0.100,-0.261,10560,0.0998
472,472000,0.100,-0.272,10562,0.0991
473,473000,0.100,0.307,10554,0.1020
474,474000,0.100,0.286,10558,0.1006
475,475000,0.100,-0.272,10562,0.0991
476,476000,0.100,0.373,10542,0.1064
477,477000,0.100,-0.442,10593,0.0878
478,478000,0.100,-0.349,10576,0.0940
479,479000,0.100,0.307,10554,0.1020
480,480000,0.100,0.318,10552,0.1028
481,481000,0.100,0.460,10526,0.1122
482,482000,0.100,-0.447,10594,0.0874
483,483042,0.100,-0.272,10562,0.0991
484,484000,0.100,0.296,10556,0.1013
485,485000,0.100,0.307,10554,0.1020
486,486000,0.100,0.296,10556,0.1013
487,487000,0.100,0.532,10513,0.1170
488,488000,0.100,0.296,10556,0.1013
489,489000,0.100,0.302,10555,0.1017
490,490000,0.100,0.307,10554,0.1020
491,491000,0.100,-0.272,10562,0.0991
492,492000,0.100,0.302,10555,0.1017
493,493000,0.100,-0.436,10592,0.0882
494,494000,0.100,0.340,10548,0.1042
495,495000,0.100,-0.261,10560,0.0998
496,496000,0.100,0.351,10546,0.1049
497,497000,0.100,-0.261,10560,0.0998
498,498000,0.100,-0.267,10561,0.0995
499,499000,0.100,0.286,10558,0.1006
500,500000,0.100,-0.261,10560,0.0998
501,501000,0.100,-0.283,10564,0.0984
502,502000,0.100,0.307,10554,0.1020
503,503000,0.100,0.318,10552,0.1028
504,504000,0.100,0.291,10557,0.1009
505,505000,0.100,-0.294,10566,0.0977
506,506000,0.100,-0.261,10560,0.0998
507,507000,0.100,-0.261,10560,0.0998
508,508000,0.100,-0.322,10571,0.0958
509,509000,0.100,-0.261,10560,0.0998
510,510000,0.100,0.286,10558,0.1006
511,511000,0.100,-0.261,10560,0.0998
512,512000,0.100,0.389,10539,0.1075
513,513000,0.100,-0.261,10560,0.0998
514,514000,0.100,-0.447,10594,0.0874
515,515000,0.100,0.286,10558,0.1006
516,516000,0.100,0.280,10559,0.1002
517,517000,0.100,-0.261,10560,0.0998
518,518000,0.100,0.286,10558,0.1006
519,519000,0.100,0.307,10554,0.1020
520,520000,0.100,-0.261,10560,0.0998
521,521000,0.100,0.346,10547,0.1046
522,522000,0.100,0.286,10558,0.1006
523,523000,0.100,-0.272,10562,0.0991
524,524000,0.100,-0.267,10561,0.0995
525,525000,0.100,0.313,10553,0.1024
526,526000,0.100,-0.360,10578,0.0933
527,527000,0.100,-0.294,10566,0.0977
528,528000,0.100,-0.272,10562,0.0991
529,529000,0.100,0.340,10548,0.1042
530,530000,0.100,-0.283,10564,0.0984
531,531000,0.100,-0.305,10568,0.0969
532,532000,0.100,0.296,10556,0.1013
533,533000,0.100,-0.261,10560,0.0998
534,534000,0.100,0.335,10549,0.1038
535,535000,0.100,-0.272,10562,0.0991
536,536000,0.100,-0.294,10566,0.0977
537,537000,0.100,0.307,10554,0.1020
538,538000,0.100,-0.305,10568,0.0969
539,539000,0.100,-0.278,10563,0.0987
540,540000,0.100,0.296,10556,0.1013
541,541000,0.100,0.307,10554,0.1020
542,542000,0.100,-0.272,10562,0.0991
543,543000,0.100,-0.261,10560,0.0998
544,544000,0.100,0.400,10537,0.1082
545,545000,0.100,-0.278,10563,0.0987
546,546000,0.100,-0.272,10562,0.0991
547,547000,0.100,-0.272,10562,0.0991
548,548000,0.100,-0.283,10564,0.0984
549,549000,0.100,-0.261,10560,0.0998
550,550000,0.100,0.302,10555,0.1017
551,551000,0.100,0.477,10523,0.1133
552,552000,0.100,-0.382,10582,0.0918
553,553000,0.100,0.329,10550,0.1035
554,554000,0.100,0.302,10555,0.1017
555,555000,0.100,-0.272,10562,0.0991
556,556000,0.100,-0.261,10560,0.0998
557,557000,0.100,0.296,10556,0.1013
558,558000,0.100,-0.278,10563,0.0987
559,559000,0.100,-0.283,10564,0.0984
560,560000,0.100,-0.272,10562,0.0991
561,561000,0.100,-0.272,10562,0.0991
562,562000,0.100,-0.261,10560,0.0998
563,563000,0.100,-0.261,10560,0.0998
564,564000,0.100,0.296,10556,0.1013
565,565000,0.100,0.329,10550,0.1035
566,566000,0.100,-0.305,10568,0.0969
567,567000,0.100,-0.305,10568,0.0969
568,568000,0.100,0.351,10546,0.1049
569,569000,0.100,0.307,10554,0.1020
570,570000,0.100,-0.458,10596,0.0867
571,571000,0.100,-0.371,10580,0.0925
572,572000,0.100,0.444,10529,0.1111
573,573000,0.100,-0.283,10564,0.0984
574,574000,0.100,0.286,10558,0.1006
575,575000,0.100,-0.272,10562,0.0991
576,576000,0.100,0.296,10556,0.1013
577,577000,0.100,-0.272,10562,0.0991
578,578000,0.100,0.646,10492,0.1246
579,579000,0.100,-0.349,10576,0.0940
580,580000,0.100,-0.278,10563,0.0987
581,581000,0.100,0.318,10552,0.1028
582,582000,0.100,0.307,10554,0.1020
583,583000,0.100,0.318,10552,0.1028
584,584000,0.100,0.296,10556,0.1013
585,585000,0.100,0.307,10554,0.1020
586,586000,0.100,0.351,10546,0.1049
587,587000,0.100,0.296,10556,0.1013
588,588000,0.100,0.286,10558,0.1006
589,589000,0.100,-0.316,10570,0.0962
590,590000,0.100,0.286,10558,0.1006
591,591000,0.100,-0.294,10566,0.0977
592,592000,0.100,0.307,10554,0.1020
593,593000,0.100,-0.305,10568,0.0969
594,594000,0.100,-0.261,10560,0.0998
595,595000,0.100,0.296,10556,0.1013
596,596000,0.100,-0.272,10562,0.0991
597,597000,0.100,0.302,10555,0.1017
598,598000,0.100,-0.261,10560,0.0998
599,599000,0.100,-0.261,10560,0.0998
# end capture 20
# batch done: 10 steps at kp=-15.00
0.100,0.1013,0.296
0.100,0.1013,0.296
0.100,0.0991,-0.272
0.100,0.0991,-0.272
0.100,0.0987,-0.278
0.100,0.0969,-0.305
0.100,0.0991,-0.272
0.100,0.1013,0.296
0.100,0.1079,0.395
0.100,0.0977,-0.294
0.100,0.0977,-0.294
0.100,0.1006,0.286
-0.100,0.1071,3.384
-0.100,0.0725,2.864
-0.100,0.0029,1.820
-0.100,-0.0616,0.852
-0.100,-0.0985,0.300
-0.100,-0.1138,-0.466
-0.100,-0.1152,-0.487
-0.100,-0.1101,-0.411
-0.100,-0.1006,-0.269
-0.100,-0.0948,0.355
-0.100,-0.0992,0.289
-0.100,-0.0999,0.278
-0.100,-0.0915,0.404
-0.100,-0.1138,-0.466
-0.100,-0.1006,-0.269
-0.100,-0.0992,0.289
-0.100,-0.1003,-0.263
-0.100,-0.0999,0.278
-0.100,-0.1006,-0.269
-0.100,-0.1079,-0.378
-0.100,-0.1006,-0.269
-0.100,-0.1025,-0.296
-0.100,-0.0985,0.300
-0.100,-0.1025,-0.296
-0.100,-0.0970,0.322
-0.100,-0.1021,-0.291
-0.100,-0.1006,-0.269
-0.100,-0.0981,0.306
-0.100,-0.1006,-0.269
-0.100,-0.1025,-0.296
-0.100,-0.0992,0.289
-0.100,-0.0985,0.300
-0.100,-0.1006,-0.269
-0.100,-0.0963,0.333
-0.100,-0.0985,0.300
-0.100,-0.0992,0.289
-0.100,-0.0985,0.300
-0.100,-0.0985,0.300
-0.100,-0.0937,0.371
-0.100,-0.0955,0.344
-0.100,-0.1043,-0.323
-0.100,-0.0985,0.300
-0.100,-0.1006,-0.269
-0.100,-0.1043,-0.323
-0.100,-0.0985,0.300
-0.100,-0.0941,0.366
-0.100,-0.1025,-0.296
-0.100,-0.1014,-0.280
-0.100,-0.1065,-0.356
-0.100,-0.0985,0.300
0.100,-0.1021,-3.291
0.100,-0.0693,-2.798
0.100,-0.0015,-1.781
0.100,0.0572,-0.901
0.100,0.0977,-0.294
0.100,0.1122,0.460
0.100,0.1115,0.450
0.100,0.1071,0.384
0.100,0.0977,-0.294
0.100,0.0962,-0.316
0.100,0.0991,-0.272
0.100,0.0984,-0.283
0.100,0.0991,-0.272
0.100,0.0871,-0.453
0.100,0.1017,0.302
0.100,0.1020,0.307
0.100,0.1006,0.286
0.100,0.0991,-0.272
0.100,0.0969,-0.305
0.100,0.0995,-0.267
0.100,0.1017,0.302
0.100,0.1053,0.357
0.100,0.0998,-0.261
0.100,0.0977,-0.294
0.100,0.1042,0.340
0.100,0.1009,0.291
0.100,0.0933,-0.360
0.100,0.1006,0.286
0.100,0.1046,0.346
0.100,0.0995,-0.267
0.100,0.0998,-0.261
0.100,0.1042,0.340
0.100,0.0995,-0.267
0.100,0.1006,0.286
0.100,0.0984,-0.283
0.100,0.0977,-0.294
0.100,0.1020,0.307
0.100,0.1020,0.307
0.100,0.0995,-0.267
0.100,0.1006,0.286
0.100,0.1075,0.389
0.100,0.1020,0.307
0.100,0.0998,-0.261
0.100,0.0984,-0.283
0.100,0.0969,-0.305
0.100,0.0998,-0.261
0.100,0.1013,0.296
0.100,0.0955,-0.327
0.100,0.0984,-0.283
0.100,0.1020,0.307
-0.100,0.1086,3.406
-0.100,0.0696,2.821
-0.100,0.0029,1.820
-0.100,-0.0576,0.912
-0.100,-0.1014,-0.280
-0.100,-0.1178,-0.526
-0.100,-0.1138,-0.466
-0.100,-0.1094,-0.400
-0.100,-0.0970,0.322
-0.100,-0.0992,0.289
-0.100,-0.0992,0.289
-0.100,-0.0970,0.322
-0.100,-0.1006,-0.269
-0.100,-0.0999,0.278
-0.100,-0.0996,0.284
-0.100,-0.0959,0.338
-0.100,-0.1014,-0.280
-0.100,-0.1006,-0.269
-0.100,-0.1014,-0.280
-0.100,-0.0966,0.327
-0.100,-0.0966,0.327
-0.100,-0.1017,-0.285
-0.100,-0.0868,0.475
-0.100,-0.1160,-0.498
-0.100,-0.1014,-0.280
-0.100,-0.1021,-0.291
-0.100,-0.1021,-0.291
-0.100,-0.1006,-0.269
-0.100,-0.0999,0.278
-0.100,-0.1014,-0.280
-0.100,-0.0988,0.295
-0.100,-0.1043,-0.323
-0.100,-0.1006,-0.269
-0.100,-0.1021,-0.291
-0.100,-0.1006,-0.269
-0.100,-0.1021,-0.291
-0.100,-0.0985,0.300
-0.100,-0.0985,0.300
-0.100,-0.0985,0.300
-0.100,-0.1006,-0.269
-0.100,-0.1006,-0.269
-0.100,-0.0996,0.284
-0.100,-0.0985,0.300
-0.100,-0.0999,0.278
-0.100,-0.0999,0.278
-0.100,-0.1006,-0.269
-0.100,-0.1032,-0.307
-0.100,-0.1021,-0.291
-0.100,-0.1014,-0.280
-0.100,-0.1006,-0.269
0.100,-0.0992,-3.247
0.100,-0.0657,-2.744
0.100,-0.0051,-1.836
0.100,0.0528,-0.967
0.100,0.0966,-0.311
0.100,0.1130,0.471
0.100,0.1104,0.433
0.100,0.1192,0.564
0.100,0.0969,-0.305
0.100,0.0991,-0.272
0.100,0.0984,-0.283
0.100,0.0977,-0.294
0.100,0.0977,-0.294
0.100,0.0998,-0.261
0.100,0.1028,0.318
0.100,0.0998,-0.261
0.100,0.1020,0.307
0.100,0.0998,-0.261
0.100,0.0998,-0.261
0.100,0.1028,0.318
0.100,0.1020,0.307
0.100,0.1028,0.318
0.100,0.1006,0.286
0.100,0.1013,0.296
0.100,0.0984,-0.283
0.100,0.0998,-0.261
0.100,0.0991,-0.272
0.100,0.1017,0.302
0.100,0.0991,-0.272
0.100,0.1020,0.307
0.100,0.1035,0.329
0.100,0.0998,-0.261
0.100,0.0947,-0.338
0.100,0.1006,0.286
0.100,0.0998,-0.261
0.100,0.0998,-0.261
0.100,0.1137,0.482
0.100,0.1024,0.313
0.100,0.0991,-0.272
0.100,0.0991,-0.272
0.100,0.1024,0.313
0.100,0.1028,0.318
0.100,0.0998,-0.261
0.100,0.0955,-0.327
0.100,0.1028,0.318
0.100,0.1006,0.286
0.100,0.0995,-0.267
0.100,0.1035,0.329
0.100,0.0998,-0.261
0.100,0.0962,-0.316
-0.100,0.0998,3.275
-0.100,0.0656,2.761
-0.100,0.0029,1.820
-0.100,-0.0606,0.869
-0.100,-0.1014,-0.280
-0.100,-0.1152,-0.487
-0.100,-0.1141,-0.471
-0.100,-0.1079,-0.378
-0.100,-0.0992,0.289
-0.100,-0.0963,0.333
-0.100,-0.0966,0.327
-0.100,-0.1006,-0.269
-0.100,-0.0999,0.278
-0.100,-0.0996,0.284
-0.100,-0.0985,0.300
-0.100,-0.0992,0.289
-0.100,-0.1036,-0.312
-0.100,-0.1006,-0.269
-0.100,-0.0999,0.278
-0.100,-0.1014,-0.280
-0.100,-0.1006,-0.269
-0.100,-0.1014,-0.280
-0.100,-0.0996,0.284
-0.100,-0.1050,-0.334
-0.100,-0.1003,-0.263
-0.100,-0.1098,-0.405
-0.100,-0.0963,0.333
-0.100,-0.0985,0.300
-0.100,-0.1014,-0.280
-0.100,-0.0966,0.327
-0.100,-0.1014,-0.280
-0.100,-0.0985,0.300
-0.100,-0.1123,-0.444
-0.100,-0.0966,0.327
-0.100,-0.1006,-0.269
-0.100,-0.0999,0.278
-0.100,-0.0999,0.278
-0.100,-0.0996,0.284
-0.100,-0.0977,0.311
-0.100,-0.1014,-0.280
-0.100,-0.0999,0.278
-0.100,-0.1006,-0.269
-0.100,-0.1006,-0.269
-0.100,-0.1014,-0.280
-0.100,-0.1006,-0.269
-0.100,-0.1014,-0.280
-0.100,-0.0985,0.300
-0.100,-0.0996,0.284
-0.100,-0.1014,-0.280
-0.100,-0.0963,0.333
0.100,-0.1014,-3.280
0.100,-0.0576,-2.624
0.100,-0.0030,-1.803
0.100,0.0539,-0.950
0.100,0.0955,-0.327
0.100,0.1100,0.428
0.100,0.1086,0.406
0.100,0.1086,0.406
0.100,0.0998,-0.261
0.100,0.0980,-0.289
# stop
