# kp=-20.00
# start kp=-20.00 dt_ms=1 half_period_ms=1000 ref_amp=0.100 stiction_pos=0.277 stiction_neg=0.259
-0.100,-0.1028,-0.316
-0.100,-0.1032,-0.323
-0.100,-0.0996,0.286
-0.100,-0.1021,-0.301
-0.100,-0.0999,0.279
-0.100,-0.0999,0.279
-0.100,-0.1021,-0.301
-0.100,-0.0985,0.308
-0.100,-0.0992,0.293
-0.100,-0.1006,-0.272
-0.100,-0.1014,-0.287
-0.100,-0.0992,0.293
-0.100,-0.1025,-0.308
-0.100,-0.0948,0.381
-0.100,-0.0937,0.403
-0.100,-0.1036,-0.330
-0.100,-0.1036,-0.330
-0.100,-0.0985,0.308
-0.100,-0.0977,0.322
-0.100,-0.1014,-0.287
-0.100,-0.0999,0.279
-0.100,-0.1014,-0.287
-0.100,-0.0934,0.410
-0.100,-0.0999,0.279
-0.100,-0.0988,0.301
-0.100,-0.1006,-0.272
-0.100,-0.1043,-0.345
-0.100,-0.0948,0.381
-0.100,-0.1025,-0.308
-0.100,-0.1028,-0.316
-0.100,-0.1028,-0.316
-0.100,-0.1101,-0.461
-0.100,-0.0977,0.322
-0.100,-0.0985,0.308
-0.100,-0.0966,0.344
-0.100,-0.1014,-0.287
-0.100,-0.1014,-0.287
-0.100,-0.1072,-0.403
-0.100,-0.0992,0.293
-0.100,-0.0999,0.279
-0.100,-0.0974,0.330
-0.100,-0.1006,-0.272
-0.100,-0.1006,-0.272
-0.100,-0.1043,-0.345
-0.100,-0.0996,0.286
-0.100,-0.1021,-0.301
-0.100,-0.0996,0.286
-0.100,-0.1006,-0.272
-0.100,-0.0992,0.293
0.100,-0.0985,-4.228
0.100,-0.0489,-3.237
0.100,0.0200,-1.859
0.100,0.0783,-0.692
0.100,0.1195,0.667
0.100,0.1217,0.711
0.100,0.1130,0.536
0.100,0.1049,0.376
0.100,0.0984,-0.291
0.100,0.1006,0.288
0.100,0.1006,0.288
0.100,0.1035,0.347
0.100,0.1006,0.288
0.100,0.0977,-0.306
0.100,0.1020,0.317
0.100,0.0969,-0.321
0.100,0.1122,0.522
0.100,0.0955,-0.350
0.100,0.0991,-0.277
0.100,0.0998,-0.262
0.100,0.1020,0.317
0.100,0.1035,0.347
0.100,0.1006,0.288
0.100,0.1028,0.332
0.100,0.1028,0.332
0.100,0.0900,-0.459
0.100,0.1028,0.332
0.100,0.1024,0.325
0.100,0.0984,-0.291
0.100,0.0998,-0.262
0.100,0.0984,-0.291
0.100,0.0962,-0.335
0.100,0.1020,0.317
0.100,0.1006,0.288
0.100,0.1006,0.288
0.100,0.0998,-0.262
0.100,0.1017,0.310
0.100,0.0998,-0.262
0.100,0.1006,0.288
0.100,0.0998,-0.262
0.100,0.1028,0.332
0.100,0.1017,0.310
0.100,0.1020,0.317
0.100,0.1006,0.288
0.100,0.1020,0.317
0.100,0.1013,0.303
0.100,0.1049,0.376
0.100,0.0991,-0.277
0.100,0.1006,0.288
0.100,0.1009,0.296
-0.100,0.0998,4.274
-0.100,0.0597,3.472
-0.100,-0.0248,1.780
-0.100,-0.0890,0.497
-0.100,-0.1160,-0.578
-0.100,-0.1240,-0.739
-0.100,-0.1134,-0.527
-0.100,-0.0985,0.308
-0.100,-0.0948,0.381
-0.100,-0.0955,0.366
-0.100,-0.0977,0.322
-0.100,-0.1014,-0.287
-0.100,-0.1014,-0.287
-0.100,-0.1006,-0.272
-0.100,-0.1021,-0.301
-0.100,-0.1006,-0.272
-0.100,-0.0992,0.293
-0.100,-0.0996,0.286
-0.100,-0.0999,0.279
-0.100,-0.1050,-0.359
-0.100,-0.1021,-0.301
-0.100,-0.0999,0.279
-0.100,-0.1017,-0.294
-0.100,-0.1006,-0.272
-0.100,-0.0996,0.286
-0.100,-0.1003,-0.265
-0.100,-0.1036,-0.330
-0.100,-0.1014,-0.287
-0.100,-0.1050,-0.359
-0.100,-0.1043,-0.345
-0.100,-0.0985,0.308
-0.100,-0.0999,0.279
-0.100,-0.0992,0.293
-0.100,-0.1072,-0.403
-0.100,-0.0999,0.279
-0.100,-0.0992,0.293
-0.100,-0.0996,0.286
-0.100,-0.1006,-0.272
-0.100,-0.0996,0.286
-0.100,-0.0988,0.301
-0.100,-0.1014,-0.287
-0.100,-0.0985,0.308
-0.100,-0.1043,-0.345
-0.100,-0.1006,-0.272
-0.100,-0.0945,0.388
-0.100,-0.1006,-0.272
-0.100,-0.1119,-0.498
-0.100,-0.0985,0.308
-0.100,-0.1003,-0.265
-0.100,-0.1021,-0.301
0.100,-0.0977,-4.214
0.100,-0.0558,-3.375
0.100,0.0211,-1.837
0.100,0.0904,-0.452
0.100,0.1312,0.901
0.100,0.1243,0.762
0.100,0.1130,0.536
0.100,0.0991,-0.277
0.100,0.0969,-0.321
0.100,0.0969,-0.321
0.100,0.1006,0.288
0.100,0.1035,0.347
0.100,0.1028,0.332
0.100,0.1017,0.310
0.100,0.0962,-0.335
0.100,0.0977,-0.306
0.100,0.0998,-0.262
0.100,0.1057,0.390
0.100,0.0991,-0.277
0.100,0.0998,-0.262
0.100,0.1079,0.434
0.100,0.1006,0.288
0.100,0.1017,0.310
0.100,0.0998,-0.262
0.100,0.0995,-0.270
0.100,0.0991,-0.277
0.100,0.0991,-0.277
0.100,0.1006,0.288
0.100,0.1024,0.325
0.100,0.1020,0.317
0.100,0.1006,0.288
0.100,0.0998,-0.262
0.100,0.1013,0.303
0.100,0.1013,0.303
0.100,0.1035,0.347
0.100,0.1006,0.288
0.100,0.0980,-0.299
0.100,0.0987,-0.284
0.100,0.1013,0.303
0.100,0.0998,-0.262
0.100,0.1017,0.310
0.100,0.1122,0.522
0.100,0.1017,0.310
0.100,0.0998,-0.262
0.100,0.0991,-0.277
0.100,0.1013,0.303
0.100,0.0998,-0.262
0.100,0.1006,0.288
0.100,0.1013,0.303
0.100,0.0998,-0.262
-0.100,0.0991,4.259
-0.100,0.0576,3.428
-0.100,-0.0226,1.824
-0.100,-0.0926,0.424
-0.100,-0.1254,-0.768
-0.100,-0.1258,-0.775
-0.100,-0.1130,-0.520
-0.100,-0.0985,0.308
-0.100,-0.0941,0.395
-0.100,-0.0955,0.366
-0.100,-0.1006,-0.272
-0.100,-0.0999,0.279
-0.100,-0.1006,-0.272
-0.100,-0.0999,0.279
-0.100,-0.1006,-0.272
-0.100,-0.0988,0.301
-0.100,-0.0999,0.279
-0.100,-0.0992,0.293
-0.100,-0.1021,-0.301
-0.100,-0.1014,-0.287
-0.100,-0.0988,0.301
-0.100,-0.1043,-0.345
-0.100,-0.0926,0.424
-0.100,-0.1138,-0.534
-0.100,-0.0955,0.366
-0.100,-0.1003,-0.265
-0.100,-0.0977,0.322
-0.100,-0.1014,-0.287
-0.100,-0.1036,-0.330
-0.100,-0.0955,0.366
-0.100,-0.1006,-0.272
-0.100,-0.1006,-0.272
-0.100,-0.0992,0.293
-0.100,-0.0897,0.483
-0.100,-0.0999,0.279
-0.100,-0.1014,-0.287
-0.100,-0.1014,-0.287
-0.100,-0.1050,-0.359
-0.100,-0.1003,-0.265
-0.100,-0.0996,0.286
-0.100,-0.1006,-0.272
-0.100,-0.1021,-0.301
-0.100,-0.1014,-0.287
-0.100,-0.1006,-0.272
-0.100,-0.1006,-0.272
-0.100,-0.0992,0.293
-0.100,-0.1025,-0.308
-0.100,-0.0996,0.286
-0.100,-0.1006,-0.272
-0.100,-0.1006,-0.272
0.100,-0.0996,-4.250
0.100,-0.0489,-3.237
0.100,0.0218,-1.822
0.100,0.0867,-0.525
0.100,0.1166,0.609
0.100,0.1221,0.718
0.100,0.1100,0.478
0.100,0.1017,0.310
0.100,0.0958,-0.342
0.100,0.0958,-0.342
0.100,0.0962,-0.335
0.100,0.1038,0.354
0.100,0.0977,-0.306
0.100,0.1028,0.332
0.100,0.0998,-0.262
0.100,0.0998,-0.262
0.100,0.1017,0.310
0.100,0.0991,-0.277
0.100,0.0998,-0.262
0.100,0.0987,-0.284
0.100,0.0984,-0.291
0.100,0.1006,0.288
0.100,0.0998,-0.262
0.100,0.1017,0.310
0.100,0.0991,-0.277
0.100,0.1028,0.332
0.100,0.0998,-0.262
0.100,0.0977,-0.306
0.100,0.0991,-0.277
0.100,0.0991,-0.277
0.100,0.1082,0.441
0.100,0.0998,-0.262
0.100,0.0995,-0.270
0.100,0.1006,0.288
0.100,0.0991,-0.277
0.100,0.1020,0.317
0.100,0.0984,-0.291
0.100,0.0998,-0.262
0.100,0.1020,0.317
0.100,0.1013,0.303
0.100,0.0991,-0.277
0.100,0.1075,0.427
0.100,0.1009,0.296
0.100,0.1020,0.317
0.100,0.1013,0.303
0.100,0.1071,0.420
0.100,0.1017,0.310
0.100,0.0882,-0.496
0.100,0.0962,-0.335
0.100,0.0998,-0.262
-0.100,0.1006,4.288
-0.100,0.0612,3.501
-0.100,-0.0226,1.824
-0.100,-0.0890,0.497
-0.100,-0.1167,-0.593
-0.100,-0.1254,-0.768
-0.100,-0.1123,-0.505
-0.100,-0.0996,0.286
-0.100,-0.0977,0.322
-0.100,-0.0985,0.308
-0.100,-0.0992,0.293
-0.100,-0.1021,-0.301
-0.100,-0.1006,-0.272
-0.100,-0.1083,-0.425
-0.100,-0.1021,-0.301
# batch capture 1/5
# capture 1 kp=-20.00 dir=+ dt_us=1000 samples=600 sat=0
0,0,0.100,-4.243,11106,-0.0992
1,1000,0.100,-4.272,11110,-0.1006
2,2000,0.100,-4.287,11112,-0.1014
3,3000,0.100,-4.301,11114,-0.1021
4,4000,0.100,-4.250,11107,-0.0996
5,5000,0.100,-3.718,11034,-0.0729
6,6000,0.100,-4.323,11117,-0.1032
7,7000,0.100,-4.170,11096,-0.0955
8,8000,0.100,-4.184,11098,-0.0963
9,9000,0.100,-4.155,11094,-0.0948
10,10000,0.100,-4.082,11084,-0.0912
11,11000,0.100,-4.031,11077,-0.0886
12,12000,0.100,-4.039,11078,-0.0890
13,13000,0.100,-3.951,11066,-0.0846
14,14000,0.100,-3.878,11056,-0.0810
15,15000,0.100,-3.827,11049,-0.0784
16,16000,0.100,-3.762,11040,-0.0751
17,17000,0.100,-3.718,11034,-0.0729
18,18000,0.100,-3.630,11022,-0.0686
19,19000,0.100,-3.521,11007,-0.0631
20,20000,0.100,-3.528,11008,-0.0635
21,21000,0.100,-3.135,10954,-0.0438
22,22000,0.100,-3.222,10966,-0.0482
23,23000,0.100,-3.135,10954,-0.0438
24,24000,0.100,-3.076,10946,-0.0409
25,25000,0.100,-3.025,10939,-0.0383
26,26000,0.100,-2.974,10932,-0.0358
27,27000,0.100,-2.843,10914,-0.0292
28,28000,0.100,-2.843,10914,-0.0292
29,29000,0.100,-2.756,10902,-0.0248
30,30000,0.100,-2.697,10894,-0.0219
31,31000,0.100,-2.595,10880,-0.0168
32,32000,0.100,-2.741,10900,-0.0241
33,33000,0.100,-2.376,10850,-0.0059
34,34000,0.100,-2.362,10848,-0.0051
35,35000,0.100,-2.245,10832,0.0007
36,36000,0.100,-2.201,10826,0.0029
37,37000,0.100,-2.085,10810,0.0087
38,38000,0.100,-1.997,10798,0.0131
39,39000,0.100,-1.924,10788,0.0167
40,40000,0.100,-1.837,10776,0.0211
41,41000,0.100,-1.793,10770,0.0233
42,42000,0.100,-1.691,10756,0.0284
43,43000,0.100,-1.735,10762,0.0262
44,44000,0.100,-1.545,10736,0.0357
45,45000,0.100,-1.472,10726,0.0393
46,46000,0.100,-1.407,10717,0.0426
47,47000,0.100,-1.312,10704,0.0473
48,48000,0.100,-1.268,10698,0.0495
49,49000,0.100,-1.152,10682,0.0554
50,50000,0.100,-1.101,10675,0.0579
51,51000,0.100,-1.035,10666,0.0612
52,52000,0.100,-1.020,10664,0.0619
53,53000,0.100,-0.904,10648,0.0678
54,54000,0.100,-0.860,10642,0.0699
55,55000,0.100,-0.802,10634,0.0729
56,56000,0.100,-0.714,10622,0.0772
57,57000,0.100,-0.685,10618,0.0787
58,58000,0.100,-0.590,10605,0.0834
59,59000,0.100,-0.568,10602,0.0845
60,60000,0.100,-0.481,10590,0.0889
61,61000,0.100,-0.401,10579,0.0929
62,62000,0.100,-0.379,10576,0.0940
63,63000,0.100,-0.357,10573,0.0951
64,64000,0.100,-0.306,10566,0.0977
65,65000,0.100,-0.277,10562,0.0991
66,66000,0.100,-0.284,10563,0.0987
67,67000,0.100,0.376,10546,0.1049
68,68000,0.100,0.317,10554,0.1020
69,69000,0.100,-0.466,10588,0.0896
70,70000,0.100,0.492,10530,0.1108
71,71000,0.100,0.522,10526,0.1122
72,72000,0.100,0.478,10532,0.1100
73,73000,0.100,0.565,10520,0.1144
74,74000,0.100,0.616,10513,0.1170
75,75000,0.100,0.624,10512,0.1173
76,76000,0.100,0.595,10516,0.1159
77,77000,0.100,0.667,10506,0.1195
78,78000,0.100,0.740,10496,0.1232
79,79000,0.100,0.624,10512,0.1173
80,80000,0.100,0.697,10502,0.1210
81,81000,0.100,0.740,10496,0.1232
82,82000,0.100,0.565,10520,0.1144
83,83000,0.100,0.726,10498,0.1224
84,84000,0.100,0.726,10498,0.1224
85,85000,0.100,0.821,10485,0.1272
86,86000,0.100,0.660,10507,0.1192
87,87000,0.100,0.726,10498,0.1224
88,88000,0.100,0.740,10496,0.1232
89,89000,0.100,0.784,10490,0.1254
90,90000,0.100,0.799,10488,0.1261
91,91000,0.100,0.784,10490,0.1254
92,92000,0.100,0.551,10522,0.1137
93,93000,0.100,0.711,10500,0.1217
94,94000,0.100,0.675,10505,0.1199
95,95000,0.100,0.813,10486,0.1268
96,96000,0.100,0.726,10498,0.1224
97,97000,0.100,0.733,10497,0.1228
98,98000,0.100,0.813,10486,0.1268
99,99000,0.100,0.733,10497,0.1228
100,100000,0.100,0.777,10491,0.1250
101,101000,0.100,0.762,10493,0.1243
102,102000,0.100,0.667,10506,0.1195
103,103000,0.100,0.740,10496,0.1232
104,104000,0.100,0.667,10506,0.1195
105,105000,0.100,0.733,10497,0.1228
106,106000,0.100,0.740,10496,0.1232
107,107000,0.100,0.711,10500,0.1217
108,108000,0.100,0.697,10502,0.1210
109,109000,0.100,0.697,10502,0.1210
110,110000,0.100,0.616,10513,0.1170
111,111000,0.100,0.711,10500,0.1217
112,112000,0.100,0.624,10512,0.1173
113,113000,0.100,0.602,10515,0.1162
114,114000,0.100,0.609,10514,0.1166
115,115000,0.100,0.616,10513,0.1170
116,116000,0.100,0.507,10528,0.1115
117,117000,0.100,0.471,10533,0.1097
118,118000,0.100,0.558,10521,0.1141
119,119000,0.100,0.580,10518,0.1151
120,120000,0.100,0.507,10528,0.1115
121,121000,0.100,0.500,10529,0.1111
122,122000,0.100,0.507,10528,0.1115
123,123000,0.100,0.485,10531,0.1104
124,124000,0.100,0.492,10530,0.1108
125,125000,0.100,0.434,10538,0.1079
126,126000,0.100,0.463,10534,0.1093
127,127000,0.100,0.441,10537,0.1082
128,128000,0.100,0.412,10541,0.1068
129,129000,0.100,0.376,10546,0.1049
130,130000,0.100,0.405,10542,0.1064
131,131000,0.100,0.390,10544,0.1057
132,132000,0.100,0.390,10544,0.1057
133,133000,0.100,-0.510,10594,0.0874
134,134000,0.100,0.303,10556,0.1013
135,135000,0.100,0.317,10554,0.1020
136,136000,0.100,0.310,10555,0.1017
137,137000,0.100,-0.262,10560,0.0998
138,138000,0.100,0.303,10556,0.1013
139,139000,0.100,0.303,10556,0.1013
140,140000,0.100,-0.262,10560,0.0998
141,141000,0.100,-0.262,10560,0.0998
142,142000,0.100,-0.262,10560,0.0998
143,143000,0.100,-0.277,10562,0.0991
144,144000,0.100,-0.262,10560,0.0998
145,145000,0.100,-0.379,10576,0.0940
146,146000,0.100,-0.291,10564,0.0984
147,147000,0.100,-0.335,10570,0.0962
148,148000,0.100,-0.291,10564,0.0984
149,149000,0.100,-0.379,10576,0.0940
150,150000,0.100,-0.291,10564,0.0984
151,151000,0.100,-0.342,10571,0.0958
152,152000,0.100,-0.306,10566,0.0977
153,153000,0.100,-0.262,10560,0.0998
154,154000,0.100,-0.350,10572,0.0955
155,155000,0.100,-0.321,10568,0.0969
156,156000,0.100,-0.408,10580,0.0925
157,157000,0.100,-0.321,10568,0.0969
158,158000,0.100,-0.291,10564,0.0984
159,159000,0.100,-0.379,10576,0.0940
160,160000,0.100,-0.284,10563,0.0987
161,161000,0.100,-0.277,10562,0.0991
162,162000,0.100,-0.306,10566,0.0977
163,163000,0.100,-0.284,10563,0.0987
164,164000,0.100,-0.335,10570,0.0962
165,165000,0.100,-0.291,10564,0.0984
166,166000,0.100,-0.306,10566,0.0977
167,167000,0.100,-0.291,10564,0.0984
168,168000,0.100,-0.270,10561,0.0995
169,169000,0.100,-0.262,10560,0.0998
170,170000,0.100,-0.445,10585,0.0907
171,171000,0.100,-0.277,10562,0.0991
172,172000,0.100,0.463,10534,0.1093
173,173000,0.100,-0.321,10568,0.0969
174,174000,0.100,0.376,10546,0.1049
175,175000,0.100,0.478,10532,0.1100
176,176000,0.100,-0.379,10576,0.0940
177,177000,0.100,0.288,10558,0.1006
178,178000,0.100,-0.627,10610,0.0816
179,179000,0.100,0.449,10536,0.1086
180,180000,0.100,-0.306,10566,0.0977
181,181000,0.100,-0.306,10566,0.0977
182,182000,0.100,-0.291,10564,0.0984
183,183000,0.100,-0.306,10566,0.0977
184,184000,0.100,-0.306,10566,0.0977
185,185000,0.100,-0.270,10561,0.0995
186,186000,0.100,-0.291,10564,0.0984
187,187000,0.100,-0.262,10560,0.0998
188,188000,0.100,-0.284,10563,0.0987
189,189000,0.100,-0.342,10571,0.0958
190,190000,0.100,-0.277,10562,0.0991
191,191000,0.100,-0.350,10572,0.0955
192,192000,0.100,-0.350,10572,0.0955
193,193000,0.100,-0.262,10560,0.0998
194,194000,0.100,-0.262,10560,0.0998
195,195000,0.100,-0.262,10560,0.0998
196,196000,0.100,-0.284,10563,0.0987
197,197000,0.100,-0.270,10561,0.0995
198,198000,0.100,0.332,10552,0.1028
199,199000,0.100,-0.262,10560,0.0998
200,200000,0.100,0.288,10558,0.1006
201,201000,0.100,0.296,10557,0.1009
202,202000,0.100,0.303,10556,0.1013
203,203000,0.100,-0.262,10560,0.0998
204,204000,0.100,-0.262,10560,0.0998
205,205000,0.100,-0.291,10564,0.0984
206,206000,0.100,0.449,10536,0.1086
207,207000,0.100,0.332,10552,0.1028
208,208000,0.100,0.288,10558,0.1006
209,209000,0.100,0.288,10558,0.1006
210,210000,0.100,-0.321,10568,0.0969
211,211000,0.100,-0.291,10564,0.0984
212,212000,0.100,0.332,10552,0.1028
213,213000,0.100,-0.379,10576,0.0940
214,214000,0.100,0.449,10536,0.1086
215,215000,0.100,-0.262,10560,0.0998
216,216000,0.100,-0.262,10560,0.0998
217,217000,0.100,-0.262,10560,0.0998
218,218000,0.100,0.288,10558,0.1006
219,219000,0.100,0.347,10550,0.1035
220,220000,0.100,0.369,10547,0.1046
221,221000,0.100,-0.291,10564,0.0984
222,222000,0.100,-0.270,10561,0.0995
223,223000,0.100,-0.262,10560,0.0998
224,224000,0.100,0.303,10556,0.1013
225,225000,0.100,0.347,10550,0.1035
226,226000,0.100,0.310,10555,0.1017
227,227000,0.100,0.296,10557,0.1009
228,228000,0.100,0.317,10554,0.1020
229,229000,0.100,-0.291,10564,0.0984
230,230000,0.100,-0.277,10562,0.0991
231,231000,0.100,-0.466,10588,0.0896
232,232000,0.100,0.347,10550,0.1035
233,233000,0.100,-0.262,10560,0.0998
234,234000,0.100,0.303,10556,0.1013
235,235000,0.100,-0.262,10560,0.0998
236,236000,0.100,0.317,10554,0.1020
237,237000,0.100,0.303,10556,0.1013
238,238000,0.100,-0.262,10560,0.0998
239,239000,0.100,0.347,10550,0.1035
240,240000,0.100,0.296,10557,0.1009
241,241000,0.100,0.303,10556,0.1013
242,242000,0.100,-0.270,10561,0.0995
243,243000,0.100,0.347,10550,0.1035
244,244000,0.100,-0.393,10578,0.0933
245,245000,0.100,-0.612,10608,0.0823
246,246000,0.100,0.332,10552,0.1028
247,247000,0.100,0.303,10556,0.1013
248,248000,0.100,0.463,10534,0.1093
249,249000,0.100,0.288,10558,0.1006
250,250000,0.100,0.310,10555,0.1017
251,251000,0.100,0.310,10555,0.1017
252,252000,0.100,-0.262,10560,0.0998
253,253000,0.100,0.405,10542,0.1064
254,254000,0.100,0.317,10554,0.1020
255,255000,0.100,-0.262,10560,0.0998
256,256000,0.100,-0.262,10560,0.0998
257,257000,0.100,-0.284,10563,0.0987
258,258000,0.100,0.303,10556,0.1013
259,259000,0.100,-0.262,10560,0.0998
260,260000,0.100,-0.277,10562,0.0991
261,261000,0.100,0.347,10550,0.1035
262,262000,0.100,-0.284,10563,0.0987
263,263000,0.100,-0.342,10571,0.0958
264,264000,0.100,-0.262,10560,0.0998
265,265000,0.100,-0.262,10560,0.0998
266,266000,0.100,0.310,10555,0.1017
267,267000,0.100,0.310,10555,0.1017
268,268000,0.100,0.317,10554,0.1020
269,269000,0.100,-0.277,10562,0.0991
270,270000,0.100,0.347,10550,0.1035
271,271000,0.100,0.310,10555,0.1017
272,272000,0.100,0.288,10558,0.1006
273,273000,0.100,0.317,10554,0.1020
274,274000,0.100,0.296,10557,0.1009
275,275000,0.100,-0.321,10568,0.0969
276,276000,0.100,0.296,10557,0.1009
277,277000,0.100,-0.262,10560,0.0998
278,278000,0.100,0.361,10548,0.1042
279,279000,0.100,0.361,10548,0.1042
280,280000,0.100,-0.262,10560,0.0998
281,281000,0.100,0.303,10556,0.1013
282,282000,0.100,0.347,10550,0.1035
283,283000,0.100,-0.291,10564,0.0984
284,284000,0.100,0.303,10556,0.1013
285,285000,0.100,0.288,10558,0.1006
286,286000,0.100,0.288,10558,0.1006
287,287000,0.100,0.310,10555,0.1017
288,288000,0.100,0.317,10554,0.1020
289,289000,0.100,0.317,10554,0.1020
290,290000,0.100,0.303,10556,0.1013
291,291000,0.100,0.288,10558,0.1006
292,292000,0.100,0.288,10558,0.1006
293,293000,0.100,0.332,10552,0.1028
294,294000,0.100,0.317,10554,0.1020
295,295000,0.100,0.288,10558,0.1006
296,296000,0.100,-0.306,10566,0.0977
297,297000,0.100,0.317,10554,0.1020
298,298000,0.100,0.310,10555,0.1017
299,299000,0.100,0.317,10554,0.1020
300,300000,0.100,-0.262,10560,0.0998
301,301000,0.100,0.303,10556,0.1013
302,302000,0.100,0.288,10558,0.1006
303,303000,0.100,-0.262,10560,0.0998
304,304000,0.100,0.317,10554,0.1020
305,305000,0.100,-0.262,10560,0.0998
306,306000,0.100,0.288,10558,0.1006
307,307000,0.100,-0.277,10562,0.0991
308,308000,0.100,0.317,10554,0.1020
309,309000,0.100,0.347,10550,0.1035
310,310000,0.100,-0.430,10583,0.0915
311,311000,0.100,0.296,10557,0.1009
312,312000,0.100,0.325,10553,0.1024
313,313000,0.100,-0.262,10560,0.0998
314,314000,0.100,0.332,10552,0.1028
315,315000,0.100,0.288,10558,0.1006
316,316000,0.100,0.347,10550,0.1035
317,317000,0.100,0.361,10548,0.1042
318,318000,0.100,0.317,10554,0.1020
319,319000,0.100,-0.262,10560,0.0998
320,320000,0.100,-0.277,10562,0.0991
321,321000,0.100,0.332,10552,0.1028
322,322000,0.100,-0.262,10560,0.0998
323,323000,0.100,-0.262,10560,0.0998
324,324000,0.100,0.332,10552,0.1028
325,325000,0.100,0.347,10550,0.1035
326,326000,0.100,-0.291,10564,0.0984
327,327000,0.100,0.303,10556,0.1013
328,328000,0.100,0.303,10556,0.1013
329,329000,0.100,0.288,10558,0.1006
330,330000,0.100,0.361,10548,0.1042
331,331000,0.100,0.281,10559,0.1002
332,332000,0.100,-0.284,10563,0.0987
333,333000,0.100,0.288,10558,0.1006
334,334000,0.100,0.288,10558,0.1006
335,335000,0.100,-0.262,10560,0.0998
336,336000,0.100,-0.262,10560,0.0998
337,337000,0.100,-0.262,10560,0.0998
338,338000,0.100,-0.277,10562,0.0991
339,339000,0.100,0.332,10552,0.1028
340,340000,0.100,-0.262,10560,0.0998
341,341000,0.100,0.332,10552,0.1028
342,342000,0.100,0.317,10554,0.1020
343,343000,0.100,0.303,10556,0.1013
344,344000,0.100,-0.335,10570,0.0962
345,345000,0.100,-0.379,10576,0.0940
346,346000,0.100,-0.306,10566,0.0977
347,347000,0.100,-0.262,10560,0.0998
348,348000,0.100,0.492,10530,0.1108
349,349000,0.100,0.317,10554,0.1020
350,350000,0.100,-0.277,10562,0.0991
351,351000,0.100,0.288,10558,0.1006
352,352000,0.100,0.296,10557,0.1009
353,353000,0.100,0.310,10555,0.1017
354,354000,0.100,-0.262,10560,0.0998
355,355000,0.100,-0.262,10560,0.0998
356,356000,0.100,0.288,10558,0.1006
357,357000,0.100,-0.262,10560,0.0998
358,358000,0.100,-0.262,10560,0.0998
359,359000,0.100,0.310,10555,0.1017
360,360000,0.100,0.317,10554,0.1020
361,361000,0.100,-0.277,10562,0.0991
362,362000,0.100,-0.262,10560,0.0998
363,363000,0.100,-0.262,10560,0.0998
364,364000,0.100,0.288,10558,0.1006
365,365000,0.100,0.296,10557,0.1009
366,366000,0.100,-0.393,10578,0.0933
367,367000,0.100,-0.291,10564,0.0984
368,368000,0.100,0.288,10558,0.1006
369,369000,0.100,0.507,10528,0.1115
370,370000,0.100,-0.350,10572,0.0955
371,371000,0.100,-0.262,10560,0.0998
372,372000,0.100,0.288,10558,0.1006
373,373000,0.100,0.325,10553,0.1024
374,374000,0.100,-0.262,10560,0.0998
375,375000,0.100,0.303,10556,0.1013
376,376000,0.100,0.288,10558,0.1006
377,377000,0.100,0.296,10557,0.1009
378,378000,0.100,0.288,10558,0.1006
379,379000,0.100,0.288,10558,0.1006
380,380000,0.100,-0.262,10560,0.0998
381,381000,0.100,0.288,10558,0.1006
382,382000,0.100,0.310,10555,0.1017
383,383000,0.100,-0.262,10560,0.0998
384,384000,0.100,-0.342,10571,0.0958
385,385000,0.100,0.288,10558,0.1006
386,386000,0.100,0.296,10557,0.1009
387,387000,0.100,-0.291,10564,0.0984
388,388000,0.100,-0.262,10560,0.0998
389,389000,0.100,-0.335,10570,0.0962
390,390000,0.100,0.288,10558,0.1006
391,391000,0.100,0.296,10557,0.1009
392,392000,0.100,0.390,10544,0.1057
393,393000,0.100,-0.306,10566,0.0977
394,394000,0.100,0.317,10554,0.1020
395,395000,0.100,-0.284,10563,0.0987
396,396000,0.100,-0.262,10560,0.0998
397,397000,0.100,0.310,10555,0.1017
398,398000,0.100,-0.291,10564,0.0984
399,399000,0.100,-0.452,10586,0.0904
400,400000,0.100,-0.291,10564,0.0984
401,401000,0.100,-0.262,10560,0.0998
402,402000,0.100,-0.321,10568,0.0969
403,403000,0.100,-0.284,10563,0.0987
404,404000,0.100,-0.262,10560,0.0998
405,405000,0.100,-0.277,10562,0.0991
406,406000,0.100,-0.379,10576,0.0940
407,407000,0.100,-0.270,10561,0.0995
408,408000,0.100,0.310,10555,0.1017
409,409000,0.100,0.288,10558,0.1006
410,410000,0.100,-0.277,10562,0.0991
411,411000,0.100,-0.306,10566,0.0977
412,412000,0.100,-0.306,10566,0.0977
413,413000,0.100,0.361,10548,0.1042
414,414000,0.100,0.383,10545,0.1053
415,415000,0.100,-0.277,10562,0.0991
416,416000,0.100,-0.270,10561,0.0995
417,417000,0.100,-0.277,10562,0.0991
418,418000,0.100,0.390,10544,0.1057
419,419000,0.100,0.310,10555,0.1017
420,420000,0.100,0.420,10540,0.1071
421,421000,0.100,0.303,10556,0.1013
422,422000,0.100,0.310,10555,0.1017
423,423000,0.100,-0.262,10560,0.0998
424,424000,0.100,-0.262,10560,0.0998
425,425000,0.100,-0.284,10563,0.0987
426,426000,0.100,-0.364,10574,0.0947
427,427000,0.100,-0.277,10562,0.0991
428,428000,0.100,-0.342,10571,0.0958
429,429000,0.100,-0.350,10572,0.0955
430,430000,0.100,-0.262,10560,0.0998
431,431000,0.100,-0.262,10560,0.0998
432,432000,0.100,0.390,10544,0.1057
433,433000,0.100,0.281,10559,0.1002
434,434000,0.100,-0.342,10571,0.0958
435,435000,0.100,-0.277,10562,0.0991
436,436000,0.100,0.303,10556,0.1013
437,437000,0.100,0.281,10559,0.1002
438,438000,0.100,-0.277,10562,0.0991
439,439000,0.100,-0.277,10562,0.0991
440,440000,0.100,0.296,10557,0.1009
441,441000,0.100,-0.270,10561,0.0995
442,442000,0.100,0.296,10557,0.1009
443,443000,0.100,-0.262,10560,0.0998
444,444000,0.100,-0.262,10560,0.0998
445,445000,0.100,-0.277,10562,0.0991
446,446000,0.100,0.303,10556,0.1013
447,447000,0.100,-0.262,10560,0.0998
448,448000,0.100,-0.277,10562,0.0991
449,449000,0.100,-0.262,10560,0.0998
450,450000,0.100,-0.262,10560,0.0998
451,451000,0.100,0.310,10555,0.1017
452,452000,0.100,-0.277,10562,0.0991
453,453000,0.100,-0.299,10565,0.0980
454,454000,0.100,-0.277,10562,0.0991
455,455000,0.100,0.376,10546,0.1049
456,456000,0.100,-0.262,10560,0.0998
457,457000,0.100,0.317,10554,0.1020
458,458000,0.100,-0.262,10560,0.0998
459,459000,0.100,-0.262,10560,0.0998
460,460000,0.100,0.303,10556,0.1013
461,461000,0.100,-0.262,10560,0.0998
462,462000,0.100,-0.510,10594,0.0874
463,463000,0.100,-0.262,10560,0.0998
464,464000,0.100,-0.335,10570,0.0962
465,465000,0.100,-0.284,10563,0.0987
466,466000,0.100,-0.262,10560,0.0998
467,467000,0.100,-0.262,10560,0.0998
468,468000,0.100,-0.262,10560,0.0998
469,469000,0.100,-0.291,10564,0.0984
470,470000,0.100,-0.262,10560,0.0998
471,471000,0.100,-0.262,10560,0.0998
472,472000,0.100,-0.284,10563,0.0987
473,473000,0.100,0.288,10558,0.1006
474,474000,0.100,-0.277,10562,0.0991
475,475000,0.100,-0.262,10560,0.0998
476,476000,0.100,0.288,10558,0.1006
477,477000,0.100,-0.262,10560,0.0998
478,478000,0.100,0.332,10552,0.1028
479,479000,0.100,-0.262,10560,0.0998
480,480000,0.100,-0.277,10562,0.0991
481,481000,0.100,0.288,10558,0.1006
482,482000,0.100,-0.277,10562,0.0991
483,483000,0.100,-0.270,10561,0.0995
484,484000,0.100,0.332,10552,0.1028
485,485000,0.100,-0.379,10576,0.0940
486,486000,0.100,-0.277,10562,0.0991
487,487000,0.100,0.303,10556,0.1013
488,488000,0.100,0.310,10555,0.1017
489,489000,0.100,0.347,10550,0.1035
490,490000,0.100,-0.262,10560,0.0998
491,491000,0.100,-0.393,10578,0.0933
492,492000,0.100,-0.321,10568,0.0969
493,493000,0.100,0.339,10551,0.1031
494,494000,0.100,-0.262,10560,0.0998
495,495000,0.100,0.288,10558,0.1006
496,496000,0.100,0.303,10556,0.1013
497,497000,0.100,-0.262,10560,0.0998
498,498000,0.100,0.310,10555,0.1017
499,499000,0.100,-0.277,10562,0.0991
500,500000,0.100,-0.284,10563,0.0987
501,501000,0.100,0.361,10548,0.1042
502,502000,0.100,-0.262,10560,0.0998
503,503000,0.100,-0.262,10560,0.0998
504,504000,0.100,0.281,10559,0.1002
505,505000,0.100,0.288,10558,0.1006
506,506000,0.100,0.332,10552,0.1028
507,507000,0.100,-0.277,10562,0.0991
508,508000,0.100,0.288,10558,0.1006
509,509000,0.100,-0.277,10562,0.0991
510,510000,0.100,-0.277,10562,0.0991
511,511000,0.100,-0.284,10563,0.0987
512,512000,0.100,-0.321,10568,0.0969
513,513000,0.100,-0.262,10560,0.0998
514,514000,0.100,-0.262,10560,0.0998
515,515000,0.100,0.288,10558,0.1006
516,516000,0.100,-0.262,10560,0.0998
517,517000,0.100,-0.262,10560,0.0998
518,518000,0.100,0.317,10554,0.1020
519,519000,0.100,0.376,10546,0.1049
520,520000,0.100,-0.262,10560,0.0998
521,521000,0.100,-0.262,10560,0.0998
522,522000,0.100,-0.262,10560,0.0998
523,523000,0.100,0.288,10558,0.1006
524,524000,0.100,-0.262,10560,0.0998
525,525000,0.100,-0.321,10568,0.0969
526,526000,0.100,-0.262,10560,0.0998
527,527000,0.100,0.369,10547,0.1046
528,528000,0.100,-0.262,10560,0.0998
529,529000,0.100,-0.291,10564,0.0984
530,530000,0.100,-0.262,10560,0.0998
531,531000,0.100,-0.262,10560,0.0998
532,532000,0.100,-0.270,10561,0.0995
533,533000,0.100,0.347,10550,0.1035
534,534000,0.100,-0.277,10562,0.0991
535,535000,0.100,0.288,10558,0.1006
536,536000,0.100,-0.262,10560,0.0998
537,537000,0.100,-0.262,10560,0.0998
538,538000,0.100,-0.277,10562,0.0991
539,539000,0.100,0.332,10552,0.1028
540,540000,0.100,-0.262,10560,0.0998
541,541000,0.100,-0.262,10560,0.0998
542,542000,0.100,-0.262,10560,0.0998
543,543000,0.100,0.317,10554,0.1020
544,544000,0.100,-0.306,10566,0.0977
545,545000,0.100,-0.335,10570,0.0962
546,546000,0.100,-0.364,10574,0.0947
547,547000,0.100,-0.262,10560,0.0998
548,548000,0.100,-0.277,10562,0.0991
549,549000,0.100,-0.335,10570,0.0962
550,550000,0.100,-0.379,10576,0.0940
551,551000,0.100,-0.350,10572,0.0955
552,552000,0.100,0.317,10554,0.1020
553,553000,0.100,-0.364,10574,0.0947
554,554000,0.100,0.317,10554,0.1020
555,555000,0.100,0.288,10558,0.1006
556,556000,0.100,0.296,10557,0.1009
557,557000,0.100,-0.277,10562,0.0991
558,558000,0.100,0.332,10552,0.1028
559,559000,0.100,0.303,10556,0.1013
560,560000,0.100,0.303,10556,0.1013
561,561000,0.100,0.288,10558,0.1006
562,562000,0.100,0.303,10556,0.1013
563,563000,0.100,-0.299,10565,0.0980
564,564000,0.100,-0.262,10560,0.0998
565,565000,0.100,-0.291,10564,0.0984
566,566000,0.100,0.288,10558,0.1006
567,567000,0.100,-0.262,10560,0.0998
568,568000,0.100,0.310,10555,0.1017
569,569000,0.100,0.317,10554,0.1020
570,570000,0.100,-0.291,10564,0.0984
571,571000,0.100,-0.262,10560,0.0998
572,572000,0.100,-0.306,10566,0.0977
573,573000,0.100,0.317,10554,0.1020
574,574000,0.100,-0.277,10562,0.0991
575,575000,0.100,-0.306,10566,0.0977
576,576000,0.100,-0.364,10574,0.0947
577,577000,0.100,0.332,10552,0.1028
578,578000,0.100,0.310,10555,0.1017
579,579000,0.100,0.317,10554,0.1020
580,580000,0.100,0.310,10555,0.1017
581,581000,0.100,0.347,10550,0.1035
582,582000,0.100,0.310,10555,0.1017
583,583000,0.100,-0.342,10571,0.0958
584,584000,0.100,-0.262,10560,0.0998
585,585000,0.100,0.288,10558,0.1006
586,586000,0.100,-0.277,10562,0.0991
587,587000,0.100,0.478,10532,0.1100
588,588000,0.100,0.332,10552,0.1028
589,589000,0.100,-0.393,10578,0.0933
590,590000,0.100,0.303,10556,0.1013
591,591000,0.100,0.332,10552,0.1028
592,592000,0.100,-0.262,10560,0.0998
593,593000,0.100,0.317,10554,0.1020
594,594000,0.100,-0.335,10570,0.0962
595,595000,0.100,0.492,10530,0.1108
596,596000,0.100,0.303,10556,0.1013
597,597000,0.100,0.288,10558,0.1006
598,598000,0.100,-0.277,10562,0.0991
599,599000,0.100,-0.262,10560,0.0998
# end capture 1
# capture 2 kp=-20.00 dir=- dt_us=1000 samples=600 sat=0
0,0,-0.100,4.259,10562,0.0991
1,1000,-0.100,4.354,10549,0.1038
2,2000,-0.100,4.274,10560,0.0998
3,3000,-0.100,4.303,10556,0.1013
4,4000,-0.100,4.288,10558,0.1006
5,5000,-0.100,4.310,10555,0.1017
6,6000,-0.100,4.274,10560,0.0998
7,7000,-0.100,4.230,10566,0.0977
8,8000,-0.100,4.201,10570,0.0962
9,9000,-0.100,4.157,10576,0.0940
10,10000,-0.100,4.055,10590,0.0889
11,11000,-0.100,3.968,10602,0.0845
12,12000,-0.100,3.982,10600,0.0853
13,13000,-0.100,3.982,10600,0.0853
14,14000,-0.100,3.851,10618,0.0787
15,15000,-0.100,3.807,10624,0.0765
16,16000,-0.100,3.763,10630,0.0743
17,17000,-0.100,3.618,10650,0.0670
18,18000,-0.100,3.588,10654,0.0656
19,19000,-0.100,3.530,10662,0.0627
20,20000,-0.100,3.457,10672,0.0590
21,21000,-0.100,3.574,10656,0.0648
22,22000,-0.100,3.326,10690,0.0525
23,23000,-0.100,3.472,10670,0.0597
24,24000,-0.100,3.224,10704,0.0473
25,25000,-0.100,3.224,10704,0.0473
26,26000,-0.100,3.195,10708,0.0459
27,27000,-0.100,3.180,10710,0.0452
28,28000,-0.100,3.034,10730,0.0379
29,29000,-0.100,2.772,10766,0.0247
30,30000,-0.100,2.641,10784,0.0182
31,31000,-0.100,2.612,10788,0.0167
32,32000,-0.100,2.480,10806,0.0102
33,33000,-0.100,2.393,10818,0.0058
34,34000,-0.100,2.305,10830,0.0014
35,35000,-0.100,2.211,10843,-0.0033
36,36000,-0.100,2.130,10854,-0.0073
37,37000,-0.100,2.203,10844,-0.0037
38,38000,-0.100,1.985,10874,-0.0146
39,39000,-0.100,1.883,10888,-0.0197
40,40000,-0.100,1.744,10907,-0.0266
41,41000,-0.100,1.737,10908,-0.0270
42,42000,-0.100,1.635,10922,-0.0321
43,43000,-0.100,1.569,10931,-0.0354
44,44000,-0.100,1.533,10936,-0.0372
45,45000,-0.100,1.416,10952,-0.0431
46,46000,-0.100,1.358,10960,-0.0460
47,47000,-0.100,1.277,10971,-0.0500
48,48000,-0.100,1.183,10984,-0.0547
49,49000,-0.100,1.161,10987,-0.0558
50,50000,-0.100,0.986,11011,-0.0646
51,51000,-0.100,0.913,11021,-0.0682
52,52000,-0.100,0.920,11020,-0.0678
53,53000,-0.100,0.833,11032,-0.0722
54,54000,-0.100,0.811,11035,-0.0733
55,55000,-0.100,0.701,11050,-0.0788
56,56000,-0.100,0.716,11048,-0.0780
57,57000,-0.100,0.643,11058,-0.0817
58,58000,-0.100,0.585,11066,-0.0846
59,59000,-0.100,0.541,11072,-0.0868
60,60000,-0.100,0.454,11084,-0.0912
61,61000,-0.100,0.410,11090,-0.0934
62,62000,-0.100,0.366,11096,-0.0955
63,63000,-0.100,-0.272,11110,-0.1006
64,64000,-0.100,0.337,11100,-0.0970
65,65000,-0.100,-0.345,11120,-0.1043
66,66000,-0.100,-0.389,11126,-0.1065
67,67000,-0.100,-0.403,11128,-0.1072
68,68000,-0.100,-0.461,11136,-0.1101
69,69000,-0.100,-0.636,11160,-0.1189
70,70000,-0.100,-0.520,11144,-0.1130
71,71000,-0.100,-0.564,11150,-0.1152
72,72000,-0.100,-0.615,11157,-0.1178
73,73000,-0.100,-0.593,11154,-0.1167
74,74000,-0.100,-0.607,11156,-0.1174
75,75000,-0.100,-0.651,11162,-0.1196
76,76000,-0.100,-0.680,11166,-0.1211
77,77000,-0.100,-0.680,11166,-0.1211
78,78000,-0.100,-0.593,11154,-0.1167
79,79000,-0.100,-1.147,11230,-0.1444
80,80000,-0.100,-0.593,11154,-0.1167
81,81000,-0.100,-0.753,11176,-0.1247
82,82000,-0.100,-0.739,11174,-0.1240
83,83000,-0.100,-0.775,11179,-0.1258
84,84000,-0.100,-0.775,11179,-0.1258
85,85000,-0.100,-0.797,11182,-0.1269
86,86000,-0.100,-0.768,11178,-0.1254
87,87000,-0.100,-0.768,11178,-0.1254
88,88000,-0.100,-0.768,11178,-0.1254
89,89000,-0.100,-0.636,11160,-0.1189
90,90000,-0.100,-0.724,11172,-0.1232
91,91000,-0.100,-0.753,11176,-0.1247
92,92000,-0.100,-0.775,11179,-0.1258
93,93000,-0.100,-0.884,11194,-0.1313
94,94000,-0.100,-0.520,11144,-0.1130
95,95000,-0.100,-0.768,11178,-0.1254
96,96000,-0.100,-0.753,11176,-0.1247
97,97000,-0.100,-0.775,11179,-0.1258
98,98000,-0.100,-0.768,11178,-0.1254
99,99000,-0.100,-0.782,11180,-0.1262
100,100000,-0.100,-0.768,11178,-0.1254
101,101000,-0.100,-0.709,11170,-0.1225
102,102000,-0.100,-0.782,11180,-0.1262
103,103000,-0.100,-0.768,11178,-0.1254
104,104000,-0.100,-0.768,11178,-0.1254
105,105000,-0.100,-0.717,11171,-0.1229
106,106000,-0.100,-0.695,11168,-0.1218
107,107000,-0.100,-0.680,11166,-0.1211
108,108000,-0.100,-0.695,11168,-0.1218
109,109000,-0.100,-0.666,11164,-0.1203
110,110000,-0.100,-0.666,11164,-0.1203
111,111000,-0.100,-0.680,11166,-0.1211
112,112000,-0.100,-0.695,11168,-0.1218
113,113000,-0.100,-0.651,11162,-0.1196
114,114000,-0.100,-0.549,11148,-0.1145
115,115000,-0.100,-0.578,11152,-0.1160
116,116000,-0.100,-0.607,11156,-0.1174
117,117000,-0.100,-0.564,11150,-0.1152
118,118000,-0.100,-0.534,11146,-0.1138
119,119000,-0.100,-0.505,11142,-0.1123
120,120000,-0.100,-0.542,11147,-0.1141
121,121000,-0.100,-0.542,11147,-0.1141
122,122000,-0.100,-0.461,11136,-0.1101
123,123000,-0.100,-0.447,11134,-0.1094
124,124000,-0.100,-0.461,11136,-0.1101
125,125000,-0.100,-0.432,11132,-0.1087
126,126000,-0.100,-0.461,11136,-0.1101
127,127000,-0.100,-0.403,11128,-0.1072
128,128000,-0.100,-0.418,11130,-0.1079
129,129000,-0.100,-0.403,11128,-0.1072
130,130000,-0.100,-0.345,11120,-0.1043
131,131000,-0.100,-0.389,11126,-0.1065
132,132000,-0.100,-0.316,11116,-0.1028
133,133000,-0.100,-0.330,11118,-0.1036
134,134000,-0.100,-0.294,11113,-0.1017
135,135000,-0.100,0.293,11106,-0.0992
136,136000,-0.100,-0.345,11120,-0.1043
137,137000,-0.100,-0.294,11113,-0.1017
138,138000,-0.100,-0.301,11114,-0.1021
139,139000,-0.100,0.293,11106,-0.0992
140,140000,-0.100,0.308,11104,-0.0985
141,141000,-0.100,-0.359,11122,-0.1050
142,142000,-0.100,0.286,11107,-0.0996
143,143000,-0.100,0.366,11096,-0.0955
144,144000,-0.100,0.454,11084,-0.0912
145,145000,-0.100,0.337,11100,-0.0970
146,146000,-0.100,0.308,11104,-0.0985
147,147000,-0.100,0.308,11104,-0.0985
148,148000,-0.100,0.468,11082,-0.0904
149,149000,-0.100,-0.301,11114,-0.1021
150,150000,-0.100,0.308,11104,-0.0985
151,151000,-0.100,0.395,11092,-0.0941
152,152000,-0.100,0.322,11102,-0.0977
153,153000,-0.100,0.381,11094,-0.0948
154,154000,-0.100,0.424,11088,-0.0926
155,155000,-0.100,0.293,11106,-0.0992
156,156000,-0.100,0.337,11100,-0.0970
157,157000,-0.100,0.366,11096,-0.0955
158,158000,-0.100,0.366,11096,-0.0955
159,159000,-0.100,0.366,11096,-0.0955
160,160000,-0.100,0.366,11096,-0.0955
161,161000,-0.100,0.286,11107,-0.0996
162,162000,-0.100,0.322,11102,-0.0977
163,163000,-0.100,0.381,11094,-0.0948
164,164000,-0.100,0.344,11099,-0.0966
165,165000,-0.100,0.344,11099,-0.0966
166,166000,-0.100,0.352,11098,-0.0963
167,167000,-0.100,0.366,11096,-0.0955
168,168000,-0.100,0.344,11099,-0.0966
169,169000,-0.100,0.424,11088,-0.0926
170,170000,-0.100,0.439,11086,-0.0919
171,171000,-0.100,0.308,11104,-0.0985
172,172000,-0.100,0.337,11100,-0.0970
173,173000,-0.100,0.395,11092,-0.0941
174,174000,-0.100,0.359,11097,-0.0959
175,175000,-0.100,0.322,11102,-0.0977
176,176000,-0.100,0.381,11094,-0.0948
177,177000,-0.100,0.286,11107,-0.0996
178,178000,-0.100,0.410,11090,-0.0934
179,179000,-0.100,0.337,11100,-0.0970
180,180000,-0.100,0.352,11098,-0.0963
181,181000,-0.100,0.308,11104,-0.0985
182,182000,-0.100,0.308,11104,-0.0985
183,183000,-0.100,-0.461,11136,-0.1101
184,184000,-0.100,0.308,11104,-0.0985
185,185000,-0.100,0.352,11098,-0.0963
186,186000,-0.100,0.308,11104,-0.0985
187,187000,-0.100,0.330,11101,-0.0974
188,188000,-0.100,0.308,11104,-0.0985
189,189000,-0.100,0.395,11092,-0.0941
190,190000,-0.100,0.308,11104,-0.0985
191,191000,-0.100,-0.359,11122,-0.1050
192,192000,-0.100,-0.287,11112,-0.1014
193,193000,-0.100,-0.287,11112,-0.1014
194,194000,-0.100,-0.287,11112,-0.1014
195,195000,-0.100,0.308,11104,-0.0985
196,196000,-0.100,-0.330,11118,-0.1036
197,197000,-0.100,-0.272,11110,-0.1006
198,198000,-0.100,0.366,11096,-0.0955
199,199000,-0.100,0.439,11086,-0.0919
200,200000,-0.100,-0.345,11120,-0.1043
201,201000,-0.100,-0.345,11120,-0.1043
202,202000,-0.100,-0.308,11115,-0.1025
203,203000,-0.100,-0.330,11118,-0.1036
204,204000,-0.100,0.293,11106,-0.0992
205,205000,-0.100,-0.447,11134,-0.1094
206,206000,-0.100,-0.287,11112,-0.1014
207,207000,-0.100,-0.301,11114,-0.1021
208,208000,-0.100,0.286,11107,-0.0996
209,209000,-0.100,-0.287,11112,-0.1014
210,210000,-0.100,0.279,11108,-0.0999
211,211000,-0.100,-0.272,11110,-0.1006
212,212000,-0.100,-0.301,11114,-0.1021
213,213000,-0.100,-0.287,11112,-0.1014
214,214000,-0.100,-0.316,11116,-0.1028
215,215000,-0.100,0.352,11098,-0.0963
216,216000,-0.100,0.293,11106,-0.0992
217,217000,-0.100,-0.316,11116,-0.1028
218,218000,-0.100,-0.308,11115,-0.1025
219,219000,-0.100,-0.308,11115,-0.1025
220,220000,-0.100,-0.301,11114,-0.1021
221,221000,-0.100,-0.272,11110,-0.1006
222,222000,-0.100,-0.294,11113,-0.1017
223,223000,-0.100,-0.272,11110,-0.1006
224,224000,-0.100,0.279,11108,-0.0999
225,225000,-0.100,-0.345,11120,-0.1043
226,226000,-0.100,-0.272,11110,-0.1006
227,227000,-0.100,-0.287,11112,-0.1014
228,228000,-0.100,0.286,11107,-0.0996
229,229000,-0.100,-0.330,11118,-0.1036
230,230000,-0.100,-0.301,11114,-0.1021
231,231000,-0.100,0.279,11108,-0.0999
232,232000,-0.100,-0.265,11109,-0.1003
233,233000,-0.100,0.279,11108,-0.0999
234,234000,-0.100,-0.308,11115,-0.1025
235,235000,-0.100,0.279,11108,-0.0999
236,236000,-0.100,-0.549,11148,-0.1145
237,237000,-0.100,-0.520,11144,-0.1130
238,238000,-0.100,-0.287,11112,-0.1014
239,239000,-0.100,0.286,11107,-0.0996
240,240000,-0.100,0.293,11106,-0.0992
241,241000,-0.100,-0.316,11116,-0.1028
242,242000,-0.100,0.497,11078,-0.0890
243,243000,-0.100,-0.294,11113,-0.1017
244,244000,-0.100,0.293,11106,-0.0992
245,245000,-0.100,0.293,11106,-0.0992
246,246000,-0.100,-0.272,11110,-0.1006
247,247000,-0.100,-0.287,11112,-0.1014
248,248000,-0.100,-0.272,11110,-0.1006
249,249000,-0.100,-0.301,11114,-0.1021
250,250000,-0.100,-0.287,11112,-0.1014
251,251000,-0.100,-0.316,11116,-0.1028
252,252000,-0.100,-0.272,11110,-0.1006
253,253000,-0.100,-0.534,11146,-0.1138
254,254000,-0.100,-0.301,11114,-0.1021
255,255000,-0.100,-0.301,11114,-0.1021
256,256000,-0.100,-0.308,11115,-0.1025
257,257000,-0.100,-0.316,11116,-0.1028
258,258000,-0.100,-0.330,11118,-0.1036
259,259000,-0.100,-0.272,11110,-0.1006
260,260000,-0.100,0.279,11108,-0.0999
261,261000,-0.100,-0.316,11116,-0.1028
262,262000,-0.100,-0.272,11110,-0.1006
263,263000,-0.100,-0.301,11114,-0.1021
264,264000,-0.100,0.308,11104,-0.0985
265,265000,-0.100,-0.287,11112,-0.1014
266,266000,-0.100,-0.359,11122,-0.1050
267,267000,-0.100,-0.330,11118,-0.1036
268,268000,-0.100,-0.272,11110,-0.1006
269,269000,-0.100,-0.483,11139,-0.1112
270,270000,-0.100,-0.272,11110,-0.1006
271,271000,-0.100,-0.308,11115,-0.1025
272,272000,-0.100,-0.330,11118,-0.1036
273,273000,-0.100,-0.301,11114,-0.1021
274,274000,-0.100,-0.287,11112,-0.1014
275,275000,-0.100,-0.272,11110,-0.1006
276,276000,-0.100,0.366,11096,-0.0955
277,277000,-0.100,-0.301,11114,-0.1021
278,278000,-0.100,0.279,11108,-0.0999
279,279000,-0.100,-0.308,11115,-0.1025
280,280000,-0.100,-0.287,11112,-0.1014
281,281000,-0.100,0.279,11108,-0.0999
282,282000,-0.100,0.366,11096,-0.0955
283,283000,-0.100,0.286,11107,-0.0996
284,284000,-0.100,0.337,11100,-0.0970
285,285000,-0.100,-0.345,11120,-0.1043
286,286000,-0.100,0.279,11108,-0.0999
287,287000,-0.100,0.279,11108,-0.0999
288,288000,-0.100,0.366,11096,-0.0955
289,289000,-0.100,0.322,11102,-0.0977
290,290000,-0.100,0.293,11106,-0.0992
291,291000,-0.100,0.308,11104,-0.0985
292,292000,-0.100,0.279,11108,-0.0999
293,293000,-0.100,-0.301,11114,-0.1021
294,294000,-0.100,-0.272,11110,-0.1006
295,295000,-0.100,-0.272,11110,-0.1006
296,296000,-0.100,0.293,11106,-0.0992
297,297000,-0.100,0.279,11108,-0.0999
298,298000,-0.100,-0.287,11112,-0.1014
299,299000,-0.100,-0.294,11113,-0.1017
300,300000,-0.100,-0.374,11124,-0.1058
301,301000,-0.100,-0.345,11120,-0.1043
302,302000,-0.100,-0.287,11112,-0.1014
303,303000,-0.100,0.344,11099,-0.0966
304,304000,-0.100,-0.272,11110,-0.1006
305,305000,-0.100,0.293,11106,-0.0992
306,306000,-0.100,0.279,11108,-0.0999
307,307000,-0.100,0.366,11096,-0.0955
308,308000,-0.100,-0.374,11124,-0.1058
309,309000,-0.100,-0.323,11117,-0.1032
310,310000,-0.100,0.461,11083,-0.0908
311,311000,-0.100,-0.287,11112,-0.1014
312,312000,-0.100,0.337,11100,-0.0970
313,313000,-0.100,-0.287,11112,-0.1014
314,314000,-0.100,0.279,11108,-0.0999
315,315000,-0.100,0.293,11106,-0.0992
316,316000,-0.100,0.293,11106,-0.0992
317,317000,-0.100,-0.345,11120,-0.1043
318,318000,-0.100,-0.272,11110,-0.1006
319,319000,-0.100,0.293,11106,-0.0992
320,320000,-0.100,-0.272,11110,-0.1006
321,321000,-0.100,0.381,11094,-0.0948
322,322000,-0.100,0.293,11106,-0.0992
323,323000,-0.100,0.337,11100,-0.0970
324,324000,-0.100,-0.265,11109,-0.1003
325,325000,-0.100,-0.287,11112,-0.1014
326,326000,-0.100,0.352,11098,-0.0963
327,327000,-0.100,-0.272,11110,-0.1006
328,328000,-0.100,0.286,11107,-0.0996
329,329000,-0.100,0.308,11104,-0.0985
330,330000,-0.100,-0.272,11110,-0.1006
331,331000,-0.100,-0.272,11110,-0.1006
332,332000,-0.100,0.293,11106,-0.0992
333,333000,-0.100,0.293,11106,-0.0992
334,334000,-0.100,0.381,11094,-0.0948
335,335000,-0.100,0.293,11106,-0.0992
336,336000,-0.100,0.322,11102,-0.0977
337,337000,-0.100,-0.301,11114,-0.1021
338,338000,-0.100,-0.272,11110,-0.1006
339,339000,-0.100,0.322,11102,-0.0977
340,340000,-0.100,0.293,11106,-0.0992
341,341000,-0.100,0.286,11107,-0.0996
342,342000,-0.100,0.497,11078,-0.0890
343,343000,-0.100,0.454,11084,-0.0912
344,344000,-0.100,0.279,11108,-0.0999
345,345000,-0.100,-0.272,11110,-0.1006
346,346000,-0.100,0.293,11106,-0.0992
347,347000,-0.100,0.279,11108,-0.0999
348,348000,-0.100,0.293,11106,-0.0992
349,349000,-0.100,-0.352,11121,-0.1047
350,350000,-0.100,-0.272,11110,-0.1006
351,351000,-0.100,-0.301,11114,-0.1021
352,352000,-0.100,-0.316,11116,-0.1028
353,353000,-0.100,0.308,11104,-0.0985
354,354000,-0.100,-0.272,11110,-0.1006
355,355000,-0.100,0.344,11099,-0.0966
356,356000,-0.100,0.308,11104,-0.0985
357,357000,-0.100,0.322,11102,-0.0977
358,358000,-0.100,0.279,11108,-0.0999
359,359000,-0.100,0.286,11107,-0.0996
360,360000,-0.100,0.585,11066,-0.0846
361,361000,-0.100,-0.345,11120,-0.1043
362,362000,-0.100,0.293,11106,-0.0992
363,363000,-0.100,-0.272,11110,-0.1006
364,364000,-0.100,-0.287,11112,-0.1014
365,365000,-0.100,-0.287,11112,-0.1014
366,366000,-0.100,0.279,11108,-0.0999
367,367000,-0.100,-0.294,11113,-0.1017
368,368000,-0.100,-0.418,11130,-0.1079
369,369000,-0.100,0.308,11104,-0.0985
370,370000,-0.100,0.279,11108,-0.0999
371,371000,-0.100,0.293,11106,-0.0992
372,372000,-0.100,0.322,11102,-0.0977
373,373000,-0.100,-0.287,11112,-0.1014
374,374000,-0.100,0.308,11104,-0.0985
375,375000,-0.100,-0.272,11110,-0.1006
376,376000,-0.100,0.293,11106,-0.0992
377,377000,-0.100,-0.287,11112,-0.1014
378,378000,-0.100,0.279,11108,-0.0999
379,379000,-0.100,-0.272,11110,-0.1006
380,380000,-0.100,0.279,11108,-0.0999
381,381000,-0.100,-0.389,11126,-0.1065
382,382000,-0.100,0.286,11107,-0.0996
383,383000,-0.100,-0.272,11110,-0.1006
384,384000,-0.100,0.279,11108,-0.0999
385,385000,-0.100,0.293,11106,-0.0992
386,386000,-0.100,0.337,11100,-0.0970
387,387000,-0.100,0.279,11108,-0.0999
388,388000,-0.100,0.279,11108,-0.0999
389,389000,-0.100,0.279,11108,-0.0999
390,390000,-0.100,0.293,11106,-0.0992
391,391000,-0.100,-0.272,11110,-0.1006
392,392000,-0.100,-0.272,11110,-0.1006
393,393000,-0.100,0.330,11101,-0.0974
394,394000,-0.100,0.322,11102,-0.0977
395,395000,-0.100,-0.345,11120,-0.1043
396,396000,-0.100,-0.265,11109,-0.1003
397,397000,-0.100,0.286,11107,-0.0996
398,398000,-0.100,0.286,11107,-0.0996
399,399000,-0.100,0.293,11106,-0.0992
400,400000,-0.100,0.286,11107,-0.0996
401,401000,-0.100,-0.272,11110,-0.1006
402,402000,-0.100,0.293,11106,-0.0992
403,403000,-0.100,0.308,11104,-0.0985
404,404000,-0.100,0.293,11106,-0.0992
405,405000,-0.100,-0.265,11109,-0.1003
406,406000,-0.100,0.279,11108,-0.0999
407,407000,-0.100,0.308,11104,-0.0985
408,408000,-0.100,-0.374,11124,-0.1058
409,409000,-0.100,-0.272,11110,-0.1006
410,410000,-0.100,-0.265,11109,-0.1003
411,411000,-0.100,0.293,11106,-0.0992
412,412000,-0.100,-0.359,11122,-0.1050
413,413000,-0.100,0.424,11088,-0.0926
414,414000,-0.100,0.286,11107,-0.0996
415,415000,-0.100,0.293,11106,-0.0992
416,416000,-0.100,0.286,11107,-0.0996
417,417000,-0.100,0.293,11106,-0.0992
418,418000,-0.100,0.293,11106,-0.0992
419,419000,-0.100,0.330,11101,-0.0974
420,420000,-0.100,0.293,11106,-0.0992
421,421000,-0.100,-0.287,11112,-0.1014
422,422000,-0.100,0.308,11104,-0.0985
423,423000,-0.100,0.286,11107,-0.0996
424,424000,-0.100,0.279,11108,-0.0999
425,425000,-0.100,0.308,11104,-0.0985
426,426000,-0.100,0.308,11104,-0.0985
427,427000,-0.100,0.293,11106,-0.0992
428,428000,-0.100,0.293,11106,-0.0992
429,429000,-0.100,0.286,11107,-0.0996
430,430000,-0.100,0.279,11108,-0.0999
431,431000,-0.100,0.293,11106,-0.0992
432,432000,-0.100,0.308,11104,-0.0985
433,433000,-0.100,-0.316,11116,-0.1028
434,434000,-0.100,-0.308,11115,-0.1025
435,435000,-0.100,0.308,11104,-0.0985
436,436000,-0.100,-0.389,11126,-0.1065
437,437000,-0.100,0.286,11107,-0.0996
438,438000,-0.100,-0.301,11114,-0.1021
439,439000,-0.100,0.322,11102,-0.0977
440,440000,-0.100,0.293,11106,-0.0992
441,441000,-0.100,0.308,11104,-0.0985
442,442000,-0.100,-0.301,11114,-0.1021
443,443000,-0.100,-0.287,11112,-0.1014
444,444000,-0.100,-0.272,11110,-0.1006
445,445000,-0.100,-0.272,11110,-0.1006
446,446000,-0.100,-0.287,11112,-0.1014
447,447000,-0.100,-0.301,11114,-0.1021
448,448000,-0.100,-0.272,11110,-0.1006
449,449000,-0.100,0.293,11106,-0.0992
450,450000,-0.100,0.279,11108,-0.0999
451,451000,-0.100,0.286,11107,-0.0996
452,452000,-0.100,-0.287,11112,-0.1014
453,453000,-0.100,-0.272,11110,-0.1006
454,454000,-0.100,-0.287,11112,-0.1014
455,455000,-0.100,0.293,11106,-0.0992
456,456000,-0.100,0.279,11108,-0.0999
457,457000,-0.100,0.381,11094,-0.0948
458,458000,-0.100,0.293,11106,-0.0992
459,459000,-0.100,0.279,11108,-0.0999
460,460000,-0.100,-0.287,11112,-0.1014
461,461000,-0.100,-0.287,11112,-0.1014
462,462000,-0.100,0.322,11102,-0.0977
463,463000,-0.100,0.286,11107,-0.0996
464,464000,-0.100,-0.272,11110,-0.1006
465,465000,-0.100,-0.301,11114,-0.1021
466,466000,-0.100,0.322,11102,-0.0977
467,467000,-0.100,0.286,11107,-0.0996
468,468000,-0.100,-0.483,11139,-0.1112
469,469000,-0.100,0.279,11108,-0.0999
470,470000,-0.100,0.308,11104,-0.0985
471,471000,-0.100,-0.287,11112,-0.1014
472,472000,-0.100,0.293,11106,-0.0992
473,473000,-0.100,0.293,11106,-0.0992
474,474000,-0.100,0.308,11104,-0.0985
475,475000,-0.100,0.286,11107,-0.0996
476,476000,-0.100,0.308,11104,-0.0985
477,477000,-0.100,-0.352,11121,-0.1047
478,478000,-0.100,0.279,11108,-0.0999
479,479000,-0.100,-0.287,11112,-0.1014
480,480000,-0.100,-0.301,11114,-0.1021
481,481000,-0.100,-0.359,11122,-0.1050
482,482000,-0.100,0.322,11102,-0.0977
483,483000,-0.100,0.337,11100,-0.0970
484,484000,-0.100,0.308,11104,-0.0985
485,485000,-0.100,0.293,11106,-0.0992
486,486000,-0.100,0.643,11058,-0.0817
487,487000,-0.100,0.286,11107,-0.0996
488,488000,-0.100,-0.330,11118,-0.1036
489,489000,-0.100,0.352,11098,-0.0963
490,490000,-0.100,-0.272,11110,-0.1006
491,491000,-0.100,-0.301,11114,-0.1021
492,492000,-0.100,0.279,11108,-0.0999
493,493000,-0.100,0.279,11108,-0.0999
494,494000,-0.100,0.279,11108,-0.0999
495,495000,-0.100,-0.330,11118,-0.1036
496,496000,-0.100,0.279,11108,-0.0999
497,497000,-0.100,-0.287,11112,-0.1014
498,498000,-0.100,-0.308,11115,-0.1025
499,499000,-0.100,-0.578,11152,-0.1160
500,500000,-0.100,0.308,11104,-0.0985
501,501000,-0.100,0.417,11089,-0.0930
502,502000,-0.100,-0.287,11112,-0.1014
503,503000,-0.100,-0.418,11130,-0.1079
504,504000,-0.100,-0.272,11110,-0.1006
505,505000,-0.100,-0.272,11110,-0.1006
506,506000,-0.100,-0.287,11112,-0.1014
507,507000,-0.100,0.279,11108,-0.0999
508,508000,-0.100,0.293,11106,-0.0992
509,509000,-0.100,-0.287,11112,-0.1014
510,510000,-0.100,0.293,11106,-0.0992
511,511000,-0.100,-0.272,11110,-0.1006
512,512000,-0.100,0.279,11108,-0.0999
513,513000,-0.100,-0.287,11112,-0.1014
514,514000,-0.100,-0.301,11114,-0.1021
515,515000,-0.100,0.293,11106,-0.0992
516,516000,-0.100,-0.265,11109,-0.1003
517,517000,-0.100,-0.345,11120,-0.1043
518,518000,-0.100,-0.287,11112,-0.1014
519,519000,-0.100,-0.578,11152,-0.1160
520,520000,-0.100,-0.287,11112,-0.1014
521,521000,-0.100,-0.316,11116,-0.1028
522,522000,-0.100,0.293,11106,-0.0992
523,523000,-0.100,0.286,11107,-0.0996
524,524000,-0.100,0.279,11108,-0.0999
525,525000,-0.100,-0.505,11142,-0.1123
526,526000,-0.100,0.352,11098,-0.0963
527,527000,-0.100,-0.301,11114,-0.1021
528,528000,-0.100,-0.272,11110,-0.1006
529,529000,-0.100,-0.316,11116,-0.1028
530,530000,-0.100,-0.301,11114,-0.1021
531,531000,-0.100,0.279,11108,-0.0999
532,532000,-0.100,-0.279,11111,-0.1010
533,533000,-0.100,0.286,11107,-0.0996
534,534000,-0.100,0.322,11102,-0.0977
535,535000,-0.100,-0.359,11122,-0.1050
536,536000,-0.100,0.286,11107,-0.0996
537,537000,-0.100,-0.330,11118,-0.1036
538,538000,-0.100,0.279,11108,-0.0999
539,539000,-0.100,-0.316,11116,-0.1028
540,540000,-0.100,-0.287,11112,-0.1014
541,541000,-0.100,-0.476,11138,-0.1109
542,542000,-0.100,0.308,11104,-0.0985
543,543000,-0.100,0.366,11096,-0.0955
544,544000,-0.100,-0.265,11109,-0.1003
545,545000,-0.100,0.286,11107,-0.0996
546,546000,-0.100,-0.301,11114,-0.1021
547,547000,-0.100,0.308,11104,-0.0985
548,548000,-0.100,0.293,11106,-0.0992
549,549000,-0.100,0.293,11106,-0.0992
550,550000,-0.100,-0.287,11112,-0.1014
551,551000,-0.100,0.308,11104,-0.0985
552,552000,-0.100,0.279,11108,-0.0999
553,553000,-0.100,-0.265,11109,-0.1003
554,554000,-0.100,0.322,11102,-0.0977
555,555000,-0.100,-0.272,11110,-0.1006
556,556000,-0.100,-0.272,11110,-0.1006
557,557000,-0.100,-0.345,11120,-0.1043
558,558000,-0.100,0.293,11106,-0.0992
559,559000,-0.100,-0.330,11118,-0.1036
560,560000,-0.100,-0.287,11112,-0.1014
561,561000,-0.100,0.359,11097,-0.0959
562,562000,-0.100,0.337,11100,-0.0970
563,563000,-0.100,0.293,11106,-0.0992
564,564000,-0.100,-0.272,11110,-0.1006
565,565000,-0.100,-0.272,11110,-0.1006
566,566000,-0.100,0.286,11107,-0.0996
567,567000,-0.100,-0.316,11116,-0.1028
568,568000,-0.100,0.279,11108,-0.0999
569,569000,-0.100,0.279,11108,-0.0999
570,570000,-0.100,-0.287,11112,-0.1014
571,571000,-0.100,0.308,11104,-0.0985
572,572000,-0.100,0.308,11104,-0.0985
573,573000,-0.100,-0.323,11117,-0.1032
574,574000,-0.100,0.279,11108,-0.0999
575,575000,-0.100,0.293,11106,-0.0992
576,576000,-0.100,0.279,11108,-0.0999
577,577000,-0.100,-0.272,11110,-0.1006
578,578000,-0.100,0.293,11106,-0.0992
579,579000,-0.100,-0.265,11109,-0.1003
580,580000,-0.100,0.701,11050,-0.0788
581,581000,-0.100,0.279,11108,-0.0999
582,582000,-0.100,-0.330,11118,-0.1036
583,583000,-0.100,-0.272,11110,-0.1006
584,584000,-0.100,0.286,11107,-0.0996
585,585000,-0.100,0.308,11104,-0.0985
586,586000,-0.100,-0.308,11115,-0.1025
587,587000,-0.100,0.308,11104,-0.0985
588,588000,-0.100,-0.287,11112,-0.1014
589,589000,-0.100,0.585,11066,-0.0846
590,590000,-0.100,0.322,11102,-0.0977
591,591000,-0.100,-0.345,11120,-0.1043
592,592000,-0.100,-0.272,11110,-0.1006
593,593000,-0.100,0.293,11106,-0.0992
594,594000,-0.100,0.308,11104,-0.0985
595,595000,-0.100,-0.287,11112,-0.1014
596,596000,-0.100,-0.272,11110,-0.1006
597,597000,-0.100,-0.287,11112,-0.1014
598,598000,-0.100,0.373,11095,-0.0952
599,599000,-0.100,-0.287,11112,-0.1014
# end capture 2
# batch capture 2/5
# capture 3 kp=-20.00 dir=+ dt_us=1000 samples=600 sat=0
0,0,0.100,-4.214,11102,-0.0977
1,1000,0.100,-4.257,11108,-0.0999
2,2000,0.100,-4.447,11134,-0.1094
3,3000,0.100,-4.308,11115,-0.1025
4,4000,0.100,-4.243,11106,-0.0992
5,5000,0.100,-4.250,11107,-0.0996
6,6000,0.100,-4.359,11122,-0.1050
7,7000,0.100,-4.228,11104,-0.0985
8,8000,0.100,-4.155,11094,-0.0948
9,9000,0.100,-4.133,11091,-0.0937
10,10000,0.100,-4.024,11076,-0.0883
11,11000,0.100,-4.075,11083,-0.0908
12,12000,0.100,-3.951,11066,-0.0846
13,13000,0.100,-3.951,11066,-0.0846
14,14000,0.100,-3.783,11043,-0.0762
15,15000,0.100,-3.842,11051,-0.0791
16,16000,0.100,-3.754,11039,-0.0748
17,17000,0.100,-3.652,11025,-0.0697
18,18000,0.100,-3.492,11003,-0.0616
19,19000,0.100,-3.703,11032,-0.0722
20,20000,0.100,-3.412,10992,-0.0576
21,21000,0.100,-3.047,10942,-0.0394
22,22000,0.100,-3.295,10976,-0.0518
23,23000,0.100,-3.033,10940,-0.0387
24,24000,0.100,-3.076,10946,-0.0409
25,25000,0.100,-2.989,10934,-0.0365
26,26000,0.100,-2.901,10922,-0.0321
27,27000,0.100,-2.872,10918,-0.0307
28,28000,0.100,-2.792,10907,-0.0266
29,29000,0.100,-2.734,10899,-0.0237
30,30000,0.100,-2.551,10874,-0.0146
31,31000,0.100,-2.551,10874,-0.0146
32,32000,0.100,-2.442,10859,-0.0092
33,33000,0.100,-2.376,10850,-0.0059
34,34000,0.100,-2.333,10844,-0.0037
35,35000,0.100,-2.304,10840,-0.0022
36,36000,0.100,-2.099,10812,0.0080
37,37000,0.100,-2.012,10800,0.0124
38,38000,0.100,-1.990,10797,0.0134
39,39000,0.100,-1.917,10787,0.0171
40,40000,0.100,-1.844,10777,0.0207
41,41000,0.100,-1.604,10744,0.0328
42,42000,0.100,-1.764,10766,0.0247
43,43000,0.100,-1.604,10744,0.0328
44,44000,0.100,-1.487,10728,0.0386
45,45000,0.100,-1.487,10728,0.0386
46,46000,0.100,-1.414,10718,0.0422
47,47000,0.100,-1.327,10706,0.0466
48,48000,0.100,-1.239,10694,0.0510
49,49000,0.100,-1.166,10684,0.0546
50,50000,0.100,-1.152,10682,0.0554
51,51000,0.100,-1.028,10665,0.0616
52,52000,0.100,-1.064,10670,0.0597
53,53000,0.100,-0.860,10642,0.0699
54,54000,0.100,-0.845,10640,0.0707
55,55000,0.100,-0.809,10635,0.0725
56,56000,0.100,-0.794,10633,0.0732
57,57000,0.100,-0.641,10612,0.0809
58,58000,0.100,-0.488,10591,0.0885
59,59000,0.100,-0.641,10612,0.0809
60,60000,0.100,-0.525,10596,0.0867
61,61000,0.100,-0.335,10570,0.0962
62,62000,0.100,-0.496,10592,0.0882
63,63000,0.100,-0.335,10570,0.0962
64,64000,0.100,-0.306,10566,0.0977
65,65000,0.100,-0.277,10562,0.0991
66,66000,0.100,0.339,10551,0.1031
67,67000,0.100,0.369,10547,0.1046
68,68000,0.100,0.449,10536,0.1086
69,69000,0.100,0.427,10539,0.1075
70,70000,0.100,0.434,10538,0.1079
71,71000,0.100,0.492,10530,0.1108
72,72000,0.100,0.551,10522,0.1137
73,73000,0.100,0.492,10530,0.1108
74,74000,0.100,0.507,10528,0.1115
75,75000,0.100,0.624,10512,0.1173
76,76000,0.100,0.624,10512,0.1173
77,77000,0.100,0.565,10520,0.1144
78,78000,0.100,0.638,10510,0.1181
79,79000,0.100,0.667,10506,0.1195
80,80000,0.100,0.726,10498,0.1224
81,81000,0.100,0.762,10493,0.1243
82,82000,0.100,0.624,10512,0.1173
83,83000,0.100,0.697,10502,0.1210
84,84000,0.100,0.682,10504,0.1203
85,85000,0.100,0.697,10502,0.1210
86,86000,0.100,0.799,10488,0.1261
87,87000,0.100,0.726,10498,0.1224
88,88000,0.100,0.682,10504,0.1203
89,89000,0.100,0.726,10498,0.1224
90,90000,0.100,0.740,10496,0.1232
91,91000,0.100,0.682,10504,0.1203
92,92000,0.100,0.682,10504,0.1203
93,93000,0.100,0.697,10502,0.1210
94,94000,0.100,0.697,10502,0.1210
95,95000,0.100,0.580,10518,0.1151
96,96000,0.100,0.697,10502,0.1210
97,97000,0.100,0.762,10493,0.1243
98,98000,0.100,1.251,10426,0.1487
99,99000,0.100,0.755,10494,0.1239
100,100000,0.100,0.755,10494,0.1239
101,101000,0.100,0.638,10510,0.1181
102,102000,0.100,0.726,10498,0.1224
103,103000,0.100,0.784,10490,0.1254
104,104000,0.100,0.740,10496,0.1232
105,105000,0.100,0.718,10499,0.1221
106,106000,0.100,0.609,10514,0.1166
107,107000,0.100,0.726,10498,0.1224
108,108000,0.100,0.667,10506,0.1195
109,109000,0.100,0.726,10498,0.1224
110,110000,0.100,0.682,10504,0.1203
111,111000,0.100,0.624,10512,0.1173
112,112000,0.100,0.638,10510,0.1181
113,113000,0.100,0.580,10518,0.1151
114,114000,0.100,0.492,10530,0.1108
115,115000,0.100,0.551,10522,0.1137
116,116000,0.100,0.602,10515,0.1162
117,117000,0.100,0.514,10527,0.1119
118,118000,0.100,0.485,10531,0.1104
119,119000,0.100,0.544,10523,0.1133
120,120000,0.100,0.449,10536,0.1086
121,121000,0.100,0.536,10524,0.1130
122,122000,0.100,0.507,10528,0.1115
123,123000,0.100,0.427,10539,0.1075
124,124000,0.100,0.624,10512,0.1173
125,125000,0.100,0.463,10534,0.1093
126,126000,0.100,0.427,10539,0.1075
127,127000,0.100,0.485,10531,0.1104
128,128000,0.100,0.390,10544,0.1057
129,129000,0.100,0.347,10550,0.1035
130,130000,0.100,0.317,10554,0.1020
131,131000,0.100,0.347,10550,0.1035
132,132000,0.100,0.361,10548,0.1042
133,133000,0.100,0.288,10558,0.1006
134,134000,0.100,-0.291,10564,0.0984
135,135000,0.100,0.296,10557,0.1009
136,136000,0.100,0.288,10558,0.1006
137,137000,0.100,0.317,10554,0.1020
138,138000,0.100,-0.262,10560,0.0998
139,139000,0.100,-0.262,10560,0.0998
140,140000,0.100,-0.262,10560,0.0998
141,141000,0.100,-0.313,10567,0.0973
142,142000,0.100,-0.306,10566,0.0977
143,143000,0.100,-0.284,10563,0.0987
144,144000,0.100,-0.379,10576,0.0940
145,145000,0.100,0.317,10554,0.1020
146,146000,0.100,-0.313,10567,0.0973
147,147000,0.100,0.347,10550,0.1035
148,148000,0.100,-0.284,10563,0.0987
149,149000,0.100,-0.335,10570,0.0962
150,150000,0.100,-0.393,10578,0.0933
151,151000,0.100,0.303,10556,0.1013
152,152000,0.100,-0.291,10564,0.0984
153,153000,0.100,0.317,10554,0.1020
154,154000,0.100,-0.321,10568,0.0969
155,155000,0.100,0.449,10536,0.1086
156,156000,0.100,-0.321,10568,0.0969
157,157000,0.100,-0.342,10571,0.0958
158,158000,0.100,-0.335,10570,0.0962
159,159000,0.100,-0.321,10568,0.0969
160,160000,0.100,-0.335,10570,0.0962
161,161000,0.100,-0.350,10572,0.0955
162,162000,0.100,-0.364,10574,0.0947
163,163000,0.100,-0.379,10576,0.0940
164,164000,0.100,-0.350,10572,0.0955
165,165000,0.100,-0.350,10572,0.0955
166,166000,0.100,-0.379,10576,0.0940
167,167000,0.100,-0.306,10566,0.0977
168,168000,0.100,-0.342,10571,0.0958
169,169000,0.100,-0.342,10571,0.0958
170,170000,0.100,-0.335,10570,0.0962
171,171000,0.100,-0.321,10568,0.0969
172,172000,0.100,-0.328,10569,0.0966
173,173000,0.100,0.288,10558,0.1006
174,174000,0.100,-0.386,10577,0.0936
175,175000,0.100,-0.335,10570,0.0962
176,176000,0.100,-0.321,10568,0.0969
177,177000,0.100,-0.452,10586,0.0904
178,178000,0.100,-0.350,10572,0.0955
179,179000,0.100,-0.321,10568,0.0969
180,180000,0.100,-0.379,10576,0.0940
181,181000,0.100,-0.335,10570,0.0962
182,182000,0.100,-0.525,10596,0.0867
183,183000,0.100,0.303,10556,0.1013
184,184000,0.100,-0.335,10570,0.0962
185,185000,0.100,-0.364,10574,0.0947
186,186000,0.100,-0.393,10578,0.0933
187,187000,0.100,-0.306,10566,0.0977
188,188000,0.100,-0.379,10576,0.0940
189,189000,0.100,-0.342,10571,0.0958
190,190000,0.100,-0.306,10566,0.0977
191,191000,0.100,0.310,10555,0.1017
192,192000,0.100,-0.291,10564,0.0984
193,193000,0.100,-0.284,10563,0.0987
194,194000,0.100,-0.306,10566,0.0977
195,195000,0.100,-0.277,10562,0.0991
196,196000,0.100,-0.306,10566,0.0977
197,197000,0.100,-0.496,10592,0.0882
198,198000,0.100,0.376,10546,0.1049
199,199000,0.100,-0.284,10563,0.0987
200,200000,0.100,0.317,10554,0.1020
201,201000,0.100,-0.270,10561,0.0995
202,202000,0.100,0.565,10520,0.1144
203,203000,0.100,0.310,10555,0.1017
204,204000,0.100,0.332,10552,0.1028
205,205000,0.100,-0.321,10568,0.0969
206,206000,0.100,0.310,10555,0.1017
207,207000,0.100,0.317,10554,0.1020
208,208000,0.100,0.347,10550,0.1035
209,209000,0.100,-0.277,10562,0.0991
210,210000,0.100,-0.350,10572,0.0955
211,211000,0.100,0.361,10548,0.1042
212,212000,0.100,0.288,10558,0.1006
213,213000,0.100,-0.335,10570,0.0962
214,214000,0.100,0.296,10557,0.1009
215,215000,0.100,-0.321,10568,0.0969
216,216000,0.100,0.507,10528,0.1115
217,217000,0.100,-0.342,10571,0.0958
218,218000,0.100,0.288,10558,0.1006
219,219000,0.100,0.325,10553,0.1024
220,220000,0.100,0.317,10554,0.1020
221,221000,0.100,0.296,10557,0.1009
222,222000,0.100,-0.262,10560,0.0998
223,223000,0.100,0.317,10554,0.1020
224,224000,0.100,-0.321,10568,0.0969
225,225000,0.100,0.332,10552,0.1028
226,226000,0.100,0.565,10520,0.1144
227,227000,0.100,0.580,10518,0.1151
228,228000,0.100,0.332,10552,0.1028
229,229000,0.100,-0.277,10562,0.0991
230,230000,0.100,0.296,10557,0.1009
231,231000,0.100,0.449,10536,0.1086
232,232000,0.100,-0.270,10561,0.0995
233,233000,0.100,0.303,10556,0.1013
234,234000,0.100,0.303,10556,0.1013
235,235000,0.100,-0.262,10560,0.0998
236,236000,0.100,0.303,10556,0.1013
237,237000,0.100,-0.277,10562,0.0991
238,238000,0.100,0.332,10552,0.1028
239,239000,0.100,0.332,10552,0.1028
240,240000,0.100,-0.277,10562,0.0991
241,241000,0.100,-0.284,10563,0.0987
242,242000,0.100,-0.262,10560,0.0998
243,243000,0.100,-0.262,10560,0.0998
244,244000,0.100,0.332,10552,0.1028
245,245000,0.100,-0.262,10560,0.0998
246,246000,0.100,0.332,10552,0.1028
247,247000,0.100,0.427,10539,0.1075
248,248000,0.100,0.310,10555,0.1017
249,249000,0.100,0.390,10544,0.1057
250,250000,0.100,-0.481,10590,0.0889
251,251000,0.100,0.296,10557,0.1009
252,252000,0.100,-0.262,10560,0.0998
253,253000,0.100,0.303,10556,0.1013
254,254000,0.100,0.383,10545,0.1053
255,255000,0.100,-0.393,10578,0.0933
256,256000,0.100,-0.306,10566,0.0977
257,257000,0.100,-0.262,10560,0.0998
258,258000,0.100,0.624,10512,0.1173
259,259000,0.100,-0.408,10580,0.0925
260,260000,0.100,0.303,10556,0.1013
261,261000,0.100,0.288,10558,0.1006
262,262000,0.100,-0.335,10570,0.0962
263,263000,0.100,0.310,10555,0.1017
264,264000,0.100,0.369,10547,0.1046
265,265000,0.100,0.288,10558,0.1006
266,266000,0.100,0.449,10536,0.1086
267,267000,0.100,0.317,10554,0.1020
268,268000,0.100,0.361,10548,0.1042
269,269000,0.100,-0.445,10585,0.0907
270,270000,0.100,0.288,10558,0.1006
271,271000,0.100,0.522,10526,0.1122
272,272000,0.100,-0.262,10560,0.0998
273,273000,0.100,0.288,10558,0.1006
274,274000,0.100,0.325,10553,0.1024
275,275000,0.100,-0.342,10571,0.0958
276,276000,0.100,0.332,10552,0.1028
277,277000,0.100,-0.262,10560,0.0998
278,278000,0.100,0.310,10555,0.1017
279,279000,0.100,0.288,10558,0.1006
280,280000,0.100,0.332,10552,0.1028
281,281000,0.100,0.361,10548,0.1042
282,282000,0.100,0.296,10557,0.1009
283,283000,0.100,0.376,10546,0.1049
284,284000,0.100,-0.321,10568,0.0969
285,285000,0.100,0.288,10558,0.1006
286,286000,0.100,0.332,10552,0.1028
287,287000,0.100,0.325,10553,0.1024
288,288000,0.100,0.317,10554,0.1020
289,289000,0.100,-0.306,10566,0.0977
290,290000,0.100,0.288,10558,0.1006
291,291000,0.100,-0.350,10572,0.0955
292,292000,0.100,0.332,10552,0.1028
293,293000,0.100,-0.277,10562,0.0991
294,294000,0.100,-0.262,10560,0.0998
295,295000,0.100,0.310,10555,0.1017
296,296000,0.100,0.303,10556,0.1013
297,297000,0.100,-0.262,10560,0.0998
298,298000,0.100,-0.262,10560,0.0998
299,299000,0.100,-0.262,10560,0.0998
300,300000,0.100,-0.262,10560,0.0998
301,301000,0.100,0.347,10550,0.1035
302,302000,0.100,-0.262,10560,0.0998
303,303000,0.100,0.317,10554,0.1020
304,304000,0.100,0.303,10556,0.1013
305,305000,0.100,0.332,10552,0.1028
306,306000,0.100,0.310,10555,0.1017
307,307000,0.100,0.347,10550,0.1035
308,308000,0.100,0.310,10555,0.1017
309,309000,0.100,0.317,10554,0.1020
310,310000,0.100,0.310,10555,0.1017
311,311000,0.100,0.303,10556,0.1013
312,312000,0.100,-0.262,10560,0.0998
313,313000,0.100,-0.291,10564,0.0984
314,314000,0.100,0.310,10555,0.1017
315,315000,0.100,0.288,10558,0.1006
316,316000,0.100,0.303,10556,0.1013
317,317000,0.100,0.288,10558,0.1006
318,318000,0.100,-0.262,10560,0.0998
319,319000,0.100,-0.277,10562,0.0991
320,320000,0.100,0.310,10555,0.1017
321,321000,0.100,-0.262,10560,0.0998
322,322000,0.100,-0.284,10563,0.0987
323,323000,0.100,0.354,10549,0.1038
324,324000,0.100,0.288,10558,0.1006
325,325000,0.100,0.288,10558,0.1006
326,326000,0.100,-0.277,10562,0.0991
327,327000,0.100,0.332,10552,0.1028
328,328000,0.100,-0.262,10560,0.0998
329,329000,0.100,0.390,10544,0.1057
330,330000,0.100,-0.306,10566,0.0977
331,331000,0.100,-0.262,10560,0.0998
332,332000,0.100,-0.262,10560,0.0998
333,333000,0.100,0.332,10552,0.1028
334,334000,0.100,-0.335,10570,0.0962
335,335000,0.100,-0.554,10600,0.0853
336,336000,0.100,0.332,10552,0.1028
337,337000,0.100,0.303,10556,0.1013
338,338000,0.100,-0.321,10568,0.0969
339,339000,0.100,-0.262,10560,0.0998
340,340000,0.100,0.390,10544,0.1057
341,341000,0.100,-0.598,10606,0.0831
342,342000,0.100,-0.379,10576,0.0940
343,343000,0.100,0.288,10558,0.1006
344,344000,0.100,-0.306,10566,0.0977
345,345000,0.100,0.288,10558,0.1006
346,346000,0.100,0.383,10545,0.1053
347,347000,0.100,0.347,10550,0.1035
348,348000,0.100,-0.510,10594,0.0874
349,349000,0.100,0.303,10556,0.1013
350,350000,0.100,-0.342,10571,0.0958
351,351020,0.100,-0.423,10582,0.0918
352,352000,0.100,-0.277,10562,0.0991
353,353000,0.100,-0.321,10568,0.0969
354,354000,0.100,0.332,10552,0.1028
355,355000,0.100,-0.496,10592,0.0882
356,356000,0.100,0.288,10558,0.1006
357,357000,0.100,-0.262,10560,0.0998
358,358000,0.100,-0.342,10571,0.0958
359,359000,0.100,0.288,10558,0.1006
360,360000,0.100,0.332,10552,0.1028
361,361000,0.100,0.296,10557,0.1009
362,362000,0.100,-0.379,10576,0.0940
363,363000,0.100,-0.306,10566,0.0977
364,364000,0.100,-0.291,10564,0.0984
365,365000,0.100,-0.262,10560,0.0998
366,366000,0.100,0.288,10558,0.1006
367,367000,0.100,-0.270,10561,0.0995
368,368000,0.100,0.310,10555,0.1017
369,369000,0.100,0.303,10556,0.1013
370,370000,0.100,-0.321,10568,0.0969
371,371000,0.100,-0.262,10560,0.0998
372,372000,0.100,0.405,10542,0.1064
373,373000,0.100,-0.277,10562,0.0991
374,374000,0.100,-0.262,10560,0.0998
375,375000,0.100,-0.262,10560,0.0998
376,376000,0.100,-0.262,10560,0.0998
377,377000,0.100,0.369,10547,0.1046
378,378000,0.100,0.303,10556,0.1013
379,379000,0.100,-0.262,10560,0.0998
380,380000,0.100,0.288,10558,0.1006
381,381000,0.100,-0.262,10560,0.0998
382,382000,0.100,-0.262,10560,0.0998
383,383000,0.100,0.303,10556,0.1013
384,384000,0.100,-0.262,10560,0.0998
385,385000,0.100,0.310,10555,0.1017
386,386000,0.100,-0.277,10562,0.0991
387,387000,0.100,0.288,10558,0.1006
388,388000,0.100,-0.270,10561,0.0995
389,389000,0.100,0.281,10559,0.1002
390,390000,0.100,0.310,10555,0.1017
391,391000,0.100,0.317,10554,0.1020
392,392000,0.100,-0.277,10562,0.0991
393,393000,0.100,-0.262,10560,0.0998
394,394000,0.100,-0.284,10563,0.0987
395,395000,0.100,0.347,10550,0.1035
396,396000,0.100,-0.262,10560,0.0998
397,397000,0.100,-0.277,10562,0.0991
398,398000,0.100,0.288,10558,0.1006
399,399000,0.100,-0.306,10566,0.0977
400,400000,0.100,0.376,10546,0.1049
401,401000,0.100,0.288,10558,0.1006
402,402000,0.100,0.441,10537,0.1082
403,403000,0.100,0.303,10556,0.1013
404,404000,0.100,-0.357,10573,0.0951
405,405000,0.100,-0.262,10560,0.0998
406,406000,0.100,-0.335,10570,0.0962
407,407000,0.100,0.354,10549,0.1038
408,408000,0.100,0.317,10554,0.1020
409,409000,0.100,0.288,10558,0.1006
410,410000,0.100,0.303,10556,0.1013
411,411000,0.100,-0.284,10563,0.0987
412,412000,0.100,-0.270,10561,0.0995
413,413000,0.100,0.536,10524,0.1130
414,414000,0.100,0.288,10558,0.1006
415,415000,0.100,-0.321,10568,0.0969
416,416000,0.100,0.799,10488,0.1261
417,417000,0.100,-0.277,10562,0.0991
418,418000,0.100,0.303,10556,0.1013
419,419000,0.100,0.296,10557,0.1009
420,420000,0.100,0.522,10526,0.1122
421,421000,0.100,0.361,10548,0.1042
422,422000,0.100,0.288,10558,0.1006
423,423000,0.100,-0.262,10560,0.0998
424,424000,0.100,-0.262,10560,0.0998
425,425000,0.100,-0.277,10562,0.0991
426,426000,0.100,-0.321,10568,0.0969
427,427000,0.100,0.522,10526,0.1122
428,428000,0.100,0.288,10558,0.1006
429,429000,0.100,0.303,10556,0.1013
430,430000,0.100,0.288,10558,0.1006
431,431000,0.100,0.310,10555,0.1017
432,432000,0.100,-0.357,10573,0.0951
433,433000,0.100,0.288,10558,0.1006
434,434000,0.100,-0.291,10564,0.0984
435,435000,0.100,-0.277,10562,0.0991
436,436000,0.100,0.303,10556,0.1013
437,437000,0.100,0.288,10558,0.1006
438,438000,0.100,0.296,10557,0.1009
439,439000,0.100,-0.262,10560,0.0998
440,440000,0.100,-0.262,10560,0.0998
441,441000,0.100,0.332,10552,0.1028
442,442000,0.100,0.310,10555,0.1017
443,443000,0.100,-0.291,10564,0.0984
444,444000,0.100,0.376,10546,0.1049
445,445000,0.100,0.332,10552,0.1028
446,446000,0.100,0.288,10558,0.1006
447,447000,0.100,-0.262,10560,0.0998
448,448000,0.100,-0.277,10562,0.0991
449,449000,0.100,-0.262,10560,0.0998
450,450000,0.100,-0.277,10562,0.0991
451,451000,0.100,0.288,10558,0.1006
452,452000,0.100,-0.262,10560,0.0998
453,453000,0.100,-0.262,10560,0.0998
454,454000,0.100,0.288,10558,0.1006
455,455000,0.100,-0.335,10570,0.0962
456,456000,0.100,0.288,10558,0.1006
457,457000,0.100,-0.262,10560,0.0998
458,458000,0.100,-0.401,10579,0.0929
459,459000,0.100,0.347,10550,0.1035
460,460000,0.100,0.310,10555,0.1017
461,461000,0.100,-0.350,10572,0.0955
462,462000,0.100,-0.284,10563,0.0987
463,463000,0.100,0.310,10555,0.1017
464,464000,0.100,-0.342,10571,0.0958
465,465000,0.100,-0.262,10560,0.0998
466,466000,0.100,0.339,10551,0.1031
467,467000,0.100,-0.321,10568,0.0969
468,468000,0.100,0.317,10554,0.1020
469,469000,0.100,-0.306,10566,0.0977
470,470000,0.100,0.317,10554,0.1020
471,471000,0.100,0.310,10555,0.1017
472,472000,0.100,-0.262,10560,0.0998
473,473000,0.100,0.332,10552,0.1028
474,474000,0.100,-0.379,10576,0.0940
475,475000,0.100,-0.306,10566,0.0977
476,476000,0.100,-0.270,10561,0.0995
477,477000,0.100,0.317,10554,0.1020
478,478000,0.100,0.310,10555,0.1017
479,479000,0.100,-0.262,10560,0.0998
480,480000,0.100,-0.277,10562,0.0991
481,481000,0.100,-0.328,10569,0.0966
482,482000,0.100,0.288,10558,0.1006
483,483000,0.100,-0.262,10560,0.0998
484,484000,0.100,-0.335,10570,0.0962
485,485000,0.100,0.288,10558,0.1006
486,486000,0.100,0.288,10558,0.1006
487,487000,0.100,0.303,10556,0.1013
488,488000,0.100,-0.262,10560,0.0998
489,489000,0.100,-0.262,10560,0.0998
490,490000,0.100,-0.306,10566,0.0977
491,491000,0.100,0.427,10539,0.1075
492,492000,0.100,-0.277,10562,0.0991
493,493000,0.100,0.288,10558,0.1006
494,494000,0.100,-0.321,10568,0.0969
495,495000,0.100,0.317,10554,0.1020
496,496000,0.100,0.332,10552,0.1028
497,497000,0.100,-0.364,10574,0.0947
498,498000,0.100,-0.277,10562,0.0991
499,499000,0.100,0.376,10546,0.1049
500,500000,0.100,-0.262,10560,0.0998
501,501000,0.100,-0.262,10560,0.0998
502,502000,0.100,0.303,10556,0.1013
503,503000,0.100,0.449,10536,0.1086
504,504000,0.100,-0.306,10566,0.0977
505,505000,0.100,0.281,10559,0.1002
506,506000,0.100,-0.481,10590,0.0889
507,507000,0.100,0.390,10544,0.1057
508,508000,0.100,-0.335,10570,0.0962
509,509000,0.100,-0.262,10560,0.0998
510,510000,0.100,-0.262,10560,0.0998
511,511000,0.100,-0.342,10571,0.0958
512,512000,0.100,-0.277,10562,0.0991
513,513000,0.100,0.449,10536,0.1086
514,514000,0.100,0.288,10558,0.1006
515,515000,0.100,0.303,10556,0.1013
516,516000,0.100,-0.277,10562,0.0991
517,517000,0.100,-0.262,10560,0.0998
518,518000,0.100,-0.277,10562,0.0991
519,519000,0.100,-0.262,10560,0.0998
520,520000,0.100,-0.291,10564,0.0984
521,521000,0.100,0.310,10555,0.1017
522,522000,0.100,0.347,10550,0.1035
523,523000,0.100,-0.262,10560,0.0998
524,524000,0.100,0.288,10558,0.1006
525,525000,0.100,0.507,10528,0.1115
526,526000,0.100,0.317,10554,0.1020
527,527000,0.100,0.296,10557,0.1009
528,528000,0.100,0.303,10556,0.1013
529,529000,0.100,-0.262,10560,0.0998
530,530000,0.100,0.303,10556,0.1013
531,531000,0.100,0.799,10488,0.1261
532,532000,0.100,-0.321,10568,0.0969
533,533000,0.100,-0.277,10562,0.0991
534,534000,0.100,-0.277,10562,0.0991
535,535000,0.100,0.347,10550,0.1035
536,536000,0.100,0.332,10552,0.1028
537,537000,0.100,-0.277,10562,0.0991
538,538000,0.100,-0.262,10560,0.0998
539,539000,0.100,-0.262,10560,0.0998
540,540000,0.100,0.303,10556,0.1013
541,541000,0.100,-0.277,10562,0.0991
542,542000,0.100,0.288,10558,0.1006
543,543000,0.100,-0.262,10560,0.0998
544,544000,0.100,-0.262,10560,0.0998
545,545000,0.100,-0.270,10561,0.0995
546,546000,0.100,0.317,10554,0.1020
547,547000,0.100,0.310,10555,0.1017
548,548000,0.100,-0.262,10560,0.0998
549,549000,0.100,0.310,10555,0.1017
550,550000,0.100,-0.262,10560,0.0998
551,551000,0.100,0.303,10556,0.1013
552,552000,0.100,-0.342,10571,0.0958
553,553000,0.100,-0.262,10560,0.0998
554,554000,0.100,-0.262,10560,0.0998
555,555000,0.100,-0.262,10560,0.0998
556,556000,0.100,0.332,10552,0.1028
557,557000,0.100,-0.277,10562,0.0991
558,558000,0.100,0.303,10556,0.1013
559,559000,0.100,-0.321,10568,0.0969
560,560000,0.100,0.332,10552,0.1028
561,561000,0.100,0.317,10554,0.1020
562,562000,0.100,-0.277,10562,0.0991
563,563000,0.100,-0.262,10560,0.0998
564,564000,0.100,-0.277,10562,0.0991
565,565000,0.100,-0.262,10560,0.0998
566,566000,0.100,0.310,10555,0.1017
567,567000,0.100,-0.262,10560,0.0998
568,568000,0.100,-0.262,10560,0.0998
569,569000,0.100,-0.306,10566,0.0977
570,570000,0.100,0.317,10554,0.1020
571,571000,0.100,-0.270,10561,0.0995
572,572000,0.100,-0.474,10589,0.0893
573,573000,0.100,-0.510,10594,0.0874
574,574000,0.100,-0.270,10561,0.0995
575,575000,0.100,0.296,10557,0.1009
576,576000,0.100,0.303,10556,0.1013
577,577000,0.100,0.347,10550,0.1035
578,578000,0.100,0.288,10558,0.1006
579,579000,0.100,0.317,10554,0.1020
580,580000,0.100,0.332,10552,0.1028
581,581000,0.100,-0.262,10560,0.0998
582,582000,0.100,-0.321,10568,0.0969
583,583000,0.100,-0.284,10563,0.0987
584,584000,0.100,-0.277,10562,0.0991
585,585000,0.100,0.332,10552,0.1028
586,586000,0.100,-0.277,10562,0.0991
587,587000,0.100,-0.262,10560,0.0998
588,588000,0.100,0.303,10556,0.1013
589,589000,0.100,0.288,10558,0.1006
590,590000,0.100,-0.277,10562,0.0991
591,591000,0.100,-0.262,10560,0.0998
592,592000,0.100,-0.277,10562,0.0991
593,593000,0.100,-0.466,10588,0.0896
594,594000,0.100,0.303,10556,0.1013
595,595000,0.100,0.310,10555,0.1017
596,596000,0.100,-0.262,10560,0.0998
597,597000,0.100,-0.328,10569,0.0966
598,598000,0.100,0.303,10556,0.1013
599,599000,0.100,-0.393,10578,0.0933
# end capture 3
# capture 4 kp=-20.00 dir=- dt_us=1000 samples=600 sat=0
0,0,-0.100,4.157,10576,0.0940
1,1000,-0.100,4.303,10556,0.1013
2,2000,-0.100,4.332,10552,0.1028
3,3000,-0.100,4.288,10558,0.1006
4,4000,-0.100,4.288,10558,0.1006
5,5000,-0.100,4.449,10536,0.1086
6,6000,-0.100,4.310,10555,0.1017
7,7000,-0.100,4.259,10562,0.0991
8,8000,-0.100,4.215,10568,0.0969
9,9000,-0.100,4.172,10574,0.0947
10,10000,-0.100,4.099,10584,0.0911
11,11000,-0.100,4.055,10590,0.0889
12,12000,-0.100,3.997,10598,0.0860
13,13000,-0.100,3.960,10603,0.0842
14,14000,-0.100,3.924,10608,0.0823
15,15000,-0.100,3.836,10620,0.0780
16,16000,-0.100,3.712,10637,0.0718
17,17000,-0.100,3.676,10642,0.0699
18,18000,-0.100,3.632,10648,0.0678
19,19000,-0.100,3.552,10659,0.0638
20,20000,-0.100,3.486,10668,0.0605
21,21000,-0.100,3.836,10620,0.0780
22,22000,-0.100,3.297,10694,0.0510
23,23000,-0.100,3.399,10680,0.0561
24,24000,-0.100,3.501,10666,0.0612
25,25000,-0.100,3.158,10713,0.0441
26,26000,-0.100,3.049,10728,0.0386
27,27000,-0.100,2.976,10738,0.0350
28,28000,-0.100,2.874,10752,0.0299
29,29000,-0.100,2.684,10778,0.0204
30,30000,-0.100,2.619,10787,0.0171
31,31000,-0.100,2.787,10764,0.0255
32,32000,-0.100,2.509,10802,0.0116
33,33000,-0.100,2.407,10816,0.0065
34,34000,-0.100,2.320,10828,0.0021
35,35000,-0.100,2.218,10842,-0.0030
36,36000,-0.100,2.116,10856,-0.0081
37,37000,-0.100,2.043,10866,-0.0117
38,38000,-0.100,2.014,10870,-0.0132
39,39000,-0.100,1.890,10887,-0.0194
40,40000,-0.100,1.795,10900,-0.0241
41,41000,-0.100,1.722,10910,-0.0277
42,42000,-0.100,1.649,10920,-0.0314
43,43000,-0.100,1.547,10934,-0.0365
44,44000,-0.100,1.474,10944,-0.0401
45,45000,-0.100,1.460,10946,-0.0409
46,46000,-0.100,1.321,10965,-0.0478
47,47000,-0.100,1.277,10971,-0.0500
48,48000,-0.100,1.168,10986,-0.0554
49,49000,-0.100,1.139,10990,-0.0569
50,50000,-0.100,1.008,11008,-0.0635
51,51000,-0.100,0.993,11010,-0.0642
52,52000,-0.100,0.745,11044,-0.0766
53,53000,-0.100,0.862,11028,-0.0708
54,54000,-0.100,0.774,11040,-0.0751
55,55000,-0.100,0.745,11044,-0.0766
56,56000,-0.100,0.643,11058,-0.0817
57,57000,-0.100,0.541,11072,-0.0868
58,58000,-0.100,0.694,11051,-0.0791
59,59000,-0.100,0.541,11072,-0.0868
60,60000,-0.100,0.439,11086,-0.0919
61,61000,-0.100,0.337,11100,-0.0970
62,62000,-0.100,0.344,11099,-0.0966
63,63000,-0.100,0.308,11104,-0.0985
64,64000,-0.100,-0.301,11114,-0.1021
65,65000,-0.100,-0.301,11114,-0.1021
66,66000,-0.100,-0.389,11126,-0.1065
67,67000,-0.100,-0.367,11123,-0.1054
68,68000,-0.100,-0.461,11136,-0.1101
69,69000,-0.100,-0.564,11150,-0.1152
70,70000,-0.100,-0.534,11146,-0.1138
71,71000,-0.100,-0.549,11148,-0.1145
72,72000,-0.100,-0.505,11142,-0.1123
73,73000,-0.100,-0.622,11158,-0.1181
74,74000,-0.100,-0.680,11166,-0.1211
75,75000,-0.100,-0.666,11164,-0.1203
76,76000,-0.100,-0.636,11160,-0.1189
77,77000,-0.100,0.403,11091,-0.0937
78,78000,-0.100,-0.709,11170,-0.1225
79,79000,-0.100,-0.724,11172,-0.1232
80,80000,-0.100,-0.724,11172,-0.1232
81,81000,-0.100,-0.739,11174,-0.1240
82,82000,-0.100,-0.819,11185,-0.1280
83,83000,-0.100,-0.884,11194,-0.1313
84,84000,-0.100,-0.680,11166,-0.1211
85,85000,-0.100,-1.001,11210,-0.1371
86,86000,-0.100,-0.892,11195,-0.1316
87,87000,-0.100,-0.717,11171,-0.1229
88,88000,-0.100,-0.899,11196,-0.1320
89,89000,-0.100,-0.746,11175,-0.1243
90,90000,-0.100,-0.753,11176,-0.1247
91,91000,-0.100,-0.775,11179,-0.1258
92,92000,-0.100,-0.841,11188,-0.1291
93,93000,-0.100,-0.833,11187,-0.1287
94,94000,-0.100,-0.768,11178,-0.1254
95,95000,-0.100,-0.782,11180,-0.1262
96,96000,-0.100,-0.797,11182,-0.1269
97,97000,-0.100,-0.775,11179,-0.1258
98,98000,-0.100,-0.753,11176,-0.1247
99,99000,-0.100,-0.833,11187,-0.1287
100,100000,-0.100,-0.790,11181,-0.1265
101,101000,-0.100,-0.768,11178,-0.1254
102,102000,-0.100,-0.797,11182,-0.1269
103,103000,-0.100,-0.768,11178,-0.1254
104,104000,-0.100,-0.709,11170,-0.1225
105,105000,-0.100,-0.739,11174,-0.1240
106,106000,-0.100,-0.717,11171,-0.1229
107,107000,-0.100,-0.695,11168,-0.1218
108,108000,-0.100,-0.585,11153,-0.1163
109,109000,-0.100,-0.578,11152,-0.1160
110,110000,-0.100,-0.542,11147,-0.1141
111,111000,-0.100,-0.651,11162,-0.1196
112,112000,-0.100,-0.651,11162,-0.1196
113,113000,-0.100,-0.615,11157,-0.1178
114,114000,-0.100,-0.578,11152,-0.1160
115,115000,-0.100,-0.593,11154,-0.1167
116,116000,-0.100,-0.520,11144,-0.1130
117,117000,-0.100,-0.593,11154,-0.1167
118,118000,-0.100,-0.461,11136,-0.1101
119,119000,-0.100,-0.505,11142,-0.1123
120,120000,-0.100,-0.549,11148,-0.1145
121,121000,-0.100,-0.461,11136,-0.1101
122,122000,-0.100,-0.491,11140,-0.1116
123,123000,-0.100,-0.593,11154,-0.1167
124,124000,-0.100,-0.418,11130,-0.1079
125,125000,-0.100,-0.403,11128,-0.1072
126,126000,-0.100,-0.374,11124,-0.1058
127,127000,-0.100,-0.287,11112,-0.1014
128,128000,-0.100,-0.461,11136,-0.1101
129,129000,-0.100,-0.323,11117,-0.1032
130,130000,-0.100,-0.374,11124,-0.1058
131,131000,-0.100,-0.323,11117,-0.1032
132,132000,-0.100,-0.345,11120,-0.1043
133,133000,-0.100,-0.345,11120,-0.1043
134,134000,-0.100,-0.345,11120,-0.1043
135,135000,-0.100,-0.308,11115,-0.1025
136,136000,-0.100,0.344,11099,-0.0966
137,137000,-0.100,-0.287,11112,-0.1014
138,138000,-0.100,0.293,11106,-0.0992
139,139000,-0.100,0.352,11098,-0.0963
140,140000,-0.100,-0.272,11110,-0.1006
141,141000,-0.100,-0.301,11114,-0.1021
142,142000,-0.100,-0.389,11126,-0.1065
143,143000,-0.100,0.286,11107,-0.0996
144,144000,-0.100,0.301,11105,-0.0988
145,145000,-0.100,0.293,11106,-0.0992
146,146000,-0.100,0.308,11104,-0.0985
147,147000,-0.100,-0.287,11112,-0.1014
148,148000,-0.100,0.366,11096,-0.0955
149,149000,-0.100,0.403,11091,-0.0937
150,150000,-0.100,0.352,11098,-0.0963
151,151000,-0.100,0.352,11098,-0.0963
152,152000,-0.100,0.293,11106,-0.0992
153,153000,-0.100,0.366,11096,-0.0955
154,154000,-0.100,0.352,11098,-0.0963
155,155000,-0.100,0.308,11104,-0.0985
156,156000,-0.100,-0.330,11118,-0.1036
157,157000,-0.100,0.599,11064,-0.0839
158,158000,-0.100,0.308,11104,-0.0985
159,159000,-0.100,-0.272,11110,-0.1006
160,160000,-0.100,0.352,11098,-0.0963
161,161000,-0.100,0.322,11102,-0.0977
162,162000,-0.100,0.366,11096,-0.0955
163,163000,-0.100,0.344,11099,-0.0966
164,164000,-0.100,0.337,11100,-0.0970
165,165000,-0.100,0.344,11099,-0.0966
166,166000,-0.100,0.352,11098,-0.0963
167,167000,-0.100,0.395,11092,-0.0941
168,168000,-0.100,0.366,11096,-0.0955
169,169000,-0.100,-0.301,11114,-0.1021
170,170000,-0.100,0.475,11081,-0.0901
171,171000,-0.100,0.381,11094,-0.0948
172,172000,-0.100,0.366,11096,-0.0955
173,173000,-0.100,0.344,11099,-0.0966
174,174000,-0.100,0.344,11099,-0.0966
175,175000,-0.100,0.366,11096,-0.0955
176,176000,-0.100,0.352,11098,-0.0963
177,177000,-0.100,0.308,11104,-0.0985
178,178000,-0.100,0.337,11100,-0.0970
179,179000,-0.100,0.322,11102,-0.0977
180,180000,-0.100,0.381,11094,-0.0948
181,181000,-0.100,0.344,11099,-0.0966
182,182000,-0.100,0.344,11099,-0.0966
183,183000,-0.100,0.308,11104,-0.0985
184,184000,-0.100,0.352,11098,-0.0963
185,185000,-0.100,0.308,11104,-0.0985
186,186000,-0.100,0.352,11098,-0.0963
187,187000,-0.100,0.330,11101,-0.0974
188,188000,-0.100,0.322,11102,-0.0977
189,189000,-0.100,0.279,11108,-0.0999
190,190000,-0.100,0.337,11100,-0.0970
191,191000,-0.100,0.308,11104,-0.0985
192,192000,-0.100,0.373,11095,-0.0952
193,193000,-0.100,0.352,11098,-0.0963
194,194000,-0.100,0.293,11106,-0.0992
195,195000,-0.100,-0.272,11110,-0.1006
196,196000,-0.100,-0.359,11122,-0.1050
197,197000,-0.100,-0.287,11112,-0.1014
198,198000,-0.100,-0.316,11116,-0.1028
199,199000,-0.100,0.293,11106,-0.0992
200,200000,-0.100,0.279,11108,-0.0999
201,201000,-0.100,0.424,11088,-0.0926
202,202000,-0.100,-0.265,11109,-0.1003
203,203000,-0.100,-0.316,11116,-0.1028
204,204000,-0.100,-0.287,11112,-0.1014
205,205000,-0.100,0.694,11051,-0.0791
206,206000,-0.100,-0.287,11112,-0.1014
207,207000,-0.100,0.279,11108,-0.0999
208,208000,-0.100,-0.403,11128,-0.1072
209,209000,-0.100,0.352,11098,-0.0963
210,210000,-0.100,-0.287,11112,-0.1014
211,211000,-0.100,0.279,11108,-0.0999
212,212000,-0.100,0.410,11090,-0.0934
213,213000,-0.100,-0.287,11112,-0.1014
214,214000,-0.100,0.322,11102,-0.0977
215,215000,-0.100,-0.287,11112,-0.1014
216,216000,-0.100,-0.301,11114,-0.1021
217,217000,-0.100,-0.287,11112,-0.1014
218,218000,-0.100,-0.403,11128,-0.1072
219,219000,-0.100,-0.287,11112,-0.1014
220,220000,-0.100,-0.287,11112,-0.1014
221,221000,-0.100,-0.301,11114,-0.1021
222,222000,-0.100,-0.330,11118,-0.1036
223,223000,-0.100,-0.345,11120,-0.1043
224,224000,-0.100,-0.301,11114,-0.1021
225,225000,-0.100,0.301,11105,-0.0988
226,226000,-0.100,0.527,11074,-0.0875
227,227000,-0.100,0.344,11099,-0.0966
228,228000,-0.100,0.301,11105,-0.0988
229,229000,-0.100,-0.301,11114,-0.1021
230,230000,-0.100,-0.287,11112,-0.1014
231,231000,-0.100,0.279,11108,-0.0999
232,232000,-0.100,-0.316,11116,-0.1028
233,233000,-0.100,0.308,11104,-0.0985
234,234000,-0.100,-0.287,11112,-0.1014
235,235000,-0.100,-0.330,11118,-0.1036
236,236000,-0.100,-0.308,11115,-0.1025
237,237000,-0.100,0.570,11068,-0.0853
238,238000,-0.100,-0.308,11115,-0.1025
239,239000,-0.100,0.293,11106,-0.0992
240,240000,-0.100,-0.323,11117,-0.1032
241,241000,-0.100,-0.272,11110,-0.1006
242,242000,-0.100,-0.330,11118,-0.1036
243,243000,-0.100,0.279,11108,-0.0999
244,244000,-0.100,-0.301,11114,-0.1021
245,245000,-0.100,-0.272,11110,-0.1006
246,246000,-0.100,-0.265,11109,-0.1003
247,247000,-0.100,-0.287,11112,-0.1014
248,248000,-0.100,-0.447,11134,-0.1094
249,249000,-0.100,-0.367,11123,-0.1054
250,250000,-0.100,-0.272,11110,-0.1006
251,251000,-0.100,-0.359,11122,-0.1050
252,252000,-0.100,-0.330,11118,-0.1036
253,253000,-0.100,0.395,11092,-0.0941
254,254000,-0.100,-0.287,11112,-0.1014
255,255000,-0.100,-0.272,11110,-0.1006
256,256000,-0.100,-0.301,11114,-0.1021
257,257000,-0.100,0.293,11106,-0.0992
258,258000,-0.100,-0.301,11114,-0.1021
259,259000,-0.100,-0.272,11110,-0.1006
260,260000,-0.100,0.381,11094,-0.0948
261,261000,-0.100,-0.418,11130,-0.1079
262,262000,-0.100,-0.272,11110,-0.1006
263,263000,-0.100,-0.287,11112,-0.1014
264,264000,-0.100,0.286,11107,-0.0996
265,265000,-0.100,0.293,11106,-0.0992
266,266000,-0.100,0.308,11104,-0.0985
267,267000,-0.100,-0.287,11112,-0.1014
268,268000,-0.100,-0.301,11114,-0.1021
269,269000,-0.100,-0.287,11112,-0.1014
270,270000,-0.100,-0.287,11112,-0.1014
271,271000,-0.100,-0.287,11112,-0.1014
272,272000,-0.100,-0.294,11113,-0.1017
273,273000,-0.100,0.293,11106,-0.0992
274,274000,-0.100,-0.301,11114,-0.1021
275,275000,-0.100,-0.330,11118,-0.1036
276,276000,-0.100,-0.287,11112,-0.1014
277,277000,-0.100,-0.294,11113,-0.1017
278,278000,-0.100,-0.287,11112,-0.1014
279,279000,-0.100,-0.330,11118,-0.1036
280,280000,-0.100,-0.308,11115,-0.1025
281,281000,-0.100,0.439,11086,-0.0919
282,282000,-0.100,-0.272,11110,-0.1006
283,283000,-0.100,-0.578,11152,-0.1160
284,284000,-0.100,-0.301,11114,-0.1021
285,285000,-0.100,0.381,11094,-0.0948
286,286000,-0.100,-0.607,11156,-0.1174
287,287000,-0.100,0.337,11100,-0.0970
288,288000,-0.100,-0.301,11114,-0.1021
289,289000,-0.100,-0.287,11112,-0.1014
290,290000,-0.100,-0.301,11114,-0.1021
291,291000,-0.100,-0.301,11114,-0.1021
292,292000,-0.100,0.337,11100,-0.0970
293,293000,-0.100,-0.301,11114,-0.1021
294,294000,-0.100,-0.287,11112,-0.1014
295,295000,-0.100,0.279,11108,-0.0999
296,296000,-0.100,-0.287,11112,-0.1014
297,297000,-0.100,0.286,11107,-0.0996
298,298000,-0.100,0.352,11098,-0.0963
299,299000,-0.100,-0.287,11112,-0.1014
300,300000,-0.100,-0.287,11112,-0.1014
301,301000,-0.100,-0.367,11123,-0.1054
302,302000,-0.100,-0.308,11115,-0.1025
303,303000,-0.100,0.279,11108,-0.0999
304,304000,-0.100,-0.287,11112,-0.1014
305,305000,-0.100,0.337,11100,-0.0970
306,306000,-0.100,-0.461,11136,-0.1101
307,307000,-0.100,0.279,11108,-0.0999
308,308000,-0.100,-0.287,11112,-0.1014
309,309000,-0.100,-0.287,11112,-0.1014
310,310000,-0.100,0.279,11108,-0.0999
311,311000,-0.100,-0.359,11122,-0.1050
312,312000,-0.100,-0.301,11114,-0.1021
313,313000,-0.100,0.279,11108,-0.0999
314,314000,-0.100,-0.287,11112,-0.1014
315,315000,-0.100,-0.287,11112,-0.1014
316,316000,-0.100,0.293,11106,-0.0992
317,317000,-0.100,-0.287,11112,-0.1014
318,318000,-0.100,-0.287,11112,-0.1014
319,319000,-0.100,-0.272,11110,-0.1006
320,320000,-0.100,0.308,11104,-0.0985
321,321000,-0.100,0.293,11106,-0.0992
322,322000,-0.100,-0.287,11112,-0.1014
323,323000,-0.100,0.308,11104,-0.0985
324,324000,-0.100,-0.272,11110,-0.1006
325,325000,-0.100,0.293,11106,-0.0992
326,326000,-0.100,-0.301,11114,-0.1021
327,327000,-0.100,-0.308,11115,-0.1025
328,328000,-0.100,0.279,11108,-0.0999
329,329000,-0.100,-0.272,11110,-0.1006
330,330000,-0.100,-0.345,11120,-0.1043
331,331000,-0.100,0.322,11102,-0.0977
332,332000,-0.100,-0.287,11112,-0.1014
333,333000,-0.100,0.279,11108,-0.0999
334,334000,-0.100,0.279,11108,-0.0999
335,335000,-0.100,0.322,11102,-0.0977
336,336000,-0.100,0.395,11092,-0.0941
337,337000,-0.100,0.308,11104,-0.0985
338,338000,-0.100,-0.272,11110,-0.1006
339,339000,-0.100,-0.287,11112,-0.1014
340,340000,-0.100,-0.316,11116,-0.1028
341,341000,-0.100,0.308,11104,-0.0985
342,342000,-0.100,-0.301,11114,-0.1021
343,343000,-0.100,0.337,11100,-0.0970
344,344000,-0.100,0.301,11105,-0.0988
345,345000,-0.100,0.279,11108,-0.0999
346,346000,-0.100,-0.287,11112,-0.1014
347,347000,-0.100,-0.272,11110,-0.1006
348,348000,-0.100,-0.367,11123,-0.1054
349,349000,-0.100,-0.345,11120,-0.1043
350,350000,-0.100,-0.287,11112,-0.1014
351,351000,-0.100,-0.287,11112,-0.1014
352,352000,-0.100,-0.287,11112,-0.1014
353,353000,-0.100,-0.272,11110,-0.1006
354,354000,-0.100,0.293,11106,-0.0992
355,355000,-0.100,0.293,11106,-0.0992
356,356000,-0.100,-0.316,11116,-0.1028
357,357000,-0.100,0.293,11106,-0.0992
358,358000,-0.100,-0.287,11112,-0.1014
359,359000,-0.100,-0.265,11109,-0.1003
360,360000,-0.100,0.541,11072,-0.0868
361,361000,-0.100,-0.345,11120,-0.1043
362,362000,-0.100,-0.301,11114,-0.1021
363,363000,-0.100,-0.389,11126,-0.1065
364,364000,-0.100,-0.287,11112,-0.1014
365,365000,-0.100,-0.323,11117,-0.1032
366,366000,-0.100,0.279,11108,-0.0999
367,367000,-0.100,-0.272,11110,-0.1006
368,368000,-0.100,-0.287,11112,-0.1014
369,369000,-0.100,-0.287,11112,-0.1014
370,370000,-0.100,-0.287,11112,-0.1014
371,371000,-0.100,-0.272,11110,-0.1006
372,372000,-0.100,0.279,11108,-0.0999
373,373000,-0.100,0.293,11106,-0.0992
374,374000,-0.100,-0.272,11110,-0.1006
375,375000,-0.100,0.366,11096,-0.0955
376,376000,-0.100,-0.272,11110,-0.1006
377,377000,-0.100,-0.272,11110,-0.1006
378,378000,-0.100,-0.403,11128,-0.1072
379,379000,-0.100,0.308,11104,-0.0985
380,380000,-0.100,0.293,11106,-0.0992
381,381000,-0.100,-0.272,11110,-0.1006
382,382000,-0.100,-0.272,11110,-0.1006
383,383000,-0.100,-0.272,11110,-0.1006
384,384000,-0.100,-0.403,11128,-0.1072
385,385000,-0.100,0.279,11108,-0.0999
386,386000,-0.100,-0.308,11115,-0.1025
387,387000,-0.100,0.424,11088,-0.0926
388,388000,-0.100,0.352,11098,-0.0963
389,389000,-0.100,0.352,11098,-0.0963
390,390000,-0.100,-0.272,11110,-0.1006
391,391000,-0.100,0.279,11108,-0.0999
392,392000,-0.100,0.279,11108,-0.0999
393,393000,-0.100,-0.287,11112,-0.1014
394,394000,-0.100,0.293,11106,-0.0992
395,395000,-0.100,-0.272,11110,-0.1006
396,396000,-0.100,-0.287,11112,-0.1014
397,397000,-0.100,-0.301,11114,-0.1021
398,398000,-0.100,0.279,11108,-0.0999
399,399000,-0.100,-0.389,11126,-0.1065
400,400000,-0.100,0.293,11106,-0.0992
401,401000,-0.100,-0.272,11110,-0.1006
402,402000,-0.100,0.308,11104,-0.0985
403,403000,-0.100,-0.272,11110,-0.1006
404,404000,-0.100,0.286,11107,-0.0996
405,405000,-0.100,0.293,11106,-0.0992
406,406000,-0.100,0.308,11104,-0.0985
407,407000,-0.100,0.293,11106,-0.0992
408,408000,-0.100,-0.272,11110,-0.1006
409,409000,-0.100,0.344,11099,-0.0966
410,410000,-0.100,0.286,11107,-0.0996
411,411000,-0.100,-0.287,11112,-0.1014
412,412000,-0.100,0.308,11104,-0.0985
413,413000,-0.100,-0.272,11110,-0.1006
414,414000,-0.100,0.286,11107,-0.0996
415,415000,-0.100,0.301,11105,-0.0988
416,416000,-0.100,-0.279,11111,-0.1010
417,417000,-0.100,0.308,11104,-0.0985
418,418000,-0.100,0.286,11107,-0.0996
419,419000,-0.100,0.352,11098,-0.0963
420,420000,-0.100,-0.272,11110,-0.1006
421,421000,-0.100,-0.301,11114,-0.1021
422,422000,-0.100,0.279,11108,-0.0999
423,423000,-0.100,-0.287,11112,-0.1014
424,424000,-0.100,0.293,11106,-0.0992
425,425000,-0.100,0.293,11106,-0.0992
426,426000,-0.100,-0.301,11114,-0.1021
427,427000,-0.100,0.293,11106,-0.0992
428,428000,-0.100,0.395,11092,-0.0941
429,429000,-0.100,0.308,11104,-0.0985
430,430000,-0.100,-0.287,11112,-0.1014
431,431000,-0.100,-0.272,11110,-0.1006
432,432000,-0.100,-0.316,11116,-0.1028
433,433000,-0.100,0.308,11104,-0.0985
434,434000,-0.100,-0.272,11110,-0.1006
435,435000,-0.100,-0.272,11110,-0.1006
436,436000,-0.100,0.308,11104,-0.0985
437,437000,-0.100,-0.272,11110,-0.1006
438,438000,-0.100,0.279,11108,-0.0999
439,439000,-0.100,0.293,11106,-0.0992
440,440000,-0.100,0.308,11104,-0.0985
441,441000,-0.100,-0.272,11110,-0.1006
442,442000,-0.100,-0.287,11112,-0.1014
443,443000,-0.100,-0.265,11109,-0.1003
444,444000,-0.100,0.279,11108,-0.0999
445,445000,-0.100,-0.272,11110,-0.1006
446,446000,-0.100,0.286,11107,-0.0996
447,447000,-0.100,0.308,11104,-0.0985
448,448000,-0.100,0.308,11104,-0.0985
449,449000,-0.100,0.322,11102,-0.0977
450,450000,-0.100,-0.272,11110,-0.1006
451,451000,-0.100,0.308,11104,-0.0985
452,452000,-0.100,-0.345,11120,-0.1043
453,453000,-0.100,-0.272,11110,-0.1006
454,454000,-0.100,0.308,11104,-0.0985
455,455000,-0.100,0.322,11102,-0.0977
456,456000,-0.100,-0.265,11109,-0.1003
457,457000,-0.100,0.410,11090,-0.0934
458,458000,-0.100,-0.301,11114,-0.1021
459,459000,-0.100,-0.287,11112,-0.1014
460,460000,-0.100,0.279,11108,-0.0999
461,461000,-0.100,0.585,11066,-0.0846
462,462000,-0.100,-0.505,11142,-0.1123
463,463000,-0.100,0.279,11108,-0.0999
464,464000,-0.100,0.308,11104,-0.0985
465,465000,-0.100,0.286,11107,-0.0996
466,466000,-0.100,-0.308,11115,-0.1025
467,467000,-0.100,0.279,11108,-0.0999
468,468000,-0.100,0.293,11106,-0.0992
469,469000,-0.100,0.293,11106,-0.0992
470,470000,-0.100,-0.534,11146,-0.1138
471,471000,-0.100,0.468,11082,-0.0904
472,472000,-0.100,-0.301,11114,-0.1021
473,473000,-0.100,-0.272,11110,-0.1006
474,474000,-0.100,-0.272,11110,-0.1006
475,475000,-0.100,0.279,11108,-0.0999
476,476000,-0.100,-0.418,11130,-0.1079
477,477000,-0.100,0.381,11094,-0.0948
478,478000,-0.100,-0.272,11110,-0.1006
479,479000,-0.100,-0.330,11118,-0.1036
480,480000,-0.100,-0.316,11116,-0.1028
481,481000,-0.100,0.308,11104,-0.0985
482,482000,-0.100,-0.316,11116,-0.1028
483,483000,-0.100,0.322,11102,-0.0977
484,484000,-0.100,0.286,11107,-0.0996
485,485000,-0.100,-0.287,11112,-0.1014
486,486000,-0.100,-0.316,11116,-0.1028
487,487000,-0.100,-0.308,11115,-0.1025
488,488000,-0.100,0.286,11107,-0.0996
489,489000,-0.100,0.308,11104,-0.0985
490,490000,-0.100,-0.301,11114,-0.1021
491,491000,-0.100,0.293,11106,-0.0992
492,492000,-0.100,0.322,11102,-0.0977
493,493000,-0.100,-0.272,11110,-0.1006
494,494000,-0.100,0.308,11104,-0.0985
495,495000,-0.100,-0.265,11109,-0.1003
496,496000,-0.100,-0.279,11111,-0.1010
497,497000,-0.100,0.279,11108,-0.0999
498,498000,-0.100,0.279,11108,-0.0999
499,499000,-0.100,-0.272,11110,-0.1006
500,500000,-0.100,-0.301,11114,-0.1021
501,501000,-0.100,0.395,11092,-0.0941
502,502000,-0.100,0.308,11104,-0.0985
503,503000,-0.100,-0.265,11109,-0.1003
504,504000,-0.100,0.279,11108,-0.0999
505,505000,-0.100,-0.272,11110,-0.1006
506,506000,-0.100,0.308,11104,-0.0985
507,507000,-0.100,-0.272,11110,-0.1006
508,508000,-0.100,-0.272,11110,-0.1006
509,509000,-0.100,0.716,11048,-0.0780
510,510000,-0.100,-0.287,11112,-0.1014
511,511000,-0.100,-0.287,11112,-0.1014
512,512000,-0.100,0.293,11106,-0.0992
513,513000,-0.100,0.468,11082,-0.0904
514,514000,-0.100,0.279,11108,-0.0999
515,515000,-0.100,0.286,11107,-0.0996
516,516000,-0.100,-0.272,11110,-0.1006
517,517000,-0.100,-0.272,11110,-0.1006
518,518000,-0.100,0.293,11106,-0.0992
519,519000,-0.100,-0.272,11110,-0.1006
520,520000,-0.100,0.293,11106,-0.0992
521,521000,-0.100,0.293,11106,-0.0992
522,522000,-0.100,0.308,11104,-0.0985
523,523000,-0.100,-0.272,11110,-0.1006
524,524000,-0.100,0.410,11090,-0.0934
525,525000,-0.100,0.308,11104,-0.0985
526,526000,-0.100,-0.359,11122,-0.1050
527,527000,-0.100,-0.287,11112,-0.1014
528,528000,-0.100,-0.287,11112,-0.1014
529,529000,-0.100,-0.272,11110,-0.1006
530,530000,-0.100,-0.308,11115,-0.1025
531,531000,-0.100,0.293,11106,-0.0992
532,532000,-0.100,0.337,11100,-0.0970
533,533000,-0.100,-0.272,11110,-0.1006
534,534000,-0.100,0.337,11100,-0.0970
535,535000,-0.100,0.286,11107,-0.0996
536,536000,-0.100,0.293,11106,-0.0992
537,537000,-0.100,0.308,11104,-0.0985
538,538000,-0.100,-0.287,11112,-0.1014
539,539000,-0.100,-0.272,11110,-0.1006
540,540000,-0.100,0.293,11106,-0.0992
541,541000,-0.100,-0.287,11112,-0.1014
542,542000,-0.100,0.352,11098,-0.0963
543,543000,-0.100,-0.301,11114,-0.1021
544,544000,-0.100,-0.359,11122,-0.1050
545,545000,-0.100,-0.272,11110,-0.1006
546,546000,-0.100,0.279,11108,-0.0999
547,547000,-0.100,-0.272,11110,-0.1006
548,548000,-0.100,0.352,11098,-0.0963
549,549000,-0.100,-0.287,11112,-0.1014
550,550000,-0.100,0.293,11106,-0.0992
551,551000,-0.100,-0.265,11109,-0.1003
552,552000,-0.100,-0.272,11110,-0.1006
553,553000,-0.100,0.381,11094,-0.0948
554,554000,-0.100,-0.753,11176,-0.1247
555,555000,-0.100,0.366,11096,-0.0955
556,556000,-0.100,0.286,11107,-0.0996
557,557000,-0.100,-0.389,11126,-0.1065
558,558000,-0.100,-0.301,11114,-0.1021
559,559000,-0.100,0.293,11106,-0.0992
560,560000,-0.100,0.337,11100,-0.0970
561,561000,-0.100,0.322,11102,-0.0977
562,562000,-0.100,0.286,11107,-0.0996
563,563000,-0.100,-0.294,11113,-0.1017
564,564000,-0.100,0.279,11108,-0.0999
565,565000,-0.100,0.366,11096,-0.0955
566,566000,-0.100,-0.308,11115,-0.1025
567,567000,-0.100,-0.301,11114,-0.1021
568,568000,-0.100,0.293,11106,-0.0992
569,569000,-0.100,0.308,11104,-0.0985
570,570000,-0.100,-0.301,11114,-0.1021
571,571000,-0.100,0.308,11104,-0.0985
572,572000,-0.100,-0.287,11112,-0.1014
573,573000,-0.100,-0.287,11112,-0.1014
574,574000,-0.100,-0.345,11120,-0.1043
575,575000,-0.100,-0.272,11110,-0.1006
576,576000,-0.100,-0.301,11114,-0.1021
577,577000,-0.100,-0.272,11110,-0.1006
578,578000,-0.100,0.279,11108,-0.0999
579,579000,-0.100,0.293,11106,-0.0992
580,580000,-0.100,-0.301,11114,-0.1021
581,581000,-0.100,-0.287,11112,-0.1014
582,582000,-0.100,0.293,11106,-0.0992
583,583000,-0.100,0.308,11104,-0.0985
584,584000,-0.100,-0.272,11110,-0.1006
585,585000,-0.100,-0.287,11112,-0.1014
586,586000,-0.100,0.366,11096,-0.0955
587,587000,-0.100,0.308,11104,-0.0985
588,588000,-0.100,-0.316,11116,-0.1028
589,589000,-0.100,-0.301,11114,-0.1021
590,590000,-0.100,-0.272,11110,-0.1006
591,591000,-0.100,-0.345,11120,-0.1043
592,592000,-0.100,0.286,11107,-0.0996
593,593000,-0.100,0.279,11108,-0.0999
594,594000,-0.100,0.293,11106,-0.0992
595,595000,-0.100,-0.279,11111,-0.1010
596,596000,-0.100,0.293,11106,-0.0992
597,597000,-0.100,-0.287,11112,-0.1014
598,598000,-0.100,0.279,11108,-0.0999
599,599000,-0.100,0.286,11107,-0.0996
# end capture 4
# batch capture 3/5
# capture 5 kp=-20.00 dir=+ dt_us=1000 samples=600 sat=0
0,0,0.100,-4.287,11112,-0.1014
1,1000,0.100,-4.250,11107,-0.0996
2,2000,0.100,-4.272,11110,-0.1006
3,3000,0.100,-4.243,11106,-0.0992
4,4000,0.100,-4.257,11108,-0.0999
5,5000,0.100,-4.287,11112,-0.1014
6,6000,0.100,-4.184,11098,-0.0963
7,7000,0.100,-4.170,11096,-0.0955
8,8000,0.100,-4.184,11098,-0.0963
9,9000,0.100,-4.119,11089,-0.0930
10,10000,0.100,-3.966,11068,-0.0853
11,11000,0.100,-3.958,11067,-0.0850
12,12000,0.100,-3.937,11064,-0.0839
13,13000,0.100,-3.864,11054,-0.0802
14,14000,0.100,-3.805,11046,-0.0773
15,15000,0.100,-3.703,11032,-0.0722
16,16000,0.100,-3.769,11041,-0.0755
17,17000,0.100,-3.660,11026,-0.0700
18,18000,0.100,-3.550,11011,-0.0646
19,19000,0.100,-3.463,10999,-0.0602
20,20000,0.100,-2.799,10908,-0.0270
21,21000,0.100,-3.222,10966,-0.0482
22,22000,0.100,-3.200,10963,-0.0471
23,23000,0.100,-3.025,10939,-0.0383
24,24000,0.100,-3.084,10947,-0.0412
25,25000,0.100,-3.003,10936,-0.0372
26,26000,0.100,-2.945,10928,-0.0343
27,27000,0.100,-2.799,10908,-0.0270
28,28000,0.100,-2.675,10891,-0.0208
29,29000,0.100,-2.668,10890,-0.0205
30,30000,0.100,-2.653,10888,-0.0197
31,31000,0.100,-2.668,10890,-0.0205
32,32000,0.100,-2.515,10869,-0.0128
33,33000,0.100,-2.420,10856,-0.0081
34,34000,0.100,-1.997,10798,0.0131
35,35000,0.100,-2.253,10833,0.0003
36,36000,0.100,-2.143,10818,0.0058
37,37000,0.100,-2.143,10818,0.0058
38,38000,0.100,-1.997,10798,0.0131
39,39000,0.100,-1.881,10782,0.0189
40,40000,0.100,-1.779,10768,0.0240
41,41000,0.100,-1.735,10762,0.0262
42,42000,0.100,-1.691,10756,0.0284
43,43000,0.100,-1.472,10726,0.0393
44,44000,0.100,-1.509,10731,0.0375
45,45000,0.100,-1.443,10722,0.0408
46,46000,0.100,-1.618,10746,0.0320
47,47000,0.100,-0.845,10640,0.0707
48,48000,0.100,-1.268,10698,0.0495
49,49000,0.100,-0.860,10642,0.0699
50,50000,0.100,-1.123,10678,0.0568
51,51000,0.100,-1.166,10684,0.0546
52,52000,0.100,-0.977,10658,0.0641
53,53000,0.100,-0.860,10642,0.0699
54,54000,0.100,-0.824,10637,0.0718
55,55000,0.100,-0.845,10640,0.0707
56,56000,0.100,-0.751,10627,0.0754
57,57000,0.100,-0.590,10605,0.0834
58,58000,0.100,-0.634,10611,0.0812
59,59000,0.100,-0.568,10602,0.0845
60,60000,0.100,-0.802,10634,0.0729
61,61000,0.100,-0.445,10585,0.0907
62,62000,0.100,-0.342,10571,0.0958
63,63000,0.100,-0.350,10572,0.0955
64,64000,0.100,-0.306,10566,0.0977
65,65000,0.100,-0.321,10568,0.0969
66,66000,0.100,0.325,10553,0.1024
67,67000,0.100,0.281,10559,0.1002
68,68000,0.100,0.507,10528,0.1115
69,69000,0.100,0.434,10538,0.1079
70,70000,0.100,0.449,10536,0.1086
71,71000,0.100,0.544,10523,0.1133
72,72000,0.100,0.478,10532,0.1100
73,73000,0.100,0.595,10516,0.1159
74,74000,0.100,0.565,10520,0.1144
75,75000,0.100,0.580,10518,0.1151
76,76000,0.100,0.595,10516,0.1159
77,77000,0.100,0.609,10514,0.1166
78,78000,0.100,0.638,10510,0.1181
79,79000,0.100,0.667,10506,0.1195
80,80000,0.100,0.667,10506,0.1195
81,81000,0.100,0.682,10504,0.1203
82,82000,0.100,0.697,10502,0.1210
83,83000,0.100,0.667,10506,0.1195
84,84000,0.100,0.711,10500,0.1217
85,85000,0.100,0.653,10508,0.1188
86,86000,0.100,0.740,10496,0.1232
87,87000,0.100,0.492,10530,0.1108
88,88000,0.100,0.667,10506,0.1195
89,89000,0.100,0.682,10504,0.1203
90,90000,0.100,0.667,10506,0.1195
91,91000,0.100,0.740,10496,0.1232
92,92000,0.100,0.711,10500,0.1217
93,93000,0.100,0.405,10542,0.1064
94,94000,0.100,0.638,10510,0.1181
95,95000,0.100,0.609,10514,0.1166
96,96000,0.100,0.682,10504,0.1203
97,97000,0.100,0.697,10502,0.1210
98,98000,0.100,0.667,10506,0.1195
99,99000,0.100,0.733,10497,0.1228
100,100000,0.100,0.777,10491,0.1250
101,101000,0.100,0.638,10510,0.1181
102,102000,0.100,0.667,10506,0.1195
103,103000,0.100,0.733,10497,0.1228
104,104000,0.100,0.740,10496,0.1232
105,105000,0.100,0.697,10502,0.1210
106,106000,0.100,0.762,10493,0.1243
107,107000,0.100,0.507,10528,0.1115
108,108000,0.100,0.492,10530,0.1108
109,109000,0.100,0.915,10472,0.1319
110,110000,0.100,0.667,10506,0.1195
111,111000,0.100,0.667,10506,0.1195
112,112000,0.100,0.711,10500,0.1217
113,113000,0.100,0.347,10550,0.1035
114,114000,0.100,0.580,10518,0.1151
115,115000,0.100,0.565,10520,0.1144
116,116000,0.100,0.500,10529,0.1111
117,117000,0.100,0.507,10528,0.1115
118,118000,0.100,0.551,10522,0.1137
119,119000,0.100,0.551,10522,0.1137
120,120000,0.100,0.463,10534,0.1093
121,121000,0.100,0.507,10528,0.1115
122,122000,0.100,0.492,10530,0.1108
123,123000,0.100,0.376,10546,0.1049
124,124000,0.100,0.507,10528,0.1115
125,125000,0.100,0.420,10540,0.1071
126,126000,0.100,0.449,10536,0.1086
127,127000,0.100,0.427,10539,0.1075
128,128000,0.100,0.449,10536,0.1086
129,129000,0.100,0.456,10535,0.1090
130,130000,0.100,0.361,10548,0.1042
131,131000,0.100,0.390,10544,0.1057
132,132000,0.100,0.390,10544,0.1057
133,133000,0.100,0.376,10546,0.1049
134,134000,0.100,0.332,10552,0.1028
135,135000,0.100,0.507,10528,0.1115
136,136000,0.100,0.347,10550,0.1035
137,137000,0.100,0.376,10546,0.1049
138,138000,0.100,0.288,10558,0.1006
139,139000,0.100,-0.291,10564,0.0984
140,140000,0.100,0.347,10550,0.1035
141,141000,0.100,-0.270,10561,0.0995
142,142000,0.100,-0.291,10564,0.0984
143,143000,0.100,-0.262,10560,0.0998
144,144000,0.100,-0.379,10576,0.0940
145,145000,0.100,-0.306,10566,0.0977
146,146000,0.100,-0.291,10564,0.0984
147,147000,0.100,-0.262,10560,0.0998
148,148000,0.100,-0.306,10566,0.0977
149,149000,0.100,-0.306,10566,0.0977
150,150000,0.100,0.434,10538,0.1079
151,151000,0.100,-0.306,10566,0.0977
152,152000,0.100,-0.321,10568,0.0969
153,153000,0.100,0.369,10547,0.1046
154,154000,0.100,-0.306,10566,0.0977
155,155000,0.100,-0.335,10570,0.0962
156,156000,0.100,-0.262,10560,0.0998
157,157000,0.100,-0.291,10564,0.0984
158,158000,0.100,-0.306,10566,0.0977
159,159000,0.100,-0.408,10580,0.0925
160,160000,0.100,-0.262,10560,0.0998
161,161000,0.100,-0.379,10576,0.0940
162,162000,0.100,-0.335,10570,0.0962
163,163000,0.100,-0.321,10568,0.0969
164,164000,0.100,-0.284,10563,0.0987
165,165000,0.100,0.303,10556,0.1013
166,166000,0.100,-0.321,10568,0.0969
167,167000,0.100,-0.357,10573,0.0951
168,168000,0.100,-0.321,10568,0.0969
169,169000,0.100,-0.291,10564,0.0984
170,170000,0.100,-0.270,10561,0.0995
171,171000,0.100,-0.386,10577,0.0936
172,172000,0.100,0.339,10551,0.1031
173,173000,0.100,-0.335,10570,0.0962
174,174000,0.100,0.376,10546,0.1049
175,175000,0.100,-0.306,10566,0.0977
176,176000,0.100,-0.335,10570,0.0962
177,177000,0.100,-0.321,10568,0.0969
178,178000,0.100,-0.321,10568,0.0969
179,179000,0.100,-0.364,10574,0.0947
180,180000,0.100,-0.306,10566,0.0977
181,181000,0.100,-0.335,10570,0.0962
182,182000,0.100,0.303,10556,0.1013
183,183000,0.100,-0.321,10568,0.0969
184,184000,0.100,-0.321,10568,0.0969
185,185000,0.100,-0.262,10560,0.0998
186,186000,0.100,-0.306,10566,0.0977
187,187000,0.100,-0.379,10576,0.0940
188,188000,0.100,-0.321,10568,0.0969
189,189000,0.100,-0.299,10565,0.0980
190,190000,0.100,-0.321,10568,0.0969
191,191000,0.100,-0.379,10576,0.0940
192,192000,0.100,-0.306,10566,0.0977
193,193000,0.100,0.288,10558,0.1006
194,194000,0.100,0.347,10550,0.1035
195,195000,0.100,0.317,10554,0.1020
196,196000,0.100,-0.291,10564,0.0984
197,197000,0.100,-0.291,10564,0.0984
198,198000,0.100,0.281,10559,0.1002
199,199000,0.100,-0.262,10560,0.0998
200,200000,0.100,-0.306,10566,0.0977
201,201000,0.100,-0.321,10568,0.0969
202,202000,0.100,-0.284,10563,0.0987
203,203000,0.100,0.303,10556,0.1013
204,204000,0.100,0.463,10534,0.1093
205,205000,0.100,0.376,10546,0.1049
206,206000,0.100,-0.262,10560,0.0998
207,207000,0.100,-0.306,10566,0.0977
208,208000,0.100,-0.306,10566,0.0977
209,209000,0.100,-0.321,10568,0.0969
210,210000,0.100,-0.277,10562,0.0991
211,211000,0.100,-0.291,10564,0.0984
212,212000,0.100,-0.277,10562,0.0991
213,213000,0.100,-0.364,10574,0.0947
214,214000,0.100,-0.262,10560,0.0998
215,215000,0.100,-0.262,10560,0.0998
216,216000,0.100,-0.277,10562,0.0991
217,217000,0.100,0.325,10553,0.1024
218,218000,0.100,0.332,10552,0.1028
219,219000,0.100,0.288,10558,0.1006
220,220000,0.100,-0.262,10560,0.0998
221,221000,0.100,0.317,10554,0.1020
222,222000,0.100,-0.321,10568,0.0969
223,223000,0.100,0.332,10552,0.1028
224,224000,0.100,-0.277,10562,0.0991
225,225000,0.100,0.332,10552,0.1028
226,226000,0.100,0.288,10558,0.1006
227,227000,0.100,-0.386,10577,0.0936
228,228000,0.100,-0.262,10560,0.0998
229,229000,0.100,-0.262,10560,0.0998
230,230000,0.100,-0.262,10560,0.0998
231,231000,0.100,-0.291,10564,0.0984
232,232000,0.100,0.288,10558,0.1006
233,233000,0.100,0.288,10558,0.1006
234,234000,0.100,-0.262,10560,0.0998
235,235000,0.100,-0.262,10560,0.0998
236,236000,0.100,0.332,10552,0.1028
237,237000,0.100,-0.364,10574,0.0947
238,238000,0.100,-0.277,10562,0.0991
239,239000,0.100,0.317,10554,0.1020
240,240000,0.100,0.784,10490,0.1254
241,241000,0.100,0.288,10558,0.1006
242,242000,0.100,-0.299,10565,0.0980
243,243000,0.100,-0.335,10570,0.0962
244,244000,0.100,0.288,10558,0.1006
245,245000,0.100,-0.262,10560,0.0998
246,246000,0.100,0.288,10558,0.1006
247,247000,0.100,-0.284,10563,0.0987
248,248000,0.100,-0.364,10574,0.0947
249,249000,0.100,-0.262,10560,0.0998
250,250000,0.100,-0.306,10566,0.0977
251,251000,0.100,-0.262,10560,0.0998
252,252000,0.100,-0.437,10584,0.0911
253,253000,0.100,-0.262,10560,0.0998
254,254000,0.100,-0.262,10560,0.0998
255,255000,0.100,-0.262,10560,0.0998
256,256000,0.100,0.463,10534,0.1093
257,257000,0.100,0.296,10557,0.1009
258,258000,0.100,-0.321,10568,0.0969
259,259000,0.100,0.317,10554,0.1020
260,260000,0.100,0.361,10548,0.1042
261,261000,0.100,-0.270,10561,0.0995
262,262000,0.100,0.281,10559,0.1002
263,263000,0.100,-0.299,10565,0.0980
264,264000,0.100,-0.350,10572,0.0955
265,265000,0.100,-0.262,10560,0.0998
266,266000,0.100,-0.423,10582,0.0918
267,267000,0.100,-0.291,10564,0.0984
268,268000,0.100,-0.291,10564,0.0984
269,269000,0.100,0.507,10528,0.1115
270,270000,0.100,-0.277,10562,0.0991
271,271000,0.100,0.288,10558,0.1006
272,272000,0.100,-0.270,10561,0.0995
273,273000,0.100,0.332,10552,0.1028
274,274000,0.100,-0.262,10560,0.0998
275,275000,0.100,0.317,10554,0.1020
276,276000,0.100,0.317,10554,0.1020
277,277000,0.100,0.317,10554,0.1020
278,278000,0.100,-0.277,10562,0.0991
279,279000,0.100,-0.262,10560,0.0998
280,280000,0.100,-0.262,10560,0.0998
281,281000,0.100,-0.262,10560,0.0998
282,282000,0.100,-0.262,10560,0.0998
283,283000,0.100,-0.270,10561,0.0995
284,284000,0.100,0.288,10558,0.1006
285,285000,0.100,-0.262,10560,0.0998
286,286000,0.100,-0.262,10560,0.0998
287,287000,0.100,0.288,10558,0.1006
288,288000,0.100,0.310,10555,0.1017
289,289000,0.100,0.369,10547,0.1046
290,290000,0.100,-0.262,10560,0.0998
291,291000,0.100,0.405,10542,0.1064
292,292000,0.100,0.361,10548,0.1042
293,293000,0.100,-0.284,10563,0.0987
294,294000,0.100,0.303,10556,0.1013
295,295000,0.100,0.347,10550,0.1035
296,296000,0.100,-0.335,10570,0.0962
297,297000,0.100,-0.277,10562,0.0991
298,298000,0.100,0.332,10552,0.1028
299,299000,0.100,-0.262,10560,0.0998
300,300000,0.100,0.317,10554,0.1020
301,301000,0.100,-0.313,10567,0.0973
302,302000,0.100,-0.262,10560,0.0998
303,303000,0.100,-0.291,10564,0.0984
304,304000,0.100,0.376,10546,0.1049
305,305000,0.100,0.296,10557,0.1009
306,306000,0.100,-0.335,10570,0.0962
307,307000,0.100,0.507,10528,0.1115
308,308000,0.100,-0.335,10570,0.0962
309,309000,0.100,0.288,10558,0.1006
310,310000,0.100,-0.277,10562,0.0991
311,311000,0.100,-0.379,10576,0.0940
312,312000,0.100,-0.262,10560,0.0998
313,313000,0.100,-0.262,10560,0.0998
314,314000,0.100,0.288,10558,0.1006
315,315000,0.100,0.310,10555,0.1017
316,316000,0.100,-0.262,10560,0.0998
317,317000,0.100,0.288,10558,0.1006
318,318000,0.100,-0.306,10566,0.0977
319,319000,0.100,0.536,10524,0.1130
320,320000,0.100,-0.350,10572,0.0955
321,321000,0.100,0.288,10558,0.1006
322,322000,0.100,-0.277,10562,0.0991
323,323000,0.100,0.332,10552,0.1028
324,324000,0.100,0.288,10558,0.1006
325,325000,0.100,0.347,10550,0.1035
326,326000,0.100,-0.408,10580,0.0925
327,327000,0.100,-0.277,10562,0.0991
328,328000,0.100,0.288,10558,0.1006
329,329000,0.100,0.303,10556,0.1013
330,330000,0.100,0.288,10558,0.1006
331,331000,0.100,-0.350,10572,0.0955
332,332000,0.100,-0.393,10578,0.0933
333,333000,0.100,-0.262,10560,0.0998
334,334000,0.100,0.332,10552,0.1028
335,335000,0.100,0.288,10558,0.1006
336,336000,0.100,-0.262,10560,0.0998
337,337000,0.100,-0.262,10560,0.0998
338,338000,0.100,0.310,10555,0.1017
339,339000,0.100,0.405,10542,0.1064
340,340000,0.100,-0.481,10590,0.0889
341,341000,0.100,-0.291,10564,0.0984
342,342000,0.100,0.492,10530,0.1108
343,343000,0.100,-0.262,10560,0.0998
344,344000,0.100,-0.335,10570,0.0962
345,345000,0.100,-0.291,10564,0.0984
346,346000,0.100,0.441,10537,0.1082
347,347000,0.100,0.288,10558,0.1006
348,348000,0.100,0.369,10547,0.1046
349,349000,0.100,0.288,10558,0.1006
350,350000,0.100,0.434,10538,0.1079
351,351000,0.100,-0.277,10562,0.0991
352,352000,0.100,0.317,10554,0.1020
353,353000,0.100,0.288,10558,0.1006
354,354000,0.100,-0.291,10564,0.0984
355,355000,0.100,-0.342,10571,0.0958
356,356000,0.100,-0.262,10560,0.0998
357,357000,0.100,-0.262,10560,0.0998
358,358000,0.100,0.449,10536,0.1086
359,359000,0.100,0.420,10540,0.1071
360,360000,0.100,-0.379,10576,0.0940
361,361000,0.100,-0.277,10562,0.0991
362,362000,0.100,-0.262,10560,0.0998
363,363000,0.100,0.317,10554,0.1020
364,364000,0.100,-0.262,10560,0.0998
365,365000,0.100,-0.262,10560,0.0998
366,366000,0.100,-0.335,10570,0.0962
367,367000,0.100,0.310,10555,0.1017
368,368000,0.100,-0.496,10592,0.0882
369,369000,0.100,0.332,10552,0.1028
370,370000,0.100,0.288,10558,0.1006
371,371000,0.100,0.310,10555,0.1017
372,372000,0.100,-0.277,10562,0.0991
373,373000,0.100,-0.262,10560,0.0998
374,374000,0.100,-0.277,10562,0.0991
375,375000,0.100,0.296,10557,0.1009
376,376000,0.100,-0.554,10600,0.0853
377,377000,0.100,-0.270,10561,0.0995
378,378000,0.100,-0.299,10565,0.0980
379,379000,0.100,-0.277,10562,0.0991
380,380000,0.100,-0.262,10560,0.0998
381,381000,0.100,0.303,10556,0.1013
382,382000,0.100,-0.321,10568,0.0969
383,383000,0.100,-0.262,10560,0.0998
384,384000,0.100,-0.277,10562,0.0991
385,385000,0.100,0.288,10558,0.1006
386,386000,0.100,0.288,10558,0.1006
387,387000,0.100,-0.284,10563,0.0987
388,388000,0.100,-0.262,10560,0.0998
389,389000,0.100,0.390,10544,0.1057
390,390000,0.100,-0.277,10562,0.0991
391,391000,0.100,-0.262,10560,0.0998
392,392000,0.100,-0.284,10563,0.0987
393,393000,0.100,0.303,10556,0.1013
394,394000,0.100,0.369,10547,0.1046
395,395000,0.100,0.361,10548,0.1042
396,396000,0.100,-0.262,10560,0.0998
397,397000,0.100,-0.262,10560,0.0998
398,398000,0.100,0.434,10538,0.1079
399,399000,0.100,0.303,10556,0.1013
400,400000,0.100,-0.277,10562,0.0991
401,401000,0.100,0.288,10558,0.1006
402,402000,0.100,0.303,10556,0.1013
403,403000,0.100,0.332,10552,0.1028
404,404000,0.100,-0.270,10561,0.0995
405,405000,0.100,0.288,10558,0.1006
406,406000,0.100,-0.270,10561,0.0995
407,407000,0.100,-0.284,10563,0.0987
408,408000,0.100,-0.321,10568,0.0969
409,409000,0.100,0.317,10554,0.1020
410,410000,0.100,0.303,10556,0.1013
411,411000,0.100,0.288,10558,0.1006
412,412000,0.100,-0.262,10560,0.0998
413,413000,0.100,0.347,10550,0.1035
414,414000,0.100,-0.335,10570,0.0962
415,415000,0.100,0.310,10555,0.1017
416,416000,0.100,-0.306,10566,0.0977
417,417000,0.100,0.317,10554,0.1020
418,418000,0.100,-0.321,10568,0.0969
419,419000,0.100,-0.510,10594,0.0874
420,420000,0.100,-0.262,10560,0.0998
421,421000,0.100,0.303,10556,0.1013
422,422000,0.100,0.288,10558,0.1006
423,423000,0.100,-0.262,10560,0.0998
424,424000,0.100,-0.277,10562,0.0991
425,425000,0.100,-0.321,10568,0.0969
426,426000,0.100,-0.270,10561,0.0995
427,427000,0.100,-0.262,10560,0.0998
428,428000,0.100,-0.284,10563,0.0987
429,429000,0.100,0.500,10529,0.1111
430,430000,0.100,0.303,10556,0.1013
431,431000,0.100,0.296,10557,0.1009
432,432000,0.100,-0.393,10578,0.0933
433,433000,0.100,0.317,10554,0.1020
434,434000,0.100,0.310,10555,0.1017
435,435000,0.100,-0.262,10560,0.0998
436,436000,0.100,-0.277,10562,0.0991
437,437000,0.100,0.288,10558,0.1006
438,438000,0.100,-0.277,10562,0.0991
439,439000,0.100,0.514,10527,0.1119
440,440000,0.100,-0.262,10560,0.0998
441,441000,0.100,-0.306,10566,0.0977
442,442000,0.100,-0.321,10568,0.0969
443,443000,0.100,0.288,10558,0.1006
444,444000,0.100,0.288,10558,0.1006
445,445000,0.100,0.303,10556,0.1013
446,446000,0.100,0.310,10555,0.1017
447,447000,0.100,0.376,10546,0.1049
448,448000,0.100,-0.379,10576,0.0940
449,449000,0.100,0.303,10556,0.1013
450,450000,0.100,0.354,10549,0.1038
451,451000,0.100,-0.291,10564,0.0984
452,452000,0.100,0.288,10558,0.1006
453,453000,0.100,-0.277,10562,0.0991
454,454000,0.100,0.310,10555,0.1017
455,455000,0.100,0.288,10558,0.1006
456,456000,0.100,-0.452,10586,0.0904
457,457000,0.100,-0.277,10562,0.0991
458,458000,0.100,0.558,10521,0.1141
459,459000,0.100,0.296,10557,0.1009
460,460000,0.100,0.434,10538,0.1079
461,461000,0.100,0.376,10546,0.1049
462,462000,0.100,0.296,10557,0.1009
463,463000,0.100,-0.262,10560,0.0998
464,464000,0.100,0.288,10558,0.1006
465,465000,0.100,0.303,10556,0.1013
466,466000,0.100,-0.277,10562,0.0991
467,467000,0.100,-0.262,10560,0.0998
468,468000,0.100,-0.262,10560,0.0998
469,469000,0.100,-0.335,10570,0.0962
470,470000,0.100,0.310,10555,0.1017
471,471000,0.100,0.303,10556,0.1013
472,472000,0.100,-0.262,10560,0.0998
473,473000,0.100,0.332,10552,0.1028
474,474000,0.100,0.317,10554,0.1020
475,475000,0.100,-0.277,10562,0.0991
476,476000,0.100,0.288,10558,0.1006
477,477000,0.100,0.317,10554,0.1020
478,478000,0.100,-0.262,10560,0.0998
479,479000,0.100,0.288,10558,0.1006
480,480000,0.100,0.332,10552,0.1028
481,481000,0.100,-0.335,10570,0.0962
482,482000,0.100,-0.262,10560,0.0998
483,483000,0.100,0.347,10550,0.1035
484,484000,0.100,-0.393,10578,0.0933
485,485000,0.100,0.354,10549,0.1038
486,486000,0.100,0.288,10558,0.1006
487,487000,0.100,0.288,10558,0.1006
488,488000,0.100,0.296,10557,0.1009
489,489000,0.100,0.376,10546,0.1049
490,490000,0.100,-0.277,10562,0.0991
491,491000,0.100,-0.481,10590,0.0889
492,492000,0.100,0.376,10546,0.1049
493,493000,0.100,-0.262,10560,0.0998
494,494000,0.100,-0.262,10560,0.0998
495,495000,0.100,0.332,10552,0.1028
496,496000,0.100,-0.321,10568,0.0969
497,497000,0.100,0.288,10558,0.1006
498,498000,0.100,-0.262,10560,0.0998
499,499000,0.100,-0.277,10562,0.0991
500,500000,0.100,0.288,10558,0.1006
501,501000,0.100,0.332,10552,0.1028
502,502000,0.100,-0.262,10560,0.0998
503,503000,0.100,0.296,10557,0.1009
504,504000,0.100,0.420,10540,0.1071
505,505000,0.100,0.310,10555,0.1017
506,506000,0.100,0.317,10554,0.1020
507,507000,0.100,0.296,10557,0.1009
508,508000,0.100,0.339,10551,0.1031
509,509000,0.100,-0.328,10569,0.0966
510,510000,0.100,0.522,10526,0.1122
511,511000,0.100,0.398,10543,0.1060
512,512000,0.100,-0.262,10560,0.0998
513,513000,0.100,0.303,10556,0.1013
514,514000,0.100,0.332,10552,0.1028
515,515000,0.100,-0.262,10560,0.0998
516,516000,0.100,0.303,10556,0.1013
517,517000,0.100,0.303,10556,0.1013
518,518000,0.100,-0.510,10594,0.0874
519,519000,0.100,0.332,10552,0.1028
520,520000,0.100,0.317,10554,0.1020
521,521000,0.100,-0.277,10562,0.0991
522,522000,0.100,-0.379,10576,0.0940
523,523000,0.100,0.303,10556,0.1013
524,524000,0.100,-0.335,10570,0.0962
525,525000,0.100,-0.350,10572,0.0955
526,526000,0.100,0.288,10558,0.1006
527,527000,0.100,0.332,10552,0.1028
528,528000,0.100,0.325,10553,0.1024
529,529000,0.100,-0.517,10595,0.0871
530,530000,0.100,-0.291,10564,0.0984
531,531000,0.100,-0.277,10562,0.0991
532,532000,0.100,-0.262,10560,0.0998
533,533000,0.100,0.281,10559,0.1002
534,534000,0.100,0.390,10544,0.1057
535,535000,0.100,0.317,10554,0.1020
536,536000,0.100,-0.321,10568,0.0969
537,537000,0.100,0.952,10467,0.1337
538,538000,0.100,0.303,10556,0.1013
539,539000,0.100,-0.306,10566,0.0977
540,540000,0.100,0.332,10552,0.1028
541,541000,0.100,-0.576,10603,0.0842
542,542000,0.100,-0.393,10578,0.0933
543,543000,0.100,-0.262,10560,0.0998
544,544000,0.100,-0.277,10562,0.0991
545,545000,0.100,-0.262,10560,0.0998
546,546000,0.100,0.303,10556,0.1013
547,547000,0.100,-0.277,10562,0.0991
548,548000,0.100,0.325,10553,0.1024
549,549000,0.100,-0.270,10561,0.0995
550,550000,0.100,0.361,10548,0.1042
551,551000,0.100,-0.364,10574,0.0947
552,552000,0.100,-0.262,10560,0.0998
553,553000,0.100,-0.262,10560,0.0998
554,554000,0.100,0.347,10550,0.1035
555,555000,0.100,-0.277,10562,0.0991
556,556000,0.100,-0.262,10560,0.0998
557,557000,0.100,-0.335,10570,0.0962
558,558000,0.100,0.317,10554,0.1020
559,559000,0.100,-0.284,10563,0.0987
560,560000,0.100,-0.291,10564,0.0984
561,561000,0.100,-0.262,10560,0.0998
562,562000,0.100,-0.262,10560,0.0998
563,563000,0.100,-0.262,10560,0.0998
564,564000,0.100,-0.291,10564,0.0984
565,565000,0.100,-0.284,10563,0.0987
566,566000,0.100,-0.379,10576,0.0940
567,567000,0.100,0.317,10554,0.1020
568,568000,0.100,-0.284,10563,0.0987
569,569000,0.100,0.303,10556,0.1013
570,570000,0.100,0.405,10542,0.1064
571,571000,0.100,0.325,10553,0.1024
572,572000,0.100,0.310,10555,0.1017
573,573000,0.100,0.288,10558,0.1006
574,574000,0.100,-0.262,10560,0.0998
575,575000,0.100,-0.277,10562,0.0991
576,576000,0.100,0.303,10556,0.1013
577,577000,0.100,-0.277,10562,0.0991
578,578000,0.100,-0.277,10562,0.0991
579,579000,0.100,-0.284,10563,0.0987
580,580000,0.100,0.303,10556,0.1013
581,581000,0.100,-0.350,10572,0.0955
582,582000,0.100,-0.335,10570,0.0962
583,583000,0.100,0.288,10558,0.1006
584,584000,0.100,0.317,10554,0.1020
585,585000,0.100,0.317,10554,0.1020
586,586000,0.100,-0.306,10566,0.0977
587,587000,0.100,-0.342,10571,0.0958
588,588000,0.100,0.325,10553,0.1024
589,589000,0.100,0.303,10556,0.1013
590,590000,0.100,-0.350,10572,0.0955
591,591000,0.100,0.317,10554,0.1020
592,592000,0.100,-0.262,10560,0.0998
593,593000,0.100,-0.262,10560,0.0998
594,594000,0.100,-0.262,10560,0.0998
595,595000,0.100,0.718,10499,0.1221
596,596000,0.100,0.303,10556,0.1013
597,597000,0.100,-0.270,10561,0.0995
598,598000,0.100,-0.262,10560,0.0998
599,599000,0.100,0.449,10536,0.1086
# end capture 5
# capture 6 kp=-20.00 dir=- dt_us=1000 samples=600 sat=0
0,0,-0.100,4.347,10550,0.1035
1,1000,-0.100,4.872,10478,0.1297
2,2000,-0.100,4.245,10564,0.0984
3,3000,-0.100,4.288,10558,0.1006
4,4000,-0.100,4.317,10554,0.1020
5,5000,-0.100,4.317,10554,0.1020
6,6000,-0.100,4.237,10565,0.0980
7,7000,-0.100,4.194,10571,0.0958
8,8000,-0.100,4.128,10580,0.0925
9,9000,-0.100,4.070,10588,0.0896
10,10000,-0.100,4.077,10587,0.0900
11,11000,-0.100,4.019,10595,0.0871
12,12000,-0.100,3.924,10608,0.0823
13,13000,-0.100,3.909,10610,0.0816
14,14000,-0.100,3.807,10624,0.0765
15,15000,-0.100,3.749,10632,0.0736
16,16000,-0.100,3.705,10638,0.0714
17,17000,-0.100,3.749,10632,0.0736
18,18000,-0.100,3.676,10642,0.0699
19,19000,-0.100,3.494,10667,0.0608
20,20000,-0.100,3.734,10634,0.0729
21,21000,-0.100,3.326,10690,0.0525
22,22000,-0.100,3.472,10670,0.0597
23,23000,-0.100,3.282,10696,0.0503
24,24000,-0.100,3.275,10697,0.0499
25,25000,-0.100,3.209,10706,0.0466
26,26000,-0.100,3.115,10719,0.0419
27,27000,-0.100,2.918,10746,0.0320
28,28000,-0.100,2.787,10764,0.0255
29,29000,-0.100,2.655,10782,0.0189
30,30000,-0.100,2.509,10802,0.0116
31,31000,-0.100,2.531,10799,0.0127
32,32000,-0.100,2.422,10814,0.0073
33,33000,-0.100,2.291,10832,0.0007
34,34000,-0.100,2.429,10813,0.0076
35,35000,-0.100,2.174,10848,-0.0051
36,36000,-0.100,2.057,10864,-0.0110
37,37000,-0.100,2.043,10866,-0.0117
38,38000,-0.100,1.919,10883,-0.0179
39,39000,-0.100,1.853,10892,-0.0212
40,40000,-0.100,1.795,10900,-0.0241
41,41000,-0.100,1.766,10904,-0.0256
42,42000,-0.100,1.657,10919,-0.0310
43,43000,-0.100,1.533,10936,-0.0372
44,44000,-0.100,1.474,10944,-0.0401
45,45000,-0.100,1.336,10963,-0.0471
46,46000,-0.100,1.299,10968,-0.0489
47,47000,-0.100,1.212,10980,-0.0533
48,48000,-0.100,1.095,10996,-0.0591
49,49000,-0.100,1.081,10998,-0.0598
50,50000,-0.100,0.979,11012,-0.0649
51,51000,-0.100,1.110,10994,-0.0584
52,52000,-0.100,0.949,11016,-0.0664
53,53000,-0.100,0.833,11032,-0.0722
54,54000,-0.100,1.022,11006,-0.0627
55,55000,-0.100,0.497,11078,-0.0890
56,56000,-0.100,0.658,11056,-0.0810
57,57000,-0.100,-0.520,11144,-0.1130
58,58000,-0.100,0.570,11068,-0.0853
59,59000,-0.100,0.541,11072,-0.0868
60,60000,-0.100,0.403,11091,-0.0937
61,61000,-0.100,0.366,11096,-0.0955
62,62000,-0.100,-0.542,11147,-0.1141
63,63000,-0.100,-0.294,11113,-0.1017
64,64000,-0.100,-0.287,11112,-0.1014
65,65000,-0.100,-0.454,11135,-0.1098
66,66000,-0.100,-0.374,11124,-0.1058
67,67000,-0.100,-0.403,11128,-0.1072
68,68000,-0.100,-0.483,11139,-0.1112
69,69000,-0.100,-0.491,11140,-0.1116
70,70000,-0.100,-0.534,11146,-0.1138
71,71000,-0.100,-0.651,11162,-0.1196
72,72000,-0.100,-0.607,11156,-0.1174
73,73000,-0.100,-0.542,11147,-0.1141
74,74000,-0.100,-0.724,11172,-0.1232
75,75000,-0.100,-0.651,11162,-0.1196
76,76000,-0.100,-0.658,11163,-0.1200
77,77000,-0.100,-0.986,11208,-0.1364
78,78000,-0.100,-0.666,11164,-0.1203
79,79000,-0.100,-0.651,11162,-0.1196
80,80000,-0.100,-0.848,11189,-0.1294
81,81000,-0.100,-0.666,11164,-0.1203
82,82000,-0.100,-0.636,11160,-0.1189
83,83000,-0.100,-0.695,11168,-0.1218
84,84000,-0.100,-0.717,11171,-0.1229
85,85000,-0.100,-0.585,11153,-0.1163
86,86000,-0.100,-0.739,11174,-0.1240
87,87000,-0.100,-0.768,11178,-0.1254
88,88000,-0.100,-0.724,11172,-0.1232
89,89000,-0.100,-0.943,11202,-0.1342
90,90000,-0.100,-0.709,11170,-0.1225
91,91000,-0.100,-0.724,11172,-0.1232
92,92000,-0.100,-0.731,11173,-0.1236
93,93000,-0.100,-0.695,11168,-0.1218
94,94000,-0.100,-0.775,11179,-0.1258
95,95000,-0.100,-0.739,11174,-0.1240
96,96000,-0.100,-0.724,11172,-0.1232
97,97000,-0.100,-0.768,11178,-0.1254
98,98000,-0.100,-0.768,11178,-0.1254
99,99000,-0.100,-0.622,11158,-0.1181
100,100000,-0.100,-0.702,11169,-0.1222
101,101000,-0.100,-0.724,11172,-0.1232
102,102000,-0.100,-0.811,11184,-0.1276
103,103000,-0.100,-0.695,11168,-0.1218
104,104000,-0.100,-0.658,11163,-0.1200
105,105000,-0.100,-0.666,11164,-0.1203
106,106000,-0.100,-0.666,11164,-0.1203
107,107000,-0.100,-0.651,11162,-0.1196
108,108000,-0.100,-0.549,11148,-0.1145
109,109000,-0.100,-0.622,11158,-0.1181
110,110000,-0.100,-0.644,11161,-0.1192
111,111000,-0.100,-0.600,11155,-0.1171
112,112000,-0.100,-0.520,11144,-0.1130
113,113000,-0.100,-0.593,11154,-0.1167
114,114000,-0.100,-0.469,11137,-0.1105
115,115000,-0.100,-0.534,11146,-0.1138
116,116000,-0.100,-0.505,11142,-0.1123
117,117000,-0.100,-0.534,11146,-0.1138
118,118000,-0.100,-0.534,11146,-0.1138
119,119000,-0.100,-0.505,11142,-0.1123
120,120000,-0.100,-0.476,11138,-0.1109
121,121000,-0.100,-0.461,11136,-0.1101
122,122000,-0.100,-0.403,11128,-0.1072
123,123000,-0.100,-0.447,11134,-0.1094
124,124000,-0.100,-0.330,11118,-0.1036
125,125000,-0.100,-0.403,11128,-0.1072
126,126000,-0.100,-0.381,11125,-0.1061
127,127000,-0.100,-0.359,11122,-0.1050
128,128000,-0.100,-0.483,11139,-0.1112
129,129000,-0.100,-0.301,11114,-0.1021
130,130000,-0.100,-0.308,11115,-0.1025
131,131000,-0.100,-0.308,11115,-0.1025
132,132000,-0.100,-0.272,11110,-0.1006
133,133000,-0.100,-0.316,11116,-0.1028
134,134000,-0.100,0.454,11084,-0.0912
135,135000,-0.100,-0.301,11114,-0.1021
136,136000,-0.100,-0.287,11112,-0.1014
137,137000,-0.100,-0.330,11118,-0.1036
138,138000,-0.100,0.308,11104,-0.0985
139,139000,-0.100,-0.272,11110,-0.1006
140,140000,-0.100,0.279,11108,-0.0999
141,141000,-0.100,0.308,11104,-0.0985
142,142000,-0.100,-0.308,11115,-0.1025
143,143000,-0.100,0.293,11106,-0.0992
144,144000,-0.100,0.417,11089,-0.0930
145,145000,-0.100,0.337,11100,-0.0970
146,146000,-0.100,-0.287,11112,-0.1014
147,147000,-0.100,0.352,11098,-0.0963
148,148000,-0.100,0.308,11104,-0.0985
149,149000,-0.100,0.322,11102,-0.0977
150,150000,-0.100,0.322,11102,-0.0977
151,151000,-0.100,0.352,11098,-0.0963
152,152000,-0.100,0.330,11101,-0.0974
153,153000,-0.100,-0.279,11111,-0.1010
154,154000,-0.100,0.410,11090,-0.0934
155,155000,-0.100,0.352,11098,-0.0963
156,156000,-0.100,0.373,11095,-0.0952
157,157000,-0.100,0.322,11102,-0.0977
158,158000,-0.100,0.344,11099,-0.0966
159,159000,-0.100,0.337,11100,-0.0970
160,160000,-0.100,0.359,11097,-0.0959
161,161000,-0.100,0.658,11056,-0.0810
162,162000,-0.100,0.322,11102,-0.0977
163,163000,-0.100,0.352,11098,-0.0963
164,164000,-0.100,0.322,11102,-0.0977
165,165000,-0.100,0.337,11100,-0.0970
166,166000,-0.100,0.366,11096,-0.0955
167,167000,-0.100,0.337,11100,-0.0970
168,168000,-0.100,0.352,11098,-0.0963
169,169000,-0.100,0.366,11096,-0.0955
170,170000,-0.100,0.315,11103,-0.0981
171,171000,-0.100,0.352,11098,-0.0963
172,172000,-0.100,0.337,11100,-0.0970
173,173000,-0.100,0.352,11098,-0.0963
174,174000,-0.100,0.643,11058,-0.0817
175,175000,-0.100,0.279,11108,-0.0999
176,176000,-0.100,0.381,11094,-0.0948
177,177000,-0.100,-0.359,11122,-0.1050
178,178000,-0.100,0.293,11106,-0.0992
179,179000,-0.100,0.585,11066,-0.0846
180,180000,-0.100,0.395,11092,-0.0941
181,181000,-0.100,0.410,11090,-0.0934
182,182000,-0.100,0.344,11099,-0.0966
183,183000,-0.100,-0.359,11122,-0.1050
184,184000,-0.100,-0.287,11112,-0.1014
185,185000,-0.100,-0.352,11121,-0.1047
186,186000,-0.100,0.293,11106,-0.0992
187,187000,-0.100,0.352,11098,-0.0963
188,188000,-0.100,0.322,11102,-0.0977
189,189000,-0.100,0.293,11106,-0.0992
190,190000,-0.100,-0.272,11110,-0.1006
191,191000,-0.100,0.352,11098,-0.0963
192,192000,-0.100,0.293,11106,-0.0992
193,193000,-0.100,-0.301,11114,-0.1021
194,194000,-0.100,-0.534,11146,-0.1138
195,195000,-0.100,-0.345,11120,-0.1043
196,196000,-0.100,0.293,11106,-0.0992
197,197000,-0.100,-0.505,11142,-0.1123
198,198000,-0.100,-0.301,11114,-0.1021
199,199000,-0.100,-0.330,11118,-0.1036
200,200000,-0.100,0.279,11108,-0.0999
201,201000,-0.100,-0.308,11115,-0.1025
202,202000,-0.100,0.279,11108,-0.0999
203,203000,-0.100,-0.418,11130,-0.1079
204,204000,-0.100,-0.272,11110,-0.1006
205,205000,-0.100,-0.345,11120,-0.1043
206,206000,-0.100,0.541,11072,-0.0868
207,207000,-0.100,-0.316,11116,-0.1028
208,208000,-0.100,0.366,11096,-0.0955
209,209000,-0.100,-0.301,11114,-0.1021
210,210000,-0.100,0.301,11105,-0.0988
211,211000,-0.100,0.293,11106,-0.0992
212,212000,-0.100,0.337,11100,-0.0970
213,213000,-0.100,-0.447,11134,-0.1094
214,214000,-0.100,-0.403,11128,-0.1072
215,215000,-0.100,0.279,11108,-0.0999
216,216000,-0.100,-0.272,11110,-0.1006
217,217000,-0.100,0.308,11104,-0.0985
218,218000,-0.100,0.330,11101,-0.0974
219,219000,-0.100,-0.287,11112,-0.1014
220,220000,-0.100,-0.323,11117,-0.1032
221,221000,-0.100,0.286,11107,-0.0996
222,222000,-0.100,-0.308,11115,-0.1025
223,223000,-0.100,-0.287,11112,-0.1014
224,224000,-0.100,0.468,11082,-0.0904
225,225000,-0.100,0.279,11108,-0.0999
226,226000,-0.100,-0.301,11114,-0.1021
227,227000,-0.100,-0.272,11110,-0.1006
228,228000,-0.100,0.293,11106,-0.0992
229,229000,-0.100,-0.287,11112,-0.1014
230,230000,-0.100,0.454,11084,-0.0912
231,231000,-0.100,0.293,11106,-0.0992
232,232000,-0.100,0.293,11106,-0.0992
233,233000,-0.100,0.541,11072,-0.0868
234,234000,-0.100,0.381,11094,-0.0948
235,235000,-0.100,0.301,11105,-0.0988
236,236000,-0.100,0.308,11104,-0.0985
237,237000,-0.100,0.395,11092,-0.0941
238,238000,-0.100,-0.301,11114,-0.1021
239,239000,-0.100,0.279,11108,-0.0999
240,240000,-0.100,0.279,11108,-0.0999
241,241000,-0.100,-0.287,11112,-0.1014
242,242000,-0.100,-0.287,11112,-0.1014
243,243000,-0.100,-0.345,11120,-0.1043
244,244000,-0.100,0.410,11090,-0.0934
245,245000,-0.100,0.308,11104,-0.0985
246,246000,-0.100,-0.359,11122,-0.1050
247,247000,-0.100,0.293,11106,-0.0992
248,248000,-0.100,0.286,11107,-0.0996
249,249000,-0.100,0.279,11108,-0.0999
250,250000,-0.100,-0.338,11119,-0.1039
251,251000,-0.100,0.293,11106,-0.0992
252,252000,-0.100,-0.374,11124,-0.1058
253,253000,-0.100,0.293,11106,-0.0992
254,254000,-0.100,-0.345,11120,-0.1043
255,255000,-0.100,-0.287,11112,-0.1014
256,256000,-0.100,0.293,11106,-0.0992
257,257000,-0.100,0.286,11107,-0.0996
258,258000,-0.100,-0.272,11110,-0.1006
259,259000,-0.100,-0.403,11128,-0.1072
260,260000,-0.100,-0.287,11112,-0.1014
261,261000,-0.100,-0.301,11114,-0.1021
262,262000,-0.100,-0.301,11114,-0.1021
263,263000,-0.100,-0.330,11118,-0.1036
264,264000,-0.100,0.293,11106,-0.0992
265,265000,-0.100,-0.330,11118,-0.1036
266,266000,-0.100,0.607,11063,-0.0835
267,267000,-0.100,0.279,11108,-0.0999
268,268000,-0.100,-0.272,11110,-0.1006
269,269000,-0.100,-0.359,11122,-0.1050
270,270000,-0.100,0.308,11104,-0.0985
271,271000,-0.100,0.279,11108,-0.0999
272,272000,-0.100,-0.301,11114,-0.1021
273,273000,-0.100,-0.287,11112,-0.1014
274,274000,-0.100,0.293,11106,-0.0992
275,275000,-0.100,-0.287,11112,-0.1014
276,276000,-0.100,0.352,11098,-0.0963
277,277000,-0.100,0.293,11106,-0.0992
278,278000,-0.100,-0.272,11110,-0.1006
279,279000,-0.100,0.293,11106,-0.0992
280,280000,-0.100,-0.469,11137,-0.1105
281,281000,-0.100,-0.323,11117,-0.1032
282,282000,-0.100,-0.301,11114,-0.1021
283,283000,-0.100,0.337,11100,-0.0970
284,284000,-0.100,-0.308,11115,-0.1025
285,285000,-0.100,-0.345,11120,-0.1043
286,286000,-0.100,-0.287,11112,-0.1014
287,287000,-0.100,0.293,11106,-0.0992
288,288000,-0.100,-0.272,11110,-0.1006
289,289000,-0.100,0.322,11102,-0.0977
290,290000,-0.100,-0.316,11116,-0.1028
291,291000,-0.100,-0.359,11122,-0.1050
292,292000,-0.100,-0.308,11115,-0.1025
293,293000,-0.100,0.322,11102,-0.0977
294,294000,-0.100,0.293,11106,-0.0992
295,295000,-0.100,0.293,11106,-0.0992
296,296000,-0.100,0.279,11108,-0.0999
297,297000,-0.100,-0.505,11142,-0.1123
298,298000,-0.100,0.322,11102,-0.0977
299,299000,-0.100,0.352,11098,-0.0963
300,300000,-0.100,-0.265,11109,-0.1003
301,301000,-0.100,-0.301,11114,-0.1021
302,302000,-0.100,0.279,11108,-0.0999
303,303000,-0.100,0.279,11108,-0.0999
304,304000,-0.100,0.322,11102,-0.0977
305,305000,-0.100,-0.330,11118,-0.1036
306,306000,-0.100,-0.301,11114,-0.1021
307,307000,-0.100,0.293,11106,-0.0992
308,308000,-0.100,-0.287,11112,-0.1014
309,309000,-0.100,0.293,11106,-0.0992
310,310000,-0.100,-0.272,11110,-0.1006
311,311000,-0.100,0.359,11097,-0.0959
312,312000,-0.100,0.286,11107,-0.0996
313,313000,-0.100,0.293,11106,-0.0992
314,314000,-0.100,-0.301,11114,-0.1021
315,315000,-0.100,-0.272,11110,-0.1006
316,316000,-0.100,-0.381,11125,-0.1061
317,317000,-0.100,0.279,11108,-0.0999
318,318000,-0.100,0.286,11107,-0.0996
319,319000,-0.100,0.395,11092,-0.0941
320,320000,-0.100,-0.265,11109,-0.1003
321,321000,-0.100,-0.330,11118,-0.1036
322,322000,-0.100,0.352,11098,-0.0963
323,323000,-0.100,-0.301,11114,-0.1021
324,324000,-0.100,-0.316,11116,-0.1028
325,325000,-0.100,-0.301,11114,-0.1021
326,326000,-0.100,-0.374,11124,-0.1058
327,327000,-0.100,0.410,11090,-0.0934
328,328000,-0.100,0.279,11108,-0.0999
329,329000,-0.100,-0.308,11115,-0.1025
330,330000,-0.100,0.381,11094,-0.0948
331,331000,-0.100,-0.359,11122,-0.1050
332,332000,-0.100,-0.658,11163,-0.1200
333,333000,-0.100,-0.287,11112,-0.1014
334,334000,-0.100,-0.272,11110,-0.1006
335,335000,-0.100,-0.505,11142,-0.1123
336,336000,-0.100,0.293,11106,-0.0992
337,337000,-0.100,-0.359,11122,-0.1050
338,338000,-0.100,-0.301,11114,-0.1021
339,339000,-0.100,-0.287,11112,-0.1014
340,340000,-0.100,0.293,11106,-0.0992
341,341000,-0.100,0.308,11104,-0.0985
342,342000,-0.100,-0.287,11112,-0.1014
343,343000,-0.100,-0.272,11110,-0.1006
344,344000,-0.100,-0.301,11114,-0.1021
345,345000,-0.100,0.279,11108,-0.0999
346,346000,-0.100,0.308,11104,-0.0985
347,347000,-0.100,0.293,11106,-0.0992
348,348000,-0.100,0.293,11106,-0.0992
349,349000,-0.100,-0.287,11112,-0.1014
350,350000,-0.100,-0.330,11118,-0.1036
351,351000,-0.100,-0.287,11112,-0.1014
352,352000,-0.100,0.286,11107,-0.0996
353,353000,-0.100,-0.287,11112,-0.1014
354,354000,-0.100,-0.381,11125,-0.1061
355,355000,-0.100,0.352,11098,-0.0963
356,356000,-0.100,0.497,11078,-0.0890
357,357000,-0.100,0.308,11104,-0.0985
358,358000,-0.100,0.322,11102,-0.0977
359,359000,-0.100,0.322,11102,-0.0977
360,360000,-0.100,-0.279,11111,-0.1010
361,361000,-0.100,-0.272,11110,-0.1006
362,362000,-0.100,-0.330,11118,-0.1036
363,363000,-0.100,-0.330,11118,-0.1036
364,364000,-0.100,-0.301,11114,-0.1021
365,365000,-0.100,0.293,11106,-0.0992
366,366000,-0.100,0.279,11108,-0.0999
367,367000,-0.100,-0.287,11112,-0.1014
368,368000,-0.100,-0.294,11113,-0.1017
369,369000,-0.100,0.279,11108,-0.0999
370,370000,-0.100,0.322,11102,-0.0977
371,371000,-0.100,0.424,11088,-0.0926
372,372000,-0.100,-0.287,11112,-0.1014
373,373000,-0.100,0.293,11106,-0.0992
374,374000,-0.100,0.293,11106,-0.0992
375,375000,-0.100,0.344,11099,-0.0966
376,376000,-0.100,-0.287,11112,-0.1014
377,377000,-0.100,0.352,11098,-0.0963
378,378000,-0.100,0.293,11106,-0.0992
379,379000,-0.100,0.366,11096,-0.0955
380,380000,-0.100,-0.308,11115,-0.1025
381,381000,-0.100,-0.308,11115,-0.1025
382,382000,-0.100,-0.272,11110,-0.1006
383,383000,-0.100,0.293,11106,-0.0992
384,384000,-0.100,-0.287,11112,-0.1014
385,385000,-0.100,-0.389,11126,-0.1065
386,386000,-0.100,-0.265,11109,-0.1003
387,387000,-0.100,0.308,11104,-0.0985
388,388000,-0.100,0.279,11108,-0.0999
389,389000,-0.100,-0.374,11124,-0.1058
390,390000,-0.100,-0.330,11118,-0.1036
391,391000,-0.100,0.352,11098,-0.0963
392,392000,-0.100,0.308,11104,-0.0985
393,393000,-0.100,0.366,11096,-0.0955
394,394000,-0.100,0.293,11106,-0.0992
395,395000,-0.100,-0.316,11116,-0.1028
396,396000,-0.100,-0.316,11116,-0.1028
397,397000,-0.100,-0.301,11114,-0.1021
398,398000,-0.100,0.344,11099,-0.0966
399,399000,-0.100,-0.287,11112,-0.1014
400,400000,-0.100,0.293,11106,-0.0992
401,401000,-0.100,-0.272,11110,-0.1006
402,402000,-0.100,-0.287,11112,-0.1014
403,403000,-0.100,-0.265,11109,-0.1003
404,404000,-0.100,-0.301,11114,-0.1021
405,405000,-0.100,0.461,11083,-0.0908
406,406000,-0.100,0.366,11096,-0.0955
407,407000,-0.100,-0.287,11112,-0.1014
408,408000,-0.100,-0.345,11120,-0.1043
409,409000,-0.100,-0.287,11112,-0.1014
410,410000,-0.100,0.322,11102,-0.0977
411,411000,-0.100,0.286,11107,-0.0996
412,412000,-0.100,-0.287,11112,-0.1014
413,413000,-0.100,-0.272,11110,-0.1006
414,414000,-0.100,-0.287,11112,-0.1014
415,415000,-0.100,-0.301,11114,-0.1021
416,416000,-0.100,0.279,11108,-0.0999
417,417000,-0.100,-0.330,11118,-0.1036
418,418000,-0.100,-0.287,11112,-0.1014
419,419000,-0.100,-0.345,11120,-0.1043
420,420000,-0.100,0.308,11104,-0.0985
421,421000,-0.100,-0.440,11133,-0.1090
422,422000,-0.100,-0.301,11114,-0.1021
423,423000,-0.100,0.366,11096,-0.0955
424,424000,-0.100,-0.272,11110,-0.1006
425,425000,-0.100,0.293,11106,-0.0992
426,426000,-0.100,0.286,11107,-0.0996
427,427000,-0.100,-0.308,11115,-0.1025
428,428000,-0.100,-0.301,11114,-0.1021
429,429000,-0.100,-0.287,11112,-0.1014
430,430000,-0.100,0.301,11105,-0.0988
431,431000,-0.100,-0.403,11128,-0.1072
432,432000,-0.100,-0.287,11112,-0.1014
433,433000,-0.100,0.286,11107,-0.0996
434,434000,-0.100,-0.272,11110,-0.1006
435,435000,-0.100,-0.272,11110,-0.1006
436,436000,-0.100,0.286,11107,-0.0996
437,437000,-0.100,0.366,11096,-0.0955
438,438000,-0.100,0.301,11105,-0.0988
439,439000,-0.100,0.468,11082,-0.0904
440,440000,-0.100,-0.308,11115,-0.1025
441,441000,-0.100,-0.294,11113,-0.1017
442,442000,-0.100,-0.287,11112,-0.1014
443,443000,-0.100,-0.316,11116,-0.1028
444,444000,-0.100,-0.272,11110,-0.1006
445,445000,-0.100,0.293,11106,-0.0992
446,446000,-0.100,-0.272,11110,-0.1006
447,447000,-0.100,-0.287,11112,-0.1014
448,448000,-0.100,-0.308,11115,-0.1025
449,449000,-0.100,-0.352,11121,-0.1047
450,450000,-0.100,-0.359,11122,-0.1050
451,451000,-0.100,0.322,11102,-0.0977
452,452000,-0.100,0.308,11104,-0.0985
453,453000,-0.100,0.308,11104,-0.0985
454,454000,-0.100,-0.345,11120,-0.1043
455,455000,-0.100,0.293,11106,-0.0992
456,456000,-0.100,0.286,11107,-0.0996
457,457000,-0.100,0.527,11074,-0.0875
458,458000,-0.100,-0.272,11110,-0.1006
459,459000,-0.100,-0.389,11126,-0.1065
460,460000,-0.100,-0.279,11111,-0.1010
461,461000,-0.100,-0.301,11114,-0.1021
462,462000,-0.100,0.293,11106,-0.0992
463,463000,-0.100,-0.272,11110,-0.1006
464,464000,-0.100,-0.410,11129,-0.1076
465,465000,-0.100,0.279,11108,-0.0999
466,466000,-0.100,0.279,11108,-0.0999
467,467000,-0.100,-0.316,11116,-0.1028
468,468000,-0.100,-0.272,11110,-0.1006
469,469000,-0.100,-0.272,11110,-0.1006
470,470000,-0.100,0.293,11106,-0.0992
471,471000,-0.100,0.410,11090,-0.0934
472,472000,-0.100,0.439,11086,-0.0919
473,473000,-0.100,0.286,11107,-0.0996
474,474000,-0.100,-0.345,11120,-0.1043
475,475000,-0.100,-0.287,11112,-0.1014
476,476000,-0.100,0.308,11104,-0.0985
477,477000,-0.100,-0.389,11126,-0.1065
478,478000,-0.100,0.279,11108,-0.0999
479,479000,-0.100,-0.301,11114,-0.1021
480,480000,-0.100,-0.272,11110,-0.1006
481,481000,-0.100,0.293,11106,-0.0992
482,482000,-0.100,-0.316,11116,-0.1028
483,483000,-0.100,-0.272,11110,-0.1006
484,484000,-0.100,-0.316,11116,-0.1028
485,485000,-0.100,-0.287,11112,-0.1014
486,486000,-0.100,-0.272,11110,-0.1006
487,487000,-0.100,-0.272,11110,-0.1006
488,488000,-0.100,0.308,11104,-0.0985
489,489000,-0.100,-0.287,11112,-0.1014
490,490000,-0.100,-0.301,11114,-0.1021
491,491000,-0.100,0.279,11108,-0.0999
492,492000,-0.100,0.541,11072,-0.0868
493,493000,-0.100,0.293,11106,-0.0992
494,494000,-0.100,0.279,11108,-0.0999
495,495000,-0.100,-0.279,11111,-0.1010
496,496000,-0.100,-0.272,11110,-0.1006
497,497000,-0.100,-0.425,11131,-0.1083
498,498000,-0.100,0.352,11098,-0.0963
499,499000,-0.100,-0.272,11110,-0.1006
500,500000,-0.100,-0.301,11114,-0.1021
501,501000,-0.100,-0.345,11120,-0.1043
502,502000,-0.100,0.366,11096,-0.0955
503,503000,-0.100,0.373,11095,-0.0952
504,504000,-0.100,0.286,11107,-0.0996
505,505000,-0.100,-0.272,11110,-0.1006
506,506000,-0.100,0.308,11104,-0.0985
507,507000,-0.100,-0.287,11112,-0.1014
508,508000,-0.100,0.344,11099,-0.0966
509,509000,-0.100,0.293,11106,-0.0992
510,510000,-0.100,0.352,11098,-0.0963
511,511000,-0.100,0.279,11108,-0.0999
512,512000,-0.100,0.293,11106,-0.0992
513,513000,-0.100,0.308,11104,-0.0985
514,514000,-0.100,0.308,11104,-0.0985
515,515000,-0.100,-0.301,11114,-0.1021
516,516000,-0.100,-0.272,11110,-0.1006
517,517000,-0.100,-0.272,11110,-0.1006
518,518000,-0.100,-0.287,11112,-0.1014
519,519000,-0.100,-0.272,11110,-0.1006
520,520000,-0.100,0.424,11088,-0.0926
521,521000,-0.100,-0.316,11116,-0.1028
522,522000,-0.100,0.286,11107,-0.0996
523,523000,-0.100,-0.287,11112,-0.1014
524,524000,-0.100,-0.272,11110,-0.1006
525,525000,-0.100,0.279,11108,-0.0999
526,526000,-0.100,-0.316,11116,-0.1028
527,527000,-0.100,0.352,11098,-0.0963
528,528000,-0.100,0.279,11108,-0.0999
529,529000,-0.100,-0.294,11113,-0.1017
530,530000,-0.100,-0.287,11112,-0.1014
531,531000,-0.100,-0.272,11110,-0.1006
532,532000,-0.100,-0.316,11116,-0.1028
533,533000,-0.100,-0.447,11134,-0.1094
534,534000,-0.100,-0.301,11114,-0.1021
535,535000,-0.100,-0.359,11122,-0.1050
536,536000,-0.100,-0.389,11126,-0.1065
537,537000,-0.100,-0.272,11110,-0.1006
538,538000,-0.100,-0.272,11110,-0.1006
539,539000,-0.100,-0.301,11114,-0.1021
540,540000,-0.100,-0.418,11130,-0.1079
541,541000,-0.100,0.694,11051,-0.0791
542,542000,-0.100,-0.287,11112,-0.1014
543,543000,-0.100,0.293,11106,-0.0992
544,544000,-0.100,-0.301,11114,-0.1021
545,545000,-0.100,-0.308,11115,-0.1025
546,546000,-0.100,-0.301,11114,-0.1021
547,547000,-0.100,-0.287,11112,-0.1014
548,548000,-0.100,0.308,11104,-0.0985
549,549000,-0.100,0.293,11106,-0.0992
550,550000,-0.100,-0.301,11114,-0.1021
551,551000,-0.100,-0.272,11110,-0.1006
552,552000,-0.100,-0.425,11131,-0.1083
553,553000,-0.100,-0.287,11112,-0.1014
554,554000,-0.100,0.301,11105,-0.0988
555,555000,-0.100,0.330,11101,-0.0974
556,556000,-0.100,0.352,11098,-0.0963
557,557000,-0.100,-0.432,11132,-0.1087
558,558000,-0.100,-0.308,11115,-0.1025
559,559000,-0.100,-0.287,11112,-0.1014
560,560000,-0.100,0.322,11102,-0.0977
561,561000,-0.100,0.410,11090,-0.0934
562,562000,-0.100,0.293,11106,-0.0992
563,563000,-0.100,-0.301,11114,-0.1021
564,564000,-0.100,-0.287,11112,-0.1014
565,565000,-0.100,-0.403,11128,-0.1072
566,566000,-0.100,-0.265,11109,-0.1003
567,567000,-0.100,0.308,11104,-0.0985
568,568000,-0.100,0.286,11107,-0.0996
569,569000,-0.100,-0.279,11111,-0.1010
570,570000,-0.100,-0.316,11116,-0.1028
571,571000,-0.100,0.366,11096,-0.0955
572,572000,-0.100,-0.272,11110,-0.1006
573,573000,-0.100,0.286,11107,-0.0996
574,574000,-0.100,-0.381,11125,-0.1061
575,575000,-0.100,0.279,11108,-0.0999
576,576000,-0.100,-0.418,11130,-0.1079
577,577000,-0.100,-0.272,11110,-0.1006
578,578000,-0.100,-0.272,11110,-0.1006
579,579000,-0.100,-0.272,11110,-0.1006
580,580000,-0.100,0.308,11104,-0.0985
581,581000,-0.100,-0.272,11110,-0.1006
582,582000,-0.100,-0.316,11116,-0.1028
583,583000,-0.100,-0.316,11116,-0.1028
584,584000,-0.100,0.279,11108,-0.0999
585,585000,-0.100,-0.272,11110,-0.1006
586,586000,-0.100,-0.330,11118,-0.1036
587,587000,-0.100,-0.359,11122,-0.1050
588,588000,-0.100,0.279,11108,-0.0999
589,589000,-0.100,-0.272,11110,-0.1006
590,590000,-0.100,0.279,11108,-0.0999
591,591000,-0.100,-0.461,11136,-0.1101
592,592000,-0.100,0.308,11104,-0.0985
593,593000,-0.100,-0.301,11114,-0.1021
594,594000,-0.100,0.293,11106,-0.0992
595,595000,-0.100,0.286,11107,-0.0996
596,596000,-0.100,0.286,11107,-0.0996
597,597000,-0.100,0.286,11107,-0.0996
598,598000,-0.100,0.279,11108,-0.0999
599,599000,-0.100,0.286,11107,-0.0996
# end capture 6
# batch capture 4/5
# capture 7 kp=-20.00 dir=+ dt_us=1000 samples=600 sat=0
0,0,0.100,-4.287,11112,-0.1014
1,1000,0.100,-3.980,11070,-0.0861
2,2000,0.100,-4.243,11106,-0.0992
3,3000,0.100,-4.228,11104,-0.0985
4,4000,0.100,-4.265,11109,-0.1003
5,5000,0.100,-4.403,11128,-0.1072
6,6000,0.100,-4.250,11107,-0.0996
7,7000,0.100,-4.228,11104,-0.0985
8,8000,0.100,-4.126,11090,-0.0934
9,9000,0.100,-4.112,11088,-0.0926
10,10000,0.100,-4.053,11080,-0.0897
11,11000,0.100,-3.951,11066,-0.0846
12,12000,0.100,-3.995,11072,-0.0868
13,13000,0.100,-3.937,11064,-0.0839
14,14000,0.100,-3.907,11060,-0.0824
15,15000,0.100,-3.805,11046,-0.0773
16,16000,0.100,-3.740,11037,-0.0740
17,17000,0.100,-3.660,11026,-0.0700
18,18000,0.100,-3.572,11014,-0.0657
19,19000,0.100,-3.455,10998,-0.0598
20,20000,0.100,-3.098,10949,-0.0420
21,21000,0.100,-3.266,10972,-0.0503
22,22000,0.100,-3.149,10956,-0.0445
23,23000,0.100,-3.084,10947,-0.0412
24,24000,0.100,-3.062,10944,-0.0401
25,25000,0.100,-3.003,10936,-0.0372
26,26000,0.100,-2.923,10925,-0.0332
27,27000,0.100,-2.858,10916,-0.0299
28,28000,0.100,-2.770,10904,-0.0256
29,29000,0.100,-2.712,10896,-0.0226
30,30000,0.100,-2.493,10866,-0.0117
31,31000,0.100,-2.435,10858,-0.0088
32,32000,0.100,-2.479,10864,-0.0110
33,33000,0.100,-2.318,10842,-0.0030
34,34000,0.100,-2.304,10840,-0.0022
35,35000,0.100,-2.231,10830,0.0014
36,36000,0.100,-2.653,10888,-0.0197
37,37000,0.100,-2.012,10800,0.0124
38,38000,0.100,-2.027,10802,0.0116
39,39000,0.100,-1.939,10790,0.0160
40,40000,0.100,-1.822,10774,0.0218
41,41000,0.100,-1.735,10762,0.0262
42,42000,0.100,-1.691,10756,0.0284
43,43000,0.100,-1.618,10746,0.0320
44,44000,0.100,-1.531,10734,0.0364
45,45000,0.100,-1.436,10721,0.0412
46,46000,0.100,-1.385,10714,0.0437
47,47000,0.100,-1.283,10700,0.0488
48,48000,0.100,-1.312,10704,0.0473
49,49000,0.100,-1.174,10685,0.0543
50,50000,0.100,-1.152,10682,0.0554
51,51000,0.100,-1.028,10665,0.0616
52,52000,0.100,-1.225,10692,0.0517
53,53000,0.100,-0.918,10650,0.0670
54,54000,0.100,-0.831,10638,0.0714
55,55000,0.100,-0.977,10658,0.0641
56,56000,0.100,-0.649,10613,0.0805
57,57000,0.100,-0.671,10616,0.0794
58,58000,0.100,-0.612,10608,0.0823
59,59000,0.100,-0.525,10596,0.0867
60,60000,0.100,-0.291,10564,0.0984
61,61000,0.100,-0.437,10584,0.0911
62,62000,0.100,-0.423,10582,0.0918
63,63000,0.100,-0.335,10570,0.0962
64,64000,0.100,-0.437,10584,0.0911
65,65000,0.100,-0.299,10565,0.0980
66,66000,0.100,0.317,10554,0.1020
67,67000,0.100,0.449,10536,0.1086
68,68000,0.100,0.405,10542,0.1064
69,69000,0.100,0.317,10554,0.1020
70,70000,0.100,0.507,10528,0.1115
71,71000,0.100,0.536,10524,0.1130
72,72000,0.100,0.726,10498,0.1224
73,73000,0.100,0.536,10524,0.1130
74,74000,0.100,0.522,10526,0.1122
75,75000,0.100,0.580,10518,0.1151
76,76000,0.100,0.682,10504,0.1203
77,77000,0.100,0.675,10505,0.1199
78,78000,0.100,0.682,10504,0.1203
79,79000,0.100,0.682,10504,0.1203
80,80000,0.100,0.682,10504,0.1203
81,81000,0.100,0.711,10500,0.1217
82,82000,0.100,0.697,10502,0.1210
83,83000,0.100,0.740,10496,0.1232
84,84000,0.100,0.609,10514,0.1166
85,85000,0.100,0.799,10488,0.1261
86,86000,0.100,0.711,10500,0.1217
87,87000,0.100,0.667,10506,0.1195
88,88000,0.100,0.682,10504,0.1203
89,89000,0.100,0.675,10505,0.1199
90,90000,0.100,0.726,10498,0.1224
91,91000,0.100,0.726,10498,0.1224
92,92000,0.100,0.835,10483,0.1279
93,93000,0.100,0.718,10499,0.1221
94,94000,0.100,0.740,10496,0.1232
95,95000,0.100,0.733,10497,0.1228
96,96000,0.100,0.697,10502,0.1210
97,97000,0.100,0.784,10490,0.1254
98,98000,0.100,0.740,10496,0.1232
99,99000,0.100,0.828,10484,0.1275
100,100000,0.100,0.872,10478,0.1297
101,101000,0.100,0.718,10499,0.1221
102,102000,0.100,0.638,10510,0.1181
103,103000,0.100,0.755,10494,0.1239
104,104000,0.100,0.726,10498,0.1224
105,105000,0.100,0.733,10497,0.1228
106,106000,0.100,0.682,10504,0.1203
107,107000,0.100,0.675,10505,0.1199
108,108000,0.100,0.660,10507,0.1192
109,109000,0.100,0.638,10510,0.1181
110,110000,0.100,0.697,10502,0.1210
111,111000,0.100,0.544,10523,0.1133
112,112000,0.100,0.638,10510,0.1181
113,113000,0.100,0.660,10507,0.1192
114,114000,0.100,0.595,10516,0.1159
115,115000,0.100,0.573,10519,0.1148
116,116000,0.100,0.573,10519,0.1148
117,117000,0.100,0.580,10518,0.1151
118,118000,0.100,0.602,10515,0.1162
119,119000,0.100,0.376,10546,0.1049
120,120000,0.100,0.507,10528,0.1115
121,121000,0.100,0.522,10526,0.1122
122,122000,0.100,0.485,10531,0.1104
123,123000,0.100,0.500,10529,0.1111
124,124000,0.100,0.427,10539,0.1075
125,125000,0.100,0.463,10534,0.1093
126,126000,0.100,0.412,10541,0.1068
127,127000,0.100,0.602,10515,0.1162
128,128000,0.100,0.332,10552,0.1028
129,129000,0.100,0.390,10544,0.1057
130,130000,0.100,0.369,10547,0.1046
131,131000,0.100,0.412,10541,0.1068
132,132000,0.100,0.281,10559,0.1002
133,133000,0.100,0.347,10550,0.1035
134,134000,0.100,0.347,10550,0.1035
135,135000,0.100,0.369,10547,0.1046
136,136000,0.100,0.536,10524,0.1130
137,137000,0.100,0.288,10558,0.1006
138,138000,0.100,-0.466,10588,0.0896
139,139000,0.100,-0.262,10560,0.0998
140,140000,0.100,-0.299,10565,0.0980
141,141000,0.100,-0.321,10568,0.0969
142,142000,0.100,-0.299,10565,0.0980
143,143000,0.100,-0.291,10564,0.0984
144,144000,0.100,-0.321,10568,0.0969
145,145000,0.100,-0.313,10567,0.0973
146,146000,0.100,-0.335,10570,0.0962
147,147000,0.100,-0.321,10568,0.0969
148,148000,0.100,-0.445,10585,0.0907
149,149000,0.100,-0.321,10568,0.0969
150,150000,0.100,-0.321,10568,0.0969
151,151000,0.100,-0.277,10562,0.0991
152,152000,0.100,-0.328,10569,0.0966
153,153000,0.100,-0.306,10566,0.0977
154,154000,0.100,0.296,10557,0.1009
155,155000,0.100,-0.291,10564,0.0984
156,156000,0.100,-0.364,10574,0.0947
157,157000,0.100,0.288,10558,0.1006
158,158000,0.100,-0.466,10588,0.0896
159,159000,0.100,-0.539,10598,0.0860
160,160000,0.100,-0.452,10586,0.0904
161,161000,0.100,0.441,10537,0.1082
162,162000,0.100,-0.350,10572,0.0955
163,163000,0.100,-0.335,10570,0.0962
164,164000,0.100,-0.262,10560,0.0998
165,165000,0.100,-0.321,10568,0.0969
166,166000,0.100,-0.408,10580,0.0925
167,167000,0.100,-0.284,10563,0.0987
168,168000,0.100,0.434,10538,0.1079
169,169000,0.100,-0.291,10564,0.0984
170,170000,0.100,-0.321,10568,0.0969
171,171000,0.100,-0.357,10573,0.0951
172,172000,0.100,-0.350,10572,0.0955
173,173000,0.100,-0.306,10566,0.0977
174,174000,0.100,-0.335,10570,0.0962
175,175000,0.100,-0.321,10568,0.0969
176,176000,0.100,-0.335,10570,0.0962
177,177000,0.100,-0.321,10568,0.0969
178,178000,0.100,0.303,10556,0.1013
179,179000,0.100,-0.408,10580,0.0925
180,180000,0.100,0.288,10558,0.1006
181,181000,0.100,-0.262,10560,0.0998
182,182000,0.100,-0.321,10568,0.0969
183,183000,0.100,-0.321,10568,0.0969
184,184000,0.100,-0.342,10571,0.0958
185,185000,0.100,-0.685,10618,0.0787
186,186000,0.100,-0.408,10580,0.0925
187,187000,0.100,-0.321,10568,0.0969
188,188000,0.100,-0.306,10566,0.0977
189,189000,0.100,-0.306,10566,0.0977
190,190000,0.100,-0.306,10566,0.0977
191,191000,0.100,-0.321,10568,0.0969
192,192000,0.100,-0.291,10564,0.0984
193,193000,0.100,-0.342,10571,0.0958
194,194000,0.100,-0.321,10568,0.0969
195,195000,0.100,-0.291,10564,0.0984
196,196000,0.100,-0.306,10566,0.0977
197,197000,0.100,0.310,10555,0.1017
198,198000,0.100,-0.321,10568,0.0969
199,199000,0.100,-0.262,10560,0.0998
200,200000,0.100,0.347,10550,0.1035
201,201000,0.100,-0.270,10561,0.0995
202,202000,0.100,-0.262,10560,0.0998
203,203000,0.100,0.303,10556,0.1013
204,204000,0.100,-0.284,10563,0.0987
205,205000,0.100,0.288,10558,0.1006
206,206000,0.100,-0.634,10611,0.0812
207,207000,0.100,-0.262,10560,0.0998
208,208000,0.100,-0.306,10566,0.0977
209,209000,0.100,0.303,10556,0.1013
210,210000,0.100,0.303,10556,0.1013
211,211000,0.100,-0.262,10560,0.0998
212,212000,0.100,0.347,10550,0.1035
213,213000,0.100,0.303,10556,0.1013
214,214000,0.100,-0.313,10567,0.0973
215,215000,0.100,-0.262,10560,0.0998
216,216000,0.100,0.310,10555,0.1017
217,217000,0.100,0.310,10555,0.1017
218,218000,0.100,0.347,10550,0.1035
219,219000,0.100,0.347,10550,0.1035
220,220000,0.100,0.332,10552,0.1028
221,221000,0.100,0.317,10554,0.1020
222,222000,0.100,0.296,10557,0.1009
223,223000,0.100,0.317,10554,0.1020
224,224000,0.100,0.303,10556,0.1013
225,225000,0.100,0.310,10555,0.1017
226,226000,0.100,0.303,10556,0.1013
227,227000,0.100,0.332,10552,0.1028
228,228000,0.100,0.288,10558,0.1006
229,229000,0.100,0.310,10555,0.1017
230,230000,0.100,0.310,10555,0.1017
231,231000,0.100,0.325,10553,0.1024
232,232000,0.100,-0.445,10585,0.0907
233,233000,0.100,0.317,10554,0.1020
234,234000,0.100,0.317,10554,0.1020
235,235000,0.100,-0.291,10564,0.0984
236,236000,0.100,0.332,10552,0.1028
237,237000,0.100,0.288,10558,0.1006
238,238000,0.100,-0.364,10574,0.0947
239,239000,0.100,0.332,10552,0.1028
240,240000,0.100,-0.262,10560,0.0998
241,241000,0.100,0.310,10555,0.1017
242,242000,0.100,0.310,10555,0.1017
243,243000,0.100,0.376,10546,0.1049
244,244000,0.100,-0.321,10568,0.0969
245,245000,0.100,0.325,10553,0.1024
246,246000,0.100,-0.284,10563,0.0987
247,247000,0.100,0.347,10550,0.1035
248,248000,0.100,0.310,10555,0.1017
249,249000,0.100,0.354,10549,0.1038
250,250000,0.100,-0.321,10568,0.0969
251,251000,0.100,-0.270,10561,0.0995
252,252000,0.100,0.303,10556,0.1013
253,253000,0.100,-0.291,10564,0.0984
254,254000,0.100,0.369,10547,0.1046
255,255000,0.100,0.303,10556,0.1013
256,256000,0.100,0.347,10550,0.1035
257,257000,0.100,0.288,10558,0.1006
258,258000,0.100,0.347,10550,0.1035
259,259000,0.100,0.296,10557,0.1009
260,260000,0.100,0.420,10540,0.1071
261,261000,0.100,0.369,10547,0.1046
262,262000,0.100,0.492,10530,0.1108
263,263000,0.100,0.310,10555,0.1017
264,264000,0.100,0.310,10555,0.1017
265,265000,0.100,0.303,10556,0.1013
266,266000,0.100,0.317,10554,0.1020
267,267000,0.100,-0.277,10562,0.0991
268,268000,0.100,0.281,10559,0.1002
269,269000,0.100,0.317,10554,0.1020
270,270000,0.100,-0.262,10560,0.0998
271,271000,0.100,0.288,10558,0.1006
272,272000,0.100,0.310,10555,0.1017
273,273000,0.100,0.303,10556,0.1013
274,274000,0.100,-0.262,10560,0.0998
275,275000,0.100,-0.379,10576,0.0940
276,276000,0.100,0.310,10555,0.1017
277,277000,0.100,-0.262,10560,0.0998
278,278000,0.100,0.296,10557,0.1009
279,279000,0.100,0.376,10546,0.1049
280,280000,0.100,-0.452,10586,0.0904
281,281000,0.100,-0.430,10583,0.0915
282,282000,0.100,-0.277,10562,0.0991
283,283000,0.100,0.288,10558,0.1006
284,284000,0.100,-0.277,10562,0.0991
285,285000,0.100,-0.277,10562,0.0991
286,286000,0.100,0.317,10554,0.1020
287,287000,0.100,-0.277,10562,0.0991
288,288000,0.100,0.310,10555,0.1017
289,289000,0.100,0.303,10556,0.1013
290,290000,0.100,-0.299,10565,0.0980
291,291000,0.100,0.288,10558,0.1006
292,292000,0.100,-0.321,10568,0.0969
293,293000,0.100,-0.284,10563,0.0987
294,294000,0.100,-0.262,10560,0.0998
295,295000,0.100,-0.277,10562,0.0991
296,296000,0.100,-0.262,10560,0.0998
297,297000,0.100,-0.277,10562,0.0991
298,298000,0.100,0.296,10557,0.1009
299,299000,0.100,-0.342,10571,0.0958
300,300000,0.100,0.332,10552,0.1028
301,301000,0.100,-0.262,10560,0.0998
302,302000,0.100,0.332,10552,0.1028
303,303000,0.100,0.288,10558,0.1006
304,304000,0.100,0.347,10550,0.1035
305,305000,0.100,-0.284,10563,0.0987
306,306000,0.100,-0.291,10564,0.0984
307,307000,0.100,-0.262,10560,0.0998
308,308000,0.100,-0.277,10562,0.0991
309,309000,0.100,-0.262,10560,0.0998
310,310000,0.100,-0.335,10570,0.0962
311,311000,0.100,0.288,10558,0.1006
312,312000,0.100,-0.277,10562,0.0991
313,313000,0.100,-0.321,10568,0.0969
314,314000,0.100,-0.270,10561,0.0995
315,315000,0.100,-0.379,10576,0.0940
316,316000,0.100,-0.277,10562,0.0991
317,317000,0.100,-0.262,10560,0.0998
318,318000,0.100,-0.291,10564,0.0984
319,319000,0.100,-0.291,10564,0.0984
320,320000,0.100,0.303,10556,0.1013
321,321000,0.100,-0.262,10560,0.0998
322,322000,0.100,-0.291,10564,0.0984
323,323000,0.100,-0.321,10568,0.0969
324,324000,0.100,-0.350,10572,0.0955
325,325000,0.100,-0.262,10560,0.0998
326,326000,0.100,-0.291,10564,0.0984
327,327000,0.100,-0.335,10570,0.0962
328,328000,0.100,0.317,10554,0.1020
329,329000,0.100,0.296,10557,0.1009
330,330000,0.100,-0.321,10568,0.0969
331,331000,0.100,0.288,10558,0.1006
332,332000,0.100,-0.262,10560,0.0998
333,333000,0.100,-0.262,10560,0.0998
334,334000,0.100,-0.277,10562,0.0991
335,335000,0.100,-0.291,10564,0.0984
336,336000,0.100,-0.262,10560,0.0998
337,337000,0.100,-0.306,10566,0.0977
338,338000,0.100,-0.291,10564,0.0984
339,339000,0.100,-0.262,10560,0.0998
340,340000,0.100,0.317,10554,0.1020
341,341000,0.100,-0.321,10568,0.0969
342,342000,0.100,-0.262,10560,0.0998
343,343000,0.100,-0.262,10560,0.0998
344,344000,0.100,-0.262,10560,0.0998
345,345000,0.100,-0.262,10560,0.0998
346,346000,0.100,-0.291,10564,0.0984
347,347000,0.100,-0.262,10560,0.0998
348,348000,0.100,-0.262,10560,0.0998
349,349000,0.100,-0.262,10560,0.0998
350,350000,0.100,0.288,10558,0.1006
351,351000,0.100,-0.262,10560,0.0998
352,352000,0.100,0.288,10558,0.1006
353,353000,0.100,-0.277,10562,0.0991
354,354000,0.100,-0.393,10578,0.0933
355,355000,0.100,0.376,10546,0.1049
356,356000,0.100,-0.277,10562,0.0991
357,357000,0.100,-0.270,10561,0.0995
358,358000,0.100,0.310,10555,0.1017
359,359000,0.100,0.310,10555,0.1017
360,360000,0.100,0.288,10558,0.1006
361,361000,0.100,0.296,10557,0.1009
362,362000,0.100,0.288,10558,0.1006
363,363000,0.100,-0.262,10560,0.0998
364,364000,0.100,0.303,10556,0.1013
365,365000,0.100,0.303,10556,0.1013
366,366000,0.100,-0.364,10574,0.0947
367,367000,0.100,0.303,10556,0.1013
368,368000,0.100,0.317,10554,0.1020
369,369000,0.100,0.303,10556,0.1013
370,370000,0.100,-0.262,10560,0.0998
371,371000,0.100,-0.299,10565,0.0980
372,372000,0.100,0.317,10554,0.1020
373,373000,0.100,0.332,10552,0.1028
374,374000,0.100,-0.342,10571,0.0958
375,375000,0.100,-0.466,10588,0.0896
376,376000,0.100,0.317,10554,0.1020
377,377000,0.100,0.288,10558,0.1006
378,378000,0.100,-0.277,10562,0.0991
379,379000,0.100,-0.306,10566,0.0977
380,380000,0.100,-0.321,10568,0.0969
381,381000,0.100,0.303,10556,0.1013
382,382000,0.100,0.288,10558,0.1006
383,383000,0.100,-0.466,10588,0.0896
384,384000,0.100,0.303,10556,0.1013
385,385000,0.100,0.347,10550,0.1035
386,386000,0.100,0.354,10549,0.1038
387,387000,0.100,0.296,10557,0.1009
388,388000,0.100,0.405,10542,0.1064
389,389000,0.100,0.434,10538,0.1079
390,390000,0.100,0.332,10552,0.1028
391,391000,0.100,-0.262,10560,0.0998
392,392000,0.100,0.317,10554,0.1020
393,393000,0.100,-0.313,10567,0.0973
394,394000,0.100,0.310,10555,0.1017
395,395000,0.100,0.317,10554,0.1020
396,396000,0.100,0.492,10530,0.1108
397,397000,0.100,0.288,10558,0.1006
398,398000,0.100,0.310,10555,0.1017
399,399000,0.100,0.325,10553,0.1024
400,400000,0.100,0.288,10558,0.1006
401,401000,0.100,0.310,10555,0.1017
402,402000,0.100,0.347,10550,0.1035
403,403000,0.100,-0.386,10577,0.0936
404,404000,0.100,0.317,10554,0.1020
405,405000,0.100,-0.262,10560,0.0998
406,406000,0.100,-0.262,10560,0.0998
407,407000,0.100,0.303,10556,0.1013
408,408000,0.100,0.332,10552,0.1028
409,409000,0.100,-0.262,10560,0.0998
410,410000,0.100,0.296,10557,0.1009
411,411000,0.100,-0.321,10568,0.0969
412,412000,0.100,0.288,10558,0.1006
413,413000,0.100,0.347,10550,0.1035
414,414000,0.100,0.317,10554,0.1020
415,415000,0.100,-0.262,10560,0.0998
416,416000,0.100,0.296,10557,0.1009
417,417000,0.100,0.347,10550,0.1035
418,418000,0.100,0.390,10544,0.1057
419,419000,0.100,0.288,10558,0.1006
420,420000,0.100,0.317,10554,0.1020
421,421000,0.100,0.303,10556,0.1013
422,422000,0.100,-0.277,10562,0.0991
423,423000,0.100,0.303,10556,0.1013
424,424000,0.100,0.296,10557,0.1009
425,425000,0.100,-0.277,10562,0.0991
426,426000,0.100,0.288,10558,0.1006
427,427000,0.100,0.317,10554,0.1020
428,428000,0.100,0.325,10553,0.1024
429,429000,0.100,0.376,10546,0.1049
430,430000,0.100,0.303,10556,0.1013
431,431000,0.100,0.332,10552,0.1028
432,432000,0.100,0.288,10558,0.1006
433,433000,0.100,0.288,10558,0.1006
434,434000,0.100,0.296,10557,0.1009
435,435000,0.100,0.288,10558,0.1006
436,436000,0.100,-0.262,10560,0.0998
437,437000,0.100,-0.393,10578,0.0933
438,438000,0.100,0.303,10556,0.1013
439,439000,0.100,-0.291,10564,0.0984
440,440000,0.100,0.310,10555,0.1017
441,441000,0.100,-0.262,10560,0.0998
442,442000,0.100,0.317,10554,0.1020
443,443000,0.100,0.288,10558,0.1006
444,444000,0.100,-0.277,10562,0.0991
445,445000,0.100,-0.284,10563,0.0987
446,446000,0.100,0.369,10547,0.1046
447,447000,0.100,0.390,10544,0.1057
448,448000,0.100,-0.284,10563,0.0987
449,449000,0.100,-0.306,10566,0.0977
450,450000,0.100,-0.262,10560,0.0998
451,451000,0.100,0.317,10554,0.1020
452,452000,0.100,-0.554,10600,0.0853
453,453000,0.100,0.325,10553,0.1024
454,454000,0.100,-0.321,10568,0.0969
455,455000,0.100,-0.262,10560,0.0998
456,456000,0.100,-0.270,10561,0.0995
457,457000,0.100,-0.291,10564,0.0984
458,458000,0.100,-0.284,10563,0.0987
459,459000,0.100,-0.262,10560,0.0998
460,460000,0.100,-0.321,10568,0.0969
461,461000,0.100,0.288,10558,0.1006
462,462000,0.100,-0.342,10571,0.0958
463,463000,0.100,-0.262,10560,0.0998
464,464000,0.100,-0.321,10568,0.0969
465,465000,0.100,0.288,10558,0.1006
466,466000,0.100,0.296,10557,0.1009
467,467000,0.100,0.507,10528,0.1115
468,468000,0.100,-0.321,10568,0.0969
469,469000,0.100,-0.284,10563,0.0987
470,470000,0.100,-0.350,10572,0.0955
471,471000,0.100,-0.262,10560,0.0998
472,472000,0.100,0.317,10554,0.1020
473,473000,0.100,-0.277,10562,0.0991
474,474000,0.100,-0.262,10560,0.0998
475,475000,0.100,-0.262,10560,0.0998
476,476000,0.100,0.303,10556,0.1013
477,477000,0.100,-0.291,10564,0.0984
478,478000,0.100,-0.262,10560,0.0998
479,479000,0.100,-0.277,10562,0.0991
480,480000,0.100,-0.277,10562,0.0991
481,481000,0.100,0.288,10558,0.1006
482,482000,0.100,-0.277,10562,0.0991
483,483000,0.100,-0.262,10560,0.0998
484,484000,0.100,-0.342,10571,0.0958
485,485000,0.100,-0.284,10563,0.0987
486,486000,0.100,0.288,10558,0.1006
487,487000,0.100,-0.321,10568,0.0969
488,488000,0.100,-0.364,10574,0.0947
489,489000,0.100,0.492,10530,0.1108
490,490000,0.100,0.296,10557,0.1009
491,491000,0.100,-0.284,10563,0.0987
492,492000,0.100,-0.262,10560,0.0998
493,493000,0.100,0.281,10559,0.1002
494,494000,0.100,-0.335,10570,0.0962
495,495000,0.100,-0.459,10587,0.0900
496,496000,0.100,-0.284,10563,0.0987
497,497000,0.100,-0.262,10560,0.0998
498,498000,0.100,0.288,10558,0.1006
499,499000,0.100,-0.284,10563,0.0987
500,500000,0.100,-0.496,10592,0.0882
501,501000,0.100,-0.277,10562,0.0991
502,502000,0.100,-0.350,10572,0.0955
503,503000,0.100,0.303,10556,0.1013
504,504000,0.100,-0.291,10564,0.0984
505,505000,0.100,0.317,10554,0.1020
506,506000,0.100,0.303,10556,0.1013
507,507000,0.100,-0.321,10568,0.0969
508,508000,0.100,-0.335,10570,0.0962
509,509000,0.100,0.288,10558,0.1006
510,510000,0.100,-0.284,10563,0.0987
511,511000,0.100,-0.328,10569,0.0966
512,512000,0.100,-0.364,10574,0.0947
513,513000,0.100,0.332,10552,0.1028
514,514000,0.100,0.332,10552,0.1028
515,515000,0.100,-0.284,10563,0.0987
516,516000,0.100,-0.284,10563,0.0987
517,517000,0.100,-0.277,10562,0.0991
518,518000,0.100,-0.321,10568,0.0969
519,519000,0.100,0.317,10554,0.1020
520,520000,0.100,-0.277,10562,0.0991
521,521000,0.100,0.296,10557,0.1009
522,522000,0.100,-0.277,10562,0.0991
523,523000,0.100,-0.277,10562,0.0991
524,524000,0.100,-0.277,10562,0.0991
525,525000,0.100,-0.306,10566,0.0977
526,526000,0.100,-0.262,10560,0.0998
527,527000,0.100,0.288,10558,0.1006
528,528000,0.100,-0.262,10560,0.0998
529,529000,0.100,0.288,10558,0.1006
530,530000,0.100,0.369,10547,0.1046
531,531000,0.100,-0.262,10560,0.0998
532,532000,0.100,-0.262,10560,0.0998
533,533000,0.100,-0.284,10563,0.0987
534,534000,0.100,-0.277,10562,0.0991
535,535000,0.100,-0.277,10562,0.0991
536,536000,0.100,0.390,10544,0.1057
537,537000,0.100,-0.277,10562,0.0991
538,538000,0.100,-0.321,10568,0.0969
539,539000,0.100,-0.262,10560,0.0998
540,540000,0.100,-0.306,10566,0.0977
541,541000,0.100,0.288,10558,0.1006
542,542000,0.100,-0.291,10564,0.0984
543,543000,0.100,0.288,10558,0.1006
544,544000,0.100,0.303,10556,0.1013
545,545000,0.100,0.376,10546,0.1049
546,546000,0.100,0.317,10554,0.1020
547,547000,0.100,-0.262,10560,0.0998
548,548000,0.100,-0.262,10560,0.0998
549,549000,0.100,0.325,10553,0.1024
550,550000,0.100,-0.277,10562,0.0991
551,551000,0.100,-0.284,10563,0.0987
552,552000,0.100,-0.262,10560,0.0998
553,553000,0.100,-0.262,10560,0.0998
554,554000,0.100,0.303,10556,0.1013
555,555000,0.100,-0.262,10560,0.0998
556,556000,0.100,-0.277,10562,0.0991
557,557000,0.100,-0.262,10560,0.0998
558,558000,0.100,0.303,10556,0.1013
559,559000,0.100,-0.321,10568,0.0969
560,560000,0.100,-0.262,10560,0.0998
561,561000,0.100,-0.284,10563,0.0987
562,562000,0.100,-0.277,10562,0.0991
563,563000,0.100,0.288,10558,0.1006
564,564000,0.100,0.288,10558,0.1006
565,565000,0.100,0.777,10491,0.1250
566,566000,0.100,-0.291,10564,0.0984
567,567000,0.100,-0.277,10562,0.0991
568,568000,0.100,-0.270,10561,0.0995
569,569000,0.100,-0.277,10562,0.0991
570,570000,0.100,0.288,10558,0.1006
571,571000,0.100,-0.379,10576,0.0940
572,572000,0.100,-0.277,10562,0.0991
573,573000,0.100,0.288,10558,0.1006
574,574000,0.100,0.347,10550,0.1035
575,575000,0.100,-0.284,10563,0.0987
576,576000,0.100,-0.284,10563,0.0987
577,577000,0.100,-0.277,10562,0.0991
578,578000,0.100,0.325,10553,0.1024
579,579000,0.100,0.288,10558,0.1006
580,580000,0.100,-0.284,10563,0.0987
581,581000,0.100,-0.262,10560,0.0998
582,582000,0.100,-0.262,10560,0.0998
583,583000,0.100,-0.277,10562,0.0991
584,584000,0.100,0.288,10558,0.1006
585,585000,0.100,-0.401,10579,0.0929
586,586000,0.100,-0.306,10566,0.0977
587,587000,0.100,-0.262,10560,0.0998
588,588000,0.100,-0.277,10562,0.0991
589,589000,0.100,-0.262,10560,0.0998
590,590000,0.100,-0.262,10560,0.0998
591,591000,0.100,-0.277,10562,0.0991
592,592000,0.100,-0.277,10562,0.0991
593,593000,0.100,-0.262,10560,0.0998
594,594000,0.100,-0.277,10562,0.0991
595,595000,0.100,-0.306,10566,0.0977
596,596000,0.100,-0.262,10560,0.0998
597,597000,0.100,0.310,10555,0.1017
598,598000,0.100,0.317,10554,0.1020
599,599000,0.100,0.317,10554,0.1020
# end capture 7
# capture 8 kp=-20.00 dir=- dt_us=1000 samples=600 sat=0
0,0,-0.100,4.274,10560,0.0998
1,1000,-0.100,4.245,10564,0.0984
2,2000,-0.100,4.274,10560,0.0998
3,3000,-0.100,4.347,10550,0.1035
4,4000,-0.100,4.332,10552,0.1028
5,5000,-0.100,4.245,10564,0.0984
6,6000,-0.100,4.172,10574,0.0947
7,7000,-0.100,4.157,10576,0.0940
8,8000,-0.100,4.143,10578,0.0933
9,9000,-0.100,3.982,10600,0.0853
10,10000,-0.100,4.070,10588,0.0896
11,11000,-0.100,4.026,10594,0.0874
12,12000,-0.100,3.953,10604,0.0838
13,13000,-0.100,3.749,10632,0.0736
14,14000,-0.100,3.807,10624,0.0765
15,15000,-0.100,3.720,10636,0.0721
16,16000,-0.100,3.734,10634,0.0729
17,17000,-0.100,3.654,10645,0.0689
18,18000,-0.100,3.574,10656,0.0648
19,19000,-0.100,3.443,10674,0.0583
20,20000,-0.100,3.632,10648,0.0678
21,21000,-0.100,3.341,10688,0.0532
22,22000,-0.100,3.472,10670,0.0597
23,23000,-0.100,3.239,10702,0.0481
24,24000,-0.100,3.275,10697,0.0499
25,25000,-0.100,3.253,10700,0.0488
26,26000,-0.100,3.195,10708,0.0459
27,27000,-0.100,2.918,10746,0.0320
28,28000,-0.100,2.830,10758,0.0277
29,29000,-0.100,2.757,10768,0.0240
30,30000,-0.100,2.582,10792,0.0153
31,31000,-0.100,2.524,10800,0.0124
32,32000,-0.100,2.444,10811,0.0083
33,33000,-0.100,2.480,10806,0.0102
34,34000,-0.100,2.291,10832,0.0007
35,35000,-0.100,2.218,10842,-0.0030
36,36000,-0.100,2.094,10859,-0.0092
37,37000,-0.100,2.036,10867,-0.0121
38,38000,-0.100,1.955,10878,-0.0161
39,39000,-0.100,1.824,10896,-0.0226
40,40000,-0.100,1.802,10899,-0.0237
41,41000,-0.100,1.737,10908,-0.0270
42,42000,-0.100,1.635,10922,-0.0321
43,43000,-0.100,1.562,10932,-0.0358
44,44000,-0.100,1.241,10976,-0.0518
45,45000,-0.100,1.416,10952,-0.0431
46,46000,-0.100,1.285,10970,-0.0496
47,47000,-0.100,1.445,10948,-0.0416
48,48000,-0.100,1.139,10990,-0.0569
49,49000,-0.100,0.993,11010,-0.0642
50,50000,-0.100,1.044,11003,-0.0616
51,51000,-0.100,0.949,11016,-0.0664
52,52000,-0.100,0.891,11024,-0.0693
53,53000,-0.100,0.855,11029,-0.0711
54,54000,-0.100,0.833,11032,-0.0722
55,55000,-0.100,0.716,11048,-0.0780
56,56000,-0.100,0.658,11056,-0.0810
57,57000,-0.100,0.592,11065,-0.0842
58,58000,-0.100,0.541,11072,-0.0868
59,59000,-0.100,0.483,11080,-0.0897
60,60000,-0.100,0.293,11106,-0.0992
61,61000,-0.100,0.352,11098,-0.0963
62,62000,-0.100,0.410,11090,-0.0934
63,63000,-0.100,0.308,11104,-0.0985
64,64000,-0.100,-0.272,11110,-0.1006
65,65000,-0.100,-0.316,11116,-0.1028
66,66000,-0.100,-0.359,11122,-0.1050
67,67000,-0.100,-0.403,11128,-0.1072
68,68000,-0.100,-0.483,11139,-0.1112
69,69000,-0.100,-0.520,11144,-0.1130
70,70000,-0.100,-0.505,11142,-0.1123
71,71000,-0.100,-0.359,11122,-0.1050
72,72000,-0.100,-0.534,11146,-0.1138
73,73000,-0.100,-0.636,11160,-0.1189
74,74000,-0.100,-0.622,11158,-0.1181
75,75000,-0.100,-0.636,11160,-0.1189
76,76000,-0.100,-0.855,11190,-0.1298
77,77000,-0.100,-0.680,11166,-0.1211
78,78000,-0.100,-0.636,11160,-0.1189
79,79000,-0.100,-0.673,11165,-0.1207
80,80000,-0.100,-0.658,11163,-0.1200
81,81000,-0.100,-0.702,11169,-0.1222
82,82000,-0.100,-0.709,11170,-0.1225
83,83000,-0.100,-0.724,11172,-0.1232
84,84000,-0.100,-0.702,11169,-0.1222
85,85000,-0.100,-0.739,11174,-0.1240
86,86000,-0.100,-0.709,11170,-0.1225
87,87000,-0.100,-0.739,11174,-0.1240
88,88000,-0.100,-0.753,11176,-0.1247
89,89000,-0.100,-0.811,11184,-0.1276
90,90000,-0.100,-0.753,11176,-0.1247
91,91000,-0.100,-0.768,11178,-0.1254
92,92000,-0.100,-0.753,11176,-0.1247
93,93000,-0.100,-0.739,11174,-0.1240
94,94000,-0.100,-0.717,11171,-0.1229
95,95000,-0.100,-0.826,11186,-0.1284
96,96000,-0.100,-0.709,11170,-0.1225
97,97000,-0.100,-0.753,11176,-0.1247
98,98000,-0.100,-0.622,11158,-0.1181
99,99000,-0.100,-0.797,11182,-0.1269
100,100000,-0.100,-0.709,11170,-0.1225
101,101000,-0.100,-0.768,11178,-0.1254
102,102000,-0.100,-0.724,11172,-0.1232
103,103000,-0.100,-0.695,11168,-0.1218
104,104000,-0.100,-0.724,11172,-0.1232
105,105000,-0.100,-0.782,11180,-0.1262
106,106000,-0.100,-0.870,11192,-0.1305
107,107000,-0.100,-0.680,11166,-0.1211
108,108000,-0.100,-0.636,11160,-0.1189
109,109000,-0.100,-0.724,11172,-0.1232
110,110000,-0.100,-0.717,11171,-0.1229
111,111000,-0.100,-0.636,11160,-0.1189
112,112000,-0.100,-0.622,11158,-0.1181
113,113000,-0.100,-0.622,11158,-0.1181
114,114000,-0.100,-0.593,11154,-0.1167
115,115000,-0.100,-0.549,11148,-0.1145
116,116000,-0.100,-0.564,11150,-0.1152
117,117000,-0.100,-0.593,11154,-0.1167
118,118000,-0.100,-0.520,11144,-0.1130
119,119000,-0.100,-0.491,11140,-0.1116
120,120000,-0.100,-0.505,11142,-0.1123
121,121000,-0.100,-0.520,11144,-0.1130
122,122000,-0.100,-0.505,11142,-0.1123
123,123000,-0.100,-0.418,11130,-0.1079
124,124000,-0.100,-0.957,11204,-0.1349
125,125000,-0.100,-0.359,11122,-0.1050
126,126000,-0.100,0.403,11091,-0.0937
127,127000,-0.100,-0.389,11126,-0.1065
128,128000,-0.100,-0.367,11123,-0.1054
129,129000,-0.100,-0.447,11134,-0.1094
130,130000,-0.100,-0.367,11123,-0.1054
131,131000,-0.100,-0.345,11120,-0.1043
132,132000,-0.100,-0.308,11115,-0.1025
133,133000,-0.100,-0.301,11114,-0.1021
134,134000,-0.100,-0.301,11114,-0.1021
135,135000,-0.100,-0.316,11116,-0.1028
136,136000,-0.100,-0.301,11114,-0.1021
137,137000,-0.100,-0.272,11110,-0.1006
138,138000,-0.100,-0.301,11114,-0.1021
139,139000,-0.100,0.293,11106,-0.0992
140,140000,-0.100,0.293,11106,-0.0992
141,141000,-0.100,-0.287,11112,-0.1014
142,142000,-0.100,0.293,11106,-0.0992
143,143000,-0.100,0.337,11100,-0.0970
144,144000,-0.100,0.344,11099,-0.0966
145,145000,-0.100,0.279,11108,-0.0999
146,146000,-0.100,0.322,11102,-0.0977
147,147000,-0.100,0.286,11107,-0.0996
148,148000,-0.100,0.352,11098,-0.0963
149,149000,-0.100,0.381,11094,-0.0948
150,150000,-0.100,0.352,11098,-0.0963
151,151000,-0.100,0.381,11094,-0.0948
152,152000,-0.100,0.395,11092,-0.0941
153,153000,-0.100,0.381,11094,-0.0948
154,154000,-0.100,0.410,11090,-0.0934
155,155000,-0.100,0.585,11066,-0.0846
156,156000,-0.100,-0.330,11118,-0.1036
157,157000,-0.100,0.337,11100,-0.0970
158,158000,-0.100,0.337,11100,-0.0970
159,159000,-0.100,0.308,11104,-0.0985
160,160000,-0.100,0.381,11094,-0.0948
161,161000,-0.100,0.322,11102,-0.0977
162,162000,-0.100,-0.345,11120,-0.1043
163,163000,-0.100,0.359,11097,-0.0959
164,164000,-0.100,0.352,11098,-0.0963
165,165000,-0.100,0.403,11091,-0.0937
166,166000,-0.100,0.366,11096,-0.0955
167,167000,-0.100,0.410,11090,-0.0934
168,168000,-0.100,0.395,11092,-0.0941
169,169000,-0.100,0.308,11104,-0.0985
170,170000,-0.100,0.395,11092,-0.0941
171,171000,-0.100,0.337,11100,-0.0970
172,172000,-0.100,0.352,11098,-0.0963
173,173000,-0.100,0.410,11090,-0.0934
174,174000,-0.100,0.344,11099,-0.0966
175,175000,-0.100,0.403,11091,-0.0937
176,176000,-0.100,0.330,11101,-0.0974
177,177000,-0.100,0.352,11098,-0.0963
178,178000,-0.100,0.322,11102,-0.0977
179,179000,-0.100,0.366,11096,-0.0955
180,180000,-0.100,0.352,11098,-0.0963
181,181000,-0.100,0.337,11100,-0.0970
182,182000,-0.100,0.337,11100,-0.0970
183,183000,-0.100,0.308,11104,-0.0985
184,184000,-0.100,0.322,11102,-0.0977
185,185000,-0.100,0.308,11104,-0.0985
186,186000,-0.100,-0.403,11128,-0.1072
187,187000,-0.100,0.322,11102,-0.0977
188,188000,-0.100,0.293,11106,-0.0992
189,189000,-0.100,0.322,11102,-0.0977
190,190000,-0.100,0.279,11108,-0.0999
191,191000,-0.100,0.395,11092,-0.0941
192,192000,-0.100,-0.272,11110,-0.1006
193,193000,-0.100,-0.287,11112,-0.1014
194,194000,-0.100,-0.301,11114,-0.1021
195,195000,-0.100,0.293,11106,-0.0992
196,196000,-0.100,0.286,11107,-0.0996
197,197000,-0.100,-0.272,11110,-0.1006
198,198000,-0.100,-0.301,11114,-0.1021
199,199000,-0.100,0.286,11107,-0.0996
200,200000,-0.100,0.308,11104,-0.0985
201,201000,-0.100,-0.308,11115,-0.1025
202,202000,-0.100,0.286,11107,-0.0996
203,203000,-0.100,-0.359,11122,-0.1050
204,204000,-0.100,-0.768,11178,-0.1254
205,205000,-0.100,-0.389,11126,-0.1065
206,206000,-0.100,-0.301,11114,-0.1021
207,207000,-0.100,-0.287,11112,-0.1014
208,208000,-0.100,-0.301,11114,-0.1021
209,209000,-0.100,-0.345,11120,-0.1043
210,210000,-0.100,-0.272,11110,-0.1006
211,211000,-0.100,0.279,11108,-0.0999
212,212000,-0.100,-0.287,11112,-0.1014
213,213000,-0.100,-0.287,11112,-0.1014
214,214000,-0.100,0.322,11102,-0.0977
215,215000,-0.100,-0.316,11116,-0.1028
216,216000,-0.100,-0.287,11112,-0.1014
217,217000,-0.100,0.279,11108,-0.0999
218,218000,-0.100,-0.330,11118,-0.1036
219,219000,-0.100,-0.330,11118,-0.1036
220,220000,-0.100,0.322,11102,-0.0977
221,221000,-0.100,-0.301,11114,-0.1021
222,222000,-0.100,-0.265,11109,-0.1003
223,223000,-0.100,-0.359,11122,-0.1050
224,224000,-0.100,-0.316,11116,-0.1028
225,225000,-0.100,0.337,11100,-0.0970
226,226000,-0.100,-0.279,11111,-0.1010
227,227000,-0.100,0.381,11094,-0.0948
228,228000,-0.100,0.279,11108,-0.0999
229,229000,-0.100,0.293,11106,-0.0992
230,230000,-0.100,0.293,11106,-0.0992
231,231000,-0.100,0.527,11074,-0.0875
232,232000,-0.100,0.322,11102,-0.0977
233,233000,-0.100,0.322,11102,-0.0977
234,234000,-0.100,-0.287,11112,-0.1014
235,235000,-0.100,-0.308,11115,-0.1025
236,236000,-0.100,-0.301,11114,-0.1021
237,237000,-0.100,0.308,11104,-0.0985
238,238000,-0.100,-0.287,11112,-0.1014
239,239000,-0.100,-0.345,11120,-0.1043
240,240000,-0.100,-0.279,11111,-0.1010
241,241000,-0.100,-0.272,11110,-0.1006
242,242000,-0.100,-0.287,11112,-0.1014
243,243000,-0.100,-0.294,11113,-0.1017
244,244000,-0.100,0.279,11108,-0.0999
245,245000,-0.100,0.330,11101,-0.0974
246,246000,-0.100,0.308,11104,-0.0985
247,247000,-0.100,-0.301,11114,-0.1021
248,248000,-0.100,0.279,11108,-0.0999
249,249000,-0.100,-0.272,11110,-0.1006
250,250000,-0.100,-0.359,11122,-0.1050
251,251000,-0.100,-0.272,11110,-0.1006
252,252000,-0.100,-0.272,11110,-0.1006
253,253000,-0.100,-0.287,11112,-0.1014
254,254000,-0.100,-0.272,11110,-0.1006
255,255000,-0.100,-0.272,11110,-0.1006
256,256000,-0.100,0.279,11108,-0.0999
257,257000,-0.100,0.454,11084,-0.0912
258,258000,-0.100,-0.272,11110,-0.1006
259,259000,-0.100,-0.272,11110,-0.1006
260,260000,-0.100,-0.287,11112,-0.1014
261,261000,-0.100,0.322,11102,-0.0977
262,262000,-0.100,-0.330,11118,-0.1036
263,263000,-0.100,0.461,11083,-0.0908
264,264000,-0.100,-0.323,11117,-0.1032
265,265000,-0.100,-0.389,11126,-0.1065
266,266000,-0.100,-0.330,11118,-0.1036
267,267000,-0.100,-0.272,11110,-0.1006
268,268000,-0.100,0.293,11106,-0.0992
269,269000,-0.100,0.322,11102,-0.0977
270,270000,-0.100,0.279,11108,-0.0999
271,271000,-0.100,-0.359,11122,-0.1050
272,272000,-0.100,0.308,11104,-0.0985
273,273000,-0.100,-0.279,11111,-0.1010
274,274000,-0.100,-0.308,11115,-0.1025
275,275000,-0.100,-0.265,11109,-0.1003
276,276000,-0.100,0.279,11108,-0.0999
277,277000,-0.100,-0.301,11114,-0.1021
278,278000,-0.100,0.527,11074,-0.0875
279,279000,-0.100,-0.287,11112,-0.1014
280,280000,-0.100,-0.301,11114,-0.1021
281,281000,-0.100,-0.294,11113,-0.1017
282,282000,-0.100,-0.301,11114,-0.1021
283,283000,-0.100,-0.272,11110,-0.1006
284,284000,-0.100,0.308,11104,-0.0985
285,285000,-0.100,0.279,11108,-0.0999
286,286000,-0.100,-0.301,11114,-0.1021
287,287000,-0.100,0.279,11108,-0.0999
288,288000,-0.100,-0.301,11114,-0.1021
289,289000,-0.100,0.286,11107,-0.0996
290,290000,-0.100,-0.301,11114,-0.1021
291,291000,-0.100,-0.265,11109,-0.1003
292,292000,-0.100,-0.287,11112,-0.1014
293,293000,-0.100,-0.265,11109,-0.1003
294,294000,-0.100,0.308,11104,-0.0985
295,295000,-0.100,-0.301,11114,-0.1021
296,296000,-0.100,-0.265,11109,-0.1003
297,297000,-0.100,-0.374,11124,-0.1058
298,298000,-0.100,-0.272,11110,-0.1006
299,299000,-0.100,-0.287,11112,-0.1014
300,300000,-0.100,0.337,11100,-0.0970
301,301000,-0.100,-0.345,11120,-0.1043
302,302000,-0.100,-0.301,11114,-0.1021
303,303000,-0.100,-0.374,11124,-0.1058
304,304000,-0.100,-0.265,11109,-0.1003
305,305000,-0.100,-0.287,11112,-0.1014
306,306000,-0.100,0.483,11080,-0.0897
307,307000,-0.100,0.293,11106,-0.0992
308,308000,-0.100,-0.272,11110,-0.1006
309,309000,-0.100,0.658,11056,-0.0810
310,310000,-0.100,0.293,11106,-0.0992
311,311000,-0.100,-0.403,11128,-0.1072
312,312000,-0.100,0.293,11106,-0.0992
313,313000,-0.100,-0.272,11110,-0.1006
314,314000,-0.100,-0.301,11114,-0.1021
315,315000,-0.100,0.279,11108,-0.0999
316,316000,-0.100,-0.272,11110,-0.1006
317,317000,-0.100,0.424,11088,-0.0926
318,318000,-0.100,0.337,11100,-0.0970
319,319000,-0.100,0.279,11108,-0.0999
320,320000,-0.100,0.410,11090,-0.0934
321,321000,-0.100,-0.272,11110,-0.1006
322,322000,-0.100,-0.287,11112,-0.1014
323,323000,-0.100,-0.272,11110,-0.1006
324,324000,-0.100,-0.418,11130,-0.1079
325,325000,-0.100,-0.316,11116,-0.1028
326,326000,-0.100,-0.308,11115,-0.1025
327,327000,-0.100,-0.272,11110,-0.1006
328,328000,-0.100,0.322,11102,-0.0977
329,329000,-0.100,-0.287,11112,-0.1014
330,330000,-0.100,0.337,11100,-0.0970
331,331000,-0.100,0.293,11106,-0.0992
332,332000,-0.100,-0.505,11142,-0.1123
333,333000,-0.100,-0.272,11110,-0.1006
334,334000,-0.100,-0.287,11112,-0.1014
335,335000,-0.100,-0.272,11110,-0.1006
336,336000,-0.100,0.279,11108,-0.0999
337,337000,-0.100,0.286,11107,-0.0996
338,338000,-0.100,-0.272,11110,-0.1006
339,339000,-0.100,-0.308,11115,-0.1025
340,340000,-0.100,-0.345,11120,-0.1043
341,341000,-0.100,0.279,11108,-0.0999
342,342000,-0.100,0.286,11107,-0.0996
343,343000,-0.100,-0.272,11110,-0.1006
344,344000,-0.100,-0.330,11118,-0.1036
345,345000,-0.100,0.286,11107,-0.0996
346,346000,-0.100,-0.389,11126,-0.1065
347,347000,-0.100,0.308,11104,-0.0985
348,348000,-0.100,0.286,11107,-0.0996
349,349000,-0.100,-0.287,11112,-0.1014
350,350000,-0.100,-0.287,11112,-0.1014
351,351000,-0.100,0.286,11107,-0.0996
352,352000,-0.100,-0.287,11112,-0.1014
353,353000,-0.100,-0.330,11118,-0.1036
354,354000,-0.100,-0.330,11118,-0.1036
355,355000,-0.100,0.279,11108,-0.0999
356,356000,-0.100,0.308,11104,-0.0985
357,357000,-0.100,-0.287,11112,-0.1014
358,358000,-0.100,-0.294,11113,-0.1017
359,359000,-0.100,0.293,11106,-0.0992
360,360000,-0.100,-0.287,11112,-0.1014
361,361000,-0.100,-0.308,11115,-0.1025
362,362000,-0.100,-0.272,11110,-0.1006
363,363000,-0.100,-0.272,11110,-0.1006
364,364000,-0.100,0.337,11100,-0.0970
365,365000,-0.100,-0.272,11110,-0.1006
366,366000,-0.100,0.293,11106,-0.0992
367,367000,-0.100,-0.287,11112,-0.1014
368,368000,-0.100,-0.272,11110,-0.1006
369,369000,-0.100,-0.418,11130,-0.1079
370,370000,-0.100,-0.265,11109,-0.1003
371,371000,-0.100,0.286,11107,-0.0996
372,372000,-0.100,-0.345,11120,-0.1043
373,373000,-0.100,-0.301,11114,-0.1021
374,374000,-0.100,-0.272,11110,-0.1006
375,375000,-0.100,-0.316,11116,-0.1028
376,376000,-0.100,-0.345,11120,-0.1043
377,377000,-0.100,-0.279,11111,-0.1010
378,378000,-0.100,-0.272,11110,-0.1006
379,379000,-0.100,-0.301,11114,-0.1021
380,380000,-0.100,-0.367,11123,-0.1054
381,381000,-0.100,0.344,11099,-0.0966
382,382000,-0.100,0.308,11104,-0.0985
383,383000,-0.100,-0.287,11112,-0.1014
384,384000,-0.100,-0.272,11110,-0.1006
385,385000,-0.100,0.293,11106,-0.0992
386,386000,-0.100,0.279,11108,-0.0999
387,387000,-0.100,0.279,11108,-0.0999
388,388000,-0.100,0.337,11100,-0.0970
389,389000,-0.100,-0.454,11135,-0.1098
390,390000,-0.100,-0.272,11110,-0.1006
391,391000,-0.100,0.279,11108,-0.0999
392,392000,-0.100,0.279,11108,-0.0999
393,393000,-0.100,-0.272,11110,-0.1006
394,394000,-0.100,-0.272,11110,-0.1006
395,395000,-0.100,0.439,11086,-0.0919
396,396000,-0.100,0.308,11104,-0.0985
397,397000,-0.100,0.279,11108,-0.0999
398,398000,-0.100,-0.301,11114,-0.1021
399,399000,-0.100,-0.301,11114,-0.1021
400,400000,-0.100,-0.301,11114,-0.1021
401,401000,-0.100,-0.272,11110,-0.1006
402,402000,-0.100,0.279,11108,-0.0999
403,403000,-0.100,0.286,11107,-0.0996
404,404000,-0.100,-0.301,11114,-0.1021
405,405000,-0.100,-0.287,11112,-0.1014
406,406000,-0.100,-0.301,11114,-0.1021
407,407000,-0.100,-0.345,11120,-0.1043
408,408000,-0.100,0.344,11099,-0.0966
409,409000,-0.100,-0.301,11114,-0.1021
410,410000,-0.100,-0.272,11110,-0.1006
411,411000,-0.100,-0.301,11114,-0.1021
412,412000,-0.100,-0.491,11140,-0.1116
413,413000,-0.100,0.279,11108,-0.0999
414,414000,-0.100,0.308,11104,-0.0985
415,415000,-0.100,-0.272,11110,-0.1006
416,416000,-0.100,-0.287,11112,-0.1014
417,417000,-0.100,-0.279,11111,-0.1010
418,418000,-0.100,-0.272,11110,-0.1006
419,419000,-0.100,-0.272,11110,-0.1006
420,420000,-0.100,0.308,11104,-0.0985
421,421000,-0.100,0.279,11108,-0.0999
422,422000,-0.100,-0.287,11112,-0.1014
423,423000,-0.100,-0.287,11112,-0.1014
424,424000,-0.100,0.279,11108,-0.0999
425,425000,-0.100,0.293,11106,-0.0992
426,426000,-0.100,-0.272,11110,-0.1006
427,427000,-0.100,0.286,11107,-0.0996
428,428000,-0.100,-0.272,11110,-0.1006
429,429000,-0.100,0.293,11106,-0.0992
430,430000,-0.100,-0.287,11112,-0.1014
431,431000,-0.100,-0.287,11112,-0.1014
432,432000,-0.100,-0.272,11110,-0.1006
433,433000,-0.100,0.322,11102,-0.0977
434,434000,-0.100,0.293,11106,-0.0992
435,435000,-0.100,-0.287,11112,-0.1014
436,436000,-0.100,0.330,11101,-0.0974
437,437000,-0.100,-0.265,11109,-0.1003
438,438000,-0.100,-0.272,11110,-0.1006
439,439000,-0.100,0.308,11104,-0.0985
440,440000,-0.100,0.395,11092,-0.0941
441,441000,-0.100,0.308,11104,-0.0985
442,442000,-0.100,-0.287,11112,-0.1014
443,443000,-0.100,-0.330,11118,-0.1036
444,444000,-0.100,-0.287,11112,-0.1014
445,445000,-0.100,-0.272,11110,-0.1006
446,446000,-0.100,-0.287,11112,-0.1014
447,447000,-0.100,-0.272,11110,-0.1006
448,448000,-0.100,-0.287,11112,-0.1014
449,449000,-0.100,0.293,11106,-0.0992
450,450000,-0.100,-0.301,11114,-0.1021
451,451000,-0.100,-0.287,11112,-0.1014
452,452000,-0.100,-0.367,11123,-0.1054
453,453000,-0.100,0.293,11106,-0.0992
454,454000,-0.100,-0.287,11112,-0.1014
455,455000,-0.100,0.279,11108,-0.0999
456,456000,-0.100,-0.301,11114,-0.1021
457,457000,-0.100,0.308,11104,-0.0985
458,458000,-0.100,-0.272,11110,-0.1006
459,459000,-0.100,0.293,11106,-0.0992
460,460000,-0.100,0.279,11108,-0.0999
461,461000,-0.100,0.315,11103,-0.0981
462,462000,-0.100,0.286,11107,-0.0996
463,463000,-0.100,0.315,11103,-0.0981
464,464000,-0.100,0.286,11107,-0.0996
465,465000,-0.100,0.424,11088,-0.0926
466,466000,-0.100,0.279,11108,-0.0999
467,467000,-0.100,0.286,11107,-0.0996
468,468000,-0.100,0.322,11102,-0.0977
469,469000,-0.100,-0.272,11110,-0.1006
470,470000,-0.100,-0.272,11110,-0.1006
471,471000,-0.100,0.570,11068,-0.0853
472,472000,-0.100,0.279,11108,-0.0999
473,473000,-0.100,-0.265,11109,-0.1003
474,474000,-0.100,0.279,11108,-0.0999
475,475000,-0.100,0.286,11107,-0.0996
476,476000,-0.100,-0.367,11123,-0.1054
477,477000,-0.100,-0.330,11118,-0.1036
478,478000,-0.100,-0.338,11119,-0.1039
479,479000,-0.100,-0.301,11114,-0.1021
480,480000,-0.100,-0.359,11122,-0.1050
481,481000,-0.100,0.308,11104,-0.0985
482,482000,-0.100,0.293,11106,-0.0992
483,483000,-0.100,-0.287,11112,-0.1014
484,484000,-0.100,-0.272,11110,-0.1006
485,485000,-0.100,-0.301,11114,-0.1021
486,486000,-0.100,0.293,11106,-0.0992
487,487000,-0.100,0.279,11108,-0.0999
488,488000,-0.100,-0.622,11158,-0.1181
489,489000,-0.100,0.308,11104,-0.0985
490,490000,-0.100,0.293,11106,-0.0992
491,491000,-0.100,-0.287,11112,-0.1014
492,492000,-0.100,-0.593,11154,-0.1167
493,493000,-0.100,-0.279,11111,-0.1010
494,494000,-0.100,0.293,11106,-0.0992
495,495000,-0.100,-0.272,11110,-0.1006
496,496000,-0.100,0.293,11106,-0.0992
497,497000,-0.100,-0.287,11112,-0.1014
498,498000,-0.100,-0.265,11109,-0.1003
499,499000,-0.100,0.293,11106,-0.0992
500,500000,-0.100,0.293,11106,-0.0992
501,501000,-0.100,-0.287,11112,-0.1014
502,502000,-0.100,0.293,11106,-0.0992
503,503000,-0.100,-0.287,11112,-0.1014
504,504000,-0.100,-0.308,11115,-0.1025
505,505000,-0.100,-0.287,11112,-0.1014
506,506000,-0.100,-0.301,11114,-0.1021
507,507000,-0.100,0.337,11100,-0.0970
508,508000,-0.100,-0.301,11114,-0.1021
509,509000,-0.100,-0.345,11120,-0.1043
510,510000,-0.100,0.424,11088,-0.0926
511,511000,-0.100,0.293,11106,-0.0992
512,512000,-0.100,0.293,11106,-0.0992
513,513000,-0.100,-0.272,11110,-0.1006
514,514000,-0.100,0.286,11107,-0.0996
515,515000,-0.100,-0.265,11109,-0.1003
516,516000,-0.100,-0.272,11110,-0.1006
517,517000,-0.100,0.286,11107,-0.0996
518,518000,-0.100,0.308,11104,-0.0985
519,519000,-0.100,0.337,11100,-0.0970
520,520000,-0.100,0.293,11106,-0.0992
521,521000,-0.100,0.308,11104,-0.0985
522,522000,-0.100,0.293,11106,-0.0992
523,523000,-0.100,-0.330,11118,-0.1036
524,524000,-0.100,0.629,11060,-0.0824
525,525000,-0.100,-0.301,11114,-0.1021
526,526000,-0.100,-0.308,11115,-0.1025
527,527000,-0.100,0.308,11104,-0.0985
528,528000,-0.100,0.352,11098,-0.0963
529,529000,-0.100,0.293,11106,-0.0992
530,530000,-0.100,-0.272,11110,-0.1006
531,531000,-0.100,0.293,11106,-0.0992
532,532000,-0.100,0.344,11099,-0.0966
533,533000,-0.100,0.293,11106,-0.0992
534,534000,-0.100,0.286,11107,-0.0996
535,535000,-0.100,-0.330,11118,-0.1036
536,536000,-0.100,-0.272,11110,-0.1006
537,537000,-0.100,-0.287,11112,-0.1014
538,538000,-0.100,0.293,11106,-0.0992
539,539000,-0.100,0.366,11096,-0.0955
540,540000,-0.100,-0.403,11128,-0.1072
541,541000,-0.100,-0.272,11110,-0.1006
542,542000,-0.100,-0.359,11122,-0.1050
543,543000,-0.100,0.293,11106,-0.0992
544,544000,-0.100,0.293,11106,-0.0992
545,545000,-0.100,0.322,11102,-0.0977
546,546000,-0.100,-0.265,11109,-0.1003
547,547000,-0.100,-0.359,11122,-0.1050
548,548000,-0.100,-0.272,11110,-0.1006
549,549000,-0.100,-0.330,11118,-0.1036
550,550000,-0.100,0.308,11104,-0.0985
551,551000,-0.100,0.352,11098,-0.0963
552,552000,-0.100,0.279,11108,-0.0999
553,553000,-0.100,0.337,11100,-0.0970
554,554000,-0.100,0.293,11106,-0.0992
555,555000,-0.100,-0.418,11130,-0.1079
556,556000,-0.100,-0.272,11110,-0.1006
557,557000,-0.100,-0.403,11128,-0.1072
558,558000,-0.100,0.308,11104,-0.0985
559,559000,-0.100,0.293,11106,-0.0992
560,560000,-0.100,0.301,11105,-0.0988
561,561000,-0.100,0.352,11098,-0.0963
562,562000,-0.100,-0.287,11112,-0.1014
563,563000,-0.100,-0.272,11110,-0.1006
564,564000,-0.100,0.308,11104,-0.0985
565,565000,-0.100,-0.265,11109,-0.1003
566,566000,-0.100,0.293,11106,-0.0992
567,567000,-0.100,-0.345,11120,-0.1043
568,568000,-0.100,0.322,11102,-0.0977
569,569000,-0.100,0.454,11084,-0.0912
570,570000,-0.100,-0.272,11110,-0.1006
571,571000,-0.100,-0.330,11118,-0.1036
572,572000,-0.100,-0.461,11136,-0.1101
573,573000,-0.100,-0.301,11114,-0.1021
574,574000,-0.100,0.279,11108,-0.0999
575,575000,-0.100,-0.272,11110,-0.1006
576,576000,-0.100,-0.359,11122,-0.1050
577,577000,-0.100,0.308,11104,-0.0985
578,578000,-0.100,0.366,11096,-0.0955
579,579000,-0.100,0.293,11106,-0.0992
580,580000,-0.100,0.293,11106,-0.0992
581,581000,-0.100,0.279,11108,-0.0999
582,582000,-0.100,0.279,11108,-0.0999
583,583000,-0.100,0.308,11104,-0.0985
584,584000,-0.100,-0.272,11110,-0.1006
585,585000,-0.100,0.293,11106,-0.0992
586,586000,-0.100,-0.272,11110,-0.1006
587,587000,-0.100,0.585,11066,-0.0846
588,588000,-0.100,-0.352,11121,-0.1047
589,589000,-0.100,-0.483,11139,-0.1112
590,590000,-0.100,-0.301,11114,-0.1021
591,591000,-0.100,-0.308,11115,-0.1025
592,592000,-0.100,0.293,11106,-0.0992
593,593000,-0.100,0.322,11102,-0.0977
594,594000,-0.100,0.381,11094,-0.0948
595,595000,-0.100,0.352,11098,-0.0963
596,596000,-0.100,-0.287,11112,-0.1014
597,597000,-0.100,-0.330,11118,-0.1036
598,598000,-0.100,0.322,11102,-0.0977
599,599000,-0.100,0.322,11102,-0.0977
# end capture 8
# batch capture 5/5
# capture 9 kp=-20.00 dir=+ dt_us=1000 samples=600 sat=0
0,0,0.100,-4.272,11110,-0.1006
1,1000,0.100,-4.287,11112,-0.1014
2,2000,0.100,-4.155,11094,-0.0948
3,3000,0.100,-4.308,11115,-0.1025
4,4000,0.100,-4.272,11110,-0.1006
5,5000,0.100,-4.287,11112,-0.1014
6,6000,0.100,-4.301,11114,-0.1021
7,7000,0.100,-4.257,11108,-0.0999
8,8000,0.100,-4.192,11099,-0.0966
9,9000,0.100,-4.068,11082,-0.0904
10,10000,0.100,-4.075,11083,-0.0908
11,11000,0.100,-3.951,11066,-0.0846
12,12000,0.100,-4.024,11076,-0.0883
13,13000,0.100,-3.995,11072,-0.0868
14,14000,0.100,-3.864,11054,-0.0802
15,15000,0.100,-3.805,11046,-0.0773
16,16000,0.100,-3.732,11036,-0.0737
17,17000,0.100,-3.616,11020,-0.0678
18,18000,0.100,-3.572,11014,-0.0657
19,19000,0.100,-3.025,10939,-0.0383
20,20000,0.100,-3.441,10996,-0.0591
21,21000,0.100,-3.412,10992,-0.0576
22,22000,0.100,-2.989,10934,-0.0365
23,23000,0.100,-3.178,10960,-0.0460
24,24000,0.100,-3.062,10944,-0.0401
25,25000,0.100,-3.018,10938,-0.0379
26,26000,0.100,-2.989,10934,-0.0365
27,27000,0.100,-2.814,10910,-0.0277
28,28000,0.100,-2.828,10912,-0.0285
29,29000,0.100,-2.653,10888,-0.0197
30,30000,0.100,-2.675,10891,-0.0208
31,31000,0.100,-2.639,10886,-0.0190
32,32000,0.100,-2.493,10866,-0.0117
33,33000,0.100,-2.435,10858,-0.0088
34,34000,0.100,-2.347,10846,-0.0044
35,35000,0.100,-2.260,10834,-0.0000
36,36000,0.100,-2.187,10824,0.0036
37,37000,0.100,-2.129,10816,0.0065
38,38000,0.100,-1.997,10798,0.0131
39,39000,0.100,-2.034,10803,0.0113
40,40000,0.100,-2.129,10816,0.0065
41,41000,0.100,-1.779,10768,0.0240
42,42000,0.100,-1.779,10768,0.0240
43,43000,0.100,-1.633,10748,0.0313
44,44000,0.100,-1.604,10744,0.0328
45,45000,0.100,-1.487,10728,0.0386
46,46000,0.100,-1.443,10722,0.0408
47,47000,0.100,-1.356,10710,0.0452
48,48000,0.100,-1.312,10704,0.0473
49,49000,0.100,-1.210,10690,0.0525
50,50000,0.100,-0.977,10658,0.0641
51,51000,0.100,-1.057,10669,0.0601
52,52000,0.100,-1.013,10663,0.0623
53,53000,0.100,-0.977,10658,0.0641
54,54000,0.100,-0.889,10646,0.0685
55,55000,0.100,-0.743,10626,0.0758
56,56000,0.100,-0.743,10626,0.0758
57,57000,0.100,-0.743,10626,0.0758
58,58000,0.100,-0.845,10640,0.0707
59,59000,0.100,-0.554,10600,0.0853
60,60000,0.100,-0.525,10596,0.0867
61,61000,0.100,-0.437,10584,0.0911
62,62000,0.100,-0.671,10616,0.0794
63,63000,0.100,-0.364,10574,0.0947
64,64000,0.100,-0.321,10568,0.0969
65,65000,0.100,0.405,10542,0.1064
66,66000,0.100,0.310,10555,0.1017
67,67000,0.100,0.332,10552,0.1028
68,68000,0.100,0.390,10544,0.1057
69,69000,0.100,0.383,10545,0.1053
70,70000,0.100,0.449,10536,0.1086
71,71000,0.100,0.471,10533,0.1097
72,72000,0.100,0.529,10525,0.1126
73,73000,0.100,0.449,10536,0.1086
74,74000,0.100,0.463,10534,0.1093
75,75000,0.100,-0.379,10576,0.0940
76,76000,0.100,0.558,10521,0.1141
77,77000,0.100,0.565,10520,0.1144
78,78000,0.100,0.624,10512,0.1173
79,79000,0.100,0.624,10512,0.1173
80,80000,0.100,0.609,10514,0.1166
81,81000,0.100,0.507,10528,0.1115
82,82000,0.100,0.667,10506,0.1195
83,83000,0.100,0.580,10518,0.1151
84,84000,0.100,0.667,10506,0.1195
85,85000,0.100,0.697,10502,0.1210
86,86000,0.100,0.667,10506,0.1195
87,87000,0.100,0.573,10519,0.1148
88,88000,0.100,0.682,10504,0.1203
89,89000,0.100,0.697,10502,0.1210
90,90000,0.100,0.638,10510,0.1181
91,91000,0.100,0.609,10514,0.1166
92,92000,0.100,0.682,10504,0.1203
93,93000,0.100,0.697,10502,0.1210
94,94000,0.100,0.726,10498,0.1224
95,95000,0.100,0.762,10493,0.1243
96,96000,0.100,0.718,10499,0.1221
97,97000,0.100,0.682,10504,0.1203
98,98000,0.100,0.777,10491,0.1250
99,99000,0.100,0.740,10496,0.1232
100,100000,0.100,0.697,10502,0.1210
101,101000,0.100,0.755,10494,0.1239
102,102000,0.100,0.777,10491,0.1250
103,103000,0.100,0.660,10507,0.1192
104,104000,0.100,0.828,10484,0.1275
105,105000,0.100,0.711,10500,0.1217
106,106000,0.100,0.704,10501,0.1213
107,107000,0.100,0.682,10504,0.1203
108,108000,0.100,0.638,10510,0.1181
109,109000,0.100,0.376,10546,0.1049
110,110000,0.100,0.697,10502,0.1210
111,111000,0.100,0.667,10506,0.1195
112,112000,0.100,0.675,10505,0.1199
113,113000,0.100,0.616,10513,0.1170
114,114000,0.100,0.587,10517,0.1155
115,115000,0.100,0.653,10508,0.1188
116,116000,0.100,0.587,10517,0.1155
117,117000,0.100,0.580,10518,0.1151
118,118000,0.100,0.565,10520,0.1144
119,119000,0.100,0.565,10520,0.1144
120,120000,0.100,0.529,10525,0.1126
121,121000,0.100,0.507,10528,0.1115
122,122000,0.100,0.522,10526,0.1122
123,123000,0.100,0.507,10528,0.1115
124,124000,0.100,0.478,10532,0.1100
125,125000,0.100,0.434,10538,0.1079
126,126000,0.100,0.390,10544,0.1057
127,127000,0.100,0.434,10538,0.1079
128,128000,0.100,0.434,10538,0.1079
129,129000,0.100,0.405,10542,0.1064
130,130000,0.100,0.390,10544,0.1057
131,131000,0.100,0.376,10546,0.1049
132,132000,0.100,0.434,10538,0.1079
133,133000,0.100,-0.262,10560,0.0998
134,134000,0.100,-0.445,10585,0.0907
135,135000,0.100,-0.262,10560,0.0998
136,136000,0.100,0.288,10558,0.1006
137,137000,0.100,0.303,10556,0.1013
138,138000,0.100,0.296,10557,0.1009
139,139000,0.100,0.303,10556,0.1013
140,140000,0.100,0.317,10554,0.1020
141,141000,0.100,-0.335,10570,0.0962
142,142000,0.100,-0.262,10560,0.0998
143,143000,0.100,0.485,10531,0.1104
144,144000,0.100,-0.262,10560,0.0998
145,145000,0.100,-0.291,10564,0.0984
146,146000,0.100,-0.270,10561,0.0995
147,147000,0.100,-0.335,10570,0.0962
148,148000,0.100,0.361,10548,0.1042
149,149000,0.100,-0.291,10564,0.0984
150,150000,0.100,-0.306,10566,0.0977
151,151000,0.100,-0.321,10568,0.0969
152,152000,0.100,-0.291,10564,0.0984
153,153000,0.100,-0.379,10576,0.0940
154,154000,0.100,-0.262,10560,0.0998
155,155000,0.100,-0.306,10566,0.0977
156,156000,0.100,0.296,10557,0.1009
157,157000,0.100,-0.284,10563,0.0987
158,158000,0.100,-0.328,10569,0.0966
159,159000,0.100,-0.364,10574,0.0947
160,160000,0.100,0.711,10500,0.1217
161,161000,0.100,0.317,10554,0.1020
162,162000,0.100,0.376,10546,0.1049
163,163000,0.100,0.718,10499,0.1221
164,164000,0.100,-0.291,10564,0.0984
165,165000,0.100,-0.321,10568,0.0969
166,166000,0.100,-0.321,10568,0.0969
167,167000,0.100,-0.306,10566,0.0977
168,168000,0.100,-0.277,10562,0.0991
169,169000,0.100,-0.401,10579,0.0929
170,170000,0.100,-0.284,10563,0.0987
171,171000,0.100,-0.262,10560,0.0998
172,172000,0.100,-0.335,10570,0.0962
173,173000,0.100,-0.306,10566,0.0977
174,174000,0.100,-0.306,10566,0.0977
175,175000,0.100,-0.335,10570,0.0962
176,176000,0.100,-0.277,10562,0.0991
177,177000,0.100,-0.423,10582,0.0918
178,178000,0.100,-0.277,10562,0.0991
179,179000,0.100,-0.306,10566,0.0977
180,180000,0.100,-0.321,10568,0.0969
181,181000,0.100,-0.277,10562,0.0991
182,182000,0.100,-0.306,10566,0.0977
183,183000,0.100,-0.321,10568,0.0969
184,184000,0.100,-0.321,10568,0.0969
185,185000,0.100,-0.321,10568,0.0969
186,186000,0.100,-0.350,10572,0.0955
187,187000,0.100,-0.291,10564,0.0984
188,188000,0.100,-0.335,10570,0.0962
189,189000,0.100,-0.262,10560,0.0998
190,190000,0.100,0.347,10550,0.1035
191,191000,0.100,-0.306,10566,0.0977
192,192000,0.100,-0.291,10564,0.0984
193,193000,0.100,-0.321,10568,0.0969
194,194000,0.100,-0.306,10566,0.0977
195,195000,0.100,0.332,10552,0.1028
196,196000,0.100,-0.284,10563,0.0987
197,197000,0.100,-0.284,10563,0.0987
198,198000,0.100,-0.321,10568,0.0969
199,199000,0.100,0.376,10546,0.1049
200,200000,0.100,-0.277,10562,0.0991
201,201000,0.100,-0.277,10562,0.0991
202,202000,0.100,-0.291,10564,0.0984
203,203000,0.100,-0.321,10568,0.0969
204,204000,0.100,0.398,10543,0.1060
205,205000,0.100,-0.284,10563,0.0987
206,206000,0.100,0.383,10545,0.1053
207,207000,0.100,0.303,10556,0.1013
208,208000,0.100,-0.321,10568,0.0969
209,209000,0.100,-0.350,10572,0.0955
210,210000,0.100,0.369,10547,0.1046
211,211000,0.100,0.288,10558,0.1006
212,212000,0.100,0.296,10557,0.1009
213,213000,0.100,-0.634,10611,0.0812
214,214000,0.100,0.288,10558,0.1006
215,215000,0.100,0.310,10555,0.1017
216,216000,0.100,-0.277,10562,0.0991
217,217000,0.100,-0.262,10560,0.0998
218,218000,0.100,-0.262,10560,0.0998
219,219000,0.100,0.317,10554,0.1020
220,220000,0.100,0.296,10557,0.1009
221,221000,0.100,-0.306,10566,0.0977
222,222000,0.100,-0.262,10560,0.0998
223,223000,0.100,-0.262,10560,0.0998
224,224000,0.100,-0.270,10561,0.0995
225,225000,0.100,-0.277,10562,0.0991
226,226000,0.100,0.332,10552,0.1028
227,227000,0.100,-0.277,10562,0.0991
228,228000,0.100,-0.270,10561,0.0995
229,229000,0.100,-0.328,10569,0.0966
230,230000,0.100,-0.262,10560,0.0998
231,231000,0.100,0.296,10557,0.1009
232,232000,0.100,0.288,10558,0.1006
233,233000,0.100,-0.262,10560,0.0998
234,234000,0.100,0.288,10558,0.1006
235,235000,0.100,-0.342,10571,0.0958
236,236000,0.100,0.339,10551,0.1031
237,237000,0.100,0.361,10548,0.1042
238,238000,0.100,0.317,10554,0.1020
239,239000,0.100,0.303,10556,0.1013
240,240000,0.100,0.288,10558,0.1006
241,241000,0.100,0.317,10554,0.1020
242,242000,0.100,-0.321,10568,0.0969
243,243000,0.100,-0.270,10561,0.0995
244,244000,0.100,-0.277,10562,0.0991
245,245000,0.100,0.369,10547,0.1046
246,246000,0.100,-0.277,10562,0.0991
247,247000,0.100,0.288,10558,0.1006
248,248000,0.100,0.288,10558,0.1006
249,249000,0.100,0.303,10556,0.1013
250,250000,0.100,0.376,10546,0.1049
251,251000,0.100,0.281,10559,0.1002
252,252000,0.100,-0.291,10564,0.0984
253,253000,0.100,-0.342,10571,0.0958
254,254000,0.100,0.288,10558,0.1006
255,255000,0.100,0.332,10552,0.1028
256,256000,0.100,0.303,10556,0.1013
257,257000,0.100,-0.262,10560,0.0998
258,258000,0.100,-0.321,10568,0.0969
259,259000,0.100,-0.342,10571,0.0958
260,260000,0.100,-0.262,10560,0.0998
261,261000,0.100,-0.306,10566,0.0977
262,262000,0.100,-0.262,10560,0.0998
263,263000,0.100,0.339,10551,0.1031
264,264000,0.100,-0.335,10570,0.0962
265,265000,0.100,0.310,10555,0.1017
266,266000,0.100,0.288,10558,0.1006
267,267000,0.100,0.347,10550,0.1035
268,268000,0.100,-0.474,10589,0.0893
269,269000,0.100,0.310,10555,0.1017
270,270000,0.100,-0.262,10560,0.0998
271,271000,0.100,0.303,10556,0.1013
272,272000,0.100,-0.393,10578,0.0933
273,273000,0.100,0.325,10553,0.1024
274,274000,0.100,0.288,10558,0.1006
275,275000,0.100,-0.364,10574,0.0947
276,276000,0.100,0.492,10530,0.1108
277,277000,0.100,-0.262,10560,0.0998
278,278000,0.100,-0.262,10560,0.0998
279,279000,0.100,0.317,10554,0.1020
280,280000,0.100,0.288,10558,0.1006
281,281000,0.100,-0.284,10563,0.0987
282,282000,0.100,-0.342,10571,0.0958
283,283000,0.100,-0.321,10568,0.0969
284,284000,0.100,0.347,10550,0.1035
285,285000,0.100,0.288,10558,0.1006
286,286000,0.100,0.288,10558,0.1006
287,287000,0.100,0.288,10558,0.1006
288,288000,0.100,-0.277,10562,0.0991
289,289000,0.100,0.303,10556,0.1013
290,290000,0.100,-0.277,10562,0.0991
291,291000,0.100,0.507,10528,0.1115
292,292000,0.100,0.463,10534,0.1093
293,293000,0.100,-0.262,10560,0.0998
294,294000,0.100,0.317,10554,0.1020
295,295000,0.100,-0.321,10568,0.0969
296,296000,0.100,-0.262,10560,0.0998
297,297000,0.100,-0.262,10560,0.0998
298,298000,0.100,0.369,10547,0.1046
299,299000,0.100,0.288,10558,0.1006
300,300000,0.100,0.288,10558,0.1006
301,301000,0.100,-0.262,10560,0.0998
302,302000,0.100,-0.277,10562,0.0991
303,303000,0.100,-0.262,10560,0.0998
304,304000,0.100,0.288,10558,0.1006
305,305000,0.100,0.288,10558,0.1006
306,306000,0.100,-0.393,10578,0.0933
307,307000,0.100,-0.335,10570,0.0962
308,308000,0.100,-0.284,10563,0.0987
309,309000,0.100,-0.262,10560,0.0998
310,310000,0.100,0.347,10550,0.1035
311,311000,0.100,-0.321,10568,0.0969
312,312000,0.100,0.296,10557,0.1009
313,313000,0.100,-0.262,10560,0.0998
314,314000,0.100,0.296,10557,0.1009
315,315000,0.100,0.500,10529,0.1111
316,316000,0.100,0.317,10554,0.1020
317,317000,0.100,-0.262,10560,0.0998
318,318000,0.100,0.317,10554,0.1020
319,319000,0.100,-0.277,10562,0.0991
320,320000,0.100,-0.262,10560,0.0998
321,321000,0.100,0.332,10552,0.1028
322,322000,0.100,0.376,10546,0.1049
323,323000,0.100,0.332,10552,0.1028
324,324000,0.100,-0.277,10562,0.0991
325,325000,0.100,0.288,10558,0.1006
326,326000,0.100,-0.306,10566,0.0977
327,327000,0.100,0.420,10540,0.1071
328,328000,0.100,-0.262,10560,0.0998
329,329000,0.100,0.376,10546,0.1049
330,330000,0.100,-0.277,10562,0.0991
331,331000,0.100,-0.291,10564,0.0984
332,332000,0.100,0.310,10555,0.1017
333,333000,0.100,0.317,10554,0.1020
334,334000,0.100,-0.306,10566,0.0977
335,335000,0.100,0.492,10530,0.1108
336,336000,0.100,-0.306,10566,0.0977
337,337000,0.100,0.303,10556,0.1013
338,338000,0.100,0.507,10528,0.1115
339,339000,0.100,-0.270,10561,0.0995
340,340000,0.100,-0.277,10562,0.0991
341,341000,0.100,0.303,10556,0.1013
342,342000,0.100,-0.364,10574,0.0947
343,343000,0.100,0.303,10556,0.1013
344,344000,0.100,0.449,10536,0.1086
345,345000,0.100,-0.277,10562,0.0991
346,346000,0.100,0.303,10556,0.1013
347,347000,0.100,-0.284,10563,0.0987
348,348000,0.100,0.347,10550,0.1035
349,349000,0.100,0.310,10555,0.1017
350,350000,0.100,0.303,10556,0.1013
351,351000,0.100,0.288,10558,0.1006
352,352000,0.100,-0.262,10560,0.0998
353,353000,0.100,0.317,10554,0.1020
354,354000,0.100,-0.437,10584,0.0911
355,355000,0.100,0.325,10553,0.1024
356,356000,0.100,0.288,10558,0.1006
357,357000,0.100,0.296,10557,0.1009
358,358000,0.100,0.317,10554,0.1020
359,359000,0.100,0.427,10539,0.1075
360,360000,0.100,-0.270,10561,0.0995
361,361000,0.100,-0.262,10560,0.0998
362,362000,0.100,-0.335,10570,0.0962
363,363000,0.100,0.310,10555,0.1017
364,364000,0.100,0.347,10550,0.1035
365,365000,0.100,-0.262,10560,0.0998
366,366000,0.100,-0.262,10560,0.0998
367,367000,0.100,0.347,10550,0.1035
368,368000,0.100,-0.321,10568,0.0969
369,369000,0.100,-0.321,10568,0.0969
370,370000,0.100,0.303,10556,0.1013
371,371000,0.100,-0.277,10562,0.0991
372,372000,0.100,0.288,10558,0.1006
373,373000,0.100,-0.291,10564,0.0984
374,374000,0.100,0.303,10556,0.1013
375,375000,0.100,0.288,10558,0.1006
376,376000,0.100,0.332,10552,0.1028
377,377000,0.100,0.288,10558,0.1006
378,378000,0.100,0.296,10557,0.1009
379,379000,0.100,0.310,10555,0.1017
380,380000,0.100,0.281,10559,0.1002
381,381000,0.100,0.361,10548,0.1042
382,382000,0.100,0.303,10556,0.1013
383,383000,0.100,0.288,10558,0.1006
384,384000,0.100,0.398,10543,0.1060
385,385000,0.100,0.296,10557,0.1009
386,386000,0.100,-0.335,10570,0.0962
387,387000,0.100,-0.306,10566,0.0977
388,388000,0.100,-0.277,10562,0.0991
389,389000,0.100,0.310,10555,0.1017
390,390000,0.100,-0.277,10562,0.0991
391,391000,0.100,-0.262,10560,0.0998
392,392000,0.100,-0.277,10562,0.0991
393,393000,0.100,0.310,10555,0.1017
394,394000,0.100,-0.306,10566,0.0977
395,395000,0.100,-0.270,10561,0.0995
396,396000,0.100,0.317,10554,0.1020
397,397000,0.100,-0.262,10560,0.0998
398,398000,0.100,0.303,10556,0.1013
399,399000,0.100,0.310,10555,0.1017
400,400000,0.100,-0.262,10560,0.0998
401,401000,0.100,-0.321,10568,0.0969
402,402000,0.100,0.310,10555,0.1017
403,403000,0.100,-0.277,10562,0.0991
404,404000,0.100,-0.262,10560,0.0998
405,405000,0.100,-0.321,10568,0.0969
406,406000,0.100,-0.262,10560,0.0998
407,407000,0.100,-0.306,10566,0.0977
408,408000,0.100,0.317,10554,0.1020
409,409000,0.100,-0.525,10596,0.0867
410,410000,0.100,0.303,10556,0.1013
411,411000,0.100,-0.321,10568,0.0969
412,412000,0.100,0.310,10555,0.1017
413,413000,0.100,-0.262,10560,0.0998
414,414000,0.100,0.303,10556,0.1013
415,415000,0.100,0.310,10555,0.1017
416,416000,0.100,0.310,10555,0.1017
417,417000,0.100,0.288,10558,0.1006
418,418000,0.100,0.317,10554,0.1020
419,419000,0.100,-0.393,10578,0.0933
420,420000,0.100,0.347,10550,0.1035
421,421000,0.100,-0.262,10560,0.0998
422,422000,0.100,-0.262,10560,0.0998
423,423000,0.100,0.361,10548,0.1042
424,424000,0.100,0.376,10546,0.1049
425,425000,0.100,0.310,10555,0.1017
426,426000,0.100,-0.350,10572,0.0955
427,427000,0.100,0.288,10558,0.1006
428,428000,0.100,-0.277,10562,0.0991
429,429000,0.100,-0.277,10562,0.0991
430,430000,0.100,-0.262,10560,0.0998
431,431000,0.100,-0.306,10566,0.0977
432,432000,0.100,0.288,10558,0.1006
433,433000,0.100,0.347,10550,0.1035
434,434000,0.100,0.463,10534,0.1093
435,435000,0.100,0.361,10548,0.1042
436,436000,0.100,-0.262,10560,0.0998
437,437000,0.100,0.288,10558,0.1006
438,438000,0.100,0.303,10556,0.1013
439,439000,0.100,0.376,10546,0.1049
440,440000,0.100,0.288,10558,0.1006
441,441000,0.100,-0.277,10562,0.0991
442,442000,0.100,0.288,10558,0.1006
443,443000,0.100,-0.277,10562,0.0991
444,444000,0.100,0.332,10552,0.1028
445,445000,0.100,-0.291,10564,0.0984
446,446000,0.100,0.317,10554,0.1020
447,447000,0.100,-0.262,10560,0.0998
448,448000,0.100,0.303,10556,0.1013
449,449000,0.100,0.412,10541,0.1068
450,450000,0.100,-0.262,10560,0.0998
451,451000,0.100,-0.284,10563,0.0987
452,452000,0.100,0.347,10550,0.1035
453,453000,0.100,0.303,10556,0.1013
454,454000,0.100,0.288,10558,0.1006
455,455000,0.100,-0.262,10560,0.0998
456,456000,0.100,-0.299,10565,0.0980
457,457000,0.100,0.288,10558,0.1006
458,458000,0.100,-0.335,10570,0.0962
459,459000,0.100,0.317,10554,0.1020
460,460000,0.100,-0.262,10560,0.0998
461,461000,0.100,-0.262,10560,0.0998
462,462000,0.100,0.303,10556,0.1013
463,463000,0.100,0.310,10555,0.1017
464,464000,0.100,0.310,10555,0.1017
465,465000,0.100,0.317,10554,0.1020
466,466000,0.100,0.317,10554,0.1020
467,467000,0.100,0.288,10558,0.1006
468,468000,0.100,-0.262,10560,0.0998
469,469000,0.100,0.303,10556,0.1013
470,470000,0.100,0.281,10559,0.1002
471,471000,0.100,-0.262,10560,0.0998
472,472000,0.100,0.310,10555,0.1017
473,473000,0.100,0.332,10552,0.1028
474,474000,0.100,0.296,10557,0.1009
475,475000,0.100,-0.306,10566,0.0977
476,476000,0.100,-0.321,10568,0.0969
477,477000,0.100,-0.335,10570,0.0962
478,478000,0.100,0.317,10554,0.1020
479,479000,0.100,0.478,10532,0.1100
480,480000,0.100,-0.393,10578,0.0933
481,481000,0.100,0.390,10544,0.1057
482,482000,0.100,-0.277,10562,0.0991
483,483000,0.100,0.317,10554,0.1020
484,484000,0.100,-0.270,10561,0.0995
485,485000,0.100,0.347,10550,0.1035
486,486000,0.100,0.332,10552,0.1028
487,487000,0.100,-0.437,10584,0.0911
488,488000,0.100,-0.291,10564,0.0984
489,489000,0.100,-0.262,10560,0.0998
490,490000,0.100,-0.270,10561,0.0995
491,491000,0.100,0.303,10556,0.1013
492,492000,0.100,-0.262,10560,0.0998
493,493000,0.100,0.325,10553,0.1024
494,494000,0.100,-0.277,10562,0.0991
495,495000,0.100,-0.357,10573,0.0951
496,496000,0.100,0.332,10552,0.1028
497,497000,0.100,0.332,10552,0.1028
498,498000,0.100,0.317,10554,0.1020
499,499000,0.100,-0.408,10580,0.0925
500,500000,0.100,0.288,10558,0.1006
501,501000,0.100,-0.277,10562,0.0991
502,502000,0.100,-0.306,10566,0.0977
503,503000,0.100,0.390,10544,0.1057
504,504000,0.100,-0.335,10570,0.0962
505,505000,0.100,0.317,10554,0.1020
506,506000,0.100,-0.277,10562,0.0991
507,507000,0.100,-0.277,10562,0.0991
508,508000,0.100,-0.270,10561,0.0995
509,509000,0.100,0.303,10556,0.1013
510,510000,0.100,0.310,10555,0.1017
511,511000,0.100,-0.291,10564,0.0984
512,512000,0.100,0.325,10553,0.1024
513,513000,0.100,-0.262,10560,0.0998
514,514000,0.100,0.317,10554,0.1020
515,515000,0.100,-0.335,10570,0.0962
516,516000,0.100,0.288,10558,0.1006
517,517000,0.100,-0.277,10562,0.0991
518,518000,0.100,-0.335,10570,0.0962
519,519000,0.100,-0.262,10560,0.0998
520,520000,0.100,0.310,10555,0.1017
521,521000,0.100,-0.459,10587,0.0900
522,522000,0.100,-0.262,10560,0.0998
523,523000,0.100,0.303,10556,0.1013
524,524000,0.100,-0.277,10562,0.0991
525,525000,0.100,0.296,10557,0.1009
526,526000,0.100,-0.262,10560,0.0998
527,527000,0.100,-0.262,10560,0.0998
528,528000,0.100,0.281,10559,0.1002
529,529000,0.100,-0.321,10568,0.0969
530,530000,0.100,0.332,10552,0.1028
531,531000,0.100,0.296,10557,0.1009
532,532000,0.100,-0.277,10562,0.0991
533,533000,0.100,0.376,10546,0.1049
534,534000,0.100,0.317,10554,0.1020
535,535000,0.100,0.303,10556,0.1013
536,536000,0.100,-0.262,10560,0.0998
537,537000,0.100,-0.262,10560,0.0998
538,538000,0.100,0.303,10556,0.1013
539,539000,0.100,0.296,10557,0.1009
540,540000,0.100,-0.262,10560,0.0998
541,541000,0.100,-0.335,10570,0.0962
542,542000,0.100,-0.568,10602,0.0845
543,543000,0.100,-0.321,10568,0.0969
544,544000,0.100,0.347,10550,0.1035
545,545000,0.100,-0.306,10566,0.0977
546,546000,0.100,0.303,10556,0.1013
547,547000,0.100,-0.277,10562,0.0991
548,548000,0.100,-0.291,10564,0.0984
549,549000,0.100,-0.262,10560,0.0998
550,550000,0.100,0.303,10556,0.1013
551,551000,0.100,0.317,10554,0.1020
552,552000,0.100,0.317,10554,0.1020
553,553000,0.100,0.310,10555,0.1017
554,554000,0.100,0.310,10555,0.1017
555,555000,0.100,-0.262,10560,0.0998
556,556000,0.100,0.347,10550,0.1035
557,557000,0.100,0.288,10558,0.1006
558,558000,0.100,-0.277,10562,0.0991
559,559000,0.100,0.536,10524,0.1130
560,560000,0.100,0.434,10538,0.1079
561,561000,0.100,-0.335,10570,0.0962
562,562000,0.100,0.310,10555,0.1017
563,563000,0.100,0.310,10555,0.1017
564,564000,0.100,0.317,10554,0.1020
565,565000,0.100,0.303,10556,0.1013
566,566000,0.100,0.317,10554,0.1020
567,567000,0.100,0.449,10536,0.1086
568,568000,0.100,0.347,10550,0.1035
569,569000,0.100,0.288,10558,0.1006
570,570000,0.100,0.303,10556,0.1013
571,571000,0.100,0.288,10558,0.1006
572,572000,0.100,0.288,10558,0.1006
573,573000,0.100,-0.284,10563,0.0987
574,574000,0.100,0.288,10558,0.1006
575,575000,0.100,-0.262,10560,0.0998
576,576000,0.100,0.347,10550,0.1035
577,577000,0.100,0.288,10558,0.1006
578,578000,0.100,0.332,10552,0.1028
579,579000,0.100,0.376,10546,0.1049
580,580000,0.100,-0.262,10560,0.0998
581,581000,0.100,0.288,10558,0.1006
582,582000,0.100,-0.299,10565,0.0980
583,583000,0.100,-0.306,10566,0.0977
584,584000,0.100,-0.270,10561,0.0995
585,585000,0.100,-0.335,10570,0.0962
586,586000,0.100,-0.277,10562,0.0991
587,587000,0.100,-0.423,10582,0.0918
588,588000,0.100,-0.291,10564,0.0984
589,589000,0.100,0.317,10554,0.1020
590,590000,0.100,-0.277,10562,0.0991
591,591000,0.100,-0.306,10566,0.0977
592,592000,0.100,-0.299,10565,0.0980
593,593000,0.100,-0.262,10560,0.0998
594,594000,0.100,-0.393,10578,0.0933
595,595000,0.100,-0.379,10576,0.0940
596,596000,0.100,-0.262,10560,0.0998
597,597000,0.100,-0.277,10562,0.0991
598,598000,0.100,-0.284,10563,0.0987
599,599000,0.100,-0.262,10560,0.0998
# end capture 9
# capture 10 kp=-20.00 dir=- dt_us=1000 samples=600 sat=0
0,0,-0.100,4.215,10568,0.0969
1,1000,-0.100,4.288,10558,0.1006
2,2000,-0.100,4.376,10546,0.1049
3,3000,-0.100,4.274,10560,0.0998
4,4000,-0.100,4.252,10563,0.0987
5,5000,-0.100,4.347,10550,0.1035
6,6000,-0.100,4.259,10562,0.0991
7,7000,-0.100,4.143,10578,0.0933
8,8000,-0.100,4.113,10582,0.0918
9,9000,-0.100,4.084,10586,0.0904
10,10000,-0.100,4.040,10592,0.0882
11,11000,-0.100,3.997,10598,0.0860
12,12000,-0.100,3.909,10610,0.0816
13,13000,-0.100,3.880,10614,0.0802
14,14000,-0.100,3.858,10617,0.0791
15,15000,-0.100,3.771,10629,0.0747
16,16000,-0.100,3.647,10646,0.0685
17,17000,-0.100,3.610,10651,0.0667
18,18000,-0.100,3.457,10672,0.0590
19,19000,-0.100,3.501,10666,0.0612
20,20000,-0.100,3.428,10676,0.0576
21,21000,-0.100,3.224,10704,0.0473
22,22000,-0.100,3.362,10685,0.0543
23,23000,-0.100,3.239,10702,0.0481
24,24000,-0.100,3.209,10706,0.0466
25,25000,-0.100,2.830,10758,0.0277
26,26000,-0.100,2.932,10744,0.0328
27,27000,-0.100,2.830,10758,0.0277
28,28000,-0.100,2.801,10762,0.0262
29,29000,-0.100,2.714,10774,0.0218
30,30000,-0.100,2.641,10784,0.0182
31,31000,-0.100,2.633,10785,0.0178
32,32000,-0.100,2.451,10810,0.0087
33,33000,-0.100,2.327,10827,0.0025
34,34000,-0.100,2.174,10848,-0.0051
35,35000,-0.100,2.218,10842,-0.0030
36,36000,-0.100,2.101,10858,-0.0088
37,37000,-0.100,1.912,10884,-0.0183
38,38000,-0.100,1.941,10880,-0.0168
39,39000,-0.100,2.036,10867,-0.0121
40,40000,-0.100,1.810,10898,-0.0234
41,41000,-0.100,1.678,10916,-0.0299
42,42000,-0.100,1.693,10914,-0.0292
43,43000,-0.100,1.569,10931,-0.0354
44,44000,-0.100,1.460,10946,-0.0409
45,45000,-0.100,1.285,10970,-0.0496
46,46000,-0.100,1.314,10966,-0.0482
47,47000,-0.100,1.285,10970,-0.0496
48,48000,-0.100,1.212,10980,-0.0533
49,49000,-0.100,1.110,10994,-0.0584
50,50000,-0.100,0.964,11014,-0.0657
51,51000,-0.100,1.008,11008,-0.0635
52,52000,-0.100,0.927,11019,-0.0675
53,53000,-0.100,0.876,11026,-0.0700
54,54000,-0.100,0.753,11043,-0.0762
55,55000,-0.100,0.716,11048,-0.0780
56,56000,-0.100,0.599,11064,-0.0839
57,57000,-0.100,0.614,11062,-0.0832
58,58000,-0.100,0.570,11068,-0.0853
59,59000,-0.100,0.527,11074,-0.0875
60,60000,-0.100,0.512,11076,-0.0883
61,61000,-0.100,-0.316,11116,-0.1028
62,62000,-0.100,0.381,11094,-0.0948
63,63000,-0.100,0.330,11101,-0.0974
64,64000,-0.100,0.293,11106,-0.0992
65,65000,-0.100,-0.301,11114,-0.1021
66,66000,-0.100,-0.418,11130,-0.1079
67,67000,-0.100,-0.359,11122,-0.1050
68,68000,-0.100,-0.461,11136,-0.1101
69,69000,-0.100,-0.461,11136,-0.1101
70,70000,-0.100,-0.476,11138,-0.1109
71,71000,-0.100,-0.447,11134,-0.1094
72,72000,-0.100,-0.549,11148,-0.1145
73,73000,-0.100,-0.600,11155,-0.1171
74,74000,-0.100,-0.855,11190,-0.1298
75,75000,-0.100,-0.615,11157,-0.1178
76,76000,-0.100,-0.622,11158,-0.1181
77,77000,-0.100,-0.651,11162,-0.1196
78,78000,-0.100,-0.695,11168,-0.1218
79,79000,-0.100,-0.709,11170,-0.1225
80,80000,-0.100,-0.753,11176,-0.1247
81,81000,-0.100,-0.695,11168,-0.1218
82,82000,-0.100,-0.717,11171,-0.1229
83,83000,-0.100,-0.666,11164,-0.1203
84,84000,-0.100,-0.739,11174,-0.1240
85,85000,-0.100,-0.811,11184,-0.1276
86,86000,-0.100,-0.731,11173,-0.1236
87,87000,-0.100,-0.753,11176,-0.1247
88,88000,-0.100,-0.768,11178,-0.1254
89,89000,-0.100,-0.724,11172,-0.1232
90,90000,-0.100,-0.768,11178,-0.1254
91,91000,-0.100,-0.709,11170,-0.1225
92,92000,-0.100,-0.782,11180,-0.1262
93,93000,-0.100,-0.768,11178,-0.1254
94,94000,-0.100,-0.753,11176,-0.1247
95,95000,-0.100,-0.483,11139,-0.1112
96,96000,-0.100,-0.739,11174,-0.1240
97,97000,-0.100,-0.680,11166,-0.1211
98,98000,-0.100,-0.709,11170,-0.1225
99,99000,-0.100,-0.622,11158,-0.1181
100,100000,-0.100,-0.753,11176,-0.1247
101,101000,-0.100,-0.811,11184,-0.1276
102,102000,-0.100,-0.636,11160,-0.1189
103,103000,-0.100,-0.724,11172,-0.1232
104,104000,-0.100,-0.753,11176,-0.1247
105,105000,-0.100,-0.636,11160,-0.1189
106,106000,-0.100,-0.651,11162,-0.1196
107,107000,-0.100,-0.739,11174,-0.1240
108,108000,-0.100,-0.724,11172,-0.1232
109,109000,-0.100,-0.811,11184,-0.1276
110,110000,-0.100,-0.622,11158,-0.1181
111,111000,-0.100,-0.607,11156,-0.1174
112,112000,-0.100,-0.636,11160,-0.1189
113,113000,-0.100,-0.666,11164,-0.1203
114,114000,-0.100,-0.564,11150,-0.1152
115,115000,-0.100,-0.578,11152,-0.1160
116,116000,-0.100,-0.520,11144,-0.1130
117,117000,-0.100,-0.564,11150,-0.1152
118,118000,-0.100,-0.578,11152,-0.1160
119,119000,-0.100,-0.505,11142,-0.1123
120,120000,-0.100,-0.564,11150,-0.1152
121,121000,-0.100,-0.520,11144,-0.1130
122,122000,-0.100,-0.345,11120,-0.1043
123,123000,-0.100,-0.549,11148,-0.1145
124,124000,-0.100,-0.542,11147,-0.1141
125,125000,-0.100,-0.447,11134,-0.1094
126,126000,-0.100,-0.374,11124,-0.1058
127,127000,-0.100,-0.403,11128,-0.1072
128,128000,-0.100,-0.520,11144,-0.1130
129,129000,-0.100,-0.345,11120,-0.1043
130,130000,-0.100,-0.301,11114,-0.1021
131,131000,-0.100,-0.476,11138,-0.1109
132,132000,-0.100,-0.308,11115,-0.1025
133,133000,-0.100,-0.359,11122,-0.1050
134,134000,-0.100,-0.301,11114,-0.1021
135,135000,-0.100,-0.345,11120,-0.1043
136,136000,-0.100,0.286,11107,-0.0996
137,137000,-0.100,0.286,11107,-0.0996
138,138000,-0.100,0.308,11104,-0.0985
139,139000,-0.100,0.527,11074,-0.0875
140,140000,-0.100,0.352,11098,-0.0963
141,141000,-0.100,0.308,11104,-0.0985
142,142000,-0.100,0.308,11104,-0.0985
143,143000,-0.100,0.497,11078,-0.0890
144,144000,-0.100,0.541,11072,-0.0868
145,145000,-0.100,0.330,11101,-0.0974
146,146000,-0.100,0.344,11099,-0.0966
147,147000,-0.100,0.344,11099,-0.0966
148,148000,-0.100,0.337,11100,-0.0970
149,149000,-0.100,0.366,11096,-0.0955
150,150000,-0.100,-0.301,11114,-0.1021
151,151000,-0.100,0.322,11102,-0.0977
152,152000,-0.100,0.337,11100,-0.0970
153,153000,-0.100,0.308,11104,-0.0985
154,154000,-0.100,0.352,11098,-0.0963
155,155000,-0.100,-0.498,11141,-0.1119
156,156000,-0.100,-0.374,11124,-0.1058
157,157000,-0.100,0.352,11098,-0.0963
158,158000,-0.100,0.330,11101,-0.0974
159,159000,-0.100,0.308,11104,-0.0985
160,160000,-0.100,-0.330,11118,-0.1036
161,161000,-0.100,0.395,11092,-0.0941
162,162000,-0.100,0.308,11104,-0.0985
163,163000,-0.100,0.308,11104,-0.0985
164,164000,-0.100,0.424,11088,-0.0926
165,165000,-0.100,0.308,11104,-0.0985
166,166000,-0.100,0.308,11104,-0.0985
167,167000,-0.100,0.344,11099,-0.0966
168,168000,-0.100,0.352,11098,-0.0963
169,169000,-0.100,0.286,11107,-0.0996
170,170000,-0.100,0.293,11106,-0.0992
171,171000,-0.100,0.322,11102,-0.0977
172,172000,-0.100,0.308,11104,-0.0985
173,173000,-0.100,0.366,11096,-0.0955
174,174000,-0.100,0.279,11108,-0.0999
175,175000,-0.100,-0.308,11115,-0.1025
176,176000,-0.100,0.322,11102,-0.0977
177,177000,-0.100,0.308,11104,-0.0985
178,178000,-0.100,0.388,11093,-0.0945
179,179000,-0.100,0.308,11104,-0.0985
180,180000,-0.100,0.308,11104,-0.0985
181,181000,-0.100,0.373,11095,-0.0952
182,182000,-0.100,0.366,11096,-0.0955
183,183000,-0.100,0.322,11102,-0.0977
184,184000,-0.100,0.352,11098,-0.0963
185,185000,-0.100,-0.345,11120,-0.1043
186,186000,-0.100,0.308,11104,-0.0985
187,187000,-0.100,0.308,11104,-0.0985
188,188000,-0.100,0.322,11102,-0.0977
189,189000,-0.100,0.308,11104,-0.0985
190,190000,-0.100,0.308,11104,-0.0985
191,191000,-0.100,0.344,11099,-0.0966
192,192000,-0.100,-0.367,11123,-0.1054
193,193000,-0.100,-0.359,11122,-0.1050
194,194000,-0.100,0.556,11070,-0.0861
195,195000,-0.100,0.614,11062,-0.0832
196,196000,-0.100,0.286,11107,-0.0996
197,197000,-0.100,0.381,11094,-0.0948
198,198000,-0.100,0.432,11087,-0.0923
199,199000,-0.100,-0.287,11112,-0.1014
200,200000,-0.100,-0.330,11118,-0.1036
201,201000,-0.100,0.286,11107,-0.0996
202,202000,-0.100,0.468,11082,-0.0904
203,203000,-0.100,-0.447,11134,-0.1094
204,204000,-0.100,0.293,11106,-0.0992
205,205000,-0.100,0.279,11108,-0.0999
206,206000,-0.100,0.366,11096,-0.0955
207,207000,-0.100,-0.359,11122,-0.1050
208,208000,-0.100,-0.301,11114,-0.1021
209,209000,-0.100,0.403,11091,-0.0937
210,210000,-0.100,-0.287,11112,-0.1014
211,211000,-0.100,0.352,11098,-0.0963
212,212000,-0.100,-0.287,11112,-0.1014
213,213000,-0.100,-0.272,11110,-0.1006
214,214000,-0.100,-0.301,11114,-0.1021
215,215000,-0.100,-0.301,11114,-0.1021
216,216000,-0.100,-0.272,11110,-0.1006
217,217000,-0.100,-0.330,11118,-0.1036
218,218000,-0.100,-0.345,11120,-0.1043
219,219000,-0.100,0.352,11098,-0.0963
220,220000,-0.100,-0.323,11117,-0.1032
221,221000,-0.100,-0.287,11112,-0.1014
222,222000,-0.100,-0.432,11132,-0.1087
223,223000,-0.100,-0.301,11114,-0.1021
224,224000,-0.100,0.308,11104,-0.0985
225,225000,-0.100,0.308,11104,-0.0985
226,226000,-0.100,-0.287,11112,-0.1014
227,227000,-0.100,-0.287,11112,-0.1014
228,228000,-0.100,-0.301,11114,-0.1021
229,229000,-0.100,-0.316,11116,-0.1028
230,230000,-0.100,-0.272,11110,-0.1006
231,231000,-0.100,-0.330,11118,-0.1036
232,232000,-0.100,0.337,11100,-0.0970
233,233000,-0.100,0.366,11096,-0.0955
234,234000,-0.100,0.446,11085,-0.0915
235,235000,-0.100,0.322,11102,-0.0977
236,236000,-0.100,-0.301,11114,-0.1021
237,237000,-0.100,-0.301,11114,-0.1021
238,238000,-0.100,-0.287,11112,-0.1014
239,239000,-0.100,0.293,11106,-0.0992
240,240000,-0.100,-0.389,11126,-0.1065
241,241000,-0.100,-0.287,11112,-0.1014
242,242000,-0.100,0.286,11107,-0.0996
243,243000,-0.100,-0.308,11115,-0.1025
244,244000,-0.100,0.286,11107,-0.0996
245,245000,-0.100,-0.308,11115,-0.1025
246,246000,-0.100,-0.272,11110,-0.1006
247,247000,-0.100,-0.301,11114,-0.1021
248,248000,-0.100,-0.418,11130,-0.1079
249,249000,-0.100,-0.287,11112,-0.1014
250,250000,-0.100,-0.403,11128,-0.1072
251,251000,-0.100,-0.301,11114,-0.1021
252,252000,-0.100,-0.308,11115,-0.1025
253,253000,-0.100,-0.316,11116,-0.1028
254,254000,-0.100,-0.301,11114,-0.1021
255,255000,-0.100,-0.272,11110,-0.1006
256,256000,-0.100,-0.287,11112,-0.1014
257,257000,-0.100,-0.359,11122,-0.1050
258,258000,-0.100,-0.272,11110,-0.1006
259,259000,-0.100,-0.330,11118,-0.1036
260,260000,-0.100,0.286,11107,-0.0996
261,261000,-0.100,-0.301,11114,-0.1021
262,262000,-0.100,-0.374,11124,-0.1058
263,263000,-0.100,-0.301,11114,-0.1021
264,264000,-0.100,-0.308,11115,-0.1025
265,265000,-0.100,-0.287,11112,-0.1014
266,266000,-0.100,-0.403,11128,-0.1072
267,267000,-0.100,-0.308,11115,-0.1025
268,268000,-0.100,-0.287,11112,-0.1014
269,269000,-0.100,-0.323,11117,-0.1032
270,270000,-0.100,-0.425,11131,-0.1083
271,271000,-0.100,-0.345,11120,-0.1043
272,272000,-0.100,-0.308,11115,-0.1025
273,273000,-0.100,-0.272,11110,-0.1006
274,274000,-0.100,-0.301,11114,-0.1021
275,275000,-0.100,-0.287,11112,-0.1014
276,276000,-0.100,-0.272,11110,-0.1006
277,277000,-0.100,0.279,11108,-0.0999
278,278000,-0.100,0.293,11106,-0.0992
279,279000,-0.100,-0.279,11111,-0.1010
280,280000,-0.100,-0.287,11112,-0.1014
281,281000,-0.100,0.388,11093,-0.0945
282,282000,-0.100,-0.345,11120,-0.1043
283,283000,-0.100,0.293,11106,-0.0992
284,284000,-0.100,0.293,11106,-0.0992
285,285000,-0.100,0.352,11098,-0.0963
286,286000,-0.100,0.293,11106,-0.0992
287,287000,-0.100,0.286,11107,-0.0996
288,288000,-0.100,-0.287,11112,-0.1014
289,289000,-0.100,-0.287,11112,-0.1014
290,290000,-0.100,-0.345,11120,-0.1043
291,291000,-0.100,0.293,11106,-0.0992
292,292000,-0.100,0.308,11104,-0.0985
293,293000,-0.100,0.381,11094,-0.0948
294,294000,-0.100,-0.287,11112,-0.1014
295,295000,-0.100,0.352,11098,-0.0963
296,296000,-0.100,-0.272,11110,-0.1006
297,297000,-0.100,0.308,11104,-0.0985
298,298000,-0.100,0.279,11108,-0.0999
299,299000,-0.100,-0.425,11131,-0.1083
300,300000,-0.100,0.279,11108,-0.0999
301,301000,-0.100,-0.316,11116,-0.1028
302,302000,-0.100,0.293,11106,-0.0992
303,303000,-0.100,0.308,11104,-0.0985
304,304000,-0.100,0.366,11096,-0.0955
305,305000,-0.100,-0.287,11112,-0.1014
306,306000,-0.100,0.308,11104,-0.0985
307,307000,-0.100,0.410,11090,-0.0934
308,308000,-0.100,0.322,11102,-0.0977
309,309000,-0.100,0.293,11106,-0.0992
310,310000,-0.100,0.293,11106,-0.0992
311,311000,-0.100,0.308,11104,-0.0985
312,312000,-0.100,0.381,11094,-0.0948
313,313000,-0.100,0.308,11104,-0.0985
314,314000,-0.100,0.337,11100,-0.0970
315,315000,-0.100,0.293,11106,-0.0992
316,316000,-0.100,0.293,11106,-0.0992
317,317000,-0.100,-0.301,11114,-0.1021
318,318000,-0.100,-0.316,11116,-0.1028
319,319000,-0.100,-0.272,11110,-0.1006
320,320000,-0.100,-0.287,11112,-0.1014
321,321000,-0.100,0.293,11106,-0.0992
322,322000,-0.100,0.286,11107,-0.0996
323,323000,-0.100,0.322,11102,-0.0977
324,324000,-0.100,-0.345,11120,-0.1043
325,325000,-0.100,0.293,11106,-0.0992
326,326000,-0.100,-0.272,11110,-0.1006
327,327000,-0.100,0.293,11106,-0.0992
328,328000,-0.100,-0.272,11110,-0.1006
329,329000,-0.100,0.293,11106,-0.0992
330,330000,-0.100,0.337,11100,-0.0970
331,331000,-0.100,0.293,11106,-0.0992
332,332000,-0.100,-0.287,11112,-0.1014
333,333000,-0.100,0.279,11108,-0.0999
334,334000,-0.100,-0.359,11122,-0.1050
335,335000,-0.100,0.286,11107,-0.0996
336,336000,-0.100,0.286,11107,-0.0996
337,337000,-0.100,0.308,11104,-0.0985
338,338000,-0.100,-0.287,11112,-0.1014
339,339000,-0.100,-0.272,11110,-0.1006
340,340000,-0.100,0.293,11106,-0.0992
341,341000,-0.100,0.308,11104,-0.0985
342,342000,-0.100,-0.316,11116,-0.1028
343,343000,-0.100,0.308,11104,-0.0985
344,344000,-0.100,0.293,11106,-0.0992
345,345000,-0.100,0.301,11105,-0.0988
346,346000,-0.100,0.395,11092,-0.0941
347,347000,-0.100,0.293,11106,-0.0992
348,348000,-0.100,-0.301,11114,-0.1021
349,349000,-0.100,0.293,11106,-0.0992
350,350000,-0.100,0.293,11106,-0.0992
351,351000,-0.100,0.301,11105,-0.0988
352,352000,-0.100,-0.272,11110,-0.1006
353,353000,-0.100,0.293,11106,-0.0992
354,354000,-0.100,0.286,11107,-0.0996
355,355000,-0.100,0.308,11104,-0.0985
356,356000,-0.100,-0.287,11112,-0.1014
357,357000,-0.100,0.315,11103,-0.0981
358,358000,-0.100,-0.272,11110,-0.1006
359,359000,-0.100,-0.556,11149,-0.1149
360,360000,-0.100,0.286,11107,-0.0996
361,361000,-0.100,0.322,11102,-0.0977
362,362000,-0.100,0.308,11104,-0.0985
363,363000,-0.100,-0.287,11112,-0.1014
364,364000,-0.100,-0.272,11110,-0.1006
365,365000,-0.100,-0.272,11110,-0.1006
366,366000,-0.100,0.330,11101,-0.0974
367,367000,-0.100,0.366,11096,-0.0955
368,368000,-0.100,-0.301,11114,-0.1021
369,369000,-0.100,0.301,11105,-0.0988
370,370000,-0.100,0.293,11106,-0.0992
371,371000,-0.100,-0.330,11118,-0.1036
372,372000,-0.100,0.381,11094,-0.0948
373,373000,-0.100,0.293,11106,-0.0992
374,374000,-0.100,0.322,11102,-0.0977
375,375000,-0.100,0.519,11075,-0.0879
376,376000,-0.100,-0.287,11112,-0.1014
377,377000,-0.100,0.337,11100,-0.0970
378,378000,-0.100,0.293,11106,-0.0992
379,379000,-0.100,0.366,11096,-0.0955
380,380000,-0.100,-0.287,11112,-0.1014
381,381000,-0.100,0.286,11107,-0.0996
382,382000,-0.100,0.337,11100,-0.0970
383,383000,-0.100,0.286,11107,-0.0996
384,384000,-0.100,0.308,11104,-0.0985
385,385000,-0.100,0.286,11107,-0.0996
386,386000,-0.100,0.293,11106,-0.0992
387,387000,-0.100,-0.272,11110,-0.1006
388,388000,-0.100,0.279,11108,-0.0999
389,389000,-0.100,0.279,11108,-0.0999
390,390000,-0.100,0.322,11102,-0.0977
391,391000,-0.100,0.344,11099,-0.0966
392,392000,-0.100,0.308,11104,-0.0985
393,393000,-0.100,0.293,11106,-0.0992
394,394000,-0.100,0.293,11106,-0.0992
395,395000,-0.100,-0.301,11114,-0.1021
396,396000,-0.100,-0.301,11114,-0.1021
397,397000,-0.100,-0.272,11110,-0.1006
398,398000,-0.100,0.293,11106,-0.0992
399,399000,-0.100,0.279,11108,-0.0999
400,400000,-0.100,0.483,11080,-0.0897
401,401000,-0.100,0.308,11104,-0.0985
402,402000,-0.100,0.286,11107,-0.0996
403,403000,-0.100,0.308,11104,-0.0985
404,404000,-0.100,0.344,11099,-0.0966
405,405000,-0.100,0.286,11107,-0.0996
406,406000,-0.100,0.308,11104,-0.0985
407,407000,-0.100,0.424,11088,-0.0926
408,408000,-0.100,0.293,11106,-0.0992
409,409000,-0.100,0.344,11099,-0.0966
410,410000,-0.100,0.366,11096,-0.0955
411,411000,-0.100,-0.359,11122,-0.1050
412,412000,-0.100,0.293,11106,-0.0992
413,413000,-0.100,0.344,11099,-0.0966
414,414000,-0.100,-0.418,11130,-0.1079
415,415000,-0.100,-0.287,11112,-0.1014
416,416000,-0.100,-0.345,11120,-0.1043
417,417000,-0.100,0.293,11106,-0.0992
418,418000,-0.100,0.366,11096,-0.0955
419,419000,-0.100,0.308,11104,-0.0985
420,420000,-0.100,-0.301,11114,-0.1021
421,421000,-0.100,-0.287,11112,-0.1014
422,422000,-0.100,-0.330,11118,-0.1036
423,423000,-0.100,-0.301,11114,-0.1021
424,424000,-0.100,-0.301,11114,-0.1021
425,425000,-0.100,-0.330,11118,-0.1036
426,426000,-0.100,-0.345,11120,-0.1043
427,427000,-0.100,0.497,11078,-0.0890
428,428000,-0.100,0.279,11108,-0.0999
429,429000,-0.100,-0.301,11114,-0.1021
430,430000,-0.100,0.352,11098,-0.0963
431,431000,-0.100,-0.287,11112,-0.1014
432,432000,-0.100,-0.287,11112,-0.1014
433,433000,-0.100,0.366,11096,-0.0955
434,434000,-0.100,-0.287,11112,-0.1014
435,435000,-0.100,-0.294,11113,-0.1017
436,436000,-0.100,-0.287,11112,-0.1014
437,437000,-0.100,0.344,11099,-0.0966
438,438000,-0.100,0.286,11107,-0.0996
439,439000,-0.100,0.293,11106,-0.0992
440,440000,-0.100,0.279,11108,-0.0999
441,441000,-0.100,-0.308,11115,-0.1025
442,442000,-0.100,-0.418,11130,-0.1079
443,443000,-0.100,-0.272,11110,-0.1006
444,444000,-0.100,0.279,11108,-0.0999
445,445000,-0.100,-0.287,11112,-0.1014
446,446000,-0.100,0.322,11102,-0.0977
447,447000,-0.100,-0.272,11110,-0.1006
448,448000,-0.100,-0.476,11138,-0.1109
449,449000,-0.100,-0.308,11115,-0.1025
450,450000,-0.100,-0.265,11109,-0.1003
451,451000,-0.100,-0.287,11112,-0.1014
452,452000,-0.100,-0.301,11114,-0.1021
453,453000,-0.100,-0.316,11116,-0.1028
454,454000,-0.100,-0.272,11110,-0.1006
455,455000,-0.100,-0.316,11116,-0.1028
456,456000,-0.100,-0.308,11115,-0.1025
457,457000,-0.100,-0.330,11118,-0.1036
458,458000,-0.100,-0.374,11124,-0.1058
459,459000,-0.100,-0.308,11115,-0.1025
460,460000,-0.100,0.293,11106,-0.0992
461,461000,-0.100,-0.316,11116,-0.1028
462,462000,-0.100,0.322,11102,-0.0977
463,463000,-0.100,-0.308,11115,-0.1025
464,464000,-0.100,-0.287,11112,-0.1014
465,465000,-0.100,-0.272,11110,-0.1006
466,466000,-0.100,-0.301,11114,-0.1021
467,467000,-0.100,-0.301,11114,-0.1021
468,468000,-0.100,-0.600,11155,-0.1171
469,469000,-0.100,-0.272,11110,-0.1006
470,470000,-0.100,-0.359,11122,-0.1050
471,471000,-0.100,0.308,11104,-0.0985
472,472000,-0.100,-0.287,11112,-0.1014
473,473000,-0.100,-0.287,11112,-0.1014
474,474000,-0.100,-0.330,11118,-0.1036
475,475000,-0.100,-0.287,11112,-0.1014
476,476000,-0.100,-0.461,11136,-0.1101
477,477000,-0.100,-0.345,11120,-0.1043
478,478000,-0.100,0.293,11106,-0.0992
479,479000,-0.100,-0.359,11122,-0.1050
480,480000,-0.100,-0.301,11114,-0.1021
481,481000,-0.100,-0.287,11112,-0.1014
482,482000,-0.100,0.337,11100,-0.0970
483,483000,-0.100,-0.287,11112,-0.1014
484,484000,-0.100,-0.272,11110,-0.1006
485,485000,-0.100,-0.403,11128,-0.1072
486,486000,-0.100,0.322,11102,-0.0977
487,487000,-0.100,0.352,11098,-0.0963
488,488000,-0.100,-0.345,11120,-0.1043
489,489000,-0.100,0.293,11106,-0.0992
490,490000,-0.100,-0.374,11124,-0.1058
491,491000,-0.100,-0.294,11113,-0.1017
492,492000,-0.100,-0.287,11112,-0.1014
493,493000,-0.100,0.293,11106,-0.0992
494,494000,-0.100,0.497,11078,-0.0890
495,495000,-0.100,0.301,11105,-0.0988
496,496000,-0.100,-0.272,11110,-0.1006
497,497000,-0.100,-0.272,11110,-0.1006
498,498000,-0.100,-0.294,11113,-0.1017
499,499000,-0.100,0.308,11104,-0.0985
500,500000,-0.100,0.308,11104,-0.0985
501,501000,-0.100,-0.345,11120,-0.1043
502,502000,-0.100,0.279,11108,-0.0999
503,503000,-0.100,-0.287,11112,-0.1014
504,504000,-0.100,0.322,11102,-0.0977
505,505000,-0.100,-0.287,11112,-0.1014
506,506000,-0.100,-0.272,11110,-0.1006
507,507000,-0.100,-0.418,11130,-0.1079
508,508000,-0.100,0.286,11107,-0.0996
509,509000,-0.100,-0.272,11110,-0.1006
510,510000,-0.100,-0.301,11114,-0.1021
511,511000,-0.100,0.279,11108,-0.0999
512,512000,-0.100,-0.272,11110,-0.1006
513,513000,-0.100,0.337,11100,-0.0970
514,514000,-0.100,-0.265,11109,-0.1003
515,515000,-0.100,-0.272,11110,-0.1006
516,516000,-0.100,0.279,11108,-0.0999
517,517000,-0.100,-0.265,11109,-0.1003
518,518000,-0.100,0.308,11104,-0.0985
519,519000,-0.100,-0.272,11110,-0.1006
520,520000,-0.100,0.286,11107,-0.0996
521,521000,-0.100,0.279,11108,-0.0999
522,522000,-0.100,-0.272,11110,-0.1006
523,523000,-0.100,-0.265,11109,-0.1003
524,524000,-0.100,-0.389,11126,-0.1065
525,525000,-0.100,0.352,11098,-0.0963
526,526000,-0.100,0.308,11104,-0.0985
527,527000,-0.100,0.301,11105,-0.0988
528,528000,-0.100,-0.287,11112,-0.1014
529,529000,-0.100,0.381,11094,-0.0948
530,530000,-0.100,0.286,11107,-0.0996
531,531000,-0.100,0.279,11108,-0.0999
532,532000,-0.100,-0.272,11110,-0.1006
533,533000,-0.100,-0.301,11114,-0.1021
534,534000,-0.100,-0.301,11114,-0.1021
535,535000,-0.100,-0.287,11112,-0.1014
536,536000,-0.100,0.286,11107,-0.0996
537,537000,-0.100,-0.578,11152,-0.1160
538,538000,-0.100,-0.272,11110,-0.1006
539,539000,-0.100,-0.330,11118,-0.1036
540,540000,-0.100,-0.287,11112,-0.1014
541,541000,-0.100,0.293,11106,-0.0992
542,542000,-0.100,-0.287,11112,-0.1014
543,543000,-0.100,0.410,11090,-0.0934
544,544000,-0.100,-0.272,11110,-0.1006
545,545000,-0.100,-0.272,11110,-0.1006
546,546000,-0.100,-0.287,11112,-0.1014
547,547000,-0.100,0.308,11104,-0.0985
548,548000,-0.100,-0.272,11110,-0.1006
549,549000,-0.100,0.308,11104,-0.0985
550,550000,-0.100,-0.294,11113,-0.1017
551,551000,-0.100,-0.294,11113,-0.1017
552,552000,-0.100,0.279,11108,-0.0999
553,553000,-0.100,-0.301,11114,-0.1021
554,554000,-0.100,-0.272,11110,-0.1006
555,555000,-0.100,-0.301,11114,-0.1021
556,556000,-0.100,-0.367,11123,-0.1054
557,557000,-0.100,-0.301,11114,-0.1021
558,558000,-0.100,-0.272,11110,-0.1006
559,559000,-0.100,-0.287,11112,-0.1014
560,560000,-0.100,0.410,11090,-0.0934
561,561000,-0.100,0.286,11107,-0.0996
562,562000,-0.100,0.293,11106,-0.0992
563,563000,-0.100,-0.272,11110,-0.1006
564,564000,-0.100,0.293,11106,-0.0992
565,565000,-0.100,-0.301,11114,-0.1021
566,566000,-0.100,-0.272,11110,-0.1006
567,567000,-0.100,-0.272,11110,-0.1006
568,568000,-0.100,-0.272,11110,-0.1006
569,569000,-0.100,-0.287,11112,-0.1014
570,570000,-0.100,0.352,11098,-0.0963
571,571000,-0.100,0.293,11106,-0.0992
572,572000,-0.100,0.388,11093,-0.0945
573,573000,-0.100,0.279,11108,-0.0999
574,574000,-0.100,0.293,11106,-0.0992
575,575000,-0.100,0.293,11106,-0.0992
576,576000,-0.100,-0.359,11122,-0.1050
577,577000,-0.100,0.308,11104,-0.0985
578,578000,-0.100,0.483,11080,-0.0897
579,579000,-0.100,-0.491,11140,-0.1116
580,580000,-0.100,-0.265,11109,-0.1003
581,581000,-0.100,-0.345,11120,-0.1043
582,582000,-0.100,-0.272,11110,-0.1006
583,583000,-0.100,0.279,11108,-0.0999
584,584000,-0.100,-0.520,11144,-0.1130
585,585000,-0.100,-0.403,11128,-0.1072
586,586000,-0.100,0.366,11096,-0.0955
587,587000,-0.100,0.293,11106,-0.0992
588,588000,-0.100,0.344,11099,-0.0966
589,589000,-0.100,0.366,11096,-0.0955
590,590000,-0.100,-0.287,11112,-0.1014
591,591000,-0.100,0.322,11102,-0.0977
592,592000,-0.100,-0.345,11120,-0.1043
593,593000,-0.100,0.293,11106,-0.0992
594,594000,-0.100,0.279,11108,-0.0999
595,595000,-0.100,0.337,11100,-0.0970
596,596000,-0.100,0.286,11107,-0.0996
597,597000,-0.100,0.293,11106,-0.0992
598,598000,-0.100,0.308,11104,-0.0985
599,599000,-0.100,0.301,11105,-0.0988
# end capture 10
# batch done: 10 steps at kp=-20.00
-0.100,-0.0966,0.344
-0.100,-0.0992,0.293
-0.100,-0.1043,-0.345
-0.100,-0.1021,-0.301
-0.100,-0.1006,-0.272
-0.100,-0.0985,0.308
-0.100,-0.0817,0.643
0.100,-0.1014,-4.287
0.100,-0.0474,-3.208
0.100,0.0240,-1.779
0.100,0.0911,-0.437
0.100,0.1188,0.653
0.100,0.1162,0.602
0.100,0.1071,0.420
0.100,0.0998,-0.262
0.100,0.0947,-0.364
0.100,0.0987,-0.284
0.100,0.0936,-0.386
0.100,0.0991,-0.277
0.100,0.1017,0.310
0.100,0.1006,0.288
0.100,0.0987,-0.284
0.100,0.1049,0.376
0.100,0.0984,-0.291
0.100,0.1006,0.288
0.100,0.0998,-0.262
0.100,0.1013,0.303
0.100,0.1013,0.303
0.100,0.1006,0.288
0.100,0.0991,-0.277
0.100,0.1006,0.288
0.100,0.0998,-0.262
0.100,0.0998,-0.262
0.100,0.0987,-0.284
0.100,0.1009,0.296
0.100,0.1017,0.310
0.100,0.1024,0.325
0.100,0.0969,-0.321
0.100,0.0998,-0.262
0.100,0.1057,0.390
0.100,0.1006,0.288
0.100,0.0958,-0.342
0.100,0.0991,-0.277
0.100,0.0969,-0.321
0.100,0.0998,-0.262
0.100,0.0977,-0.306
0.100,0.0998,-0.262
0.100,0.1031,0.339
0.100,0.1071,0.420
0.100,0.1031,0.339
0.100,0.0998,-0.262
0.100,0.1028,0.332
0.100,0.1006,0.288
0.100,0.1009,0.296
0.100,0.0998,-0.262
0.100,0.1013,0.303
0.100,0.0998,-0.262
-0.100,0.0991,4.259
-0.100,0.0765,3.807
-0.100,-0.0245,1.788
-0.100,-0.0915,0.446
-0.100,-0.1211,-0.680
-0.100,-0.1291,-0.841
-0.100,-0.1160,-0.578
-0.100,-0.1014,-0.287
-0.100,-0.1072,-0.403
-0.100,-0.0959,0.359
-0.100,-0.0977,0.322
-0.100,-0.0992,0.293
-0.100,-0.1087,-0.432
-0.100,-0.1014,-0.287
-0.100,-0.1036,-0.330
-0.100,-0.0992,0.293
-0.100,-0.0992,0.293
-0.100,-0.1006,-0.272
-0.100,-0.1006,-0.272
-0.100,-0.1028,-0.316
-0.100,-0.0985,0.308
-0.100,-0.0999,0.279
-0.100,-0.1006,-0.272
-0.100,-0.0999,0.279
-0.100,-0.1130,-0.520
-0.100,-0.0985,0.308
-0.100,-0.1021,-0.301
-0.100,-0.1017,-0.294
-0.100,-0.0977,0.322
-0.100,-0.1065,-0.389
-0.100,-0.1014,-0.287
-0.100,-0.0999,0.279
-0.100,-0.0992,0.293
-0.100,-0.1025,-0.308
-0.100,-0.0901,0.475
-0.100,-0.1021,-0.301
-0.100,-0.1003,-0.265
-0.100,-0.0996,0.286
-0.100,-0.0996,0.286
-0.100,-0.1014,-0.287
-0.100,-0.1028,-0.316
-0.100,-0.1101,-0.461
-0.100,-0.1014,-0.287
-0.100,-0.0985,0.308
-0.100,-0.1021,-0.301
-0.100,-0.0977,0.322
-0.100,-0.0955,0.366
-0.100,-0.1021,-0.301
-0.100,-0.1014,-0.287
-0.100,-0.1021,-0.301
0.100,-0.1006,-4.272
0.100,-0.0518,-3.295
0.100,0.0240,-1.779
0.100,0.0794,-0.671
0.100,0.1192,0.660
0.100,0.1203,0.682
0.100,0.1122,0.522
0.100,0.0947,-0.364
0.100,0.0962,-0.335
0.100,0.0987,-0.284
0.100,0.0991,-0.277
0.100,0.1006,0.288
0.100,0.0998,-0.262
0.100,0.1006,0.288
0.100,0.0998,-0.262
0.100,0.1020,0.317
0.100,0.0991,-0.277
0.100,0.0940,-0.379
0.100,0.0998,-0.262
0.100,0.0998,-0.262
0.100,0.0998,-0.262
0.100,0.0998,-0.262
0.100,0.0998,-0.262
0.100,0.1046,0.369
0.100,0.0980,-0.299
0.100,0.1042,0.361
0.100,0.0977,-0.306
0.100,0.0984,-0.291
0.100,0.0984,-0.291
0.100,0.1020,0.317
0.100,0.1071,0.420
0.100,0.0969,-0.321
0.100,0.1119,0.514
0.100,0.0998,-0.262
0.100,0.0998,-0.262
0.100,0.0977,-0.306
0.100,0.1013,0.303
0.100,0.1024,0.325
0.100,0.1020,0.317
0.100,0.1020,0.317
0.100,0.0998,-0.262
0.100,0.0998,-0.262
0.100,0.0984,-0.291
0.100,0.1009,0.296
0.100,0.0991,-0.277
0.100,0.0991,-0.277
0.100,0.1053,0.383
0.100,0.0977,-0.306
0.100,0.1006,0.288
0.100,0.0998,-0.262
-0.100,0.0991,4.259
-0.100,0.0605,3.486
-0.100,-0.0234,1.810
-0.100,-0.0908,0.461
-0.100,-0.1218,-0.695
-0.100,-0.1258,-0.775
-0.100,-0.1141,-0.542
-0.100,-0.1014,-0.287
-0.100,-0.0970,0.337
-0.100,-0.0966,0.344
-0.100,-0.0992,0.293
-0.100,-0.1014,-0.287
-0.100,-0.0992,0.293
-0.100,-0.0996,0.286
-0.100,-0.1006,-0.272
-0.100,-0.0985,0.308
-0.100,-0.0977,0.322
-0.100,-0.0999,0.279
-0.100,-0.0992,0.293
-0.100,-0.0875,0.527
-0.100,-0.1028,-0.316
-0.100,-0.1006,-0.272
-0.100,-0.0992,0.293
-0.100,-0.0985,0.308
-0.100,-0.1014,-0.287
-0.100,-0.0966,0.344
-0.100,-0.1003,-0.265
-0.100,-0.1006,-0.272
-0.100,-0.1003,-0.265
-0.100,-0.0999,0.279
-0.100,-0.1036,-0.330
-0.100,-0.0977,0.322
-0.100,-0.0948,0.381
-0.100,-0.0985,0.308
-0.100,-0.0977,0.322
-0.100,-0.0985,0.308
-0.100,-0.1014,-0.287
-0.100,-0.1014,-0.287
-0.100,-0.0992,0.293
-0.100,-0.1006,-0.272
-0.100,-0.0996,0.286
-0.100,-0.0988,0.301
-0.100,-0.0992,0.293
-0.100,-0.0985,0.308
-0.100,-0.1036,-0.330
-0.100,-0.1021,-0.301
-0.100,-0.1043,-0.345
-0.100,-0.1021,-0.301
-0.100,-0.0992,0.293
-0.100,-0.1014,-0.287
0.100,-0.1003,-4.265
0.100,-0.0471,-3.200
0.100,0.0218,-1.822
0.100,0.0874,-0.510
0.100,0.1195,0.667
0.100,0.1330,0.937
0.100,0.1108,0.492
0.100,0.1020,0.317
0.100,0.0977,-0.306
0.100,0.1028,0.332
0.100,0.0998,-0.262
0.100,0.0925,-0.408
0.100,0.1049,0.376
0.100,0.1006,0.288
0.100,0.0940,-0.379
0.100,0.0998,-0.262
0.100,0.0947,-0.364
0.100,0.0991,-0.277
0.100,0.1020,0.317
0.100,0.1042,0.361
0.100,0.0991,-0.277
0.100,0.0998,-0.262
0.100,0.1020,0.317
0.100,0.0998,-0.262
0.100,0.1024,0.325
0.100,0.1017,0.310
0.100,0.1020,0.317
0.100,0.0998,-0.262
0.100,0.1020,0.317
0.100,0.0998,-0.262
0.100,0.0991,-0.277
0.100,0.0958,-0.342
0.100,0.0969,-0.321
0.100,0.0998,-0.262
0.100,0.1017,0.310
0.100,0.0991,-0.277
0.100,0.1020,0.317
0.100,0.1006,0.288
0.100,0.1017,0.310
# stop
