# start kp=-25.00 dt_ms=1 half_period_ms=1000 ref_amp=0.100 stiction_pos=0.277 stiction_neg=0.259
-0.100,0.0466,3.942
-0.100,-0.0467,1.610
-0.100,-0.1203,-0.767
-0.100,-0.1375,-1.196
-0.100,-0.1152,-0.640
-0.100,-0.1036,-0.348
-0.100,-0.0948,0.407
-0.100,-0.0985,0.316
-0.100,-0.1083,-0.467
-0.100,-0.1025,-0.321
-0.100,-0.1014,-0.293
-0.100,-0.0919,0.480
-0.100,-0.0992,0.297
-0.100,-0.0992,0.297
-0.100,-0.0985,0.316
-0.100,-0.0992,0.297
-0.100,-0.1006,-0.275
-0.100,-0.1006,-0.275
-0.100,-0.1006,-0.275
-0.100,-0.0985,0.316
-0.100,-0.0996,0.288
-0.100,-0.0996,0.288
-0.100,-0.0999,0.279
-0.100,-0.0955,0.388
-0.100,-0.0981,0.325
-0.100,-0.0992,0.297
-0.100,-0.1025,-0.321
-0.100,-0.1014,-0.293
-0.100,-0.1006,-0.275
-0.100,-0.0992,0.297
-0.100,-0.1101,-0.512
-0.100,-0.0966,0.361
-0.100,-0.0992,0.297
-0.100,-0.1006,-0.275
-0.100,-0.1006,-0.275
-0.100,-0.0992,0.297
-0.100,-0.1079,-0.457
-0.100,-0.0879,0.580
-0.100,-0.1014,-0.293
-0.100,-0.1006,-0.275
-0.100,-0.0919,0.480
-0.100,-0.1014,-0.293
-0.100,-0.1014,-0.293
-0.100,-0.1017,-0.303
-0.100,-0.0963,0.370
-0.100,-0.1014,-0.293
-0.100,-0.1014,-0.293
-0.100,-0.1006,-0.275
-0.100,-0.1130,-0.585
0.100,-0.0996,-5.248
0.100,-0.0401,-3.762
0.100,0.0521,-1.457
0.100,0.1173,0.710
0.100,0.1319,1.075
0.100,0.1192,0.756
0.100,0.0991,-0.281
0.100,0.0947,-0.391
0.100,0.0900,-0.509
0.100,0.0940,-0.409
0.100,0.1013,0.309
0.100,0.1035,0.364
0.100,0.0977,-0.318
0.100,0.0984,-0.300
0.100,0.0995,-0.272
0.100,0.0933,-0.427
0.100,0.0998,-0.263
0.100,0.1049,0.401
0.100,0.1020,0.328
0.100,0.1013,0.309
0.100,0.0991,-0.281
0.100,0.0998,-0.263
0.100,0.1020,0.328
0.100,0.0991,-0.281
0.100,0.1006,0.291
0.100,0.0966,-0.345
0.100,0.1006,0.291
0.100,0.0962,-0.354
0.100,0.0998,-0.263
0.100,0.0998,-0.263
0.100,0.0991,-0.281
0.100,0.1013,0.309
0.100,0.1006,0.291
0.100,0.1038,0.373
0.100,0.0991,-0.281
0.100,0.0991,-0.281
0.100,0.1009,0.300
0.100,0.0969,-0.336
0.100,0.0991,-0.281
0.100,0.0998,-0.263
0.100,0.0991,-0.281
0.100,0.1006,0.291
0.100,0.1017,0.319
0.100,0.0998,-0.263
0.100,0.1038,0.373
0.100,0.0998,-0.263
0.100,0.0922,-0.454
0.100,0.1020,0.328
0.100,0.0991,-0.281
0.100,0.1035,0.364
-0.100,0.1042,5.382
-0.100,0.0452,3.906
-0.100,-0.0489,1.555
-0.100,-0.1189,-0.731
-0.100,-0.1313,-1.041
-0.100,-0.1218,-0.804
-0.100,-0.0992,0.297
-0.100,-0.0955,0.388
-0.100,-0.0937,0.434
-0.100,-0.1006,-0.275
-0.100,-0.1036,-0.348
-0.100,-0.1014,-0.293
-0.100,-0.1010,-0.284
-0.100,-0.0992,0.297
-0.100,-0.0985,0.316
-0.100,-0.1014,-0.293
-0.100,-0.1006,-0.275
-0.100,-0.0890,0.552
-0.100,-0.0996,0.288
-0.100,-0.0941,0.425
-0.100,-0.1021,-0.312
-0.100,-0.0999,0.279
-0.100,-0.0992,0.297
-0.100,-0.1006,-0.275
-0.100,-0.0999,0.279
-0.100,-0.0996,0.288
-0.100,-0.0963,0.370
-0.100,-0.1006,-0.275
-0.100,-0.1021,-0.312
-0.100,-0.0999,0.279
-0.100,-0.1006,-0.275
-0.100,-0.1014,-0.293
-0.100,-0.1006,-0.275
-0.100,-0.0992,0.297
-0.100,-0.1021,-0.312
-0.100,-0.0977,0.334
-0.100,-0.0992,0.297
-0.100,-0.0948,0.407
-0.100,-0.0999,0.279
-0.100,-0.0999,0.279
-0.100,-0.0948,0.407
-0.100,-0.1006,-0.275
-0.100,-0.0963,0.370
-0.100,-0.1028,-0.330
-0.100,-0.0985,0.316
-0.100,-0.1109,-0.530
-0.100,-0.0981,0.325
-0.100,-0.1145,-0.621
-0.100,-0.0904,0.516
-0.100,-0.0966,0.361
0.100,-0.1006,-5.275
0.100,-0.0460,-3.908
0.100,0.0473,-1.575
0.100,0.1173,0.710
0.100,0.1308,1.048
0.100,0.1144,0.637
0.100,0.0958,-0.363
0.100,0.0987,-0.290
0.100,0.0958,-0.363
0.100,0.0977,-0.318
0.100,0.0998,-0.263
0.100,0.0991,-0.281
0.100,0.0998,-0.263
0.100,0.1009,0.300
0.100,0.1020,0.328
0.100,0.0998,-0.263
0.100,0.1057,0.419
0.100,0.0940,-0.409
0.100,0.0998,-0.263
0.100,0.1020,0.328
0.100,0.0991,-0.281
0.100,0.0991,-0.281
0.100,0.0977,-0.318
0.100,0.1006,0.291
0.100,0.1020,0.328
0.100,0.0991,-0.281
0.100,0.1028,0.346
0.100,0.0987,-0.290
0.100,0.0998,-0.263
0.100,0.1017,0.319
0.100,0.0900,-0.509
0.100,0.1020,0.328
0.100,0.0998,-0.263
0.100,0.0998,-0.263
0.100,0.0991,-0.281
0.100,0.1006,0.291
0.100,0.1013,0.309
0.100,0.1064,0.437
0.100,0.0991,-0.281
0.100,0.1017,0.319
0.100,0.1028,0.346
0.100,0.0987,-0.290
0.100,0.0977,-0.318
0.100,0.0998,-0.263
0.100,0.0998,-0.263
0.100,0.0998,-0.263
0.100,0.0998,-0.263
0.100,0.0991,-0.281
0.100,0.0962,-0.354
0.100,0.0977,-0.318
-0.100,0.1017,5.319
-0.100,0.0408,3.797
-0.100,-0.0554,1.391
-0.100,-0.1243,-0.868
-0.100,-0.1345,-1.123
-0.100,-0.1225,-0.822
-0.100,-0.0999,0.279
-0.100,-0.0955,0.388
-0.100,-0.0955,0.388
-0.100,-0.0963,0.370
-0.100,-0.0992,0.297
-0.100,-0.1021,-0.312
-0.100,-0.1025,-0.321
-0.100,-0.1101,-0.512
-0.100,-0.1021,-0.312
-0.100,-0.0992,0.297
-0.100,-0.1025,-0.321
-0.100,-0.1014,-0.293
-0.100,-0.0890,0.552
-0.100,-0.0996,0.288
-0.100,-0.1043,-0.366
-0.100,-0.1006,-0.275
-0.100,-0.0985,0.316
-0.100,-0.1014,-0.293
-0.100,-0.0985,0.316
-0.100,-0.0996,0.288
-0.100,-0.0996,0.288
-0.100,-0.1138,-0.603
-0.100,-0.0985,0.316
-0.100,-0.1017,-0.303
-0.100,-0.1036,-0.348
-0.100,-0.1014,-0.293
-0.100,-0.1014,-0.293
-0.100,-0.1006,-0.275
-0.100,-0.0915,0.489
-0.100,-0.1043,-0.366
-0.100,-0.1014,-0.293
-0.100,-0.1003,-0.266
-0.100,-0.1017,-0.303
-0.100,-0.0992,0.297
-0.100,-0.0977,0.334
-0.100,-0.1025,-0.321
-0.100,-0.1014,-0.293
-0.100,-0.0992,0.297
-0.100,-0.0996,0.288
-0.100,-0.0999,0.279
-0.100,-0.0966,0.361
-0.100,-0.0996,0.288
-0.100,-0.0977,0.334
-0.100,-0.1094,-0.494
0.100,-0.1021,-5.312
0.100,-0.0452,-3.890
0.100,0.0503,-1.502
0.100,0.1203,0.783
0.100,0.1341,1.130
0.100,0.1195,0.765
0.100,0.1017,0.319
0.100,0.0947,-0.391
0.100,0.0940,-0.409
0.100,0.0998,-0.263
0.100,0.1024,0.337
0.100,0.1006,0.291
0.100,0.0998,-0.263
0.100,0.0998,-0.263
0.100,0.0940,-0.409
0.100,0.1006,0.291
0.100,0.1017,0.319
0.100,0.0998,-0.263
0.100,0.0995,-0.272
0.100,0.1057,0.419
0.100,0.1020,0.328
0.100,0.0860,-0.609
0.100,0.0998,-0.263
0.100,0.1042,0.382
0.100,0.0998,-0.263
0.100,0.1035,0.364
0.100,0.1013,0.309
0.100,0.0853,-0.628
0.100,0.0940,-0.409
0.100,0.1013,0.309
0.100,0.0998,-0.263
0.100,0.1057,0.419
0.100,0.0998,-0.263
0.100,0.1020,0.328
0.100,0.0998,-0.263
0.100,0.0991,-0.281
0.100,0.0998,-0.263
0.100,0.0969,-0.336
0.100,0.0874,-0.573
0.100,0.1093,0.510
0.100,0.0991,-0.281
0.100,0.0874,-0.573
0.100,0.0998,-0.263
0.100,0.1013,0.309
0.100,0.1006,0.291
0.100,0.1009,0.300
0.100,0.1020,0.328
0.100,0.0998,-0.263
0.100,0.0991,-0.281
0.100,0.1006,0.291
-0.100,0.1057,5.419
-0.100,0.0433,3.860
-0.100,-0.0518,1.482
-0.100,-0.1138,-0.603
-0.100,-0.1371,-1.186
-0.100,-0.1232,-0.840
-0.100,-0.1036,-0.348
-0.100,-0.0945,0.416
-0.100,-0.0948,0.407
-0.100,-0.0999,0.279
-0.100,-0.1021,-0.312
-0.100,-0.1014,-0.293
-0.100,-0.0999,0.279
-0.100,-0.1036,-0.348
-0.100,-0.1014,-0.293
-0.100,-0.0985,0.316
-0.100,-0.1006,-0.275
-0.100,-0.1014,-0.293
-0.100,-0.0966,0.361
-0.100,-0.1014,-0.293
-0.100,-0.0985,0.316
-0.100,-0.0992,0.297
-0.100,-0.1006,-0.275
-0.100,-0.1006,-0.275
-0.100,-0.0996,0.288
-0.100,-0.1014,-0.293
-0.100,-0.0948,0.407
-0.100,-0.1014,-0.293
-0.100,-0.0999,0.279
-0.100,-0.0999,0.279
-0.100,-0.0996,0.288
-0.100,-0.1043,-0.366
-0.100,-0.1006,-0.275
-0.100,-0.0996,0.288
-0.100,-0.1006,-0.275
-0.100,-0.1006,-0.275
-0.100,-0.1006,-0.275
-0.100,-0.1014,-0.293
-0.100,-0.1014,-0.293
-0.100,-0.1043,-0.366
-0.100,-0.0985,0.316
-0.100,-0.0992,0.297
-0.100,-0.0948,0.407
-0.100,-0.1006,-0.275
-0.100,-0.1006,-0.275
-0.100,-0.1021,-0.312
-0.100,-0.1043,-0.366
-0.100,-0.1006,-0.275
-0.100,-0.0966,0.361
-0.100,-0.0985,0.316
0.100,-0.0992,-5.239
0.100,-0.0460,-3.908
0.100,0.0503,-1.502
0.100,0.1192,0.756
0.100,0.1323,1.084
0.100,0.1203,0.783
0.100,0.1009,0.300
0.100,0.0977,-0.318
0.100,0.0955,-0.372
0.100,0.0998,-0.263
0.100,0.1020,0.328
0.100,0.1017,0.319
0.100,0.1049,0.401
0.100,0.1013,0.309
0.100,0.1028,0.346
0.100,0.1035,0.364
0.100,0.0998,-0.263
0.100,0.0955,-0.372
0.100,0.0984,-0.300
0.100,0.1006,0.291
0.100,0.1006,0.291
0.100,0.1046,0.391
0.100,0.0991,-0.281
0.100,0.0809,-0.737
0.100,0.0991,-0.281
0.100,0.1093,0.510
0.100,0.1017,0.319
0.100,0.1013,0.309
0.100,0.0991,-0.281
0.100,0.1006,0.291
0.100,0.0998,-0.263
0.100,0.1020,0.328
0.100,0.0882,-0.555
0.100,0.0998,-0.263
0.100,0.1017,0.319
0.100,0.1028,0.346
0.100,0.0998,-0.263
0.100,0.1049,0.401
0.100,0.0998,-0.263
0.100,0.0991,-0.281
0.100,0.0998,-0.263
0.100,0.1017,0.319
0.100,0.0991,-0.281
0.100,0.0998,-0.263
0.100,0.0929,-0.436
0.100,0.1020,0.328
0.100,0.0962,-0.354
0.100,0.0998,-0.263
0.100,0.1046,0.391
0.100,0.1006,0.291
-0.100,0.1017,5.319
-0.100,0.0503,4.034
-0.100,-0.0540,1.427
-0.100,-0.1218,-0.804
-0.100,-0.1335,-1.095
-0.100,-0.1196,-0.749
-0.100,-0.0992,0.297
-0.100,-0.0945,0.416
-0.100,-0.0977,0.334
-0.100,-0.1017,-0.303
-0.100,-0.1028,-0.330
-0.100,-0.1006,-0.275
-0.100,-0.1025,-0.321
-0.100,-0.1043,-0.366
-0.100,-0.1014,-0.293
-0.100,-0.0996,0.288
-0.100,-0.0992,0.297
-0.100,-0.1021,-0.312
-0.100,-0.1014,-0.293
-0.100,-0.0955,0.388
-0.100,-0.0999,0.279
-0.100,-0.1003,-0.266
-0.100,-0.1014,-0.293
-0.100,-0.1021,-0.312
-0.100,-0.0985,0.316
-0.100,-0.1006,-0.275
-0.100,-0.0955,0.388
-0.100,-0.0992,0.297
-0.100,-0.1010,-0.284
-0.100,-0.0999,0.279
-0.100,-0.0996,0.288
-0.100,-0.0937,0.434
-0.100,-0.1003,-0.266
-0.100,-0.1014,-0.293
-0.100,-0.1006,-0.275
-0.100,-0.1014,-0.293
-0.100,-0.1083,-0.467
-0.100,-0.1025,-0.321
-0.100,-0.0963,0.370
-0.100,-0.1025,-0.321
-0.100,-0.0966,0.361
-0.100,-0.1014,-0.293
-0.100,-0.1028,-0.330
-0.100,-0.1028,-0.330
-0.100,-0.0999,0.279
-0.100,-0.1006,-0.275
-0.100,-0.1006,-0.275
-0.100,-0.0999,0.279
-0.100,-0.0996,0.288
# batch capture 1/5
# capture 21 kp=-25.00 dir=+ dt_us=1000 samples=600 sat=0
0,0,0.100,-5.239,11106,-0.0992
1,1000,0.100,-5.421,11126,-0.1065
2,2000,0.100,-5.239,11106,-0.0992
3,3000,0.100,-5.111,11092,-0.0941
4,4000,0.100,-5.220,11104,-0.0985
5,5000,0.100,-5.248,11107,-0.0996
6,6000,0.100,-5.248,11107,-0.0996
7,7000,0.100,-5.093,11090,-0.0934
8,8000,0.100,-5.166,11098,-0.0963
9,9000,0.100,-5.002,11080,-0.0897
10,10000,0.100,-4.956,11075,-0.0879
11,11000,0.100,-4.838,11062,-0.0832
12,12000,0.100,-4.929,11072,-0.0868
13,13000,0.100,-4.592,11035,-0.0733
14,14000,0.100,-4.619,11038,-0.0744
15,15000,0.100,-4.437,11018,-0.0671
16,16000,0.100,-4.346,11008,-0.0635
17,17000,0.100,-4.373,11011,-0.0646
18,18000,0.100,-4.127,10984,-0.0547
19,19000,0.100,-4.008,10971,-0.0500
20,20000,0.100,-3.817,10950,-0.0423
21,21000,0.100,-3.799,10948,-0.0416
22,22000,0.100,-3.671,10934,-0.0365
23,23000,0.100,-3.544,10920,-0.0314
24,24000,0.100,-3.416,10906,-0.0263
25,25000,0.100,-2.742,10832,0.0007
26,26000,0.100,-3.207,10883,-0.0179
27,27000,0.100,-2.906,10850,-0.0059
28,28000,0.100,-2.906,10850,-0.0059
29,29000,0.100,-2.833,10842,-0.0030
30,30000,0.100,-2.660,10823,0.0040
31,31000,0.100,-2.505,10806,0.0102
32,32000,0.100,-2.414,10796,0.0138
33,33000,0.100,-2.250,10778,0.0204
34,34000,0.100,-2.031,10754,0.0291
35,35000,0.100,-2.104,10762,0.0262
36,36000,0.100,-1.912,10741,0.0339
37,37000,0.100,-1.794,10728,0.0386
38,38000,0.100,-1.785,10727,0.0390
39,39000,0.100,-1.630,10710,0.0452
40,40000,0.100,-1.484,10694,0.0510
41,41000,0.100,-1.375,10682,0.0554
42,42000,0.100,-1.238,10667,0.0608
43,43000,0.100,-1.156,10658,0.0641
44,44000,0.100,-1.101,10652,0.0663
45,45000,0.100,-0.992,10640,0.0707
46,46000,0.100,-1.010,10642,0.0699
47,47000,0.100,-0.801,10619,0.0783
48,48000,0.100,-0.664,10604,0.0838
49,49000,0.100,-0.555,10592,0.0882
50,50000,0.100,-0.500,10586,0.0904
51,51000,0.100,-0.372,10572,0.0955
52,52000,0.100,-0.363,10571,0.0958
53,53000,0.100,0.455,10540,0.1071
54,54000,0.100,-0.436,10579,0.0929
55,55000,0.100,0.455,10540,0.1071
56,56000,0.100,0.674,10516,0.1159
57,57000,0.100,0.619,10522,0.1137
58,58000,0.100,0.984,10482,0.1283
59,59000,0.100,0.729,10510,0.1181
60,60000,0.100,0.692,10514,0.1166
61,61000,0.100,0.856,10496,0.1232
62,62000,0.100,0.838,10498,0.1224
63,63000,0.100,0.902,10491,0.1250
64,64000,0.100,0.911,10490,0.1254
65,65000,0.100,0.947,10486,0.1268
66,66000,0.100,1.093,10470,0.1326
67,67000,0.100,1.002,10480,0.1290
68,68000,0.100,1.284,10449,0.1403
69,69000,0.100,1.084,10471,0.1323
70,70000,0.100,1.038,10476,0.1305
71,71000,0.100,1.193,10459,0.1367
72,72000,0.100,1.221,10456,0.1377
73,73000,0.100,1.148,10464,0.1348
74,74000,0.100,1.093,10470,0.1326
75,75000,0.100,1.102,10469,0.1330
76,76000,0.100,1.102,10469,0.1330
77,77000,0.100,1.120,10467,0.1337
78,78000,0.100,1.257,10452,0.1392
79,79000,0.100,1.057,10474,0.1312
80,80000,0.100,1.130,10466,0.1341
81,81000,0.100,1.130,10466,0.1341
82,82000,0.100,1.066,10473,0.1316
83,83000,0.100,1.130,10466,0.1341
84,84000,0.100,1.102,10469,0.1330
85,85000,0.100,0.984,10482,0.1283
86,86000,0.100,1.148,10464,0.1348
87,87000,0.100,1.130,10466,0.1341
88,88000,0.100,1.002,10480,0.1290
89,89000,0.100,1.275,10450,0.1399
90,90000,0.100,1.057,10474,0.1312
91,91000,0.100,1.093,10470,0.1326
92,92000,0.100,1.020,10478,0.1297
93,93000,0.100,0.966,10484,0.1275
94,94000,0.100,0.856,10496,0.1232
95,95000,0.100,0.911,10490,0.1254
96,96000,0.100,0.929,10488,0.1261
97,97000,0.100,0.610,10523,0.1133
98,98000,0.100,0.829,10499,0.1221
99,99000,0.100,0.838,10498,0.1224
100,100000,0.100,0.783,10504,0.1203
101,101000,0.100,0.765,10506,0.1195
102,102000,0.100,0.838,10498,0.1224
103,103000,0.100,0.710,10512,0.1173
104,104000,0.100,0.710,10512,0.1173
105,105000,0.100,0.783,10504,0.1203
106,106000,0.100,0.555,10529,0.1111
107,107000,0.100,0.601,10524,0.1130
108,108000,0.100,0.619,10522,0.1137
109,109000,0.100,0.637,10520,0.1144
110,110000,0.100,0.473,10538,0.1079
111,111000,0.100,0.473,10538,0.1079
112,112000,0.100,0.346,10552,0.1028
113,113000,0.100,0.419,10544,0.1057
114,114000,0.100,-0.828,10622,0.0772
115,115000,0.100,0.446,10541,0.1068
116,116000,0.100,0.473,10538,0.1079
117,117000,0.100,0.346,10552,0.1028
118,118000,0.100,0.391,10547,0.1046
119,119000,0.100,0.355,10551,0.1031
120,120000,0.100,0.710,10512,0.1173
121,121000,0.100,0.291,10558,0.1006
122,122000,0.100,-0.263,10560,0.0998
123,123000,0.100,-0.454,10581,0.0922
124,124000,0.100,-0.336,10568,0.0969
125,125000,0.100,-0.555,10592,0.0882
126,126000,0.100,0.291,10558,0.1006
127,127000,0.100,-0.272,10561,0.0995
128,128000,0.100,-0.318,10566,0.0977
129,129000,0.100,-0.372,10572,0.0955
130,130000,0.100,-0.327,10567,0.0973
131,131000,0.100,-0.363,10571,0.0958
132,132000,0.100,-0.409,10576,0.0940
133,133000,0.100,-0.272,10561,0.0995
134,134000,0.100,-0.363,10571,0.0958
135,135000,0.100,-0.409,10576,0.0940
136,136000,0.100,-0.372,10572,0.0955
137,137000,0.100,-0.372,10572,0.0955
138,138000,0.100,-0.646,10602,0.0845
139,139000,0.100,-0.482,10584,0.0911
140,140000,0.100,-0.555,10592,0.0882
141,141000,0.100,-0.427,10578,0.0933
142,142000,0.100,-0.792,10618,0.0787
143,143000,0.100,-0.427,10578,0.0933
144,144000,0.100,-0.409,10576,0.0940
145,145000,0.100,-0.427,10578,0.0933
146,146000,0.100,-0.263,10560,0.0998
147,147000,0.100,-0.464,10582,0.0918
148,148000,0.100,-0.427,10578,0.0933
149,149000,0.100,-0.391,10574,0.0947
150,150000,0.100,-0.336,10568,0.0969
151,151000,0.100,-0.500,10586,0.0904
152,152000,0.100,-0.391,10574,0.0947
153,153000,0.100,-0.527,10589,0.0893
154,154000,0.100,-0.391,10574,0.0947
155,155000,0.100,-0.336,10568,0.0969
156,156000,0.100,-0.500,10586,0.0904
157,157000,0.100,-0.646,10602,0.0845
158,158000,0.100,-0.391,10574,0.0947
159,159000,0.100,-0.391,10574,0.0947
160,160000,0.100,-0.391,10574,0.0947
161,161000,0.100,-0.354,10570,0.0962
162,162000,0.100,0.546,10530,0.1108
163,163000,0.100,-0.500,10586,0.0904
164,164000,0.100,-0.372,10572,0.0955
165,165000,0.100,-0.464,10582,0.0918
166,166000,0.100,-0.327,10567,0.0973
167,167000,0.100,-0.427,10578,0.0933
168,168000,0.100,-0.336,10568,0.0969
169,169000,0.100,-0.318,10566,0.0977
170,170000,0.100,-0.263,10560,0.0998
171,171000,0.100,0.328,10554,0.1020
172,172000,0.100,-0.318,10566,0.0977
173,173000,0.100,0.446,10541,0.1068
174,174000,0.100,0.346,10552,0.1028
175,175000,0.100,0.328,10554,0.1020
176,176000,0.100,0.355,10551,0.1031
177,177000,0.100,-0.318,10566,0.0977
178,178000,0.100,-0.582,10595,0.0871
179,179000,0.100,-0.263,10560,0.0998
180,180000,0.100,0.328,10554,0.1020
181,181000,0.100,-0.263,10560,0.0998
182,182000,0.100,-0.336,10568,0.0969
183,183000,0.100,0.309,10556,0.1013
184,184000,0.100,0.309,10556,0.1013
185,185000,0.100,0.346,10552,0.1028
186,186000,0.100,0.291,10558,0.1006
187,187000,0.100,0.328,10554,0.1020
188,188000,0.100,0.419,10544,0.1057
189,189000,0.100,-0.281,10562,0.0991
190,190000,0.100,0.328,10554,0.1020
191,191000,0.100,0.291,10558,0.1006
192,192000,0.100,0.282,10559,0.1002
193,193000,0.100,0.346,10552,0.1028
194,194000,0.100,-0.263,10560,0.0998
195,195000,0.100,0.300,10557,0.1009
196,196000,0.100,0.319,10555,0.1017
197,197000,0.100,-0.263,10560,0.0998
198,198000,0.100,0.319,10555,0.1017
199,199000,0.100,0.346,10552,0.1028
200,200000,0.100,0.309,10556,0.1013
201,201000,0.100,-0.281,10562,0.0991
202,202000,0.100,0.328,10554,0.1020
203,203000,0.100,0.319,10555,0.1017
204,204000,0.100,0.319,10555,0.1017
205,205000,0.100,0.519,10533,0.1097
206,206000,0.100,-0.263,10560,0.0998
207,207000,0.100,-0.555,10592,0.0882
208,208000,0.100,0.364,10550,0.1035
209,209000,0.100,0.346,10552,0.1028
210,210000,0.100,0.328,10554,0.1020
211,211000,0.100,0.665,10517,0.1155
212,212000,0.100,0.328,10554,0.1020
213,213000,0.100,0.309,10556,0.1013
214,214000,0.100,0.437,10542,0.1064
215,215000,0.100,0.291,10558,0.1006
216,216000,0.100,0.346,10552,0.1028
217,217000,0.100,0.309,10556,0.1013
218,218000,0.100,0.328,10554,0.1020
219,219000,0.100,0.346,10552,0.1028
220,220000,0.100,0.328,10554,0.1020
221,221000,0.100,-0.318,10566,0.0977
222,222000,0.100,0.346,10552,0.1028
223,223000,0.100,-0.263,10560,0.0998
224,224000,0.100,0.346,10552,0.1028
225,225000,0.100,-0.281,10562,0.0991
226,226000,0.100,-0.318,10566,0.0977
227,227000,0.100,0.309,10556,0.1013
228,228000,0.100,0.364,10550,0.1035
229,229000,0.100,0.309,10556,0.1013
230,230000,0.100,0.455,10540,0.1071
231,231000,0.100,0.309,10556,0.1013
232,232000,0.100,0.346,10552,0.1028
233,233000,0.100,-0.263,10560,0.0998
234,234000,0.100,0.328,10554,0.1020
235,235000,0.100,-0.427,10578,0.0933
236,236000,0.100,0.328,10554,0.1020
237,237000,0.100,-0.263,10560,0.0998
238,238000,0.100,-0.300,10564,0.0984
239,239000,0.100,-0.281,10562,0.0991
240,240000,0.100,0.291,10558,0.1006
241,241000,0.100,-0.281,10562,0.0991
242,242000,0.100,0.437,10542,0.1064
243,243000,0.100,-0.281,10562,0.0991
244,244000,0.100,-0.336,10568,0.0969
245,245000,0.100,0.309,10556,0.1013
246,246000,0.100,-0.263,10560,0.0998
247,247000,0.100,0.291,10558,0.1006
248,248000,0.100,0.346,10552,0.1028
249,249000,0.100,0.328,10554,0.1020
250,250000,0.100,-0.409,10576,0.0940
251,251000,0.100,-0.272,10561,0.0995
252,252000,0.100,0.300,10557,0.1009
253,253000,0.100,0.309,10556,0.1013
254,254000,0.100,0.346,10552,0.1028
255,255000,0.100,-0.263,10560,0.0998
256,256000,0.100,-0.300,10564,0.0984
257,257000,0.100,-0.290,10563,0.0987
258,258000,0.100,-0.318,10566,0.0977
259,259000,0.100,-0.263,10560,0.0998
260,260000,0.100,0.382,10548,0.1042
261,261000,0.100,-0.281,10562,0.0991
262,262000,0.100,0.473,10538,0.1079
263,263000,0.100,0.692,10514,0.1166
264,264000,0.100,0.291,10558,0.1006
265,265000,0.100,0.291,10558,0.1006
266,266000,0.100,0.328,10554,0.1020
267,267000,0.100,0.300,10557,0.1009
268,268000,0.100,0.291,10558,0.1006
269,269000,0.100,-0.263,10560,0.0998
270,270000,0.100,0.510,10534,0.1093
271,271000,0.100,-0.281,10562,0.0991
272,272000,0.100,-0.263,10560,0.0998
273,273000,0.100,0.309,10556,0.1013
274,274000,0.100,-0.281,10562,0.0991
275,275000,0.100,0.291,10558,0.1006
276,276000,0.100,-0.263,10560,0.0998
277,277000,0.100,-0.263,10560,0.0998
278,278000,0.100,-0.290,10563,0.0987
279,279000,0.100,-0.263,10560,0.0998
280,280000,0.100,0.537,10531,0.1104
281,281000,0.100,-0.263,10560,0.0998
282,282000,0.100,-0.263,10560,0.0998
283,283000,0.100,-0.290,10563,0.0987
284,284000,0.100,-0.281,10562,0.0991
285,285000,0.100,-0.300,10564,0.0984
286,286000,0.100,0.401,10546,0.1049
287,287000,0.100,0.364,10550,0.1035
288,288000,0.100,-0.263,10560,0.0998
289,289000,0.100,-0.354,10570,0.0962
290,290000,0.100,-0.300,10564,0.0984
291,291000,0.100,-0.372,10572,0.0955
292,292000,0.100,0.300,10557,0.1009
293,293000,0.100,0.309,10556,0.1013
294,294000,0.100,-0.290,10563,0.0987
295,295000,0.100,-0.263,10560,0.0998
296,296000,0.100,-0.263,10560,0.0998
297,297000,0.100,-0.555,10592,0.0882
298,298000,0.100,0.346,10552,0.1028
299,299000,0.100,0.319,10555,0.1017
300,300000,0.100,-0.300,10564,0.0984
301,301000,0.100,0.309,10556,0.1013
302,302000,0.100,-0.300,10564,0.0984
303,303000,0.100,-0.409,10576,0.0940
304,304000,0.100,0.346,10552,0.1028
305,305000,0.100,0.300,10557,0.1009
306,306000,0.100,-0.336,10568,0.0969
307,307000,0.100,0.291,10558,0.1006
308,308000,0.100,-0.281,10562,0.0991
309,309000,0.100,-0.318,10566,0.0977
310,310000,0.100,-0.290,10563,0.0987
311,311000,0.100,0.328,10554,0.1020
312,312000,0.100,-0.281,10562,0.0991
313,313000,0.100,0.337,10553,0.1024
314,314000,0.100,0.309,10556,0.1013
315,315000,0.100,0.382,10548,0.1042
316,316000,0.100,0.309,10556,0.1013
317,317000,0.100,0.319,10555,0.1017
318,318000,0.100,0.355,10551,0.1031
319,319000,0.100,-0.281,10562,0.0991
320,320000,0.100,-0.263,10560,0.0998
321,321000,0.100,0.291,10558,0.1006
322,322000,0.100,0.455,10540,0.1071
323,323000,0.100,0.346,10552,0.1028
324,324000,0.100,0.364,10550,0.1035
325,325000,0.100,-0.281,10562,0.0991
326,326000,0.100,-0.263,10560,0.0998
327,327000,0.100,0.291,10558,0.1006
328,328000,0.100,-0.263,10560,0.0998
329,329000,0.100,-0.281,10562,0.0991
330,330000,0.100,-0.281,10562,0.0991
331,331000,0.100,-0.591,10596,0.0867
332,332000,0.100,0.291,10558,0.1006
333,333000,0.100,-0.391,10574,0.0947
334,334000,0.100,-0.281,10562,0.0991
335,335000,0.100,0.309,10556,0.1013
336,336000,0.100,0.319,10555,0.1017
337,337000,0.100,-0.710,10609,0.0820
338,338000,0.100,-0.336,10568,0.0969
339,339000,0.100,0.583,10526,0.1122
340,340000,0.100,0.319,10555,0.1017
341,341000,0.100,0.291,10558,0.1006
342,342000,0.100,0.291,10558,0.1006
343,343000,0.100,-0.263,10560,0.0998
344,344000,0.100,0.309,10556,0.1013
345,345000,0.100,-0.263,10560,0.0998
346,346000,0.100,0.309,10556,0.1013
347,347000,0.100,-0.290,10563,0.0987
348,348000,0.100,-0.263,10560,0.0998
349,349000,0.100,0.291,10558,0.1006
350,350000,0.100,-0.263,10560,0.0998
351,351000,0.100,-0.300,10564,0.0984
352,352000,0.100,-0.300,10564,0.0984
353,353000,0.100,0.309,10556,0.1013
354,354000,0.100,-0.300,10564,0.0984
355,355000,0.100,0.319,10555,0.1017
356,356000,0.100,0.291,10558,0.1006
357,357000,0.100,0.291,10558,0.1006
358,358000,0.100,0.291,10558,0.1006
359,359000,0.100,0.328,10554,0.1020
360,360000,0.100,-0.263,10560,0.0998
361,361000,0.100,0.291,10558,0.1006
362,362000,0.100,-0.646,10602,0.0845
363,363000,0.100,-0.263,10560,0.0998
364,364000,0.100,-0.263,10560,0.0998
365,365000,0.100,-0.263,10560,0.0998
366,366000,0.100,-0.263,10560,0.0998
367,367000,0.100,0.364,10550,0.1035
368,368000,0.100,0.300,10557,0.1009
369,369000,0.100,-0.391,10574,0.0947
370,370000,0.100,-0.281,10562,0.0991
371,371000,0.100,0.291,10558,0.1006
372,372000,0.100,-0.555,10592,0.0882
373,373000,0.100,-0.300,10564,0.0984
374,374000,0.100,0.291,10558,0.1006
375,375000,0.100,0.328,10554,0.1020
376,376000,0.100,0.282,10559,0.1002
377,377000,0.100,0.319,10555,0.1017
378,378000,0.100,-0.263,10560,0.0998
379,379000,0.100,0.291,10558,0.1006
380,380000,0.100,0.382,10548,0.1042
381,381000,0.100,-0.281,10562,0.0991
382,382000,0.100,0.291,10558,0.1006
383,383000,0.100,0.291,10558,0.1006
384,384000,0.100,-0.464,10582,0.0918
385,385000,0.100,-0.263,10560,0.0998
386,386000,0.100,-0.372,10572,0.0955
387,387000,0.100,0.309,10556,0.1013
388,388000,0.100,-0.263,10560,0.0998
389,389000,0.100,-0.263,10560,0.0998
390,390000,0.100,0.483,10537,0.1082
391,391000,0.100,0.291,10558,0.1006
392,392000,0.100,-0.263,10560,0.0998
393,393000,0.100,0.328,10554,0.1020
394,394000,0.100,-0.646,10602,0.0845
395,395000,0.100,-0.354,10570,0.0962
396,396000,0.100,-0.354,10570,0.0962
397,397000,0.100,0.309,10556,0.1013
398,398000,0.100,-0.263,10560,0.0998
399,399000,0.100,-0.263,10560,0.0998
400,400000,0.100,-0.363,10571,0.0958
401,401000,0.100,0.291,10558,0.1006
402,402000,0.100,-0.281,10562,0.0991
403,403000,0.100,0.291,10558,0.1006
404,404000,0.100,0.401,10546,0.1049
405,405000,0.100,-0.281,10562,0.0991
406,406000,0.100,-0.263,10560,0.0998
407,407000,0.100,-0.263,10560,0.0998
408,408000,0.100,0.309,10556,0.1013
409,409000,0.100,-0.281,10562,0.0991
410,410000,0.100,-0.318,10566,0.0977
411,411000,0.100,0.309,10556,0.1013
412,412000,0.100,-0.281,10562,0.0991
413,413000,0.100,-0.281,10562,0.0991
414,414000,0.100,0.319,10555,0.1017
415,415000,0.100,-0.600,10597,0.0864
416,416000,0.100,-0.281,10562,0.0991
417,417000,0.100,0.337,10553,0.1024
418,418000,0.100,0.309,10556,0.1013
419,419000,0.100,-0.263,10560,0.0998
420,420000,0.100,-0.281,10562,0.0991
421,421000,0.100,0.291,10558,0.1006
422,422000,0.100,0.328,10554,0.1020
423,423000,0.100,0.291,10558,0.1006
424,424000,0.100,-0.318,10566,0.0977
425,425000,0.100,-0.281,10562,0.0991
426,426000,0.100,0.291,10558,0.1006
427,427000,0.100,0.291,10558,0.1006
428,428000,0.100,-0.281,10562,0.0991
429,429000,0.100,-0.263,10560,0.0998
430,430000,0.100,0.364,10550,0.1035
431,431000,0.100,0.291,10558,0.1006
432,432000,0.100,-0.290,10563,0.0987
433,433000,0.100,-0.300,10564,0.0984
434,434016,0.100,0.319,10555,0.1017
435,435000,0.100,0.291,10558,0.1006
436,436000,0.100,-0.263,10560,0.0998
437,437000,0.100,0.373,10549,0.1038
438,438000,0.100,0.291,10558,0.1006
439,439000,0.100,0.291,10558,0.1006
440,440000,0.100,-0.281,10562,0.0991
441,441000,0.100,-0.281,10562,0.0991
442,442000,0.100,-0.318,10566,0.0977
443,443000,0.100,0.300,10557,0.1009
444,444000,0.100,-0.263,10560,0.0998
445,445000,0.100,0.437,10542,0.1064
446,446000,0.100,-0.464,10582,0.0918
447,447000,0.100,-0.281,10562,0.0991
448,448000,0.100,-0.263,10560,0.0998
449,449000,0.100,0.391,10547,0.1046
450,450000,0.100,-0.263,10560,0.0998
451,451000,0.100,-0.263,10560,0.0998
452,452000,0.100,0.319,10555,0.1017
453,453000,0.100,0.300,10557,0.1009
454,454000,0.100,0.291,10558,0.1006
455,455000,0.100,-0.263,10560,0.0998
456,456000,0.100,-0.263,10560,0.0998
457,457000,0.100,0.309,10556,0.1013
458,458000,0.100,-0.263,10560,0.0998
459,459000,0.100,-0.300,10564,0.0984
460,460000,0.100,0.291,10558,0.1006
461,461000,0.100,0.346,10552,0.1028
462,462000,0.100,-0.354,10570,0.0962
463,463000,0.100,0.291,10558,0.1006
464,464000,0.100,-0.263,10560,0.0998
465,465000,0.100,0.355,10551,0.1031
466,466000,0.100,-0.272,10561,0.0995
467,467000,0.100,-0.300,10564,0.0984
468,468000,0.100,-0.263,10560,0.0998
469,469000,0.100,-0.281,10562,0.0991
470,470000,0.100,0.300,10557,0.1009
471,471000,0.100,-0.263,10560,0.0998
472,472000,0.100,0.337,10553,0.1024
473,473000,0.100,-0.263,10560,0.0998
474,474000,0.100,-0.263,10560,0.0998
475,475000,0.100,0.319,10555,0.1017
476,476000,0.100,-0.263,10560,0.0998
477,477000,0.100,-0.281,10562,0.0991
478,478000,0.100,-0.491,10585,0.0907
479,479000,0.100,-0.445,10580,0.0925
480,480000,0.100,-0.263,10560,0.0998
481,481000,0.100,0.328,10554,0.1020
482,482000,0.100,0.729,10510,0.1181
483,483000,0.100,-0.263,10560,0.0998
484,484000,0.100,-0.281,10562,0.0991
485,485000,0.100,-0.427,10578,0.0933
486,486000,0.100,0.291,10558,0.1006
487,487000,0.100,0.309,10556,0.1013
488,488000,0.100,0.492,10536,0.1086
489,489000,0.100,0.300,10557,0.1009
490,490000,0.100,-0.318,10566,0.0977
491,491000,0.100,-0.263,10560,0.0998
492,492000,0.100,0.319,10555,0.1017
493,493000,0.100,-0.500,10586,0.0904
494,494000,0.100,-0.345,10569,0.0966
495,495000,0.100,0.328,10554,0.1020
496,496000,0.100,-0.300,10564,0.0984
497,497000,0.100,0.328,10554,0.1020
498,498000,0.100,-0.263,10560,0.0998
499,499000,0.100,0.328,10554,0.1020
500,500000,0.100,0.300,10557,0.1009
501,501000,0.100,0.309,10556,0.1013
502,502000,0.100,-0.336,10568,0.0969
503,503000,0.100,-0.281,10562,0.0991
504,504000,0.100,-0.272,10561,0.0995
505,505000,0.100,0.291,10558,0.1006
506,506000,0.100,-0.354,10570,0.0962
507,507000,0.100,-0.281,10562,0.0991
508,508000,0.100,-0.281,10562,0.0991
509,509000,0.100,0.300,10557,0.1009
510,510000,0.100,-0.290,10563,0.0987
511,511000,0.100,-0.263,10560,0.0998
512,512000,0.100,0.419,10544,0.1057
513,513000,0.100,-0.290,10563,0.0987
514,514000,0.100,-0.290,10563,0.0987
515,515000,0.100,0.309,10556,0.1013
516,516000,0.100,-0.263,10560,0.0998
517,517000,0.100,0.291,10558,0.1006
518,518000,0.100,0.291,10558,0.1006
519,519000,0.100,0.319,10555,0.1017
520,520000,0.100,0.328,10554,0.1020
521,521000,0.100,0.319,10555,0.1017
522,522000,0.100,0.309,10556,0.1013
523,523000,0.100,-0.354,10570,0.0962
524,524000,0.100,-0.263,10560,0.0998
525,525000,0.100,-0.281,10562,0.0991
526,526000,0.100,-0.281,10562,0.0991
527,527000,0.100,-0.263,10560,0.0998
528,528000,0.100,-0.263,10560,0.0998
529,529000,0.100,0.309,10556,0.1013
530,530000,0.100,0.291,10558,0.1006
531,531000,0.100,0.346,10552,0.1028
532,532000,0.100,-0.281,10562,0.0991
533,533000,0.100,0.291,10558,0.1006
534,534000,0.100,-0.263,10560,0.0998
535,535000,0.100,0.364,10550,0.1035
536,536000,0.100,0.328,10554,0.1020
537,537000,0.100,0.328,10554,0.1020
538,538000,0.100,0.328,10554,0.1020
539,539000,0.100,-0.354,10570,0.0962
540,540000,0.100,0.291,10558,0.1006
541,541000,0.100,-0.263,10560,0.0998
542,542000,0.100,0.291,10558,0.1006
543,543000,0.100,-0.318,10566,0.0977
544,544000,0.100,-0.372,10572,0.0955
545,545000,0.100,-0.336,10568,0.0969
546,546000,0.100,-0.263,10560,0.0998
547,547000,0.100,-0.281,10562,0.0991
548,548000,0.100,0.291,10558,0.1006
549,549000,0.100,-0.281,10562,0.0991
550,550000,0.100,-0.263,10560,0.0998
551,551000,0.100,0.346,10552,0.1028
552,552000,0.100,-0.300,10564,0.0984
553,553000,0.100,0.291,10558,0.1006
554,554000,0.100,0.328,10554,0.1020
555,555000,0.100,-0.318,10566,0.0977
556,556000,0.100,0.291,10558,0.1006
557,557000,0.100,-0.272,10561,0.0995
558,558000,0.100,0.346,10552,0.1028
559,559000,0.100,0.328,10554,0.1020
560,560000,0.100,-0.263,10560,0.0998
561,561000,0.100,-0.290,10563,0.0987
562,562000,0.100,-0.391,10574,0.0947
563,563000,0.100,-0.272,10561,0.0995
564,564000,0.100,-0.263,10560,0.0998
565,565000,0.100,0.319,10555,0.1017
566,566000,0.100,0.300,10557,0.1009
567,567000,0.100,0.291,10558,0.1006
568,568000,0.100,-0.263,10560,0.0998
569,569000,0.100,-0.372,10572,0.0955
570,570000,0.100,-0.300,10564,0.0984
571,571000,0.100,0.328,10554,0.1020
572,572000,0.100,-0.263,10560,0.0998
573,573000,0.100,-0.363,10571,0.0958
574,574000,0.100,-0.263,10560,0.0998
575,575000,0.100,-0.290,10563,0.0987
576,576000,0.100,0.309,10556,0.1013
577,577000,0.100,0.291,10558,0.1006
578,578000,0.100,-0.336,10568,0.0969
579,579000,0.100,-0.336,10568,0.0969
580,580000,0.100,0.364,10550,0.1035
581,581000,0.100,0.291,10558,0.1006
582,582000,0.100,-0.336,10568,0.0969
583,583000,0.100,0.328,10554,0.1020
584,584000,0.100,-0.281,10562,0.0991
585,585000,0.100,-0.272,10561,0.0995
586,586000,0.100,0.346,10552,0.1028
587,587000,0.100,0.319,10555,0.1017
588,588000,0.100,0.291,10558,0.1006
589,589000,0.100,0.309,10556,0.1013
590,590000,0.100,-0.290,10563,0.0987
591,591000,0.100,-0.263,10560,0.0998
592,592000,0.100,0.291,10558,0.1006
593,593000,0.100,-0.263,10560,0.0998
594,594000,0.100,0.364,10550,0.1035
595,595000,0.100,-0.263,10560,0.0998
596,596000,0.100,0.328,10554,0.1020
597,597000,0.100,0.319,10555,0.1017
598,598000,0.100,-0.263,10560,0.0998
599,599000,0.100,0.309,10556,0.1013
# end capture 21
# capture 22 kp=-25.00 dir=- dt_us=1000 samples=600 sat=0
0,0,-0.100,5.291,10558,0.1006
1,1000,-0.100,5.401,10546,0.1049
2,2000,-0.100,5.309,10556,0.1013
3,3000,-0.100,4.927,10598,0.0860
4,4000,-0.100,5.273,10560,0.0998
5,5000,-0.100,5.273,10560,0.0998
6,6000,-0.100,5.200,10568,0.0969
7,7000,-0.100,5.145,10574,0.0947
8,8000,-0.100,5.082,10581,0.0922
9,9000,-0.100,4.963,10594,0.0874
10,10000,-0.100,4.307,10666,0.0612
11,11000,-0.100,4.817,10610,0.0816
12,12000,-0.100,4.744,10618,0.0787
13,13000,-0.100,4.617,10632,0.0736
14,14000,-0.100,4.526,10642,0.0699
15,15000,-0.100,4.453,10650,0.0670
16,16000,-0.100,4.589,10635,0.0725
17,17000,-0.100,4.243,10673,0.0586
18,18000,-0.100,4.106,10688,0.0532
19,19000,-0.100,4.034,10696,0.0503
20,20000,-0.100,3.906,10710,0.0452
21,21000,-0.100,3.323,10774,0.0218
22,22000,-0.100,3.860,10715,0.0433
23,23000,-0.100,3.323,10774,0.0218
24,24000,-0.100,3.614,10742,0.0335
25,25000,-0.100,3.232,10784,0.0182
26,26000,-0.100,3.323,10774,0.0218
27,27000,-0.100,3.305,10776,0.0211
28,28000,-0.100,3.204,10787,0.0171
29,29000,-0.100,3.022,10807,0.0098
30,30000,-0.100,3.013,10808,0.0094
31,31000,-0.100,2.612,10852,-0.0066
32,32000,-0.100,2.448,10870,-0.0132
33,33000,-0.100,2.339,10882,-0.0175
34,34000,-0.100,2.156,10902,-0.0248
35,35000,-0.100,2.065,10912,-0.0285
36,36000,-0.100,1.919,10928,-0.0343
37,37000,-0.100,1.737,10948,-0.0416
38,38000,-0.100,1.573,10966,-0.0482
39,39000,-0.100,1.464,10978,-0.0525
40,40000,-0.100,1.482,10976,-0.0518
41,41000,-0.100,1.336,10992,-0.0576
42,42000,-0.100,1.236,11003,-0.0616
43,43000,-0.100,1.154,11012,-0.0649
44,44000,-0.100,1.045,11024,-0.0693
45,45000,-0.100,0.871,11043,-0.0762
46,46000,-0.100,0.671,11065,-0.0842
47,47000,-0.100,0.680,11064,-0.0839
48,48000,-0.100,0.589,11074,-0.0875
49,49000,-0.100,-0.293,11112,-0.1014
50,50000,-0.100,0.361,11099,-0.0966
51,51000,-0.100,0.279,11108,-0.0999
52,52000,-0.100,-0.348,11118,-0.1036
53,53000,-0.100,-0.385,11122,-0.1050
54,54000,-0.100,-0.421,11126,-0.1065
55,55000,-0.100,-0.476,11132,-0.1087
56,56000,-0.100,-0.676,11154,-0.1167
57,57000,-0.100,-0.658,11152,-0.1160
58,58000,-0.100,-1.205,11212,-0.1378
59,59000,-0.100,-0.785,11166,-0.1211
60,60000,-0.100,-0.804,11168,-0.1218
61,61000,-0.100,-0.950,11184,-0.1276
62,62000,-0.100,-0.931,11182,-0.1269
63,63000,-0.100,-1.041,11194,-0.1313
64,64000,-0.100,-1.004,11190,-0.1298
65,65000,-0.100,-1.077,11198,-0.1327
66,66000,-0.100,-0.950,11184,-0.1276
67,67000,-0.100,-0.968,11186,-0.1284
68,68000,-0.100,-1.059,11196,-0.1320
69,69000,-0.100,-1.196,11211,-0.1375
70,70000,-0.100,-1.569,11252,-0.1524
71,71000,-0.100,-1.168,11208,-0.1364
72,72000,-0.100,-1.095,11200,-0.1335
73,73000,-0.100,-1.177,11209,-0.1367
74,74000,-0.100,-1.114,11202,-0.1342
75,75000,-0.100,-1.168,11208,-0.1364
76,76000,-0.100,-1.168,11208,-0.1364
77,77000,-0.100,-1.186,11210,-0.1371
78,78000,-0.100,-1.114,11202,-0.1342
79,79000,-0.100,-1.077,11198,-0.1327
80,80000,-0.100,-1.114,11202,-0.1342
81,81000,-0.100,-1.114,11202,-0.1342
82,82000,-0.100,-1.114,11202,-0.1342
83,83000,-0.100,-1.114,11202,-0.1342
84,84000,-0.100,-1.150,11206,-0.1356
85,85000,-0.100,-1.095,11200,-0.1335
86,86000,-0.100,-1.168,11208,-0.1364
87,87000,-0.100,-0.877,11176,-0.1247
88,88000,-0.100,-0.858,11174,-0.1240
89,89000,-0.100,-1.059,11196,-0.1320
90,90000,-0.100,-0.995,11189,-0.1294
91,91000,-0.100,-1.004,11190,-0.1298
92,92000,-0.100,-0.968,11186,-0.1284
93,93000,-0.100,-0.886,11177,-0.1251
94,94000,-0.100,-1.095,11200,-0.1335
95,95000,-0.100,-0.886,11177,-0.1251
96,96000,-0.100,-0.877,11176,-0.1247
97,97000,-0.100,-0.831,11171,-0.1229
98,98000,-0.100,-0.676,11154,-0.1167
99,99000,-0.100,-0.804,11168,-0.1218
100,100000,-0.100,-0.640,11150,-0.1152
101,101000,-0.100,-0.713,11158,-0.1181
102,102000,-0.100,-0.667,11153,-0.1163
103,103000,-0.100,-0.612,11147,-0.1141
104,104000,-0.100,-0.749,11162,-0.1196
105,105000,-0.100,-0.603,11146,-0.1138
106,106000,-0.100,0.571,11076,-0.0883
107,107000,-0.100,-0.512,11136,-0.1101
108,108000,-0.100,-0.539,11139,-0.1112
109,109000,-0.100,-0.549,11140,-0.1116
110,110000,-0.100,-0.549,11140,-0.1116
111,111000,-0.100,0.361,11099,-0.0966
112,112000,-0.100,-0.485,11133,-0.1090
113,113000,-0.100,-0.421,11126,-0.1065
114,114000,-0.100,-0.421,11126,-0.1065
115,115000,-0.100,-0.366,11120,-0.1043
116,116000,-0.100,-0.293,11112,-0.1014
117,117000,-0.100,-0.403,11124,-0.1058
118,118000,-0.100,-0.366,11120,-0.1043
119,119000,-0.100,-0.312,11114,-0.1021
120,120000,-0.100,-0.312,11114,-0.1021
121,121000,-0.100,-0.293,11112,-0.1014
122,122000,-0.100,0.370,11098,-0.0963
123,123000,-0.100,-0.275,11110,-0.1006
124,124000,-0.100,-0.366,11120,-0.1043
125,125000,-0.100,0.443,11090,-0.0934
126,126000,-0.100,0.316,11104,-0.0985
127,127000,-0.100,0.297,11106,-0.0992
128,128000,-0.100,0.361,11099,-0.0966
129,129000,-0.100,0.379,11097,-0.0959
130,130000,-0.100,-0.385,11122,-0.1050
131,131000,-0.100,0.507,11083,-0.0908
132,132000,-0.100,0.407,11094,-0.0948
133,133000,-0.100,0.425,11092,-0.0941
134,134000,-0.100,0.461,11088,-0.0926
135,135000,-0.100,0.388,11096,-0.0955
136,136000,-0.100,0.461,11088,-0.0926
137,137000,-0.100,0.480,11086,-0.0919
138,138000,-0.100,-0.293,11112,-0.1014
139,139000,-0.100,0.370,11098,-0.0963
140,140000,-0.100,0.361,11099,-0.0966
141,141000,-0.100,0.407,11094,-0.0948
142,142000,-0.100,0.407,11094,-0.0948
143,143000,-0.100,-0.293,11112,-0.1014
144,144000,-0.100,0.388,11096,-0.0955
145,145000,-0.100,0.434,11091,-0.0937
146,146000,-0.100,0.407,11094,-0.0948
147,147000,-0.100,0.407,11094,-0.0948
148,148000,-0.100,0.388,11096,-0.0955
149,149000,-0.100,0.452,11089,-0.0930
150,150000,-0.100,0.388,11096,-0.0955
151,151000,-0.100,0.388,11096,-0.0955
152,152000,-0.100,0.461,11088,-0.0926
153,153000,-0.100,0.416,11093,-0.0945
154,154000,-0.100,0.461,11088,-0.0926
155,155000,-0.100,0.388,11096,-0.0955
156,156000,-0.100,0.388,11096,-0.0955
157,157000,-0.100,0.461,11088,-0.0926
158,158000,-0.100,0.388,11096,-0.0955
159,159000,-0.100,0.443,11090,-0.0934
160,160000,-0.100,0.334,11102,-0.0977
161,161000,-0.100,0.407,11094,-0.0948
162,162000,-0.100,0.407,11094,-0.0948
163,163000,-0.100,0.425,11092,-0.0941
164,164000,-0.100,0.379,11097,-0.0959
165,165000,-0.100,0.443,11090,-0.0934
166,166000,-0.100,0.407,11094,-0.0948
167,167000,-0.100,0.388,11096,-0.0955
168,168000,-0.100,0.407,11094,-0.0948
169,169000,-0.100,0.407,11094,-0.0948
170,170000,-0.100,0.644,11068,-0.0853
171,171000,-0.100,0.343,11101,-0.0974
172,172000,-0.100,-0.293,11112,-0.1014
173,173000,-0.100,-0.421,11126,-0.1065
174,174000,-0.100,-0.366,11120,-0.1043
175,175000,-0.100,-0.275,11110,-0.1006
176,176000,-0.100,0.297,11106,-0.0992
177,177000,-0.100,0.279,11108,-0.0999
178,178000,-0.100,0.352,11100,-0.0970
179,179000,-0.100,0.279,11108,-0.0999
180,180000,-0.100,-0.275,11110,-0.1006
181,181000,-0.100,0.434,11091,-0.0937
182,182000,-0.100,0.316,11104,-0.0985
183,183000,-0.100,-0.330,11116,-0.1028
184,184000,-0.100,-0.293,11112,-0.1014
185,185000,-0.100,0.297,11106,-0.0992
186,186000,-0.100,0.297,11106,-0.0992
187,187000,-0.100,0.297,11106,-0.0992
188,188000,-0.100,-0.293,11112,-0.1014
189,189000,-0.100,-0.312,11114,-0.1021
190,190000,-0.100,-0.293,11112,-0.1014
191,191000,-0.100,-0.293,11112,-0.1014
192,192000,-0.100,-0.293,11112,-0.1014
193,193000,-0.100,-0.312,11114,-0.1021
194,194000,-0.100,0.279,11108,-0.0999
195,195000,-0.100,0.279,11108,-0.0999
196,196000,-0.100,-0.512,11136,-0.1101
197,197000,-0.100,-0.275,11110,-0.1006
198,198000,-0.100,0.288,11107,-0.0996
199,199000,-0.100,-0.539,11139,-0.1112
200,200000,-0.100,-0.366,11120,-0.1043
201,201000,-0.100,-0.275,11110,-0.1006
202,202000,-0.100,0.288,11107,-0.0996
203,203000,-0.100,-0.293,11112,-0.1014
204,204000,-0.100,0.316,11104,-0.0985
205,205000,-0.100,-0.658,11152,-0.1160
206,206000,-0.100,-0.293,11112,-0.1014
207,207000,-0.100,0.279,11108,-0.0999
208,208000,-0.100,-0.284,11111,-0.1010
209,209000,-0.100,-0.366,11120,-0.1043
210,210000,-0.100,-0.321,11115,-0.1025
211,211000,-0.100,-0.385,11122,-0.1050
212,212000,-0.100,-0.321,11115,-0.1025
213,213000,-0.100,-0.312,11114,-0.1021
214,214000,-0.100,-0.275,11110,-0.1006
215,215000,-0.100,-0.312,11114,-0.1021
216,216000,-0.100,-0.284,11111,-0.1010
217,217000,-0.100,0.279,11108,-0.0999
218,218000,-0.100,-0.457,11130,-0.1079
219,219000,-0.100,-0.293,11112,-0.1014
220,220000,-0.100,-0.293,11112,-0.1014
221,221000,-0.100,-0.275,11110,-0.1006
222,222000,-0.100,-0.312,11114,-0.1021
223,223000,-0.100,-0.293,11112,-0.1014
224,224000,-0.100,0.288,11107,-0.0996
225,225000,-0.100,-0.303,11113,-0.1017
226,226000,-0.100,-0.275,11110,-0.1006
227,227000,-0.100,-0.330,11116,-0.1028
228,228000,-0.100,-0.330,11116,-0.1028
229,229000,-0.100,-0.293,11112,-0.1014
230,230000,-0.100,0.316,11104,-0.0985
231,231000,-0.100,-0.339,11117,-0.1032
232,232000,-0.100,0.361,11099,-0.0966
233,233000,-0.100,-0.330,11116,-0.1028
234,234000,-0.100,-0.293,11112,-0.1014
235,235000,-0.100,0.297,11106,-0.0992
236,236000,-0.100,-0.293,11112,-0.1014
237,237000,-0.100,-0.275,11110,-0.1006
238,238000,-0.100,0.388,11096,-0.0955
239,239000,-0.100,-0.312,11114,-0.1021
240,240000,-0.100,0.279,11108,-0.0999
241,241000,-0.100,0.279,11108,-0.0999
242,242000,-0.100,-0.366,11120,-0.1043
243,243000,-0.100,-0.421,11126,-0.1065
244,244000,-0.100,-0.275,11110,-0.1006
245,245000,-0.100,-0.312,11114,-0.1021
246,246000,-0.100,0.297,11106,-0.0992
247,247000,-0.100,-0.275,11110,-0.1006
248,248000,-0.100,-0.558,11141,-0.1119
249,249000,-0.100,-0.275,11110,-0.1006
250,250000,-0.100,-0.293,11112,-0.1014
251,251000,-0.100,-0.366,11120,-0.1043
252,252000,-0.100,-0.312,11114,-0.1021
253,253000,-0.100,-0.266,11109,-0.1003
254,254000,-0.100,0.288,11107,-0.0996
255,255000,-0.100,0.306,11105,-0.0988
256,256000,-0.100,0.334,11102,-0.0977
257,257000,-0.100,-0.348,11118,-0.1036
258,258000,-0.100,-0.385,11122,-0.1050
259,259000,-0.100,-0.293,11112,-0.1014
260,260000,-0.100,-0.330,11116,-0.1028
261,261000,-0.100,-0.293,11112,-0.1014
262,262000,-0.100,-0.312,11114,-0.1021
263,263000,-0.100,0.379,11097,-0.0959
264,264000,-0.100,-0.312,11114,-0.1021
265,265000,-0.100,0.352,11100,-0.0970
266,266000,-0.100,0.388,11096,-0.0955
267,267000,-0.100,0.279,11108,-0.0999
268,268000,-0.100,-0.275,11110,-0.1006
269,269000,-0.100,0.297,11106,-0.0992
270,270000,-0.100,0.279,11108,-0.0999
271,271000,-0.100,-0.275,11110,-0.1006
272,272000,-0.100,-0.293,11112,-0.1014
273,273000,-0.100,-0.275,11110,-0.1006
274,274000,-0.100,0.461,11088,-0.0926
275,275000,-0.100,0.297,11106,-0.0992
276,276000,-0.100,-0.293,11112,-0.1014
277,277000,-0.100,0.297,11106,-0.0992
278,278000,-0.100,0.297,11106,-0.0992
279,279000,-0.100,0.306,11105,-0.0988
280,280000,-0.100,0.288,11107,-0.0996
281,281000,-0.100,-0.266,11109,-0.1003
282,282000,-0.100,-0.275,11110,-0.1006
283,283000,-0.100,-0.275,11110,-0.1006
284,284000,-0.100,0.370,11098,-0.0963
285,285000,-0.100,-0.485,11133,-0.1090
286,286000,-0.100,-0.275,11110,-0.1006
287,287000,-0.100,0.498,11084,-0.0912
288,288000,-0.100,0.297,11106,-0.0992
289,289000,-0.100,-0.275,11110,-0.1006
290,290000,-0.100,0.316,11104,-0.0985
291,291000,-0.100,-0.293,11112,-0.1014
292,292000,-0.100,-0.275,11110,-0.1006
293,293000,-0.100,0.279,11108,-0.0999
294,294000,-0.100,0.279,11108,-0.0999
295,295000,-0.100,-0.275,11110,-0.1006
296,296000,-0.100,-0.312,11114,-0.1021
297,297000,-0.100,0.361,11099,-0.0966
298,298000,-0.100,0.297,11106,-0.0992
299,299000,-0.100,0.325,11103,-0.0981
300,300000,-0.100,-0.312,11114,-0.1021
301,301000,-0.100,-0.530,11138,-0.1109
302,302000,-0.100,-0.293,11112,-0.1014
303,303000,-0.100,-0.312,11114,-0.1021
304,304000,-0.100,0.297,11106,-0.0992
305,305000,-0.100,0.279,11108,-0.0999
306,306000,-0.100,-0.403,11124,-0.1058
307,307000,-0.100,-0.275,11110,-0.1006
308,308000,-0.100,0.316,11104,-0.0985
309,309000,-0.100,0.279,11108,-0.0999
310,310000,-0.100,0.352,11100,-0.0970
311,311000,-0.100,0.279,11108,-0.0999
312,312000,-0.100,-0.330,11116,-0.1028
313,313000,-0.100,0.279,11108,-0.0999
314,314000,-0.100,0.334,11102,-0.0977
315,315000,-0.100,0.297,11106,-0.0992
316,316000,-0.100,0.899,11040,-0.0751
317,317000,-0.100,-0.366,11120,-0.1043
318,318000,-0.100,-0.312,11114,-0.1021
319,319000,-0.100,-0.275,11110,-0.1006
320,320000,-0.100,-0.275,11110,-0.1006
321,321000,-0.100,0.316,11104,-0.0985
322,322000,-0.100,-0.275,11110,-0.1006
323,323000,-0.100,0.334,11102,-0.0977
324,324000,-0.100,0.379,11097,-0.0959
325,325000,-0.100,0.288,11107,-0.0996
326,326000,-0.100,0.316,11104,-0.0985
327,327000,-0.100,-0.321,11115,-0.1025
328,328000,-0.100,0.316,11104,-0.0985
329,329000,-0.100,0.370,11098,-0.0963
330,330000,-0.100,0.288,11107,-0.0996
331,331000,-0.100,0.334,11102,-0.0977
332,332000,-0.100,0.461,11088,-0.0926
333,333000,-0.100,0.370,11098,-0.0963
334,334000,-0.100,0.279,11108,-0.0999
335,335000,-0.100,0.316,11104,-0.0985
336,336000,-0.100,0.297,11106,-0.0992
337,337000,-0.100,-0.303,11113,-0.1017
338,338000,-0.100,-0.348,11118,-0.1036
339,339000,-0.100,0.316,11104,-0.0985
340,340000,-0.100,-0.275,11110,-0.1006
341,341000,-0.100,0.288,11107,-0.0996
342,342000,-0.100,-0.293,11112,-0.1014
343,343000,-0.100,0.370,11098,-0.0963
344,344000,-0.100,-0.457,11130,-0.1079
345,345000,-0.100,-0.494,11134,-0.1094
346,346000,-0.100,-0.348,11118,-0.1036
347,347000,-0.100,0.297,11106,-0.0992
348,348000,-0.100,-0.348,11118,-0.1036
349,349000,-0.100,-0.293,11112,-0.1014
350,350000,-0.100,0.288,11107,-0.0996
351,351000,-0.100,-0.312,11114,-0.1021
352,352000,-0.100,0.297,11106,-0.0992
353,353000,-0.100,0.343,11101,-0.0974
354,354000,-0.100,0.288,11107,-0.0996
355,355000,-0.100,0.279,11108,-0.0999
356,356000,-0.100,0.297,11106,-0.0992
357,357000,-0.100,-0.330,11116,-0.1028
358,358000,-0.100,-0.293,11112,-0.1014
359,359000,-0.100,-0.312,11114,-0.1021
360,360000,-0.100,0.288,11107,-0.0996
361,361000,-0.100,-0.303,11113,-0.1017
362,362000,-0.100,0.316,11104,-0.0985
363,363000,-0.100,0.370,11098,-0.0963
364,364000,-0.100,-0.275,11110,-0.1006
365,365000,-0.100,0.316,11104,-0.0985
366,366000,-0.100,0.352,11100,-0.0970
367,367000,-0.100,-0.357,11119,-0.1039
368,368000,-0.100,0.288,11107,-0.0996
369,369000,-0.100,-0.266,11109,-0.1003
370,370000,-0.100,0.316,11104,-0.0985
371,371000,-0.100,-0.275,11110,-0.1006
372,372000,-0.100,0.316,11104,-0.0985
373,373000,-0.100,-0.275,11110,-0.1006
374,374000,-0.100,-0.293,11112,-0.1014
375,375000,-0.100,-0.339,11117,-0.1032
376,376000,-0.100,-0.303,11113,-0.1017
377,377000,-0.100,0.279,11108,-0.0999
378,378000,-0.100,0.361,11099,-0.0966
379,379000,-0.100,-0.312,11114,-0.1021
380,380000,-0.100,0.297,11106,-0.0992
381,381000,-0.100,0.370,11098,-0.0963
382,382000,-0.100,0.306,11105,-0.0988
383,383000,-0.100,-0.348,11118,-0.1036
384,384000,-0.100,-0.275,11110,-0.1006
385,385000,-0.100,0.297,11106,-0.0992
386,386000,-0.100,0.316,11104,-0.0985
387,387000,-0.100,-0.348,11118,-0.1036
388,388000,-0.100,-0.348,11118,-0.1036
389,389000,-0.100,0.288,11107,-0.0996
390,390000,-0.100,-0.275,11110,-0.1006
391,391000,-0.100,-0.275,11110,-0.1006
392,392000,-0.100,0.297,11106,-0.0992
393,393000,-0.100,0.288,11107,-0.0996
394,394000,-0.100,0.534,11080,-0.0897
395,395000,-0.100,-0.476,11132,-0.1087
396,396000,-0.100,-0.275,11110,-0.1006
397,397000,-0.100,0.288,11107,-0.0996
398,398000,-0.100,0.316,11104,-0.0985
399,399000,-0.100,-0.293,11112,-0.1014
400,400000,-0.100,0.279,11108,-0.0999
401,401000,-0.100,0.297,11106,-0.0992
402,402000,-0.100,0.288,11107,-0.0996
403,403000,-0.100,0.297,11106,-0.0992
404,404000,-0.100,-0.266,11109,-0.1003
405,405000,-0.100,-0.385,11122,-0.1050
406,406000,-0.100,0.316,11104,-0.0985
407,407000,-0.100,0.279,11108,-0.0999
408,408000,-0.100,-0.293,11112,-0.1014
409,409000,-0.100,-0.385,11122,-0.1050
410,410000,-0.100,-0.321,11115,-0.1025
411,411000,-0.100,0.334,11102,-0.0977
412,412000,-0.100,-0.275,11110,-0.1006
413,413000,-0.100,0.407,11094,-0.0948
414,414000,-0.100,0.297,11106,-0.0992
415,415000,-0.100,0.388,11096,-0.0955
416,416000,-0.100,0.279,11108,-0.0999
417,417000,-0.100,-0.275,11110,-0.1006
418,418000,-0.100,-0.266,11109,-0.1003
419,419000,-0.100,0.361,11099,-0.0966
420,420000,-0.100,-0.394,11123,-0.1054
421,421000,-0.100,0.316,11104,-0.0985
422,422000,-0.100,0.297,11106,-0.0992
423,423000,-0.100,-0.312,11114,-0.1021
424,424000,-0.100,0.407,11094,-0.0948
425,425000,-0.100,-0.293,11112,-0.1014
426,426000,-0.100,0.334,11102,-0.0977
427,427000,-0.100,0.316,11104,-0.0985
428,428000,-0.100,-0.366,11120,-0.1043
429,429000,-0.100,0.279,11108,-0.0999
430,430000,-0.100,-0.321,11115,-0.1025
431,431000,-0.100,0.316,11104,-0.0985
432,432000,-0.100,-0.284,11111,-0.1010
433,433000,-0.100,0.288,11107,-0.0996
434,434000,-0.100,-0.266,11109,-0.1003
435,435000,-0.100,0.297,11106,-0.0992
436,436000,-0.100,-0.275,11110,-0.1006
437,437000,-0.100,0.288,11107,-0.0996
438,438000,-0.100,0.297,11106,-0.0992
439,439000,-0.100,-0.293,11112,-0.1014
440,440000,-0.100,-0.293,11112,-0.1014
441,441000,-0.100,0.370,11098,-0.0963
442,442000,-0.100,0.388,11096,-0.0955
443,443000,-0.100,0.297,11106,-0.0992
444,444000,-0.100,0.279,11108,-0.0999
445,445000,-0.100,-0.366,11120,-0.1043
446,446000,-0.100,-0.293,11112,-0.1014
447,447000,-0.100,0.388,11096,-0.0955
448,448000,-0.100,-0.293,11112,-0.1014
449,449000,-0.100,0.279,11108,-0.0999
450,450000,-0.100,-0.293,11112,-0.1014
451,451000,-0.100,-0.330,11116,-0.1028
452,452000,-0.100,-0.275,11110,-0.1006
453,453000,-0.100,0.316,11104,-0.0985
454,454000,-0.100,0.279,11108,-0.0999
455,455000,-0.100,0.352,11100,-0.0970
456,456000,-0.100,-0.321,11115,-0.1025
457,457000,-0.100,0.288,11107,-0.0996
458,458000,-0.100,0.297,11106,-0.0992
459,459000,-0.100,0.288,11107,-0.0996
460,460000,-0.100,0.288,11107,-0.0996
461,461000,-0.100,-0.266,11109,-0.1003
462,462000,-0.100,0.297,11106,-0.0992
463,463000,-0.100,0.297,11106,-0.0992
464,464000,-0.100,0.316,11104,-0.0985
465,465000,-0.100,0.297,11106,-0.0992
466,466000,-0.100,-0.366,11120,-0.1043
467,467000,-0.100,0.297,11106,-0.0992
468,468000,-0.100,-0.403,11124,-0.1058
469,469000,-0.100,-0.321,11115,-0.1025
470,470000,-0.100,0.316,11104,-0.0985
471,471000,-0.100,0.316,11104,-0.0985
472,472000,-0.100,0.306,11105,-0.0988
473,473000,-0.100,-0.293,11112,-0.1014
474,474000,-0.100,0.297,11106,-0.0992
475,475000,-0.100,-0.348,11118,-0.1036
476,476000,-0.100,-0.266,11109,-0.1003
477,477000,-0.100,0.279,11108,-0.0999
478,478000,-0.100,0.316,11104,-0.0985
479,479000,-0.100,0.407,11094,-0.0948
480,480000,-0.100,-0.266,11109,-0.1003
481,481000,-0.100,0.297,11106,-0.0992
482,482000,-0.100,-0.275,11110,-0.1006
483,483000,-0.100,-0.366,11120,-0.1043
484,484000,-0.100,0.297,11106,-0.0992
485,485000,-0.100,-0.312,11114,-0.1021
486,486000,-0.100,0.480,11086,-0.0919
487,487000,-0.100,0.288,11107,-0.0996
488,488000,-0.100,0.279,11108,-0.0999
489,489000,-0.100,0.297,11106,-0.0992
490,490000,-0.100,-0.330,11116,-0.1028
491,491000,-0.100,-0.275,11110,-0.1006
492,492000,-0.100,0.297,11106,-0.0992
493,493000,-0.100,-0.275,11110,-0.1006
494,494000,-0.100,0.297,11106,-0.0992
495,495000,-0.100,0.316,11104,-0.0985
496,496000,-0.100,0.334,11102,-0.0977
497,497000,-0.100,0.407,11094,-0.0948
498,498000,-0.100,0.279,11108,-0.0999
499,499000,-0.100,-0.293,11112,-0.1014
500,500000,-0.100,-0.266,11109,-0.1003
501,501000,-0.100,0.297,11106,-0.0992
502,502000,-0.100,0.361,11099,-0.0966
503,503000,-0.100,0.297,11106,-0.0992
504,504000,-0.100,-0.275,11110,-0.1006
505,505000,-0.100,0.316,11104,-0.0985
506,506000,-0.100,0.370,11098,-0.0963
507,507000,-0.100,0.443,11090,-0.0934
508,508000,-0.100,-0.266,11109,-0.1003
509,509000,-0.100,-0.348,11118,-0.1036
510,510000,-0.100,0.297,11106,-0.0992
511,511000,-0.100,0.279,11108,-0.0999
512,512000,-0.100,0.297,11106,-0.0992
513,513000,-0.100,-0.312,11114,-0.1021
514,514000,-0.100,-0.312,11114,-0.1021
515,515000,-0.100,0.352,11100,-0.0970
516,516000,-0.100,0.297,11106,-0.0992
517,517000,-0.100,0.297,11106,-0.0992
518,518000,-0.100,-0.421,11126,-0.1065
519,519000,-0.100,0.279,11108,-0.0999
520,520000,-0.100,-0.312,11114,-0.1021
521,521000,-0.100,0.279,11108,-0.0999
522,522000,-0.100,0.316,11104,-0.0985
523,523000,-0.100,-0.312,11114,-0.1021
524,524000,-0.100,-0.293,11112,-0.1014
525,525000,-0.100,0.316,11104,-0.0985
526,526000,-0.100,-0.321,11115,-0.1025
527,527000,-0.100,-0.385,11122,-0.1050
528,528000,-0.100,-0.275,11110,-0.1006
529,529000,-0.100,0.370,11098,-0.0963
530,530000,-0.100,0.352,11100,-0.0970
531,531000,-0.100,0.398,11095,-0.0952
532,532000,-0.100,-0.330,11116,-0.1028
533,533000,-0.100,-0.439,11128,-0.1072
534,534000,-0.100,0.297,11106,-0.0992
535,535000,-0.100,0.288,11107,-0.0996
536,536000,-0.100,0.279,11108,-0.0999
537,537000,-0.100,0.316,11104,-0.0985
538,538000,-0.100,-0.385,11122,-0.1050
539,539000,-0.100,0.316,11104,-0.0985
540,540000,-0.100,0.297,11106,-0.0992
541,541000,-0.100,0.288,11107,-0.0996
542,542000,-0.100,0.297,11106,-0.0992
543,543000,-0.100,0.297,11106,-0.0992
544,544000,-0.100,0.316,11104,-0.0985
545,545000,-0.100,0.352,11100,-0.0970
546,546000,-0.100,0.288,11107,-0.0996
547,547000,-0.100,-0.366,11120,-0.1043
548,548000,-0.100,-0.275,11110,-0.1006
549,549000,-0.100,0.297,11106,-0.0992
550,550000,-0.100,0.288,11107,-0.0996
551,551000,-0.100,-0.293,11112,-0.1014
552,552000,-0.100,-0.275,11110,-0.1006
553,553000,-0.100,0.297,11106,-0.0992
554,554000,-0.100,0.297,11106,-0.0992
555,555000,-0.100,-0.293,11112,-0.1014
556,556000,-0.100,-0.275,11110,-0.1006
557,557000,-0.100,0.279,11108,-0.0999
558,558000,-0.100,-0.476,11132,-0.1087
559,559000,-0.100,0.334,11102,-0.0977
560,560000,-0.100,-0.284,11111,-0.1010
561,561000,-0.100,0.279,11108,-0.0999
562,562000,-0.100,0.316,11104,-0.0985
563,563000,-0.100,0.288,11107,-0.0996
564,564000,-0.100,-0.366,11120,-0.1043
565,565000,-0.100,-0.275,11110,-0.1006
566,566000,-0.100,0.361,11099,-0.0966
567,567000,-0.100,0.279,11108,-0.0999
568,568000,-0.100,0.297,11106,-0.0992
569,569000,-0.100,0.316,11104,-0.0985
570,570000,-0.100,0.316,11104,-0.0985
571,571000,-0.100,-0.275,11110,-0.1006
572,572000,-0.100,0.316,11104,-0.0985
573,573000,-0.100,-0.394,11123,-0.1054
574,574000,-0.100,0.297,11106,-0.0992
575,575000,-0.100,-0.275,11110,-0.1006
576,576000,-0.100,-0.439,11128,-0.1072
577,577000,-0.100,0.288,11107,-0.0996
578,578000,-0.100,-0.275,11110,-0.1006
579,579000,-0.100,0.370,11098,-0.0963
580,580000,-0.100,-0.312,11114,-0.1021
581,581000,-0.100,-0.330,11116,-0.1028
582,582000,-0.100,0.316,11104,-0.0985
583,583000,-0.100,0.316,11104,-0.0985
584,584000,-0.100,0.370,11098,-0.0963
585,585000,-0.100,-0.567,11142,-0.1123
586,586000,-0.100,0.288,11107,-0.0996
587,587000,-0.100,-0.275,11110,-0.1006
588,588000,-0.100,-0.321,11115,-0.1025
589,589000,-0.100,-0.339,11117,-0.1032
590,590000,-0.100,0.288,11107,-0.0996
591,591000,-0.100,-0.275,11110,-0.1006
592,592000,-0.100,0.297,11106,-0.0992
593,593000,-0.100,0.288,11107,-0.0996
594,594000,-0.100,-0.293,11112,-0.1014
595,595000,-0.100,0.480,11086,-0.0919
596,596000,-0.100,-0.275,11110,-0.1006
597,597000,-0.100,-0.275,11110,-0.1006
598,598000,-0.100,-0.348,11118,-0.1036
599,599000,-0.100,-0.312,11114,-0.1021
# end capture 22
# batch capture 2/5
# capture 23 kp=-25.00 dir=- dt_us=1000 samples=600 sat=0
0,0,-0.100,5.127,10576,0.0940
1,1000,-0.100,5.273,10560,0.0998
2,2000,-0.100,5.236,10564,0.0984
3,3000,-0.100,4.963,10594,0.0874
4,4000,-0.100,5.273,10560,0.0998
5,5000,-0.100,5.255,10562,0.0991
6,6000,-0.100,5.227,10565,0.0980
7,7000,-0.100,5.154,10573,0.0951
8,8000,-0.100,5.054,10584,0.0911
9,9000,-0.100,4.945,10596,0.0867
10,10000,-0.100,5.200,10568,0.0969
11,11000,-0.100,4.836,10608,0.0823
12,12000,-0.100,4.544,10640,0.0707
13,13000,-0.100,4.635,10630,0.0743
14,14000,-0.100,4.562,10638,0.0714
15,15000,-0.100,4.435,10652,0.0663
16,16000,-0.100,4.398,10656,0.0648
17,17000,-0.100,4.234,10674,0.0583
18,18000,-0.100,4.161,10682,0.0554
19,19000,-0.100,4.088,10690,0.0525
20,20000,-0.100,3.842,10717,0.0426
21,21000,-0.100,3.797,10722,0.0408
22,22000,-0.100,3.651,10738,0.0350
23,23000,-0.100,3.505,10754,0.0291
24,24000,-0.100,3.523,10752,0.0299
25,25000,-0.100,3.268,10780,0.0196
26,26000,-0.100,3.523,10752,0.0299
27,27000,-0.100,3.068,10802,0.0116
28,28000,-0.100,2.995,10810,0.0087
29,29000,-0.100,2.849,10826,0.0029
30,30000,-0.100,2.694,10843,-0.0033
31,31000,-0.100,2.466,10868,-0.0124
32,32000,-0.100,2.357,10880,-0.0168
33,33000,-0.100,2.320,10884,-0.0183
34,34000,-0.100,2.156,10902,-0.0248
35,35000,-0.100,2.020,10917,-0.0303
36,36000,-0.100,1.919,10928,-0.0343
37,37000,-0.100,1.810,10940,-0.0387
38,38000,-0.100,1.664,10956,-0.0445
39,39000,-0.100,1.573,10966,-0.0482
40,40000,-0.100,1.427,10982,-0.0540
41,41000,-0.100,1.409,10984,-0.0547
42,42000,-0.100,1.136,11014,-0.0657
43,43000,-0.100,1.136,11014,-0.0657
44,44000,-0.100,1.190,11008,-0.0635
45,45000,-0.100,1.117,11016,-0.0664
46,46000,-0.100,0.707,11061,-0.0828
47,47000,-0.100,0.698,11062,-0.0832
48,48000,-0.100,0.552,11078,-0.0890
49,49000,-0.100,0.552,11078,-0.0890
50,50000,-0.100,-0.494,11134,-0.1094
51,51000,-0.100,0.352,11100,-0.0970
52,52000,-0.100,-0.312,11114,-0.1021
53,53000,-0.100,-0.457,11130,-0.1079
54,54000,-0.100,-0.476,11132,-0.1087
55,55000,-0.100,-0.512,11136,-0.1101
56,56000,-0.100,-0.922,11181,-0.1265
57,57000,-0.100,-0.585,11144,-0.1130
58,58000,-0.100,-0.676,11154,-0.1167
59,59000,-0.100,-0.804,11168,-0.1218
60,60000,-0.100,-0.840,11172,-0.1232
61,61000,-0.100,-1.041,11194,-0.1313
62,62000,-0.100,-0.950,11184,-0.1276
63,63000,-0.100,-1.004,11190,-0.1298
64,64000,-0.100,-0.950,11184,-0.1276
65,65000,-0.100,-1.022,11192,-0.1305
66,66000,-0.100,-0.977,11187,-0.1287
67,67000,-0.100,-1.022,11192,-0.1305
68,68000,-0.100,-1.095,11200,-0.1335
69,69000,-0.100,-1.123,11203,-0.1345
70,70000,-0.100,-1.114,11202,-0.1342
71,71000,-0.100,-1.095,11200,-0.1335
72,72000,-0.100,-0.995,11189,-0.1294
73,73000,-0.100,-1.168,11208,-0.1364
74,74000,-0.100,-1.114,11202,-0.1342
75,75000,-0.100,-1.168,11208,-0.1364
76,76000,-0.100,-1.095,11200,-0.1335
77,77000,-0.100,-1.123,11203,-0.1345
78,78000,-0.100,-1.114,11202,-0.1342
79,79000,-0.100,-1.114,11202,-0.1342
80,80000,-0.100,-1.168,11208,-0.1364
81,81000,-0.100,-1.141,11205,-0.1353
82,82000,-0.100,-1.114,11202,-0.1342
83,83000,-0.100,-1.059,11196,-0.1320
84,84000,-0.100,-1.150,11206,-0.1356
85,85000,-0.100,-1.150,11206,-0.1356
86,86000,-0.100,-1.186,11210,-0.1371
87,87000,-0.100,-0.895,11178,-0.1254
88,88000,-0.100,-1.095,11200,-0.1335
89,89000,-0.100,-1.041,11194,-0.1313
90,90000,-0.100,-0.931,11182,-0.1269
91,91000,-0.100,-0.931,11182,-0.1269
92,92000,-0.100,-1.059,11196,-0.1320
93,93000,-0.100,-0.895,11178,-0.1254
94,94000,-0.100,-0.977,11187,-0.1287
95,95000,-0.100,-0.950,11184,-0.1276
96,96000,-0.100,-0.858,11174,-0.1240
97,97000,-0.100,-0.785,11166,-0.1211
98,98000,-0.100,-0.858,11174,-0.1240
99,99000,-0.100,-0.749,11162,-0.1196
100,100000,-0.100,-0.731,11160,-0.1189
101,101000,-0.100,-0.676,11154,-0.1167
102,102000,-0.100,-0.822,11170,-0.1225
103,103000,-0.100,-0.758,11163,-0.1200
104,104000,-0.100,-0.658,11152,-0.1160
105,105000,-0.100,-0.621,11148,-0.1145
106,106000,-0.100,-0.640,11150,-0.1152
107,107000,-0.100,-0.603,11146,-0.1138
108,108000,-0.100,-0.549,11140,-0.1116
109,109000,-0.100,-0.539,11139,-0.1112
110,110000,-0.100,-0.804,11168,-0.1218
111,111000,-0.100,-0.530,11138,-0.1109
112,112000,-0.100,-0.439,11128,-0.1072
113,113000,-0.100,-0.366,11120,-0.1043
114,114000,-0.100,-0.385,11122,-0.1050
115,115000,-0.100,-0.312,11114,-0.1021
116,116000,-0.100,-0.348,11118,-0.1036
117,117000,-0.100,-0.312,11114,-0.1021
118,118000,-0.100,-0.303,11113,-0.1017
119,119000,-0.100,-0.366,11120,-0.1043
120,120000,-0.100,0.279,11108,-0.0999
121,121000,-0.100,0.552,11078,-0.0890
122,122000,-0.100,-0.439,11128,-0.1072
123,123000,-0.100,-0.275,11110,-0.1006
124,124000,-0.100,0.370,11098,-0.0963
125,125000,-0.100,0.379,11097,-0.0959
126,126000,-0.100,-0.512,11136,-0.1101
127,127000,-0.100,0.370,11098,-0.0963
128,128000,-0.100,0.361,11099,-0.0966
129,129000,-0.100,0.434,11091,-0.0937
130,130000,-0.100,0.425,11092,-0.0941
131,131000,-0.100,0.452,11089,-0.0930
132,132000,-0.100,-0.457,11130,-0.1079
133,133000,-0.100,0.552,11078,-0.0890
134,134000,-0.100,0.434,11091,-0.0937
135,135000,-0.100,0.452,11089,-0.0930
136,136000,-0.100,0.516,11082,-0.0904
137,137000,-0.100,-0.293,11112,-0.1014
138,138000,-0.100,0.480,11086,-0.0919
139,139000,-0.100,0.498,11084,-0.0912
140,140000,-0.100,-0.293,11112,-0.1014
141,141000,-0.100,0.443,11090,-0.0934
142,142000,-0.100,0.361,11099,-0.0966
143,143000,-0.100,0.461,11088,-0.0926
144,144000,-0.100,0.425,11092,-0.0941
145,145000,-0.100,0.534,11080,-0.0897
146,146000,-0.100,0.516,11082,-0.0904
147,147000,-0.100,0.461,11088,-0.0926
148,148000,-0.100,0.370,11098,-0.0963
149,149000,-0.100,0.489,11085,-0.0915
150,150000,-0.100,0.461,11088,-0.0926
151,151000,-0.100,0.370,11098,-0.0963
152,152000,-0.100,0.407,11094,-0.0948
153,153000,-0.100,0.443,11090,-0.0934
154,154000,-0.100,0.434,11091,-0.0937
155,155000,-0.100,0.388,11096,-0.0955
156,156000,-0.100,0.461,11088,-0.0926
157,157000,-0.100,0.461,11088,-0.0926
158,158000,-0.100,0.443,11090,-0.0934
159,159000,-0.100,0.480,11086,-0.0919
160,160000,-0.100,0.443,11090,-0.0934
161,161000,-0.100,0.498,11084,-0.0912
162,162000,-0.100,0.443,11090,-0.0934
163,163000,-0.100,0.407,11094,-0.0948
164,164000,-0.100,0.498,11084,-0.0912
165,165000,-0.100,0.334,11102,-0.0977
166,166000,-0.100,0.434,11091,-0.0937
167,167000,-0.100,0.461,11088,-0.0926
168,168000,-0.100,0.388,11096,-0.0955
169,169000,-0.100,0.316,11104,-0.0985
170,170000,-0.100,0.388,11096,-0.0955
171,171000,-0.100,0.388,11096,-0.0955
172,172000,-0.100,0.316,11104,-0.0985
173,173000,-0.100,0.407,11094,-0.0948
174,174000,-0.100,0.343,11101,-0.0974
175,175000,-0.100,0.361,11099,-0.0966
176,176000,-0.100,0.316,11104,-0.0985
177,177000,-0.100,0.297,11106,-0.0992
178,178000,-0.100,0.297,11106,-0.0992
179,179000,-0.100,-0.366,11120,-0.1043
180,180000,-0.100,0.288,11107,-0.0996
181,181000,-0.100,0.297,11106,-0.0992
182,182000,-0.100,0.316,11104,-0.0985
183,183000,-0.100,0.370,11098,-0.0963
184,184000,-0.100,-0.275,11110,-0.1006
185,185000,-0.100,-0.275,11110,-0.1006
186,186000,-0.100,0.352,11100,-0.0970
187,187000,-0.100,-0.303,11113,-0.1017
188,188000,-0.100,-0.321,11115,-0.1025
189,189000,-0.100,-0.348,11118,-0.1036
190,190000,-0.100,-0.366,11120,-0.1043
191,191000,-0.100,-0.266,11109,-0.1003
192,192000,-0.100,-0.330,11116,-0.1028
193,193000,-0.100,-0.275,11110,-0.1006
194,194000,-0.100,0.288,11107,-0.0996
195,195000,-0.100,-0.293,11112,-0.1014
196,196000,-0.100,-0.348,11118,-0.1036
197,197000,-0.100,-0.321,11115,-0.1025
198,198000,-0.100,0.288,11107,-0.0996
199,199000,-0.100,-0.293,11112,-0.1014
200,200000,-0.100,0.334,11102,-0.0977
201,201000,-0.100,-0.403,11124,-0.1058
202,202000,-0.100,0.334,11102,-0.0977
203,203000,-0.100,-0.366,11120,-0.1043
204,204000,-0.100,-0.585,11144,-0.1130
205,205000,-0.100,0.316,11104,-0.0985
206,206000,-0.100,-0.439,11128,-0.1072
207,207000,-0.100,-0.385,11122,-0.1050
208,208000,-0.100,-0.394,11123,-0.1054
209,209000,-0.100,-0.293,11112,-0.1014
210,210000,-0.100,-0.321,11115,-0.1025
211,211000,-0.100,-0.321,11115,-0.1025
212,212000,-0.100,0.279,11108,-0.0999
213,213000,-0.100,-0.312,11114,-0.1021
214,214000,-0.100,-0.293,11112,-0.1014
215,215000,-0.100,-0.293,11112,-0.1014
216,216000,-0.100,-0.312,11114,-0.1021
217,217000,-0.100,-0.321,11115,-0.1025
218,218000,-0.100,0.316,11104,-0.0985
219,219000,-0.100,-0.312,11114,-0.1021
220,220000,-0.100,-0.421,11126,-0.1065
221,221000,-0.100,-0.321,11115,-0.1025
222,222000,-0.100,-0.457,11130,-0.1079
223,223000,-0.100,-0.312,11114,-0.1021
224,224000,-0.100,0.352,11100,-0.0970
225,225000,-0.100,-0.348,11118,-0.1036
226,226000,-0.100,-0.312,11114,-0.1021
227,227000,-0.100,-0.321,11115,-0.1025
228,228000,-0.100,-0.485,11133,-0.1090
229,229000,-0.100,-0.394,11123,-0.1054
230,230000,-0.100,-0.312,11114,-0.1021
231,231000,-0.100,-0.321,11115,-0.1025
232,232000,-0.100,-0.366,11120,-0.1043
233,233000,-0.100,-0.312,11114,-0.1021
234,234000,-0.100,-0.312,11114,-0.1021
235,235000,-0.100,-0.457,11130,-0.1079
236,236000,-0.100,-0.312,11114,-0.1021
237,237000,-0.100,-0.366,11120,-0.1043
238,238000,-0.100,-0.339,11117,-0.1032
239,239000,-0.100,-0.293,11112,-0.1014
240,240000,-0.100,-0.312,11114,-0.1021
241,241000,-0.100,-0.284,11111,-0.1010
242,242000,-0.100,-0.275,11110,-0.1006
243,243000,-0.100,-0.403,11124,-0.1058
244,244000,-0.100,-0.321,11115,-0.1025
245,245000,-0.100,0.352,11100,-0.0970
246,246000,-0.100,0.297,11106,-0.0992
247,247000,-0.100,0.279,11108,-0.0999
248,248000,-0.100,0.297,11106,-0.0992
249,249000,-0.100,0.297,11106,-0.0992
250,250000,-0.100,0.680,11064,-0.0839
251,251000,-0.100,0.316,11104,-0.0985
252,252000,-0.100,-0.312,11114,-0.1021
253,253000,-0.100,0.297,11106,-0.0992
254,254000,-0.100,0.316,11104,-0.0985
255,255000,-0.100,-0.339,11117,-0.1032
256,256000,-0.100,-0.312,11114,-0.1021
257,257000,-0.100,-0.275,11110,-0.1006
258,258000,-0.100,0.316,11104,-0.0985
259,259000,-0.100,0.297,11106,-0.0992
260,260000,-0.100,0.279,11108,-0.0999
261,261000,-0.100,0.316,11104,-0.0985
262,262000,-0.100,0.306,11105,-0.0988
263,263000,-0.100,0.316,11104,-0.0985
264,264000,-0.100,0.297,11106,-0.0992
265,265000,-0.100,0.288,11107,-0.0996
266,266000,-0.100,-0.293,11112,-0.1014
267,267000,-0.100,0.297,11106,-0.0992
268,268000,-0.100,-0.312,11114,-0.1021
269,269000,-0.100,0.425,11092,-0.0941
270,270000,-0.100,0.279,11108,-0.0999
271,271000,-0.100,0.288,11107,-0.0996
272,272000,-0.100,0.279,11108,-0.0999
273,273000,-0.100,-0.275,11110,-0.1006
274,274000,-0.100,0.279,11108,-0.0999
275,275000,-0.100,0.297,11106,-0.0992
276,276000,-0.100,-0.366,11120,-0.1043
277,277000,-0.100,-0.293,11112,-0.1014
278,278000,-0.100,-0.312,11114,-0.1021
279,279000,-0.100,0.297,11106,-0.0992
280,280000,-0.100,0.297,11106,-0.0992
281,281000,-0.100,0.297,11106,-0.0992
282,282000,-0.100,0.343,11101,-0.0974
283,283000,-0.100,0.288,11107,-0.0996
284,284000,-0.100,0.297,11106,-0.0992
285,285000,-0.100,-0.303,11113,-0.1017
286,286000,-0.100,0.297,11106,-0.0992
287,287000,-0.100,0.388,11096,-0.0955
288,288000,-0.100,-0.385,11122,-0.1050
289,289000,-0.100,0.297,11106,-0.0992
290,290000,-0.100,0.279,11108,-0.0999
291,291000,-0.100,0.361,11099,-0.0966
292,292000,-0.100,-0.275,11110,-0.1006
293,293000,-0.100,0.297,11106,-0.0992
294,294000,-0.100,-0.275,11110,-0.1006
295,295000,-0.100,0.334,11102,-0.0977
296,296000,-0.100,-0.330,11116,-0.1028
297,297000,-0.100,0.297,11106,-0.0992
298,298000,-0.100,0.297,11106,-0.0992
299,299000,-0.100,0.361,11099,-0.0966
300,300000,-0.100,0.352,11100,-0.0970
301,301000,-0.100,0.589,11074,-0.0875
302,302000,-0.100,0.279,11108,-0.0999
303,303000,-0.100,0.297,11106,-0.0992
304,304000,-0.100,-0.530,11138,-0.1109
305,305000,-0.100,-0.275,11110,-0.1006
306,306000,-0.100,0.288,11107,-0.0996
307,307000,-0.100,0.352,11100,-0.0970
308,308000,-0.100,-0.339,11117,-0.1032
309,309000,-0.100,0.352,11100,-0.0970
310,310000,-0.100,0.288,11107,-0.0996
311,311000,-0.100,0.370,11098,-0.0963
312,312000,-0.100,-0.293,11112,-0.1014
313,313000,-0.100,-0.312,11114,-0.1021
314,314000,-0.100,0.461,11088,-0.0926
315,315000,-0.100,0.316,11104,-0.0985
316,316000,-0.100,0.297,11106,-0.0992
317,317000,-0.100,0.361,11099,-0.0966
318,318000,-0.100,0.316,11104,-0.0985
319,319000,-0.100,-0.293,11112,-0.1014
320,320000,-0.100,0.316,11104,-0.0985
321,321000,-0.100,-0.394,11123,-0.1054
322,322000,-0.100,0.361,11099,-0.0966
323,323000,-0.100,0.288,11107,-0.0996
324,324000,-0.100,-0.275,11110,-0.1006
325,325000,-0.100,0.334,11102,-0.0977
326,326000,-0.100,-0.293,11112,-0.1014
327,327000,-0.100,0.297,11106,-0.0992
328,328000,-0.100,-0.275,11110,-0.1006
329,329000,-0.100,-0.293,11112,-0.1014
330,330000,-0.100,0.316,11104,-0.0985
331,331000,-0.100,0.288,11107,-0.0996
332,332000,-0.100,0.334,11102,-0.0977
333,333000,-0.100,0.297,11106,-0.0992
334,334000,-0.100,-0.321,11115,-0.1025
335,335000,-0.100,0.316,11104,-0.0985
336,336000,-0.100,0.370,11098,-0.0963
337,337000,-0.100,-0.293,11112,-0.1014
338,338000,-0.100,-0.385,11122,-0.1050
339,339000,-0.100,-0.275,11110,-0.1006
340,340000,-0.100,-0.275,11110,-0.1006
341,341000,-0.100,0.279,11108,-0.0999
342,342000,-0.100,0.297,11106,-0.0992
343,343000,-0.100,-0.275,11110,-0.1006
344,344000,-0.100,-0.293,11112,-0.1014
345,345000,-0.100,0.297,11106,-0.0992
346,346000,-0.100,0.279,11108,-0.0999
347,347000,-0.100,0.388,11096,-0.0955
348,348000,-0.100,-0.357,11119,-0.1039
349,349000,-0.100,-0.275,11110,-0.1006
350,350000,-0.100,0.297,11106,-0.0992
351,351000,-0.100,-0.275,11110,-0.1006
352,352000,-0.100,0.288,11107,-0.0996
353,353000,-0.100,-0.312,11114,-0.1021
354,354000,-0.100,-0.293,11112,-0.1014
355,355000,-0.100,-0.439,11128,-0.1072
356,356000,-0.100,0.316,11104,-0.0985
357,357000,-0.100,-0.293,11112,-0.1014
358,358000,-0.100,0.288,11107,-0.0996
359,359000,-0.100,-0.275,11110,-0.1006
360,360000,-0.100,-0.567,11142,-0.1123
361,361000,-0.100,-0.275,11110,-0.1006
362,362000,-0.100,-0.312,11114,-0.1021
363,363000,-0.100,0.288,11107,-0.0996
364,364000,-0.100,-0.330,11116,-0.1028
365,365000,-0.100,0.297,11106,-0.0992
366,366000,-0.100,0.297,11106,-0.0992
367,367000,-0.100,-0.366,11120,-0.1043
368,368000,-0.100,0.343,11101,-0.0974
369,369000,-0.100,0.297,11106,-0.0992
370,370000,-0.100,0.407,11094,-0.0948
371,371000,-0.100,0.297,11106,-0.0992
372,372000,-0.100,0.297,11106,-0.0992
373,373000,-0.100,-0.275,11110,-0.1006
374,374000,-0.100,0.288,11107,-0.0996
375,375000,-0.100,0.279,11108,-0.0999
376,376000,-0.100,0.334,11102,-0.0977
377,377000,-0.100,0.297,11106,-0.0992
378,378000,-0.100,-0.275,11110,-0.1006
379,379000,-0.100,-0.275,11110,-0.1006
380,380000,-0.100,0.279,11108,-0.0999
381,381000,-0.100,-0.275,11110,-0.1006
382,382000,-0.100,0.361,11099,-0.0966
383,383000,-0.100,0.316,11104,-0.0985
384,384000,-0.100,0.297,11106,-0.0992
385,385000,-0.100,0.316,11104,-0.0985
386,386000,-0.100,0.352,11100,-0.0970
387,387000,-0.100,-0.275,11110,-0.1006
388,388000,-0.100,0.370,11098,-0.0963
389,389000,-0.100,0.297,11106,-0.0992
390,390000,-0.100,-0.275,11110,-0.1006
391,391000,-0.100,-0.266,11109,-0.1003
392,392000,-0.100,0.297,11106,-0.0992
393,393000,-0.100,0.316,11104,-0.0985
394,394000,-0.100,0.316,11104,-0.0985
395,395000,-0.100,0.388,11096,-0.0955
396,396000,-0.100,-0.339,11117,-0.1032
397,397000,-0.100,0.316,11104,-0.0985
398,398000,-0.100,0.297,11106,-0.0992
399,399000,-0.100,0.297,11106,-0.0992
400,400000,-0.100,0.316,11104,-0.0985
401,401000,-0.100,0.334,11102,-0.0977
402,402000,-0.100,-0.284,11111,-0.1010
403,403000,-0.100,0.407,11094,-0.0948
404,404000,-0.100,0.507,11083,-0.0908
405,405000,-0.100,-0.385,11122,-0.1050
406,406000,-0.100,-0.275,11110,-0.1006
407,407000,-0.100,0.297,11106,-0.0992
408,408000,-0.100,-0.275,11110,-0.1006
409,409000,-0.100,0.334,11102,-0.0977
410,410000,-0.100,-0.330,11116,-0.1028
411,411000,-0.100,0.461,11088,-0.0926
412,412000,-0.100,0.316,11104,-0.0985
413,413000,-0.100,-0.330,11116,-0.1028
414,414000,-0.100,-0.275,11110,-0.1006
415,415000,-0.100,0.316,11104,-0.0985
416,416000,-0.100,-0.457,11130,-0.1079
417,417000,-0.100,0.297,11106,-0.0992
418,418000,-0.100,0.316,11104,-0.0985
419,419000,-0.100,0.370,11098,-0.0963
420,420000,-0.100,-0.366,11120,-0.1043
421,421000,-0.100,0.297,11106,-0.0992
422,422000,-0.100,0.297,11106,-0.0992
423,423000,-0.100,-0.293,11112,-0.1014
424,424000,-0.100,-0.275,11110,-0.1006
425,425000,-0.100,0.334,11102,-0.0977
426,426000,-0.100,0.288,11107,-0.0996
427,427000,-0.100,-0.275,11110,-0.1006
428,428000,-0.100,0.297,11106,-0.0992
429,429000,-0.100,0.297,11106,-0.0992
430,430000,-0.100,-0.312,11114,-0.1021
431,431000,-0.100,0.316,11104,-0.0985
432,432000,-0.100,-0.293,11112,-0.1014
433,433000,-0.100,-0.348,11118,-0.1036
434,434000,-0.100,-0.293,11112,-0.1014
435,435000,-0.100,0.343,11101,-0.0974
436,436000,-0.100,-0.275,11110,-0.1006
437,437000,-0.100,-0.275,11110,-0.1006
438,438000,-0.100,0.334,11102,-0.0977
439,439000,-0.100,-0.293,11112,-0.1014
440,440000,-0.100,0.316,11104,-0.0985
441,441000,-0.100,-0.312,11114,-0.1021
442,442000,-0.100,-0.275,11110,-0.1006
443,443000,-0.100,-0.275,11110,-0.1006
444,444000,-0.100,0.279,11108,-0.0999
445,445000,-0.100,0.534,11080,-0.0897
446,446000,-0.100,0.297,11106,-0.0992
447,447000,-0.100,0.297,11106,-0.0992
448,448000,-0.100,0.297,11106,-0.0992
449,449000,-0.100,-0.293,11112,-0.1014
450,450000,-0.100,0.297,11106,-0.0992
451,451000,-0.100,0.279,11108,-0.0999
452,452000,-0.100,0.288,11107,-0.0996
453,453000,-0.100,0.297,11106,-0.0992
454,454000,-0.100,0.316,11104,-0.0985
455,455000,-0.100,-0.530,11138,-0.1109
456,456000,-0.100,-0.512,11136,-0.1101
457,457000,-0.100,-0.293,11112,-0.1014
458,458000,-0.100,-0.321,11115,-0.1025
459,459000,-0.100,-0.321,11115,-0.1025
460,460000,-0.100,-0.293,11112,-0.1014
461,461000,-0.100,0.316,11104,-0.0985
462,462000,-0.100,-0.312,11114,-0.1021
463,463000,-0.100,-0.275,11110,-0.1006
464,464000,-0.100,0.297,11106,-0.0992
465,465000,-0.100,0.288,11107,-0.0996
466,466000,-0.100,-0.275,11110,-0.1006
467,467000,-0.100,-0.275,11110,-0.1006
468,468000,-0.100,-0.312,11114,-0.1021
469,469000,-0.100,0.279,11108,-0.0999
470,470000,-0.100,0.279,11108,-0.0999
471,471000,-0.100,0.279,11108,-0.0999
472,472000,-0.100,-0.275,11110,-0.1006
473,473000,-0.100,0.316,11104,-0.0985
474,474000,-0.100,-0.457,11130,-0.1079
475,475000,-0.100,0.279,11108,-0.0999
476,476000,-0.100,-0.293,11112,-0.1014
477,477000,-0.100,-0.293,11112,-0.1014
478,478000,-0.100,-0.275,11110,-0.1006
479,479000,-0.100,-0.275,11110,-0.1006
480,480000,-0.100,0.370,11098,-0.0963
481,481000,-0.100,0.534,11080,-0.0897
482,482000,-0.100,-0.275,11110,-0.1006
483,483000,-0.100,-0.293,11112,-0.1014
484,484000,-0.100,-0.266,11109,-0.1003
485,485000,-0.100,-0.275,11110,-0.1006
486,486000,-0.100,-0.330,11116,-0.1028
487,487000,-0.100,-0.275,11110,-0.1006
488,488000,-0.100,0.297,11106,-0.0992
489,489000,-0.100,-0.275,11110,-0.1006
490,490000,-0.100,0.361,11099,-0.0966
491,491000,-0.100,-0.293,11112,-0.1014
492,492000,-0.100,0.279,11108,-0.0999
493,493000,-0.100,-0.312,11114,-0.1021
494,494000,-0.100,-0.312,11114,-0.1021
495,495000,-0.100,0.461,11088,-0.0926
496,496000,-0.100,0.279,11108,-0.0999
497,497000,-0.100,-0.348,11118,-0.1036
498,498000,-0.100,-0.348,11118,-0.1036
499,499000,-0.100,0.279,11108,-0.0999
500,500000,-0.100,0.279,11108,-0.0999
501,501000,-0.100,-0.293,11112,-0.1014
502,502000,-0.100,0.279,11108,-0.0999
503,503000,-0.100,-0.275,11110,-0.1006
504,504000,-0.100,-0.293,11112,-0.1014
505,505000,-0.100,-0.549,11140,-0.1116
506,506000,-0.100,-0.303,11113,-0.1017
507,507000,-0.100,-0.312,11114,-0.1021
508,508000,-0.100,-0.312,11114,-0.1021
509,509000,-0.100,-0.293,11112,-0.1014
510,510000,-0.100,0.480,11086,-0.0919
511,511000,-0.100,0.279,11108,-0.0999
512,512000,-0.100,0.334,11102,-0.0977
513,513000,-0.100,-0.330,11116,-0.1028
514,514000,-0.100,-0.275,11110,-0.1006
515,515000,-0.100,0.297,11106,-0.0992
516,516000,-0.100,-0.457,11130,-0.1079
517,517000,-0.100,0.279,11108,-0.0999
518,518000,-0.100,-0.366,11120,-0.1043
519,519000,-0.100,0.288,11107,-0.0996
520,520000,-0.100,-0.293,11112,-0.1014
521,521000,-0.100,-0.467,11131,-0.1083
522,522000,-0.100,-0.312,11114,-0.1021
523,523000,-0.100,-0.312,11114,-0.1021
524,524000,-0.100,-0.275,11110,-0.1006
525,525000,-0.100,-0.312,11114,-0.1021
526,526000,-0.100,-0.421,11126,-0.1065
527,527000,-0.100,0.297,11106,-0.0992
528,528000,-0.100,0.279,11108,-0.0999
529,529000,-0.100,0.325,11103,-0.0981
530,530000,-0.100,0.334,11102,-0.0977
531,531000,-0.100,0.297,11106,-0.0992
532,532000,-0.100,-0.275,11110,-0.1006
533,533000,-0.100,0.297,11106,-0.0992
534,534000,-0.100,-0.448,11129,-0.1076
535,535000,-0.100,0.306,11105,-0.0988
536,536000,-0.100,0.443,11090,-0.0934
537,537000,-0.100,0.316,11104,-0.0985
538,538000,-0.100,0.370,11098,-0.0963
539,539000,-0.100,-0.293,11112,-0.1014
540,540000,-0.100,0.279,11108,-0.0999
541,541000,-0.100,0.297,11106,-0.0992
542,542000,-0.100,0.279,11108,-0.0999
543,543000,-0.100,-0.293,11112,-0.1014
544,544000,-0.100,-0.293,11112,-0.1014
545,545000,-0.100,0.279,11108,-0.0999
546,546000,-0.100,0.452,11089,-0.0930
547,547000,-0.100,0.325,11103,-0.0981
548,548000,-0.100,0.288,11107,-0.0996
549,549000,-0.100,0.297,11106,-0.0992
550,550000,-0.100,0.288,11107,-0.0996
551,551000,-0.100,0.370,11098,-0.0963
552,552000,-0.100,-0.293,11112,-0.1014
553,553000,-0.100,-0.312,11114,-0.1021
554,554000,-0.100,-0.275,11110,-0.1006
555,555000,-0.100,-0.366,11120,-0.1043
556,556000,-0.100,-0.293,11112,-0.1014
557,557000,-0.100,-0.303,11113,-0.1017
558,558000,-0.100,-0.275,11110,-0.1006
559,559000,-0.100,0.352,11100,-0.0970
560,560000,-0.100,-0.293,11112,-0.1014
561,561000,-0.100,0.516,11082,-0.0904
562,562000,-0.100,-0.293,11112,-0.1014
563,563000,-0.100,0.297,11106,-0.0992
564,564000,-0.100,0.279,11108,-0.0999
565,565000,-0.100,-0.585,11144,-0.1130
566,566000,-0.100,-0.312,11114,-0.1021
567,567000,-0.100,0.297,11106,-0.0992
568,568000,-0.100,-0.339,11117,-0.1032
569,569000,-0.100,-0.275,11110,-0.1006
570,570000,-0.100,-0.312,11114,-0.1021
571,571000,-0.100,0.279,11108,-0.0999
572,572000,-0.100,0.316,11104,-0.0985
573,573000,-0.100,-0.275,11110,-0.1006
574,574000,-0.100,0.297,11106,-0.0992
575,575000,-0.100,-0.275,11110,-0.1006
576,576000,-0.100,-0.293,11112,-0.1014
577,577000,-0.100,0.279,11108,-0.0999
578,578000,-0.100,0.288,11107,-0.0996
579,579000,-0.100,0.279,11108,-0.0999
580,580000,-0.100,0.388,11096,-0.0955
581,581000,-0.100,0.279,11108,-0.0999
582,582000,-0.100,-0.293,11112,-0.1014
583,583000,-0.100,-0.275,11110,-0.1006
584,584000,-0.100,0.297,11106,-0.0992
585,585000,-0.100,-0.330,11116,-0.1028
586,586000,-0.100,-0.293,11112,-0.1014
587,587000,-0.100,-0.275,11110,-0.1006
588,588000,-0.100,0.279,11108,-0.0999
589,589000,-0.100,0.297,11106,-0.0992
590,590000,-0.100,0.370,11098,-0.0963
591,591000,-0.100,-0.275,11110,-0.1006
592,592000,-0.100,0.297,11106,-0.0992
593,593000,-0.100,-0.293,11112,-0.1014
594,594000,-0.100,0.279,11108,-0.0999
595,595000,-0.100,-0.521,11137,-0.1105
596,596000,-0.100,0.871,11043,-0.0762
597,597000,-0.100,0.370,11098,-0.0963
598,598000,-0.100,-0.439,11128,-0.1072
599,599000,-0.100,0.516,11082,-0.0904
# end capture 23
# capture 24 kp=-25.00 dir=+ dt_us=1000 samples=600 sat=0
0,0,0.100,-5.293,11112,-0.1014
1,1000,0.100,-5.202,11102,-0.0977
2,2000,0.100,-5.220,11104,-0.0985
3,3000,0.100,-5.239,11106,-0.0992
4,4000,0.100,-5.193,11101,-0.0974
5,5000,0.100,-5.220,11104,-0.0985
6,6000,0.100,-5.148,11096,-0.0955
7,7000,0.100,-5.093,11090,-0.0934
8,8000,0.100,-4.984,11078,-0.0890
9,9000,0.100,-4.856,11064,-0.0839
10,10000,0.100,-4.874,11066,-0.0846
11,11000,0.100,-4.883,11067,-0.0850
12,12000,0.100,-4.637,11040,-0.0751
13,13000,0.100,-4.856,11064,-0.0839
14,14000,0.100,-4.510,11026,-0.0700
15,15000,0.100,-4.364,11010,-0.0642
16,16000,0.100,-4.455,11020,-0.0678
17,17000,0.100,-4.218,10994,-0.0584
18,18000,0.100,-4.127,10984,-0.0547
19,19000,0.100,-4.072,10978,-0.0525
20,20000,0.100,-3.881,10957,-0.0449
21,21000,0.100,-3.671,10934,-0.0365
22,22000,0.100,-3.635,10930,-0.0350
23,23000,0.100,-3.489,10914,-0.0292
24,24000,0.100,-3.762,10944,-0.0401
25,25000,0.100,-3.197,10882,-0.0175
26,26000,0.100,-2.642,10821,0.0047
27,27000,0.100,-2.988,10859,-0.0092
28,28000,0.100,-2.869,10846,-0.0044
29,29000,0.100,-2.696,10827,0.0025
30,30000,0.100,-2.669,10824,0.0036
31,31000,0.100,-2.477,10803,0.0113
32,32000,0.100,-2.341,10788,0.0167
33,33000,0.100,-2.231,10776,0.0211
34,34000,0.100,-2.140,10766,0.0247
35,35000,0.100,-2.104,10762,0.0262
36,36000,0.100,-1.885,10738,0.0350
37,37000,0.100,-1.830,10732,0.0371
38,38000,0.100,-1.676,10715,0.0433
39,39000,0.100,-1.375,10682,0.0554
40,40000,0.100,-1.448,10690,0.0525
41,41000,0.100,-1.302,10674,0.0583
42,42000,0.100,-1.165,10659,0.0638
43,43000,0.100,-1.120,10654,0.0656
44,44000,0.100,-1.101,10652,0.0663
45,45000,0.100,-0.919,10632,0.0736
46,46000,0.100,-0.819,10621,0.0776
47,47000,0.100,-0.700,10608,0.0823
48,48000,0.100,-0.646,10602,0.0845
49,49000,0.100,-0.609,10598,0.0860
50,50000,0.100,-0.427,10578,0.0933
51,51000,0.100,-0.555,10592,0.0882
52,52000,0.100,0.291,10558,0.1006
53,53000,0.100,-0.281,10562,0.0991
54,54000,0.100,0.419,10544,0.1057
55,55000,0.100,0.492,10536,0.1086
56,56000,0.100,0.510,10534,0.1093
57,57000,0.100,0.637,10520,0.1144
58,58000,0.100,0.665,10517,0.1155
59,59000,0.100,0.692,10514,0.1166
60,60000,0.100,0.765,10506,0.1195
61,61000,0.100,0.820,10500,0.1217
62,62000,0.100,0.865,10495,0.1235
63,63000,0.100,0.902,10491,0.1250
64,64000,0.100,0.911,10490,0.1254
65,65000,0.100,1.239,10454,0.1385
66,66000,0.100,1.002,10480,0.1290
67,67000,0.100,0.692,10514,0.1166
68,68000,0.100,1.020,10478,0.1297
69,69000,0.100,1.075,10472,0.1319
70,70000,0.100,1.057,10474,0.1312
71,71000,0.100,1.093,10470,0.1326
72,72000,0.100,1.002,10480,0.1290
73,73000,0.100,1.084,10471,0.1323
74,74000,0.100,1.148,10464,0.1348
75,75000,0.100,1.139,10465,0.1345
76,76000,0.100,1.221,10456,0.1377
77,77000,0.100,0.929,10488,0.1261
78,78000,0.100,1.221,10456,0.1377
79,79000,0.100,0.975,10483,0.1279
80,80000,0.100,1.130,10466,0.1341
81,81000,0.100,1.148,10464,0.1348
82,82000,0.100,1.111,10468,0.1334
83,83000,0.100,1.029,10477,0.1301
84,84000,0.100,0.692,10514,0.1166
85,85000,0.100,1.020,10478,0.1297
86,86000,0.100,1.120,10467,0.1337
87,87000,0.100,1.148,10464,0.1348
88,88000,0.100,1.093,10470,0.1326
89,89000,0.100,1.057,10474,0.1312
90,90000,0.100,1.020,10478,0.1297
91,91000,0.100,1.066,10473,0.1316
92,92000,0.100,0.984,10482,0.1283
93,93000,0.100,0.984,10482,0.1283
94,94000,0.100,0.838,10498,0.1224
95,95000,0.100,0.893,10492,0.1246
96,96000,0.100,0.947,10486,0.1268
97,97000,0.100,0.856,10496,0.1232
98,98000,0.100,0.902,10491,0.1250
99,99000,0.100,0.801,10502,0.1210
100,100000,0.100,0.838,10498,0.1224
101,101000,0.100,0.783,10504,0.1203
102,102000,0.100,0.774,10505,0.1199
103,103000,0.100,0.783,10504,0.1203
104,104000,0.100,0.683,10515,0.1162
105,105000,0.100,0.856,10496,0.1232
106,106000,0.100,0.747,10508,0.1188
107,107000,0.100,0.492,10536,0.1086
108,108000,0.100,0.610,10523,0.1133
109,109000,0.100,0.710,10512,0.1173
110,110000,0.100,0.565,10528,0.1115
111,111000,0.100,0.610,10523,0.1133
112,112000,0.100,0.473,10538,0.1079
113,113000,0.100,0.391,10547,0.1046
114,114000,0.100,0.391,10547,0.1046
115,115000,0.100,0.401,10546,0.1049
116,116000,0.100,-0.281,10562,0.0991
117,117000,0.100,0.546,10530,0.1108
118,118000,0.100,0.401,10546,0.1049
119,119000,0.100,0.319,10555,0.1017
120,120000,0.100,0.337,10553,0.1024
121,121000,0.100,-0.263,10560,0.0998
122,122000,0.100,0.656,10518,0.1151
123,123000,0.100,0.319,10555,0.1017
124,124000,0.100,-0.354,10570,0.0962
125,125000,0.100,-0.345,10569,0.0966
126,126000,0.100,-0.318,10566,0.0977
127,127000,0.100,-0.300,10564,0.0984
128,128000,0.100,-0.336,10568,0.0969
129,129000,0.100,-0.336,10568,0.0969
130,130000,0.100,-0.391,10574,0.0947
131,131000,0.100,-0.573,10594,0.0874
132,132000,0.100,-0.409,10576,0.0940
133,133000,0.100,0.319,10555,0.1017
134,134000,0.100,-0.454,10581,0.0922
135,135000,0.100,-0.336,10568,0.0969
136,136000,0.100,-0.509,10587,0.0900
137,137000,0.100,-0.391,10574,0.0947
138,138000,0.100,-0.427,10578,0.0933
139,139000,0.100,-0.409,10576,0.0940
140,140000,0.100,-0.427,10578,0.0933
141,141000,0.100,-0.464,10582,0.0918
142,142000,0.100,-0.445,10580,0.0925
143,143000,0.100,-0.354,10570,0.0962
144,144000,0.100,-0.372,10572,0.0955
145,145000,0.100,0.483,10537,0.1082
146,146000,0.100,-0.445,10580,0.0925
147,147000,0.100,-0.464,10582,0.0918
148,148000,0.100,-0.482,10584,0.0911
149,149000,0.100,-0.391,10574,0.0947
150,150000,0.100,-0.436,10579,0.0929
151,151000,0.100,-0.464,10582,0.0918
152,152000,0.100,-0.391,10574,0.0947
153,153000,0.100,-0.427,10578,0.0933
154,154000,0.100,-0.518,10588,0.0896
155,155000,0.100,-0.865,10626,0.0758
156,156000,0.100,-0.427,10578,0.0933
157,157000,0.100,-0.409,10576,0.0940
158,158000,0.100,-0.509,10587,0.0900
159,159000,0.100,-0.427,10578,0.0933
160,160000,0.100,-0.372,10572,0.0955
161,161000,0.100,-0.363,10571,0.0958
162,162000,0.100,-0.427,10578,0.0933
163,163000,0.100,-0.336,10568,0.0969
164,164000,0.100,-0.372,10572,0.0955
165,165000,0.100,-0.482,10584,0.0911
166,166000,0.100,-0.382,10573,0.0951
167,167000,0.100,-0.372,10572,0.0955
168,168000,0.100,-0.500,10586,0.0904
169,169000,0.100,-0.336,10568,0.0969
170,170000,0.100,-0.354,10570,0.0962
171,171000,0.100,-0.409,10576,0.0940
172,172000,0.100,-0.345,10569,0.0966
173,173000,0.100,-0.345,10569,0.0966
174,174000,0.100,-0.409,10576,0.0940
175,175000,0.100,-0.263,10560,0.0998
176,176000,0.100,-0.409,10576,0.0940
177,177000,0.100,-0.363,10571,0.0958
178,178000,0.100,-0.336,10568,0.0969
179,179000,0.100,-0.263,10560,0.0998
180,180000,0.100,-0.427,10578,0.0933
181,181000,0.100,0.328,10554,0.1020
182,182000,0.100,0.328,10554,0.1020
183,183000,0.100,0.410,10545,0.1053
184,184000,0.100,-0.263,10560,0.0998
185,185000,0.100,-0.354,10570,0.0962
186,186000,0.100,-0.281,10562,0.0991
187,187000,0.100,0.328,10554,0.1020
188,188000,0.100,0.510,10534,0.1093
189,189000,0.100,0.401,10546,0.1049
190,190000,0.100,0.391,10547,0.1046
191,191000,0.100,0.391,10547,0.1046
192,192000,0.100,0.364,10550,0.1035
193,193000,0.100,0.328,10554,0.1020
194,194000,0.100,-0.290,10563,0.0987
195,195000,0.100,0.401,10546,0.1049
196,196000,0.100,0.437,10542,0.1064
197,197000,0.100,0.382,10548,0.1042
198,198000,0.100,0.328,10554,0.1020
199,199000,0.100,0.319,10555,0.1017
200,200000,0.100,0.346,10552,0.1028
201,201000,0.100,0.391,10547,0.1046
202,202000,0.100,-0.263,10560,0.0998
203,203000,0.100,0.382,10548,0.1042
204,204000,0.100,0.401,10546,0.1049
205,205000,0.100,0.300,10557,0.1009
206,206000,0.100,0.364,10550,0.1035
207,207000,0.100,0.346,10552,0.1028
208,208000,0.100,0.382,10548,0.1042
209,209000,0.100,0.492,10536,0.1086
210,210000,0.100,0.328,10554,0.1020
211,211000,0.100,0.328,10554,0.1020
212,212000,0.100,0.364,10550,0.1035
213,213000,0.100,0.364,10550,0.1035
214,214000,0.100,0.382,10548,0.1042
215,215000,0.100,0.419,10544,0.1057
216,216000,0.100,-0.281,10562,0.0991
217,217000,0.100,0.364,10550,0.1035
218,218000,0.100,0.656,10518,0.1151
219,219000,0.100,0.346,10552,0.1028
220,220000,0.100,0.382,10548,0.1042
221,221000,0.100,-0.336,10568,0.0969
222,222000,0.100,-0.345,10569,0.0966
223,223000,0.100,0.382,10548,0.1042
224,224000,0.100,0.328,10554,0.1020
225,225000,0.100,0.346,10552,0.1028
226,226000,0.100,-0.281,10562,0.0991
227,227000,0.100,0.337,10553,0.1024
228,228000,0.100,-0.300,10564,0.0984
229,229000,0.100,0.437,10542,0.1064
230,230000,0.100,-0.281,10562,0.0991
231,231000,0.100,0.373,10549,0.1038
232,232000,0.100,-0.263,10560,0.0998
233,233000,0.100,0.309,10556,0.1013
234,234000,0.100,0.574,10527,0.1119
235,235000,0.100,-0.263,10560,0.0998
236,236000,0.100,0.419,10544,0.1057
237,237000,0.100,-0.263,10560,0.0998
238,238000,0.100,0.309,10556,0.1013
239,239000,0.100,-0.290,10563,0.0987
240,240000,0.100,-0.281,10562,0.0991
241,241000,0.100,-0.363,10571,0.0958
242,242000,0.100,0.328,10554,0.1020
243,243000,0.100,-0.263,10560,0.0998
244,244000,0.100,0.337,10553,0.1024
245,245000,0.100,0.300,10557,0.1009
246,246000,0.100,-0.318,10566,0.0977
247,247000,0.100,0.391,10547,0.1046
248,248000,0.100,-0.263,10560,0.0998
249,249000,0.100,0.309,10556,0.1013
250,250000,0.100,0.391,10547,0.1046
251,251000,0.100,-0.290,10563,0.0987
252,252000,0.100,0.291,10558,0.1006
253,253000,0.100,-0.281,10562,0.0991
254,254000,0.100,-0.464,10582,0.0918
255,255000,0.100,-0.464,10582,0.0918
256,256000,0.100,0.319,10555,0.1017
257,257000,0.100,0.309,10556,0.1013
258,258000,0.100,0.291,10558,0.1006
259,259000,0.100,0.328,10554,0.1020
260,260000,0.100,-0.482,10584,0.0911
261,261000,0.100,0.355,10551,0.1031
262,262000,0.100,0.364,10550,0.1035
263,263000,0.100,0.309,10556,0.1013
264,264000,0.100,-0.336,10568,0.0969
265,265000,0.100,0.300,10557,0.1009
266,266000,0.100,0.309,10556,0.1013
267,267000,0.100,0.319,10555,0.1017
268,268000,0.100,0.346,10552,0.1028
269,269000,0.100,0.319,10555,0.1017
270,270000,0.100,0.319,10555,0.1017
271,271000,0.100,0.382,10548,0.1042
272,272000,0.100,-0.354,10570,0.0962
273,273000,0.100,-0.281,10562,0.0991
274,274000,0.100,-0.263,10560,0.0998
275,275000,0.100,0.291,10558,0.1006
276,276000,0.100,-0.263,10560,0.0998
277,277000,0.100,-0.318,10566,0.0977
278,278000,0.100,-0.263,10560,0.0998
279,279000,0.100,-0.263,10560,0.0998
280,280000,0.100,0.291,10558,0.1006
281,281000,0.100,0.419,10544,0.1057
282,282000,0.100,0.309,10556,0.1013
283,283000,0.100,-0.372,10572,0.0955
284,284000,0.100,-0.263,10560,0.0998
285,285000,0.100,-0.263,10560,0.0998
286,286000,0.100,-0.536,10590,0.0889
287,287000,0.100,-0.281,10562,0.0991
288,288000,0.100,0.337,10553,0.1024
289,289000,0.100,-0.363,10571,0.0958
290,290000,0.100,-0.318,10566,0.0977
291,291000,0.100,0.328,10554,0.1020
292,292000,0.100,-0.418,10577,0.0936
293,293000,0.100,-0.263,10560,0.0998
294,294000,0.100,-0.281,10562,0.0991
295,295000,0.100,0.291,10558,0.1006
296,296000,0.100,0.291,10558,0.1006
297,297000,0.100,-0.354,10570,0.0962
298,298000,0.100,-0.336,10568,0.0969
299,299000,0.100,-0.263,10560,0.0998
300,300000,0.100,0.291,10558,0.1006
301,301000,0.100,0.565,10528,0.1115
302,302000,0.100,-0.309,10565,0.0980
303,303000,0.100,0.328,10554,0.1020
304,304000,0.100,-0.300,10564,0.0984
305,305000,0.100,0.291,10558,0.1006
306,306000,0.100,-0.318,10566,0.0977
307,307000,0.100,-0.354,10570,0.0962
308,308000,0.100,-0.281,10562,0.0991
309,309000,0.100,-0.281,10562,0.0991
310,310000,0.100,0.401,10546,0.1049
311,311000,0.100,0.328,10554,0.1020
312,312000,0.100,0.328,10554,0.1020
313,313000,0.100,0.309,10556,0.1013
314,314000,0.100,0.319,10555,0.1017
315,315000,0.100,0.437,10542,0.1064
316,316000,0.100,-0.290,10563,0.0987
317,317000,0.100,0.419,10544,0.1057
318,318000,0.100,0.309,10556,0.1013
319,319000,0.100,0.391,10547,0.1046
320,320000,0.100,-0.263,10560,0.0998
321,321000,0.100,-0.263,10560,0.0998
322,322000,0.100,0.291,10558,0.1006
323,323000,0.100,-0.336,10568,0.0969
324,324000,0.100,-0.272,10561,0.0995
325,325000,0.100,0.291,10558,0.1006
326,326000,0.100,0.309,10556,0.1013
327,327000,0.100,-0.336,10568,0.0969
328,328000,0.100,0.300,10557,0.1009
329,329000,0.100,0.346,10552,0.1028
330,330000,0.100,-0.509,10587,0.0900
331,331000,0.100,-0.354,10570,0.0962
332,332000,0.100,0.419,10544,0.1057
333,333000,0.100,0.328,10554,0.1020
334,334000,0.100,0.328,10554,0.1020
335,335000,0.100,0.328,10554,0.1020
336,336000,0.100,-0.263,10560,0.0998
337,337000,0.100,-0.281,10562,0.0991
338,338000,0.100,0.346,10552,0.1028
339,339000,0.100,0.309,10556,0.1013
340,340000,0.100,0.328,10554,0.1020
341,341000,0.100,0.328,10554,0.1020
342,342000,0.100,-0.281,10562,0.0991
343,343000,0.100,0.346,10552,0.1028
344,344000,0.100,0.364,10550,0.1035
345,345000,0.100,-0.290,10563,0.0987
346,346000,0.100,-0.281,10562,0.0991
347,347000,0.100,0.309,10556,0.1013
348,348000,0.100,-0.336,10568,0.0969
349,349000,0.100,0.282,10559,0.1002
350,350000,0.100,0.300,10557,0.1009
351,351000,0.100,-0.536,10590,0.0889
352,352000,0.100,0.364,10550,0.1035
353,353000,0.100,0.364,10550,0.1035
354,354000,0.100,-0.263,10560,0.0998
355,355000,0.100,-0.290,10563,0.0987
356,356000,0.100,-0.646,10602,0.0845
357,357000,0.100,-0.473,10583,0.0915
358,358000,0.100,0.291,10558,0.1006
359,359000,0.100,0.291,10558,0.1006
360,360000,0.100,0.419,10544,0.1057
361,361000,0.100,0.364,10550,0.1035
362,362000,0.100,-0.327,10567,0.0973
363,363000,0.100,-0.281,10562,0.0991
364,364000,0.100,-0.263,10560,0.0998
365,365000,0.100,-0.263,10560,0.0998
366,366000,0.100,0.419,10544,0.1057
367,367000,0.100,0.382,10548,0.1042
368,368000,0.100,-0.263,10560,0.0998
369,369000,0.100,0.291,10558,0.1006
370,370000,0.100,0.309,10556,0.1013
371,371000,0.100,0.291,10558,0.1006
372,372000,0.100,-0.281,10562,0.0991
373,373000,0.100,0.364,10550,0.1035
374,374000,0.100,0.291,10558,0.1006
375,375000,0.100,0.346,10552,0.1028
376,376000,0.100,-0.263,10560,0.0998
377,377000,0.100,-0.263,10560,0.0998
378,378000,0.100,-0.281,10562,0.0991
379,379000,0.100,0.328,10554,0.1020
380,380000,0.100,0.291,10558,0.1006
381,381000,0.100,-0.281,10562,0.0991
382,382000,0.100,0.382,10548,0.1042
383,383000,0.100,-0.336,10568,0.0969
384,384000,0.100,0.300,10557,0.1009
385,385000,0.100,0.346,10552,0.1028
386,386000,0.100,-0.300,10564,0.0984
387,387000,0.100,0.346,10552,0.1028
388,388000,0.100,-0.318,10566,0.0977
389,389000,0.100,-0.281,10562,0.0991
390,390000,0.100,0.291,10558,0.1006
391,391000,0.100,-0.263,10560,0.0998
392,392000,0.100,-0.300,10564,0.0984
393,393000,0.100,-0.336,10568,0.0969
394,394000,0.100,0.328,10554,0.1020
395,395000,0.100,0.328,10554,0.1020
396,396000,0.100,0.337,10553,0.1024
397,397000,0.100,0.319,10555,0.1017
398,398000,0.100,-0.263,10560,0.0998
399,399000,0.100,0.309,10556,0.1013
400,400000,0.100,0.319,10555,0.1017
401,401000,0.100,-0.409,10576,0.0940
402,402000,0.100,0.346,10552,0.1028
403,403000,0.100,0.346,10552,0.1028
404,404000,0.100,0.546,10530,0.1108
405,405000,0.100,0.419,10544,0.1057
406,406000,0.100,0.346,10552,0.1028
407,407000,0.100,-0.609,10598,0.0860
408,408000,0.100,0.291,10558,0.1006
409,409000,0.100,-0.354,10570,0.0962
410,410000,0.100,-0.300,10564,0.0984
411,411000,0.100,-0.263,10560,0.0998
412,412000,0.100,-0.391,10574,0.0947
413,413000,0.100,-0.281,10562,0.0991
414,414000,0.100,-0.290,10563,0.0987
415,415000,0.100,0.291,10558,0.1006
416,416000,0.100,0.309,10556,0.1013
417,417000,0.100,0.774,10505,0.1199
418,418000,0.100,0.300,10557,0.1009
419,419000,0.100,0.328,10554,0.1020
420,420000,0.100,0.328,10554,0.1020
421,421000,0.100,0.364,10550,0.1035
422,422000,0.100,-0.573,10594,0.0874
423,423000,0.100,-0.582,10595,0.0871
424,424000,0.100,-0.281,10562,0.0991
425,425000,0.100,-0.281,10562,0.0991
426,426000,0.100,0.364,10550,0.1035
427,427000,0.100,0.473,10538,0.1079
428,428000,0.100,0.291,10558,0.1006
429,429000,0.100,0.291,10558,0.1006
430,430000,0.100,0.319,10555,0.1017
431,431000,0.100,0.309,10556,0.1013
432,432000,0.100,0.291,10558,0.1006
433,433000,0.100,0.419,10544,0.1057
434,434000,0.100,-0.300,10564,0.0984
435,435000,0.100,-0.263,10560,0.0998
436,436000,0.100,-0.354,10570,0.0962
437,437000,0.100,-0.281,10562,0.0991
438,438000,0.100,-0.263,10560,0.0998
439,439000,0.100,0.309,10556,0.1013
440,440000,0.100,-0.536,10590,0.0889
441,441000,0.100,-0.436,10579,0.0929
442,442000,0.100,0.282,10559,0.1002
443,443000,0.100,0.291,10558,0.1006
444,444000,0.100,0.419,10544,0.1057
445,445000,0.100,-0.491,10585,0.0907
446,446000,0.100,0.328,10554,0.1020
447,447000,0.100,-0.290,10563,0.0987
448,448000,0.100,0.291,10558,0.1006
449,449000,0.100,0.300,10557,0.1009
450,450000,0.100,-0.300,10564,0.0984
451,451000,0.100,0.419,10544,0.1057
452,452000,0.100,0.528,10532,0.1100
453,453000,0.100,0.291,10558,0.1006
454,454000,0.100,0.373,10549,0.1038
455,455000,0.100,0.346,10552,0.1028
456,456000,0.100,0.328,10554,0.1020
457,457000,0.100,-0.263,10560,0.0998
458,458000,0.100,-0.263,10560,0.0998
459,459000,0.100,0.328,10554,0.1020
460,460000,0.100,-0.354,10570,0.0962
461,461000,0.100,-0.336,10568,0.0969
462,462000,0.100,0.328,10554,0.1020
463,463000,0.100,-0.336,10568,0.0969
464,464000,0.100,-0.318,10566,0.0977
465,465000,0.100,-0.281,10562,0.0991
466,466000,0.100,-0.372,10572,0.0955
467,467000,0.100,-0.564,10593,0.0878
468,468000,0.100,-0.300,10564,0.0984
469,469000,0.100,-0.281,10562,0.0991
470,470000,0.100,0.382,10548,0.1042
471,471000,0.100,-0.281,10562,0.0991
472,472000,0.100,-0.290,10563,0.0987
473,473000,0.100,0.291,10558,0.1006
474,474000,0.100,-0.336,10568,0.0969
475,475000,0.100,-0.382,10573,0.0951
476,476000,0.100,0.291,10558,0.1006
477,477000,0.100,-0.263,10560,0.0998
478,478000,0.100,-0.318,10566,0.0977
479,479000,0.100,-0.300,10564,0.0984
480,480000,0.100,-0.281,10562,0.0991
481,481000,0.100,-0.281,10562,0.0991
482,482000,0.100,0.291,10558,0.1006
483,483000,0.100,-0.363,10571,0.0958
484,484000,0.100,-0.318,10566,0.0977
485,485000,0.100,0.501,10535,0.1090
486,486006,0.100,-0.445,10580,0.0925
487,487000,0.100,-0.309,10565,0.0980
488,488000,0.100,-0.290,10563,0.0987
489,489000,0.100,-0.300,10564,0.0984
490,490000,0.100,0.455,10540,0.1071
491,491000,0.100,0.401,10546,0.1049
492,492000,0.100,-0.300,10564,0.0984
493,493000,0.100,-0.300,10564,0.0984
494,494000,0.100,-0.263,10560,0.0998
495,495000,0.100,-0.318,10566,0.0977
496,496000,0.100,-0.281,10562,0.0991
497,497000,0.100,-0.281,10562,0.0991
498,498000,0.100,-0.290,10563,0.0987
499,499000,0.100,0.328,10554,0.1020
500,500000,0.100,0.346,10552,0.1028
501,501000,0.100,-0.309,10565,0.0980
502,502000,0.100,-0.290,10563,0.0987
503,503000,0.100,0.382,10548,0.1042
504,504000,0.100,0.291,10558,0.1006
505,505000,0.100,-0.281,10562,0.0991
506,506000,0.100,-0.290,10563,0.0987
507,507000,0.100,-0.281,10562,0.0991
508,508000,0.100,-0.464,10582,0.0918
509,509000,0.100,-0.309,10565,0.0980
510,510000,0.100,-0.263,10560,0.0998
511,511000,0.100,-0.309,10565,0.0980
512,512000,0.100,0.291,10558,0.1006
513,513000,0.100,0.319,10555,0.1017
514,514000,0.100,-0.281,10562,0.0991
515,515000,0.100,-0.300,10564,0.0984
516,516000,0.100,-0.281,10562,0.0991
517,517000,0.100,0.291,10558,0.1006
518,518000,0.100,0.309,10556,0.1013
519,519000,0.100,-0.272,10561,0.0995
520,520000,0.100,-0.263,10560,0.0998
521,521000,0.100,-0.318,10566,0.0977
522,522000,0.100,-0.263,10560,0.0998
523,523000,0.100,-0.281,10562,0.0991
524,524000,0.100,-0.309,10565,0.0980
525,525000,0.100,-0.281,10562,0.0991
526,526000,0.100,-0.300,10564,0.0984
527,527000,0.100,0.300,10557,0.1009
528,528000,0.100,0.346,10552,0.1028
529,529000,0.100,-0.281,10562,0.0991
530,530000,0.100,0.291,10558,0.1006
531,531000,0.100,-0.309,10565,0.0980
532,532000,0.100,-0.336,10568,0.0969
533,533000,0.100,-0.290,10563,0.0987
534,534000,0.100,-0.263,10560,0.0998
535,535000,0.100,-0.427,10578,0.0933
536,536000,0.100,-0.336,10568,0.0969
537,537000,0.100,-0.281,10562,0.0991
538,538000,0.100,0.291,10558,0.1006
539,539000,0.100,-0.318,10566,0.0977
540,540000,0.100,-0.263,10560,0.0998
541,541000,0.100,-0.281,10562,0.0991
542,542000,0.100,0.319,10555,0.1017
543,543000,0.100,-0.290,10563,0.0987
544,544000,0.100,-0.263,10560,0.0998
545,545000,0.100,-0.300,10564,0.0984
546,546000,0.100,-0.272,10561,0.0995
547,547000,0.100,-0.263,10560,0.0998
548,548000,0.100,0.355,10551,0.1031
549,549000,0.100,0.346,10552,0.1028
550,550000,0.100,-0.272,10561,0.0995
551,551000,0.100,0.291,10558,0.1006
552,552000,0.100,0.291,10558,0.1006
553,553000,0.100,0.401,10546,0.1049
554,554000,0.100,-0.263,10560,0.0998
555,555000,0.100,0.319,10555,0.1017
556,556000,0.100,0.291,10558,0.1006
557,557000,0.100,0.346,10552,0.1028
558,558000,0.100,0.328,10554,0.1020
559,559000,0.100,-0.290,10563,0.0987
560,560000,0.100,-0.263,10560,0.0998
561,561000,0.100,-0.263,10560,0.0998
562,562000,0.100,0.291,10558,0.1006
563,563000,0.100,0.328,10554,0.1020
564,564000,0.100,0.601,10524,0.1130
565,565000,0.100,0.291,10558,0.1006
566,566000,0.100,0.291,10558,0.1006
567,567000,0.100,-0.300,10564,0.0984
568,568000,0.100,-0.300,10564,0.0984
569,569000,0.100,-0.327,10567,0.0973
570,570000,0.100,-0.300,10564,0.0984
571,571000,0.100,0.328,10554,0.1020
572,572000,0.100,0.319,10555,0.1017
573,573000,0.100,-0.290,10563,0.0987
574,574000,0.100,0.337,10553,0.1024
575,575000,0.100,0.328,10554,0.1020
576,576000,0.100,0.319,10555,0.1017
577,577000,0.100,-0.372,10572,0.0955
578,578000,0.100,0.328,10554,0.1020
579,579000,0.100,-0.363,10571,0.0958
580,580000,0.100,0.382,10548,0.1042
581,581000,0.100,-0.263,10560,0.0998
582,582000,0.100,-0.318,10566,0.0977
583,583000,0.100,0.319,10555,0.1017
584,584000,0.100,-0.281,10562,0.0991
585,585000,0.100,0.328,10554,0.1020
586,586000,0.100,0.328,10554,0.1020
587,587000,0.100,0.401,10546,0.1049
588,588000,0.100,-0.281,10562,0.0991
589,589000,0.100,0.382,10548,0.1042
590,590000,0.100,-0.336,10568,0.0969
591,591000,0.100,0.309,10556,0.1013
592,592000,0.100,0.391,10547,0.1046
593,593000,0.100,0.528,10532,0.1100
594,594000,0.100,0.309,10556,0.1013
595,595000,0.100,0.328,10554,0.1020
596,596000,0.100,0.291,10558,0.1006
597,597000,0.100,0.319,10555,0.1017
598,598000,0.100,0.291,10558,0.1006
599,599000,0.100,0.382,10548,0.1042
# end capture 24
# batch capture 3/5
# capture 25 kp=-25.00 dir=- dt_us=1000 samples=600 sat=0
0,0,-0.100,5.264,10561,0.0995
1,1000,-0.100,5.328,10554,0.1020
2,2000,-0.100,5.291,10558,0.1006
3,3000,-0.100,5.255,10562,0.0991
4,4000,-0.100,5.382,10548,0.1042
5,5000,-0.100,5.173,10571,0.0958
6,6000,-0.100,5.173,10571,0.0958
7,7000,-0.100,5.164,10572,0.0955
8,8000,-0.100,4.872,10604,0.0838
9,9000,-0.100,4.981,10592,0.0882
10,10032,-0.100,4.981,10592,0.0882
11,11000,-0.100,4.890,10602,0.0845
12,12000,-0.100,4.799,10612,0.0809
13,13000,-0.100,4.617,10632,0.0736
14,14000,-0.100,4.580,10636,0.0721
15,15000,-0.100,4.453,10650,0.0670
16,16000,-0.100,4.271,10670,0.0597
17,17000,-0.100,4.252,10672,0.0590
18,18000,-0.100,4.106,10688,0.0532
19,19000,-0.100,4.015,10698,0.0495
20,20000,-0.100,3.860,10715,0.0433
21,21000,-0.100,4.070,10692,0.0517
22,22000,-0.100,3.669,10736,0.0357
23,23000,-0.100,3.523,10752,0.0299
24,24000,-0.100,3.432,10762,0.0262
25,25000,-0.100,3.924,10708,0.0459
26,26000,-0.100,3.159,10792,0.0153
27,27000,-0.100,3.204,10787,0.0171
28,28000,-0.100,2.940,10816,0.0065
29,29000,-0.100,2.904,10820,0.0051
30,30000,-0.100,2.703,10842,-0.0030
31,31000,-0.100,2.430,10872,-0.0139
32,32000,-0.100,2.393,10876,-0.0153
33,33000,-0.100,2.302,10886,-0.0190
34,34000,-0.100,2.156,10902,-0.0248
35,35000,-0.100,2.047,10914,-0.0292
36,36000,-0.100,1.892,10931,-0.0354
37,37000,-0.100,1.783,10943,-0.0398
38,38000,-0.100,1.673,10955,-0.0441
39,39000,-0.100,1.537,10970,-0.0496
40,40000,-0.100,1.446,10980,-0.0533
41,41000,-0.100,1.300,10996,-0.0591
42,42000,-0.100,1.117,11016,-0.0664
43,43000,-0.100,1.099,11018,-0.0671
44,44000,-0.100,1.090,11019,-0.0675
45,45000,-0.100,0.899,11040,-0.0751
46,46000,-0.100,0.844,11046,-0.0773
47,47000,-0.100,0.698,11062,-0.0832
48,48000,-0.100,0.616,11071,-0.0864
49,49000,-0.100,0.434,11091,-0.0937
50,50000,-0.100,-0.312,11114,-0.1021
51,51000,-0.100,0.352,11100,-0.0970
52,52000,-0.100,-0.293,11112,-0.1014
53,53000,-0.100,-0.439,11128,-0.1072
54,54000,-0.100,-0.467,11131,-0.1083
55,55000,-0.100,-0.421,11126,-0.1065
56,56000,-0.100,-0.439,11128,-0.1072
57,57000,-0.100,0.407,11094,-0.0948
58,58000,-0.100,-0.749,11162,-0.1196
59,59000,-0.100,-0.758,11163,-0.1200
60,60000,-0.100,-0.767,11164,-0.1203
61,61000,-0.100,-0.858,11174,-0.1240
62,62000,-0.100,-1.132,11204,-0.1349
63,63000,-0.100,-0.895,11178,-0.1254
64,64000,-0.100,-1.013,11191,-0.1302
65,65000,-0.100,-1.068,11197,-0.1324
66,66000,-0.100,-1.205,11212,-0.1378
67,67000,-0.100,-0.931,11182,-0.1269
68,68000,-0.100,-1.095,11200,-0.1335
69,69000,-0.100,-1.132,11204,-0.1349
70,70000,-0.100,-1.114,11202,-0.1342
71,71000,-0.100,-1.114,11202,-0.1342
72,72000,-0.100,-1.123,11203,-0.1345
73,73000,-0.100,-1.159,11207,-0.1360
74,74000,-0.100,-1.168,11208,-0.1364
75,75000,-0.100,-1.168,11208,-0.1364
76,76000,-0.100,-1.168,11208,-0.1364
77,77000,-0.100,-0.986,11188,-0.1291
78,78000,-0.100,-1.186,11210,-0.1371
79,79000,-0.100,-1.132,11204,-0.1349
80,80000,-0.100,-1.186,11210,-0.1371
81,81000,-0.100,-1.168,11208,-0.1364
82,82000,-0.100,-1.150,11206,-0.1356
83,83000,-0.100,-1.114,11202,-0.1342
84,84000,-0.100,-1.041,11194,-0.1313
85,85000,-0.100,-1.186,11210,-0.1371
86,86000,-0.100,-1.168,11208,-0.1364
87,87000,-0.100,-1.095,11200,-0.1335
88,88000,-0.100,-1.114,11202,-0.1342
89,89000,-0.100,-0.685,11155,-0.1171
90,90000,-0.100,-0.476,11132,-0.1087
91,91000,-0.100,-1.396,11233,-0.1455
92,92000,-0.100,-1.041,11194,-0.1313
93,93000,-0.100,-1.004,11190,-0.1298
94,94000,-0.100,-1.022,11192,-0.1305
95,95000,-0.100,-1.004,11190,-0.1298
96,96000,-0.100,-1.314,11224,-0.1422
97,97000,-0.100,-0.603,11146,-0.1138
98,98000,-0.100,-0.895,11178,-0.1254
99,99000,-0.100,-0.858,11174,-0.1240
100,100000,-0.100,-0.858,11174,-0.1240
101,101000,-0.100,-0.804,11168,-0.1218
102,102000,-0.100,-0.731,11160,-0.1189
103,103000,-0.100,-0.731,11160,-0.1189
104,104000,-0.100,-0.676,11154,-0.1167
105,105000,-0.100,-0.703,11157,-0.1178
106,106000,-0.100,-0.585,11144,-0.1130
107,107000,-0.100,-0.658,11152,-0.1160
108,108000,-0.100,-0.603,11146,-0.1138
109,109000,-0.100,-0.658,11152,-0.1160
110,110000,-0.100,-0.512,11136,-0.1101
111,111000,-0.100,-0.530,11138,-0.1109
112,112000,-0.100,-0.567,11142,-0.1123
113,113000,-0.100,-0.476,11132,-0.1087
114,114000,-0.100,-0.403,11124,-0.1058
115,115000,-0.100,-0.421,11126,-0.1065
116,116000,-0.100,-0.421,11126,-0.1065
117,117000,-0.100,-0.385,11122,-0.1050
118,118000,-0.100,-0.366,11120,-0.1043
119,119000,-0.100,-0.312,11114,-0.1021
120,120000,-0.100,-0.275,11110,-0.1006
121,121000,-0.100,-0.421,11126,-0.1065
122,122000,-0.100,0.443,11090,-0.0934
123,123000,-0.100,-0.293,11112,-0.1014
124,124000,-0.100,0.388,11096,-0.0955
125,125000,-0.100,0.297,11106,-0.0992
126,126000,-0.100,-0.385,11122,-0.1050
127,127000,-0.100,0.370,11098,-0.0963
128,128000,-0.100,0.425,11092,-0.0941
129,129000,-0.100,0.388,11096,-0.0955
130,130000,-0.100,-0.275,11110,-0.1006
131,131000,-0.100,0.726,11059,-0.0821
132,132000,-0.100,0.388,11096,-0.0955
133,133000,-0.100,0.443,11090,-0.0934
134,134000,-0.100,0.407,11094,-0.0948
135,135000,-0.100,0.407,11094,-0.0948
136,136000,-0.100,0.407,11094,-0.0948
137,137000,-0.100,0.707,11061,-0.0828
138,138000,-0.100,0.443,11090,-0.0934
139,139000,-0.100,0.388,11096,-0.0955
140,140000,-0.100,0.443,11090,-0.0934
141,141000,-0.100,0.443,11090,-0.0934
142,142000,-0.100,0.534,11080,-0.0897
143,143000,-0.100,0.443,11090,-0.0934
144,144000,-0.100,0.443,11090,-0.0934
145,145000,-0.100,0.443,11090,-0.0934
146,146000,-0.100,0.407,11094,-0.0948
147,147000,-0.100,0.434,11091,-0.0937
148,148000,-0.100,0.516,11082,-0.0904
149,149000,-0.100,0.443,11090,-0.0934
150,150000,-0.100,0.443,11090,-0.0934
151,151000,-0.100,0.589,11074,-0.0875
152,152000,-0.100,0.461,11088,-0.0926
153,153000,-0.100,0.316,11104,-0.0985
154,154000,-0.100,-0.348,11118,-0.1036
155,155000,-0.100,0.461,11088,-0.0926
156,156000,-0.100,0.443,11090,-0.0934
157,157000,-0.100,0.425,11092,-0.0941
158,158000,-0.100,0.434,11091,-0.0937
159,159000,-0.100,0.361,11099,-0.0966
160,160000,-0.100,0.625,11070,-0.0861
161,161000,-0.100,0.434,11091,-0.0937
162,162000,-0.100,0.407,11094,-0.0948
163,163000,-0.100,0.407,11094,-0.0948
164,164000,-0.100,0.370,11098,-0.0963
165,165000,-0.100,0.370,11098,-0.0963
166,166000,-0.100,0.425,11092,-0.0941
167,167000,-0.100,0.407,11094,-0.0948
168,168000,-0.100,0.361,11099,-0.0966
169,169000,-0.100,0.316,11104,-0.0985
170,170000,-0.100,-0.366,11120,-0.1043
171,171000,-0.100,0.352,11100,-0.0970
172,172000,-0.100,0.316,11104,-0.0985
173,173000,-0.100,0.334,11102,-0.0977
174,174000,-0.100,0.461,11088,-0.0926
175,175000,-0.100,0.297,11106,-0.0992
176,176000,-0.100,0.297,11106,-0.0992
177,177000,-0.100,-0.275,11110,-0.1006
178,178000,-0.100,0.571,11076,-0.0883
179,179000,-0.100,0.279,11108,-0.0999
180,180000,-0.100,-0.275,11110,-0.1006
181,181000,-0.100,-0.366,11120,-0.1043
182,182000,-0.100,0.297,11106,-0.0992
183,183000,-0.100,-0.293,11112,-0.1014
184,184000,-0.100,0.498,11084,-0.0912
185,185000,-0.100,-0.275,11110,-0.1006
186,186000,-0.100,-0.321,11115,-0.1025
187,187000,-0.100,-0.312,11114,-0.1021
188,188000,-0.100,-0.385,11122,-0.1050
189,189000,-0.100,-0.348,11118,-0.1036
190,190000,-0.100,-0.348,11118,-0.1036
191,191000,-0.100,-0.321,11115,-0.1025
192,192000,-0.100,-0.266,11109,-0.1003
193,193000,-0.100,-0.321,11115,-0.1025
194,194000,-0.100,-0.312,11114,-0.1021
195,195000,-0.100,0.297,11106,-0.0992
196,196000,-0.100,-0.348,11118,-0.1036
197,197000,-0.100,-0.275,11110,-0.1006
198,198000,-0.100,-0.293,11112,-0.1014
199,199000,-0.100,-0.293,11112,-0.1014
200,200000,-0.100,-0.293,11112,-0.1014
201,201000,-0.100,-0.275,11110,-0.1006
202,202000,-0.100,-0.293,11112,-0.1014
203,203000,-0.100,-0.312,11114,-0.1021
204,204000,-0.100,0.297,11106,-0.0992
205,205000,-0.100,-0.312,11114,-0.1021
206,206000,-0.100,-0.284,11111,-0.1010
207,207000,-0.100,-0.321,11115,-0.1025
208,208000,-0.100,-0.457,11130,-0.1079
209,209000,-0.100,-0.348,11118,-0.1036
210,210000,-0.100,-0.439,11128,-0.1072
211,211000,-0.100,-0.312,11114,-0.1021
212,212000,-0.100,-0.293,11112,-0.1014
213,213000,-0.100,-0.366,11120,-0.1043
214,214000,-0.100,-0.293,11112,-0.1014
215,215000,-0.100,-0.330,11116,-0.1028
216,216000,-0.100,-0.275,11110,-0.1006
217,217000,-0.100,-0.312,11114,-0.1021
218,218000,-0.100,-0.366,11120,-0.1043
219,219000,-0.100,-0.312,11114,-0.1021
220,220000,-0.100,-0.330,11116,-0.1028
221,221000,-0.100,-0.312,11114,-0.1021
222,222000,-0.100,-0.312,11114,-0.1021
223,223000,-0.100,-0.312,11114,-0.1021
224,224000,-0.100,-0.385,11122,-0.1050
225,225000,-0.100,-0.321,11115,-0.1025
226,226000,-0.100,-0.275,11110,-0.1006
227,227000,-0.100,-0.293,11112,-0.1014
228,228000,-0.100,-0.348,11118,-0.1036
229,229000,-0.100,-0.293,11112,-0.1014
230,230000,-0.100,0.297,11106,-0.0992
231,231000,-0.100,-0.403,11124,-0.1058
232,232000,-0.100,-0.266,11109,-0.1003
233,233000,-0.100,-0.312,11114,-0.1021
234,234000,-0.100,0.325,11103,-0.0981
235,235000,-0.100,0.297,11106,-0.0992
236,236000,-0.100,0.343,11101,-0.0974
237,237000,-0.100,-0.293,11112,-0.1014
238,238000,-0.100,-0.275,11110,-0.1006
239,239000,-0.100,0.297,11106,-0.0992
240,240000,-0.100,0.297,11106,-0.0992
241,241000,-0.100,0.297,11106,-0.0992
242,242000,-0.100,0.316,11104,-0.0985
243,243000,-0.100,0.316,11104,-0.0985
244,244000,-0.100,0.361,11099,-0.0966
245,245000,-0.100,0.334,11102,-0.0977
246,246000,-0.100,0.443,11090,-0.0934
247,247000,-0.100,0.534,11080,-0.0897
248,248000,-0.100,0.334,11102,-0.0977
249,249000,-0.100,0.534,11080,-0.0897
250,250000,-0.100,-0.312,11114,-0.1021
251,251000,-0.100,0.297,11106,-0.0992
252,252000,-0.100,0.580,11075,-0.0879
253,253000,-0.100,0.297,11106,-0.0992
254,254000,-0.100,-0.293,11112,-0.1014
255,255000,-0.100,0.316,11104,-0.0985
256,256000,-0.100,-0.321,11115,-0.1025
257,257000,-0.100,0.407,11094,-0.0948
258,258000,-0.100,0.316,11104,-0.0985
259,259000,-0.100,0.316,11104,-0.0985
260,260000,-0.100,0.297,11106,-0.0992
261,261000,-0.100,0.334,11102,-0.0977
262,262000,-0.100,0.279,11108,-0.0999
263,263000,-0.100,-0.612,11147,-0.1141
264,264000,-0.100,0.352,11100,-0.0970
265,265000,-0.100,0.316,11104,-0.0985
266,266000,-0.100,-0.275,11110,-0.1006
267,267000,-0.100,0.316,11104,-0.0985
268,268000,-0.100,-0.275,11110,-0.1006
269,269000,-0.100,0.306,11105,-0.0988
270,270000,-0.100,0.370,11098,-0.0963
271,271000,-0.100,0.334,11102,-0.0977
272,272000,-0.100,0.297,11106,-0.0992
273,273000,-0.100,-0.275,11110,-0.1006
274,274000,-0.100,0.297,11106,-0.0992
275,275000,-0.100,0.325,11103,-0.0981
276,276000,-0.100,0.297,11106,-0.0992
277,277000,-0.100,0.316,11104,-0.0985
278,278000,-0.100,0.316,11104,-0.0985
279,279000,-0.100,0.316,11104,-0.0985
280,280000,-0.100,0.279,11108,-0.0999
281,281000,-0.100,-0.312,11114,-0.1021
282,282000,-0.100,0.361,11099,-0.0966
283,283000,-0.100,0.288,11107,-0.0996
284,284000,-0.100,0.279,11108,-0.0999
285,285000,-0.100,0.361,11099,-0.0966
286,286000,-0.100,0.279,11108,-0.0999
287,287000,-0.100,-0.512,11136,-0.1101
288,288000,-0.100,-0.293,11112,-0.1014
289,289000,-0.100,0.334,11102,-0.0977
290,290000,-0.100,-0.348,11118,-0.1036
291,291000,-0.100,-0.275,11110,-0.1006
292,292000,-0.100,-0.521,11137,-0.1105
293,293000,-0.100,0.316,11104,-0.0985
294,294000,-0.100,-0.293,11112,-0.1014
295,295000,-0.100,0.297,11106,-0.0992
296,296000,-0.100,-0.421,11126,-0.1065
297,297000,-0.100,-0.385,11122,-0.1050
298,298000,-0.100,0.316,11104,-0.0985
299,299000,-0.100,0.352,11100,-0.0970
300,300000,-0.100,0.297,11106,-0.0992
301,301000,-0.100,0.297,11106,-0.0992
302,302000,-0.100,0.297,11106,-0.0992
303,303000,-0.100,-0.275,11110,-0.1006
304,304000,-0.100,0.334,11102,-0.0977
305,305000,-0.100,-0.293,11112,-0.1014
306,306000,-0.100,0.316,11104,-0.0985
307,307000,-0.100,-0.293,11112,-0.1014
308,308000,-0.100,-0.275,11110,-0.1006
309,309000,-0.100,0.334,11102,-0.0977
310,310000,-0.100,-0.312,11114,-0.1021
311,311000,-0.100,-0.312,11114,-0.1021
312,312000,-0.100,0.288,11107,-0.0996
313,313000,-0.100,0.297,11106,-0.0992
314,314000,-0.100,0.279,11108,-0.0999
315,315000,-0.100,0.334,11102,-0.0977
316,316000,-0.100,0.297,11106,-0.0992
317,317000,-0.100,-0.312,11114,-0.1021
318,318000,-0.100,0.461,11088,-0.0926
319,319000,-0.100,-0.275,11110,-0.1006
320,320000,-0.100,-0.275,11110,-0.1006
321,321000,-0.100,0.316,11104,-0.0985
322,322000,-0.100,0.297,11106,-0.0992
323,323000,-0.100,-0.366,11120,-0.1043
324,324000,-0.100,-0.439,11128,-0.1072
325,325000,-0.100,0.279,11108,-0.0999
326,326000,-0.100,0.388,11096,-0.0955
327,327000,-0.100,-0.348,11118,-0.1036
328,328000,-0.100,0.316,11104,-0.0985
329,329000,-0.100,-0.284,11111,-0.1010
330,330000,-0.100,0.316,11104,-0.0985
331,331000,-0.100,0.297,11106,-0.0992
332,332000,-0.100,0.316,11104,-0.0985
333,333000,-0.100,0.316,11104,-0.0985
334,334000,-0.100,0.316,11104,-0.0985
335,335000,-0.100,0.316,11104,-0.0985
336,336000,-0.100,0.370,11098,-0.0963
337,337000,-0.100,0.297,11106,-0.0992
338,338000,-0.100,-0.321,11115,-0.1025
339,339000,-0.100,-0.293,11112,-0.1014
340,340000,-0.100,-0.321,11115,-0.1025
341,341000,-0.100,-0.275,11110,-0.1006
342,342000,-0.100,0.388,11096,-0.0955
343,343000,-0.100,-0.293,11112,-0.1014
344,344000,-0.100,0.279,11108,-0.0999
345,345000,-0.100,-0.312,11114,-0.1021
346,346000,-0.100,0.862,11044,-0.0766
347,347000,-0.100,-0.266,11109,-0.1003
348,348000,-0.100,-0.366,11120,-0.1043
349,349000,-0.100,-0.293,11112,-0.1014
350,350000,-0.100,0.279,11108,-0.0999
351,351000,-0.100,-0.312,11114,-0.1021
352,352000,-0.100,-0.275,11110,-0.1006
353,353000,-0.100,0.288,11107,-0.0996
354,354000,-0.100,-0.293,11112,-0.1014
355,355000,-0.100,-0.366,11120,-0.1043
356,356000,-0.100,-0.312,11114,-0.1021
357,357000,-0.100,-0.275,11110,-0.1006
358,358000,-0.100,-0.293,11112,-0.1014
359,359000,-0.100,0.279,11108,-0.0999
360,360000,-0.100,0.297,11106,-0.0992
361,361000,-0.100,-0.293,11112,-0.1014
362,362000,-0.100,-0.293,11112,-0.1014
363,363000,-0.100,0.388,11096,-0.0955
364,364000,-0.100,-0.275,11110,-0.1006
365,365000,-0.100,0.297,11106,-0.0992
366,366000,-0.100,0.388,11096,-0.0955
367,367000,-0.100,-0.293,11112,-0.1014
368,368000,-0.100,0.288,11107,-0.0996
369,369000,-0.100,-0.348,11118,-0.1036
370,370000,-0.100,-0.330,11116,-0.1028
371,371000,-0.100,-0.275,11110,-0.1006
372,372000,-0.100,-0.394,11123,-0.1054
373,373000,-0.100,0.279,11108,-0.0999
374,374000,-0.100,-0.275,11110,-0.1006
375,375000,-0.100,-0.293,11112,-0.1014
376,376000,-0.100,0.316,11104,-0.0985
377,377000,-0.100,-0.293,11112,-0.1014
378,378000,-0.100,-0.312,11114,-0.1021
379,379000,-0.100,-0.293,11112,-0.1014
380,380000,-0.100,-0.293,11112,-0.1014
381,381000,-0.100,-0.275,11110,-0.1006
382,382000,-0.100,0.552,11078,-0.0890
383,383000,-0.100,0.334,11102,-0.0977
384,384000,-0.100,-0.275,11110,-0.1006
385,385000,-0.100,0.297,11106,-0.0992
386,386000,-0.100,-0.293,11112,-0.1014
387,387000,-0.100,-0.321,11115,-0.1025
388,388000,-0.100,-0.293,11112,-0.1014
389,389000,-0.100,-0.494,11134,-0.1094
390,390000,-0.100,0.279,11108,-0.0999
391,391000,-0.100,-0.330,11116,-0.1028
392,392000,-0.100,-0.567,11142,-0.1123
393,393000,-0.100,0.288,11107,-0.0996
394,394000,-0.100,-0.312,11114,-0.1021
395,395000,-0.100,0.325,11103,-0.0981
396,396000,-0.100,0.288,11107,-0.0996
397,397000,-0.100,-0.275,11110,-0.1006
398,398000,-0.100,0.316,11104,-0.0985
399,399000,-0.100,0.297,11106,-0.0992
400,400000,-0.100,0.279,11108,-0.0999
401,401000,-0.100,0.288,11107,-0.0996
402,402000,-0.100,0.352,11100,-0.0970
403,403000,-0.100,0.316,11104,-0.0985
404,404000,-0.100,-0.348,11118,-0.1036
405,405000,-0.100,0.279,11108,-0.0999
406,406000,-0.100,0.279,11108,-0.0999
407,407000,-0.100,0.361,11099,-0.0966
408,408000,-0.100,0.297,11106,-0.0992
409,409000,-0.100,0.407,11094,-0.0948
410,410000,-0.100,-0.840,11172,-0.1232
411,411000,-0.100,-0.275,11110,-0.1006
412,412000,-0.100,-0.312,11114,-0.1021
413,413000,-0.100,-0.275,11110,-0.1006
414,414000,-0.100,-0.293,11112,-0.1014
415,415000,-0.100,-0.266,11109,-0.1003
416,416000,-0.100,-0.293,11112,-0.1014
417,417000,-0.100,-0.366,11120,-0.1043
418,418000,-0.100,0.434,11091,-0.0937
419,419000,-0.100,0.316,11104,-0.0985
420,420000,-0.100,-0.275,11110,-0.1006
421,421000,-0.100,-0.330,11116,-0.1028
422,422000,-0.100,-0.312,11114,-0.1021
423,423000,-0.100,-0.330,11116,-0.1028
424,424000,-0.100,0.279,11108,-0.0999
425,425000,-0.100,-0.312,11114,-0.1021
426,426000,-0.100,-0.348,11118,-0.1036
427,427000,-0.100,0.297,11106,-0.0992
428,428000,-0.100,0.297,11106,-0.0992
429,429000,-0.100,0.288,11107,-0.0996
430,430000,-0.100,0.297,11106,-0.0992
431,431000,-0.100,-0.275,11110,-0.1006
432,432000,-0.100,-0.293,11112,-0.1014
433,433000,-0.100,-0.385,11122,-0.1050
434,434000,-0.100,0.297,11106,-0.0992
435,435000,-0.100,-0.330,11116,-0.1028
436,436000,-0.100,0.316,11104,-0.0985
437,437000,-0.100,0.297,11106,-0.0992
438,438000,-0.100,-0.293,11112,-0.1014
439,439000,-0.100,-0.293,11112,-0.1014
440,440000,-0.100,0.279,11108,-0.0999
441,441000,-0.100,-0.275,11110,-0.1006
442,442000,-0.100,-0.366,11120,-0.1043
443,443000,-0.100,-0.284,11111,-0.1010
444,444000,-0.100,0.279,11108,-0.0999
445,445000,-0.100,0.279,11108,-0.0999
446,446000,-0.100,-0.585,11144,-0.1130
447,447000,-0.100,-0.275,11110,-0.1006
448,448000,-0.100,0.316,11104,-0.0985
449,449000,-0.100,0.279,11108,-0.0999
450,450000,-0.100,0.334,11102,-0.0977
451,451000,-0.100,0.388,11096,-0.0955
452,452000,-0.100,-0.293,11112,-0.1014
453,453000,-0.100,-0.312,11114,-0.1021
454,454000,-0.100,-0.549,11140,-0.1116
455,455000,-0.100,0.571,11076,-0.0883
456,456000,-0.100,-0.293,11112,-0.1014
457,457000,-0.100,-0.293,11112,-0.1014
458,458000,-0.100,-0.275,11110,-0.1006
459,459000,-0.100,0.297,11106,-0.0992
460,460000,-0.100,0.334,11102,-0.0977
461,461000,-0.100,0.297,11106,-0.0992
462,462000,-0.100,0.297,11106,-0.0992
463,463000,-0.100,-0.293,11112,-0.1014
464,464000,-0.100,0.316,11104,-0.0985
465,465000,-0.100,-0.293,11112,-0.1014
466,466000,-0.100,-0.275,11110,-0.1006
467,467000,-0.100,0.279,11108,-0.0999
468,468000,-0.100,-0.312,11114,-0.1021
469,469000,-0.100,-0.293,11112,-0.1014
470,470000,-0.100,0.279,11108,-0.0999
471,471000,-0.100,-0.312,11114,-0.1021
472,472000,-0.100,-0.293,11112,-0.1014
473,473000,-0.100,-0.321,11115,-0.1025
474,474000,-0.100,-0.293,11112,-0.1014
475,475000,-0.100,-0.275,11110,-0.1006
476,476000,-0.100,-0.312,11114,-0.1021
477,477000,-0.100,0.297,11106,-0.0992
478,478000,-0.100,-0.275,11110,-0.1006
479,479000,-0.100,-0.312,11114,-0.1021
480,480000,-0.100,-0.293,11112,-0.1014
481,481000,-0.100,0.361,11099,-0.0966
482,482000,-0.100,0.498,11084,-0.0912
483,483000,-0.100,0.279,11108,-0.0999
484,484000,-0.100,-0.275,11110,-0.1006
485,485000,-0.100,-0.312,11114,-0.1021
486,486000,-0.100,0.279,11108,-0.0999
487,487000,-0.100,-0.293,11112,-0.1014
488,488000,-0.100,0.316,11104,-0.0985
489,489000,-0.100,0.534,11080,-0.0897
490,490000,-0.100,-0.312,11114,-0.1021
491,491000,-0.100,0.361,11099,-0.0966
492,492000,-0.100,-0.293,11112,-0.1014
493,493000,-0.100,-0.293,11112,-0.1014
494,494000,-0.100,0.279,11108,-0.0999
495,495000,-0.100,0.334,11102,-0.0977
496,496000,-0.100,0.288,11107,-0.0996
497,497000,-0.100,0.334,11102,-0.0977
498,498000,-0.100,-0.385,11122,-0.1050
499,499000,-0.100,0.443,11090,-0.0934
500,500000,-0.100,0.297,11106,-0.0992
501,501000,-0.100,-0.293,11112,-0.1014
502,502000,-0.100,0.388,11096,-0.0955
503,503000,-0.100,-0.275,11110,-0.1006
504,504000,-0.100,-0.312,11114,-0.1021
505,505000,-0.100,0.279,11108,-0.0999
506,506000,-0.100,-0.385,11122,-0.1050
507,507000,-0.100,-0.284,11111,-0.1010
508,508000,-0.100,-0.348,11118,-0.1036
509,509000,-0.100,0.288,11107,-0.0996
510,510000,-0.100,0.297,11106,-0.0992
511,511000,-0.100,0.352,11100,-0.0970
512,512000,-0.100,-0.293,11112,-0.1014
513,513000,-0.100,-0.275,11110,-0.1006
514,514000,-0.100,-0.275,11110,-0.1006
515,515009,-0.100,-0.275,11110,-0.1006
516,516000,-0.100,-0.266,11109,-0.1003
517,517000,-0.100,0.297,11106,-0.0992
518,518000,-0.100,0.370,11098,-0.0963
519,519000,-0.100,-0.275,11110,-0.1006
520,520000,-0.100,-0.312,11114,-0.1021
521,521000,-0.100,-0.275,11110,-0.1006
522,522000,-0.100,-0.275,11110,-0.1006
523,523000,-0.100,-0.293,11112,-0.1014
524,524000,-0.100,0.306,11105,-0.0988
525,525000,-0.100,0.279,11108,-0.0999
526,526000,-0.100,0.443,11090,-0.0934
527,527000,-0.100,-0.330,11116,-0.1028
528,528000,-0.100,-0.293,11112,-0.1014
529,529000,-0.100,-0.330,11116,-0.1028
530,530000,-0.100,0.297,11106,-0.0992
531,531000,-0.100,0.316,11104,-0.0985
532,532000,-0.100,-0.312,11114,-0.1021
533,533000,-0.100,0.352,11100,-0.0970
534,534000,-0.100,0.297,11106,-0.0992
535,535000,-0.100,-0.275,11110,-0.1006
536,536000,-0.100,0.279,11108,-0.0999
537,537000,-0.100,-0.293,11112,-0.1014
538,538000,-0.100,-0.348,11118,-0.1036
539,539000,-0.100,-0.312,11114,-0.1021
540,540000,-0.100,-0.321,11115,-0.1025
541,541000,-0.100,-0.293,11112,-0.1014
542,542000,-0.100,-0.293,11112,-0.1014
543,543000,-0.100,0.316,11104,-0.0985
544,544000,-0.100,0.316,11104,-0.0985
545,545000,-0.100,0.316,11104,-0.0985
546,546000,-0.100,-0.275,11110,-0.1006
547,547000,-0.100,-0.348,11118,-0.1036
548,548000,-0.100,-0.312,11114,-0.1021
549,549000,-0.100,0.352,11100,-0.0970
550,550000,-0.100,0.297,11106,-0.0992
551,551000,-0.100,-0.312,11114,-0.1021
552,552000,-0.100,0.425,11092,-0.0941
553,553000,-0.100,-0.275,11110,-0.1006
554,554000,-0.100,-0.366,11120,-0.1043
555,555000,-0.100,-0.275,11110,-0.1006
556,556000,-0.100,0.279,11108,-0.0999
557,557000,-0.100,0.288,11107,-0.0996
558,558000,-0.100,0.279,11108,-0.0999
559,559000,-0.100,0.316,11104,-0.0985
560,560000,-0.100,0.288,11107,-0.0996
561,561000,-0.100,0.279,11108,-0.0999
562,562000,-0.100,-0.293,11112,-0.1014
563,563000,-0.100,-0.293,11112,-0.1014
564,564000,-0.100,0.279,11108,-0.0999
565,565000,-0.100,-0.275,11110,-0.1006
566,566000,-0.100,-0.539,11139,-0.1112
567,567000,-0.100,-0.312,11114,-0.1021
568,568000,-0.100,0.407,11094,-0.0948
569,569000,-0.100,0.625,11070,-0.0861
570,570000,-0.100,-0.457,11130,-0.1079
571,571000,-0.100,-0.330,11116,-0.1028
572,572000,-0.100,-0.303,11113,-0.1017
573,573000,-0.100,-0.412,11125,-0.1061
574,574000,-0.100,-0.348,11118,-0.1036
575,575000,-0.100,-0.275,11110,-0.1006
576,576000,-0.100,0.297,11106,-0.0992
577,577000,-0.100,0.288,11107,-0.0996
578,578000,-0.100,-0.312,11114,-0.1021
579,579000,-0.100,-0.303,11113,-0.1017
580,580000,-0.100,-0.330,11116,-0.1028
581,581000,-0.100,-0.330,11116,-0.1028
582,582000,-0.100,-0.293,11112,-0.1014
583,583000,-0.100,0.297,11106,-0.0992
584,584000,-0.100,0.316,11104,-0.0985
585,585000,-0.100,-0.275,11110,-0.1006
586,586000,-0.100,-0.293,11112,-0.1014
587,587000,-0.100,0.388,11096,-0.0955
588,588000,-0.100,-0.321,11115,-0.1025
589,589000,-0.100,-0.293,11112,-0.1014
590,590000,-0.100,0.279,11108,-0.0999
591,591000,-0.100,0.316,11104,-0.0985
592,592000,-0.100,-0.321,11115,-0.1025
593,593000,-0.100,0.297,11106,-0.0992
594,594000,-0.100,0.297,11106,-0.0992
595,595000,-0.100,-0.293,11112,-0.1014
596,596000,-0.100,-0.275,11110,-0.1006
597,597000,-0.100,0.297,11106,-0.0992
598,598000,-0.100,-0.321,11115,-0.1025
599,599000,-0.100,0.297,11106,-0.0992
# end capture 25
# capture 26 kp=-25.00 dir=+ dt_us=1000 samples=600 sat=0
0,0,0.100,-5.266,11109,-0.1003
1,1000,0.100,-5.148,11096,-0.0955
2,2000,0.100,-5.366,11120,-0.1043
3,3000,0.100,-5.257,11108,-0.0999
4,4000,0.100,-5.312,11114,-0.1021
5,5000,0.100,-5.366,11120,-0.1043
6,6000,0.100,-5.129,11094,-0.0948
7,7000,0.100,-5.166,11098,-0.0963
8,8000,0.100,-5.093,11090,-0.0934
9,9000,0.100,-5.020,11082,-0.0904
10,10000,0.100,-4.947,11074,-0.0875
11,11000,0.100,-4.838,11062,-0.0832
12,12000,0.100,-4.765,11054,-0.0802
13,13000,0.100,-4.655,11042,-0.0759
14,14000,0.100,-4.564,11032,-0.0722
15,15000,0.100,-4.473,11022,-0.0686
16,16000,0.100,-4.346,11008,-0.0635
17,17000,0.100,-4.273,11000,-0.0606
18,18000,0.100,-4.036,10974,-0.0511
19,19000,0.100,-4.072,10978,-0.0525
20,20007,0.100,-3.854,10954,-0.0438
21,21000,0.100,-3.863,10955,-0.0441
22,22000,0.100,-3.644,10931,-0.0354
23,23000,0.100,-3.598,10926,-0.0336
24,24000,0.100,-3.489,10914,-0.0292
25,25000,0.100,-3.352,10899,-0.0237
26,26000,0.100,-2.888,10848,-0.0051
27,27000,0.100,-2.942,10854,-0.0073
28,28000,0.100,-2.915,10851,-0.0062
29,29000,0.100,-2.815,10840,-0.0022
30,30000,0.100,-2.651,10822,0.0043
31,31000,0.100,-2.614,10818,0.0058
32,32000,0.100,-2.414,10796,0.0138
33,33000,0.100,-2.231,10776,0.0211
34,34000,0.100,-2.213,10774,0.0218
35,35000,0.100,-2.159,10768,0.0240
36,36000,0.100,-1.976,10748,0.0313
37,37000,0.100,-2.013,10752,0.0299
38,38000,0.100,-1.703,10718,0.0422
39,39000,0.100,-1.594,10706,0.0466
40,40000,0.100,-1.521,10698,0.0495
41,41000,0.100,-1.375,10682,0.0554
42,42000,0.100,-1.320,10676,0.0576
43,43000,0.100,-1.156,10658,0.0641
44,44000,0.100,-1.083,10650,0.0670
45,45000,0.100,-0.937,10634,0.0729
46,46000,0.100,-0.846,10624,0.0765
47,47000,0.100,-0.728,10611,0.0812
48,48000,0.100,-0.655,10603,0.0842
49,49000,0.100,-0.527,10589,0.0893
50,50000,0.100,-0.382,10573,0.0951
51,51000,0.100,-0.536,10590,0.0889
52,52000,0.100,-0.409,10576,0.0940
53,53000,0.100,-0.263,10560,0.0998
54,54000,0.100,0.401,10546,0.1049
55,55000,0.100,0.401,10546,0.1049
56,56000,0.100,0.601,10524,0.1130
57,57000,0.100,0.583,10526,0.1122
58,58000,0.100,0.610,10523,0.1133
59,59000,0.100,0.692,10514,0.1166
60,60000,0.100,0.701,10513,0.1170
61,61000,0.100,0.874,10494,0.1239
62,62000,0.100,1.002,10480,0.1290
63,63000,0.100,0.893,10492,0.1246
64,64000,0.100,0.893,10492,0.1246
65,65000,0.100,0.984,10482,0.1283
66,66000,0.100,0.966,10484,0.1275
67,67000,0.100,1.002,10480,0.1290
68,68000,0.100,1.020,10478,0.1297
69,69000,0.100,1.585,10416,0.1523
70,70000,0.100,1.075,10472,0.1319
71,71000,0.100,1.212,10457,0.1374
72,72000,0.100,1.075,10472,0.1319
73,73000,0.100,1.093,10470,0.1326
74,74000,0.100,1.111,10468,0.1334
75,75000,0.100,1.029,10477,0.1301
76,76000,0.100,1.120,10467,0.1337
77,77000,0.100,1.075,10472,0.1319
78,78000,0.100,1.093,10470,0.1326
79,79000,0.100,1.057,10474,0.1312
80,80000,0.100,1.111,10468,0.1334
81,81000,0.100,1.111,10468,0.1334
82,82000,0.100,0.984,10482,0.1283
83,83000,0.100,1.075,10472,0.1319
84,84000,0.100,1.075,10472,0.1319
85,85000,0.100,1.348,10442,0.1429
86,86000,0.100,1.093,10470,0.1326
87,87000,0.100,1.093,10470,0.1326
88,88000,0.100,0.984,10482,0.1283
89,89000,0.100,0.984,10482,0.1283
90,90000,0.100,1.020,10478,0.1297
91,91000,0.100,1.020,10478,0.1297
92,92000,0.100,0.975,10483,0.1279
93,93000,0.100,1.139,10465,0.1345
94,94000,0.100,0.856,10496,0.1232
95,95000,0.100,0.938,10487,0.1264
96,96000,0.100,0.838,10498,0.1224
97,97000,0.100,0.938,10487,0.1264
98,98000,0.100,0.847,10497,0.1228
99,99000,0.100,0.838,10498,0.1224
100,100000,0.100,0.811,10501,0.1213
101,101000,0.100,0.765,10506,0.1195
102,102000,0.100,0.665,10517,0.1155
103,103000,0.100,0.710,10512,0.1173
104,104000,0.100,0.546,10530,0.1108
105,105000,0.100,0.619,10522,0.1137
106,106000,0.100,0.692,10514,0.1166
107,107000,0.100,0.610,10523,0.1133
108,108000,0.100,0.574,10527,0.1119
109,109000,0.100,0.510,10534,0.1093
110,110000,0.100,0.546,10530,0.1108
111,111000,0.100,0.546,10530,0.1108
112,112000,0.100,0.583,10526,0.1122
113,113000,0.100,0.455,10540,0.1071
114,114000,0.100,-0.336,10568,0.0969
115,115000,0.100,0.437,10542,0.1064
116,116000,0.100,0.419,10544,0.1057
117,117000,0.100,0.291,10558,0.1006
118,118000,0.100,0.328,10554,0.1020
119,119000,0.100,-0.263,10560,0.0998
120,120000,0.100,0.309,10556,0.1013
121,121000,0.100,-0.336,10568,0.0969
122,122000,0.100,-0.263,10560,0.0998
123,123000,0.100,-0.281,10562,0.0991
124,124000,0.100,-0.336,10568,0.0969
125,125000,0.100,0.455,10540,0.1071
126,126000,0.100,-0.318,10566,0.0977
127,127000,0.100,-0.281,10562,0.0991
128,128000,0.100,-0.354,10570,0.0962
129,129000,0.100,-0.354,10570,0.0962
130,130000,0.100,-0.372,10572,0.0955
131,131000,0.100,-0.354,10570,0.0962
132,132000,0.100,-0.363,10571,0.0958
133,133000,0.100,-0.391,10574,0.0947
134,134000,0.100,-0.372,10572,0.0955
135,135000,0.100,-0.281,10562,0.0991
136,136000,0.100,-0.409,10576,0.0940
137,137000,0.100,-0.354,10570,0.0962
138,138000,0.100,-0.354,10570,0.0962
139,139000,0.100,-0.354,10570,0.0962
140,140000,0.100,-0.391,10574,0.0947
141,141000,0.100,-0.536,10590,0.0889
142,142000,0.100,-0.409,10576,0.0940
143,143000,0.100,-0.354,10570,0.0962
144,144000,0.100,-0.382,10573,0.0951
145,145000,0.100,-0.372,10572,0.0955
146,146000,0.100,-0.719,10610,0.0816
147,147000,0.100,-0.372,10572,0.0955
148,148000,0.100,-0.409,10576,0.0940
149,149000,0.100,-0.573,10594,0.0874
150,150000,0.100,-0.281,10562,0.0991
151,151000,0.100,-0.372,10572,0.0955
152,152000,0.100,-0.464,10582,0.0918
153,153000,0.100,-0.363,10571,0.0958
154,154000,0.100,-0.482,10584,0.0911
155,155000,0.100,-0.409,10576,0.0940
156,156000,0.100,-0.409,10576,0.0940
157,157000,0.100,-0.354,10570,0.0962
158,158000,0.100,-0.409,10576,0.0940
159,159000,0.100,-0.409,10576,0.0940
160,160000,0.100,-0.409,10576,0.0940
161,161000,0.100,-0.500,10586,0.0904
162,162000,0.100,-0.409,10576,0.0940
163,163000,0.100,-0.372,10572,0.0955
164,164000,0.100,-0.363,10571,0.0958
165,165000,0.100,-0.300,10564,0.0984
166,166000,0.100,-0.263,10560,0.0998
167,167000,0.100,-0.290,10563,0.0987
168,168000,0.100,-0.336,10568,0.0969
169,169000,0.100,-0.318,10566,0.0977
170,170000,0.100,0.319,10555,0.1017
171,171000,0.100,0.291,10558,0.1006
172,172000,0.100,-0.263,10560,0.0998
173,173000,0.100,-0.281,10562,0.0991
174,174000,0.100,-0.300,10564,0.0984
175,175000,0.100,0.346,10552,0.1028
176,176000,0.100,-0.300,10564,0.0984
177,177000,0.100,-0.263,10560,0.0998
178,178000,0.100,0.382,10548,0.1042
179,179000,0.100,-0.336,10568,0.0969
180,180000,0.100,0.619,10522,0.1137
181,181000,0.100,0.291,10558,0.1006
182,182000,0.100,0.319,10555,0.1017
183,183000,0.100,0.966,10484,0.1275
184,184000,0.100,-0.263,10560,0.0998
185,185000,0.100,-0.591,10596,0.0867
186,186000,0.100,0.291,10558,0.1006
187,187000,0.100,-0.263,10560,0.0998
188,188000,0.100,0.346,10552,0.1028
189,189000,0.100,0.337,10553,0.1024
190,190000,0.100,0.346,10552,0.1028
191,191000,0.100,0.328,10554,0.1020
192,192000,0.100,0.291,10558,0.1006
193,193000,0.100,0.346,10552,0.1028
194,194000,0.100,0.455,10540,0.1071
195,195000,0.100,0.309,10556,0.1013
196,196000,0.100,0.328,10554,0.1020
197,197000,0.100,0.346,10552,0.1028
198,198000,0.100,-0.354,10570,0.0962
199,199000,0.100,0.355,10551,0.1031
200,200000,0.100,0.319,10555,0.1017
201,201000,0.100,0.291,10558,0.1006
202,202000,0.100,-0.336,10568,0.0969
203,203000,0.100,0.300,10557,0.1009
204,204000,0.100,0.328,10554,0.1020
205,205000,0.100,0.319,10555,0.1017
206,206000,0.100,0.309,10556,0.1013
207,207000,0.100,0.319,10555,0.1017
208,208000,0.100,-0.263,10560,0.0998
209,209000,0.100,-0.372,10572,0.0955
210,210000,0.100,0.346,10552,0.1028
211,211000,0.100,0.355,10551,0.1031
212,212000,0.100,0.309,10556,0.1013
213,213000,0.100,0.309,10556,0.1013
214,214000,0.100,0.410,10545,0.1053
215,215000,0.100,-0.318,10566,0.0977
216,216000,0.100,0.373,10549,0.1038
217,217000,0.100,0.364,10550,0.1035
218,218000,0.100,0.328,10554,0.1020
219,219000,0.100,0.391,10547,0.1046
220,220000,0.100,0.364,10550,0.1035
221,221000,0.100,-0.263,10560,0.0998
222,222000,0.100,0.291,10558,0.1006
223,223000,0.100,0.528,10532,0.1100
224,224000,0.100,-0.263,10560,0.0998
225,225000,0.100,0.319,10555,0.1017
226,226000,0.100,-0.272,10561,0.0995
227,227000,0.100,-0.263,10560,0.0998
228,228000,0.100,0.309,10556,0.1013
229,229000,0.100,0.319,10555,0.1017
230,230000,0.100,0.346,10552,0.1028
231,231000,0.100,0.291,10558,0.1006
232,232000,0.100,0.319,10555,0.1017
233,233000,0.100,0.410,10545,0.1053
234,234000,0.100,0.346,10552,0.1028
235,235000,0.100,0.319,10555,0.1017
236,236000,0.100,-0.336,10568,0.0969
237,237000,0.100,0.319,10555,0.1017
238,238000,0.100,-0.300,10564,0.0984
239,239000,0.100,0.328,10554,0.1020
240,240000,0.100,-0.263,10560,0.0998
241,241000,0.100,0.382,10548,0.1042
242,242000,0.100,-0.318,10566,0.0977
243,243000,0.100,0.291,10558,0.1006
244,244000,0.100,-0.281,10562,0.0991
245,245000,0.100,0.328,10554,0.1020
246,246000,0.100,-0.318,10566,0.0977
247,247000,0.100,-0.290,10563,0.0987
248,248000,0.100,-0.300,10564,0.0984
249,249000,0.100,0.309,10556,0.1013
250,250000,0.100,-0.263,10560,0.0998
251,251000,0.100,0.328,10554,0.1020
252,252000,0.100,-0.336,10568,0.0969
253,253000,0.100,0.300,10557,0.1009
254,254000,0.100,-0.655,10603,0.0842
255,255000,0.100,-0.336,10568,0.0969
256,256000,0.100,-0.281,10562,0.0991
257,257000,0.100,-0.318,10566,0.0977
258,258000,0.100,-0.281,10562,0.0991
259,259000,0.100,-0.300,10564,0.0984
260,260000,0.100,-0.263,10560,0.0998
261,261000,0.100,0.364,10550,0.1035
262,262000,0.100,-0.281,10562,0.0991
263,263000,0.100,-0.281,10562,0.0991
264,264000,0.100,-0.281,10562,0.0991
265,265000,0.100,-0.281,10562,0.0991
266,266000,0.100,-0.300,10564,0.0984
267,267000,0.100,-0.281,10562,0.0991
268,268000,0.100,0.309,10556,0.1013
269,269000,0.100,0.319,10555,0.1017
270,270000,0.100,-0.263,10560,0.0998
271,271000,0.100,-0.263,10560,0.0998
272,272000,0.100,-0.281,10562,0.0991
273,273000,0.100,-0.263,10560,0.0998
274,274000,0.100,0.337,10553,0.1024
275,275000,0.100,-0.290,10563,0.0987
276,276000,0.100,-0.336,10568,0.0969
277,277000,0.100,0.291,10558,0.1006
278,278000,0.100,-0.281,10562,0.0991
279,279000,0.100,-0.281,10562,0.0991
280,280000,0.100,-0.281,10562,0.0991
281,281000,0.100,0.364,10550,0.1035
282,282000,0.100,-0.281,10562,0.0991
283,283000,0.100,-0.290,10563,0.0987
284,284000,0.100,-0.427,10578,0.0933
285,285000,0.100,0.346,10552,0.1028
286,286000,0.100,-0.263,10560,0.0998
287,287000,0.100,-0.263,10560,0.0998
288,288000,0.100,-0.336,10568,0.0969
289,289000,0.100,-0.300,10564,0.0984
290,290000,0.100,-0.409,10576,0.0940
291,291000,0.100,0.346,10552,0.1028
292,292000,0.100,-0.372,10572,0.0955
293,293000,0.100,-0.263,10560,0.0998
294,294000,0.100,-0.363,10571,0.0958
295,295000,0.100,-0.281,10562,0.0991
296,296000,0.100,-0.263,10560,0.0998
297,297000,0.100,0.328,10554,0.1020
298,298000,0.100,-0.263,10560,0.0998
299,299000,0.100,0.328,10554,0.1020
300,300000,0.100,0.291,10558,0.1006
301,301000,0.100,-0.263,10560,0.0998
302,302000,0.100,-0.336,10568,0.0969
303,303000,0.100,-0.263,10560,0.0998
304,304000,0.100,-0.281,10562,0.0991
305,305000,0.100,-0.318,10566,0.0977
306,306000,0.100,-0.263,10560,0.0998
307,307000,0.100,-0.263,10560,0.0998
308,308000,0.100,-0.263,10560,0.0998
309,309000,0.100,0.291,10558,0.1006
310,310000,0.100,0.565,10528,0.1115
311,311000,0.100,-0.354,10570,0.0962
312,312000,0.100,0.309,10556,0.1013
313,313000,0.100,0.328,10554,0.1020
314,314000,0.100,-0.263,10560,0.0998
315,315000,0.100,-0.263,10560,0.0998
316,316000,0.100,-0.263,10560,0.0998
317,317000,0.100,0.291,10558,0.1006
318,318000,0.100,-0.300,10564,0.0984
319,319000,0.100,0.309,10556,0.1013
320,320000,0.100,-0.300,10564,0.0984
321,321000,0.100,0.291,10558,0.1006
322,322000,0.100,-0.263,10560,0.0998
323,323000,0.100,-0.263,10560,0.0998
324,324000,0.100,-0.281,10562,0.0991
325,325000,0.100,-0.263,10560,0.0998
326,326000,0.100,-0.263,10560,0.0998
327,327000,0.100,-0.555,10592,0.0882
328,328000,0.100,-0.436,10579,0.0929
329,329000,0.100,-0.263,10560,0.0998
330,330000,0.100,-0.281,10562,0.0991
331,331000,0.100,0.309,10556,0.1013
332,332000,0.100,0.464,10539,0.1075
333,333000,0.100,0.319,10555,0.1017
334,334000,0.100,-0.272,10561,0.0995
335,335000,0.100,-0.263,10560,0.0998
336,336000,0.100,0.300,10557,0.1009
337,337000,0.100,-0.263,10560,0.0998
338,338000,0.100,-0.500,10586,0.0904
339,339000,0.100,-0.290,10563,0.0987
340,340000,0.100,0.291,10558,0.1006
341,341000,0.100,0.656,10518,0.1151
342,342000,0.100,-0.363,10571,0.0958
343,343000,0.100,-0.272,10561,0.0995
344,344000,0.100,0.309,10556,0.1013
345,345000,0.100,0.309,10556,0.1013
346,346000,0.100,-0.354,10570,0.0962
347,347000,0.100,-0.263,10560,0.0998
348,348000,0.100,0.319,10555,0.1017
349,349000,0.100,0.455,10540,0.1071
350,350000,0.100,0.328,10554,0.1020
351,351000,0.100,0.319,10555,0.1017
352,352000,0.100,0.300,10557,0.1009
353,353000,0.100,-0.263,10560,0.0998
354,354000,0.100,-0.445,10580,0.0925
355,355000,0.100,0.291,10558,0.1006
356,356000,0.100,0.337,10553,0.1024
357,357000,0.100,0.337,10553,0.1024
358,358000,0.100,-0.336,10568,0.0969
359,359000,0.100,0.328,10554,0.1020
360,360000,0.100,0.328,10554,0.1020
361,361000,0.100,-0.272,10561,0.0995
362,362000,0.100,0.364,10550,0.1035
363,363000,0.100,0.300,10557,0.1009
364,364000,0.100,-0.263,10560,0.0998
365,365000,0.100,-0.263,10560,0.0998
366,366000,0.100,0.382,10548,0.1042
367,367000,0.100,0.291,10558,0.1006
368,368000,0.100,0.319,10555,0.1017
369,369000,0.100,0.328,10554,0.1020
370,370000,0.100,0.291,10558,0.1006
371,371000,0.100,-0.318,10566,0.0977
372,372000,0.100,0.328,10554,0.1020
373,373000,0.100,-0.263,10560,0.0998
374,374000,0.100,-0.290,10563,0.0987
375,375000,0.100,-0.263,10560,0.0998
376,376000,0.100,-0.281,10562,0.0991
377,377000,0.100,-0.318,10566,0.0977
378,378000,0.100,-0.318,10566,0.0977
379,379000,0.100,0.583,10526,0.1122
380,380000,0.100,0.291,10558,0.1006
381,381000,0.100,-0.318,10566,0.0977
382,382000,0.100,0.291,10558,0.1006
383,383000,0.100,-0.290,10563,0.0987
384,384000,0.100,-0.628,10600,0.0853
385,385000,0.100,0.346,10552,0.1028
386,386000,0.100,-0.336,10568,0.0969
387,387000,0.100,-0.409,10576,0.0940
388,388000,0.100,-0.336,10568,0.0969
389,389000,0.100,-0.263,10560,0.0998
390,390000,0.100,-0.263,10560,0.0998
391,391000,0.100,-0.263,10560,0.0998
392,392000,0.100,-0.281,10562,0.0991
393,393000,0.100,-0.336,10568,0.0969
394,394000,0.100,-0.263,10560,0.0998
395,395000,0.100,0.291,10558,0.1006
396,396000,0.100,-0.263,10560,0.0998
397,397000,0.100,-0.272,10561,0.0995
398,398000,0.100,0.319,10555,0.1017
399,399000,0.100,0.328,10554,0.1020
400,400000,0.100,-0.263,10560,0.0998
401,401000,0.100,-0.263,10560,0.0998
402,402000,0.100,-0.263,10560,0.0998
403,403000,0.100,-0.263,10560,0.0998
404,404000,0.100,-0.263,10560,0.0998
405,405000,0.100,0.291,10558,0.1006
406,406000,0.100,0.300,10557,0.1009
407,407000,0.100,-0.263,10560,0.0998
408,408000,0.100,0.291,10558,0.1006
409,409000,0.100,-0.263,10560,0.0998
410,410000,0.100,-0.682,10606,0.0831
411,411000,0.100,0.346,10552,0.1028
412,412000,0.100,-0.263,10560,0.0998
413,413000,0.100,0.309,10556,0.1013
414,414000,0.100,0.346,10552,0.1028
415,415000,0.100,0.291,10558,0.1006
416,416000,0.100,0.291,10558,0.1006
417,417000,0.100,0.328,10554,0.1020
418,418000,0.100,-0.409,10576,0.0940
419,419000,0.100,0.309,10556,0.1013
420,420000,0.100,-0.263,10560,0.0998
421,421000,0.100,-0.263,10560,0.0998
422,422000,0.100,-0.564,10593,0.0878
423,423000,0.100,0.328,10554,0.1020
424,424000,0.100,0.291,10558,0.1006
425,425000,0.100,0.291,10558,0.1006
426,426000,0.100,-0.263,10560,0.0998
427,427000,0.100,-0.263,10560,0.0998
428,428000,0.100,0.291,10558,0.1006
429,429000,0.100,0.346,10552,0.1028
430,430000,0.100,0.328,10554,0.1020
431,431000,0.100,0.328,10554,0.1020
432,432000,0.100,0.382,10548,0.1042
433,433000,0.100,-0.281,10562,0.0991
434,434000,0.100,-0.263,10560,0.0998
435,435000,0.100,0.309,10556,0.1013
436,436000,0.100,-0.281,10562,0.0991
437,437000,0.100,0.319,10555,0.1017
438,438000,0.100,0.291,10558,0.1006
439,439000,0.100,0.291,10558,0.1006
440,440000,0.100,-0.281,10562,0.0991
441,441000,0.100,0.364,10550,0.1035
442,442000,0.100,0.319,10555,0.1017
443,443000,0.100,-0.290,10563,0.0987
444,444000,0.100,0.355,10551,0.1031
445,445000,0.100,0.528,10532,0.1100
446,446000,0.100,0.309,10556,0.1013
447,447000,0.100,0.364,10550,0.1035
448,448000,0.100,-0.527,10589,0.0893
449,449000,0.100,0.291,10558,0.1006
450,450000,0.100,-0.263,10560,0.0998
451,451000,0.100,0.309,10556,0.1013
452,452000,0.100,0.328,10554,0.1020
453,453000,0.100,0.328,10554,0.1020
454,454000,0.100,0.291,10558,0.1006
455,455000,0.100,0.309,10556,0.1013
456,456000,0.100,0.291,10558,0.1006
457,457000,0.100,0.291,10558,0.1006
458,458000,0.100,0.291,10558,0.1006
459,459000,0.100,0.300,10557,0.1009
460,460000,0.100,-0.263,10560,0.0998
461,461000,0.100,-0.263,10560,0.0998
462,462000,0.100,0.319,10555,0.1017
463,463000,0.100,0.291,10558,0.1006
464,464000,0.100,0.319,10555,0.1017
465,465000,0.100,0.364,10550,0.1035
466,466000,0.100,-0.372,10572,0.0955
467,467000,0.100,-0.263,10560,0.0998
468,468000,0.100,-0.318,10566,0.0977
469,469000,0.100,0.328,10554,0.1020
470,470000,0.100,0.328,10554,0.1020
471,471000,0.100,-0.263,10560,0.0998
472,472000,0.100,0.291,10558,0.1006
473,473000,0.100,0.291,10558,0.1006
474,474000,0.100,0.291,10558,0.1006
475,475000,0.100,0.291,10558,0.1006
476,476000,0.100,0.291,10558,0.1006
477,477000,0.100,0.328,10554,0.1020
478,478000,0.100,-0.263,10560,0.0998
479,479000,0.100,-0.382,10573,0.0951
480,480000,0.100,-0.263,10560,0.0998
481,481000,0.100,0.319,10555,0.1017
482,482000,0.100,0.300,10557,0.1009
483,483000,0.100,0.328,10554,0.1020
484,484000,0.100,0.364,10550,0.1035
485,485000,0.100,-0.263,10560,0.0998
486,486000,0.100,0.328,10554,0.1020
487,487000,0.100,-0.609,10598,0.0860
488,488000,0.100,0.309,10556,0.1013
489,489000,0.100,0.319,10555,0.1017
490,490000,0.100,0.419,10544,0.1057
491,491000,0.100,-0.263,10560,0.0998
492,492000,0.100,-0.391,10574,0.0947
493,493000,0.100,0.619,10522,0.1137
494,494000,0.100,0.300,10557,0.1009
495,495000,0.100,0.346,10552,0.1028
496,496000,0.100,-0.300,10564,0.0984
497,497000,0.100,-0.281,10562,0.0991
498,498000,0.100,-0.281,10562,0.0991
499,499000,0.100,0.319,10555,0.1017
500,500000,0.100,-0.263,10560,0.0998
501,501000,0.100,0.309,10556,0.1013
502,502000,0.100,0.346,10552,0.1028
503,503000,0.100,-0.318,10566,0.0977
504,504000,0.100,-0.281,10562,0.0991
505,505000,0.100,0.337,10553,0.1024
506,506000,0.100,0.319,10555,0.1017
507,507000,0.100,-0.263,10560,0.0998
508,508000,0.100,0.291,10558,0.1006
509,509000,0.100,0.346,10552,0.1028
510,510000,0.100,-0.290,10563,0.0987
511,511000,0.100,-0.272,10561,0.0995
512,512000,0.100,0.401,10546,0.1049
513,513000,0.100,0.291,10558,0.1006
514,514000,0.100,0.328,10554,0.1020
515,515000,0.100,0.501,10535,0.1090
516,516000,0.100,0.319,10555,0.1017
517,517000,0.100,-0.345,10569,0.0966
518,518000,0.100,-0.263,10560,0.0998
519,519000,0.100,0.319,10555,0.1017
520,520000,0.100,0.382,10548,0.1042
521,521000,0.100,0.319,10555,0.1017
522,522000,0.100,-0.263,10560,0.0998
523,523000,0.100,0.328,10554,0.1020
524,524000,0.100,-0.527,10589,0.0893
525,525000,0.100,-0.318,10566,0.0977
526,526000,0.100,-0.500,10586,0.0904
527,527000,0.100,0.328,10554,0.1020
528,528000,0.100,0.309,10556,0.1013
529,529000,0.100,0.291,10558,0.1006
530,530000,0.100,-0.336,10568,0.0969
531,531000,0.100,0.346,10552,0.1028
532,532000,0.100,-0.263,10560,0.0998
533,533000,0.100,0.291,10558,0.1006
534,534000,0.100,0.291,10558,0.1006
535,535000,0.100,0.291,10558,0.1006
536,536000,0.100,-0.290,10563,0.0987
537,537000,0.100,-0.263,10560,0.0998
538,538000,0.100,-0.263,10560,0.0998
539,539000,0.100,-0.281,10562,0.0991
540,540000,0.100,0.874,10494,0.1239
541,541000,0.100,-0.263,10560,0.0998
542,542000,0.100,-0.372,10572,0.0955
543,543000,0.100,0.319,10555,0.1017
544,544000,0.100,-0.391,10574,0.0947
545,545000,0.100,-0.263,10560,0.0998
546,546000,0.100,-0.354,10570,0.0962
547,547000,0.100,-0.263,10560,0.0998
548,548000,0.100,-0.318,10566,0.0977
549,549000,0.100,0.328,10554,0.1020
550,550000,0.100,-0.436,10579,0.0929
551,551000,0.100,0.401,10546,0.1049
552,552000,0.100,0.328,10554,0.1020
553,553000,0.100,0.328,10554,0.1020
554,554000,0.100,-0.263,10560,0.0998
555,555000,0.100,-0.263,10560,0.0998
556,556000,0.100,-0.263,10560,0.0998
557,557000,0.100,-0.281,10562,0.0991
558,558000,0.100,-0.263,10560,0.0998
559,559000,0.100,-0.263,10560,0.0998
560,560000,0.100,-0.263,10560,0.0998
561,561000,0.100,0.291,10558,0.1006
562,562000,0.100,-0.263,10560,0.0998
563,563000,0.100,0.309,10556,0.1013
564,564000,0.100,0.319,10555,0.1017
565,565000,0.100,0.319,10555,0.1017
566,566000,0.100,-0.263,10560,0.0998
567,567000,0.100,0.455,10540,0.1071
568,568000,0.100,-0.318,10566,0.0977
569,569000,0.100,-0.345,10569,0.0966
570,570000,0.100,0.309,10556,0.1013
571,571000,0.100,0.291,10558,0.1006
572,572000,0.100,0.565,10528,0.1115
573,573000,0.100,-0.300,10564,0.0984
574,574000,0.100,-0.263,10560,0.0998
575,575000,0.100,-0.409,10576,0.0940
576,576000,0.100,0.309,10556,0.1013
577,577000,0.100,0.346,10552,0.1028
578,578000,0.100,0.455,10540,0.1071
579,579000,0.100,-0.263,10560,0.0998
580,580000,0.100,-0.263,10560,0.0998
581,581000,0.100,0.319,10555,0.1017
582,582000,0.100,0.364,10550,0.1035
583,583000,0.100,0.364,10550,0.1035
584,584000,0.100,-0.336,10568,0.0969
585,585000,0.100,0.328,10554,0.1020
586,586000,0.100,0.309,10556,0.1013
587,587000,0.100,0.328,10554,0.1020
588,588000,0.100,0.364,10550,0.1035
589,589000,0.100,0.346,10552,0.1028
590,590000,0.100,-0.281,10562,0.0991
591,591000,0.100,0.328,10554,0.1020
592,592000,0.100,0.391,10547,0.1046
593,593000,0.100,0.282,10559,0.1002
594,594000,0.100,0.683,10515,0.1162
595,595000,0.100,0.346,10552,0.1028
596,596000,0.100,-0.336,10568,0.0969
597,597000,0.100,0.319,10555,0.1017
598,598000,0.100,0.282,10559,0.1002
599,599000,0.100,-0.318,10566,0.0977
# end capture 26
# batch capture 4/5
# capture 27 kp=-25.00 dir=+ dt_us=1000 samples=600 sat=0
0,0,0.100,-5.293,11112,-0.1014
1,1000,0.100,-5.284,11111,-0.1010
2,2000,0.100,-5.293,11112,-0.1014
3,3000,0.100,-5.312,11114,-0.1021
4,4000,0.100,-5.303,11113,-0.1017
5,5000,0.100,-5.248,11107,-0.0996
6,6000,0.100,-5.184,11100,-0.0970
7,7000,0.100,-5.284,11111,-0.1010
8,8000,0.100,-5.148,11096,-0.0955
9,9000,0.100,-5.020,11082,-0.0904
10,10000,0.100,-4.947,11074,-0.0875
11,11000,0.100,-4.984,11078,-0.0890
12,12000,0.100,-4.783,11056,-0.0810
13,13000,0.100,-4.583,11034,-0.0729
14,14000,0.100,-4.619,11038,-0.0744
15,15000,0.100,-4.419,11016,-0.0664
16,16000,0.100,-4.373,11011,-0.0646
17,17000,0.100,-4.236,10996,-0.0591
18,18000,0.100,-4.218,10994,-0.0584
19,19000,0.100,-4.054,10976,-0.0518
20,20000,0.100,-3.963,10966,-0.0482
21,21000,0.100,-3.690,10936,-0.0372
22,22000,0.100,-3.653,10932,-0.0358
23,23000,0.100,-3.553,10921,-0.0318
24,24000,0.100,-3.425,10907,-0.0266
25,25000,0.100,-3.416,10906,-0.0263
26,26000,0.100,-2.623,10819,0.0054
27,27000,0.100,-3.015,10862,-0.0102
28,28000,0.100,-2.851,10844,-0.0037
29,29000,0.100,-2.796,10838,-0.0015
30,30000,0.100,-2.651,10822,0.0043
31,31000,0.100,-2.541,10810,0.0087
32,32000,0.100,-2.432,10798,0.0131
33,33000,0.100,-2.304,10784,0.0182
34,34000,0.100,-2.159,10768,0.0240
35,35000,0.100,-2.067,10758,0.0277
36,36000,0.100,-1.958,10746,0.0320
37,37000,0.100,-1.830,10732,0.0371
38,38000,0.100,-1.776,10726,0.0393
39,39000,0.100,-1.575,10704,0.0473
40,40000,0.100,-1.557,10702,0.0481
41,41000,0.100,-1.393,10684,0.0546
42,42000,0.100,-1.238,10667,0.0608
43,43000,0.100,-1.092,10651,0.0667
44,44000,0.100,-1.101,10652,0.0663
45,45000,0.100,-1.019,10643,0.0696
46,46000,0.100,-1.193,10662,0.0627
47,47000,0.100,-0.773,10616,0.0794
48,48000,0.100,-0.372,10572,0.0955
49,49000,0.100,-0.555,10592,0.0882
50,50000,0.100,-0.518,10588,0.0896
51,51000,0.100,-0.409,10576,0.0940
52,52000,0.100,-0.336,10568,0.0969
53,53000,0.100,0.291,10558,0.1006
54,54000,0.100,0.373,10549,0.1038
55,55000,0.100,0.419,10544,0.1057
56,56000,0.100,0.437,10542,0.1064
57,57000,0.100,0.565,10528,0.1115
58,58013,0.100,0.601,10524,0.1130
59,59000,0.100,0.747,10508,0.1188
60,60000,0.100,0.729,10510,0.1181
61,61000,0.100,0.783,10504,0.1203
62,62000,0.100,0.747,10508,0.1188
63,63000,0.100,0.783,10504,0.1203
64,64000,0.100,0.947,10486,0.1268
65,65000,0.100,0.947,10486,0.1268
66,66000,0.100,1.111,10468,0.1334
67,67000,0.100,0.975,10483,0.1279
68,68000,0.100,0.774,10505,0.1199
69,69000,0.100,1.057,10474,0.1312
70,70000,0.100,1.002,10480,0.1290
71,71000,0.100,1.048,10475,0.1308
72,72000,0.100,1.184,10460,0.1363
73,73000,0.100,1.038,10476,0.1305
74,74000,0.100,1.093,10470,0.1326
75,75000,0.100,1.130,10466,0.1341
76,76000,0.100,1.093,10470,0.1326
77,77000,0.100,1.120,10467,0.1337
78,78000,0.100,1.093,10470,0.1326
79,79000,0.100,1.093,10470,0.1326
80,80000,0.100,1.312,10446,0.1414
81,81000,0.100,1.075,10472,0.1319
82,82000,0.100,1.057,10474,0.1312
83,83000,0.100,1.020,10478,0.1297
84,84000,0.100,1.020,10478,0.1297
85,85000,0.100,1.075,10472,0.1319
86,86000,0.100,1.111,10468,0.1334
87,87000,0.100,1.093,10470,0.1326
88,88000,0.100,1.193,10459,0.1367
89,89000,0.100,1.066,10473,0.1316
90,90000,0.100,0.993,10481,0.1286
91,91000,0.100,0.929,10488,0.1261
92,92000,0.100,1.048,10475,0.1308
93,93000,0.100,0.947,10486,0.1268
94,94000,0.100,0.929,10488,0.1261
95,95000,0.100,0.838,10498,0.1224
96,96000,0.100,0.893,10492,0.1246
97,97000,0.100,0.929,10488,0.1261
98,98000,0.100,0.856,10496,0.1232
99,99000,0.100,0.829,10499,0.1221
100,100000,0.100,0.938,10487,0.1264
101,101000,0.100,0.656,10518,0.1151
102,102000,0.100,0.783,10504,0.1203
103,103000,0.100,0.656,10518,0.1151
104,104000,0.100,0.710,10512,0.1173
105,105000,0.100,0.546,10530,0.1108
106,106000,0.100,0.565,10528,0.1115
107,107000,0.100,0.619,10522,0.1137
108,108000,0.100,0.610,10523,0.1133
109,109000,0.100,0.437,10542,0.1064
110,110000,0.100,0.592,10525,0.1126
111,111000,0.100,0.510,10534,0.1093
112,112000,0.100,0.437,10542,0.1064
113,113000,0.100,0.501,10535,0.1090
114,114000,0.100,0.437,10542,0.1064
115,115000,0.100,0.619,10522,0.1137
116,116000,0.100,0.346,10552,0.1028
117,117000,0.100,0.364,10550,0.1035
118,118000,0.100,0.291,10558,0.1006
119,119000,0.100,0.300,10557,0.1009
120,120000,0.100,-0.427,10578,0.0933
121,121000,0.100,-0.272,10561,0.0995
122,122000,0.100,0.291,10558,0.1006
123,123000,0.100,-0.391,10574,0.0947
124,124000,0.100,-0.436,10579,0.0929
125,125000,0.100,-0.482,10584,0.0911
126,126000,0.100,-0.345,10569,0.0966
127,127000,0.100,-0.436,10579,0.0929
128,128000,0.100,-0.318,10566,0.0977
129,129000,0.100,-0.318,10566,0.0977
130,130000,0.100,-0.354,10570,0.0962
131,131000,0.100,-0.391,10574,0.0947
132,132000,0.100,-0.445,10580,0.0925
133,133000,0.100,-0.391,10574,0.0947
134,134000,0.100,-0.354,10570,0.0962
135,135000,0.100,-0.418,10577,0.0936
136,136000,0.100,-0.591,10596,0.0867
137,137000,0.100,-0.436,10579,0.0929
138,138000,0.100,-0.363,10571,0.0958
139,139000,0.100,0.291,10558,0.1006
140,140000,0.100,-0.318,10566,0.0977
141,141000,0.100,-0.372,10572,0.0955
142,142000,0.100,-0.427,10578,0.0933
143,143000,0.100,-0.391,10574,0.0947
144,144000,0.100,-0.372,10572,0.0955
145,145000,0.100,-0.263,10560,0.0998
146,146000,0.100,-0.372,10572,0.0955
147,147000,0.100,-0.409,10576,0.0940
148,148000,0.100,-0.372,10572,0.0955
149,149000,0.100,-0.391,10574,0.0947
150,150000,0.100,-0.354,10570,0.0962
151,151000,0.100,-0.336,10568,0.0969
152,152000,0.100,-0.409,10576,0.0940
153,153000,0.100,-0.409,10576,0.0940
154,154000,0.100,-0.409,10576,0.0940
155,155000,0.100,-0.409,10576,0.0940
156,156000,0.100,-0.500,10586,0.0904
157,157000,0.100,-0.336,10568,0.0969
158,158000,0.100,-0.409,10576,0.0940
159,159000,0.100,-0.354,10570,0.0962
160,160000,0.100,-0.363,10571,0.0958
161,161000,0.100,-0.354,10570,0.0962
162,162000,0.100,-0.646,10602,0.0845
163,163000,0.100,-0.409,10576,0.0940
164,164000,0.100,-0.354,10570,0.0962
165,165000,0.100,-0.372,10572,0.0955
166,166000,0.100,-0.555,10592,0.0882
167,167000,0.100,-0.354,10570,0.0962
168,168000,0.100,-0.363,10571,0.0958
169,169000,0.100,-0.281,10562,0.0991
170,170000,0.100,0.492,10536,0.1086
171,171000,0.100,-0.300,10564,0.0984
172,172000,0.100,0.319,10555,0.1017
173,173000,0.100,-0.281,10562,0.0991
174,174000,0.100,-0.318,10566,0.0977
175,175000,0.100,0.401,10546,0.1049
176,176000,0.100,0.291,10558,0.1006
177,177000,0.100,0.391,10547,0.1046
178,178000,0.100,0.300,10557,0.1009
179,179000,0.100,0.291,10558,0.1006
180,180000,0.100,-0.263,10560,0.0998
181,181000,0.100,0.309,10556,0.1013
182,182000,0.100,-0.290,10563,0.0987
183,183000,0.100,-0.263,10560,0.0998
184,184000,0.100,0.419,10544,0.1057
185,185000,0.100,-0.263,10560,0.0998
186,186000,0.100,0.309,10556,0.1013
187,187000,0.100,-0.263,10560,0.0998
188,188000,0.100,0.328,10554,0.1020
189,189000,0.100,-0.263,10560,0.0998
190,190000,0.100,-0.263,10560,0.0998
191,191000,0.100,-0.336,10568,0.0969
192,192000,0.100,-0.281,10562,0.0991
193,193000,0.100,0.319,10555,0.1017
194,194000,0.100,-0.300,10564,0.0984
195,195000,0.100,0.291,10558,0.1006
196,196000,0.100,0.319,10555,0.1017
197,197000,0.100,0.364,10550,0.1035
198,198000,0.100,0.328,10554,0.1020
199,199000,0.100,0.328,10554,0.1020
200,200000,0.100,-0.700,10608,0.0823
201,201000,0.100,0.319,10555,0.1017
202,202000,0.100,-0.300,10564,0.0984
203,203000,0.100,-0.263,10560,0.0998
204,204000,0.100,-0.281,10562,0.0991
205,205000,0.100,0.328,10554,0.1020
206,206000,0.100,0.309,10556,0.1013
207,207000,0.100,0.309,10556,0.1013
208,208000,0.100,0.291,10558,0.1006
209,209000,0.100,0.291,10558,0.1006
210,210000,0.100,0.401,10546,0.1049
211,211000,0.100,0.346,10552,0.1028
212,212000,0.100,-0.372,10572,0.0955
213,213000,0.100,0.346,10552,0.1028
214,214000,0.100,0.346,10552,0.1028
215,215000,0.100,-0.263,10560,0.0998
216,216000,0.100,-0.263,10560,0.0998
217,217000,0.100,0.346,10552,0.1028
218,218000,0.100,-0.281,10562,0.0991
219,219000,0.100,0.319,10555,0.1017
220,220000,0.100,-0.281,10562,0.0991
221,221000,0.100,0.355,10551,0.1031
222,222000,0.100,-0.281,10562,0.0991
223,223000,0.100,-0.263,10560,0.0998
224,224000,0.100,0.291,10558,0.1006
225,225000,0.100,0.355,10551,0.1031
226,226000,0.100,0.337,10553,0.1024
227,227000,0.100,-0.372,10572,0.0955
228,228000,0.100,0.364,10550,0.1035
229,229000,0.100,0.291,10558,0.1006
230,230000,0.100,-0.263,10560,0.0998
231,231000,0.100,-0.290,10563,0.0987
232,232000,0.100,-0.263,10560,0.0998
233,233000,0.100,-0.318,10566,0.0977
234,234000,0.100,0.319,10555,0.1017
235,235000,0.100,0.291,10558,0.1006
236,236000,0.100,-0.263,10560,0.0998
237,237000,0.100,-0.263,10560,0.0998
238,238000,0.100,-0.263,10560,0.0998
239,239000,0.100,-0.345,10569,0.0966
240,240000,0.100,-0.464,10582,0.0918
241,241000,0.100,-0.336,10568,0.0969
242,242000,0.100,-0.263,10560,0.0998
243,243000,0.100,-0.263,10560,0.0998
244,244000,0.100,-0.263,10560,0.0998
245,245000,0.100,0.291,10558,0.1006
246,246000,0.100,0.309,10556,0.1013
247,247000,0.100,-0.263,10560,0.0998
248,248000,0.100,0.328,10554,0.1020
249,249000,0.100,0.346,10552,0.1028
250,250000,0.100,0.291,10558,0.1006
251,251000,0.100,0.346,10552,0.1028
252,252000,0.100,0.364,10550,0.1035
253,253000,0.100,-0.318,10566,0.0977
254,254000,0.100,0.346,10552,0.1028
255,255000,0.100,0.355,10551,0.1031
256,256000,0.100,-0.263,10560,0.0998
257,257000,0.100,-0.263,10560,0.0998
258,258000,0.100,-0.318,10566,0.0977
259,259000,0.100,0.319,10555,0.1017
260,260000,0.100,0.309,10556,0.1013
261,261000,0.100,0.291,10558,0.1006
262,262000,0.100,-0.263,10560,0.0998
263,263000,0.100,-0.263,10560,0.0998
264,264000,0.100,-0.281,10562,0.0991
265,265000,0.100,-0.263,10560,0.0998
266,266000,0.100,0.291,10558,0.1006
267,267000,0.100,0.309,10556,0.1013
268,268000,0.100,-0.300,10564,0.0984
269,269000,0.100,0.291,10558,0.1006
270,270000,0.100,0.455,10540,0.1071
271,271000,0.100,0.319,10555,0.1017
272,272000,0.100,0.328,10554,0.1020
273,273000,0.100,0.291,10558,0.1006
274,274000,0.100,0.565,10528,0.1115
275,275000,0.100,-0.263,10560,0.0998
276,276000,0.100,-0.263,10560,0.0998
277,277000,0.100,0.309,10556,0.1013
278,278000,0.100,-0.263,10560,0.0998
279,279000,0.100,0.291,10558,0.1006
280,280000,0.100,0.309,10556,0.1013
281,281000,0.100,0.319,10555,0.1017
282,282000,0.100,0.319,10555,0.1017
283,283000,0.100,0.610,10523,0.1133
284,284000,0.100,-0.409,10576,0.0940
285,285000,0.100,0.419,10544,0.1057
286,286000,0.100,0.328,10554,0.1020
287,287000,0.100,0.410,10545,0.1053
288,288000,0.100,0.419,10544,0.1057
289,289000,0.100,-0.263,10560,0.0998
290,290000,0.100,-0.482,10584,0.0911
291,291000,0.100,-0.300,10564,0.0984
292,292000,0.100,0.364,10550,0.1035
293,293000,0.100,0.319,10555,0.1017
294,294000,0.100,-0.272,10561,0.0995
295,295000,0.100,-0.263,10560,0.0998
296,296000,0.100,0.291,10558,0.1006
297,297000,0.100,0.473,10538,0.1079
298,298000,0.100,0.546,10530,0.1108
299,299000,0.100,-0.281,10562,0.0991
300,300000,0.100,-0.318,10566,0.0977
301,301000,0.100,0.437,10542,0.1064
302,302000,0.100,0.328,10554,0.1020
303,303000,0.100,-0.263,10560,0.0998
304,304000,0.100,0.291,10558,0.1006
305,305000,0.100,-0.263,10560,0.0998
306,306000,0.100,-0.281,10562,0.0991
307,307000,0.100,0.328,10554,0.1020
308,308000,0.100,-0.281,10562,0.0991
309,309000,0.100,0.382,10548,0.1042
310,310000,0.100,0.291,10558,0.1006
311,311000,0.100,0.291,10558,0.1006
312,312000,0.100,-0.400,10575,0.0944
313,313000,0.100,0.291,10558,0.1006
314,314000,0.100,0.346,10552,0.1028
315,315000,0.100,0.328,10554,0.1020
316,316000,0.100,0.291,10558,0.1006
317,317000,0.100,-0.263,10560,0.0998
318,318000,0.100,-0.263,10560,0.0998
319,319000,0.100,-0.263,10560,0.0998
320,320000,0.100,0.364,10550,0.1035
321,321000,0.100,0.309,10556,0.1013
322,322000,0.100,0.291,10558,0.1006
323,323000,0.100,-0.318,10566,0.0977
324,324000,0.100,0.291,10558,0.1006
325,325000,0.100,-0.263,10560,0.0998
326,326000,0.100,-0.318,10566,0.0977
327,327000,0.100,-0.263,10560,0.0998
328,328000,0.100,-0.263,10560,0.0998
329,329000,0.100,0.309,10556,0.1013
330,330000,0.100,0.291,10558,0.1006
331,331000,0.100,0.309,10556,0.1013
332,332000,0.100,-0.354,10570,0.0962
333,333000,0.100,-0.300,10564,0.0984
334,334000,0.100,-0.263,10560,0.0998
335,335000,0.100,0.319,10555,0.1017
336,336000,0.100,0.328,10554,0.1020
337,337000,0.100,0.309,10556,0.1013
338,338000,0.100,0.291,10558,0.1006
339,339000,0.100,0.291,10558,0.1006
340,340000,0.100,0.328,10554,0.1020
341,341000,0.100,0.291,10558,0.1006
342,342000,0.100,0.309,10556,0.1013
343,343000,0.100,0.309,10556,0.1013
344,344000,0.100,-0.290,10563,0.0987
345,345000,0.100,-0.281,10562,0.0991
346,346000,0.100,-0.318,10566,0.0977
347,347000,0.100,0.328,10554,0.1020
348,348000,0.100,0.309,10556,0.1013
349,349000,0.100,-0.281,10562,0.0991
350,350000,0.100,0.291,10558,0.1006
351,351000,0.100,0.291,10558,0.1006
352,352000,0.100,0.337,10553,0.1024
353,353000,0.100,-0.263,10560,0.0998
354,354000,0.100,-0.290,10563,0.0987
355,355000,0.100,0.291,10558,0.1006
356,356000,0.100,0.309,10556,0.1013
357,357000,0.100,-0.263,10560,0.0998
358,358000,0.100,0.337,10553,0.1024
359,359000,0.100,0.319,10555,0.1017
360,360000,0.100,0.382,10548,0.1042
361,361000,0.100,0.291,10558,0.1006
362,362000,0.100,-0.300,10564,0.0984
363,363000,0.100,0.319,10555,0.1017
364,364000,0.100,0.291,10558,0.1006
365,365000,0.100,-0.300,10564,0.0984
366,366000,0.100,0.309,10556,0.1013
367,367000,0.100,-0.427,10578,0.0933
368,368000,0.100,-0.263,10560,0.0998
369,369000,0.100,-0.263,10560,0.0998
370,370000,0.100,-0.263,10560,0.0998
371,371000,0.100,-0.281,10562,0.0991
372,372000,0.100,-0.263,10560,0.0998
373,373000,0.100,-0.263,10560,0.0998
374,374000,0.100,-0.409,10576,0.0940
375,375000,0.100,-0.655,10603,0.0842
376,376000,0.100,0.309,10556,0.1013
377,377000,0.100,0.291,10558,0.1006
378,378000,0.100,-0.682,10606,0.0831
379,379000,0.100,-0.363,10571,0.0958
380,380000,0.100,0.328,10554,0.1020
381,381000,0.100,0.291,10558,0.1006
382,382000,0.100,-0.263,10560,0.0998
383,383000,0.100,0.528,10532,0.1100
384,384000,0.100,-0.263,10560,0.0998
385,385000,0.100,0.346,10552,0.1028
386,386000,0.100,-0.382,10573,0.0951
387,387000,0.100,0.309,10556,0.1013
388,388000,0.100,-0.427,10578,0.0933
389,389000,0.100,-0.263,10560,0.0998
390,390000,0.100,-0.263,10560,0.0998
391,391000,0.100,-0.281,10562,0.0991
392,392000,0.100,0.319,10555,0.1017
393,393000,0.100,-0.263,10560,0.0998
394,394000,0.100,0.309,10556,0.1013
395,395000,0.100,-0.263,10560,0.0998
396,396000,0.100,0.291,10558,0.1006
397,397000,0.100,-0.263,10560,0.0998
398,398000,0.100,-0.281,10562,0.0991
399,399000,0.100,-0.263,10560,0.0998
400,400000,0.100,-0.263,10560,0.0998
401,401000,0.100,-0.281,10562,0.0991
402,402000,0.100,0.346,10552,0.1028
403,403000,0.100,0.291,10558,0.1006
404,404000,0.100,-0.281,10562,0.0991
405,405000,0.100,-0.318,10566,0.0977
406,406000,0.100,0.291,10558,0.1006
407,407000,0.100,-0.281,10562,0.0991
408,408000,0.100,0.328,10554,0.1020
409,409000,0.100,-0.281,10562,0.0991
410,410000,0.100,0.291,10558,0.1006
411,411000,0.100,0.346,10552,0.1028
412,412000,0.100,0.291,10558,0.1006
413,413000,0.100,-0.372,10572,0.0955
414,414000,0.100,0.291,10558,0.1006
415,415000,0.100,-0.263,10560,0.0998
416,416000,0.100,-0.263,10560,0.0998
417,417000,0.100,0.346,10552,0.1028
418,418000,0.100,-0.573,10594,0.0874
419,419000,0.100,0.401,10546,0.1049
420,420000,0.100,0.328,10554,0.1020
421,421000,0.100,0.437,10542,0.1064
422,422000,0.100,-0.300,10564,0.0984
423,423000,0.100,0.346,10552,0.1028
424,424000,0.100,-0.281,10562,0.0991
425,425000,0.100,0.619,10522,0.1137
426,426000,0.100,0.309,10556,0.1013
427,427000,0.100,0.291,10558,0.1006
428,428000,0.100,0.328,10554,0.1020
429,429000,0.100,-0.281,10562,0.0991
430,430000,0.100,-0.354,10570,0.0962
431,431000,0.100,-0.300,10564,0.0984
432,432000,0.100,0.346,10552,0.1028
433,433000,0.100,0.401,10546,0.1049
434,434000,0.100,-0.391,10574,0.0947
435,435000,0.100,-0.281,10562,0.0991
436,436000,0.100,-0.263,10560,0.0998
437,437000,0.100,-0.290,10563,0.0987
438,438000,0.100,0.291,10558,0.1006
439,439000,0.100,-0.336,10568,0.0969
440,440000,0.100,0.291,10558,0.1006
441,441000,0.100,0.437,10542,0.1064
442,442000,0.100,0.455,10540,0.1071
443,443000,0.100,-0.263,10560,0.0998
444,444000,0.100,-0.263,10560,0.0998
445,445000,0.100,0.291,10558,0.1006
446,446000,0.100,-0.263,10560,0.0998
447,447000,0.100,0.291,10558,0.1006
448,448000,0.100,-0.372,10572,0.0955
449,449000,0.100,0.319,10555,0.1017
450,450000,0.100,-0.263,10560,0.0998
451,451000,0.100,-0.263,10560,0.0998
452,452000,0.100,-0.263,10560,0.0998
453,453000,0.100,-0.272,10561,0.0995
454,454000,0.100,0.309,10556,0.1013
455,455000,0.100,0.319,10555,0.1017
456,456000,0.100,0.391,10547,0.1046
457,457000,0.100,0.309,10556,0.1013
458,458000,0.100,0.328,10554,0.1020
459,459000,0.100,0.373,10549,0.1038
460,460000,0.100,-0.318,10566,0.0977
461,461000,0.100,0.291,10558,0.1006
462,462000,0.100,-0.536,10590,0.0889
463,463000,0.100,0.364,10550,0.1035
464,464000,0.100,0.309,10556,0.1013
465,465000,0.100,0.346,10552,0.1028
466,466000,0.100,0.346,10552,0.1028
467,467000,0.100,0.319,10555,0.1017
468,468000,0.100,-0.263,10560,0.0998
469,469000,0.100,-0.290,10563,0.0987
470,470000,0.100,0.829,10499,0.1221
471,471000,0.100,0.291,10558,0.1006
472,472000,0.100,0.328,10554,0.1020
473,473000,0.100,-0.263,10560,0.0998
474,474000,0.100,0.319,10555,0.1017
475,475000,0.100,0.401,10546,0.1049
476,476000,0.100,-0.281,10562,0.0991
477,477000,0.100,0.328,10554,0.1020
478,478000,0.100,0.328,10554,0.1020
479,479000,0.100,-0.290,10563,0.0987
480,480000,0.100,-0.263,10560,0.0998
481,481000,0.100,-0.409,10576,0.0940
482,482000,0.100,-0.281,10562,0.0991
483,483000,0.100,0.291,10558,0.1006
484,484000,0.100,-0.409,10576,0.0940
485,485000,0.100,-0.263,10560,0.0998
486,486000,0.100,0.328,10554,0.1020
487,487000,0.100,-0.263,10560,0.0998
488,488000,0.100,0.373,10549,0.1038
489,489000,0.100,0.300,10557,0.1009
490,490000,0.100,-0.263,10560,0.0998
491,491000,0.100,0.291,10558,0.1006
492,492000,0.100,-0.272,10561,0.0995
493,493000,0.100,0.319,10555,0.1017
494,494000,0.100,0.319,10555,0.1017
495,495000,0.100,-0.354,10570,0.0962
496,496000,0.100,0.291,10558,0.1006
497,497000,0.100,0.319,10555,0.1017
498,498000,0.100,0.291,10558,0.1006
499,499000,0.100,-0.391,10574,0.0947
500,500000,0.100,-0.263,10560,0.0998
501,501000,0.100,0.401,10546,0.1049
502,502000,0.100,-0.263,10560,0.0998
503,503000,0.100,-0.281,10562,0.0991
504,504000,0.100,0.309,10556,0.1013
505,505000,0.100,-0.354,10570,0.0962
506,506000,0.100,0.291,10558,0.1006
507,507000,0.100,0.319,10555,0.1017
508,508000,0.100,-0.263,10560,0.0998
509,509000,0.100,-0.263,10560,0.0998
510,510000,0.100,-0.263,10560,0.0998
511,511000,0.100,0.346,10552,0.1028
512,512000,0.100,-0.354,10570,0.0962
513,513000,0.100,0.373,10549,0.1038
514,514000,0.100,-0.263,10560,0.0998
515,515000,0.100,0.355,10551,0.1031
516,516000,0.100,0.382,10548,0.1042
517,517000,0.100,-0.290,10563,0.0987
518,518000,0.100,-0.263,10560,0.0998
519,519000,0.100,0.291,10558,0.1006
520,520000,0.100,-0.281,10562,0.0991
521,521000,0.100,-0.281,10562,0.0991
522,522000,0.100,-0.263,10560,0.0998
523,523000,0.100,0.464,10539,0.1075
524,524000,0.100,-0.263,10560,0.0998
525,525000,0.100,0.300,10557,0.1009
526,526000,0.100,-0.272,10561,0.0995
527,527000,0.100,-0.290,10563,0.0987
528,528000,0.100,0.328,10554,0.1020
529,529000,0.100,-0.290,10563,0.0987
530,530000,0.100,0.291,10558,0.1006
531,531000,0.100,0.309,10556,0.1013
532,532000,0.100,0.510,10534,0.1093
533,533000,0.100,0.328,10554,0.1020
534,534000,0.100,-0.263,10560,0.0998
535,535000,0.100,-0.354,10570,0.0962
536,536000,0.100,-0.272,10561,0.0995
537,537000,0.100,-0.354,10570,0.0962
538,538000,0.100,0.291,10558,0.1006
539,539000,0.100,0.291,10558,0.1006
540,540000,0.100,-0.263,10560,0.0998
541,541000,0.100,0.291,10558,0.1006
542,542000,0.100,0.373,10549,0.1038
543,543000,0.100,-0.281,10562,0.0991
544,544000,0.100,0.838,10498,0.1224
545,545000,0.100,0.291,10558,0.1006
546,546000,0.100,-0.810,10620,0.0780
547,547000,0.100,0.373,10549,0.1038
548,548000,0.100,0.282,10559,0.1002
549,549000,0.100,0.492,10536,0.1086
550,550000,0.100,0.291,10558,0.1006
551,551000,0.100,0.328,10554,0.1020
552,552000,0.100,0.346,10552,0.1028
553,553000,0.100,-0.336,10568,0.0969
554,554000,0.100,0.319,10555,0.1017
555,555000,0.100,-0.263,10560,0.0998
556,556000,0.100,0.319,10555,0.1017
557,557000,0.100,0.309,10556,0.1013
558,558000,0.100,-0.318,10566,0.0977
559,559000,0.100,0.346,10552,0.1028
560,560000,0.100,0.328,10554,0.1020
561,561000,0.100,0.382,10548,0.1042
562,562000,0.100,0.309,10556,0.1013
563,563000,0.100,0.319,10555,0.1017
564,564000,0.100,-0.573,10594,0.0874
565,565000,0.100,-0.263,10560,0.0998
566,566000,0.100,-0.263,10560,0.0998
567,567000,0.100,-0.263,10560,0.0998
568,568000,0.100,-0.263,10560,0.0998
569,569000,0.100,0.519,10533,0.1097
570,570000,0.100,0.328,10554,0.1020
571,571000,0.100,0.309,10556,0.1013
572,572000,0.100,0.291,10558,0.1006
573,573000,0.100,-0.263,10560,0.0998
574,574000,0.100,0.309,10556,0.1013
575,575000,0.100,-0.263,10560,0.0998
576,576000,0.100,0.291,10558,0.1006
577,577000,0.100,-0.263,10560,0.0998
578,578000,0.100,0.984,10482,0.1283
579,579000,0.100,0.537,10531,0.1104
580,580000,0.100,-0.318,10566,0.0977
581,581000,0.100,-0.263,10560,0.0998
582,582000,0.100,-0.281,10562,0.0991
583,583000,0.100,-0.336,10568,0.0969
584,584000,0.100,0.291,10558,0.1006
585,585000,0.100,0.437,10542,0.1064
586,586000,0.100,0.401,10546,0.1049
587,587000,0.100,0.300,10557,0.1009
588,588000,0.100,0.364,10550,0.1035
589,589000,0.100,0.328,10554,0.1020
590,590000,0.100,0.309,10556,0.1013
591,591000,0.100,0.847,10497,0.1228
592,592000,0.100,0.565,10528,0.1115
593,593000,0.100,-0.263,10560,0.0998
594,594000,0.100,-0.263,10560,0.0998
595,595000,0.100,0.328,10554,0.1020
596,596000,0.100,-0.354,10570,0.0962
597,597000,0.100,-0.290,10563,0.0987
598,598000,0.100,0.291,10558,0.1006
599,599000,0.100,-0.719,10610,0.0816
# end capture 27
# capture 28 kp=-25.00 dir=- dt_us=1000 samples=600 sat=0
0,0,-0.100,5.218,10566,0.0977
1,1000,-0.100,5.273,10560,0.0998
2,2000,-0.100,5.246,10563,0.0987
3,3000,-0.100,5.246,10563,0.0987
4,4000,-0.100,5.437,10542,0.1064
5,5000,-0.100,5.255,10562,0.0991
6,6000,-0.100,5.200,10568,0.0969
7,7000,-0.100,5.173,10571,0.0958
8,8000,-0.100,5.145,10574,0.0947
9,9000,-0.100,5.036,10586,0.0904
10,10000,-0.100,4.981,10592,0.0882
11,11000,-0.100,4.927,10598,0.0860
12,12000,-0.100,4.799,10612,0.0809
13,13000,-0.100,4.790,10613,0.0805
14,14000,-0.100,4.617,10632,0.0736
15,15000,-0.100,4.526,10642,0.0699
16,16000,-0.100,4.444,10651,0.0667
17,17000,-0.100,4.307,10666,0.0612
18,18000,-0.100,4.271,10670,0.0597
19,19000,-0.100,4.116,10687,0.0535
20,20000,-0.100,3.942,10706,0.0466
21,21000,-0.100,3.815,10720,0.0415
22,22000,-0.100,3.742,10728,0.0386
23,23000,-0.100,3.614,10742,0.0335
24,24000,-0.100,3.487,10756,0.0284
25,25000,-0.100,3.450,10760,0.0269
26,26000,-0.100,3.633,10740,0.0342
27,27000,-0.100,2.913,10819,0.0054
28,28000,-0.100,3.232,10784,0.0182
29,29000,-0.100,2.867,10824,0.0036
30,30000,-0.100,2.703,10842,-0.0030
31,31000,-0.100,2.630,10850,-0.0059
32,32000,-0.100,2.475,10867,-0.0121
33,33000,-0.100,2.402,10875,-0.0150
34,34000,-0.100,2.302,10886,-0.0190
35,35000,-0.100,2.129,10905,-0.0259
36,36000,-0.100,1.956,10924,-0.0328
37,37000,-0.100,1.865,10934,-0.0365
38,38000,-0.100,1.682,10954,-0.0438
39,39000,-0.100,1.573,10966,-0.0482
40,40000,-0.100,1.427,10982,-0.0540
41,41000,-0.100,1.163,11011,-0.0646
42,42000,-0.100,1.263,11000,-0.0606
43,43000,-0.100,1.117,11016,-0.0664
44,44000,-0.100,1.008,11028,-0.0708
45,45000,-0.100,0.990,11030,-0.0715
46,46000,-0.100,0.826,11048,-0.0780
47,47000,-0.100,0.698,11062,-0.0832
48,48000,-0.100,0.534,11080,-0.0897
49,49000,-0.100,0.352,11100,-0.0970
50,50000,-0.100,0.370,11098,-0.0963
51,51000,-0.100,0.334,11102,-0.0977
52,52000,-0.100,-0.293,11112,-0.1014
53,53000,-0.100,-0.439,11128,-0.1072
54,54000,-0.100,-0.439,11128,-0.1072
55,55000,-0.100,-0.512,11136,-0.1101
56,56000,-0.100,-0.567,11142,-0.1123
57,57000,-0.100,-0.612,11147,-0.1141
58,58000,-0.100,-0.676,11154,-0.1167
59,59000,-0.100,-0.731,11160,-0.1189
60,60000,-0.100,-0.858,11174,-0.1240
61,61000,-0.100,-0.858,11174,-0.1240
62,62000,-0.100,-0.904,11179,-0.1258
63,63000,-0.100,-0.931,11182,-0.1269
64,64000,-0.100,-1.041,11194,-0.1313
65,65000,-0.100,-0.968,11186,-0.1284
66,66000,-0.100,-0.986,11188,-0.1291
67,67000,-0.100,-1.013,11191,-0.1302
68,68000,-0.100,-1.123,11203,-0.1345
69,69000,-0.100,-1.095,11200,-0.1335
70,70000,-0.100,-1.095,11200,-0.1335
71,71000,-0.100,-1.132,11204,-0.1349
72,72000,-0.100,-1.095,11200,-0.1335
73,73000,-0.100,-1.241,11216,-0.1393
74,74000,-0.100,-1.114,11202,-0.1342
75,75000,-0.100,-1.095,11200,-0.1335
76,76000,-0.100,-1.168,11208,-0.1364
77,77000,-0.100,-1.132,11204,-0.1349
78,78000,-0.100,-1.150,11206,-0.1356
79,79000,-0.100,-1.168,11208,-0.1364
80,80000,-0.100,-1.104,11201,-0.1338
81,81000,-0.100,-1.150,11206,-0.1356
82,82000,-0.100,-1.150,11206,-0.1356
83,83000,-0.100,-1.478,11242,-0.1488
84,84000,-0.100,-1.150,11206,-0.1356
85,85000,-0.100,-1.077,11198,-0.1327
86,86000,-0.100,-1.095,11200,-0.1335
87,87000,-0.100,-1.114,11202,-0.1342
88,88000,-0.100,-1.114,11202,-0.1342
89,89000,-0.100,-1.095,11200,-0.1335
90,90000,-0.100,-0.512,11136,-0.1101
91,91000,-0.100,-1.050,11195,-0.1316
92,92000,-0.100,-1.059,11196,-0.1320
93,93000,-0.100,-1.077,11198,-0.1327
94,94000,-0.100,-1.022,11192,-0.1305
95,95000,-0.100,-1.004,11190,-0.1298
96,96000,-0.100,-0.877,11176,-0.1247
97,97000,-0.100,-0.931,11182,-0.1269
98,98000,-0.100,-0.877,11176,-0.1247
99,99000,-0.100,-0.785,11166,-0.1211
100,100000,-0.100,-0.767,11164,-0.1203
101,101000,-0.100,-0.785,11166,-0.1211
102,102000,-0.100,-0.822,11170,-0.1225
103,103000,-0.100,-0.749,11162,-0.1196
104,104000,-0.100,-0.713,11158,-0.1181
105,105000,-0.100,-0.749,11162,-0.1196
106,106000,-0.100,-0.512,11136,-0.1101
107,107000,-0.100,-0.603,11146,-0.1138
108,108000,-0.100,-0.549,11140,-0.1116
109,109000,-0.100,-0.512,11136,-0.1101
110,110000,-0.100,-0.567,11142,-0.1123
111,111000,-0.100,-0.494,11134,-0.1094
112,112000,-0.100,-0.476,11132,-0.1087
113,113000,-0.100,-0.476,11132,-0.1087
114,114000,-0.100,-0.439,11128,-0.1072
115,115000,-0.100,-0.412,11125,-0.1061
116,116000,-0.100,-0.439,11128,-0.1072
117,117000,-0.100,-0.366,11120,-0.1043
118,118000,-0.100,-0.421,11126,-0.1065
119,119000,-0.100,-0.312,11114,-0.1021
120,120000,-0.100,0.662,11066,-0.0846
121,121000,-0.100,0.316,11104,-0.0985
122,122000,-0.100,-0.385,11122,-0.1050
123,123000,-0.100,0.343,11101,-0.0974
124,124000,-0.100,-0.275,11110,-0.1006
125,125000,-0.100,0.370,11098,-0.0963
126,126000,-0.100,0.306,11105,-0.0988
127,127000,-0.100,-0.293,11112,-0.1014
128,128000,-0.100,0.388,11096,-0.0955
129,129000,-0.100,0.279,11108,-0.0999
130,130000,-0.100,0.407,11094,-0.0948
131,131000,-0.100,0.680,11064,-0.0839
132,132000,-0.100,0.507,11083,-0.0908
133,133000,-0.100,0.443,11090,-0.0934
134,134000,-0.100,0.480,11086,-0.0919
135,135000,-0.100,0.443,11090,-0.0934
136,136000,-0.100,0.407,11094,-0.0948
137,137000,-0.100,0.461,11088,-0.0926
138,138000,-0.100,0.379,11097,-0.0959
139,139000,-0.100,0.370,11098,-0.0963
140,140000,-0.100,0.425,11092,-0.0941
141,141000,-0.100,0.398,11095,-0.0952
142,142000,-0.100,0.625,11070,-0.0861
143,143000,-0.100,0.434,11091,-0.0937
144,144000,-0.100,0.288,11107,-0.0996
145,145000,-0.100,0.461,11088,-0.0926
146,146000,-0.100,0.434,11091,-0.0937
147,147000,-0.100,0.425,11092,-0.0941
148,148000,-0.100,0.361,11099,-0.0966
149,149000,-0.100,0.534,11080,-0.0897
150,150000,-0.100,0.388,11096,-0.0955
151,151000,-0.100,0.407,11094,-0.0948
152,152000,-0.100,0.388,11096,-0.0955
153,153000,-0.100,0.425,11092,-0.0941
154,154000,-0.100,-0.512,11136,-0.1101
155,155000,-0.100,0.316,11104,-0.0985
156,156000,-0.100,0.407,11094,-0.0948
157,157000,-0.100,0.434,11091,-0.0937
158,158000,-0.100,0.388,11096,-0.0955
159,159000,-0.100,0.434,11091,-0.0937
160,160000,-0.100,0.443,11090,-0.0934
161,161000,-0.100,0.407,11094,-0.0948
162,162000,-0.100,0.434,11091,-0.0937
163,163000,-0.100,0.407,11094,-0.0948
164,164000,-0.100,0.388,11096,-0.0955
165,165000,-0.100,0.388,11096,-0.0955
166,166000,-0.100,0.388,11096,-0.0955
167,167000,-0.100,0.552,11078,-0.0890
168,168000,-0.100,0.370,11098,-0.0963
169,169000,-0.100,0.370,11098,-0.0963
170,170000,-0.100,0.334,11102,-0.0977
171,171000,-0.100,-0.275,11110,-0.1006
172,172000,-0.100,0.297,11106,-0.0992
173,173000,-0.100,0.370,11098,-0.0963
174,174000,-0.100,0.361,11099,-0.0966
175,175000,-0.100,0.316,11104,-0.0985
176,176000,-0.100,0.297,11106,-0.0992
177,177000,-0.100,-0.275,11110,-0.1006
178,178000,-0.100,0.297,11106,-0.0992
179,179000,-0.100,-0.321,11115,-0.1025
180,180000,-0.100,0.352,11100,-0.0970
181,181000,-0.100,-0.366,11120,-0.1043
182,182000,-0.100,0.297,11106,-0.0992
183,183000,-0.100,0.297,11106,-0.0992
184,184000,-0.100,-0.321,11115,-0.1025
185,185000,-0.100,0.352,11100,-0.0970
186,186000,-0.100,-0.421,11126,-0.1065
187,187000,-0.100,-0.293,11112,-0.1014
188,188000,-0.100,-0.312,11114,-0.1021
189,189000,-0.100,-0.348,11118,-0.1036
190,190000,-0.100,-0.403,11124,-0.1058
191,191000,-0.100,-0.385,11122,-0.1050
192,192000,-0.100,-0.385,11122,-0.1050
193,193000,-0.100,-0.366,11120,-0.1043
194,194000,-0.100,-0.312,11114,-0.1021
195,195000,-0.100,0.370,11098,-0.0963
196,196000,-0.100,-0.293,11112,-0.1014
197,197000,-0.100,-0.293,11112,-0.1014
198,198000,-0.100,-0.275,11110,-0.1006
199,199000,-0.100,-0.312,11114,-0.1021
200,200000,-0.100,-0.275,11110,-0.1006
201,201000,-0.100,-0.348,11118,-0.1036
202,202000,-0.100,-0.366,11120,-0.1043
203,203000,-0.100,-0.266,11109,-0.1003
204,204000,-0.100,-0.603,11146,-0.1138
205,205000,-0.100,-0.321,11115,-0.1025
206,206000,-0.100,-0.275,11110,-0.1006
207,207000,-0.100,-0.385,11122,-0.1050
208,208000,-0.100,0.279,11108,-0.0999
209,209000,-0.100,-0.275,11110,-0.1006
210,210000,-0.100,-0.312,11114,-0.1021
211,211000,-0.100,-0.312,11114,-0.1021
212,212000,-0.100,-0.375,11121,-0.1047
213,213000,-0.100,-0.321,11115,-0.1025
214,214000,-0.100,-0.366,11120,-0.1043
215,215000,-0.100,-0.439,11128,-0.1072
216,216000,-0.100,0.370,11098,-0.0963
217,217000,-0.100,-0.366,11120,-0.1043
218,218000,-0.100,-0.348,11118,-0.1036
219,219000,-0.100,-0.312,11114,-0.1021
220,220000,-0.100,-0.385,11122,-0.1050
221,221000,-0.100,-0.275,11110,-0.1006
222,222000,-0.100,0.297,11106,-0.0992
223,223000,-0.100,-0.293,11112,-0.1014
224,224000,-0.100,-0.312,11114,-0.1021
225,225000,-0.100,0.279,11108,-0.0999
226,226000,-0.100,-0.293,11112,-0.1014
227,227000,-0.100,0.288,11107,-0.0996
228,228000,-0.100,0.316,11104,-0.0985
229,229000,-0.100,0.288,11107,-0.0996
230,230000,-0.100,-0.275,11110,-0.1006
231,231000,-0.100,-0.275,11110,-0.1006
232,232000,-0.100,-0.293,11112,-0.1014
233,233000,-0.100,-0.293,11112,-0.1014
234,234000,-0.100,-0.266,11109,-0.1003
235,235000,-0.100,0.297,11106,-0.0992
236,236000,-0.100,-0.348,11118,-0.1036
237,237000,-0.100,0.297,11106,-0.0992
238,238000,-0.100,0.316,11104,-0.0985
239,239000,-0.100,-0.312,11114,-0.1021
240,240000,-0.100,0.316,11104,-0.0985
241,241000,-0.100,-0.275,11110,-0.1006
242,242000,-0.100,0.288,11107,-0.0996
243,243000,-0.100,-0.275,11110,-0.1006
244,244000,-0.100,0.297,11106,-0.0992
245,245000,-0.100,0.279,11108,-0.0999
246,246000,-0.100,0.297,11106,-0.0992
247,247000,-0.100,0.288,11107,-0.0996
248,248000,-0.100,0.297,11106,-0.0992
249,249000,-0.100,0.279,11108,-0.0999
250,250000,-0.100,-0.348,11118,-0.1036
251,251000,-0.100,0.388,11096,-0.0955
252,252000,-0.100,0.316,11104,-0.0985
253,253000,-0.100,-0.293,11112,-0.1014
254,254000,-0.100,-0.275,11110,-0.1006
255,255000,-0.100,-0.312,11114,-0.1021
256,256000,-0.100,-0.293,11112,-0.1014
257,257000,-0.100,-0.293,11112,-0.1014
258,258000,-0.100,-0.366,11120,-0.1043
259,259000,-0.100,-0.330,11116,-0.1028
260,260000,-0.100,0.279,11108,-0.0999
261,261000,-0.100,-0.275,11110,-0.1006
262,262000,-0.100,0.297,11106,-0.0992
263,263000,-0.100,0.279,11108,-0.0999
264,264000,-0.100,-0.303,11113,-0.1017
265,265000,-0.100,-0.275,11110,-0.1006
266,266000,-0.100,0.288,11107,-0.0996
267,267000,-0.100,0.316,11104,-0.0985
268,268000,-0.100,-0.266,11109,-0.1003
269,269000,-0.100,0.279,11108,-0.0999
270,270000,-0.100,0.288,11107,-0.0996
271,271000,-0.100,0.279,11108,-0.0999
272,272000,-0.100,-0.275,11110,-0.1006
273,273000,-0.100,0.361,11099,-0.0966
274,274000,-0.100,-0.403,11124,-0.1058
275,275000,-0.100,-0.293,11112,-0.1014
276,276000,-0.100,0.279,11108,-0.0999
277,277000,-0.100,-0.275,11110,-0.1006
278,278000,-0.100,-0.293,11112,-0.1014
279,279000,-0.100,0.288,11107,-0.0996
280,280000,-0.100,-0.284,11111,-0.1010
281,281000,-0.100,0.288,11107,-0.0996
282,282000,-0.100,-0.412,11125,-0.1061
283,283000,-0.100,0.388,11096,-0.0955
284,284000,-0.100,0.434,11091,-0.0937
285,285000,-0.100,-0.275,11110,-0.1006
286,286000,-0.100,-0.275,11110,-0.1006
287,287000,-0.100,-0.293,11112,-0.1014
288,288000,-0.100,-0.312,11114,-0.1021
289,289000,-0.100,0.288,11107,-0.0996
290,290000,-0.100,-0.312,11114,-0.1021
291,291000,-0.100,-0.266,11109,-0.1003
292,292000,-0.100,-0.293,11112,-0.1014
293,293000,-0.100,-0.275,11110,-0.1006
294,294000,-0.100,-0.330,11116,-0.1028
295,295000,-0.100,0.297,11106,-0.0992
296,296000,-0.100,-0.621,11148,-0.1145
297,297000,-0.100,0.297,11106,-0.0992
298,298000,-0.100,0.325,11103,-0.0981
299,299000,-0.100,-0.312,11114,-0.1021
300,300000,-0.100,0.443,11090,-0.0934
301,301000,-0.100,0.316,11104,-0.0985
302,302000,-0.100,-0.467,11131,-0.1083
303,303000,-0.100,-0.293,11112,-0.1014
304,304000,-0.100,0.288,11107,-0.0996
305,305000,-0.100,-0.539,11139,-0.1112
306,306000,-0.100,-0.293,11112,-0.1014
307,307000,-0.100,0.297,11106,-0.0992
308,308000,-0.100,0.881,11042,-0.0759
309,309000,-0.100,0.388,11096,-0.0955
310,310000,-0.100,0.279,11108,-0.0999
311,311000,-0.100,0.288,11107,-0.0996
312,312000,-0.100,0.297,11106,-0.0992
313,313000,-0.100,-0.293,11112,-0.1014
314,314000,-0.100,-0.394,11123,-0.1054
315,315000,-0.100,0.316,11104,-0.0985
316,316000,-0.100,-0.530,11138,-0.1109
317,317000,-0.100,0.352,11100,-0.0970
318,318000,-0.100,0.334,11102,-0.0977
319,319000,-0.100,0.279,11108,-0.0999
320,320000,-0.100,0.388,11096,-0.0955
321,321000,-0.100,0.316,11104,-0.0985
322,322000,-0.100,0.288,11107,-0.0996
323,323000,-0.100,-0.275,11110,-0.1006
324,324000,-0.100,0.279,11108,-0.0999
325,325000,-0.100,-0.275,11110,-0.1006
326,326000,-0.100,-0.385,11122,-0.1050
327,327000,-0.100,0.297,11106,-0.0992
328,328000,-0.100,0.334,11102,-0.0977
329,329000,-0.100,-0.275,11110,-0.1006
330,330000,-0.100,-0.366,11120,-0.1043
331,331000,-0.100,-0.321,11115,-0.1025
332,332000,-0.100,-0.275,11110,-0.1006
333,333000,-0.100,-0.293,11112,-0.1014
334,334000,-0.100,0.407,11094,-0.0948
335,335000,-0.100,-0.312,11114,-0.1021
336,336000,-0.100,0.279,11108,-0.0999
337,337000,-0.100,0.352,11100,-0.0970
338,338000,-0.100,-0.293,11112,-0.1014
339,339000,-0.100,0.297,11106,-0.0992
340,340000,-0.100,0.288,11107,-0.0996
341,341000,-0.100,0.361,11099,-0.0966
342,342000,-0.100,-0.275,11110,-0.1006
343,343000,-0.100,-0.275,11110,-0.1006
344,344000,-0.100,-0.321,11115,-0.1025
345,345000,-0.100,-0.312,11114,-0.1021
346,346000,-0.100,0.516,11082,-0.0904
347,347000,-0.100,-0.476,11132,-0.1087
348,348000,-0.100,0.288,11107,-0.0996
349,349000,-0.100,-0.293,11112,-0.1014
350,350000,-0.100,-0.312,11114,-0.1021
351,351000,-0.100,0.279,11108,-0.0999
352,352000,-0.100,-0.321,11115,-0.1025
353,353000,-0.100,-0.275,11110,-0.1006
354,354000,-0.100,-0.293,11112,-0.1014
355,355000,-0.100,-0.348,11118,-0.1036
356,356000,-0.100,-0.312,11114,-0.1021
357,357000,-0.100,-0.275,11110,-0.1006
358,358000,-0.100,0.352,11100,-0.0970
359,359000,-0.100,-0.330,11116,-0.1028
360,360000,-0.100,0.288,11107,-0.0996
361,361000,-0.100,0.288,11107,-0.0996
362,362000,-0.100,0.571,11076,-0.0883
363,363000,-0.100,0.279,11108,-0.0999
364,364000,-0.100,0.316,11104,-0.0985
365,365000,-0.100,0.297,11106,-0.0992
366,366000,-0.100,-0.275,11110,-0.1006
367,367000,-0.100,-0.275,11110,-0.1006
368,368000,-0.100,-0.385,11122,-0.1050
369,369000,-0.100,0.316,11104,-0.0985
370,370000,-0.100,-0.330,11116,-0.1028
371,371000,-0.100,-0.293,11112,-0.1014
372,372000,-0.100,-0.275,11110,-0.1006
373,373000,-0.100,0.297,11106,-0.0992
374,374000,-0.100,0.361,11099,-0.0966
375,375000,-0.100,-0.366,11120,-0.1043
376,376000,-0.100,0.288,11107,-0.0996
377,377000,-0.100,-0.303,11113,-0.1017
378,378000,-0.100,0.407,11094,-0.0948
379,379000,-0.100,0.334,11102,-0.0977
380,380000,-0.100,-0.303,11113,-0.1017
381,381000,-0.100,0.334,11102,-0.0977
382,382000,-0.100,0.279,11108,-0.0999
383,383000,-0.100,0.279,11108,-0.0999
384,384000,-0.100,0.279,11108,-0.0999
385,385000,-0.100,-0.293,11112,-0.1014
386,386000,-0.100,0.297,11106,-0.0992
387,387000,-0.100,0.407,11094,-0.0948
388,388000,-0.100,0.552,11078,-0.0890
389,389000,-0.100,0.288,11107,-0.0996
390,390000,-0.100,0.316,11104,-0.0985
391,391000,-0.100,-0.275,11110,-0.1006
392,392000,-0.100,0.316,11104,-0.0985
393,393000,-0.100,-0.266,11109,-0.1003
394,394000,-0.100,-0.293,11112,-0.1014
395,395000,-0.100,-0.303,11113,-0.1017
396,396000,-0.100,0.407,11094,-0.0948
397,397000,-0.100,-0.421,11126,-0.1065
398,398000,-0.100,-0.293,11112,-0.1014
399,399000,-0.100,-0.275,11110,-0.1006
400,400000,-0.100,-0.275,11110,-0.1006
401,401000,-0.100,0.316,11104,-0.0985
402,402000,-0.100,-0.275,11110,-0.1006
403,403000,-0.100,0.279,11108,-0.0999
404,404000,-0.100,-0.275,11110,-0.1006
405,405000,-0.100,0.279,11108,-0.0999
406,406000,-0.100,-0.330,11116,-0.1028
407,407000,-0.100,0.297,11106,-0.0992
408,408000,-0.100,0.334,11102,-0.0977
409,409000,-0.100,0.334,11102,-0.0977
410,410000,-0.100,-0.312,11114,-0.1021
411,411000,-0.100,0.288,11107,-0.0996
412,412000,-0.100,-0.293,11112,-0.1014
413,413000,-0.100,-0.293,11112,-0.1014
414,414000,-0.100,0.288,11107,-0.0996
415,415000,-0.100,-0.366,11120,-0.1043
416,416000,-0.100,0.297,11106,-0.0992
417,417000,-0.100,-0.284,11111,-0.1010
418,418000,-0.100,-0.312,11114,-0.1021
419,419000,-0.100,0.334,11102,-0.0977
420,420000,-0.100,0.279,11108,-0.0999
421,421000,-0.100,-0.293,11112,-0.1014
422,422000,-0.100,-0.293,11112,-0.1014
423,423000,-0.100,0.316,11104,-0.0985
424,424000,-0.100,0.388,11096,-0.0955
425,425000,-0.100,0.398,11095,-0.0952
426,426000,-0.100,0.461,11088,-0.0926
427,427000,-0.100,-0.275,11110,-0.1006
428,428000,-0.100,0.297,11106,-0.0992
429,429000,-0.100,-0.312,11114,-0.1021
430,430000,-0.100,0.361,11099,-0.0966
431,431000,-0.100,0.288,11107,-0.0996
432,432000,-0.100,-0.275,11110,-0.1006
433,433000,-0.100,-0.275,11110,-0.1006
434,434000,-0.100,-0.321,11115,-0.1025
435,435000,-0.100,0.297,11106,-0.0992
436,436000,-0.100,0.297,11106,-0.0992
437,437000,-0.100,-0.558,11141,-0.1119
438,438000,-0.100,-0.275,11110,-0.1006
439,439000,-0.100,-0.275,11110,-0.1006
440,440000,-0.100,-0.284,11111,-0.1010
441,441000,-0.100,0.334,11102,-0.0977
442,442000,-0.100,-0.275,11110,-0.1006
443,443000,-0.100,-0.312,11114,-0.1021
444,444000,-0.100,0.288,11107,-0.0996
445,445000,-0.100,0.279,11108,-0.0999
446,446000,-0.100,0.279,11108,-0.0999
447,447000,-0.100,0.316,11104,-0.0985
448,448000,-0.100,-0.293,11112,-0.1014
449,449000,-0.100,-0.275,11110,-0.1006
450,450000,-0.100,-0.321,11115,-0.1025
451,451000,-0.100,-0.312,11114,-0.1021
452,452000,-0.100,-0.293,11112,-0.1014
453,453000,-0.100,-0.457,11130,-0.1079
454,454000,-0.100,0.343,11101,-0.0974
455,455000,-0.100,0.316,11104,-0.0985
456,456000,-0.100,0.297,11106,-0.0992
457,457000,-0.100,-0.293,11112,-0.1014
458,458000,-0.100,-0.293,11112,-0.1014
459,459000,-0.100,-0.275,11110,-0.1006
460,460000,-0.100,-0.293,11112,-0.1014
461,461000,-0.100,0.279,11108,-0.0999
462,462000,-0.100,0.297,11106,-0.0992
463,463000,-0.100,-0.275,11110,-0.1006
464,464000,-0.100,0.370,11098,-0.0963
465,465000,-0.100,0.279,11108,-0.0999
466,466000,-0.100,0.279,11108,-0.0999
467,467000,-0.100,-0.312,11114,-0.1021
468,468000,-0.100,-0.275,11110,-0.1006
469,469000,-0.100,-0.275,11110,-0.1006
470,470000,-0.100,0.297,11106,-0.0992
471,471000,-0.100,-0.312,11114,-0.1021
472,472000,-0.100,-0.293,11112,-0.1014
473,473000,-0.100,-0.275,11110,-0.1006
474,474000,-0.100,0.534,11080,-0.0897
475,475000,-0.100,0.297,11106,-0.0992
476,476000,-0.100,-0.312,11114,-0.1021
477,477000,-0.100,-0.275,11110,-0.1006
478,478000,-0.100,-0.403,11124,-0.1058
479,479000,-0.100,0.297,11106,-0.0992
480,480000,-0.100,-0.275,11110,-0.1006
481,481000,-0.100,0.288,11107,-0.0996
482,482000,-0.100,-0.275,11110,-0.1006
483,483000,-0.100,0.297,11106,-0.0992
484,484000,-0.100,0.334,11102,-0.0977
485,485000,-0.100,0.316,11104,-0.0985
486,486000,-0.100,-0.275,11110,-0.1006
487,487000,-0.100,0.352,11100,-0.0970
488,488000,-0.100,-0.312,11114,-0.1021
489,489000,-0.100,-0.293,11112,-0.1014
490,490000,-0.100,-0.457,11130,-0.1079
491,491000,-0.100,-0.312,11114,-0.1021
492,492000,-0.100,-0.348,11118,-0.1036
493,493000,-0.100,-0.348,11118,-0.1036
494,494000,-0.100,0.297,11106,-0.0992
495,495000,-0.100,0.316,11104,-0.0985
496,496000,-0.100,-0.293,11112,-0.1014
497,497000,-0.100,0.279,11108,-0.0999
498,498000,-0.100,-0.293,11112,-0.1014
499,499000,-0.100,0.316,11104,-0.0985
500,500000,-0.100,-0.385,11122,-0.1050
501,501000,-0.100,0.325,11103,-0.0981
502,502000,-0.100,-0.275,11110,-0.1006
503,503000,-0.100,-0.293,11112,-0.1014
504,504000,-0.100,-0.293,11112,-0.1014
505,505000,-0.100,-0.312,11114,-0.1021
506,506000,-0.100,0.279,11108,-0.0999
507,507000,-0.100,-0.312,11114,-0.1021
508,508000,-0.100,0.316,11104,-0.0985
509,509000,-0.100,0.316,11104,-0.0985
510,510000,-0.100,0.297,11106,-0.0992
511,511000,-0.100,-0.312,11114,-0.1021
512,512000,-0.100,-0.275,11110,-0.1006
513,513000,-0.100,0.297,11106,-0.0992
514,514000,-0.100,-0.403,11124,-0.1058
515,515000,-0.100,0.316,11104,-0.0985
516,516000,-0.100,0.279,11108,-0.0999
517,517000,-0.100,-0.293,11112,-0.1014
518,518000,-0.100,0.279,11108,-0.0999
519,519000,-0.100,-0.312,11114,-0.1021
520,520000,-0.100,0.288,11107,-0.0996
521,521000,-0.100,0.461,11088,-0.0926
522,522000,-0.100,-0.293,11112,-0.1014
523,523000,-0.100,0.297,11106,-0.0992
524,524000,-0.100,-0.293,11112,-0.1014
525,525000,-0.100,-0.312,11114,-0.1021
526,526000,-0.100,-0.275,11110,-0.1006
527,527000,-0.100,-0.275,11110,-0.1006
528,528000,-0.100,-0.266,11109,-0.1003
529,529000,-0.100,0.343,11101,-0.0974
530,530000,-0.100,0.297,11106,-0.0992
531,531000,-0.100,-0.275,11110,-0.1006
532,532000,-0.100,-0.275,11110,-0.1006
533,533000,-0.100,-0.293,11112,-0.1014
534,534000,-0.100,-0.321,11115,-0.1025
535,535000,-0.100,0.288,11107,-0.0996
536,536000,-0.100,0.297,11106,-0.0992
537,537000,-0.100,-0.312,11114,-0.1021
538,538000,-0.100,-0.494,11134,-0.1094
539,539000,-0.100,-0.293,11112,-0.1014
540,540000,-0.100,0.297,11106,-0.0992
541,541000,-0.100,0.297,11106,-0.0992
542,542000,-0.100,-0.293,11112,-0.1014
543,543000,-0.100,-0.275,11110,-0.1006
544,544000,-0.100,0.297,11106,-0.0992
545,545000,-0.100,-0.293,11112,-0.1014
546,546000,-0.100,0.370,11098,-0.0963
547,547000,-0.100,-0.293,11112,-0.1014
548,548000,-0.100,-0.275,11110,-0.1006
549,549000,-0.100,-0.312,11114,-0.1021
550,550000,-0.100,0.288,11107,-0.0996
551,551000,-0.100,0.297,11106,-0.0992
552,552000,-0.100,-0.312,11114,-0.1021
553,553000,-0.100,0.316,11104,-0.0985
554,554000,-0.100,0.306,11105,-0.0988
555,555000,-0.100,-0.275,11110,-0.1006
556,556000,-0.100,-0.293,11112,-0.1014
557,557000,-0.100,0.316,11104,-0.0985
558,558000,-0.100,0.343,11101,-0.0974
559,559000,-0.100,0.316,11104,-0.0985
560,560000,-0.100,-0.293,11112,-0.1014
561,561000,-0.100,-0.348,11118,-0.1036
562,562000,-0.100,0.316,11104,-0.0985
563,563000,-0.100,-0.266,11109,-0.1003
564,564000,-0.100,-0.366,11120,-0.1043
565,565000,-0.100,-0.275,11110,-0.1006
566,566000,-0.100,0.297,11106,-0.0992
567,567000,-0.100,0.288,11107,-0.0996
568,568000,-0.100,0.297,11106,-0.0992
569,569000,-0.100,0.279,11108,-0.0999
570,570000,-0.100,-0.293,11112,-0.1014
571,571000,-0.100,0.279,11108,-0.0999
572,572000,-0.100,0.297,11106,-0.0992
573,573000,-0.100,0.288,11107,-0.0996
574,574000,-0.100,0.316,11104,-0.0985
575,575000,-0.100,0.288,11107,-0.0996
576,576000,-0.100,0.279,11108,-0.0999
577,577000,-0.100,0.279,11108,-0.0999
578,578000,-0.100,0.316,11104,-0.0985
579,579000,-0.100,0.279,11108,-0.0999
580,580000,-0.100,0.297,11106,-0.0992
581,581000,-0.100,-0.293,11112,-0.1014
582,582000,-0.100,-0.275,11110,-0.1006
583,583000,-0.100,-0.321,11115,-0.1025
584,584000,-0.100,-0.275,11110,-0.1006
585,585000,-0.100,-0.330,11116,-0.1028
586,586000,-0.100,-0.385,11122,-0.1050
587,587000,-0.100,-0.348,11118,-0.1036
588,588000,-0.100,0.288,11107,-0.0996
589,589000,-0.100,0.297,11106,-0.0992
590,590000,-0.100,-0.403,11124,-0.1058
591,591000,-0.100,-0.275,11110,-0.1006
592,592000,-0.100,-0.348,11118,-0.1036
593,593000,-0.100,-0.275,11110,-0.1006
594,594000,-0.100,-0.312,11114,-0.1021
595,595000,-0.100,-0.312,11114,-0.1021
596,596000,-0.100,-0.275,11110,-0.1006
597,597000,-0.100,0.316,11104,-0.0985
598,598000,-0.100,0.388,11096,-0.0955
599,599000,-0.100,-0.467,11131,-0.1083
# end capture 28
# batch capture 5/5
# capture 29 kp=-25.00 dir=- dt_us=1000 samples=600 sat=0
0,0,-0.100,5.255,10562,0.0991
1,1000,-0.100,5.328,10554,0.1020
2,2000,-0.100,5.273,10560,0.0998
3,3000,-0.100,5.246,10563,0.0987
4,4000,-0.100,5.173,10571,0.0958
5,5000,-0.100,5.182,10570,0.0962
6,6000,-0.100,5.154,10573,0.0951
7,7000,-0.100,5.054,10584,0.0911
8,8000,-0.100,5.036,10586,0.0904
9,9000,-0.100,4.972,10593,0.0878
10,10000,-0.100,4.927,10598,0.0860
11,11000,-0.100,4.836,10608,0.0823
12,12000,-0.100,4.690,10624,0.0765
13,13000,-0.100,4.599,10634,0.0729
14,14000,-0.100,4.343,10662,0.0627
15,15000,-0.100,4.325,10664,0.0619
16,16000,-0.100,4.252,10672,0.0590
17,17000,-0.100,4.152,10683,0.0550
18,18000,-0.100,4.088,10690,0.0525
19,19000,-0.100,4.006,10699,0.0492
20,20000,-0.100,3.851,10716,0.0430
21,21000,-0.100,3.797,10722,0.0408
22,22000,-0.100,3.596,10744,0.0328
23,23000,-0.100,3.523,10752,0.0299
24,24000,-0.100,3.432,10762,0.0262
25,25000,-0.100,2.621,10851,-0.0062
26,26000,-0.100,3.159,10792,0.0153
27,27000,-0.100,3.104,10798,0.0131
28,28000,-0.100,2.995,10810,0.0087
29,29000,-0.100,2.867,10824,0.0036
30,30000,-0.100,2.685,10844,-0.0037
31,31000,-0.100,2.475,10867,-0.0121
32,32000,-0.100,2.357,10880,-0.0168
33,33000,-0.100,2.266,10890,-0.0205
34,34000,-0.100,2.411,10874,-0.0146
35,35000,-0.100,1.992,10920,-0.0314
36,36000,-0.100,1.865,10934,-0.0365
37,37000,-0.100,1.810,10940,-0.0387
38,38000,-0.100,2.011,10918,-0.0307
39,39000,-0.100,1.600,10963,-0.0471
40,40000,-0.100,1.464,10978,-0.0525
41,41000,-0.100,1.245,11002,-0.0613
42,42000,-0.100,1.336,10992,-0.0576
43,43000,-0.100,1.099,11018,-0.0671
44,44000,-0.100,1.026,11026,-0.0700
45,45000,-0.100,0.871,11043,-0.0762
46,46000,-0.100,0.808,11050,-0.0788
47,47000,-0.100,0.680,11064,-0.0839
48,48000,-0.100,0.698,11062,-0.0832
49,49000,-0.100,0.480,11086,-0.0919
50,50000,-0.100,0.370,11098,-0.0963
51,51000,-0.100,0.316,11104,-0.0985
52,52000,-0.100,-0.312,11114,-0.1021
53,53000,-0.100,-0.366,11120,-0.1043
54,54000,-0.100,-0.439,11128,-0.1072
55,55000,-0.100,-0.713,11158,-0.1181
56,56000,-0.100,-0.603,11146,-0.1138
57,57000,-0.100,-0.539,11139,-0.1112
58,58000,-0.100,-0.731,11160,-0.1189
59,59000,-0.100,-0.749,11162,-0.1196
60,60000,-0.100,-0.858,11174,-0.1240
61,61000,-0.100,-0.877,11176,-0.1247
62,62000,-0.100,-0.913,11180,-0.1262
63,63000,-0.100,-0.950,11184,-0.1276
64,64000,-0.100,-1.032,11193,-0.1309
65,65000,-0.100,-0.904,11179,-0.1258
66,66000,-0.100,-1.041,11194,-0.1313
67,67000,-0.100,-0.913,11180,-0.1262
68,68000,-0.100,-1.022,11192,-0.1305
69,69000,-0.100,-1.095,11200,-0.1335
70,70000,-0.100,-1.059,11196,-0.1320
71,71000,-0.100,-1.114,11202,-0.1342
72,72000,-0.100,-1.223,11214,-0.1386
73,73000,-0.100,-1.050,11195,-0.1316
74,74000,-0.100,-1.095,11200,-0.1335
75,75000,-0.100,-1.132,11204,-0.1349
76,76000,-0.100,-1.141,11205,-0.1353
77,77000,-0.100,-1.114,11202,-0.1342
78,78000,-0.100,-1.114,11202,-0.1342
79,79000,-0.100,-1.241,11216,-0.1393
80,80000,-0.100,-1.114,11202,-0.1342
81,81000,-0.100,-1.114,11202,-0.1342
82,82000,-0.100,-1.123,11203,-0.1345
83,83000,-0.100,-1.132,11204,-0.1349
84,84000,-0.100,-1.241,11216,-0.1393
85,85000,-0.100,-1.114,11202,-0.1342
86,86000,-0.100,-1.460,11240,-0.1480
87,87000,-0.100,-1.059,11196,-0.1320
88,88000,-0.100,-1.068,11197,-0.1324
89,89000,-0.100,-0.968,11186,-0.1284
90,90000,-0.100,-1.050,11195,-0.1316
91,91000,-0.100,-0.977,11187,-0.1287
92,92000,-0.100,-0.977,11187,-0.1287
93,93000,-0.100,-0.931,11182,-0.1269
94,94000,-0.100,-1.022,11192,-0.1305
95,95000,-0.100,-0.895,11178,-0.1254
96,96000,-0.100,-0.931,11182,-0.1269
97,97000,-0.100,-0.831,11171,-0.1229
98,98000,-0.100,-0.886,11177,-0.1251
99,99000,-0.100,-0.840,11172,-0.1232
100,100000,-0.100,-0.858,11174,-0.1240
101,101000,-0.100,-0.467,11131,-0.1083
102,102000,-0.100,-0.740,11161,-0.1192
103,103000,-0.100,-0.685,11155,-0.1171
104,104000,-0.100,-0.621,11148,-0.1145
105,105000,-0.100,-0.640,11150,-0.1152
106,106000,-0.100,-0.658,11152,-0.1160
107,107000,-0.100,-0.567,11142,-0.1123
108,108000,-0.100,-0.530,11138,-0.1109
109,109000,-0.100,-0.612,11147,-0.1141
110,110000,-0.100,-0.403,11124,-0.1058
111,111000,-0.100,-0.467,11131,-0.1083
112,112000,-0.100,-0.457,11130,-0.1079
113,113000,-0.100,-0.430,11127,-0.1068
114,114000,-0.100,-0.385,11122,-0.1050
115,115000,-0.100,-0.385,11122,-0.1050
116,116000,-0.100,-0.366,11120,-0.1043
117,117000,-0.100,0.316,11104,-0.0985
118,118000,-0.100,-0.366,11120,-0.1043
119,119000,-0.100,-0.330,11116,-0.1028
120,120000,-0.100,-0.293,11112,-0.1014
121,121000,-0.100,-0.293,11112,-0.1014
122,122000,-0.100,0.297,11106,-0.0992
123,123000,-0.100,0.288,11107,-0.0996
124,124000,-0.100,0.361,11099,-0.0966
125,125000,-0.100,0.352,11100,-0.0970
126,126000,-0.100,0.370,11098,-0.0963
127,127000,-0.100,0.352,11100,-0.0970
128,128000,-0.100,0.388,11096,-0.0955
129,129000,-0.100,0.316,11104,-0.0985
130,130000,-0.100,0.425,11092,-0.0941
131,131000,-0.100,0.379,11097,-0.0959
132,132000,-0.100,0.425,11092,-0.0941
133,133000,-0.100,0.516,11082,-0.0904
134,134000,-0.100,0.370,11098,-0.0963
135,135000,-0.100,0.516,11082,-0.0904
136,136000,-0.100,0.434,11091,-0.0937
137,137000,-0.100,0.388,11096,-0.0955
138,138000,-0.100,0.407,11094,-0.0948
139,139000,-0.100,0.498,11084,-0.0912
140,140000,-0.100,0.370,11098,-0.0963
141,141000,-0.100,0.443,11090,-0.0934
142,142000,-0.100,0.461,11088,-0.0926
143,143000,-0.100,0.388,11096,-0.0955
144,144000,-0.100,0.425,11092,-0.0941
145,145000,-0.100,0.407,11094,-0.0948
146,146000,-0.100,0.316,11104,-0.0985
147,147000,-0.100,0.425,11092,-0.0941
148,148000,-0.100,0.480,11086,-0.0919
149,149000,-0.100,0.425,11092,-0.0941
150,150000,-0.100,-0.467,11131,-0.1083
151,151000,-0.100,0.425,11092,-0.0941
152,152000,-0.100,-0.457,11130,-0.1079
153,153000,-0.100,0.580,11075,-0.0879
154,154000,-0.100,0.379,11097,-0.0959
155,155000,-0.100,0.370,11098,-0.0963
156,156000,-0.100,0.443,11090,-0.0934
157,157000,-0.100,0.370,11098,-0.0963
158,158000,-0.100,0.461,11088,-0.0926
159,159000,-0.100,0.461,11088,-0.0926
160,160000,-0.100,0.370,11098,-0.0963
161,161000,-0.100,0.516,11082,-0.0904
162,162000,-0.100,0.407,11094,-0.0948
163,163000,-0.100,0.416,11093,-0.0945
164,164000,-0.100,0.388,11096,-0.0955
165,165000,-0.100,0.370,11098,-0.0963
166,166000,-0.100,0.480,11086,-0.0919
167,167000,-0.100,0.461,11088,-0.0926
168,168000,-0.100,0.316,11104,-0.0985
169,169000,-0.100,0.589,11074,-0.0875
170,170000,-0.100,0.388,11096,-0.0955
171,171000,-0.100,0.334,11102,-0.0977
172,172000,-0.100,0.297,11106,-0.0992
173,173000,-0.100,0.316,11104,-0.0985
174,174000,-0.100,0.316,11104,-0.0985
175,175000,-0.100,0.352,11100,-0.0970
176,176000,-0.100,0.297,11106,-0.0992
177,177000,-0.100,0.279,11108,-0.0999
178,178000,-0.100,-0.266,11109,-0.1003
179,179000,-0.100,-0.275,11110,-0.1006
180,180000,-0.100,-0.366,11120,-0.1043
181,181000,-0.100,0.288,11107,-0.0996
182,182000,-0.100,0.316,11104,-0.0985
183,183000,-0.100,-0.284,11111,-0.1010
184,184000,-0.100,-0.330,11116,-0.1028
185,185000,-0.100,-0.339,11117,-0.1032
186,186000,-0.100,-0.312,11114,-0.1021
187,187000,-0.100,0.534,11080,-0.0897
188,188000,-0.100,0.316,11104,-0.0985
189,189000,-0.100,-0.275,11110,-0.1006
190,190000,-0.100,-0.293,11112,-0.1014
191,191000,-0.100,-0.312,11114,-0.1021
192,192000,-0.100,-0.293,11112,-0.1014
193,193000,-0.100,-0.348,11118,-0.1036
194,194000,-0.100,-0.312,11114,-0.1021
195,195000,-0.100,0.297,11106,-0.0992
196,196000,-0.100,-0.303,11113,-0.1017
197,197000,-0.100,-0.312,11114,-0.1021
198,198000,-0.100,-0.312,11114,-0.1021
199,199000,-0.100,-0.348,11118,-0.1036
200,200000,-0.100,-0.403,11124,-0.1058
201,201000,-0.100,-0.439,11128,-0.1072
202,202000,-0.100,-0.366,11120,-0.1043
203,203000,-0.100,-0.293,11112,-0.1014
204,204000,-0.100,-0.385,11122,-0.1050
205,205000,-0.100,-0.293,11112,-0.1014
206,206000,-0.100,-0.312,11114,-0.1021
207,207000,-0.100,-0.312,11114,-0.1021
208,208000,-0.100,-0.330,11116,-0.1028
209,209000,-0.100,-0.275,11110,-0.1006
210,210000,-0.100,-0.339,11117,-0.1032
211,211000,-0.100,-0.312,11114,-0.1021
212,212000,-0.100,0.334,11102,-0.0977
213,213000,-0.100,-0.312,11114,-0.1021
214,214000,-0.100,-0.330,11116,-0.1028
215,215000,-0.100,-0.512,11136,-0.1101
216,216000,-0.100,-0.366,11120,-0.1043
217,217000,-0.100,-0.348,11118,-0.1036
218,218000,-0.100,-0.385,11122,-0.1050
219,219000,-0.100,-0.439,11128,-0.1072
220,220000,-0.100,-0.539,11139,-0.1112
221,221000,-0.100,-0.312,11114,-0.1021
222,222000,-0.100,-0.312,11114,-0.1021
223,223000,-0.100,-0.312,11114,-0.1021
224,224000,-0.100,-0.312,11114,-0.1021
225,225000,-0.100,-0.330,11116,-0.1028
226,226000,-0.100,-0.348,11118,-0.1036
227,227000,-0.100,0.279,11108,-0.0999
228,228000,-0.100,-0.275,11110,-0.1006
229,229000,-0.100,0.297,11106,-0.0992
230,230000,-0.100,-0.293,11112,-0.1014
231,231000,-0.100,0.306,11105,-0.0988
232,232000,-0.100,-0.275,11110,-0.1006
233,233000,-0.100,0.480,11086,-0.0919
234,234000,-0.100,0.297,11106,-0.0992
235,235000,-0.100,0.507,11083,-0.0908
236,236000,-0.100,-0.312,11114,-0.1021
237,237000,-0.100,-0.312,11114,-0.1021
238,238000,-0.100,0.279,11108,-0.0999
239,239000,-0.100,0.316,11104,-0.0985
240,240000,-0.100,0.443,11090,-0.0934
241,241000,-0.100,0.288,11107,-0.0996
242,242000,-0.100,0.334,11102,-0.0977
243,243000,-0.100,0.297,11106,-0.0992
244,244000,-0.100,0.297,11106,-0.0992
245,245000,-0.100,-0.293,11112,-0.1014
246,246000,-0.100,0.334,11102,-0.0977
247,247000,-0.100,0.279,11108,-0.0999
248,248000,-0.100,0.297,11106,-0.0992
249,249000,-0.100,-0.366,11120,-0.1043
250,250000,-0.100,0.297,11106,-0.0992
251,251000,-0.100,0.297,11106,-0.0992
252,252000,-0.100,-0.321,11115,-0.1025
253,253000,-0.100,-0.275,11110,-0.1006
254,254000,-0.100,0.288,11107,-0.0996
255,255000,-0.100,-0.312,11114,-0.1021
256,256000,-0.100,-0.293,11112,-0.1014
257,257000,-0.100,-0.312,11114,-0.1021
258,258000,-0.100,0.334,11102,-0.0977
259,259000,-0.100,0.279,11108,-0.0999
260,260000,-0.100,0.316,11104,-0.0985
261,261000,-0.100,-0.330,11116,-0.1028
262,262000,-0.100,0.297,11106,-0.0992
263,263000,-0.100,0.297,11106,-0.0992
264,264000,-0.100,0.288,11107,-0.0996
265,265000,-0.100,0.279,11108,-0.0999
266,266000,-0.100,0.316,11104,-0.0985
267,267000,-0.100,0.288,11107,-0.0996
268,268000,-0.100,-0.266,11109,-0.1003
269,269000,-0.100,0.407,11094,-0.0948
270,270000,-0.100,-0.293,11112,-0.1014
271,271000,-0.100,0.279,11108,-0.0999
272,272000,-0.100,0.297,11106,-0.0992
273,273000,-0.100,0.352,11100,-0.0970
274,274000,-0.100,0.297,11106,-0.0992
275,275000,-0.100,-0.293,11112,-0.1014
276,276000,-0.100,0.297,11106,-0.0992
277,277000,-0.100,0.316,11104,-0.0985
278,278000,-0.100,0.279,11108,-0.0999
279,279000,-0.100,0.316,11104,-0.0985
280,280000,-0.100,0.297,11106,-0.0992
281,281000,-0.100,-0.385,11122,-0.1050
282,282000,-0.100,0.297,11106,-0.0992
283,283000,-0.100,0.352,11100,-0.0970
284,284000,-0.100,0.288,11107,-0.0996
285,285000,-0.100,0.279,11108,-0.0999
286,286000,-0.100,0.398,11095,-0.0952
287,287000,-0.100,-0.275,11110,-0.1006
288,288000,-0.100,-0.348,11118,-0.1036
289,289000,-0.100,0.534,11080,-0.0897
290,290000,-0.100,-0.293,11112,-0.1014
291,291000,-0.100,0.279,11108,-0.0999
292,292000,-0.100,0.297,11106,-0.0992
293,293000,-0.100,0.288,11107,-0.0996
294,294000,-0.100,0.297,11106,-0.0992
295,295000,-0.100,-0.321,11115,-0.1025
296,296000,-0.100,0.288,11107,-0.0996
297,297000,-0.100,-0.549,11140,-0.1116
298,298000,-0.100,0.288,11107,-0.0996
299,299000,-0.100,0.343,11101,-0.0974
300,300000,-0.100,-0.293,11112,-0.1014
301,301000,-0.100,0.334,11102,-0.0977
302,302000,-0.100,0.297,11106,-0.0992
303,303000,-0.100,0.370,11098,-0.0963
304,304000,-0.100,0.316,11104,-0.0985
305,305000,-0.100,-0.303,11113,-0.1017
306,306000,-0.100,0.297,11106,-0.0992
307,307000,-0.100,0.288,11107,-0.0996
308,308000,-0.100,0.297,11106,-0.0992
309,309000,-0.100,0.279,11108,-0.0999
310,310000,-0.100,0.316,11104,-0.0985
311,311000,-0.100,-0.348,11118,-0.1036
312,312000,-0.100,0.279,11108,-0.0999
313,313000,-0.100,-0.293,11112,-0.1014
314,314000,-0.100,0.297,11106,-0.0992
315,315000,-0.100,-0.348,11118,-0.1036
316,316000,-0.100,-0.293,11112,-0.1014
317,317000,-0.100,0.279,11108,-0.0999
318,318000,-0.100,0.297,11106,-0.0992
319,319000,-0.100,0.552,11078,-0.0890
320,320000,-0.100,-0.312,11114,-0.1021
321,321000,-0.100,0.297,11106,-0.0992
322,322000,-0.100,0.388,11096,-0.0955
323,323000,-0.100,0.316,11104,-0.0985
324,324000,-0.100,-0.275,11110,-0.1006
325,325000,-0.100,0.288,11107,-0.0996
326,326000,-0.100,0.288,11107,-0.0996
327,327000,-0.100,0.297,11106,-0.0992
328,328000,-0.100,0.316,11104,-0.0985
329,329000,-0.100,-0.312,11114,-0.1021
330,330000,-0.100,0.279,11108,-0.0999
331,331000,-0.100,0.625,11070,-0.0861
332,332000,-0.100,-0.293,11112,-0.1014
333,333000,-0.100,0.297,11106,-0.0992
334,334000,-0.100,0.288,11107,-0.0996
335,335000,-0.100,-0.312,11114,-0.1021
336,336000,-0.100,-0.366,11120,-0.1043
337,337000,-0.100,-0.275,11110,-0.1006
338,338000,-0.100,-0.275,11110,-0.1006
339,339000,-0.100,-0.275,11110,-0.1006
340,340000,-0.100,-0.275,11110,-0.1006
341,341000,-0.100,0.334,11102,-0.0977
342,342000,-0.100,-0.293,11112,-0.1014
343,343000,-0.100,-0.275,11110,-0.1006
344,344000,-0.100,-0.275,11110,-0.1006
345,345000,-0.100,0.443,11090,-0.0934
346,346000,-0.100,0.288,11107,-0.0996
347,347000,-0.100,-0.394,11123,-0.1054
348,348000,-0.100,-0.293,11112,-0.1014
349,349000,-0.100,-0.275,11110,-0.1006
350,350000,-0.100,-0.303,11113,-0.1017
351,351000,-0.100,-0.366,11120,-0.1043
352,352000,-0.100,0.316,11104,-0.0985
353,353000,-0.100,0.279,11108,-0.0999
354,354000,-0.100,-0.293,11112,-0.1014
355,355000,-0.100,0.288,11107,-0.0996
356,356000,-0.100,-0.275,11110,-0.1006
357,357000,-0.100,0.279,11108,-0.0999
358,358000,-0.100,-0.293,11112,-0.1014
359,359000,-0.100,0.316,11104,-0.0985
360,360000,-0.100,0.343,11101,-0.0974
361,361000,-0.100,-0.403,11124,-0.1058
362,362000,-0.100,-0.293,11112,-0.1014
363,363000,-0.100,-0.758,11163,-0.1200
364,364000,-0.100,0.279,11108,-0.0999
365,365000,-0.100,0.279,11108,-0.0999
366,366000,-0.100,-0.312,11114,-0.1021
367,367000,-0.100,-0.375,11121,-0.1047
368,368000,-0.100,-0.266,11109,-0.1003
369,369000,-0.100,0.297,11106,-0.0992
370,370000,-0.100,0.297,11106,-0.0992
371,371000,-0.100,0.279,11108,-0.0999
372,372000,-0.100,0.288,11107,-0.0996
373,373000,-0.100,0.297,11106,-0.0992
374,374000,-0.100,0.279,11108,-0.0999
375,375000,-0.100,0.571,11076,-0.0883
376,376000,-0.100,-0.275,11110,-0.1006
377,377000,-0.100,0.297,11106,-0.0992
378,378000,-0.100,0.297,11106,-0.0992
379,379000,-0.100,-0.275,11110,-0.1006
380,380000,-0.100,0.297,11106,-0.0992
381,381000,-0.100,0.288,11107,-0.0996
382,382000,-0.100,-0.385,11122,-0.1050
383,383000,-0.100,-0.293,11112,-0.1014
384,384000,-0.100,-0.275,11110,-0.1006
385,385000,-0.100,-0.467,11131,-0.1083
386,386000,-0.100,0.297,11106,-0.0992
387,387000,-0.100,-0.293,11112,-0.1014
388,388000,-0.100,0.279,11108,-0.0999
389,389000,-0.100,0.316,11104,-0.0985
390,390000,-0.100,-0.366,11120,-0.1043
391,391000,-0.100,-0.312,11114,-0.1021
392,392000,-0.100,-0.312,11114,-0.1021
393,393000,-0.100,0.279,11108,-0.0999
394,394000,-0.100,0.288,11107,-0.0996
395,395000,-0.100,0.370,11098,-0.0963
396,396000,-0.100,0.334,11102,-0.0977
397,397000,-0.100,-0.275,11110,-0.1006
398,398000,-0.100,-0.275,11110,-0.1006
399,399000,-0.100,-0.348,11118,-0.1036
400,400000,-0.100,0.297,11106,-0.0992
401,401000,-0.100,-0.293,11112,-0.1014
402,402000,-0.100,-0.275,11110,-0.1006
403,403000,-0.100,-0.439,11128,-0.1072
404,404000,-0.100,-0.275,11110,-0.1006
405,405000,-0.100,-0.275,11110,-0.1006
406,406000,-0.100,-0.312,11114,-0.1021
407,407000,-0.100,0.316,11104,-0.0985
408,408000,-0.100,-0.275,11110,-0.1006
409,409000,-0.100,0.370,11098,-0.0963
410,410000,-0.100,-0.266,11109,-0.1003
411,411000,-0.100,0.316,11104,-0.0985
412,412000,-0.100,-0.312,11114,-0.1021
413,413000,-0.100,0.334,11102,-0.0977
414,414000,-0.100,0.334,11102,-0.0977
415,415000,-0.100,0.279,11108,-0.0999
416,416000,-0.100,0.370,11098,-0.0963
417,417000,-0.100,0.316,11104,-0.0985
418,418000,-0.100,-0.348,11118,-0.1036
419,419000,-0.100,0.316,11104,-0.0985
420,420000,-0.100,-0.303,11113,-0.1017
421,421000,-0.100,0.407,11094,-0.0948
422,422000,-0.100,0.407,11094,-0.0948
423,423000,-0.100,-0.321,11115,-0.1025
424,424000,-0.100,-0.348,11118,-0.1036
425,425000,-0.100,0.297,11106,-0.0992
426,426000,-0.100,0.297,11106,-0.0992
427,427000,-0.100,0.370,11098,-0.0963
428,428000,-0.100,-0.321,11115,-0.1025
429,429000,-0.100,0.288,11107,-0.0996
430,430000,-0.100,0.425,11092,-0.0941
431,431000,-0.100,0.361,11099,-0.0966
432,432000,-0.100,0.279,11108,-0.0999
433,433000,-0.100,0.316,11104,-0.0985
434,434000,-0.100,-0.275,11110,-0.1006
435,435000,-0.100,-0.293,11112,-0.1014
436,436000,-0.100,0.316,11104,-0.0985
437,437000,-0.100,-0.293,11112,-0.1014
438,438000,-0.100,-0.293,11112,-0.1014
439,439000,-0.100,0.279,11108,-0.0999
440,440000,-0.100,-0.275,11110,-0.1006
441,441000,-0.100,0.607,11072,-0.0868
442,442000,-0.100,0.370,11098,-0.0963
443,443000,-0.100,-0.275,11110,-0.1006
444,444000,-0.100,-0.266,11109,-0.1003
445,445000,-0.100,-0.293,11112,-0.1014
446,446000,-0.100,-0.293,11112,-0.1014
447,447000,-0.100,0.297,11106,-0.0992
448,448000,-0.100,0.279,11108,-0.0999
449,449000,-0.100,0.534,11080,-0.0897
450,450000,-0.100,0.316,11104,-0.0985
451,451000,-0.100,0.297,11106,-0.0992
452,452000,-0.100,-0.330,11116,-0.1028
453,453000,-0.100,-0.293,11112,-0.1014
454,454000,-0.100,-0.275,11110,-0.1006
455,455000,-0.100,-0.321,11115,-0.1025
456,456000,-0.100,0.370,11098,-0.0963
457,457000,-0.100,0.306,11105,-0.0988
458,458000,-0.100,0.279,11108,-0.0999
459,459000,-0.100,0.297,11106,-0.0992
460,460000,-0.100,0.288,11107,-0.0996
461,461000,-0.100,0.297,11106,-0.0992
462,462000,-0.100,-0.293,11112,-0.1014
463,463000,-0.100,-0.312,11114,-0.1021
464,464000,-0.100,0.343,11101,-0.0974
465,465000,-0.100,-0.275,11110,-0.1006
466,466000,-0.100,0.297,11106,-0.0992
467,467000,-0.100,0.316,11104,-0.0985
468,468000,-0.100,-0.293,11112,-0.1014
469,469000,-0.100,0.288,11107,-0.0996
470,470000,-0.100,0.279,11108,-0.0999
471,471000,-0.100,-0.275,11110,-0.1006
472,472000,-0.100,-0.312,11114,-0.1021
473,473000,-0.100,-0.612,11147,-0.1141
474,474000,-0.100,0.352,11100,-0.0970
475,475000,-0.100,0.279,11108,-0.0999
476,476000,-0.100,-0.293,11112,-0.1014
477,477000,-0.100,-0.293,11112,-0.1014
478,478000,-0.100,0.316,11104,-0.0985
479,479000,-0.100,-0.293,11112,-0.1014
480,480000,-0.100,0.388,11096,-0.0955
481,481000,-0.100,0.297,11106,-0.0992
482,482000,-0.100,0.288,11107,-0.0996
483,483000,-0.100,0.279,11108,-0.0999
484,484000,-0.100,-0.312,11114,-0.1021
485,485000,-0.100,-0.293,11112,-0.1014
486,486000,-0.100,0.306,11105,-0.0988
487,487000,-0.100,0.279,11108,-0.0999
488,488000,-0.100,-0.457,11130,-0.1079
489,489000,-0.100,-0.275,11110,-0.1006
490,490000,-0.100,-0.293,11112,-0.1014
491,491000,-0.100,0.279,11108,-0.0999
492,492000,-0.100,-0.312,11114,-0.1021
493,493000,-0.100,-0.275,11110,-0.1006
494,494000,-0.100,0.297,11106,-0.0992
495,495000,-0.100,-0.293,11112,-0.1014
496,496000,-0.100,-0.312,11114,-0.1021
497,497000,-0.100,-0.348,11118,-0.1036
498,498000,-0.100,-0.293,11112,-0.1014
499,499000,-0.100,-0.293,11112,-0.1014
500,500000,-0.100,0.279,11108,-0.0999
501,501000,-0.100,0.279,11108,-0.0999
502,502000,-0.100,0.288,11107,-0.0996
503,503000,-0.100,-0.293,11112,-0.1014
504,504000,-0.100,-0.293,11112,-0.1014
505,505000,-0.100,0.288,11107,-0.0996
506,506000,-0.100,-0.412,11125,-0.1061
507,507000,-0.100,-0.366,11120,-0.1043
508,508000,-0.100,-0.312,11114,-0.1021
509,509000,-0.100,0.334,11102,-0.0977
510,510000,-0.100,0.316,11104,-0.0985
511,511000,-0.100,-0.312,11114,-0.1021
512,512000,-0.100,-0.275,11110,-0.1006
513,513000,-0.100,-0.293,11112,-0.1014
514,514000,-0.100,0.370,11098,-0.0963
515,515000,-0.100,0.316,11104,-0.0985
516,516000,-0.100,-0.330,11116,-0.1028
517,517000,-0.100,-0.293,11112,-0.1014
518,518000,-0.100,-0.366,11120,-0.1043
519,519000,-0.100,0.297,11106,-0.0992
520,520000,-0.100,0.461,11088,-0.0926
521,521000,-0.100,0.334,11102,-0.0977
522,522000,-0.100,0.644,11068,-0.0853
523,523000,-0.100,-0.293,11112,-0.1014
524,524000,-0.100,0.288,11107,-0.0996
525,525000,-0.100,-0.293,11112,-0.1014
526,526000,-0.100,0.279,11108,-0.0999
527,527000,-0.100,0.297,11106,-0.0992
528,528000,-0.100,0.279,11108,-0.0999
529,529000,-0.100,-0.293,11112,-0.1014
530,530000,-0.100,-0.275,11110,-0.1006
531,531000,-0.100,-0.293,11112,-0.1014
532,532000,-0.100,-0.366,11120,-0.1043
533,533000,-0.100,0.316,11104,-0.0985
534,534000,-0.100,0.297,11106,-0.0992
535,535000,-0.100,-0.275,11110,-0.1006
536,536000,-0.100,-0.275,11110,-0.1006
537,537000,-0.100,0.316,11104,-0.0985
538,538000,-0.100,0.297,11106,-0.0992
539,539000,-0.100,-0.339,11117,-0.1032
540,540000,-0.100,-0.312,11114,-0.1021
541,541000,-0.100,0.297,11106,-0.0992
542,542000,-0.100,0.297,11106,-0.0992
543,543000,-0.100,-0.366,11120,-0.1043
544,544000,-0.100,-0.293,11112,-0.1014
545,545000,-0.100,-0.275,11110,-0.1006
546,546000,-0.100,-0.293,11112,-0.1014
547,547000,-0.100,0.297,11106,-0.0992
548,548000,-0.100,-0.366,11120,-0.1043
549,549000,-0.100,-0.293,11112,-0.1014
550,550000,-0.100,-0.266,11109,-0.1003
551,551000,-0.100,-0.366,11120,-0.1043
552,552000,-0.100,-0.312,11114,-0.1021
553,553000,-0.100,0.279,11108,-0.0999
554,554000,-0.100,-0.275,11110,-0.1006
555,555000,-0.100,-0.293,11112,-0.1014
556,556000,-0.100,0.279,11108,-0.0999
557,557000,-0.100,-0.293,11112,-0.1014
558,558000,-0.100,-0.293,11112,-0.1014
559,559000,-0.100,-0.293,11112,-0.1014
560,560000,-0.100,-0.366,11120,-0.1043
561,561000,-0.100,-0.303,11113,-0.1017
562,562000,-0.100,0.297,11106,-0.0992
563,563000,-0.100,0.279,11108,-0.0999
564,564000,-0.100,-0.312,11114,-0.1021
565,565000,-0.100,-0.312,11114,-0.1021
566,566000,-0.100,0.288,11107,-0.0996
567,567000,-0.100,0.297,11106,-0.0992
568,568000,-0.100,0.361,11099,-0.0966
569,569000,-0.100,-0.275,11110,-0.1006
570,570000,-0.100,-0.312,11114,-0.1021
571,571000,-0.100,0.334,11102,-0.0977
572,572000,-0.100,-0.275,11110,-0.1006
573,573000,-0.100,-0.312,11114,-0.1021
574,574000,-0.100,-0.275,11110,-0.1006
575,575000,-0.100,0.297,11106,-0.0992
576,576000,-0.100,-0.266,11109,-0.1003
577,577000,-0.100,-0.293,11112,-0.1014
578,578000,-0.100,-0.366,11120,-0.1043
579,579000,-0.100,0.370,11098,-0.0963
580,580000,-0.100,-0.293,11112,-0.1014
581,581000,-0.100,0.316,11104,-0.0985
582,582000,-0.100,0.316,11104,-0.0985
583,583000,-0.100,-0.293,11112,-0.1014
584,584000,-0.100,0.297,11106,-0.0992
585,585000,-0.100,-0.330,11116,-0.1028
586,586000,-0.100,0.370,11098,-0.0963
587,587000,-0.100,0.288,11107,-0.0996
588,588000,-0.100,-0.275,11110,-0.1006
589,589000,-0.100,-0.303,11113,-0.1017
590,590000,-0.100,-0.421,11126,-0.1065
591,591000,-0.100,0.571,11076,-0.0883
592,592000,-0.100,-0.321,11115,-0.1025
593,593000,-0.100,0.279,11108,-0.0999
594,594000,-0.100,0.297,11106,-0.0992
595,595000,-0.100,-0.321,11115,-0.1025
596,596000,-0.100,-0.275,11110,-0.1006
597,597000,-0.100,0.480,11086,-0.0919
598,598000,-0.100,0.306,11105,-0.0988
599,599000,-0.100,0.388,11096,-0.0955
# end capture 29
# capture 30 kp=-25.00 dir=+ dt_us=1000 samples=600 sat=0
0,0,0.100,-5.257,11108,-0.0999
1,1000,0.100,-5.202,11102,-0.0977
2,2000,0.100,-5.348,11118,-0.1036
3,3000,0.100,-5.293,11112,-0.1014
4,4000,0.100,-5.093,11090,-0.0934
5,5000,0.100,-5.239,11106,-0.0992
6,6000,0.100,-5.166,11098,-0.0963
7,7000,0.100,-5.129,11094,-0.0948
8,8000,0.100,-4.947,11074,-0.0875
9,9000,0.100,-5.166,11098,-0.0963
10,10000,0.100,-4.911,11070,-0.0861
11,11000,0.100,-4.810,11059,-0.0821
12,12000,0.100,-4.692,11046,-0.0773
13,13000,0.100,-4.546,11030,-0.0715
14,14000,0.100,-4.218,10994,-0.0584
15,15000,0.100,-4.419,11016,-0.0664
16,16000,0.100,-4.318,11005,-0.0624
17,17000,0.100,-4.400,11014,-0.0657
18,18000,0.100,-4.036,10974,-0.0511
19,19000,0.100,-4.036,10974,-0.0511
20,20000,0.100,-3.890,10958,-0.0452
21,21000,0.100,-3.817,10950,-0.0423
22,22000,0.100,-3.580,10924,-0.0328
23,23000,0.100,-3.525,10918,-0.0307
24,24000,0.100,-3.580,10924,-0.0328
25,25000,0.100,-3.270,10890,-0.0205
26,26000,0.100,-2.869,10846,-0.0044
27,27000,0.100,-3.061,10867,-0.0121
28,28000,0.100,-2.760,10834,-0.0000
29,29000,0.100,-2.742,10832,0.0007
30,30000,0.100,-2.614,10818,0.0058
31,31000,0.100,-2.560,10812,0.0080
32,32000,0.100,-2.432,10798,0.0131
33,33000,0.100,-2.651,10822,0.0043
34,34000,0.100,-2.031,10754,0.0291
35,35000,0.100,-2.067,10758,0.0277
36,36000,0.100,-1.885,10738,0.0350
37,37000,0.100,-1.794,10728,0.0386
38,38000,0.100,-1.594,10706,0.0466
39,39000,0.100,-1.575,10704,0.0473
40,40000,0.100,-1.448,10690,0.0525
41,41000,0.100,-1.338,10678,0.0568
42,42000,0.100,-1.302,10674,0.0583
43,43000,0.100,-1.211,10664,0.0619
44,44000,0.100,-0.700,10608,0.0823
45,45000,0.100,-0.874,10627,0.0754
46,46000,0.100,-0.582,10595,0.0871
47,47000,0.100,-0.682,10606,0.0831
48,48000,0.100,-0.536,10590,0.0889
49,49000,0.100,-0.509,10587,0.0900
50,50000,0.100,-0.418,10577,0.0936
51,51000,0.100,-0.409,10576,0.0940
52,52000,0.100,-0.263,10560,0.0998
53,53000,0.100,0.364,10550,0.1035
54,54000,0.100,0.382,10548,0.1042
55,55000,0.100,0.501,10535,0.1090
56,56000,0.100,0.546,10530,0.1108
57,57000,0.100,0.510,10534,0.1093
58,58000,0.100,0.346,10552,0.1028
59,59000,0.100,0.729,10510,0.1181
60,60000,0.100,1.020,10478,0.1297
61,61000,0.100,0.820,10500,0.1217
62,62000,0.100,0.902,10491,0.1250
63,63000,0.100,0.747,10508,0.1188
64,64000,0.100,1.002,10480,0.1290
65,65000,0.100,0.929,10488,0.1261
66,66000,0.100,1.057,10474,0.1312
67,67000,0.100,1.066,10473,0.1316
68,68000,0.100,1.075,10472,0.1319
69,69000,0.100,1.038,10476,0.1305
70,70000,0.100,1.130,10466,0.1341
71,71000,0.100,0.838,10498,0.1224
72,72000,0.100,1.130,10466,0.1341
73,73000,0.100,1.111,10468,0.1334
74,74000,0.100,1.075,10472,0.1319
75,75000,0.100,1.093,10470,0.1326
76,76000,0.100,1.130,10466,0.1341
77,77000,0.100,1.184,10460,0.1363
78,78000,0.100,1.540,10421,0.1505
79,79000,0.100,1.075,10472,0.1319
80,80000,0.100,1.093,10470,0.1326
81,81000,0.100,1.148,10464,0.1348
82,82000,0.100,1.130,10466,0.1341
83,83000,0.100,1.130,10466,0.1341
84,84000,0.100,1.130,10466,0.1341
85,85000,0.100,1.248,10453,0.1388
86,86000,0.100,1.093,10470,0.1326
87,87000,0.100,1.130,10466,0.1341
88,88000,0.100,1.111,10468,0.1334
89,89000,0.100,0.911,10490,0.1254
90,90000,0.100,1.048,10475,0.1308
91,91000,0.100,1.093,10470,0.1326
92,92000,0.100,0.984,10482,0.1283
93,93000,0.100,1.002,10480,0.1290
94,94000,0.100,0.966,10484,0.1275
95,95000,0.100,0.893,10492,0.1246
96,96000,0.100,1.020,10478,0.1297
97,97000,0.100,0.437,10542,0.1064
98,98000,0.100,0.856,10496,0.1232
99,99000,0.100,0.756,10507,0.1192
100,100000,0.100,0.756,10507,0.1192
101,101000,0.100,0.729,10510,0.1181
102,102000,0.100,0.328,10554,0.1020
103,103000,0.100,0.619,10522,0.1137
104,104000,0.100,0.710,10512,0.1173
105,105000,0.100,0.619,10522,0.1137
106,106000,0.100,0.647,10519,0.1148
107,107000,0.100,0.565,10528,0.1115
108,108000,0.100,0.537,10531,0.1104
109,109000,0.100,0.710,10512,0.1173
110,110000,0.100,0.537,10531,0.1104
111,111000,0.100,0.492,10536,0.1086
112,112000,0.100,0.473,10538,0.1079
113,113000,0.100,0.492,10536,0.1086
114,114000,0.100,0.419,10544,0.1057
115,115000,0.100,0.419,10544,0.1057
116,116000,0.100,-0.391,10574,0.0947
117,117000,0.100,0.364,10550,0.1035
118,118000,0.100,0.382,10548,0.1042
119,119000,0.100,0.328,10554,0.1020
120,120000,0.100,0.309,10556,0.1013
121,121000,0.100,0.319,10555,0.1017
122,122000,0.100,-0.263,10560,0.0998
123,123000,0.100,-0.281,10562,0.0991
124,124000,0.100,-0.290,10563,0.0987
125,125000,0.100,-0.281,10562,0.0991
126,126000,0.100,-0.318,10566,0.0977
127,127000,0.100,-0.281,10562,0.0991
128,128000,0.100,-0.263,10560,0.0998
129,129000,0.100,-0.482,10584,0.0911
130,130000,0.100,-0.445,10580,0.0925
131,131000,0.100,-0.391,10574,0.0947
132,132000,0.100,-0.418,10577,0.0936
133,133000,0.100,-0.409,10576,0.0940
134,134000,0.100,-0.427,10578,0.0933
135,135000,0.100,-0.336,10568,0.0969
136,136000,0.100,0.346,10552,0.1028
137,137000,0.100,-0.382,10573,0.0951
138,138000,0.100,-0.464,10582,0.0918
139,139000,0.100,-0.372,10572,0.0955
140,140000,0.100,-0.409,10576,0.0940
141,141000,0.100,-0.409,10576,0.0940
142,142000,0.100,-0.391,10574,0.0947
143,143000,0.100,-0.391,10574,0.0947
144,144000,0.100,-0.336,10568,0.0969
145,145000,0.100,-0.409,10576,0.0940
146,146000,0.100,-0.409,10576,0.0940
147,147000,0.100,-0.409,10576,0.0940
148,148000,0.100,-0.418,10577,0.0936
149,149000,0.100,-0.500,10586,0.0904
150,150000,0.100,-0.354,10570,0.0962
151,151000,0.100,-0.372,10572,0.0955
152,152000,0.100,-0.409,10576,0.0940
153,153000,0.100,-0.372,10572,0.0955
154,154000,0.100,-0.418,10577,0.0936
155,155000,0.100,-0.354,10570,0.0962
156,156000,0.100,-0.409,10576,0.0940
157,157000,0.100,-0.382,10573,0.0951
158,158000,0.100,-0.409,10576,0.0940
159,159000,0.100,-0.409,10576,0.0940
160,160000,0.100,-0.427,10578,0.0933
161,161000,0.100,-0.409,10576,0.0940
162,162000,0.100,-0.354,10570,0.0962
163,163000,0.100,-0.318,10566,0.0977
164,164000,0.100,-0.354,10570,0.0962
165,165000,0.100,-0.500,10586,0.0904
166,166000,0.100,-0.609,10598,0.0860
167,167000,0.100,-0.354,10570,0.0962
168,168000,0.100,-0.354,10570,0.0962
169,169000,0.100,-0.300,10564,0.0984
170,170000,0.100,-0.318,10566,0.0977
171,171000,0.100,-0.300,10564,0.0984
172,172000,0.100,-0.263,10560,0.0998
173,173000,0.100,0.346,10552,0.1028
174,174000,0.100,-0.263,10560,0.0998
175,175000,0.100,-0.272,10561,0.0995
176,176000,0.100,-0.281,10562,0.0991
177,177000,0.100,-0.263,10560,0.0998
178,178000,0.100,0.319,10555,0.1017
179,179000,0.100,-0.263,10560,0.0998
180,180000,0.100,0.309,10556,0.1013
181,181000,0.100,0.382,10548,0.1042
182,182000,0.100,0.291,10558,0.1006
183,183000,0.100,0.291,10558,0.1006
184,184000,0.100,0.346,10552,0.1028
185,185000,0.100,0.319,10555,0.1017
186,186000,0.100,0.565,10528,0.1115
187,187000,0.100,0.319,10555,0.1017
188,188000,0.100,0.364,10550,0.1035
189,189000,0.100,0.364,10550,0.1035
190,190000,0.100,0.328,10554,0.1020
191,191000,0.100,0.328,10554,0.1020
192,192000,0.100,0.364,10550,0.1035
193,193000,0.100,0.346,10552,0.1028
194,194000,0.100,0.328,10554,0.1020
195,195000,0.100,0.328,10554,0.1020
196,196000,0.100,-0.281,10562,0.0991
197,197000,0.100,0.337,10553,0.1024
198,198000,0.100,-0.263,10560,0.0998
199,199000,0.100,0.328,10554,0.1020
200,200000,0.100,0.346,10552,0.1028
201,201000,0.100,0.319,10555,0.1017
202,202000,0.100,0.382,10548,0.1042
203,203000,0.100,0.364,10550,0.1035
204,204000,0.100,0.291,10558,0.1006
205,205000,0.100,0.319,10555,0.1017
206,206000,0.100,0.309,10556,0.1013
207,207000,0.100,0.346,10552,0.1028
208,208000,0.100,0.364,10550,0.1035
209,209000,0.100,0.337,10553,0.1024
210,210000,0.100,0.364,10550,0.1035
211,211000,0.100,0.328,10554,0.1020
212,212000,0.100,0.346,10552,0.1028
213,213000,0.100,0.328,10554,0.1020
214,214000,0.100,0.300,10557,0.1009
215,215000,0.100,0.319,10555,0.1017
216,216000,0.100,0.328,10554,0.1020
217,217000,0.100,0.319,10555,0.1017
218,218000,0.100,0.346,10552,0.1028
219,219000,0.100,0.346,10552,0.1028
220,220000,0.100,0.319,10555,0.1017
221,221000,0.100,0.328,10554,0.1020
222,222000,0.100,-0.436,10579,0.0929
223,223000,0.100,-0.263,10560,0.0998
224,224000,0.100,-0.263,10560,0.0998
225,225000,0.100,-0.628,10600,0.0853
226,226000,0.100,-0.300,10564,0.0984
227,227000,0.100,-0.281,10562,0.0991
228,228000,0.100,-0.382,10573,0.0951
229,229000,0.100,-0.318,10566,0.0977
230,230000,0.100,-0.363,10571,0.0958
231,231000,0.100,-0.527,10589,0.0893
232,232000,0.100,-0.281,10562,0.0991
233,233000,0.100,-0.263,10560,0.0998
234,234000,0.100,0.319,10555,0.1017
235,235000,0.100,-0.272,10561,0.0995
236,236000,0.100,-0.281,10562,0.0991
237,237000,0.100,0.328,10554,0.1020
238,238000,0.100,0.401,10546,0.1049
239,239000,0.100,-0.300,10564,0.0984
240,240000,0.100,-0.318,10566,0.0977
241,241000,0.100,-0.318,10566,0.0977
242,242000,0.100,0.291,10558,0.1006
243,243000,0.100,0.291,10558,0.1006
244,244000,0.100,0.401,10546,0.1049
245,245000,0.100,-0.263,10560,0.0998
246,246000,0.100,0.328,10554,0.1020
247,247000,0.100,0.291,10558,0.1006
248,248000,0.100,0.319,10555,0.1017
249,249000,0.100,-0.263,10560,0.0998
250,250000,0.100,-0.281,10562,0.0991
251,251000,0.100,-0.336,10568,0.0969
252,252000,0.100,0.391,10547,0.1046
253,253000,0.100,-0.263,10560,0.0998
254,254000,0.100,-0.664,10604,0.0838
255,255000,0.100,-0.281,10562,0.0991
256,256000,0.100,0.328,10554,0.1020
257,257000,0.100,-0.300,10564,0.0984
258,258000,0.100,-0.263,10560,0.0998
259,259000,0.100,-0.300,10564,0.0984
260,260000,0.100,0.291,10558,0.1006
261,261000,0.100,0.583,10526,0.1122
262,262000,0.100,-0.281,10562,0.0991
263,263000,0.100,-0.281,10562,0.0991
264,264000,0.100,0.328,10554,0.1020
265,265000,0.100,0.328,10554,0.1020
266,266000,0.100,0.309,10556,0.1013
267,267000,0.100,-0.300,10564,0.0984
268,268000,0.100,0.309,10556,0.1013
269,269000,0.100,-0.263,10560,0.0998
270,270000,0.100,-0.336,10568,0.0969
271,271000,0.100,-0.263,10560,0.0998
272,272000,0.100,-0.281,10562,0.0991
273,273000,0.100,0.328,10554,0.1020
274,274000,0.100,0.346,10552,0.1028
275,275000,0.100,-0.263,10560,0.0998
276,276000,0.100,-0.263,10560,0.0998
277,277000,0.100,0.291,10558,0.1006
278,278000,0.100,-0.281,10562,0.0991
279,279000,0.100,-0.318,10566,0.0977
280,280000,0.100,-0.281,10562,0.0991
281,281000,0.100,0.382,10548,0.1042
282,282000,0.100,-0.336,10568,0.0969
283,283000,0.100,-0.318,10566,0.0977
284,284000,0.100,0.291,10558,0.1006
285,285000,0.100,-0.263,10560,0.0998
286,286000,0.100,-0.263,10560,0.0998
287,287000,0.100,0.291,10558,0.1006
288,288000,0.100,-0.281,10562,0.0991
289,289000,0.100,-0.263,10560,0.0998
290,290000,0.100,-0.263,10560,0.0998
291,291000,0.100,-0.281,10562,0.0991
292,292000,0.100,-0.281,10562,0.0991
293,293000,0.100,-0.300,10564,0.0984
294,294000,0.100,-0.354,10570,0.0962
295,295000,0.100,-0.263,10560,0.0998
296,296000,0.100,-0.281,10562,0.0991
297,297000,0.100,0.328,10554,0.1020
298,298000,0.100,0.364,10550,0.1035
299,299000,0.100,0.291,10558,0.1006
300,300000,0.100,0.309,10556,0.1013
301,301000,0.100,0.309,10556,0.1013
302,302000,0.100,0.382,10548,0.1042
303,303000,0.100,-0.281,10562,0.0991
304,304000,0.100,0.300,10557,0.1009
305,305000,0.100,0.309,10556,0.1013
306,306000,0.100,0.391,10547,0.1046
307,307000,0.100,-0.263,10560,0.0998
308,308000,0.100,0.300,10557,0.1009
309,309000,0.100,-0.290,10563,0.0987
310,310000,0.100,0.337,10553,0.1024
311,311000,0.100,0.291,10558,0.1006
312,312000,0.100,-0.272,10561,0.0995
313,313000,0.100,-0.263,10560,0.0998
314,314000,0.100,-0.300,10564,0.0984
315,315000,0.100,0.346,10552,0.1028
316,316000,0.100,-0.263,10560,0.0998
317,317000,0.100,0.319,10555,0.1017
318,318000,0.100,-0.281,10562,0.0991
319,319000,0.100,-0.263,10560,0.0998
320,320000,0.100,0.291,10558,0.1006
321,321000,0.100,-0.263,10560,0.0998
322,322000,0.100,0.309,10556,0.1013
323,323000,0.100,-0.427,10578,0.0933
324,324000,0.100,-0.336,10568,0.0969
325,325000,0.100,-0.263,10560,0.0998
326,326000,0.100,-0.263,10560,0.0998
327,327000,0.100,-0.300,10564,0.0984
328,328000,0.100,0.364,10550,0.1035
329,329000,0.100,0.419,10544,0.1057
330,330000,0.100,0.309,10556,0.1013
331,331000,0.100,0.391,10547,0.1046
332,332000,0.100,0.391,10547,0.1046
333,333000,0.100,0.300,10557,0.1009
334,334000,0.100,0.291,10558,0.1006
335,335000,0.100,-0.354,10570,0.0962
336,336000,0.100,-0.263,10560,0.0998
337,337000,0.100,-0.300,10564,0.0984
338,338000,0.100,-0.263,10560,0.0998
339,339000,0.100,-0.336,10568,0.0969
340,340000,0.100,-0.281,10562,0.0991
341,341000,0.100,0.291,10558,0.1006
342,342000,0.100,-0.263,10560,0.0998
343,343000,0.100,-0.281,10562,0.0991
344,344000,0.100,0.337,10553,0.1024
345,345000,0.100,0.282,10559,0.1002
346,346000,0.100,-0.281,10562,0.0991
347,347000,0.100,-0.281,10562,0.0991
348,348000,0.100,-0.263,10560,0.0998
349,349000,0.100,0.309,10556,0.1013
350,350000,0.100,-0.263,10560,0.0998
351,351000,0.100,0.373,10549,0.1038
352,352000,0.100,0.346,10552,0.1028
353,353000,0.100,-0.664,10604,0.0838
354,354000,0.100,-0.336,10568,0.0969
355,355000,0.100,0.346,10552,0.1028
356,356000,0.100,-0.281,10562,0.0991
357,357000,0.100,0.319,10555,0.1017
358,358000,0.100,0.328,10554,0.1020
359,359000,0.100,-0.300,10564,0.0984
360,360000,0.100,-0.281,10562,0.0991
361,361000,0.100,0.328,10554,0.1020
362,362000,0.100,-0.272,10561,0.0995
363,363000,0.100,0.291,10558,0.1006
364,364000,0.100,-0.363,10571,0.0958
365,365000,0.100,0.364,10550,0.1035
366,366000,0.100,-0.281,10562,0.0991
367,367000,0.100,-0.272,10561,0.0995
368,368000,0.100,0.291,10558,0.1006
369,369000,0.100,-0.409,10576,0.0940
370,370000,0.100,-0.391,10574,0.0947
371,371000,0.100,0.319,10555,0.1017
372,372000,0.100,0.565,10528,0.1115
373,373000,0.100,0.309,10556,0.1013
374,374000,0.100,0.309,10556,0.1013
375,375000,0.100,0.319,10555,0.1017
376,376000,0.100,-0.263,10560,0.0998
377,377000,0.100,0.309,10556,0.1013
378,378000,0.100,-0.263,10560,0.0998
379,379000,0.100,-0.281,10562,0.0991
380,380000,0.100,0.291,10558,0.1006
381,381000,0.100,0.328,10554,0.1020
382,382000,0.100,-0.281,10562,0.0991
383,383000,0.100,-0.372,10572,0.0955
384,384000,0.100,0.291,10558,0.1006
385,385000,0.100,-0.281,10562,0.0991
386,386000,0.100,-0.354,10570,0.0962
387,387000,0.100,0.309,10556,0.1013
388,388000,0.100,0.291,10558,0.1006
389,389000,0.100,-0.263,10560,0.0998
390,390000,0.100,-0.263,10560,0.0998
391,391000,0.100,-0.263,10560,0.0998
392,392000,0.100,-0.318,10566,0.0977
393,393000,0.100,0.291,10558,0.1006
394,394000,0.100,0.328,10554,0.1020
395,395000,0.100,0.309,10556,0.1013
396,396000,0.100,-0.263,10560,0.0998
397,397000,0.100,-0.281,10562,0.0991
398,398000,0.100,-0.300,10564,0.0984
399,399000,0.100,-0.555,10592,0.0882
400,400000,0.100,-0.300,10564,0.0984
401,401000,0.100,0.328,10554,0.1020
402,402000,0.100,-0.281,10562,0.0991
403,403000,0.100,0.291,10558,0.1006
404,404000,0.100,-0.281,10562,0.0991
405,405000,0.100,-0.318,10566,0.0977
406,406000,0.100,0.309,10556,0.1013
407,407000,0.100,-0.263,10560,0.0998
408,408000,0.100,-0.300,10564,0.0984
409,409000,0.100,0.309,10556,0.1013
410,410000,0.100,-0.300,10564,0.0984
411,411000,0.100,-0.391,10574,0.0947
412,412000,0.100,-0.263,10560,0.0998
413,413000,0.100,-0.263,10560,0.0998
414,414000,0.100,0.346,10552,0.1028
415,415000,0.100,-0.263,10560,0.0998
416,416000,0.100,-0.281,10562,0.0991
417,417000,0.100,0.319,10555,0.1017
418,418000,0.100,0.291,10558,0.1006
419,419000,0.100,-0.281,10562,0.0991
420,420000,0.100,-0.281,10562,0.0991
421,421000,0.100,0.319,10555,0.1017
422,422000,0.100,0.309,10556,0.1013
423,423000,0.100,-0.290,10563,0.0987
424,424000,0.100,0.328,10554,0.1020
425,425000,0.100,0.319,10555,0.1017
426,426000,0.100,-0.263,10560,0.0998
427,427000,0.100,-0.263,10560,0.0998
428,428000,0.100,0.291,10558,0.1006
429,429000,0.100,-0.281,10562,0.0991
430,430000,0.100,0.291,10558,0.1006
431,431000,0.100,-0.300,10564,0.0984
432,432000,0.100,-0.263,10560,0.0998
433,433000,0.100,-0.281,10562,0.0991
434,434000,0.100,-0.336,10568,0.0969
435,435000,0.100,-0.281,10562,0.0991
436,436000,0.100,-0.281,10562,0.0991
437,437000,0.100,-0.263,10560,0.0998
438,438000,0.100,-0.318,10566,0.0977
439,439000,0.100,-0.318,10566,0.0977
440,440000,0.100,-0.263,10560,0.0998
441,441000,0.100,-0.281,10562,0.0991
442,442000,0.100,-0.272,10561,0.0995
443,443000,0.100,-0.263,10560,0.0998
444,444000,0.100,-0.363,10571,0.0958
445,445000,0.100,0.328,10554,0.1020
446,446000,0.100,0.346,10552,0.1028
447,447000,0.100,-0.263,10560,0.0998
448,448000,0.100,-0.281,10562,0.0991
449,449000,0.100,-0.318,10566,0.0977
450,450000,0.100,0.319,10555,0.1017
451,451000,0.100,0.291,10558,0.1006
452,452000,0.100,0.291,10558,0.1006
453,453000,0.100,-0.281,10562,0.0991
454,454000,0.100,-0.290,10563,0.0987
455,455000,0.100,-0.263,10560,0.0998
456,456000,0.100,0.364,10550,0.1035
457,457000,0.100,0.319,10555,0.1017
458,458000,0.100,-0.281,10562,0.0991
459,459000,0.100,-0.655,10603,0.0842
460,460000,0.100,-0.318,10566,0.0977
461,461000,0.100,0.328,10554,0.1020
462,462000,0.100,0.328,10554,0.1020
463,463000,0.100,0.328,10554,0.1020
464,464000,0.100,-0.263,10560,0.0998
465,465000,0.100,-0.318,10566,0.0977
466,466000,0.100,0.364,10550,0.1035
467,467000,0.100,-0.263,10560,0.0998
468,468000,0.100,-0.263,10560,0.0998
469,469000,0.100,-0.263,10560,0.0998
470,470000,0.100,-0.272,10561,0.0995
471,471000,0.100,-0.263,10560,0.0998
472,472000,0.100,-0.336,10568,0.0969
473,473000,0.100,0.601,10524,0.1130
474,474000,0.100,0.565,10528,0.1115
475,475000,0.100,-0.263,10560,0.0998
476,476000,0.100,-0.281,10562,0.0991
477,477000,0.100,-0.263,10560,0.0998
478,478000,0.100,-0.281,10562,0.0991
479,479000,0.100,-0.263,10560,0.0998
480,480000,0.100,0.337,10553,0.1024
481,481000,0.100,-0.372,10572,0.0955
482,482000,0.100,-0.300,10564,0.0984
483,483000,0.100,0.300,10557,0.1009
484,484000,0.100,0.309,10556,0.1013
485,485000,0.100,-0.336,10568,0.0969
486,486000,0.100,-0.318,10566,0.0977
487,487000,0.100,-0.281,10562,0.0991
488,488000,0.100,-0.272,10561,0.0995
489,489000,0.100,0.291,10558,0.1006
490,490000,0.100,0.309,10556,0.1013
491,491000,0.100,-0.263,10560,0.0998
492,492000,0.100,0.364,10550,0.1035
493,493000,0.100,-0.281,10562,0.0991
494,494000,0.100,-0.263,10560,0.0998
495,495000,0.100,-0.263,10560,0.0998
496,496000,0.100,0.319,10555,0.1017
497,497000,0.100,-0.336,10568,0.0969
498,498000,0.100,0.492,10536,0.1086
499,499000,0.100,0.291,10558,0.1006
500,500000,0.100,-0.263,10560,0.0998
501,501000,0.100,-0.263,10560,0.0998
502,502000,0.100,0.401,10546,0.1049
503,503000,0.100,0.291,10558,0.1006
504,504000,0.100,0.328,10554,0.1020
505,505000,0.100,0.309,10556,0.1013
506,506000,0.100,-0.281,10562,0.0991
507,507000,0.100,-0.263,10560,0.0998
508,508000,0.100,0.382,10548,0.1042
509,509000,0.100,0.291,10558,0.1006
510,510000,0.100,0.328,10554,0.1020
511,511000,0.100,0.337,10553,0.1024
512,512000,0.100,0.309,10556,0.1013
513,513000,0.100,0.419,10544,0.1057
514,514000,0.100,0.309,10556,0.1013
515,515000,0.100,-0.263,10560,0.0998
516,516000,0.100,0.364,10550,0.1035
517,517000,0.100,-0.281,10562,0.0991
518,518000,0.100,0.291,10558,0.1006
519,519000,0.100,-0.263,10560,0.0998
520,520000,0.100,0.291,10558,0.1006
521,521000,0.100,-0.391,10574,0.0947
522,522000,0.100,0.382,10548,0.1042
523,523000,0.100,0.391,10547,0.1046
524,524000,0.100,-0.628,10600,0.0853
525,525000,0.100,-0.336,10568,0.0969
526,526000,0.100,0.309,10556,0.1013
527,527000,0.100,0.291,10558,0.1006
528,528000,0.100,-0.263,10560,0.0998
529,529000,0.100,0.319,10555,0.1017
530,530000,0.100,0.328,10554,0.1020
531,531000,0.100,-0.318,10566,0.0977
532,532000,0.100,0.300,10557,0.1009
533,533000,0.100,-0.281,10562,0.0991
534,534000,0.100,-0.290,10563,0.0987
535,535000,0.100,0.565,10528,0.1115
536,536000,0.100,-0.427,10578,0.0933
537,537000,0.100,0.455,10540,0.1071
538,538000,0.100,-0.290,10563,0.0987
539,539000,0.100,-0.263,10560,0.0998
540,540000,0.100,0.300,10557,0.1009
541,541000,0.100,-0.272,10561,0.0995
542,542000,0.100,0.364,10550,0.1035
543,543000,0.100,0.291,10558,0.1006
544,544000,0.100,0.291,10558,0.1006
545,545000,0.100,-0.281,10562,0.0991
546,546000,0.100,0.309,10556,0.1013
547,547000,0.100,-0.354,10570,0.0962
548,548000,0.100,0.355,10551,0.1031
549,549000,0.100,0.300,10557,0.1009
550,550000,0.100,0.328,10554,0.1020
551,551000,0.100,0.528,10532,0.1100
552,552000,0.100,0.328,10554,0.1020
553,553000,0.100,-0.263,10560,0.0998
554,554000,0.100,-0.318,10566,0.0977
555,555000,0.100,0.291,10558,0.1006
556,556000,0.100,0.401,10546,0.1049
557,557000,0.100,0.309,10556,0.1013
558,558000,0.100,0.300,10557,0.1009
559,559000,0.100,0.282,10559,0.1002
560,560000,0.100,-0.263,10560,0.0998
561,561000,0.100,-0.263,10560,0.0998
562,562000,0.100,0.300,10557,0.1009
563,563000,0.100,0.319,10555,0.1017
564,564000,0.100,-0.382,10573,0.0951
565,565000,0.100,0.419,10544,0.1057
566,566000,0.100,0.309,10556,0.1013
567,567000,0.100,0.291,10558,0.1006
568,568000,0.100,0.319,10555,0.1017
569,569000,0.100,-0.536,10590,0.0889
570,570000,0.100,-0.263,10560,0.0998
571,571000,0.100,0.364,10550,0.1035
572,572000,0.100,-0.272,10561,0.0995
573,573000,0.100,-0.354,10570,0.0962
574,574000,0.100,-0.263,10560,0.0998
575,575000,0.100,0.319,10555,0.1017
576,576000,0.100,-0.372,10572,0.0955
577,577000,0.100,-0.372,10572,0.0955
578,578000,0.100,-0.263,10560,0.0998
579,579000,0.100,0.309,10556,0.1013
580,580000,0.100,0.373,10549,0.1038
581,581000,0.100,0.319,10555,0.1017
582,582000,0.100,0.510,10534,0.1093
583,583000,0.100,0.364,10550,0.1035
584,584000,0.100,-0.281,10562,0.0991
585,585000,0.100,-0.281,10562,0.0991
586,586000,0.100,-0.263,10560,0.0998
587,587000,0.100,0.328,10554,0.1020
588,588000,0.100,-0.336,10568,0.0969
589,589000,0.100,-0.290,10563,0.0987
590,590000,0.100,0.309,10556,0.1013
591,591000,0.100,0.291,10558,0.1006
592,592000,0.100,0.291,10558,0.1006
593,593000,0.100,0.309,10556,0.1013
594,594000,0.100,-0.427,10578,0.0933
595,595000,0.100,-0.263,10560,0.0998
596,596000,0.100,0.291,10558,0.1006
597,597000,0.100,0.364,10550,0.1035
598,598000,0.100,-0.263,10560,0.0998
599,599000,0.100,-0.281,10562,0.0991
# end capture 30
# batch done: 10 steps at kp=-25.00
0.100,0.1057,0.419
0.100,0.1020,0.328
0.100,0.0991,-0.281
0.100,0.0969,-0.336
0.100,0.1035,0.364
0.100,0.0998,-0.263
0.100,0.0977,-0.318
0.100,0.0977,-0.318
0.100,0.0998,-0.263
-0.100,0.0998,5.273
-0.100,0.0437,3.870
-0.100,-0.0496,1.537
-0.100,-0.1225,-0.822
-0.100,-0.1335,-1.095
-0.100,-0.1240,-0.858
-0.100,-0.0977,0.334
-0.100,-0.0926,0.461
-0.100,-0.0955,0.388
-0.100,-0.0999,0.279
-0.100,-0.1014,-0.293
-0.100,-0.1014,-0.293
-0.100,-0.1036,-0.348
-0.100,-0.1036,-0.348
-0.100,-0.1014,-0.293
-0.100,-0.0992,0.297
-0.100,-0.1017,-0.303
-0.100,-0.1043,-0.366
-0.100,-0.1006,-0.275
-0.100,-0.0977,0.334
-0.100,-0.1072,-0.439
-0.100,-0.1006,-0.275
-0.100,-0.1006,-0.275
-0.100,-0.0985,0.316
-0.100,-0.0977,0.334
-0.100,-0.1181,-0.713
-0.100,-0.0868,0.607
-0.100,-0.1021,-0.312
-0.100,-0.0945,0.416
-0.100,-0.0981,0.325
-0.100,-0.0966,0.361
-0.100,-0.1167,-0.676
-0.100,-0.0977,0.334
-0.100,-0.1130,-0.585
-0.100,-0.1021,-0.312
-0.100,-0.0974,0.343
-0.100,-0.1014,-0.293
-0.100,-0.0999,0.279
-0.100,-0.0996,0.288
-0.100,-0.1006,-0.275
-0.100,-0.0970,0.352
-0.100,-0.0992,0.297
-0.100,-0.1006,-0.275
-0.100,-0.0988,0.306
-0.100,-0.1028,-0.330
-0.100,-0.1017,-0.303
-0.100,-0.0985,0.316
-0.100,-0.1028,-0.330
-0.100,-0.1014,-0.293
-0.100,-0.1036,-0.348
0.100,-0.1006,-5.275
0.100,-0.0423,-3.817
0.100,0.0430,-1.685
0.100,0.1188,0.747
0.100,0.1326,1.093
0.100,0.1443,1.385
0.100,0.0998,-0.263
0.100,0.0947,-0.391
0.100,0.0940,-0.409
0.100,0.0984,-0.300
0.100,0.1013,0.309
0.100,0.1028,0.346
0.100,0.0998,-0.263
0.100,0.1035,0.364
0.100,0.1064,0.437
0.100,0.1006,0.291
0.100,0.0991,-0.281
0.100,0.0991,-0.281
0.100,0.1002,0.282
0.100,0.0991,-0.281
0.100,0.0987,-0.290
0.100,0.0987,-0.290
0.100,0.0998,-0.263
0.100,0.0991,-0.281
0.100,0.1038,0.373
0.100,0.1006,0.291
0.100,0.0998,-0.263
0.100,0.1020,0.328
0.100,0.1049,0.401
0.100,0.1006,0.291
0.100,0.1020,0.328
0.100,0.1049,0.401
0.100,0.0991,-0.281
0.100,0.0991,-0.281
0.100,0.1017,0.319
0.100,0.1009,0.300
0.100,0.0947,-0.391
0.100,0.0998,-0.263
0.100,0.1020,0.328
0.100,0.1035,0.364
0.100,0.0987,-0.290
0.100,0.0984,-0.300
0.100,0.0998,-0.263
0.100,0.0998,-0.263
0.100,0.1042,0.382
0.100,0.1006,0.291
0.100,0.0998,-0.263
0.100,0.0966,-0.345
0.100,0.1009,0.300
0.100,0.0977,-0.318
-0.100,0.1028,5.346
-0.100,0.0452,3.906
-0.100,-0.0554,1.391
-0.100,-0.1254,-0.895
-0.100,-0.1313,-1.041
-0.100,-0.1218,-0.804
-0.100,-0.0985,0.316
-0.100,-0.0934,0.443
-0.100,-0.0985,0.316
-0.100,-0.0985,0.316
-0.100,-0.1090,-0.485
-0.100,-0.1079,-0.457
-0.100,-0.1021,-0.312
-0.100,-0.0985,0.316
-0.100,-0.0985,0.316
-0.100,-0.0948,0.407
-0.100,-0.0996,0.288
-0.100,-0.1054,-0.394
-0.100,-0.0999,0.279
-0.100,-0.1043,-0.366
-0.100,-0.1058,-0.403
-0.100,-0.1123,-0.567
-0.100,-0.1043,-0.366
-0.100,-0.1014,-0.293
-0.100,-0.0934,0.443
-0.100,-0.1021,-0.312
-0.100,-0.1021,-0.312
-0.100,-0.0868,0.607
-0.100,-0.0985,0.316
-0.100,-0.0955,0.388
-0.100,-0.1006,-0.275
-0.100,-0.1006,-0.275
-0.100,-0.1006,-0.275
-0.100,-0.0915,0.489
-0.100,-0.1072,-0.439
-0.100,-0.1021,-0.312
-0.100,-0.1050,-0.385
-0.100,-0.0970,0.352
-0.100,-0.0966,0.361
-0.100,-0.0977,0.334
-0.100,-0.1006,-0.275
-0.100,-0.1028,-0.330
-0.100,-0.1006,-0.275
-0.100,-0.0985,0.316
-0.100,-0.1021,-0.312
-0.100,-0.1014,-0.293
-0.100,-0.1014,-0.293
-0.100,-0.1006,-0.275
-0.100,-0.0952,0.398
-0.100,-0.0945,0.416
0.100,-0.0999,-5.257
0.100,-0.0467,-3.926
0.100,0.0503,-1.502
0.100,0.1195,0.765
0.100,0.1305,1.038
0.100,0.1159,0.674
0.100,0.1020,0.328
0.100,0.0933,-0.427
0.100,0.0936,-0.418
0.100,0.0998,-0.263
0.100,0.1035,0.364
0.100,0.1017,0.319
0.100,0.1042,0.382
0.100,0.0969,-0.336
0.100,0.0969,-0.336
0.100,0.0977,-0.318
0.100,0.1013,0.309
0.100,0.1024,0.337
0.100,0.0969,-0.336
0.100,0.1020,0.328
0.100,0.1006,0.291
0.100,0.0991,-0.281
0.100,0.1057,0.419
0.100,0.1017,0.319
0.100,0.0977,-0.318
0.100,0.1006,0.291
0.100,0.0987,-0.290
0.100,0.1028,0.346
0.100,0.1009,0.300
0.100,0.1020,0.328
0.100,0.0940,-0.409
0.100,0.0969,-0.336
0.100,0.0984,-0.300
0.100,0.1049,0.401
0.100,0.0998,-0.263
0.100,0.1042,0.382
0.100,0.0998,-0.263
0.100,0.1006,0.291
0.100,0.1024,0.337
0.100,0.1264,0.938
0.100,0.1013,0.309
0.100,0.1013,0.309
0.100,0.0995,-0.272
0.100,0.1013,0.309
0.100,0.0991,-0.281
0.100,0.0998,-0.263
0.100,0.0998,-0.263
0.100,0.0998,-0.263
0.100,0.0969,-0.336
0.100,0.0984,-0.300
-0.100,0.0995,5.264
-0.100,0.0437,3.870
-0.100,-0.0503,1.518
-0.100,-0.1225,-0.822
-0.100,-0.1386,-1.223
-0.100,-0.1211,-0.785
-0.100,-0.1021,-0.312
-0.100,-0.0901,0.525
-0.100,-0.0897,0.534
-0.100,-0.1036,-0.348
-0.100,-0.1028,-0.330
-0.100,-0.1014,-0.293
-0.100,-0.1014,-0.293
-0.100,-0.1021,-0.312
-0.100,-0.1021,-0.312
-0.100,-0.1021,-0.312
-0.100,-0.1014,-0.293
-0.100,-0.1021,-0.312
-0.100,-0.1014,-0.293
-0.100,-0.1196,-0.749
-0.100,-0.0985,0.316
-0.100,-0.0890,0.552
-0.100,-0.0992,0.297
-0.100,-0.0999,0.279
-0.100,-0.1014,-0.293
-0.100,-0.1036,-0.348
-0.100,-0.1014,-0.293
-0.100,-0.1014,-0.293
-0.100,-0.1014,-0.293
-0.100,-0.0955,0.388
-0.100,-0.1021,-0.312
-0.100,-0.1079,-0.457
-0.100,-0.0996,0.288
-0.100,-0.1043,-0.366
-0.100,-0.1006,-0.275
-0.100,-0.0926,0.461
-0.100,-0.0999,0.279
-0.100,-0.1014,-0.293
-0.100,-0.1006,-0.275
-0.100,-0.1003,-0.266
-0.100,-0.1021,-0.312
-0.100,-0.0977,0.334
-0.100,-0.1014,-0.293
-0.100,-0.0996,0.288
-0.100,-0.1021,-0.312
-0.100,-0.1006,-0.275
-0.100,-0.1014,-0.293
-0.100,-0.1025,-0.321
-0.100,-0.0999,0.279
-0.100,-0.0955,0.388
0.100,-0.1006,-5.275
0.100,-0.0467,-3.926
0.100,0.0503,-1.502
0.100,0.1181,0.729
0.100,0.1312,1.057
0.100,0.1173,0.710
0.100,0.1006,0.291
0.100,0.0955,-0.372
0.100,0.0940,-0.409
0.100,0.0969,-0.336
0.100,0.1031,0.355
0.100,0.1020,0.328
0.100,0.1013,0.309
0.100,0.0969,-0.336
0.100,0.0977,-0.318
0.100,0.1057,0.419
0.100,0.0991,-0.281
0.100,0.0987,-0.290
0.100,0.1013,0.309
0.100,0.1020,0.328
0.100,0.1049,0.401
0.100,0.1028,0.346
0.100,0.0955,-0.372
0.100,0.1017,0.319
0.100,0.1020,0.328
0.100,0.0958,-0.363
0.100,0.1006,0.291
0.100,0.1020,0.328
0.100,0.1006,0.291
0.100,0.1020,0.328
0.100,0.0991,-0.281
0.100,0.0998,-0.263
0.100,0.1024,0.337
0.100,0.1079,0.473
0.100,0.1020,0.328
0.100,0.1013,0.309
0.100,0.0998,-0.263
0.100,0.1009,0.300
0.100,0.1006,0.291
0.100,0.0977,-0.318
0.100,0.0991,-0.281
0.100,0.1013,0.309
0.100,0.1020,0.328
0.100,0.1006,0.291
0.100,0.0984,-0.300
0.100,0.0984,-0.300
0.100,0.0998,-0.263
0.100,0.1028,0.346
0.100,0.0987,-0.290
0.100,0.0991,-0.281
-0.100,0.0998,5.273
-0.100,0.0415,3.815
-0.100,-0.0598,1.281
-0.100,-0.1262,-0.913
-0.100,-0.1371,-1.186
-0.100,-0.1160,-0.658
-0.100,-0.1010,-0.284
-0.100,-0.0926,0.461
-0.100,-0.1006,-0.275
-0.100,-0.0988,0.306
-0.100,-0.1050,-0.385
-0.100,-0.0883,0.571
-0.100,-0.1014,-0.293
-0.100,-0.0996,0.288
-0.100,-0.1021,-0.312
-0.100,-0.1014,-0.293
-0.100,-0.1021,-0.312
-0.100,-0.1167,-0.676
-0.100,-0.0999,0.279
-0.100,-0.1014,-0.293
-0.100,-0.0992,0.297
-0.100,-0.1021,-0.312
-0.100,-0.0999,0.279
-0.100,-0.1006,-0.275
-0.100,-0.0999,0.279
-0.100,-0.0868,0.607
-0.100,-0.0981,0.325
-0.100,-0.0926,0.461
-0.100,-0.1006,-0.275
-0.100,-0.1006,-0.275
-0.100,-0.1014,-0.293
-0.100,-0.0959,0.379
-0.100,-0.1058,-0.403
-0.100,-0.0992,0.297
-0.100,-0.0999,0.279
-0.100,-0.1014,-0.293
-0.100,-0.1006,-0.275
-0.100,-0.1006,-0.275
-0.100,-0.0996,0.288
-0.100,-0.0977,0.334
-0.100,-0.0992,0.297
-0.100,-0.1014,-0.293
-0.100,-0.0996,0.288
-0.100,-0.0963,0.370
-0.100,-0.0999,0.279
-0.100,-0.1036,-0.348
-0.100,-0.1014,-0.293
-0.100,-0.1036,-0.348
-0.100,-0.1006,-0.275
-0.100,-0.0977,0.334
0.100,-0.1014,-5.293
0.100,-0.0452,-3.890
0.100,0.0503,-1.502
0.100,0.1312,1.057
0.100,0.1312,1.057
0.100,0.1195,0.765
0.100,0.0962,-0.354
0.100,0.0940,-0.409
0.100,0.0969,-0.336
0.100,0.0995,-0.272
0.100,0.1035,0.364
0.100,0.1020,0.328
0.100,0.0980,-0.309
0.100,0.0998,-0.263
0.100,0.1006,0.291
0.100,0.0977,-0.318
0.100,0.1006,0.291
0.100,0.1013,0.309
0.100,0.1035,0.364
0.100,0.1064,0.437
0.100,0.0933,-0.427
0.100,0.0998,-0.263
0.100,0.0998,-0.263
0.100,0.1046,0.391
0.100,0.0995,-0.272
0.100,0.1028,0.346
0.100,0.0998,-0.263
0.100,0.1035,0.364
0.100,0.0962,-0.354
0.100,0.1020,0.328
0.100,0.1006,0.291
0.100,0.1017,0.319
0.100,0.0980,-0.309
0.100,0.1013,0.309
0.100,0.0936,-0.418
0.100,0.1020,0.328
0.100,0.0977,-0.318
0.100,0.0991,-0.281
0.100,0.1006,0.291
0.100,0.0998,-0.263
0.100,0.0969,-0.336
0.100,0.1013,0.309
0.100,0.0984,-0.300
0.100,0.1006,0.291
0.100,0.0991,-0.281
0.100,0.0998,-0.263
0.100,0.0991,-0.281
0.100,0.0929,-0.436
0.100,0.0962,-0.354
0.100,0.1020,0.328
-0.100,0.1006,5.291
-0.100,0.0473,3.961
-0.100,-0.0511,1.500
-0.100,-0.1211,-0.785
-0.100,-0.1316,-1.050
-0.100,-0.1211,-0.785
-0.100,-0.1006,-0.275
-0.100,-0.0912,0.498
-0.100,-0.0945,0.416
-0.100,-0.0999,0.279
-0.100,-0.1043,-0.366
-0.100,-0.1006,-0.275
-0.100,-0.1006,-0.275
-0.100,-0.1043,-0.366
-0.100,-0.1006,-0.275
-0.100,-0.0985,0.316
-0.100,-0.0963,0.370
-0.100,-0.0985,0.316
-0.100,-0.0999,0.279
-0.100,-0.0996,0.288
-0.100,-0.1006,-0.275
-0.100,-0.0992,0.297
-0.100,-0.0985,0.316
-0.100,-0.0963,0.370
-0.100,-0.1014,-0.293
-0.100,-0.0963,0.370
-0.100,-0.0985,0.316
-0.100,-0.0985,0.316
-0.100,-0.0992,0.297
-0.100,-0.0992,0.297
-0.100,-0.1010,-0.284
-0.100,-0.1028,-0.330
-0.100,-0.0992,0.297
-0.100,-0.0988,0.306
-0.100,-0.1014,-0.293
-0.100,-0.0985,0.316
-0.100,-0.1014,-0.293
-0.100,-0.0988,0.306
-0.100,-0.1036,-0.348
-0.100,-0.0934,0.443
-0.100,-0.0992,0.297
-0.100,-0.0996,0.288
-0.100,-0.0999,0.279
-0.100,-0.1006,-0.275
-0.100,-0.1025,-0.321
-0.100,-0.0996,0.288
-0.100,-0.0985,0.316
-0.100,-0.1006,-0.275
-0.100,-0.1006,-0.275
-0.100,-0.1043,-0.366
0.100,-0.0945,-5.120
0.100,-0.0482,-3.963
0.100,0.0517,-1.466
0.100,0.1173,0.710
0.100,0.1326,1.093
0.100,0.1250,0.902
0.100,0.1122,0.583
0.100,0.0947,-0.391
0.100,0.0962,-0.354
0.100,0.0998,-0.263
0.100,0.0969,-0.336
0.100,0.1006,0.291
0.100,0.0977,-0.318
0.100,0.1009,0.300
0.100,0.1002,0.282
0.100,0.1006,0.291
0.100,0.1013,0.309
0.100,0.0958,-0.363
0.100,0.0998,-0.263
0.100,0.1002,0.282
0.100,0.0991,-0.281
0.100,0.0951,-0.382
0.100,0.0969,-0.336
0.100,0.1009,0.300
0.100,0.0991,-0.281
0.100,0.1006,0.291
0.100,0.0977,-0.318
0.100,0.0977,-0.318
0.100,0.1006,0.291
0.100,0.0969,-0.336
0.100,0.0998,-0.263
0.100,0.0998,-0.263
0.100,0.1046,0.391
0.100,0.1024,0.337
0.100,0.0991,-0.281
0.100,0.1057,0.419
0.100,0.1006,0.291
0.100,0.0940,-0.409
0.100,0.1006,0.291
0.100,0.0984,-0.300
0.100,0.1020,0.328
0.100,0.1006,0.291
0.100,0.0998,-0.263
0.100,0.1035,0.364
0.100,0.0991,-0.281
0.100,0.1028,0.346
0.100,0.1020,0.328
0.100,0.1028,0.346
0.100,0.0853,-0.628
0.100,0.1013,0.309
-0.100,0.1009,5.300
-0.100,0.0408,3.797
-0.100,-0.0525,1.464
-0.100,-0.1167,-0.676
-0.100,-0.1386,-1.223
-0.100,-0.1240,-0.858
-0.100,-0.1006,-0.275
-0.100,-0.0912,0.498
-0.100,-0.0948,0.407
-0.100,-0.1014,-0.293
-0.100,-0.0985,0.316
-0.100,-0.0915,0.489
-0.100,-0.0985,0.316
-0.100,-0.1036,-0.348
-0.100,-0.1006,-0.275
-0.100,-0.0996,0.288
-0.100,-0.1006,-0.275
-0.100,-0.0988,0.306
-0.100,-0.0992,0.297
-0.100,-0.1010,-0.284
-0.100,-0.0959,0.379
-0.100,-0.1014,-0.293
-0.100,-0.0992,0.297
-0.100,-0.1028,-0.330
-0.100,-0.0904,0.516
-0.100,-0.0985,0.316
-0.100,-0.1014,-0.293
-0.100,-0.1043,-0.366
-0.100,-0.0985,0.316
-0.100,-0.1021,-0.312
-0.100,-0.1006,-0.275
-0.100,-0.1021,-0.312
-0.100,-0.0992,0.297
-0.100,-0.0985,0.316
-0.100,-0.0999,0.279
-0.100,-0.1006,-0.275
-0.100,-0.1021,-0.312
-0.100,-0.1006,-0.275
-0.100,-0.1025,-0.321
-0.100,-0.0977,0.334
-0.100,-0.1050,-0.385
-0.100,-0.0988,0.306
-0.100,-0.0966,0.361
-0.100,-0.1014,-0.293
-0.100,-0.1047,-0.375
-0.100,-0.1006,-0.275
-0.100,-0.0992,0.297
-0.100,-0.1006,-0.275
-0.100,-0.0996,0.288
-0.100,-0.1006,-0.275
0.100,-0.0996,-5.248
0.100,-0.0474,-3.945
0.100,0.0543,-1.402
0.100,0.1166,0.692
0.100,0.1319,1.075
0.100,0.1210,0.801
0.100,0.0987,-0.290
0.100,0.1013,0.309
0.100,0.0918,-0.464
0.100,0.1006,0.291
0.100,0.1064,0.437
0.100,0.0984,-0.300
0.100,0.1017,0.319
0.100,0.1024,0.337
0.100,0.1053,0.410
0.100,0.0977,-0.318
0.100,0.0991,-0.281
0.100,0.0991,-0.281
0.100,0.1024,0.337
0.100,0.0998,-0.263
0.100,0.0991,-0.281
0.100,0.0987,-0.290
0.100,0.0991,-0.281
0.100,0.1028,0.346
0.100,0.1020,0.328
0.100,0.0991,-0.281
0.100,0.0958,-0.363
0.100,0.0991,-0.281
0.100,0.1006,0.291
0.100,0.0998,-0.263
0.100,0.1006,0.291
0.100,0.1020,0.328
0.100,0.0991,-0.281
0.100,0.1006,0.291
0.100,0.1013,0.309
0.100,0.0969,-0.336
0.100,0.1017,0.319
0.100,0.0998,-0.263
0.100,0.1020,0.328
0.100,0.1020,0.328
0.100,0.1006,0.291
0.100,0.0998,-0.263
0.100,0.1053,0.410
0.100,0.1017,0.319
0.100,0.0940,-0.409
0.100,0.0998,-0.263
0.100,0.1017,0.319
0.100,0.1020,0.328
0.100,0.0995,-0.272
0.100,0.0940,-0.409
-0.100,0.0995,5.264
# stop
17000,0,3507,10661,0.0630
17000,0,3503,10654,0.0656
17000,0,3505,10658,0.0641
17000,0,3503,10659,0.0638
17000,0,3509,10655,0.0652
17000,0,3509,10665,0.0616
17000,0,3517,10655,0.0652
17000,0,3503,10651,0.0667
17000,0,3509,10663,0.0623
17000,0,3511,10641,0.0703
17000,0,3504,10656,0.0648
17000,0,3509,10661,0.0630
17000,0,3503,10642,0.0699
17000,0,3509,10655,0.0652
17000,0,3501,10657,0.0645
17000,0,3487,10661,0.0630
17000,0,3515,10652,0.0663
17000,0,3508,10658,0.0641
17000,0,3493,10652,0.0663
17000,0,3503,10678,0.0568
17000,0,3507,10604,0.0838
17000,0,3503,10639,0.0710
17000,0,3505,10649,0.0674
17000,0,3463,10665,0.0616
17000,0,3461,10660,0.0634
17000,0,3461,10662,0.0627
17000,0,3459,10684,0.0546
17000,0,3461,10685,0.0543
17000,0,3461,10709,0.0455
17000,0,3461,10719,0.0419
17000,0,3455,10734,0.0364
17000,0,3461,10762,0.0262
17000,0,3461,10817,0.0062
17000,0,3463,10787,0.0171
17000,0,3463,10799,0.0127
17000,0,3457,10759,0.0273
17000,0,3463,10775,0.0215
17000,0,3455,10778,0.0204
17000,0,3463,10755,0.0288
17000,0,3463,10796,0.0138
17000,0,3463,10786,0.0175
17000,0,3463,10759,0.0273
17000,0,3465,10870,-0.0132
17000,0,3463,10760,0.0269
17000,0,3463,10873,-0.0143
17000,0,3455,10821,0.0047
17000,0,3455,10761,0.0266
17000,0,3460,10822,0.0043
17000,0,3471,10828,0.0021
17000,0,3457,10788,0.0167
17000,0,3461,10817,0.0062
17000,0,3463,10836,-0.0008
17000,0,3469,10820,0.0051
17000,0,3471,10823,0.0040
17000,0,3465,10823,0.0040
17000,0,3465,10763,0.0258
17000,0,3451,10816,0.0065
17000,0,3463,10795,0.0142
17000,0,3477,10804,0.0109
17000,0,3471,10825,0.0032
17000,0,3463,10807,0.0098
17000,0,3475,10802,0.0116
17000,0,3461,10813,0.0076
17000,0,3455,10828,0.0021
17000,0,3465,10820,0.0051
17000,0,3468,10830,0.0014
17000,0,3471,10831,0.0011
17000,0,3466,10801,0.0120
17000,0,3461,10758,0.0277
17000,0,3463,10838,-0.0015
17000,0,3463,10829,0.0018
17000,0,3461,10823,0.0040
17000,0,3463,10763,0.0258
17000,0,3469,10824,0.0036
17000,0,3463,10842,-0.0030
17000,0,3467,10871,-0.0135
17000,0,3469,10801,0.0120
17000,0,3455,10817,0.0062
17000,0,3468,10822,0.0043
17000,0,3463,10831,0.0011
17000,0,3469,10820,0.0051
17000,0,3460,10826,0.0029
17000,0,3469,10829,0.0018
17000,0,3463,10834,-0.0000
17000,0,3475,10843,-0.0033
17000,0,3501,10826,0.0029
17000,0,3465,10844,-0.0037
17000,0,3469,10855,-0.0077
17000,0,3465,10836,-0.0008
17000,0,3463,10849,-0.0055
17000,0,3461,10818,0.0058
17000,0,3463,10837,-0.0011
17000,0,3468,10859,-0.0092
17000,0,3477,10809,0.0091
17000,0,3463,10813,0.0076
17000,0,3476,10829,0.0018
17000,0,3473,10818,0.0058
17000,0,3475,10807,0.0098
17000,0,3461,10821,0.0047
17000,0,3463,10748,0.0313
17000,0,3451,10801,0.0120
17000,0,3455,10853,-0.0070
17000,0,3449,10828,0.0021
17000,0,3447,10822,0.0043
17000,0,3455,10817,0.0062
17000,0,3449,10837,-0.0011
17000,0,3461,10807,0.0098
17000,0,3444,10817,0.0062
17000,0,3463,10811,0.0083
17000,0,3455,10809,0.0091
17000,0,3445,10821,0.0047
17000,0,3452,10820,0.0051
17000,0,3453,10855,-0.0077
17000,0,3453,10813,0.0076
17000,0,3445,10749,0.0309
17000,0,3453,10817,0.0062
17000,0,3445,10823,0.0040
17000,0,3451,10852,-0.0066
17000,0,3451,10823,0.0040
17000,0,3453,10819,0.0054
17000,0,3452,10825,0.0032
17000,0,3452,10821,0.0047
17000,0,3445,10805,0.0105
17000,0,3449,10817,0.0062
17000,0,3463,10820,0.0051
17000,0,3453,10820,0.0051
17000,0,3452,10800,0.0124
17000,0,3455,10873,-0.0143
17000,0,3452,10804,0.0109
17000,0,3447,10785,0.0178
17000,0,3452,10819,0.0054
17000,0,3455,10831,0.0011
17000,0,3452,10820,0.0051
17000,0,3455,10810,0.0087
17000,0,3452,10827,0.0025
17000,0,3453,10824,0.0036
17000,0,3453,10824,0.0036
17000,0,3453,10817,0.0062
17000,0,3453,10816,0.0065
17000,0,3455,10813,0.0076
17000,0,3448,10816,0.0065
17000,0,3455,10810,0.0087
17000,0,3453,10820,0.0051
17000,0,3453,10836,-0.0008
17000,0,3460,10816,0.0065
17000,0,3452,10820,0.0051
17000,0,3445,10823,0.0040
17000,0,3449,10825,0.0032
17000,0,3455,10820,0.0051
17000,0,3447,10816,0.0065
17000,0,3455,10820,0.0051
17000,0,3453,10821,0.0047
17000,0,3455,10810,0.0087
17000,0,3455,10820,0.0051
17000,0,3449,10817,0.0062
17000,0,3452,10816,0.0065
17000,0,3452,10820,0.0051
17000,0,3452,10826,0.0029
17000,0,3449,10821,0.0047
17000,0,3463,10783,0.0186
17000,0,3453,10819,0.0054
17000,0,3455,10820,0.0051
17000,0,3465,10861,-0.0099
17000,0,3453,10811,0.0083
17000,0,3447,10813,0.0076
17000,0,3463,10818,0.0058
17000,0,3452,10820,0.0051
17000,0,3453,10813,0.0076
17000,0,3453,10820,0.0051
17000,0,3453,10814,0.0073
17000,0,3453,10823,0.0040
17000,0,3469,10841,-0.0026
17000,0,3459,10809,0.0091
17000,0,3453,10824,0.0036
17000,0,3455,10819,0.0054
17000,0,3453,10788,0.0167
17000,0,3453,10812,0.0080
17000,0,3455,10820,0.0051
17000,0,3455,10819,0.0054
17000,0,3449,10814,0.0073
17000,0,3455,10817,0.0062
17000,0,3463,10817,0.0062
17000,0,3453,10820,0.0051
17000,0,3449,10823,0.0040
17000,0,3457,10816,0.0065
17000,0,3437,10810,0.0087
17000,0,3447,10818,0.0058
17000,0,3453,10821,0.0047
17000,0,3460,10815,0.0069
17000,0,3449,10821,0.0047
17000,0,3453,10819,0.0054
17000,0,3453,10796,0.0138
17000,0,3461,10820,0.0051
17000,0,3455,10821,0.0047
17000,0,3461,10814,0.0073
17000,0,3453,10821,0.0047
17000,0,3455,10823,0.0040
17000,0,3455,10819,0.0054
17000,0,3459,10852,-0.0066
17000,0,3451,10832,0.0007
17000,0,3431,10825,0.0032
17000,0,3453,10804,0.0109
17000,0,3453,10833,0.0003
17000,0,3455,10821,0.0047
17000,0,3453,10817,0.0062
17000,0,3460,10823,0.0040
17000,0,3453,10821,0.0047
17000,0,3459,10820,0.0051
17000,0,3453,10836,-0.0008
17000,0,3455,10819,0.0054
17000,0,3455,10827,0.0025
17000,0,3455,10815,0.0069
17000,0,3473,10812,0.0080
17000,0,3455,10823,0.0040
17000,0,3453,10817,0.0062
17000,0,3459,10811,0.0083
17000,0,3455,10821,0.0047
17000,0,3453,10817,0.0062
17000,0,3453,10821,0.0047
17000,0,3455,10821,0.0047
17000,0,3453,10821,0.0047
17000,0,3453,10819,0.0054
17000,0,3455,10829,0.0018
17000,0,3455,10817,0.0062
17000,0,3460,10767,0.0244
17000,0,3455,10816,0.0065
17000,0,3455,10816,0.0065
17000,0,3455,10821,0.0047
17000,0,3455,10820,0.0051
17000,0,3453,10819,0.0054
17000,0,3455,10815,0.0069
17000,0,3455,10844,-0.0037
17000,0,3456,10820,0.0051
17000,0,3453,10802,0.0116
17000,0,3461,10820,0.0051
17000,0,3455,10820,0.0051
17000,0,3455,10817,0.0062
17000,0,3451,10827,0.0025
17000,0,3463,10812,0.0080
17000,0,3453,10818,0.0058
17000,0,3455,10821,0.0047
17000,0,3447,10823,0.0040
17000,0,3455,10818,0.0058
17000,0,3455,10804,0.0109
17000,0,3455,10820,0.0051
17000,0,3455,10818,0.0058
17000,0,3455,10832,0.0007
17000,0,3455,10818,0.0058
17000,0,3455,10821,0.0047
17000,0,3453,10814,0.0073
17000,0,3453,10819,0.0054
17000,0,3455,10821,0.0047
17000,0,3453,10816,0.0065
17000,0,3451,10816,0.0065
17000,0,3455,10813,0.0076
17000,0,3455,10812,0.0080
17000,0,3453,10819,0.0054
17000,0,3453,10849,-0.0055
17000,0,3455,10820,0.0051
17000,0,3453,10820,0.0051
17000,0,3452,10817,0.0062
17000,0,3453,10825,0.0032
17000,0,3451,10800,0.0124
17000,0,3452,10827,0.0025
17000,0,3449,10817,0.0062
17000,0,3451,10818,0.0058
17000,0,3439,10820,0.0051
17000,0,3449,10823,0.0040
17000,0,3441,10821,0.0047
17000,0,3447,10818,0.0058
17000,0,3449,10816,0.0065
17000,0,3455,10813,0.0076
17000,0,3455,10818,0.0058
17000,0,3447,10816,0.0065
17000,0,3451,10825,0.0032
17000,0,3445,10820,0.0051
17000,0,3441,10819,0.0054
17000,0,3455,10819,0.0054
17000,0,3439,10821,0.0047
17000,0,3453,10813,0.0076
17000,0,3449,10812,0.0080
17000,0,3425,10832,0.0007
17000,0,3455,10826,0.0029
17000,0,3449,10807,0.0098
17000,0,3453,10817,0.0062
17000,0,3449,10819,0.0054
17000,0,3453,10823,0.0040
17000,0,3460,10812,0.0080
17000,0,3453,10831,0.0011
17000,0,3479,10820,0.0051
17000,0,3425,10817,0.0062
17000,0,3447,10817,0.0062
17000,0,3453,10821,0.0047
17000,0,3453,10848,-0.0051
17000,0,3453,10820,0.0051
17000,0,3452,10825,0.0032
17000,0,3469,10836,-0.0008
17000,0,3477,10800,0.0124
17000,0,3455,10825,0.0032
17000,0,3455,10800,0.0124
17000,0,3455,10902,-0.0248
17000,0,3447,10804,0.0109
17000,0,3459,10830,0.0014
17000,0,3447,10823,0.0040
17000,0,3455,10752,0.0299
17000,0,3455,10816,0.0065
17000,0,3457,10848,-0.0051
17000,0,3452,10829,0.0018
17000,0,3455,10804,0.0109
17000,0,3461,10822,0.0043
17000,0,3453,10820,0.0051
17000,0,3455,10836,-0.0008
17000,0,3461,10859,-0.0092
# start kp=-20.00 dt_ms=1 half_period_ms=1000 ref_amp=0.100 stiction_pos=0.277 stiction_neg=0.259
-0.100,-0.0030,2.218
-0.100,-0.0627,1.022
-0.100,-0.0904,0.468
-0.100,-0.1054,-0.367
-0.100,-0.1189,-0.636
-0.100,-0.1196,-0.651
-0.100,-0.1072,-0.403
-0.100,-0.0970,0.337
-0.100,-0.1043,-0.345
-0.100,-0.0996,0.286
-0.100,-0.1036,-0.330
-0.100,-0.1025,-0.308
-0.100,-0.1014,-0.287
-0.100,-0.1050,-0.359
-0.100,-0.0996,0.286
-0.100,-0.0948,0.381
-0.100,-0.1006,-0.272
-0.100,-0.1050,-0.359
-0.100,-0.0955,0.366
-0.100,-0.0992,0.293
-0.100,-0.0996,0.286
-0.100,-0.1017,-0.294
-0.100,-0.1025,-0.308
-0.100,-0.0992,0.293
-0.100,-0.0999,0.279
-0.100,-0.1043,-0.345
-0.100,-0.1065,-0.389
-0.100,-0.1014,-0.287
-0.100,-0.1006,-0.272
-0.100,-0.1006,-0.272
-0.100,-0.1021,-0.301
-0.100,-0.0992,0.293
-0.100,-0.1043,-0.345
-0.100,-0.0996,0.286
-0.100,-0.1072,-0.403
-0.100,-0.0999,0.279
-0.100,-0.0977,0.322
-0.100,-0.0992,0.293
-0.100,-0.0992,0.293
-0.100,-0.0977,0.322
-0.100,-0.0985,0.308
-0.100,-0.1006,-0.272
-0.100,-0.1006,-0.272
-0.100,-0.0985,0.308
-0.100,-0.0970,0.337
-0.100,-0.1043,-0.345
-0.100,-0.0963,0.352
-0.100,-0.0985,0.308
-0.100,-0.1043,-0.345
0.100,-0.1003,-4.265
0.100,-0.0234,-2.726
0.100,0.0211,-1.837
0.100,0.0864,-0.532
0.100,0.1188,0.653
0.100,0.1130,0.536
0.100,0.1115,0.507
0.100,0.0973,-0.313
0.100,0.0984,-0.291
0.100,0.0998,-0.262
0.100,0.1086,0.449
0.100,0.0998,-0.262
0.100,0.1232,0.740
0.100,0.0969,-0.321
0.100,0.1017,0.310
0.100,0.1013,0.303
0.100,0.1057,0.390
0.100,0.0991,-0.277
0.100,0.0991,-0.277
0.100,0.0998,-0.262
0.100,0.0951,-0.357
0.100,0.0969,-0.321
0.100,0.0977,-0.306
0.100,0.1057,0.390
0.100,0.0998,-0.262
0.100,0.0998,-0.262
0.100,0.0984,-0.291
0.100,0.1020,0.317
0.100,0.1108,0.492
0.100,0.1017,0.310
0.100,0.0962,-0.335
0.100,0.0984,-0.291
0.100,0.0987,-0.284
0.100,0.1013,0.303
0.100,0.0998,-0.262
0.100,0.0998,-0.262
0.100,0.1006,0.288
0.100,0.0998,-0.262
0.100,0.0998,-0.262
0.100,0.1006,0.288
0.100,0.1057,0.390
0.100,0.0969,-0.321
0.100,0.0998,-0.262
0.100,0.0951,-0.357
0.100,0.1049,0.376
0.100,0.1013,0.303
0.100,0.0977,-0.306
0.100,0.0984,-0.291
0.100,0.1006,0.288
0.100,0.0984,-0.291
-0.100,0.1086,4.449
-0.100,0.0590,3.457
-0.100,-0.0256,1.766
-0.100,-0.0934,0.410
-0.100,-0.1247,-0.753
-0.100,-0.1254,-0.768
-0.100,-0.1134,-0.527
-0.100,-0.0966,0.344
-0.100,-0.0934,0.410
-0.100,-0.0963,0.352
-0.100,-0.1014,-0.287
-0.100,-0.0773,0.731
-0.100,-0.0992,0.293
-0.100,-0.1014,-0.287
-0.100,-0.0955,0.366
-0.100,-0.0937,0.403
-0.100,-0.1181,-0.622
-0.100,-0.1094,-0.447
-0.100,-0.0985,0.308
-0.100,-0.0846,0.585
-0.100,-0.1021,-0.301
-0.100,-0.1028,-0.316
-0.100,-0.1006,-0.272
-0.100,-0.1032,-0.323
-0.100,-0.0977,0.322
-0.100,-0.1028,-0.316
-0.100,-0.1043,-0.345
-0.100,-0.0985,0.308
-0.100,-0.0977,0.322
-0.100,-0.0963,0.352
-0.100,-0.1021,-0.301
-0.100,-0.0996,0.286
-0.100,-0.1006,-0.272
-0.100,-0.1021,-0.301
-0.100,-0.0890,0.497
-0.100,-0.0970,0.337
-0.100,-0.1014,-0.287
-0.100,-0.0992,0.293
-0.100,-0.1181,-0.622
-0.100,-0.0999,0.279
-0.100,-0.1021,-0.301
-0.100,-0.0992,0.293
-0.100,-0.1014,-0.287
-0.100,-0.1006,-0.272
-0.100,-0.0977,0.322
-0.100,-0.1010,-0.279
-0.100,-0.1050,-0.359
-0.100,-0.0999,0.279
-0.100,-0.0996,0.286
-0.100,-0.0985,0.308
0.100,-0.0996,-4.250
0.100,-0.0547,-3.353
0.100,0.0226,-1.808
0.100,0.0882,-0.496
0.100,0.1217,0.711
0.100,0.1228,0.733
0.100,0.1122,0.522
0.100,0.1020,0.317
0.100,0.1068,0.412
0.100,0.0991,-0.277
0.100,0.1013,0.303
0.100,0.1013,0.303
0.100,0.1049,0.376
0.100,0.1020,0.317
0.100,0.1006,0.288
0.100,0.1006,0.288
0.100,0.0925,-0.408
0.100,0.1020,0.317
0.100,0.0998,-0.262
0.100,0.0991,-0.277
0.100,0.1020,0.317
0.100,0.0991,-0.277
0.100,0.0947,-0.364
0.100,0.1006,0.288
0.100,0.0984,-0.291
0.100,0.1013,0.303
0.100,0.1006,0.288
0.100,0.0984,-0.291
0.100,0.0998,-0.262
0.100,0.0998,-0.262
0.100,0.0977,-0.306
0.100,0.0977,-0.306
0.100,0.1006,0.288
0.100,0.1035,0.347
0.100,0.1006,0.288
0.100,0.1243,0.762
0.100,0.0998,-0.262
0.100,0.0998,-0.262
0.100,0.1028,0.332
0.100,0.1020,0.317
0.100,0.0991,-0.277
0.100,0.1049,0.376
0.100,0.0911,-0.437
0.100,0.0998,-0.262
0.100,0.0995,-0.270
0.100,0.1006,0.288
0.100,0.0991,-0.277
0.100,0.1006,0.288
0.100,0.1013,0.303
0.100,0.1068,0.412
-0.100,0.1261,4.799
-0.100,0.1006,4.288
-0.100,-0.0288,1.700
-0.100,-0.1028,-0.316
-0.100,-0.1251,-0.760
-0.100,-0.1222,-0.702
-0.100,-0.1101,-0.461
-0.100,-0.0977,0.322
-0.100,-0.1043,-0.345
-0.100,-0.0966,0.344
-0.100,-0.0996,0.286
-0.100,-0.1109,-0.476
-0.100,-0.1006,-0.272
-0.100,-0.1006,-0.272
-0.100,-0.1021,-0.301
-0.100,-0.1006,-0.272
-0.100,-0.0992,0.293
-0.100,-0.0963,0.352
-0.100,-0.1043,-0.345
-0.100,-0.1043,-0.345
-0.100,-0.1014,-0.287
-0.100,-0.1014,-0.287
-0.100,-0.1043,-0.345
-0.100,-0.1006,-0.272
-0.100,-0.1014,-0.287
-0.100,-0.0985,0.308
-0.100,-0.1014,-0.287
-0.100,-0.1014,-0.287
-0.100,-0.1014,-0.287
-0.100,-0.1021,-0.301
-0.100,-0.0963,0.352
-0.100,-0.0985,0.308
-0.100,-0.0999,0.279
-0.100,-0.1021,-0.301
-0.100,-0.0985,0.308
-0.100,-0.0992,0.293
-0.100,-0.1043,-0.345
-0.100,-0.0963,0.352
-0.100,-0.1043,-0.345
-0.100,-0.1006,-0.272
-0.100,-0.0970,0.337
-0.100,-0.0996,0.286
-0.100,-0.0999,0.279
-0.100,-0.0985,0.308
-0.100,-0.0963,0.352
-0.100,-0.1079,-0.418
-0.100,-0.0985,0.308
-0.100,-0.0999,0.279
-0.100,-0.0999,0.279
-0.100,-0.1006,-0.272
0.100,-0.1006,-4.272
0.100,-0.0554,-3.368
0.100,0.0204,-1.852
0.100,0.0860,-0.539
0.100,0.1195,0.667
0.100,0.1250,0.777
0.100,0.1108,0.492
0.100,0.1009,0.296
0.100,0.0721,-0.816
0.100,0.0991,-0.277
0.100,0.0998,-0.262
0.100,0.0991,-0.277
0.100,0.1017,0.310
0.100,0.1028,0.332
0.100,0.0991,-0.277
0.100,0.0998,-0.262
0.100,0.1006,0.288
0.100,0.0969,-0.321
0.100,0.1028,0.332
0.100,0.1024,0.325
0.100,0.0995,-0.270
0.100,0.1020,0.317
0.100,0.0998,-0.262
0.100,0.1020,0.317
0.100,0.0977,-0.306
0.100,0.0998,-0.262
0.100,0.0998,-0.262
0.100,0.1013,0.303
0.100,0.1086,0.449
0.100,0.1013,0.303
0.100,0.1181,0.638
0.100,0.0991,-0.277
0.100,0.1020,0.317
0.100,0.1006,0.288
0.100,0.1057,0.390
0.100,0.0991,-0.277
0.100,0.0998,-0.262
0.100,0.0977,-0.306
0.100,0.0940,-0.379
0.100,0.1031,0.339
0.100,0.1049,0.376
0.100,0.1006,0.288
0.100,0.1006,0.288
0.100,0.0998,-0.262
0.100,0.1013,0.303
0.100,0.1028,0.332
0.100,0.0998,-0.262
0.100,0.0987,-0.284
0.100,0.1020,0.317
0.100,0.0882,-0.496
-0.100,0.0969,4.215
-0.100,0.0685,3.647
-0.100,-0.0256,1.766
-0.100,-0.0919,0.439
-0.100,-0.1218,-0.695
-0.100,-0.1262,-0.782
-0.100,-0.1152,-0.564
-0.100,-0.1014,-0.287
-0.100,-0.0963,0.352
-0.100,-0.0970,0.337
-0.100,-0.1050,-0.359
-0.100,-0.1014,-0.287
-0.100,-0.0992,0.293
-0.100,-0.1006,-0.272
-0.100,-0.0988,0.301
-0.100,-0.0934,0.410
-0.100,-0.1094,-0.447
-0.100,-0.0966,0.344
-0.100,-0.0996,0.286
-0.100,-0.0912,0.454
-0.100,-0.0985,0.308
-0.100,-0.0985,0.308
-0.100,-0.0977,0.322
-0.100,-0.1006,-0.272
-0.100,-0.1130,-0.520
-0.100,-0.0999,0.279
-0.100,-0.0985,0.308
-0.100,-0.0919,0.439
-0.100,-0.1079,-0.418
-0.100,-0.0985,0.308
-0.100,-0.1021,-0.301
-0.100,-0.1006,-0.272
-0.100,-0.1021,-0.301
-0.100,-0.1021,-0.301
-0.100,-0.1072,-0.403
-0.100,-0.1014,-0.287
-0.100,-0.0999,0.279
-0.100,-0.1021,-0.301
-0.100,-0.0985,0.308
-0.100,-0.0992,0.293
-0.100,-0.0861,0.556
-0.100,-0.0999,0.279
-0.100,-0.1036,-0.330
-0.100,-0.0985,0.308
-0.100,-0.0999,0.279
-0.100,-0.1021,-0.301
-0.100,-0.0988,0.301
-0.100,-0.1014,-0.287
-0.100,-0.0955,0.366
-0.100,-0.0985,0.308
0.100,-0.0999,-4.257
0.100,-0.0500,-3.259
0.100,0.0204,-1.852
0.100,0.0896,-0.466
0.100,0.1192,0.660
0.100,0.1224,0.726
0.100,0.1170,0.616
0.100,0.1020,0.317
0.100,0.0955,-0.350
0.100,0.0882,-0.496
0.100,0.0984,-0.291
0.100,0.0998,-0.262
0.100,0.0998,-0.262
0.100,0.0987,-0.284
0.100,0.1028,0.332
0.100,0.0998,-0.262
0.100,0.0984,-0.291
0.100,0.1020,0.317
0.100,0.1024,0.325
0.100,0.0991,-0.277
0.100,0.0969,-0.321
0.100,0.0991,-0.277
0.100,0.0987,-0.284
0.100,0.1009,0.296
0.100,0.0969,-0.321
0.100,0.1006,0.288
0.100,0.0958,-0.342
0.100,0.1013,0.303
0.100,0.1079,0.434
0.100,0.0998,-0.262
0.100,0.1013,0.303
0.100,0.0995,-0.270
0.100,0.1024,0.325
0.100,0.0998,-0.262
0.100,0.0991,-0.277
0.100,0.0947,-0.364
0.100,0.1013,0.303
0.100,0.0973,-0.313
0.100,0.1042,0.361
0.100,0.0998,-0.262
0.100,0.0977,-0.306
0.100,0.0991,-0.277
0.100,0.1006,0.288
0.100,0.0973,-0.313
0.100,0.0991,-0.277
0.100,0.1057,0.390
0.100,0.0987,-0.284
0.100,0.0998,-0.262
0.100,0.1020,0.317
0.100,0.0998,-0.262
-0.100,0.0998,4.274
-0.100,0.0583,3.443
-0.100,-0.0226,1.824
-0.100,-0.0977,0.322
-0.100,-0.1240,-0.739
-0.100,-0.1258,-0.775
-0.100,-0.1079,-0.418
-0.100,-0.0908,0.461
-0.100,-0.0963,0.352
-0.100,-0.0992,0.293
-0.100,-0.1006,-0.272
-0.100,-0.1014,-0.287
-0.100,-0.1006,-0.272
-0.100,-0.0992,0.293
-0.100,-0.1014,-0.287
-0.100,-0.0992,0.293
-0.100,-0.0985,0.308
-0.100,-0.0883,0.512
-0.100,-0.1006,-0.272
-0.100,-0.1047,-0.352
-0.100,-0.0926,0.424
-0.100,-0.1014,-0.287
-0.100,-0.0999,0.279
-0.100,-0.0985,0.308
-0.100,-0.0883,0.512
-0.100,-0.1043,-0.345
-0.100,-0.0977,0.322
-0.100,-0.0981,0.315
-0.100,-0.0985,0.308
-0.100,-0.1014,-0.287
-0.100,-0.0996,0.286
-0.100,-0.0937,0.403
-0.100,-0.1014,-0.287
-0.100,-0.1006,-0.272
-0.100,-0.0992,0.293
-0.100,-0.0996,0.286
-0.100,-0.0999,0.279
-0.100,-0.1014,-0.287
-0.100,-0.0996,0.286
-0.100,-0.1014,-0.287
-0.100,-0.1047,-0.352
-0.100,-0.0963,0.352
-0.100,-0.0977,0.322
-0.100,-0.0996,0.286
-0.100,-0.0996,0.286
-0.100,-0.1006,-0.272
-0.100,-0.1014,-0.287
-0.100,-0.1006,-0.272
-0.100,-0.0981,0.315
-0.100,-0.0963,0.352
0.100,-0.1014,-4.287
0.100,-0.0270,-2.799
0.100,0.0218,-1.822
0.100,0.0878,-0.503
0.100,0.1224,0.726
0.100,0.1254,0.784
0.100,0.1100,0.478
0.100,0.1006,0.288
0.100,0.0977,-0.306
0.100,0.1195,0.667
0.100,0.0998,-0.262
0.100,0.1020,0.317
0.100,0.0998,-0.262
0.100,0.1006,0.288
0.100,0.0998,-0.262
0.100,0.0987,-0.284
0.100,0.0998,-0.262
0.100,0.0947,-0.364
0.100,0.1228,0.733
0.100,0.1017,0.310
0.100,0.1017,0.310
0.100,0.0966,-0.328
0.100,0.0725,-0.809
0.100,0.1053,0.383
0.100,0.1020,0.317
0.100,0.0984,-0.291
0.100,0.0998,-0.262
0.100,0.0998,-0.262
0.100,0.1006,0.288
0.100,0.1020,0.317
0.100,0.1006,0.288
0.100,0.0998,-0.262
0.100,0.0940,-0.379
0.100,0.1028,0.332
0.100,0.0853,-0.554
0.100,0.0962,-0.335
0.100,0.1006,0.288
0.100,0.0955,-0.350
0.100,0.1020,0.317
0.100,0.0991,-0.277
0.100,0.0933,-0.393
0.100,0.1086,0.449
0.100,0.1261,0.799
0.100,0.0874,-0.510
0.100,0.0966,-0.328
0.100,0.0878,-0.503
0.100,0.1071,0.420
0.100,0.0736,-0.787
0.100,0.1028,0.332
0.100,0.1049,0.376
-0.100,0.0889,4.055
-0.100,0.0568,3.413
-0.100,-0.0190,1.897
-0.100,-0.0970,0.337
-0.100,-0.1225,-0.709
-0.100,-0.1240,-0.739
-0.100,-0.1050,-0.359
-0.100,-0.0934,0.410
-0.100,-0.0908,0.461
-0.100,-0.0955,0.366
-0.100,-0.1014,-0.287
-0.100,-0.1006,-0.272
-0.100,-0.0985,0.308
-0.100,-0.1021,-0.301
-0.100,-0.0908,0.461
-0.100,-0.1324,-0.906
-0.100,-0.1036,-0.330
-0.100,-0.1014,-0.287
-0.100,-0.0992,0.293
-0.100,-0.0992,0.293
-0.100,-0.0853,0.570
-0.100,-0.0963,0.352
-0.100,-0.0966,0.344
-0.100,-0.1079,-0.418
-0.100,-0.1043,-0.345
-0.100,-0.1006,-0.272
-0.100,-0.1061,-0.381
-0.100,-0.1006,-0.272
-0.100,-0.0999,0.279
-0.100,-0.1043,-0.345
-0.100,-0.1284,-0.826
-0.100,-0.1021,-0.301
-0.100,-0.0751,0.774
-0.100,-0.1017,-0.294
-0.100,-0.1003,-0.265
-0.100,-0.0832,0.614
-0.100,-0.0996,0.286
-0.100,-0.0926,0.424
-0.100,-0.1036,-0.330
-0.100,-0.1014,-0.287
-0.100,-0.0977,0.322
-0.100,-0.0934,0.410
-0.100,-0.1014,-0.287
-0.100,-0.0963,0.352
-0.100,-0.1006,-0.272
-0.100,-0.0708,0.862
-0.100,-0.1050,-0.359
-0.100,-0.1101,-0.461
-0.100,-0.0992,0.293
-0.100,-0.0963,0.352
0.100,-0.1014,-4.287
0.100,-0.0616,-3.492
0.100,0.0215,-1.830
0.100,0.0904,-0.452
0.100,0.1217,0.711
0.100,0.1221,0.718
0.100,0.1115,0.507
0.100,0.1035,0.347
0.100,0.1079,0.434
0.100,0.0973,-0.313
0.100,0.0947,-0.364
0.100,0.1239,0.755
0.100,0.0958,-0.342
0.100,0.1013,0.303
0.100,0.0969,-0.321
0.100,0.1053,0.383
0.100,0.0991,-0.277
0.100,0.0998,-0.262
0.100,0.0998,-0.262
0.100,0.0977,-0.306
0.100,0.0977,-0.306
0.100,0.0991,-0.277
0.100,0.1006,0.288
0.100,0.0991,-0.277
0.100,0.0951,-0.357
0.100,0.0940,-0.379
0.100,0.0991,-0.277
0.100,0.0947,-0.364
0.100,0.0918,-0.423
0.100,0.1024,0.325
0.100,0.1224,0.726
0.100,0.1009,0.296
0.100,0.1006,0.288
0.100,0.1006,0.288
0.100,0.0955,-0.350
0.100,0.0940,-0.379
0.100,0.0955,-0.350
0.100,0.0984,-0.291
0.100,0.1071,0.420
0.100,0.0991,-0.277
0.100,0.1042,0.361
0.100,0.0973,-0.313
0.100,0.0925,-0.408
0.100,0.1028,0.332
0.100,0.1020,0.317
0.100,0.1046,0.369
0.100,0.1006,0.288
0.100,0.0904,-0.452
0.100,0.0980,-0.299
0.100,0.1020,0.317
-0.100,0.0991,4.259
-0.100,0.0641,3.559
-0.100,-0.0175,1.926
-0.100,-0.0934,0.410
-0.100,-0.1123,-0.505
-0.100,-0.1276,-0.811
-0.100,-0.1167,-0.593
-0.100,-0.1021,-0.301
-0.100,-0.0992,0.293
-0.100,-0.0992,0.293
-0.100,-0.0963,0.352
-0.100,-0.0934,0.410
-0.100,-0.1050,-0.359
-0.100,-0.0996,0.286
-0.100,-0.0996,0.286
-0.100,-0.0955,0.366
-0.100,-0.0999,0.279
-0.100,-0.1014,-0.287
-0.100,-0.0977,0.322
-0.100,-0.0908,0.461
-0.100,-0.0963,0.352
-0.100,-0.1028,-0.316
-0.100,-0.1006,-0.272
-0.100,-0.0985,0.308
-0.100,-0.0992,0.293
-0.100,-0.1036,-0.330
-0.100,-0.1043,-0.345
-0.100,-0.1287,-0.833
-0.100,-0.0970,0.337
-0.100,-0.1006,-0.272
-0.100,-0.0934,0.410
-0.100,-0.0992,0.293
-0.100,-0.0937,0.403
-0.100,-0.1021,-0.301
-0.100,-0.1050,-0.359
-0.100,-0.1014,-0.287
-0.100,-0.0904,0.468
-0.100,-0.0955,0.366
-0.100,-0.0744,0.789
-0.100,-0.0999,0.279
-0.100,-0.1014,-0.287
-0.100,-0.1010,-0.279
-0.100,-0.1061,-0.381
-0.100,-0.0999,0.279
-0.100,-0.0974,0.330
-0.100,-0.1043,-0.345
-0.100,-0.1050,-0.359
-0.100,-0.1006,-0.272
-0.100,-0.1287,-0.833
-0.100,-0.0977,0.322
0.100,-0.0974,-4.206
0.100,-0.0737,-3.732
0.100,0.0204,-1.852
0.100,0.0783,-0.692
0.100,0.1166,0.609
0.100,0.1392,1.061
0.100,0.1224,0.726
0.100,0.0915,-0.430
0.100,0.0962,-0.335
0.100,0.0940,-0.379
0.100,0.0918,-0.423
0.100,0.1144,0.565
0.100,0.1057,0.390
0.100,0.1013,0.303
0.100,0.0962,-0.335
0.100,0.1046,0.369
0.100,0.0958,-0.342
0.100,0.1144,0.565
0.100,0.0991,-0.277
0.100,0.0998,-0.262
0.100,0.0925,-0.408
0.100,0.1042,0.361
0.100,0.0856,-0.547
0.100,0.0984,-0.291
0.100,0.1020,0.317
0.100,0.0933,-0.393
0.100,0.0998,-0.262
0.100,0.1049,0.376
0.100,0.1006,0.288
0.100,0.0940,-0.379
0.100,0.0977,-0.306
0.100,0.1024,0.325
0.100,0.0962,-0.335
0.100,0.1017,0.310
0.100,0.0977,-0.306
0.100,0.0911,-0.437
0.100,0.0977,-0.306
0.100,0.1013,0.303
0.100,0.0874,-0.510
0.100,0.0977,-0.306
0.100,0.0845,-0.568
0.100,0.0977,-0.306
0.100,0.1137,0.551
0.100,0.0918,-0.423
0.100,0.0991,-0.277
0.100,0.0925,-0.408
0.100,0.1031,0.339
0.100,0.1144,0.565
0.100,0.0977,-0.306
0.100,0.1035,0.347
-0.100,0.1028,4.332
-0.100,0.0576,3.428
-0.100,-0.0234,1.810
-0.100,-0.1072,-0.403
-0.100,-0.1254,-0.768
-0.100,-0.1276,-0.811
-0.100,-0.1101,-0.461
-0.100,-0.1342,-0.943
-0.100,-0.1006,-0.272
-0.100,-0.1058,-0.374
-0.100,-0.1010,-0.279
-0.100,-0.0970,0.337
-0.100,-0.1072,-0.403
-0.100,-0.1021,-0.301
-0.100,-0.0996,0.286
-0.100,-0.1003,-0.265
-0.100,-0.0678,0.920
-0.100,-0.0985,0.308
-0.100,-0.0992,0.293
-0.100,-0.0977,0.322
-0.100,-0.0846,0.585
-0.100,-0.0941,0.395
-0.100,-0.1006,-0.272
-0.100,-0.0977,0.322
-0.100,-0.1112,-0.483
-0.100,-0.0985,0.308
-0.100,-0.1145,-0.549
-0.100,-0.1072,-0.403
-0.100,-0.1083,-0.425
-0.100,-0.0937,0.403
-0.100,-0.0919,0.439
-0.100,-0.0941,0.395
-0.100,-0.0999,0.279
-0.100,-0.0897,0.483
-0.100,-0.1021,-0.301
-0.100,-0.1065,-0.389
-0.100,-0.1050,-0.359
-0.100,-0.0977,0.322
-0.100,-0.0744,0.789
-0.100,-0.0959,0.359
-0.100,-0.0963,0.352
-0.100,-0.0996,0.286
-0.100,-0.1050,-0.359
-0.100,-0.0985,0.308
-0.100,-0.1087,-0.432
-0.100,-0.1094,-0.447
-0.100,-0.0908,0.461
-0.100,-0.0926,0.424
-0.100,-0.0996,0.286
-0.100,-0.1072,-0.403
0.100,-0.0890,-4.039
0.100,-0.0241,-2.741
0.100,-0.0004,-2.267
0.100,0.0904,-0.452
0.100,0.1195,0.667
0.100,0.1210,0.697
0.100,0.1122,0.522
0.100,0.1079,0.434
0.100,0.0802,-0.656
0.100,0.1115,0.507
0.100,0.0991,-0.277
0.100,0.1002,0.281
0.100,0.0984,-0.291
0.100,0.0962,-0.335
0.100,0.0940,-0.379
0.100,0.0984,-0.291
0.100,0.0962,-0.335
0.100,0.1028,0.332
0.100,0.1017,0.310
0.100,0.0973,-0.313
0.100,0.0933,-0.393
0.100,0.1137,0.551
0.100,0.1031,0.339
0.100,0.0991,-0.277
0.100,0.0940,-0.379
0.100,0.1013,0.303
0.100,0.0998,-0.262
0.100,0.0969,-0.321
0.100,0.0998,-0.262
0.100,0.1100,0.478
0.100,0.0998,-0.262
0.100,0.0984,-0.291
0.100,0.1049,0.376
0.100,0.0998,-0.262
0.100,0.0991,-0.277
0.100,0.0991,-0.277
0.100,0.1035,0.347
0.100,0.1028,0.332
0.100,0.1035,0.347
0.100,0.0736,-0.787
0.100,0.0995,-0.270
0.100,0.0998,-0.262
0.100,0.0998,-0.262
0.100,0.1006,0.288
0.100,0.1031,0.339
0.100,0.1006,0.288
0.100,0.0998,-0.262
0.100,0.0969,-0.321
0.100,0.1020,0.317
0.100,0.0991,-0.277
-0.100,0.1079,4.434
-0.100,0.0601,3.479
-0.100,-0.0230,1.817
-0.100,-0.0926,0.424
-0.100,-0.1240,-0.739
-0.100,-0.1276,-0.811
-0.100,-0.1123,-0.505
-0.100,-0.1021,-0.301
-0.100,-0.0959,0.359
-0.100,-0.0908,0.461
-0.100,-0.1021,-0.301
-0.100,-0.1014,-0.287
-0.100,-0.1058,-0.374
-0.100,-0.0912,0.454
-0.100,-0.0999,0.279
-0.100,-0.1028,-0.316
-0.100,-0.0883,0.512
-0.100,-0.1014,-0.287
-0.100,-0.1014,-0.287
-0.100,-0.1171,-0.600
-0.100,-0.1006,-0.272
-0.100,-0.0945,0.388
-0.100,-0.0999,0.279
-0.100,-0.1021,-0.301
-0.100,-0.1021,-0.301
-0.100,-0.1014,-0.287
-0.100,-0.0963,0.352
-0.100,-0.1014,-0.287
-0.100,-0.0963,0.352
-0.100,-0.0934,0.410
-0.100,-0.1006,-0.272
-0.100,-0.0762,0.753
-0.100,-0.1021,-0.301
-0.100,-0.0992,0.293
-0.100,-0.0996,0.286
-0.100,-0.1006,-0.272
-0.100,-0.0985,0.308
-0.100,-0.1006,-0.272
-0.100,-0.0996,0.286
-0.100,-0.1028,-0.316
-0.100,-0.0992,0.293
-0.100,-0.1028,-0.316
-0.100,-0.1025,-0.308
-0.100,-0.0985,0.308
-0.100,-0.0977,0.322
-0.100,-0.1021,-0.301
-0.100,-0.0999,0.279
-0.100,-0.1054,-0.367
-0.100,-0.1006,-0.272
-0.100,-0.1065,-0.389
0.100,-0.1006,-4.272
0.100,-0.0598,-3.455
0.100,0.0218,-1.822
0.100,0.0889,-0.481
0.100,0.1184,0.646
0.100,0.1224,0.726
0.100,0.1133,0.544
0.100,0.0980,-0.299
0.100,0.0977,-0.306
0.100,0.0958,-0.342
0.100,0.1006,0.288
0.100,0.0918,-0.423
0.100,0.1028,0.332
0.100,0.1020,0.317
0.100,0.0984,-0.291
0.100,0.0787,-0.685
0.100,0.1006,0.288
0.100,0.0987,-0.284
0.100,0.1017,0.310
0.100,0.0973,-0.313
0.100,0.0995,-0.270
0.100,0.1017,0.310
0.100,0.0966,-0.328
0.100,0.1013,0.303
0.100,0.1049,0.376
0.100,0.0958,-0.342
0.100,0.0991,-0.277
0.100,0.1017,0.310
0.100,0.1013,0.303
0.100,0.0984,-0.291
0.100,0.0998,-0.262
0.100,0.0998,-0.262
0.100,0.1020,0.317
0.100,0.0991,-0.277
0.100,0.0998,-0.262
0.100,0.0984,-0.291
0.100,0.0987,-0.284
0.100,0.1020,0.317
0.100,0.1035,0.347
0.100,0.1013,0.303
0.100,0.1028,0.332
0.100,0.0991,-0.277
0.100,0.0962,-0.335
0.100,0.1017,0.310
0.100,0.0904,-0.452
0.100,0.0962,-0.335
0.100,0.1057,0.390
0.100,0.1028,0.332
0.100,0.0998,-0.262
0.100,0.1046,0.369
-0.100,0.1057,4.390
-0.100,0.0568,3.413
-0.100,-0.0256,1.766
-0.100,-0.0934,0.410
-0.100,-0.1262,-0.782
-0.100,-0.1258,-0.775
-0.100,-0.1116,-0.491
-0.100,-0.1021,-0.301
-0.100,-0.0937,0.403
-0.100,-0.0985,0.308
-0.100,-0.0992,0.293
-0.100,-0.1014,-0.287
-0.100,-0.0948,0.381
-0.100,-0.0985,0.308
-0.100,-0.1014,-0.287
-0.100,-0.0955,0.366
-0.100,-0.1014,-0.287
-0.100,-0.0970,0.337
-0.100,-0.1006,-0.272
-0.100,-0.1006,-0.272
-0.100,-0.0992,0.293
-0.100,-0.1036,-0.330
-0.100,-0.1021,-0.301
-0.100,-0.1003,-0.265
-0.100,-0.0970,0.337
-0.100,-0.0985,0.308
-0.100,-0.0988,0.301
-0.100,-0.0999,0.279
-0.100,-0.0985,0.308
-0.100,-0.0999,0.279
-0.100,-0.1021,-0.301
-0.100,-0.0999,0.279
-0.100,-0.1116,-0.491
-0.100,-0.0999,0.279
-0.100,-0.1174,-0.607
-0.100,-0.1021,-0.301
-0.100,-0.1014,-0.287
-0.100,-0.0992,0.293
-0.100,-0.0948,0.381
-0.100,-0.1014,-0.287
-0.100,-0.0992,0.293
-0.100,-0.0992,0.293
-0.100,-0.1043,-0.345
-0.100,-0.1109,-0.476
-0.100,-0.1014,-0.287
-0.100,-0.1014,-0.287
-0.100,-0.1014,-0.287
-0.100,-0.0992,0.293
-0.100,-0.0992,0.293
-0.100,-0.1014,-0.287
0.100,-0.1006,-4.272
0.100,-0.0733,-3.725
0.100,0.0233,-1.793
0.100,0.0896,-0.466
0.100,0.1203,0.682
0.100,0.1166,0.609
0.100,0.1049,0.376
0.100,0.0987,-0.284
0.100,0.0969,-0.321
0.100,0.1028,0.332
0.100,0.0987,-0.284
0.100,0.1075,0.427
0.100,0.1009,0.296
0.100,0.1122,0.522
0.100,0.0751,-0.758
0.100,0.1017,0.310
0.100,0.1082,0.441
0.100,0.1013,0.303
0.100,0.1002,0.281
0.100,0.1013,0.303
0.100,0.1064,0.405
0.100,0.0998,-0.262
0.100,0.1028,0.332
0.100,0.1133,0.544
0.100,0.1013,0.303
0.100,0.1020,0.317
0.100,0.1079,0.434
0.100,0.1006,0.288
0.100,0.1006,0.288
0.100,0.1006,0.288
0.100,0.1009,0.296
0.100,0.0977,-0.306
0.100,0.0998,-0.262
0.100,0.0998,-0.262
0.100,0.1006,0.288
0.100,0.0991,-0.277
0.100,0.1035,0.347
0.100,0.0987,-0.284
0.100,0.0998,-0.262
0.100,0.0991,-0.277
0.100,0.0991,-0.277
0.100,0.0995,-0.270
0.100,0.0998,-0.262
0.100,0.0933,-0.393
0.100,0.0925,-0.408
0.100,0.0991,-0.277
0.100,0.1013,0.303
0.100,0.0998,-0.262
0.100,0.1020,0.317
0.100,0.0991,-0.277
-0.100,0.0973,4.223
-0.100,0.0444,3.166
-0.100,-0.0256,1.766
-0.100,-0.0926,0.424
-0.100,-0.1167,-0.593
-0.100,-0.1211,-0.680
-0.100,-0.1094,-0.447
-0.100,-0.1014,-0.287
-0.100,-0.0934,0.410
-0.100,-0.1090,-0.440
-0.100,-0.0955,0.366
-0.100,-0.0999,0.279
-0.100,-0.1109,-0.476
-0.100,-0.1014,-0.287
-0.100,-0.1021,-0.301
-0.100,-0.0992,0.293
-0.100,-0.1006,-0.272
-0.100,-0.0970,0.337
-0.100,-0.0992,0.293
-0.100,-0.0948,0.381
-0.100,-0.1109,-0.476
-0.100,-0.1021,-0.301
-0.100,-0.0992,0.293
-0.100,-0.0992,0.293
-0.100,-0.1025,-0.308
-0.100,-0.1021,-0.301
-0.100,-0.0977,0.322
-0.100,-0.0985,0.308
-0.100,-0.1014,-0.287
-0.100,-0.0985,0.308
-0.100,-0.1006,-0.272
-0.100,-0.1014,-0.287
-0.100,-0.0919,0.439
-0.100,-0.0999,0.279
-0.100,-0.1006,-0.272
-0.100,-0.1036,-0.330
-0.100,-0.0985,0.308
-0.100,-0.1021,-0.301
-0.100,-0.1014,-0.287
-0.100,-0.1021,-0.301
-0.100,-0.1014,-0.287
-0.100,-0.1006,-0.272
-0.100,-0.0992,0.293
-0.100,-0.0992,0.293
-0.100,-0.1014,-0.287
-0.100,-0.0996,0.286
-0.100,-0.0999,0.279
-0.100,-0.0992,0.293
-0.100,-0.1014,-0.287
-0.100,-0.0853,0.570
0.100,-0.0992,-4.243
0.100,-0.0146,-2.551
0.100,0.0207,-1.844
0.100,0.0904,-0.452
0.100,0.1221,0.718
0.100,0.1173,0.624
0.100,0.1144,0.565
0.100,0.0998,-0.262
0.100,0.0896,-0.466
0.100,0.0958,-0.342
0.100,0.1006,0.288
0.100,0.0998,-0.262
0.100,0.0977,-0.306
0.100,0.1013,0.303
0.100,0.1028,0.332
0.100,0.1006,0.288
0.100,0.1173,0.624
0.100,0.0991,-0.277
0.100,0.1020,0.317
0.100,0.0995,-0.270
0.100,0.0995,-0.270
0.100,0.0980,-0.299
0.100,0.0991,-0.277
0.100,0.1020,0.317
0.100,0.0991,-0.277
0.100,0.1006,0.288
0.100,0.0977,-0.306
0.100,0.1006,0.288
0.100,0.1217,0.711
0.100,0.1006,0.288
0.100,0.1013,0.303
0.100,0.0998,-0.262
0.100,0.0998,-0.262
0.100,0.1028,0.332
0.100,0.1006,0.288
0.100,0.1035,0.347
0.100,0.0991,-0.277
0.100,0.0998,-0.262
0.100,0.0969,-0.321
0.100,0.0958,-0.342
0.100,0.1028,0.332
0.100,0.0991,-0.277
0.100,0.0871,-0.517
0.100,0.0991,-0.277
0.100,0.1031,0.339
0.100,0.0991,-0.277
0.100,0.1038,0.354
0.100,0.0984,-0.291
0.100,0.1017,0.310
0.100,0.1013,0.303
-0.100,0.1020,4.317
-0.100,0.0619,3.516
-0.100,-0.0292,1.693
-0.100,-0.0897,0.483
-0.100,-0.1247,-0.753
-0.100,-0.1316,-0.892
-0.100,-0.1109,-0.476
-0.100,-0.0977,0.322
-0.100,-0.0955,0.366
-0.100,-0.1003,-0.265
-0.100,-0.1101,-0.461
-0.100,-0.1036,-0.330
-0.100,-0.1043,-0.345
-0.100,-0.1028,-0.316
-0.100,-0.0999,0.279
-0.100,-0.0992,0.293
-0.100,-0.1006,-0.272
-0.100,-0.1028,-0.316
-0.100,-0.0999,0.279
-0.100,-0.1010,-0.279
-0.100,-0.1047,-0.352
-0.100,-0.0970,0.337
-0.100,-0.0966,0.344
-0.100,-0.0985,0.308
-0.100,-0.1021,-0.301
-0.100,-0.0999,0.279
-0.100,-0.0996,0.286
-0.100,-0.0963,0.352
-0.100,-0.1014,-0.287
-0.100,-0.1123,-0.505
-0.100,-0.1006,-0.272
-0.100,-0.1006,-0.272
-0.100,-0.1006,-0.272
-0.100,-0.1028,-0.316
-0.100,-0.1021,-0.301
-0.100,-0.0985,0.308
-0.100,-0.1014,-0.287
-0.100,-0.1101,-0.461
-0.100,-0.0985,0.308
-0.100,-0.1014,-0.287
-0.100,-0.0999,0.279
-0.100,-0.1006,-0.272
-0.100,-0.0963,0.352
-0.100,-0.0810,0.658
-0.100,-0.0985,0.308
-0.100,-0.0999,0.279
-0.100,-0.0985,0.308
-0.100,-0.1006,-0.272
-0.100,-0.0985,0.308
-0.100,-0.0970,0.337
0.100,-0.0966,-4.192
0.100,-0.0780,-3.820
0.100,0.0240,-1.779
0.100,0.0874,-0.510
0.100,0.1188,0.653
0.100,0.1224,0.726
0.100,0.1137,0.551
0.100,0.0998,-0.262
0.100,0.1100,0.478
0.100,0.0991,-0.277
0.100,0.1013,0.303
0.100,0.1013,0.303
0.100,0.1006,0.288
0.100,0.1151,0.580
0.100,0.0991,-0.277
0.100,0.1009,0.296
0.100,0.0940,-0.379
0.100,0.0991,-0.277
0.100,0.1020,0.317
0.100,0.0991,-0.277
0.100,0.1013,0.303
0.100,0.1006,0.288
0.100,0.1006,0.288
0.100,0.0998,-0.262
0.100,0.1049,0.376
0.100,0.1013,0.303
0.100,0.1013,0.303
0.100,0.1064,0.405
0.100,0.0998,-0.262
0.100,0.0955,-0.350
0.100,0.1028,0.332
0.100,0.0969,-0.321
0.100,0.1006,0.288
0.100,0.0998,-0.262
0.100,0.0991,-0.277
0.100,0.0969,-0.321
0.100,0.0991,-0.277
0.100,0.1006,0.288
0.100,0.0980,-0.299
0.100,0.1009,0.296
0.100,0.0995,-0.270
0.100,0.1093,0.463
0.100,0.1013,0.303
0.100,0.0998,-0.262
0.100,0.0998,-0.262
0.100,0.0984,-0.291
0.100,0.1013,0.303
0.100,0.0998,-0.262
0.100,0.0998,-0.262
0.100,0.1028,0.332
-0.100,0.1028,4.332
-0.100,0.0586,3.450
-0.100,-0.0226,1.824
-0.100,-0.0879,0.519
-0.100,-0.1258,-0.775
-0.100,-0.1269,-0.797
-0.100,-0.1116,-0.491
-0.100,-0.0992,0.293
-0.100,-0.0992,0.293
-0.100,-0.1116,-0.491
-0.100,-0.0999,0.279
-0.100,-0.0999,0.279
-0.100,-0.1014,-0.287
-0.100,-0.1006,-0.272
-0.100,-0.1014,-0.287
-0.100,-0.1006,-0.272
-0.100,-0.0693,0.891
-0.100,-0.0992,0.293
-0.100,-0.0977,0.322
-0.100,-0.1014,-0.287
-0.100,-0.1014,-0.287
-0.100,-0.1017,-0.294
-0.100,-0.0985,0.308
-0.100,-0.1006,-0.272
-0.100,-0.1014,-0.287
-0.100,-0.0963,0.352
-0.100,-0.0999,0.279
-0.100,-0.1006,-0.272
-0.100,-0.0985,0.308
-0.100,-0.1014,-0.287
-0.100,-0.0966,0.344
-0.100,-0.0722,0.833
-0.100,-0.0996,0.286
-0.100,-0.1021,-0.301
-0.100,-0.0996,0.286
-0.100,-0.1003,-0.265
-0.100,-0.1021,-0.301
-0.100,-0.0934,0.410
-0.100,-0.1025,-0.308
-0.100,-0.0999,0.279
-0.100,-0.0970,0.337
-0.100,-0.1014,-0.287
-0.100,-0.0985,0.308
-0.100,-0.1083,-0.425
-0.100,-0.1021,-0.301
-0.100,-0.0985,0.308
-0.100,-0.0977,0.322
-0.100,-0.0966,0.344
-0.100,-0.0996,0.286
-0.100,-0.0992,0.293
0.100,-0.1072,-4.403
0.100,-0.0766,-3.791
0.100,0.0240,-1.779
0.100,0.0860,-0.539
0.100,0.1170,0.616
0.100,0.1239,0.755
0.100,0.1108,0.492
0.100,0.0984,-0.291
0.100,0.0947,-0.364
0.100,0.0958,-0.342
0.100,0.0991,-0.277
0.100,0.1009,0.296
0.100,0.1020,0.317
0.100,0.1166,0.609
0.100,0.1006,0.288
0.100,0.1006,0.288
0.100,0.1013,0.303
0.100,0.1006,0.288
0.100,0.0984,-0.291
0.100,0.1020,0.317
0.100,0.1017,0.310
0.100,0.0995,-0.270
0.100,0.1006,0.288
0.100,0.0991,-0.277
0.100,0.1031,0.339
0.100,0.0998,-0.262
0.100,0.0998,-0.262
0.100,0.0998,-0.262
0.100,0.0977,-0.306
0.100,0.0991,-0.277
0.100,0.1006,0.288
0.100,0.0998,-0.262
0.100,0.0998,-0.262
0.100,0.0998,-0.262
0.100,0.1020,0.317
0.100,0.1006,0.288
0.100,0.1028,0.332
0.100,0.0998,-0.262
0.100,0.1024,0.325
0.100,0.1006,0.288
0.100,0.0896,-0.466
0.100,0.1006,0.288
0.100,0.0962,-0.335
0.100,0.0998,-0.262
0.100,0.0998,-0.262
0.100,0.0991,-0.277
0.100,0.1020,0.317
0.100,0.0977,-0.306
0.100,0.0977,-0.306
0.100,0.1049,0.376
-0.100,0.0998,4.274
-0.100,0.0590,3.457
-0.100,-0.0168,1.941
-0.100,-0.0955,0.366
-0.100,-0.1258,-0.775
-0.100,-0.1265,-0.790
-0.100,-0.1141,-0.542
-0.100,-0.0985,0.308
-0.100,-0.0974,0.330
-0.100,-0.0985,0.308
-0.100,-0.0985,0.308
-0.100,-0.1017,-0.294
-0.100,-0.0875,0.527
-0.100,-0.1014,-0.287
-0.100,-0.1014,-0.287
-0.100,-0.0985,0.308
-0.100,-0.0915,0.446
-0.100,-0.0941,0.395
-0.100,-0.0955,0.366
-0.100,-0.0955,0.366
-0.100,-0.1006,-0.272
-0.100,-0.0999,0.279
-0.100,-0.0999,0.279
-0.100,-0.0996,0.286
-0.100,-0.1043,-0.345
-0.100,-0.1003,-0.265
-0.100,-0.1006,-0.272
-0.100,-0.1006,-0.272
-0.100,-0.1058,-0.374
-0.100,-0.1021,-0.301
-0.100,-0.1087,-0.432
-0.100,-0.1006,-0.272
-0.100,-0.1043,-0.345
-0.100,-0.0985,0.308
-0.100,-0.0985,0.308
-0.100,-0.0996,0.286
-0.100,-0.0977,0.322
-0.100,-0.1043,-0.345
-0.100,-0.1021,-0.301
-0.100,-0.0985,0.308
-0.100,-0.1006,-0.272
-0.100,-0.1006,-0.272
-0.100,-0.1014,-0.287
-0.100,-0.0999,0.279
-0.100,-0.1021,-0.301
-0.100,-0.0996,0.286
-0.100,-0.1006,-0.272
-0.100,-0.1006,-0.272
-0.100,-0.0985,0.308
-0.100,-0.1006,-0.272
0.100,-0.1050,-4.359
0.100,-0.0562,-3.383
0.100,0.0211,-1.837
0.100,0.1159,0.595
0.100,0.1203,0.682
0.100,0.1224,0.726
0.100,0.1086,0.449
0.100,0.0958,-0.342
0.100,0.0969,-0.321
0.100,0.0984,-0.291
0.100,0.0925,-0.408
0.100,0.1028,0.332
0.100,0.0998,-0.262
0.100,0.0838,-0.583
0.100,0.1042,0.361
0.100,0.1057,0.390
0.100,0.0998,-0.262
0.100,0.1006,0.288
0.100,0.0958,-0.342
0.100,0.1028,0.332
0.100,0.0991,-0.277
0.100,0.1035,0.347
0.100,0.0998,-0.262
0.100,0.0889,-0.481
0.100,0.1006,0.288
0.100,0.1009,0.296
0.100,0.1013,0.303
0.100,0.1108,0.492
0.100,0.0998,-0.262
0.100,0.1006,0.288
0.100,0.1108,0.492
0.100,0.0958,-0.342
0.100,0.1086,0.449
0.100,0.0977,-0.306
0.100,0.1272,0.821
0.100,0.1042,0.361
0.100,0.0998,-0.262
0.100,0.0969,-0.321
0.100,0.1009,0.296
0.100,0.1006,0.288
0.100,0.0984,-0.291
0.100,0.0984,-0.291
0.100,0.1006,0.288
0.100,0.0947,-0.364
0.100,0.1017,0.310
0.100,0.0969,-0.321
0.100,0.1013,0.303
0.100,0.1020,0.317
0.100,0.1013,0.303
0.100,0.1017,0.310
-0.100,0.1093,4.463
-0.100,0.0583,3.443
-0.100,-0.0285,1.708
-0.100,-0.0919,0.439
-0.100,-0.1171,-0.600
-0.100,-0.1276,-0.811
-0.100,-0.1058,-0.374
-0.100,-0.0890,0.497
-0.100,-0.0985,0.308
-0.100,-0.0912,0.454
-0.100,-0.1006,-0.272
-0.100,-0.0992,0.293
-0.100,-0.1006,-0.272
-0.100,-0.1014,-0.287
-0.100,-0.0897,0.483
-0.100,-0.1006,-0.272
-0.100,-0.1109,-0.476
-0.100,-0.1145,-0.549
-0.100,-0.1036,-0.330
-0.100,-0.0948,0.381
-0.100,-0.0996,0.286
-0.100,-0.1006,-0.272
-0.100,-0.1006,-0.272
-0.100,-0.0934,0.410
-0.100,-0.0985,0.308
-0.100,-0.0970,0.337
-0.100,-0.0996,0.286
-0.100,-0.0985,0.308
-0.100,-0.1006,-0.272
-0.100,-0.0996,0.286
-0.100,-0.0999,0.279
-0.100,-0.1021,-0.301
-0.100,-0.1014,-0.287
-0.100,-0.0999,0.279
-0.100,-0.1006,-0.272
-0.100,-0.1006,-0.272
-0.100,-0.0985,0.308
-0.100,-0.0992,0.293
-0.100,-0.0999,0.279
-0.100,-0.1006,-0.272
-0.100,-0.0919,0.439
-0.100,-0.0999,0.279
-0.100,-0.1058,-0.374
-0.100,-0.1043,-0.345
-0.100,-0.0992,0.293
-0.100,-0.0985,0.308
-0.100,-0.0985,0.308
-0.100,-0.1014,-0.287
-0.100,-0.1014,-0.287
-0.100,-0.1014,-0.287
0.100,-0.0963,-4.184
0.100,-0.0649,-3.557
0.100,0.0182,-1.895
0.100,0.0809,-0.641
0.100,0.1119,0.514
0.100,0.1210,0.697
0.100,0.1137,0.551
0.100,0.1028,0.332
0.100,0.0933,-0.393
0.100,0.0962,-0.335
0.100,0.1013,0.303
0.100,0.0987,-0.284
0.100,0.0991,-0.277
0.100,0.1006,0.288
0.100,0.0977,-0.306
0.100,0.0966,-0.328
0.100,0.1060,0.398
0.100,0.0969,-0.321
0.100,0.0998,-0.262
0.100,0.0998,-0.262
0.100,0.1017,0.310
0.100,0.1006,0.288
0.100,0.0977,-0.306
0.100,0.0998,-0.262
0.100,0.1100,0.478
0.100,0.1020,0.317
0.100,0.0998,-0.262
0.100,0.0991,-0.277
0.100,0.0969,-0.321
0.100,0.1006,0.288
0.100,0.0998,-0.262
0.100,0.0998,-0.262
0.100,0.1020,0.317
0.100,0.0984,-0.291
0.100,0.1017,0.310
# stop
# kp=-25.00
# start kp=-25.00 dt_ms=1 half_period_ms=1000 ref_amp=0.100 stiction_pos=0.277 stiction_neg=0.259
-0.100,0.0532,4.106
-0.100,-0.0547,1.409
-0.100,-0.1203,-0.767
-0.100,-0.1327,-1.077
-0.100,-0.1276,-0.950
-0.100,-0.0791,0.798
-0.100,-0.1050,-0.385
-0.100,-0.1014,-0.293
-0.100,-0.0919,0.480
-0.100,-0.0985,0.316
-0.100,-0.1298,-1.004
-0.100,-0.0926,0.461
-0.100,-0.1028,-0.330
-0.100,-0.1036,-0.348
-0.100,-0.1160,-0.658
-0.100,-0.1276,-0.950
-0.100,-0.1036,-0.348
-0.100,-0.0977,0.334
-0.100,-0.0861,0.625
-0.100,-0.0985,0.316
-0.100,-0.0802,0.771
-0.100,-0.1006,-0.275
-0.100,-0.0977,0.334
-0.100,-0.0966,0.361
-0.100,-0.0992,0.297
-0.100,-0.1054,-0.394
-0.100,-0.1021,-0.312
-0.100,-0.0970,0.352
-0.100,-0.1014,-0.293
-0.100,-0.1014,-0.293
-0.100,-0.0999,0.279
-0.100,-0.1065,-0.421
-0.100,-0.1014,-0.293
-0.100,-0.1021,-0.312
-0.100,-0.0999,0.279
-0.100,-0.0890,0.552
-0.100,-0.0966,0.361
-0.100,-0.1036,-0.348
-0.100,-0.1036,-0.348
-0.100,-0.0999,0.279
-0.100,-0.0992,0.297
-0.100,-0.1240,-0.858
-0.100,-0.1043,-0.366
-0.100,-0.0941,0.425
-0.100,-0.1072,-0.439
-0.100,-0.1014,-0.293
-0.100,-0.1014,-0.293
-0.100,-0.1014,-0.293
-0.100,-0.0955,0.388
0.100,-0.1079,-5.457
0.100,-0.0467,-3.926
0.100,0.0488,-1.539
0.100,0.1170,0.701
0.100,0.1290,1.002
0.100,0.1133,0.610
0.100,0.1013,0.309
0.100,0.0962,-0.354
0.100,0.0933,-0.427
0.100,0.0984,-0.300
0.100,0.0984,-0.300
0.100,0.0984,-0.300
0.100,0.0987,-0.290
0.100,0.0991,-0.281
0.100,0.1046,0.391
0.100,0.0940,-0.409
0.100,0.1035,0.364
0.100,0.0998,-0.263
0.100,0.1057,0.419
0.100,0.1006,0.291
0.100,0.0925,-0.445
0.100,0.0812,-0.728
0.100,0.1006,0.291
0.100,0.1020,0.328
0.100,0.1028,0.346
0.100,0.0991,-0.281
0.100,0.1006,0.291
0.100,0.1104,0.537
0.100,0.1053,0.410
0.100,0.1020,0.328
0.100,0.0904,-0.500
0.100,0.0918,-0.464
0.100,0.0977,-0.318
0.100,0.1006,0.291
0.100,0.1017,0.319
0.100,0.0947,-0.391
0.100,0.0991,-0.281
0.100,0.0998,-0.263
0.100,0.1046,0.391
0.100,0.1009,0.300
0.100,0.1057,0.419
0.100,0.1086,0.492
0.100,0.0998,-0.263
0.100,0.0947,-0.391
0.100,0.1057,0.419
0.100,0.1013,0.309
0.100,0.1020,0.328
0.100,0.1224,0.838
0.100,0.0973,-0.327
0.100,0.0998,-0.263
-0.100,0.1210,5.801
-0.100,0.0247,3.396
-0.100,-0.0511,1.500
-0.100,-0.1203,-0.767
-0.100,-0.1378,-1.205
-0.100,-0.1094,-0.494
-0.100,-0.1079,-0.457
-0.100,-0.0875,0.589
-0.100,-0.0926,0.461
-0.100,-0.1014,-0.293
-0.100,-0.1028,-0.330
-0.100,-0.1043,-0.366
-0.100,-0.1043,-0.366
-0.100,-0.0985,0.316
-0.100,-0.0988,0.306
-0.100,-0.0729,0.953
-0.100,-0.1043,-0.366
-0.100,-0.0934,0.443
-0.100,-0.1050,-0.385
-0.100,-0.0868,0.607
-0.100,-0.1036,-0.348
-0.100,-0.1061,-0.412
-0.100,-0.1006,-0.275
-0.100,-0.1021,-0.312
-0.100,-0.1076,-0.448
-0.100,-0.0992,0.297
-0.100,-0.0948,0.407
-0.100,-0.0934,0.443
-0.100,-0.0985,0.316
-0.100,-0.0999,0.279
-0.100,-0.1025,-0.321
-0.100,-0.0937,0.434
-0.100,-0.0937,0.434
-0.100,-0.0963,0.370
-0.100,-0.0970,0.352
-0.100,-0.0966,0.361
-0.100,-0.1058,-0.403
-0.100,-0.0963,0.370
-0.100,-0.0992,0.297
-0.100,-0.1043,-0.366
-0.100,-0.0963,0.370
-0.100,-0.1014,-0.293
-0.100,-0.1014,-0.293
-0.100,-0.0992,0.297
-0.100,-0.0955,0.388
-0.100,-0.0992,0.297
-0.100,-0.1021,-0.312
-0.100,-0.0999,0.279
-0.100,-0.0970,0.352
-0.100,-0.1021,-0.312
0.100,-0.0996,-5.248
0.100,-0.0576,-4.200
0.100,0.0546,-1.393
0.100,0.1254,0.911
0.100,0.1312,1.057
0.100,0.1184,0.738
0.100,0.0936,-0.418
0.100,0.0995,-0.272
0.100,0.0969,-0.336
0.100,0.0809,-0.737
0.100,0.1035,0.364
0.100,0.0958,-0.363
0.100,0.0751,-0.883
0.100,0.0998,-0.263
0.100,0.0973,-0.327
0.100,0.1017,0.319
0.100,0.0823,-0.700
0.100,0.1057,0.419
0.100,0.0940,-0.409
0.100,0.0998,-0.263
0.100,0.0955,-0.372
0.100,0.1049,0.401
0.100,0.1224,0.838
0.100,0.1002,0.282
0.100,0.0969,-0.336
0.100,0.1057,0.419
0.100,0.0940,-0.409
0.100,0.1017,0.319
0.100,0.0998,-0.263
0.100,0.1002,0.282
0.100,0.1079,0.473
0.100,0.0995,-0.272
0.100,0.0787,-0.792
0.100,0.0998,-0.263
0.100,0.0998,-0.263
0.100,0.0991,-0.281
0.100,0.0955,-0.372
0.100,0.0998,-0.263
0.100,0.1002,0.282
0.100,0.0842,-0.655
0.100,0.0933,-0.427
0.100,0.1053,0.410
0.100,0.0991,-0.281
0.100,0.0911,-0.482
0.100,0.0969,-0.336
0.100,0.1097,0.519
0.100,0.0991,-0.281
0.100,0.0987,-0.290
0.100,0.0998,-0.263
0.100,0.0998,-0.263
-0.100,0.1108,5.546
-0.100,0.0517,4.070
-0.100,-0.0496,1.537
-0.100,-0.1200,-0.758
-0.100,-0.1305,-1.022
-0.100,-0.1240,-0.858
-0.100,-0.0934,0.443
-0.100,-0.0948,0.407
-0.100,-0.0908,0.507
-0.100,-0.0985,0.316
-0.100,-0.0992,0.297
-0.100,-0.1006,-0.275
-0.100,-0.1036,-0.348
-0.100,-0.1101,-0.512
-0.100,-0.1025,-0.321
-0.100,-0.1032,-0.339
-0.100,-0.1167,-0.676
-0.100,-0.0934,0.443
-0.100,-0.1094,-0.494
-0.100,-0.0992,0.297
-0.100,-0.0985,0.316
-0.100,-0.0974,0.343
-0.100,-0.0985,0.316
-0.100,-0.1017,-0.303
-0.100,-0.1014,-0.293
-0.100,-0.0992,0.297
-0.100,-0.1021,-0.312
-0.100,-0.0985,0.316
-0.100,-0.1014,-0.293
-0.100,-0.1043,-0.366
-0.100,-0.1050,-0.385
-0.100,-0.1036,-0.348
-0.100,-0.0970,0.352
-0.100,-0.1134,-0.594
-0.100,-0.0955,0.388
-0.100,-0.0966,0.361
-0.100,-0.0992,0.297
-0.100,-0.0977,0.334
-0.100,-0.1036,-0.348
-0.100,-0.1006,-0.275
-0.100,-0.1003,-0.266
-0.100,-0.0868,0.607
-0.100,-0.0985,0.316
-0.100,-0.0992,0.297
-0.100,-0.0883,0.571
-0.100,-0.1072,-0.439
-0.100,-0.1050,-0.385
-0.100,-0.0992,0.297
-0.100,-0.0985,0.316
-0.100,-0.0766,0.862
0.100,-0.1014,-5.293
0.100,-0.0409,-3.781
0.100,0.0510,-1.484
0.100,0.1458,1.421
0.100,0.1290,1.002
0.100,0.1224,0.838
0.100,0.1290,1.002
0.100,0.0940,-0.409
0.100,0.1064,0.437
0.100,0.0969,-0.336
0.100,0.0977,-0.318
0.100,0.1020,0.328
0.100,0.0984,-0.300
0.100,0.1020,0.328
0.100,0.0958,-0.363
0.100,0.0991,-0.281
0.100,0.0831,-0.682
0.100,0.0991,-0.281
0.100,0.1028,0.346
0.100,0.1028,0.346
0.100,0.0958,-0.363
0.100,0.1035,0.364
0.100,0.0991,-0.281
0.100,0.0987,-0.290
0.100,0.1049,0.401
0.100,0.0977,-0.318
0.100,0.0918,-0.464
0.100,0.0991,-0.281
0.100,0.1002,0.282
0.100,0.0998,-0.263
0.100,0.0889,-0.536
0.100,0.0991,-0.281
0.100,0.0998,-0.263
0.100,0.1035,0.364
0.100,0.0911,-0.482
0.100,0.1006,0.291
0.100,0.0958,-0.363
0.100,0.0991,-0.281
0.100,0.1020,0.328
0.100,0.1130,0.601
0.100,0.1104,0.537
0.100,0.0940,-0.409
0.100,0.0947,-0.391
0.100,0.0998,-0.263
0.100,0.0998,-0.263
0.100,0.0947,-0.391
0.100,0.1013,0.309
0.100,0.1017,0.319
0.100,0.0991,-0.281
0.100,0.0991,-0.281
-0.100,0.1035,5.364
-0.100,0.0481,3.979
-0.100,-0.0525,1.464
-0.100,-0.1229,-0.831
-0.100,-0.1316,-1.050
-0.100,-0.1218,-0.804
-0.100,-0.0941,0.425
-0.100,-0.0966,0.361
-0.100,-0.0908,0.507
-0.100,-0.0977,0.334
-0.100,-0.0977,0.334
-0.100,-0.1021,-0.312
-0.100,-0.0992,0.297
-0.100,-0.0955,0.388
-0.100,-0.1123,-0.567
-0.100,-0.0992,0.297
-0.100,-0.1017,-0.303
-0.100,-0.0992,0.297
-0.100,-0.1003,-0.266
-0.100,-0.0992,0.297
-0.100,-0.1072,-0.439
-0.100,-0.0955,0.388
-0.100,-0.0985,0.316
-0.100,-0.0919,0.480
-0.100,-0.0751,0.899
-0.100,-0.1006,-0.275
-0.100,-0.1006,-0.275
-0.100,-0.1014,-0.293
-0.100,-0.1014,-0.293
-0.100,-0.0996,0.288
-0.100,-0.1050,-0.385
-0.100,-0.1014,-0.293
-0.100,-0.0999,0.279
-0.100,-0.0985,0.316
-0.100,-0.0992,0.297
-0.100,-0.1014,-0.293
-0.100,-0.0977,0.334
-0.100,-0.0904,0.516
-0.100,-0.0999,0.279
-0.100,-0.1021,-0.312
-0.100,-0.1003,-0.266
-0.100,-0.1014,-0.293
-0.100,-0.0996,0.288
-0.100,-0.1006,-0.275
-0.100,-0.1006,-0.275
-0.100,-0.0992,0.297
-0.100,-0.0996,0.288
-0.100,-0.1006,-0.275
-0.100,-0.0977,0.334
-0.100,-0.0904,0.516
0.100,-0.1025,-5.321
0.100,-0.0474,-3.945
0.100,0.0495,-1.521
0.100,0.1184,0.738
0.100,0.1319,1.075
0.100,0.1188,0.747
0.100,0.1020,0.328
0.100,0.0984,-0.300
0.100,0.0933,-0.427
0.100,0.1009,0.300
0.100,0.0977,-0.318
0.100,0.0991,-0.281
0.100,0.1028,0.346
0.100,0.1013,0.309
0.100,0.1024,0.337
0.100,0.0998,-0.263
0.100,0.1002,0.282
0.100,0.0962,-0.354
0.100,0.1035,0.364
0.100,0.0984,-0.300
0.100,0.0991,-0.281
0.100,0.0991,-0.281
0.100,0.1020,0.328
0.100,0.1035,0.364
0.100,0.0925,-0.445
0.100,0.0998,-0.263
0.100,0.1071,0.455
0.100,0.1006,0.291
0.100,0.0925,-0.445
0.100,0.1093,0.510
0.100,0.1006,0.291
0.100,0.0940,-0.409
0.100,0.1006,0.291
0.100,0.0991,-0.281
0.100,0.0933,-0.427
0.100,0.1020,0.328
0.100,0.1006,0.291
0.100,0.0977,-0.318
0.100,0.1038,0.373
0.100,0.1020,0.328
0.100,0.0984,-0.300
0.100,0.1017,0.319
0.100,0.0998,-0.263
0.100,0.1038,0.373
0.100,0.1093,0.510
0.100,0.0995,-0.272
0.100,0.0998,-0.263
0.100,0.0977,-0.318
0.100,0.0998,-0.263
0.100,0.1064,0.437
-0.100,0.1031,5.355
-0.100,0.0707,4.544
-0.100,-0.0565,1.363
-0.100,-0.1243,-0.868
-0.100,-0.1298,-1.004
-0.100,-0.1174,-0.694
-0.100,-0.1145,-0.621
-0.100,-0.0999,0.279
-0.100,-0.0963,0.370
-0.100,-0.0937,0.434
-0.100,-0.1068,-0.430
-0.100,-0.1039,-0.357
-0.100,-0.0985,0.316
-0.100,-0.0999,0.279
-0.100,-0.0963,0.370
-0.100,-0.1025,-0.321
-0.100,-0.0941,0.425
-0.100,-0.0955,0.388
-0.100,-0.1003,-0.266
-0.100,-0.0937,0.434
-0.100,-0.0897,0.534
-0.100,-0.0977,0.334
-0.100,-0.1036,-0.348
-0.100,-0.1050,-0.385
-0.100,-0.1072,-0.439
-0.100,-0.1021,-0.312
-0.100,-0.1014,-0.293
-0.100,-0.0966,0.361
-0.100,-0.1094,-0.494
-0.100,-0.0996,0.288
-0.100,-0.1058,-0.403
-0.100,-0.0963,0.370
-0.100,-0.1101,-0.512
-0.100,-0.1043,-0.366
-0.100,-0.1138,-0.603
-0.100,-0.1043,-0.366
-0.100,-0.0992,0.297
-0.100,-0.1065,-0.421
-0.100,-0.1014,-0.293
-0.100,-0.0759,0.881
-0.100,-0.0955,0.388
-0.100,-0.0985,0.316
-0.100,-0.1006,-0.275
-0.100,-0.1050,-0.385
-0.100,-0.1014,-0.293
-0.100,-0.0999,0.279
-0.100,-0.1006,-0.275
-0.100,-0.0999,0.279
-0.100,-0.0955,0.388
-0.100,-0.1116,-0.549
0.100,-0.1028,-5.330
0.100,-0.0401,-3.762
0.100,0.0510,-1.484
0.100,0.1122,0.583
0.100,0.1348,1.148
0.100,0.1283,0.984
0.100,0.0991,-0.281
0.100,0.0962,-0.354
0.100,0.0882,-0.555
0.100,0.1002,0.282
0.100,0.0958,-0.363
0.100,0.1024,0.337
0.100,0.1115,0.565
0.100,0.1013,0.309
0.100,0.0929,-0.436
0.100,0.0998,-0.263
0.100,0.1006,0.291
0.100,0.1038,0.373
0.100,0.0878,-0.564
0.100,0.1002,0.282
0.100,0.1053,0.410
0.100,0.0984,-0.300
0.100,0.0998,-0.263
0.100,0.0969,-0.336
0.100,0.1020,0.328
0.100,0.1020,0.328
0.100,0.1013,0.309
0.100,0.0699,-1.010
0.100,0.1097,0.519
0.100,0.1013,0.309
0.100,0.1042,0.382
0.100,0.0969,-0.336
0.100,0.0896,-0.518
0.100,0.0977,-0.318
0.100,0.0958,-0.363
0.100,0.1195,0.765
0.100,0.1013,0.309
0.100,0.0987,-0.290
0.100,0.1013,0.309
0.100,0.1057,0.419
0.100,0.0969,-0.336
0.100,0.1239,0.874
0.100,0.1020,0.328
0.100,0.1013,0.309
0.100,0.0962,-0.354
0.100,0.1239,0.874
0.100,0.1130,0.601
0.100,0.1046,0.391
0.100,0.1006,0.291
0.100,0.0955,-0.372
-0.100,0.1009,5.300
-0.100,0.0444,3.888
-0.100,-0.0540,1.427
-0.100,-0.1174,-0.694
-0.100,-0.1145,-0.621
-0.100,-0.1240,-0.858
-0.100,-0.1054,-0.394
-0.100,-0.0934,0.443
-0.100,-0.0897,0.534
-0.100,-0.1010,-0.284
-0.100,-0.0999,0.279
-0.100,-0.0948,0.407
-0.100,-0.0963,0.370
-0.100,-0.1003,-0.266
-0.100,-0.1006,-0.275
-0.100,-0.1014,-0.293
-0.100,-0.0934,0.443
-0.100,-0.0810,0.753
-0.100,-0.0897,0.534
-0.100,-0.1014,-0.293
-0.100,-0.1006,-0.275
-0.100,-0.0992,0.297
-0.100,-0.1006,-0.275
-0.100,-0.0981,0.325
-0.100,-0.1021,-0.312
-0.100,-0.1006,-0.275
-0.100,-0.1028,-0.330
-0.100,-0.1010,-0.284
-0.100,-0.0780,0.826
-0.100,-0.1058,-0.403
-0.100,-0.1021,-0.312
-0.100,-0.1025,-0.321
-0.100,-0.0999,0.279
-0.100,-0.1028,-0.330
-0.100,-0.1006,-0.275
-0.100,-0.0988,0.306
-0.100,-0.0992,0.297
-0.100,-0.1006,-0.275
-0.100,-0.1014,-0.293
-0.100,-0.1061,-0.412
-0.100,-0.1021,-0.312
-0.100,-0.0992,0.297
-0.100,-0.1006,-0.275
-0.100,-0.1050,-0.385
-0.100,-0.1043,-0.366
-0.100,-0.1043,-0.366
-0.100,-0.0999,0.279
-0.100,-0.0999,0.279
-0.100,-0.1010,-0.284
-0.100,-0.0948,0.407
0.100,-0.1014,-5.293
0.100,-0.0452,-3.890
0.100,0.0495,-1.521
0.100,0.1188,0.747
0.100,0.1308,1.048
0.100,0.1246,0.893
0.100,0.0998,-0.263
0.100,0.0925,-0.445
0.100,0.0951,-0.382
0.100,0.0867,-0.591
0.100,0.1017,0.319
0.100,0.1006,0.291
0.100,0.0977,-0.318
0.100,0.1013,0.309
0.100,0.1020,0.328
0.100,0.1028,0.346
0.100,0.0991,-0.281
0.100,0.1009,0.300
0.100,0.1013,0.309
0.100,0.0845,-0.646
0.100,0.0998,-0.263
0.100,0.1020,0.328
0.100,0.0962,-0.354
0.100,0.0831,-0.682
0.100,0.1002,0.282
0.100,0.0991,-0.281
0.100,0.0991,-0.281
0.100,0.0969,-0.336
0.100,0.0998,-0.263
0.100,0.0998,-0.263
0.100,0.0940,-0.409
0.100,0.1020,0.328
0.100,0.1064,0.437
0.100,0.0998,-0.263
0.100,0.1013,0.309
0.100,0.0998,-0.263
0.100,0.0998,-0.263
0.100,0.0991,-0.281
0.100,0.0947,-0.391
0.100,0.1006,0.291
0.100,0.0991,-0.281
0.100,0.1002,0.282
0.100,0.1006,0.291
0.100,0.1020,0.328
0.100,0.0998,-0.263
0.100,0.0987,-0.290
0.100,0.1020,0.328
0.100,0.1024,0.337
0.100,0.1100,0.528
0.100,0.0969,-0.336
-0.100,0.1064,5.437
-0.100,0.0481,3.979
-0.100,-0.0452,1.646
-0.100,-0.1200,-0.758
-0.100,-0.1313,-1.041
-0.100,-0.1247,-0.877
-0.100,-0.1025,-0.321
-0.100,-0.0948,0.407
-0.100,-0.0897,0.534
-0.100,-0.0908,0.507
-0.100,-0.0996,0.288
-0.100,-0.1065,-0.421
-0.100,-0.0977,0.334
-0.100,-0.0985,0.316
-0.100,-0.0985,0.316
-0.100,-0.0934,0.443
-0.100,-0.1006,-0.275
-0.100,-0.0999,0.279
-0.100,-0.1054,-0.394
-0.100,-0.0948,0.407
-0.100,-0.1021,-0.312
-0.100,-0.1083,-0.467
-0.100,-0.1006,-0.275
-0.100,-0.1014,-0.293
-0.100,-0.0999,0.279
-0.100,-0.1006,-0.275
-0.100,-0.0992,0.297
-0.100,-0.0868,0.607
-0.100,-0.0890,0.552
-0.100,-0.1028,-0.330
-0.100,-0.0996,0.288
-0.100,-0.1050,-0.385
-0.100,-0.1006,-0.275
-0.100,-0.1072,-0.439
-0.100,-0.1036,-0.348
-0.100,-0.0996,0.288
-0.100,-0.1014,-0.293
-0.100,-0.0992,0.297
-0.100,-0.0985,0.316
-0.100,-0.0992,0.297
-0.100,-0.1017,-0.303
-0.100,-0.1014,-0.293
-0.100,-0.1006,-0.275
-0.100,-0.1028,-0.330
-0.100,-0.0966,0.361
-0.100,-0.1021,-0.312
-0.100,-0.0934,0.443
-0.100,-0.0992,0.297
-0.100,-0.1043,-0.366
-0.100,-0.1050,-0.385
0.100,-0.0996,-5.248
0.100,-0.0482,-3.963
0.100,0.0492,-1.530
0.100,0.1283,0.984
0.100,0.1356,1.166
0.100,0.1162,0.683
0.100,0.0977,-0.318
0.100,0.0922,-0.454
0.100,0.0918,-0.464
0.100,0.1013,0.309
0.100,0.1017,0.319
0.100,0.1013,0.309
0.100,0.0991,-0.281
0.100,0.0998,-0.263
0.100,0.0984,-0.300
0.100,0.1009,0.300
0.100,0.0998,-0.263
0.100,0.1028,0.346
0.100,0.0969,-0.336
0.100,0.1057,0.419
0.100,0.0998,-0.263
0.100,0.1006,0.291
0.100,0.1017,0.319
0.100,0.1013,0.309
0.100,0.1006,0.291
0.100,0.1013,0.309
0.100,0.0998,-0.263
0.100,0.1046,0.391
0.100,0.0991,-0.281
0.100,0.0991,-0.281
0.100,0.1268,0.947
0.100,0.0991,-0.281
0.100,0.1020,0.328
0.100,0.0991,-0.281
0.100,0.0998,-0.263
0.100,0.1035,0.364
0.100,0.0991,-0.281
0.100,0.0998,-0.263
0.100,0.0995,-0.272
0.100,0.1013,0.309
0.100,0.0991,-0.281
0.100,0.1046,0.391
0.100,0.0991,-0.281
0.100,0.0991,-0.281
0.100,0.0925,-0.445
0.100,0.0977,-0.318
0.100,0.1006,0.291
0.100,0.1020,0.328
0.100,0.1017,0.319
0.100,0.1028,0.346
-0.100,0.1028,5.346
-0.100,0.0437,3.870
-0.100,-0.0554,1.391
-0.100,-0.1207,-0.776
-0.100,-0.1404,-1.268
-0.100,-0.1050,-0.385
-0.100,-0.1189,-0.731
-0.100,-0.0926,0.461
-0.100,-0.0875,0.589
-0.100,-0.0955,0.388
-0.100,-0.1014,-0.293
-0.100,-0.1043,-0.366
-0.100,-0.0897,0.534
-0.100,-0.1021,-0.312
-0.100,-0.0977,0.334
-0.100,-0.0970,0.352
-0.100,-0.0992,0.297
-0.100,-0.0963,0.370
-0.100,-0.0992,0.297
-0.100,-0.0908,0.507
-0.100,-0.1006,-0.275
-0.100,-0.0992,0.297
-0.100,-0.1021,-0.312
-0.100,-0.1006,-0.275
-0.100,-0.0919,0.480
-0.100,-0.1076,-0.448
-0.100,-0.0999,0.279
-0.100,-0.0963,0.370
-0.100,-0.0996,0.288
-0.100,-0.0992,0.297
-0.100,-0.0941,0.425
-0.100,-0.1021,-0.312
-0.100,-0.0992,0.297
-0.100,-0.1014,-0.293
-0.100,-0.1101,-0.512
-0.100,-0.1003,-0.266
-0.100,-0.0996,0.288
-0.100,-0.0985,0.316
-0.100,-0.0985,0.316
-0.100,-0.0992,0.297
-0.100,-0.1036,-0.348
-0.100,-0.0992,0.297
-0.100,-0.1006,-0.275
-0.100,-0.0992,0.297
-0.100,-0.0985,0.316
-0.100,-0.1094,-0.494
-0.100,-0.1058,-0.403
-0.100,-0.0985,0.316
-0.100,-0.1006,-0.275
-0.100,-0.0992,0.297
0.100,-0.1006,-5.275
0.100,-0.0489,-3.981
0.100,0.0481,-1.557
0.100,0.1159,0.674
0.100,0.1286,0.993
0.100,0.1137,0.619
0.100,0.1020,0.328
0.100,0.0940,-0.409
0.100,0.0947,-0.391
0.100,0.0995,-0.272
0.100,0.1006,0.291
0.100,0.0955,-0.372
0.100,0.0947,-0.391
0.100,0.1013,0.309
0.100,0.0998,-0.263
0.100,0.0977,-0.318
0.100,0.0991,-0.281
0.100,0.0991,-0.281
0.100,0.0998,-0.263
0.100,0.0998,-0.263
0.100,0.0998,-0.263
0.100,0.0918,-0.464
0.100,0.1013,0.309
0.100,0.0977,-0.318
0.100,0.0984,-0.300
0.100,0.1006,0.291
0.100,0.1049,0.401
0.100,0.0998,-0.263
0.100,0.1020,0.328
0.100,0.0929,-0.436
0.100,0.1017,0.319
0.100,0.0998,-0.263
0.100,0.0987,-0.290
0.100,0.1009,0.300
0.100,0.1017,0.319
0.100,0.0947,-0.391
0.100,0.0904,-0.500
0.100,0.0984,-0.300
0.100,0.1035,0.364
0.100,0.0998,-0.263
0.100,0.1064,0.437
0.100,0.1006,0.291
0.100,0.1006,0.291
0.100,0.1006,0.291
0.100,0.0991,-0.281
0.100,0.1013,0.309
0.100,0.0998,-0.263
0.100,0.0998,-0.263
0.100,0.1046,0.391
0.100,0.0998,-0.263
-0.100,0.1057,5.419
-0.100,0.0459,3.924
-0.100,-0.0547,1.409
-0.100,-0.1200,-0.758
-0.100,-0.1364,-1.168
-0.100,-0.1203,-0.767
-0.100,-0.1006,-0.275
-0.100,-0.0780,0.826
-0.100,-0.0934,0.443
-0.100,-0.0999,0.279
-0.100,-0.1006,-0.275
-0.100,-0.1025,-0.321
-0.100,-0.1014,-0.293
-0.100,-0.0992,0.297
-0.100,-0.1006,-0.275
-0.100,-0.0985,0.316
-0.100,-0.0934,0.443
-0.100,-0.1014,-0.293
-0.100,-0.1014,-0.293
-0.100,-0.0985,0.316
-0.100,-0.0985,0.316
-0.100,-0.1014,-0.293
-0.100,-0.0955,0.388
-0.100,-0.1014,-0.293
-0.100,-0.1021,-0.312
-0.100,-0.1014,-0.293
-0.100,-0.1021,-0.312
-0.100,-0.0985,0.316
-0.100,-0.1006,-0.275
-0.100,-0.0985,0.316
-0.100,-0.1014,-0.293
-0.100,-0.1006,-0.275
-0.100,-0.0996,0.288
-0.100,-0.0992,0.297
-0.100,-0.0992,0.297
-0.100,-0.0996,0.288
-0.100,-0.0985,0.316
-0.100,-0.0992,0.297
-0.100,-0.0985,0.316
-0.100,-0.1014,-0.293
-0.100,-0.1006,-0.275
-0.100,-0.1006,-0.275
-0.100,-0.0999,0.279
-0.100,-0.1047,-0.375
-0.100,-0.0988,0.306
-0.100,-0.1014,-0.293
-0.100,-0.0992,0.297
-0.100,-0.0992,0.297
-0.100,-0.0985,0.316
-0.100,-0.1014,-0.293
0.100,-0.1006,-5.275
0.100,-0.0438,-3.854
0.100,0.0561,-1.357
0.100,0.1203,0.783
0.100,0.1305,1.038
0.100,0.1195,0.765
0.100,0.1035,0.364
0.100,0.0940,-0.409
0.100,0.0955,-0.372
0.100,0.0998,-0.263
0.100,0.1013,0.309
0.100,0.1064,0.437
0.100,0.1006,0.291
0.100,0.0998,-0.263
0.100,0.1020,0.328
0.100,0.1035,0.364
0.100,0.1071,0.455
0.100,0.0944,-0.400
0.100,0.0998,-0.263
0.100,0.1013,0.309
0.100,0.1038,0.373
0.100,0.1020,0.328
0.100,0.1053,0.410
0.100,0.1035,0.364
0.100,0.1020,0.328
0.100,0.0998,-0.263
0.100,0.0860,-0.609
0.100,0.0998,-0.263
0.100,0.1006,0.291
0.100,0.0998,-0.263
0.100,0.0995,-0.272
0.100,0.1013,0.309
0.100,0.0998,-0.263
0.100,0.1017,0.319
0.100,0.0991,-0.281
0.100,0.1006,0.291
0.100,0.1006,0.291
0.100,0.0991,-0.281
0.100,0.0998,-0.263
0.100,0.1006,0.291
0.100,0.0987,-0.290
0.100,0.1006,0.291
0.100,0.1009,0.300
0.100,0.0955,-0.372
0.100,0.1013,0.309
0.100,0.0925,-0.445
0.100,0.0998,-0.263
0.100,0.0984,-0.300
0.100,0.0984,-0.300
0.100,0.1046,0.391
-0.100,0.1013,5.309
-0.100,0.0455,3.915
-0.100,-0.0525,1.464
-0.100,-0.1218,-0.804
-0.100,-0.1364,-1.168
-0.100,-0.1240,-0.858
-0.100,-0.0985,0.316
-0.100,-0.0963,0.370
-0.100,-0.0981,0.325
-0.100,-0.1014,-0.293
-0.100,-0.1021,-0.312
-0.100,-0.1014,-0.293
-0.100,-0.0795,0.789
-0.100,-0.0963,0.370
-0.100,-0.1014,-0.293
-0.100,-0.1014,-0.293
-0.100,-0.0999,0.279
-0.100,-0.0985,0.316
-0.100,-0.1006,-0.275
-0.100,-0.0999,0.279
-0.100,-0.1014,-0.293
-0.100,-0.1014,-0.293
-0.100,-0.0996,0.288
-0.100,-0.1006,-0.275
-0.100,-0.0985,0.316
-0.100,-0.1021,-0.312
-0.100,-0.1014,-0.293
-0.100,-0.1043,-0.366
-0.100,-0.0996,0.288
-0.100,-0.1050,-0.385
-0.100,-0.1028,-0.330
-0.100,-0.0977,0.334
-0.100,-0.1014,-0.293
-0.100,-0.1006,-0.275
-0.100,-0.1006,-0.275
-0.100,-0.1014,-0.293
-0.100,-0.1021,-0.312
-0.100,-0.1014,-0.293
-0.100,-0.0992,0.297
-0.100,-0.1014,-0.293
-0.100,-0.1006,-0.275
-0.100,-0.1014,-0.293
-0.100,-0.0981,0.325
-0.100,-0.1025,-0.321
-0.100,-0.1014,-0.293
-0.100,-0.1021,-0.312
-0.100,-0.1006,-0.275
-0.100,-0.0985,0.316
-0.100,-0.0824,0.716
-0.100,-0.1006,-0.275
0.100,-0.1014,-5.293
0.100,-0.0307,-3.525
0.100,0.0503,-1.502
0.100,0.1246,0.893
0.100,0.1330,1.102
0.100,0.1188,0.747
0.100,0.0998,-0.263
0.100,0.0933,-0.427
0.100,0.0991,-0.281
0.100,0.1020,0.328
0.100,0.1035,0.364
0.100,0.0991,-0.281
0.100,0.0998,-0.263
0.100,0.0977,-0.318
0.100,0.0969,-0.336
0.100,0.1017,0.319
0.100,0.1079,0.473
0.100,0.1009,0.300
0.100,0.0933,-0.427
0.100,0.1006,0.291
0.100,0.1024,0.337
0.100,0.1057,0.419
0.100,0.0966,-0.345
0.100,0.1013,0.309
0.100,0.0998,-0.263
0.100,0.1013,0.309
0.100,0.0998,-0.263
0.100,0.1009,0.300
0.100,0.0998,-0.263
0.100,0.1006,0.291
0.100,0.1100,0.528
0.100,0.0987,-0.290
0.100,0.0940,-0.409
0.100,0.1020,0.328
0.100,0.0998,-0.263
0.100,0.1013,0.309
0.100,0.0998,-0.263
0.100,0.1057,0.419
0.100,0.0995,-0.272
0.100,0.1122,0.583
0.100,0.0984,-0.300
0.100,0.0998,-0.263
0.100,0.1017,0.319
0.100,0.1017,0.319
0.100,0.0933,-0.427
0.100,0.0969,-0.336
0.100,0.0998,-0.263
0.100,0.0947,-0.391
0.100,0.1006,0.291
0.100,0.1017,0.319
-0.100,0.0991,5.255
-0.100,0.0466,3.942
-0.100,-0.0533,1.446
-0.100,-0.1254,-0.895
-0.100,-0.1356,-1.150
-0.100,-0.1181,-0.713
-0.100,-0.1014,-0.293
-0.100,-0.0897,0.534
-0.100,-0.0868,0.607
-0.100,-0.1021,-0.312
-0.100,-0.1014,-0.293
-0.100,-0.1109,-0.530
-0.100,-0.1072,-0.439
-0.100,-0.0999,0.279
-0.100,-0.0868,0.607
-0.100,-0.0985,0.316
-0.100,-0.1043,-0.366
-0.100,-0.0992,0.297
-0.100,-0.1025,-0.321
-0.100,-0.0948,0.407
-0.100,-0.1006,-0.275
-0.100,-0.1068,-0.430
-0.100,-0.1014,-0.293
-0.100,-0.0999,0.279
-0.100,-0.1014,-0.293
-0.100,-0.1006,-0.275
-0.100,-0.0941,0.425
-0.100,-0.1006,-0.275
-0.100,-0.0977,0.334
-0.100,-0.0963,0.370
-0.100,-0.0926,0.461
-0.100,-0.1006,-0.275
-0.100,-0.1006,-0.275
-0.100,-0.1006,-0.275
-0.100,-0.1006,-0.275
-0.100,-0.1036,-0.348
-0.100,-0.0999,0.279
-0.100,-0.0890,0.552
-0.100,-0.1050,-0.385
-0.100,-0.1054,-0.394
-0.100,-0.1006,-0.275
-0.100,-0.1061,-0.412
-0.100,-0.1006,-0.275
-0.100,-0.1021,-0.312
-0.100,-0.1068,-0.430
-0.100,-0.1014,-0.293
-0.100,-0.1014,-0.293
-0.100,-0.1050,-0.385
-0.100,-0.1101,-0.512
-0.100,-0.0941,0.425
0.100,-0.1123,-5.567
0.100,-0.0467,-3.926
0.100,0.0382,-1.803
0.100,0.1151,0.656
0.100,0.1326,1.093
0.100,0.1203,0.783
0.100,0.1017,0.319
0.100,0.0900,-0.509
0.100,0.0998,-0.263
0.100,0.0838,-0.664
0.100,0.0842,-0.655
0.100,0.1017,0.319
0.100,0.0743,-0.901
0.100,0.1053,0.410
0.100,0.1028,0.346
0.100,0.1141,0.628
0.100,0.1042,0.382
0.100,0.0962,-0.354
0.100,0.1035,0.364
0.100,0.0991,-0.281
0.100,0.0874,-0.573
0.100,0.0936,-0.418
0.100,0.1057,0.419
0.100,0.1232,0.856
0.100,0.1049,0.401
0.100,0.0940,-0.409
0.100,0.1006,0.291
0.100,0.1064,0.437
0.100,0.0929,-0.436
0.100,0.1071,0.455
0.100,0.0966,-0.345
0.100,0.1009,0.300
0.100,0.1028,0.346
0.100,0.0977,-0.318
0.100,0.1046,0.391
0.100,0.1068,0.446
0.100,0.1224,0.838
0.100,0.1006,0.291
0.100,0.1006,0.291
0.100,0.0977,-0.318
0.100,0.1261,0.929
0.100,0.1020,0.328
0.100,0.0969,-0.336
0.100,0.0962,-0.354
0.100,0.0980,-0.309
0.100,0.1017,0.319
0.100,0.1020,0.328
0.100,0.1013,0.309
0.100,0.1006,0.291
0.100,0.1250,0.902
-0.100,0.0969,5.200
-0.100,0.0503,4.034
-0.100,-0.0569,1.354
-0.100,-0.1200,-0.758
-0.100,-0.1342,-1.114
-0.100,-0.1229,-0.831
-0.100,-0.1072,-0.439
# stop
# isr_us mean=32 max=33 of 1000  gap_us min=979 max=1021  n=14144
# isr_us mean=32 max=33 of 1000  gap_us min=968 max=1032  n=2603
# isr_us mean=33 max=33 of 1000  gap_us min=1000 max=1000  n=624
# isr_us mean=33 max=33 of 1000  gap_us min=933 max=1067  n=1034
# isr_us mean=33 max=33 of 1000  gap_us min=1000 max=1000  n=389
# isr_us mean=32 max=33 of 1000  gap_us min=961 max=1022  n=359
# isr_us mean=33 max=33 of 1000  gap_us min=984 max=1016  n=3513
