source,id,kp,dir,t_ms,theta,v
kp15 run1.txt,11,-15.0,1,0.000,-0.0985,-3.236
kp15 run1.txt,11,-15.0,1,1.000,-0.0919,-3.137
kp15 run1.txt,11,-15.0,1,2.000,-0.0963,-3.203
kp15 run1.txt,11,-15.0,1,3.000,-0.1032,-3.307
kp15 run1.txt,11,-15.0,1,4.000,-0.0919,-3.137
kp15 run1.txt,11,-15.0,1,5.000,-0.0955,-3.192
kp15 run1.txt,11,-15.0,1,6.000,-0.0955,-3.192
kp15 run1.txt,11,-15.0,1,7.000,-0.0963,-3.203
kp15 run1.txt,11,-15.0,1,8.000,-0.0926,-3.148
kp15 run1.txt,11,-15.0,1,9.000,-0.0879,-3.077
kp15 run1.txt,11,-15.0,1,10.000,-0.0912,-3.127
kp15 run1.txt,11,-15.0,1,11.000,-0.0875,-3.072
kp15 run1.txt,11,-15.0,1,12.000,-0.089,-3.094
kp15 run1.txt,11,-15.0,1,13.000,-0.0839,-3.017
kp15 run1.txt,11,-15.0,1,14.000,-0.0839,-3.017
kp15 run1.txt,11,-15.0,1,15.000,-0.0821,-2.99
kp15 run1.txt,11,-15.0,1,16.000,-0.0802,-2.963
kp15 run1.txt,11,-15.0,1,17.000,-0.0759,-2.897
kp15 run1.txt,11,-15.0,1,18.000,-0.074,-2.87
kp15 run1.txt,11,-15.0,1,19.000,-0.0722,-2.842
kp15 run1.txt,11,-15.0,1,20.000,-0.0664,-2.755
kp15 run1.txt,11,-15.0,1,21.000,-0.0635,-2.711
kp15 run1.txt,11,-15.0,1,22.000,-0.0635,-2.711
kp15 run1.txt,11,-15.0,1,23.000,-0.0606,-2.667
kp15 run1.txt,11,-15.0,1,24.000,-0.0558,-2.596
kp15 run1.txt,11,-15.0,1,25.000,-0.0547,-2.58
kp15 run1.txt,11,-15.0,1,26.000,-0.0503,-2.514
kp15 run1.txt,11,-15.0,1,27.000,-0.0449,-2.432
kp15 run1.txt,11,-15.0,1,28.000,-0.046,-2.449
kp15 run1.txt,11,-15.0,1,29.000,-0.0409,-2.372
kp15 run1.txt,11,-15.0,1,30.000,-0.0372,-2.317
kp15 run1.txt,11,-15.0,1,31.000,-0.0452,-2.438
kp15 run1.txt,11,-15.0,1,32.000,-0.0318,-2.235
kp15 run1.txt,11,-15.0,1,33.000,-0.0285,-2.186
kp15 run1.txt,11,-15.0,1,34.000,-0.0226,-2.099
kp15 run1.txt,11,-15.0,1,35.000,-0.0205,-2.066
kp15 run1.txt,11,-15.0,1,36.000,-0.0372,-2.317
kp15 run1.txt,11,-15.0,1,37.000,-0.0146,-1.978
kp15 run1.txt,11,-15.0,1,38.000,-0.011,-1.924
kp15 run1.txt,11,-15.0,1,39.000,-0.0073,-1.869
kp15 run1.txt,11,-15.0,1,40.000,-0.0062,-1.853
kp15 run1.txt,11,-15.0,1,41.000,-0.0033,-1.809
kp15 run1.txt,11,-15.0,1,42.000,0.0073,-1.65
kp15 run1.txt,11,-15.0,1,43.000,0.0014,-1.738
kp15 run1.txt,11,-15.0,1,44.000,0.008,-1.639
kp15 run1.txt,11,-15.0,1,45.000,0.0087,-1.628
kp15 run1.txt,11,-15.0,1,46.000,0.0138,-1.552
kp15 run1.txt,11,-15.0,1,47.000,0.0182,-1.486
kp15 run1.txt,11,-15.0,1,48.000,0.0269,-1.355
kp15 run1.txt,11,-15.0,1,49.000,0.0247,-1.388
kp15 run1.txt,11,-15.0,1,50.000,0.0247,-1.388
kp15 run1.txt,11,-15.0,1,51.000,0.0269,-1.355
kp15 run1.txt,11,-15.0,1,52.000,0.0153,-1.53
kp15 run1.txt,11,-15.0,1,53.000,0.0386,-1.18
kp15 run1.txt,11,-15.0,1,54.000,0.0393,-1.169
kp15 run1.txt,11,-15.0,1,55.000,0.0393,-1.169
kp15 run1.txt,11,-15.0,1,56.000,0.043,-1.114
kp15 run1.txt,11,-15.0,1,57.000,0.0444,-1.093
kp15 run1.txt,11,-15.0,1,58.000,0.043,-1.114
kp15 run1.txt,11,-15.0,1,59.000,0.0521,-0.978
kp15 run1.txt,11,-15.0,1,60.000,0.0532,-0.961
kp15 run1.txt,11,-15.0,1,61.000,0.0539,-0.95
kp15 run1.txt,11,-15.0,1,62.000,0.059,-0.874
kp15 run1.txt,11,-15.0,1,63.000,0.0616,-0.836
kp15 run1.txt,11,-15.0,1,64.000,0.0638,-0.803
kp15 run1.txt,11,-15.0,1,65.000,0.0678,-0.743
kp15 run1.txt,11,-15.0,1,66.000,0.0699,-0.71
kp15 run1.txt,11,-15.0,1,67.000,0.0699,-0.71
kp15 run1.txt,11,-15.0,1,68.000,0.0699,-0.71
kp15 run1.txt,11,-15.0,1,69.000,0.0747,-0.639
kp15 run1.txt,11,-15.0,1,70.000,0.0787,-0.579
kp15 run1.txt,11,-15.0,1,71.000,0.0791,-0.573
kp15 run1.txt,11,-15.0,1,72.000,0.0816,-0.535
kp15 run1.txt,11,-15.0,1,73.000,0.0842,-0.497
kp15 run1.txt,11,-15.0,1,74.000,0.0878,-0.442
kp15 run1.txt,11,-15.0,1,75.000,0.0853,-0.48
kp15 run1.txt,11,-15.0,1,76.000,0.0904,-0.404
kp15 run1.txt,11,-15.0,1,77.000,0.0904,-0.404
kp15 run1.txt,11,-15.0,1,78.000,0.0933,-0.36
kp15 run1.txt,11,-15.0,1,79.000,0.0947,-0.338
kp15 run1.txt,11,-15.0,1,80.000,0.0969,-0.305
kp15 run1.txt,11,-15.0,1,81.000,0.0947,-0.338
kp15 run1.txt,11,-15.0,1,82.000,0.0984,-0.283
kp15 run1.txt,11,-15.0,1,83.000,0.102,0.307
kp15 run1.txt,11,-15.0,1,84.000,0.1024,0.313
kp15 run1.txt,11,-15.0,1,85.000,0.1046,0.346
kp15 run1.txt,11,-15.0,1,86.000,0.1017,0.302
kp15 run1.txt,11,-15.0,1,87.000,0.1028,0.318
kp15 run1.txt,11,-15.0,1,88.000,0.1035,0.329
kp15 run1.txt,11,-15.0,1,89.000,0.1064,0.373
kp15 run1.txt,11,-15.0,1,90.000,0.1064,0.373
kp15 run1.txt,11,-15.0,1,91.000,0.1068,0.378
kp15 run1.txt,11,-15.0,1,92.000,0.1104,0.433
kp15 run1.txt,11,-15.0,1,93.000,0.1093,0.417
kp15 run1.txt,11,-15.0,1,94.000,0.1111,0.444
kp15 run1.txt,11,-15.0,1,95.000,0.1097,0.422
kp15 run1.txt,11,-15.0,1,96.000,0.11,0.428
kp15 run1.txt,11,-15.0,1,97.000,0.11,0.428
kp15 run1.txt,11,-15.0,1,98.000,0.1115,0.45
kp15 run1.txt,11,-15.0,1,99.000,0.1144,0.493
kp15 run1.txt,11,-15.0,1,100.000,0.1108,0.439
kp15 run1.txt,11,-15.0,1,101.000,0.1133,0.477
kp15 run1.txt,11,-15.0,1,102.000,0.1093,0.417
kp15 run1.txt,11,-15.0,1,103.000,0.1108,0.439
kp15 run1.txt,11,-15.0,1,104.000,0.1115,0.45
kp15 run1.txt,11,-15.0,1,105.000,0.1144,0.493
kp15 run1.txt,11,-15.0,1,106.000,0.1115,0.45
kp15 run1.txt,11,-15.0,1,107.000,0.1115,0.45
kp15 run1.txt,11,-15.0,1,108.000,0.1137,0.482
kp15 run1.txt,11,-15.0,1,109.000,0.1115,0.45
kp15 run1.txt,11,-15.0,1,110.000,0.1144,0.493
kp15 run1.txt,11,-15.0,1,111.000,0.1111,0.444
kp15 run1.txt,11,-15.0,1,112.000,0.1009,0.291
kp15 run1.txt,11,-15.0,1,113.000,0.1093,0.417
kp15 run1.txt,11,-15.0,1,114.000,0.1137,0.482
kp15 run1.txt,11,-15.0,1,115.000,0.1144,0.493
kp15 run1.txt,11,-15.0,1,116.000,0.1275,0.69
kp15 run1.txt,11,-15.0,1,117.000,0.1115,0.45
kp15 run1.txt,11,-15.0,1,118.000,0.1126,0.466
kp15 run1.txt,11,-15.0,1,119.000,0.1144,0.493
kp15 run1.txt,11,-15.0,1,120.000,0.1133,0.477
kp15 run1.txt,11,-15.0,1,121.000,0.1108,0.439
kp15 run1.txt,11,-15.0,1,122.000,0.11,0.428
kp15 run1.txt,11,-15.0,1,123.000,0.1093,0.417
kp15 run1.txt,11,-15.0,1,124.000,0.11,0.428
kp15 run1.txt,11,-15.0,1,125.000,0.1126,0.466
kp15 run1.txt,11,-15.0,1,126.000,0.1115,0.45
kp15 run1.txt,11,-15.0,1,127.000,0.113,0.471
kp15 run1.txt,11,-15.0,1,128.000,0.1086,0.406
kp15 run1.txt,11,-15.0,1,129.000,0.1108,0.439
kp15 run1.txt,11,-15.0,1,130.000,0.0995,-0.267
kp15 run1.txt,11,-15.0,1,131.000,0.1086,0.406
kp15 run1.txt,11,-15.0,1,132.000,0.1079,0.395
kp15 run1.txt,11,-15.0,1,133.000,0.1082,0.4
kp15 run1.txt,11,-15.0,1,134.000,0.1093,0.417
kp15 run1.txt,11,-15.0,1,135.000,0.1093,0.417
kp15 run1.txt,11,-15.0,1,136.000,0.1057,0.362
kp15 run1.txt,11,-15.0,1,137.000,0.1057,0.362
kp15 run1.txt,11,-15.0,1,138.000,0.1075,0.389
kp15 run1.txt,11,-15.0,1,139.000,0.1046,0.346
kp15 run1.txt,11,-15.0,1,140.000,0.1057,0.362
kp15 run1.txt,11,-15.0,1,141.000,0.1079,0.395
kp15 run1.txt,11,-15.0,1,142.000,0.0991,-0.272
kp15 run1.txt,11,-15.0,1,143.000,0.1115,0.45
kp15 run1.txt,11,-15.0,1,144.000,0.1053,0.357
kp15 run1.txt,11,-15.0,1,145.000,0.1028,0.318
kp15 run1.txt,11,-15.0,1,146.000,0.1122,0.46
kp15 run1.txt,11,-15.0,1,147.000,0.1028,0.318
kp15 run1.txt,11,-15.0,1,148.000,0.1035,0.329
kp15 run1.txt,11,-15.0,1,149.000,0.1035,0.329
kp15 run1.txt,11,-15.0,1,150.000,0.1028,0.318
kp15 run1.txt,11,-15.0,1,151.000,0.0991,-0.272
kp15 run1.txt,11,-15.0,1,152.000,0.1013,0.296
kp15 run1.txt,11,-15.0,1,153.000,0.1013,0.296
kp15 run1.txt,11,-15.0,1,154.000,0.1013,0.296
kp15 run1.txt,11,-15.0,1,155.000,0.0969,-0.305
kp15 run1.txt,11,-15.0,1,156.000,0.0998,-0.261
kp15 run1.txt,11,-15.0,1,157.000,0.1035,0.329
kp15 run1.txt,11,-15.0,1,158.000,0.0998,-0.261
kp15 run1.txt,11,-15.0,1,159.000,0.0984,-0.283
kp15 run1.txt,11,-15.0,1,160.000,0.0991,-0.272
kp15 run1.txt,11,-15.0,1,161.000,0.0991,-0.272
kp15 run1.txt,11,-15.0,1,162.000,0.1006,0.286
kp15 run1.txt,11,-15.0,1,163.000,0.0984,-0.283
kp15 run1.txt,11,-15.0,1,164.000,0.1006,0.286
kp15 run1.txt,11,-15.0,1,165.000,0.0987,-0.278
kp15 run1.txt,11,-15.0,1,166.000,0.0987,-0.278
kp15 run1.txt,11,-15.0,1,167.000,0.0998,-0.261
kp15 run1.txt,11,-15.0,1,168.000,0.0991,-0.272
kp15 run1.txt,11,-15.0,1,169.000,0.1064,0.373
kp15 run1.txt,11,-15.0,1,170.000,0.0966,-0.311
kp15 run1.txt,11,-15.0,1,171.000,0.0998,-0.261
kp15 run1.txt,11,-15.0,1,172.000,0.1079,0.395
kp15 run1.txt,11,-15.0,1,173.000,0.0969,-0.305
kp15 run1.txt,11,-15.0,1,174.000,0.1002,0.28
kp15 run1.txt,11,-15.0,1,175.000,0.1035,0.329
kp15 run1.txt,11,-15.0,1,176.000,0.1046,0.346
kp15 run1.txt,11,-15.0,1,177.000,0.1006,0.286
kp15 run1.txt,11,-15.0,1,178.000,0.102,0.307
kp15 run1.txt,11,-15.0,1,179.000,0.0991,-0.272
kp15 run1.txt,11,-15.0,1,180.000,0.0991,-0.272
kp15 run1.txt,11,-15.0,1,181.000,0.0977,-0.294
kp15 run1.txt,11,-15.0,1,182.000,0.0998,-0.261
kp15 run1.txt,11,-15.0,1,183.000,0.0998,-0.261
kp15 run1.txt,11,-15.0,1,184.000,0.0987,-0.278
kp15 run1.txt,11,-15.0,1,185.000,0.0977,-0.294
kp15 run1.txt,11,-15.0,1,186.000,0.0995,-0.267
kp15 run1.txt,11,-15.0,1,187.000,0.1093,0.417
kp15 run1.txt,11,-15.0,1,188.000,0.1006,0.286
kp15 run1.txt,11,-15.0,1,189.000,0.0929,-0.365
kp15 run1.txt,11,-15.0,1,190.000,0.0958,-0.322
kp15 run1.txt,11,-15.0,1,191.000,0.0991,-0.272
kp15 run1.txt,11,-15.0,1,192.000,0.0984,-0.283
kp15 run1.txt,11,-15.0,1,193.000,0.0984,-0.283
kp15 run1.txt,11,-15.0,1,194.000,0.0991,-0.272
kp15 run1.txt,11,-15.0,1,195.000,0.1006,0.286
kp15 run1.txt,11,-15.0,1,196.000,0.1006,0.286
kp15 run1.txt,11,-15.0,1,197.000,0.0991,-0.272
kp15 run1.txt,11,-15.0,1,198.000,0.1028,0.318
kp15 run1.txt,11,-15.0,1,199.000,0.0991,-0.272
kp15 run1.txt,11,-15.0,1,200.000,0.1006,0.286
kp15 run1.txt,11,-15.0,1,201.000,0.098,-0.289
kp15 run1.txt,11,-15.0,1,202.000,0.0991,-0.272
kp15 run1.txt,11,-15.0,1,203.000,0.0987,-0.278
kp15 run1.txt,11,-15.0,1,204.000,0.0998,-0.261
kp15 run1.txt,11,-15.0,1,205.000,0.0991,-0.272
kp15 run1.txt,11,-15.0,1,206.000,0.0998,-0.261
kp15 run1.txt,11,-15.0,1,207.000,0.0987,-0.278
kp15 run1.txt,11,-15.0,1,208.000,0.0987,-0.278
kp15 run1.txt,11,-15.0,1,209.000,0.0969,-0.305
kp15 run1.txt,11,-15.0,1,210.000,0.0969,-0.305
kp15 run1.txt,11,-15.0,1,211.000,0.0966,-0.311
kp15 run1.txt,11,-15.0,1,212.000,0.0991,-0.272
kp15 run1.txt,11,-15.0,1,213.000,0.1108,0.439
kp15 run1.txt,11,-15.0,1,214.000,0.0998,-0.261
kp15 run1.txt,11,-15.0,1,215.000,0.0991,-0.272
kp15 run1.txt,11,-15.0,1,216.000,0.0998,-0.261
kp15 run1.txt,11,-15.0,1,217.000,0.0925,-0.371
kp15 run1.txt,11,-15.0,1,218.000,0.0998,-0.261
kp15 run1.txt,11,-15.0,1,219.000,0.0991,-0.272
kp15 run1.txt,11,-15.0,1,220.000,0.0984,-0.283
kp15 run1.txt,11,-15.0,1,221.000,0.0987,-0.278
kp15 run1.txt,11,-15.0,1,222.000,0.0991,-0.272
kp15 run1.txt,11,-15.0,1,223.000,0.0991,-0.272
kp15 run1.txt,11,-15.0,1,224.000,0.0991,-0.272
kp15 run1.txt,11,-15.0,1,225.000,0.0987,-0.278
kp15 run1.txt,11,-15.0,1,226.000,0.102,0.307
kp15 run1.txt,11,-15.0,1,227.000,0.0991,-0.272
kp15 run1.txt,11,-15.0,1,228.000,0.0998,-0.261
kp15 run1.txt,11,-15.0,1,229.000,0.0991,-0.272
kp15 run1.txt,11,-15.0,1,230.000,0.1006,0.286
kp15 run1.txt,11,-15.0,1,231.000,0.0998,-0.261
kp15 run1.txt,11,-15.0,1,232.000,0.0998,-0.261
kp15 run1.txt,11,-15.0,1,233.000,0.0987,-0.278
kp15 run1.txt,11,-15.0,1,234.000,0.0991,-0.272
kp15 run1.txt,11,-15.0,1,235.000,0.0947,-0.338
kp15 run1.txt,11,-15.0,1,236.000,0.1006,0.286
kp15 run1.txt,11,-15.0,1,237.000,0.0969,-0.305
kp15 run1.txt,11,-15.0,1,238.000,0.1028,0.318
kp15 run1.txt,11,-15.0,1,239.000,0.0998,-0.261
kp15 run1.txt,11,-15.0,1,240.000,0.0998,-0.261
kp15 run1.txt,11,-15.0,1,241.000,0.0889,-0.425
kp15 run1.txt,11,-15.0,1,242.000,0.1017,0.302
kp15 run1.txt,11,-15.0,1,243.000,0.1057,0.362
kp15 run1.txt,11,-15.0,1,244.000,0.0958,-0.322
kp15 run1.txt,11,-15.0,1,245.000,0.1042,0.34
kp15 run1.txt,11,-15.0,1,246.000,0.1093,0.417
kp15 run1.txt,11,-15.0,1,247.000,0.0947,-0.338
kp15 run1.txt,11,-15.0,1,248.000,0.1013,0.296
kp15 run1.txt,11,-15.0,1,249.000,0.1009,0.291
kp15 run1.txt,11,-15.0,1,250.000,0.0962,-0.316
kp15 run1.txt,11,-15.0,1,251.000,0.098,-0.289
kp15 run1.txt,11,-15.0,1,252.000,0.0998,-0.261
kp15 run1.txt,11,-15.0,1,253.000,0.1046,0.346
kp15 run1.txt,11,-15.0,1,254.000,0.1049,0.351
kp15 run1.txt,11,-15.0,1,255.000,0.1017,0.302
kp15 run1.txt,11,-15.0,1,256.000,0.0991,-0.272
kp15 run1.txt,11,-15.0,1,257.000,0.1017,0.302
kp15 run1.txt,11,-15.0,1,258.000,0.1006,0.286
kp15 run1.txt,11,-15.0,1,259.000,0.1024,0.313
kp15 run1.txt,11,-15.0,1,260.000,0.0998,-0.261
kp15 run1.txt,11,-15.0,1,261.000,0.0998,-0.261
kp15 run1.txt,11,-15.0,1,262.000,0.0998,-0.261
kp15 run1.txt,11,-15.0,1,263.000,0.1031,0.324
kp15 run1.txt,11,-15.0,1,264.000,0.102,0.307
kp15 run1.txt,11,-15.0,1,265.000,0.1028,0.318
kp15 run1.txt,11,-15.0,1,266.000,0.0955,-0.327
kp15 run1.txt,11,-15.0,1,267.000,0.1035,0.329
kp15 run1.txt,11,-15.0,1,268.000,0.0969,-0.305
kp15 run1.txt,11,-15.0,1,269.000,0.1013,0.296
kp15 run1.txt,11,-15.0,1,270.000,0.0991,-0.272
kp15 run1.txt,11,-15.0,1,271.000,0.0991,-0.272
kp15 run1.txt,11,-15.0,1,272.000,0.098,-0.289
kp15 run1.txt,11,-15.0,1,273.000,0.1017,0.302
kp15 run1.txt,11,-15.0,1,274.000,0.1006,0.286
kp15 run1.txt,11,-15.0,1,275.000,0.102,0.307
kp15 run1.txt,11,-15.0,1,276.000,0.1035,0.329
kp15 run1.txt,11,-15.0,1,277.000,0.1024,0.313
kp15 run1.txt,11,-15.0,1,278.000,0.094,-0.349
kp15 run1.txt,11,-15.0,1,279.000,0.0998,-0.261
kp15 run1.txt,11,-15.0,1,280.000,0.0984,-0.283
kp15 run1.txt,11,-15.0,1,281.000,0.0977,-0.294
kp15 run1.txt,11,-15.0,1,282.000,0.0991,-0.272
kp15 run1.txt,11,-15.0,1,283.000,0.1046,0.346
kp15 run1.txt,11,-15.0,1,284.000,0.0998,-0.261
kp15 run1.txt,11,-15.0,1,285.000,0.0958,-0.322
kp15 run1.txt,11,-15.0,1,286.000,0.0991,-0.272
kp15 run1.txt,11,-15.0,1,287.000,0.1006,0.286
kp15 run1.txt,11,-15.0,1,288.000,0.0991,-0.272
kp15 run1.txt,11,-15.0,1,289.000,0.1013,0.296
kp15 run1.txt,11,-15.0,1,290.000,0.102,0.307
kp15 run1.txt,11,-15.0,1,291.000,0.1006,0.286
kp15 run1.txt,11,-15.0,1,292.000,0.0998,-0.261
kp15 run1.txt,11,-15.0,1,293.000,0.0998,-0.261
kp15 run1.txt,11,-15.0,1,294.000,0.1013,0.296
kp15 run1.txt,11,-15.0,1,295.000,0.1006,0.286
kp15 run1.txt,11,-15.0,1,296.000,0.0998,-0.261
kp15 run1.txt,11,-15.0,1,297.000,0.0998,-0.261
kp15 run1.txt,11,-15.0,1,298.000,0.1028,0.318
kp15 run1.txt,11,-15.0,1,299.000,0.0984,-0.283
kp15 run1.txt,11,-15.0,1,300.000,0.0998,-0.261
kp15 run1.txt,11,-15.0,1,301.000,0.1166,0.526
kp15 run1.txt,11,-15.0,1,302.000,0.1042,0.34
kp15 run1.txt,11,-15.0,1,303.000,0.0998,-0.261
kp15 run1.txt,11,-15.0,1,304.000,0.1006,0.286
kp15 run1.txt,11,-15.0,1,305.000,0.1046,0.346
kp15 run1.txt,11,-15.0,1,306.000,0.1079,0.395
kp15 run1.txt,11,-15.0,1,307.000,0.1013,0.296
kp15 run1.txt,11,-15.0,1,308.000,0.102,0.307
kp15 run1.txt,11,-15.0,1,309.000,0.0998,-0.261
kp15 run1.txt,11,-15.0,1,310.000,0.1006,0.286
kp15 run1.txt,11,-15.0,1,311.000,0.0987,-0.278
kp15 run1.txt,11,-15.0,1,312.000,0.0998,-0.261
kp15 run1.txt,11,-15.0,1,313.000,0.1064,0.373
kp15 run1.txt,11,-15.0,1,314.000,0.0984,-0.283
kp15 run1.txt,11,-15.0,1,315.000,0.0998,-0.261
kp15 run1.txt,11,-15.0,1,316.000,0.102,0.307
kp15 run1.txt,11,-15.0,1,317.000,0.0984,-0.283
kp15 run1.txt,11,-15.0,1,318.000,0.1006,0.286
kp15 run1.txt,11,-15.0,1,319.000,0.1046,0.346
kp15 run1.txt,11,-15.0,1,320.000,0.1006,0.286
kp15 run1.txt,11,-15.0,1,321.000,0.1009,0.291
kp15 run1.txt,11,-15.0,1,322.000,0.1017,0.302
kp15 run1.txt,11,-15.0,1,323.000,0.0998,-0.261
kp15 run1.txt,11,-15.0,1,324.000,0.0947,-0.338
kp15 run1.txt,11,-15.0,1,325.000,0.1013,0.296
kp15 run1.txt,11,-15.0,1,326.000,0.1028,0.318
kp15 run1.txt,11,-15.0,1,327.000,0.1006,0.286
kp15 run1.txt,11,-15.0,1,328.000,0.1006,0.286
kp15 run1.txt,11,-15.0,1,329.000,0.1006,0.286
kp15 run1.txt,11,-15.0,1,330.000,0.1006,0.286
kp15 run1.txt,11,-15.0,1,331.000,0.1017,0.302
kp15 run1.txt,11,-15.0,1,332.000,0.102,0.307
kp15 run1.txt,11,-15.0,1,333.000,0.1104,0.433
kp15 run1.txt,11,-15.0,1,334.000,0.1028,0.318
kp15 run1.txt,11,-15.0,1,335.000,0.1006,0.286
kp15 run1.txt,11,-15.0,1,336.000,0.0984,-0.283
kp15 run1.txt,11,-15.0,1,337.000,0.1006,0.286
kp15 run1.txt,11,-15.0,1,338.000,0.1009,0.291
kp15 run1.txt,11,-15.0,1,339.000,0.1017,0.302
kp15 run1.txt,11,-15.0,1,340.000,0.0998,-0.261
kp15 run1.txt,11,-15.0,1,341.000,0.0998,-0.261
kp15 run1.txt,11,-15.0,1,342.000,0.0998,-0.261
kp15 run1.txt,11,-15.0,1,343.000,0.1028,0.318
kp15 run1.txt,11,-15.0,1,344.000,0.102,0.307
kp15 run1.txt,11,-15.0,1,345.000,0.1013,0.296
kp15 run1.txt,11,-15.0,1,346.000,0.0998,-0.261
kp15 run1.txt,11,-15.0,1,347.000,0.1006,0.286
kp15 run1.txt,11,-15.0,1,348.000,0.1028,0.318
kp15 run1.txt,11,-15.0,1,349.000,0.1079,0.395
kp15 run1.txt,11,-15.0,1,350.000,0.1009,0.291
kp15 run1.txt,11,-15.0,1,351.000,0.1035,0.329
kp15 run1.txt,11,-15.0,1,352.000,0.0998,-0.261
kp15 run1.txt,11,-15.0,1,353.000,0.1006,0.286
kp15 run1.txt,11,-15.0,1,354.000,0.0998,-0.261
kp15 run1.txt,11,-15.0,1,355.000,0.1013,0.296
kp15 run1.txt,11,-15.0,1,356.000,0.1031,0.324
kp15 run1.txt,11,-15.0,1,357.000,0.0998,-0.261
kp15 run1.txt,11,-15.0,1,358.000,0.0998,-0.261
kp15 run1.txt,11,-15.0,1,359.000,0.102,0.307
kp15 run1.txt,11,-15.0,1,360.000,0.1035,0.329
kp15 run1.txt,11,-15.0,1,361.000,0.0991,-0.272
kp15 run1.txt,11,-15.0,1,362.000,0.102,0.307
kp15 run1.txt,11,-15.0,1,363.000,0.0998,-0.261
kp15 run1.txt,11,-15.0,1,364.000,0.0998,-0.261
kp15 run1.txt,11,-15.0,1,365.000,0.113,0.471
kp15 run1.txt,11,-15.0,1,366.000,0.1028,0.318
kp15 run1.txt,11,-15.0,1,367.000,0.0998,-0.261
kp15 run1.txt,11,-15.0,1,368.000,0.0933,-0.36
kp15 run1.txt,11,-15.0,1,369.000,0.1024,0.313
kp15 run1.txt,11,-15.0,1,370.000,0.0998,-0.261
kp15 run1.txt,11,-15.0,1,371.000,0.1028,0.318
kp15 run1.txt,11,-15.0,1,372.000,0.1013,0.296
kp15 run1.txt,11,-15.0,1,373.000,0.0998,-0.261
kp15 run1.txt,11,-15.0,1,374.000,0.1009,0.291
kp15 run1.txt,11,-15.0,1,375.000,0.1006,0.286
kp15 run1.txt,11,-15.0,1,376.000,0.1104,0.433
kp15 run1.txt,11,-15.0,1,377.000,0.1006,0.286
kp15 run1.txt,11,-15.0,1,378.000,0.1079,0.395
kp15 run1.txt,11,-15.0,1,379.000,0.0991,-0.272
kp15 run1.txt,11,-15.0,1,380.000,0.0969,-0.305
kp15 run1.txt,11,-15.0,1,381.000,0.0977,-0.294
kp15 run1.txt,11,-15.0,1,382.000,0.0998,-0.261
kp15 run1.txt,11,-15.0,1,383.000,0.1017,0.302
kp15 run1.txt,11,-15.0,1,384.000,0.102,0.307
kp15 run1.txt,11,-15.0,1,385.000,0.1006,0.286
kp15 run1.txt,11,-15.0,1,386.000,0.1006,0.286
kp15 run1.txt,11,-15.0,1,387.000,0.1013,0.296
kp15 run1.txt,11,-15.0,1,388.000,0.0984,-0.283
kp15 run1.txt,11,-15.0,1,389.000,0.0991,-0.272
kp15 run1.txt,11,-15.0,1,390.000,0.0984,-0.283
kp15 run1.txt,11,-15.0,1,391.000,0.1086,0.406
kp15 run1.txt,11,-15.0,1,392.000,0.102,0.307
kp15 run1.txt,11,-15.0,1,393.000,0.1013,0.296
kp15 run1.txt,11,-15.0,1,394.000,0.1049,0.351
kp15 run1.txt,11,-15.0,1,395.000,0.0984,-0.283
kp15 run1.txt,11,-15.0,1,396.000,0.1042,0.34
kp15 run1.txt,11,-15.0,1,397.000,0.0987,-0.278
kp15 run1.txt,11,-15.0,1,398.000,0.1006,0.286
kp15 run1.txt,11,-15.0,1,399.000,0.0962,-0.316
kp15 run1.txt,11,-15.0,1,400.000,0.1006,0.286
kp15 run1.txt,11,-15.0,1,401.000,0.1028,0.318
kp15 run1.txt,11,-15.0,1,402.000,0.0962,-0.316
kp15 run1.txt,11,-15.0,1,403.000,0.0998,-0.261
kp15 run1.txt,11,-15.0,1,404.000,0.1035,0.329
kp15 run1.txt,11,-15.0,1,405.000,0.1009,0.291
kp15 run1.txt,11,-15.0,1,406.000,0.0998,-0.261
kp15 run1.txt,11,-15.0,1,407.000,0.0998,-0.261
kp15 run1.txt,11,-15.0,1,408.000,0.1006,0.286
kp15 run1.txt,11,-15.0,1,409.000,0.1028,0.318
kp15 run1.txt,11,-15.0,1,410.000,0.0911,-0.393
kp15 run1.txt,11,-15.0,1,411.000,0.1057,0.362
kp15 run1.txt,11,-15.0,1,412.000,0.0998,-0.261
kp15 run1.txt,11,-15.0,1,413.000,0.1053,0.357
kp15 run1.txt,11,-15.0,1,414.000,0.1006,0.286
kp15 run1.txt,11,-15.0,1,415.000,0.1017,0.302
kp15 run1.txt,11,-15.0,1,416.000,0.102,0.307
kp15 run1.txt,11,-15.0,1,417.000,0.1013,0.296
kp15 run1.txt,11,-15.0,1,418.000,0.102,0.307
kp15 run1.txt,11,-15.0,1,419.000,0.0998,-0.261
kp15 run1.txt,11,-15.0,1,420.000,0.0991,-0.272
kp15 run1.txt,11,-15.0,1,421.000,0.1013,0.296
kp15 run1.txt,11,-15.0,1,422.000,0.1013,0.296
kp15 run1.txt,11,-15.0,1,423.000,0.1006,0.286
kp15 run1.txt,11,-15.0,1,424.000,0.102,0.307
kp15 run1.txt,11,-15.0,1,425.000,0.0998,-0.261
kp15 run1.txt,11,-15.0,1,426.000,0.1035,0.329
kp15 run1.txt,11,-15.0,1,427.000,0.1013,0.296
kp15 run1.txt,11,-15.0,1,428.000,0.1006,0.286
kp15 run1.txt,11,-15.0,1,429.000,0.1122,0.46
kp15 run1.txt,11,-15.0,1,430.000,0.0977,-0.294
kp15 run1.txt,11,-15.0,1,431.000,0.1013,0.296
kp15 run1.txt,11,-15.0,1,432.000,0.1006,0.286
kp15 run1.txt,11,-15.0,1,433.000,0.0998,-0.261
kp15 run1.txt,11,-15.0,1,434.000,0.1038,0.335
kp15 run1.txt,11,-15.0,1,435.000,0.0991,-0.272
kp15 run1.txt,11,-15.0,1,436.000,0.1006,0.286
kp15 run1.txt,11,-15.0,1,437.000,0.0998,-0.261
kp15 run1.txt,11,-15.0,1,438.000,0.1013,0.296
kp15 run1.txt,11,-15.0,1,439.000,0.1006,0.286
kp15 run1.txt,11,-15.0,1,440.000,0.1006,0.286
kp15 run1.txt,11,-15.0,1,441.000,0.1006,0.286
kp15 run1.txt,11,-15.0,1,442.000,0.1028,0.318
kp15 run1.txt,11,-15.0,1,443.000,0.0998,-0.261
kp15 run1.txt,11,-15.0,1,444.000,0.0998,-0.261
kp15 run1.txt,11,-15.0,1,445.000,0.1064,0.373
kp15 run1.txt,11,-15.0,1,446.000,0.1053,0.357
kp15 run1.txt,11,-15.0,1,447.000,0.1009,0.291
kp15 run1.txt,11,-15.0,1,448.000,0.1049,0.351
kp15 run1.txt,11,-15.0,1,449.000,0.0998,-0.261
kp15 run1.txt,11,-15.0,1,450.000,0.0969,-0.305
kp15 run1.txt,11,-15.0,1,451.000,0.0998,-0.261
kp15 run1.txt,11,-15.0,1,452.000,0.0969,-0.305
kp15 run1.txt,11,-15.0,1,453.000,0.1002,0.28
kp15 run1.txt,11,-15.0,1,454.000,0.1017,0.302
kp15 run1.txt,11,-15.0,1,455.000,0.0987,-0.278
kp15 run1.txt,11,-15.0,1,456.000,0.0991,-0.272
kp15 run1.txt,11,-15.0,1,457.000,0.1006,0.286
kp15 run1.txt,11,-15.0,1,458.000,0.1141,0.488
kp15 run1.txt,11,-15.0,1,459.000,0.102,0.307
kp15 run1.txt,11,-15.0,1,460.000,0.0947,-0.338
kp15 run1.txt,11,-15.0,1,461.000,0.1006,0.286
kp15 run1.txt,11,-15.0,1,462.000,0.1017,0.302
kp15 run1.txt,11,-15.0,1,463.000,0.0998,-0.261
kp15 run1.txt,11,-15.0,1,464.000,0.1006,0.286
kp15 run1.txt,11,-15.0,1,465.000,0.1006,0.286
kp15 run1.txt,11,-15.0,1,466.000,0.1006,0.286
kp15 run1.txt,11,-15.0,1,467.000,0.0977,-0.294
kp15 run1.txt,11,-15.0,1,468.000,0.0998,-0.261
kp15 run1.txt,11,-15.0,1,469.000,0.0998,-0.261
kp15 run1.txt,11,-15.0,1,470.000,0.0998,-0.261
kp15 run1.txt,11,-15.0,1,471.000,0.0998,-0.261
kp15 run1.txt,11,-15.0,1,472.000,0.0904,-0.404
kp15 run1.txt,11,-15.0,1,473.000,0.0987,-0.278
kp15 run1.txt,11,-15.0,1,474.000,0.1006,0.286
kp15 run1.txt,11,-15.0,1,475.000,0.1009,0.291
kp15 run1.txt,11,-15.0,1,476.000,0.1009,0.291
kp15 run1.txt,11,-15.0,1,477.000,0.1046,0.346
kp15 run1.txt,11,-15.0,1,478.000,0.0998,-0.261
kp15 run1.txt,11,-15.0,1,479.000,0.0998,-0.261
kp15 run1.txt,11,-15.0,1,480.000,0.0998,-0.261
kp15 run1.txt,11,-15.0,1,481.000,0.0998,-0.261
kp15 run1.txt,11,-15.0,1,482.000,0.1151,0.504
kp15 run1.txt,11,-15.0,1,483.000,0.102,0.307
kp15 run1.txt,11,-15.0,1,484.000,0.0977,-0.294
kp15 run1.txt,11,-15.0,1,485.000,0.0998,-0.261
kp15 run1.txt,11,-15.0,1,486.000,0.098,-0.289
kp15 run1.txt,11,-15.0,1,487.000,0.0998,-0.261
kp15 run1.txt,11,-15.0,1,488.000,0.0998,-0.261
kp15 run1.txt,11,-15.0,1,489.000,0.1013,0.296
kp15 run1.txt,11,-15.0,1,490.000,0.0962,-0.316
kp15 run1.txt,11,-15.0,1,491.000,0.102,0.307
kp15 run1.txt,11,-15.0,1,492.000,0.1006,0.286
kp15 run1.txt,11,-15.0,1,493.000,0.1013,0.296
kp15 run1.txt,11,-15.0,1,494.000,0.0998,-0.261
kp15 run1.txt,11,-15.0,1,495.000,0.1009,0.291
kp15 run1.txt,11,-15.0,1,496.000,0.0998,-0.261
kp15 run1.txt,11,-15.0,1,497.000,0.1017,0.302
kp15 run1.txt,11,-15.0,1,498.000,0.0998,-0.261
kp15 run1.txt,11,-15.0,1,499.000,0.0882,-0.436
kp15 run1.txt,11,-15.0,1,500.000,0.1006,0.286
kp15 run1.txt,11,-15.0,1,501.000,0.0991,-0.272
kp15 run1.txt,11,-15.0,1,502.000,0.1006,0.286
kp15 run1.txt,11,-15.0,1,503.000,0.1006,0.286
kp15 run1.txt,11,-15.0,1,504.000,0.0977,-0.294
kp15 run1.txt,11,-15.0,1,505.000,0.0998,-0.261
kp15 run1.txt,11,-15.0,1,506.000,0.0998,-0.261
kp15 run1.txt,11,-15.0,1,507.000,0.1013,0.296
kp15 run1.txt,11,-15.0,1,508.000,0.0977,-0.294
kp15 run1.txt,11,-15.0,1,509.000,0.1046,0.346
kp15 run1.txt,11,-15.0,1,510.000,0.0991,-0.272
kp15 run1.txt,11,-15.0,1,511.000,0.0987,-0.278
kp15 run1.txt,11,-15.0,1,512.000,0.1031,0.324
kp15 run1.txt,11,-15.0,1,513.000,0.0998,-0.261
kp15 run1.txt,11,-15.0,1,514.000,0.098,-0.289
kp15 run1.txt,11,-15.0,1,515.000,0.0958,-0.322
kp15 run1.txt,11,-15.0,1,516.000,0.0977,-0.294
kp15 run1.txt,11,-15.0,1,517.000,0.0995,-0.267
kp15 run1.txt,11,-15.0,1,518.000,0.0998,-0.261
kp15 run1.txt,11,-15.0,1,519.000,0.0991,-0.272
kp15 run1.txt,11,-15.0,1,520.000,0.0998,-0.261
kp15 run1.txt,11,-15.0,1,521.000,0.0998,-0.261
kp15 run1.txt,11,-15.0,1,522.000,0.0955,-0.327
kp15 run1.txt,11,-15.0,1,523.000,0.0998,-0.261
kp15 run1.txt,11,-15.0,1,524.000,0.1049,0.351
kp15 run1.txt,11,-15.0,1,525.000,0.0991,-0.272
kp15 run1.txt,11,-15.0,1,526.000,0.0984,-0.283
kp15 run1.txt,11,-15.0,1,527.000,0.1006,0.286
kp15 run1.txt,11,-15.0,1,528.000,0.1035,0.329
kp15 run1.txt,11,-15.0,1,529.000,0.0984,-0.283
kp15 run1.txt,11,-15.0,1,530.000,0.1024,0.313
kp15 run1.txt,11,-15.0,1,531.000,0.0962,-0.316
kp15 run1.txt,11,-15.0,1,532.000,0.0987,-0.278
kp15 run1.txt,11,-15.0,1,533.000,0.1042,0.34
kp15 run1.txt,11,-15.0,1,534.000,0.09,-0.409
kp15 run1.txt,11,-15.0,1,535.000,0.1028,0.318
kp15 run1.txt,11,-15.0,1,536.000,0.0977,-0.294
kp15 run1.txt,11,-15.0,1,537.000,0.0998,-0.261
kp15 run1.txt,11,-15.0,1,538.000,0.1013,0.296
kp15 run1.txt,11,-15.0,1,539.000,0.0987,-0.278
kp15 run1.txt,11,-15.0,1,540.000,0.0998,-0.261
kp15 run1.txt,11,-15.0,1,541.000,0.1082,0.4
kp15 run1.txt,11,-15.0,1,542.000,0.0969,-0.305
kp15 run1.txt,11,-15.0,1,543.000,0.1028,0.318
kp15 run1.txt,11,-15.0,1,544.000,0.1006,0.286
kp15 run1.txt,11,-15.0,1,545.000,0.1006,0.286
kp15 run1.txt,11,-15.0,1,546.000,0.0998,-0.261
kp15 run1.txt,11,-15.0,1,547.000,0.1006,0.286
kp15 run1.txt,11,-15.0,1,548.000,0.1017,0.302
kp15 run1.txt,11,-15.0,1,549.000,0.0998,-0.261
kp15 run1.txt,11,-15.0,1,550.000,0.1013,0.296
kp15 run1.txt,11,-15.0,1,551.000,0.1013,0.296
kp15 run1.txt,11,-15.0,1,552.000,0.0998,-0.261
kp15 run1.txt,11,-15.0,1,553.000,0.102,0.307
kp15 run1.txt,11,-15.0,1,554.000,0.102,0.307
kp15 run1.txt,11,-15.0,1,555.000,0.102,0.307
kp15 run1.txt,11,-15.0,1,556.000,0.0904,-0.404
kp15 run1.txt,11,-15.0,1,557.000,0.1009,0.291
kp15 run1.txt,11,-15.0,1,558.000,0.1013,0.296
kp15 run1.txt,11,-15.0,1,559.000,0.1013,0.296
kp15 run1.txt,11,-15.0,1,560.000,0.1013,0.296
kp15 run1.txt,11,-15.0,1,561.000,0.0991,-0.272
kp15 run1.txt,11,-15.0,1,562.000,0.1013,0.296
kp15 run1.txt,11,-15.0,1,563.000,0.0933,-0.36
kp15 run1.txt,11,-15.0,1,564.000,0.1013,0.296
kp15 run1.txt,11,-15.0,1,565.000,0.1013,0.296
kp15 run1.txt,11,-15.0,1,566.000,0.102,0.307
kp15 run1.txt,11,-15.0,1,567.000,0.0984,-0.283
kp15 run1.txt,11,-15.0,1,568.000,0.0998,-0.261
kp15 run1.txt,11,-15.0,1,569.000,0.0995,-0.267
kp15 run1.txt,11,-15.0,1,570.000,0.1006,0.286
kp15 run1.txt,11,-15.0,1,571.000,0.0991,-0.272
kp15 run1.txt,11,-15.0,1,572.000,0.0998,-0.261
kp15 run1.txt,11,-15.0,1,573.000,0.0831,-0.513
kp15 run1.txt,11,-15.0,1,574.000,0.0998,-0.261
kp15 run1.txt,11,-15.0,1,575.000,0.1049,0.351
kp15 run1.txt,11,-15.0,1,576.000,0.1006,0.286
kp15 run1.txt,11,-15.0,1,577.000,0.1006,0.286
kp15 run1.txt,11,-15.0,1,578.000,0.1028,0.318
kp15 run1.txt,11,-15.0,1,579.000,0.1006,0.286
kp15 run1.txt,11,-15.0,1,580.000,0.0998,-0.261
kp15 run1.txt,11,-15.0,1,581.000,0.1046,0.346
kp15 run1.txt,11,-15.0,1,582.000,0.1035,0.329
kp15 run1.txt,11,-15.0,1,583.000,0.1013,0.296
kp15 run1.txt,11,-15.0,1,584.000,0.1017,0.302
kp15 run1.txt,11,-15.0,1,585.000,0.0969,-0.305
kp15 run1.txt,11,-15.0,1,586.000,0.0995,-0.267
kp15 run1.txt,11,-15.0,1,587.000,0.1006,0.286
kp15 run1.txt,11,-15.0,1,588.000,0.1006,0.286
kp15 run1.txt,11,-15.0,1,589.000,0.0991,-0.272
kp15 run1.txt,11,-15.0,1,590.000,0.1042,0.34
kp15 run1.txt,11,-15.0,1,591.000,0.0995,-0.267
kp15 run1.txt,11,-15.0,1,592.000,0.1017,0.302
kp15 run1.txt,11,-15.0,1,593.000,0.1006,0.286
kp15 run1.txt,11,-15.0,1,594.000,0.0998,-0.261
kp15 run1.txt,11,-15.0,1,595.000,0.0995,-0.267
kp15 run1.txt,11,-15.0,1,596.000,0.102,0.307
kp15 run1.txt,11,-15.0,1,597.000,0.0998,-0.261
kp15 run1.txt,11,-15.0,1,598.000,0.102,0.307
kp15 run1.txt,11,-15.0,1,599.000,0.1006,0.286
kp15 run1.txt,12,-15.0,-1,0.000,0.102,3.307
kp15 run1.txt,12,-15.0,-1,1.000,0.1115,3.45
kp15 run1.txt,12,-15.0,-1,2.000,0.1181,3.548
kp15 run1.txt,12,-15.0,-1,3.000,0.1024,3.313
kp15 run1.txt,12,-15.0,-1,4.000,0.1093,3.417
kp15 run1.txt,12,-15.0,-1,5.000,0.1151,3.504
kp15 run1.txt,12,-15.0,-1,6.000,0.1053,3.357
kp15 run1.txt,12,-15.0,-1,7.000,0.1159,3.515
kp15 run1.txt,12,-15.0,-1,8.000,0.0977,3.242
kp15 run1.txt,12,-15.0,-1,9.000,0.098,3.247
kp15 run1.txt,12,-15.0,-1,10.000,0.102,3.307
kp15 run1.txt,12,-15.0,-1,11.000,0.1017,3.302
kp15 run1.txt,12,-15.0,-1,12.000,0.0969,3.231
kp15 run1.txt,12,-15.0,-1,13.000,0.0933,3.176
kp15 run1.txt,12,-15.0,-1,14.000,0.0882,3.1
kp15 run1.txt,12,-15.0,-1,15.000,0.0845,3.045
kp15 run1.txt,12,-15.0,-1,16.000,0.0802,2.979
kp15 run1.txt,12,-15.0,-1,17.000,0.0765,2.925
kp15 run1.txt,12,-15.0,-1,18.000,0.074,2.886
kp15 run1.txt,12,-15.0,-1,19.000,0.0729,2.87
kp15 run1.txt,12,-15.0,-1,20.000,0.0707,2.837
kp15 run1.txt,12,-15.0,-1,21.000,0.0831,3.023
kp15 run1.txt,12,-15.0,-1,22.000,0.0627,2.717
kp15 run1.txt,12,-15.0,-1,23.000,0.0557,2.613
kp15 run1.txt,12,-15.0,-1,24.000,0.0495,2.52
kp15 run1.txt,12,-15.0,-1,25.000,0.0503,2.531
kp15 run1.txt,12,-15.0,-1,26.000,0.0459,2.465
kp15 run1.txt,12,-15.0,-1,27.000,0.0495,2.52
kp15 run1.txt,12,-15.0,-1,28.000,0.0408,2.389
kp15 run1.txt,12,-15.0,-1,29.000,0.0401,2.378
kp15 run1.txt,12,-15.0,-1,30.000,0.0357,2.312
kp15 run1.txt,12,-15.0,-1,31.000,0.032,2.258
kp15 run1.txt,12,-15.0,-1,32.000,0.028,2.197
kp15 run1.txt,12,-15.0,-1,33.000,0.0226,2.115
kp15 run1.txt,12,-15.0,-1,34.000,0.0182,2.05
kp15 run1.txt,12,-15.0,-1,35.000,0.0171,2.033
kp15 run1.txt,12,-15.0,-1,36.000,0.0145,1.995
kp15 run1.txt,12,-15.0,-1,37.000,0.0182,2.05
kp15 run1.txt,12,-15.0,-1,38.000,0.0091,1.913
kp15 run1.txt,12,-15.0,-1,39.000,0.0029,1.82
kp15 run1.txt,12,-15.0,-1,40.000,0.0007,1.787
kp15 run1.txt,12,-15.0,-1,41.000,0.0073,1.886
kp15 run1.txt,12,-15.0,-1,42.000,-0.0081,1.656
kp15 run1.txt,12,-15.0,-1,43.000,-0.0175,1.514
kp15 run1.txt,12,-15.0,-1,44.000,-0.0124,1.59
kp15 run1.txt,12,-15.0,-1,45.000,-0.0146,1.558
kp15 run1.txt,12,-15.0,-1,46.000,-0.0219,1.448
kp15 run1.txt,12,-15.0,-1,47.000,-0.0226,1.437
kp15 run1.txt,12,-15.0,-1,48.000,-0.0252,1.399
kp15 run1.txt,12,-15.0,-1,49.000,-0.0277,1.361
kp15 run1.txt,12,-15.0,-1,50.000,-0.0292,1.339
kp15 run1.txt,12,-15.0,-1,51.000,-0.0365,1.23
kp15 run1.txt,12,-15.0,-1,52.000,-0.0379,1.208
kp15 run1.txt,12,-15.0,-1,53.000,-0.0423,1.142
kp15 run1.txt,12,-15.0,-1,54.000,-0.0445,1.109
kp15 run1.txt,12,-15.0,-1,55.000,-0.0482,1.055
kp15 run1.txt,12,-15.0,-1,56.000,-0.0431,1.131
kp15 run1.txt,12,-15.0,-1,57.000,-0.0511,1.011
kp15 run1.txt,12,-15.0,-1,58.000,-0.0558,0.94
kp15 run1.txt,12,-15.0,-1,59.000,-0.0584,0.902
kp15 run1.txt,12,-15.0,-1,60.000,-0.0606,0.869
kp15 run1.txt,12,-15.0,-1,61.000,-0.0729,0.683
kp15 run1.txt,12,-15.0,-1,62.000,-0.0635,0.825
kp15 run1.txt,12,-15.0,-1,63.000,-0.0693,0.738
kp15 run1.txt,12,-15.0,-1,64.000,-0.0686,0.748
kp15 run1.txt,12,-15.0,-1,65.000,-0.0762,0.634
kp15 run1.txt,12,-15.0,-1,66.000,-0.0715,0.705
kp15 run1.txt,12,-15.0,-1,67.000,-0.0737,0.672
kp15 run1.txt,12,-15.0,-1,68.000,-0.0813,0.557
kp15 run1.txt,12,-15.0,-1,69.000,-0.0817,0.552
kp15 run1.txt,12,-15.0,-1,70.000,-0.0839,0.519
kp15 run1.txt,12,-15.0,-1,71.000,-0.0784,0.601
kp15 run1.txt,12,-15.0,-1,72.000,-0.0875,0.464
kp15 run1.txt,12,-15.0,-1,73.000,-0.0934,0.377
kp15 run1.txt,12,-15.0,-1,74.000,-0.0934,0.377
kp15 run1.txt,12,-15.0,-1,75.000,-0.1036,-0.312
kp15 run1.txt,12,-15.0,-1,76.000,-0.0904,0.42
kp15 run1.txt,12,-15.0,-1,77.000,-0.0963,0.333
kp15 run1.txt,12,-15.0,-1,78.000,-0.0977,0.311
kp15 run1.txt,12,-15.0,-1,79.000,-0.0977,0.311
kp15 run1.txt,12,-15.0,-1,80.000,-0.1006,-0.269
kp15 run1.txt,12,-15.0,-1,81.000,-0.0992,0.289
kp15 run1.txt,12,-15.0,-1,82.000,-0.1021,-0.291
kp15 run1.txt,12,-15.0,-1,83.000,-0.105,-0.334
kp15 run1.txt,12,-15.0,-1,84.000,-0.105,-0.334
kp15 run1.txt,12,-15.0,-1,85.000,-0.105,-0.334
kp15 run1.txt,12,-15.0,-1,86.000,-0.1054,-0.34
kp15 run1.txt,12,-15.0,-1,87.000,-0.1079,-0.378
kp15 run1.txt,12,-15.0,-1,88.000,-0.116,-0.498
kp15 run1.txt,12,-15.0,-1,89.000,-0.1094,-0.4
kp15 run1.txt,12,-15.0,-1,90.000,-0.1109,-0.422
kp15 run1.txt,12,-15.0,-1,91.000,-0.1123,-0.444
kp15 run1.txt,12,-15.0,-1,92.000,-0.113,-0.455
kp15 run1.txt,12,-15.0,-1,93.000,-0.105,-0.334
kp15 run1.txt,12,-15.0,-1,94.000,-0.1123,-0.444
kp15 run1.txt,12,-15.0,-1,95.000,-0.1138,-0.466
kp15 run1.txt,12,-15.0,-1,96.000,-0.1101,-0.411
kp15 run1.txt,12,-15.0,-1,97.000,-0.105,-0.334
kp15 run1.txt,12,-15.0,-1,98.000,-0.113,-0.455
kp15 run1.txt,12,-15.0,-1,99.000,-0.113,-0.455
kp15 run1.txt,12,-15.0,-1,100.000,-0.1152,-0.487
kp15 run1.txt,12,-15.0,-1,101.000,-0.1083,-0.384
kp15 run1.txt,12,-15.0,-1,102.000,-0.1167,-0.509
kp15 run1.txt,12,-15.0,-1,103.000,-0.1167,-0.509
kp15 run1.txt,12,-15.0,-1,104.000,-0.1101,-0.411
kp15 run1.txt,12,-15.0,-1,105.000,-0.1167,-0.509
kp15 run1.txt,12,-15.0,-1,106.000,-0.1145,-0.476
kp15 run1.txt,12,-15.0,-1,107.000,-0.113,-0.455
kp15 run1.txt,12,-15.0,-1,108.000,-0.1138,-0.466
kp15 run1.txt,12,-15.0,-1,109.000,-0.1181,-0.531
kp15 run1.txt,12,-15.0,-1,110.000,-0.113,-0.455
kp15 run1.txt,12,-15.0,-1,111.000,-0.1138,-0.466
kp15 run1.txt,12,-15.0,-1,112.000,-0.1138,-0.466
kp15 run1.txt,12,-15.0,-1,113.000,-0.116,-0.498
kp15 run1.txt,12,-15.0,-1,114.000,-0.1152,-0.487
kp15 run1.txt,12,-15.0,-1,115.000,-0.1174,-0.52
kp15 run1.txt,12,-15.0,-1,116.000,-0.1123,-0.444
kp15 run1.txt,12,-15.0,-1,117.000,-0.1196,-0.553
kp15 run1.txt,12,-15.0,-1,118.000,-0.1145,-0.476
kp15 run1.txt,12,-15.0,-1,119.000,-0.1152,-0.487
kp15 run1.txt,12,-15.0,-1,120.000,-0.113,-0.455
kp15 run1.txt,12,-15.0,-1,121.000,-0.1141,-0.471
kp15 run1.txt,12,-15.0,-1,122.000,-0.1141,-0.471
kp15 run1.txt,12,-15.0,-1,123.000,-0.1141,-0.471
kp15 run1.txt,12,-15.0,-1,124.000,-0.1083,-0.384
kp15 run1.txt,12,-15.0,-1,125.000,-0.1141,-0.471
kp15 run1.txt,12,-15.0,-1,126.000,-0.113,-0.455
kp15 run1.txt,12,-15.0,-1,127.000,-0.1101,-0.411
kp15 run1.txt,12,-15.0,-1,128.000,-0.1123,-0.444
kp15 run1.txt,12,-15.0,-1,129.000,-0.1101,-0.411
kp15 run1.txt,12,-15.0,-1,130.000,-0.1101,-0.411
kp15 run1.txt,12,-15.0,-1,131.000,-0.1109,-0.422
kp15 run1.txt,12,-15.0,-1,132.000,-0.1094,-0.4
kp15 run1.txt,12,-15.0,-1,133.000,-0.1065,-0.356
kp15 run1.txt,12,-15.0,-1,134.000,-0.1101,-0.411
kp15 run1.txt,12,-15.0,-1,135.000,-0.1083,-0.384
kp15 run1.txt,12,-15.0,-1,136.000,-0.1072,-0.367
kp15 run1.txt,12,-15.0,-1,137.000,-0.1087,-0.389
kp15 run1.txt,12,-15.0,-1,138.000,-0.1036,-0.312
kp15 run1.txt,12,-15.0,-1,139.000,-0.1094,-0.4
kp15 run1.txt,12,-15.0,-1,140.000,-0.1072,-0.367
kp15 run1.txt,12,-15.0,-1,141.000,-0.1123,-0.444
kp15 run1.txt,12,-15.0,-1,142.000,-0.1072,-0.367
kp15 run1.txt,12,-15.0,-1,143.000,-0.1065,-0.356
kp15 run1.txt,12,-15.0,-1,144.000,-0.1058,-0.345
kp15 run1.txt,12,-15.0,-1,145.000,-0.1065,-0.356
kp15 run1.txt,12,-15.0,-1,146.000,-0.0985,0.3
kp15 run1.txt,12,-15.0,-1,147.000,-0.1043,-0.323
kp15 run1.txt,12,-15.0,-1,148.000,-0.1043,-0.323
kp15 run1.txt,12,-15.0,-1,149.000,-0.081,0.563
kp15 run1.txt,12,-15.0,-1,150.000,-0.0999,0.278
kp15 run1.txt,12,-15.0,-1,151.000,-0.1014,-0.28
kp15 run1.txt,12,-15.0,-1,152.000,-0.1006,-0.269
kp15 run1.txt,12,-15.0,-1,153.000,-0.1218,-0.586
kp15 run1.txt,12,-15.0,-1,154.000,-0.1032,-0.307
kp15 run1.txt,12,-15.0,-1,155.000,-0.1072,-0.367
kp15 run1.txt,12,-15.0,-1,156.000,-0.1021,-0.291
kp15 run1.txt,12,-15.0,-1,157.000,-0.0963,0.333
kp15 run1.txt,12,-15.0,-1,158.000,-0.0999,0.278
kp15 run1.txt,12,-15.0,-1,159.000,-0.1014,-0.28
kp15 run1.txt,12,-15.0,-1,160.000,-0.1014,-0.28
kp15 run1.txt,12,-15.0,-1,161.000,-0.0966,0.327
kp15 run1.txt,12,-15.0,-1,162.000,-0.0904,0.42
kp15 run1.txt,12,-15.0,-1,163.000,-0.105,-0.334
kp15 run1.txt,12,-15.0,-1,164.000,-0.1021,-0.291
kp15 run1.txt,12,-15.0,-1,165.000,-0.0992,0.289
kp15 run1.txt,12,-15.0,-1,166.000,-0.1076,-0.373
kp15 run1.txt,12,-15.0,-1,167.000,-0.0985,0.3
kp15 run1.txt,12,-15.0,-1,168.000,-0.1021,-0.291
kp15 run1.txt,12,-15.0,-1,169.000,-0.1006,-0.269
kp15 run1.txt,12,-15.0,-1,170.000,-0.1036,-0.312
kp15 run1.txt,12,-15.0,-1,171.000,-0.0977,0.311
kp15 run1.txt,12,-15.0,-1,172.000,-0.0992,0.289
kp15 run1.txt,12,-15.0,-1,173.000,-0.0996,0.284
kp15 run1.txt,12,-15.0,-1,174.000,-0.0992,0.289
kp15 run1.txt,12,-15.0,-1,175.000,-0.1021,-0.291
kp15 run1.txt,12,-15.0,-1,176.000,-0.0992,0.289
kp15 run1.txt,12,-15.0,-1,177.000,-0.1112,-0.427
kp15 run1.txt,12,-15.0,-1,178.000,-0.0992,0.289
kp15 run1.txt,12,-15.0,-1,179.000,-0.0992,0.289
kp15 run1.txt,12,-15.0,-1,180.000,-0.0992,0.289
kp15 run1.txt,12,-15.0,-1,181.000,-0.0919,0.399
kp15 run1.txt,12,-15.0,-1,182.000,-0.097,0.322
kp15 run1.txt,12,-15.0,-1,183.000,-0.0999,0.278
kp15 run1.txt,12,-15.0,-1,184.000,-0.0985,0.3
kp15 run1.txt,12,-15.0,-1,185.000,-0.0999,0.278
kp15 run1.txt,12,-15.0,-1,186.000,-0.0999,0.278
kp15 run1.txt,12,-15.0,-1,187.000,-0.0985,0.3
kp15 run1.txt,12,-15.0,-1,188.000,-0.0985,0.3
kp15 run1.txt,12,-15.0,-1,189.000,-0.1036,-0.312
kp15 run1.txt,12,-15.0,-1,190.000,-0.1036,-0.312
kp15 run1.txt,12,-15.0,-1,191.000,-0.0977,0.311
kp15 run1.txt,12,-15.0,-1,192.000,-0.0992,0.289
kp15 run1.txt,12,-15.0,-1,193.000,-0.0977,0.311
kp15 run1.txt,12,-15.0,-1,194.000,-0.0985,0.3
kp15 run1.txt,12,-15.0,-1,195.000,-0.0966,0.327
kp15 run1.txt,12,-15.0,-1,196.000,-0.1021,-0.291
kp15 run1.txt,12,-15.0,-1,197.000,-0.1021,-0.291
kp15 run1.txt,12,-15.0,-1,198.000,-0.0977,0.311
kp15 run1.txt,12,-15.0,-1,199.000,-0.1094,-0.4
kp15 run1.txt,12,-15.0,-1,200.000,-0.0985,0.3
kp15 run1.txt,12,-15.0,-1,201.000,-0.1014,-0.28
kp15 run1.txt,12,-15.0,-1,202.000,-0.0985,0.3
kp15 run1.txt,12,-15.0,-1,203.000,-0.0985,0.3
kp15 run1.txt,12,-15.0,-1,204.000,-0.0992,0.289
kp15 run1.txt,12,-15.0,-1,205.000,-0.0992,0.289
kp15 run1.txt,12,-15.0,-1,206.000,-0.0996,0.284
kp15 run1.txt,12,-15.0,-1,207.000,-0.0985,0.3
kp15 run1.txt,12,-15.0,-1,208.000,-0.0934,0.377
kp15 run1.txt,12,-15.0,-1,209.000,-0.0915,0.404
kp15 run1.txt,12,-15.0,-1,210.000,-0.0985,0.3
kp15 run1.txt,12,-15.0,-1,211.000,-0.0999,0.278
kp15 run1.txt,12,-15.0,-1,212.000,-0.0992,0.289
kp15 run1.txt,12,-15.0,-1,213.000,-0.1014,-0.28
kp15 run1.txt,12,-15.0,-1,214.000,-0.0948,0.355
kp15 run1.txt,12,-15.0,-1,215.000,-0.0977,0.311
kp15 run1.txt,12,-15.0,-1,216.000,-0.1006,-0.269
kp15 run1.txt,12,-15.0,-1,217.000,-0.113,-0.455
kp15 run1.txt,12,-15.0,-1,218.000,-0.0985,0.3
kp15 run1.txt,12,-15.0,-1,219.000,-0.0948,0.355
kp15 run1.txt,12,-15.0,-1,220.000,-0.0977,0.311
kp15 run1.txt,12,-15.0,-1,221.000,-0.0992,0.289
kp15 run1.txt,12,-15.0,-1,222.000,-0.0985,0.3
kp15 run1.txt,12,-15.0,-1,223.000,-0.0996,0.284
kp15 run1.txt,12,-15.0,-1,224.000,-0.0999,0.278
kp15 run1.txt,12,-15.0,-1,225.000,-0.0992,0.289
kp15 run1.txt,12,-15.0,-1,226.000,-0.0996,0.284
kp15 run1.txt,12,-15.0,-1,227.000,-0.0985,0.3
kp15 run1.txt,12,-15.0,-1,228.000,-0.0926,0.388
kp15 run1.txt,12,-15.0,-1,229.000,-0.0737,0.672
kp15 run1.txt,12,-15.0,-1,230.000,-0.0963,0.333
kp15 run1.txt,12,-15.0,-1,231.000,-0.0985,0.3
kp15 run1.txt,12,-15.0,-1,232.000,-0.0977,0.311
kp15 run1.txt,12,-15.0,-1,233.000,-0.105,-0.334
kp15 run1.txt,12,-15.0,-1,234.000,-0.1094,-0.4
kp15 run1.txt,12,-15.0,-1,235.000,-0.0992,0.289
kp15 run1.txt,12,-15.0,-1,236.000,-0.0985,0.3
kp15 run1.txt,12,-15.0,-1,237.000,-0.1025,-0.296
kp15 run1.txt,12,-15.0,-1,238.000,-0.0977,0.311
kp15 run1.txt,12,-15.0,-1,239.000,-0.0992,0.289
kp15 run1.txt,12,-15.0,-1,240.000,-0.1014,-0.28
kp15 run1.txt,12,-15.0,-1,241.000,-0.1021,-0.291
kp15 run1.txt,12,-15.0,-1,242.000,-0.1021,-0.291
kp15 run1.txt,12,-15.0,-1,243.000,-0.1021,-0.291
kp15 run1.txt,12,-15.0,-1,244.000,-0.1021,-0.291
kp15 run1.txt,12,-15.0,-1,245.000,-0.1006,-0.269
kp15 run1.txt,12,-15.0,-1,246.000,-0.0992,0.289
kp15 run1.txt,12,-15.0,-1,247.000,-0.0985,0.3
kp15 run1.txt,12,-15.0,-1,248.000,-0.1021,-0.291
kp15 run1.txt,12,-15.0,-1,249.000,-0.105,-0.334
kp15 run1.txt,12,-15.0,-1,250.000,-0.0992,0.289
kp15 run1.txt,12,-15.0,-1,251.000,-0.1021,-0.291
kp15 run1.txt,12,-15.0,-1,252.000,-0.0966,0.327
kp15 run1.txt,12,-15.0,-1,253.000,-0.0926,0.388
kp15 run1.txt,12,-15.0,-1,254.000,-0.1025,-0.296
kp15 run1.txt,12,-15.0,-1,255.000,-0.0992,0.289
kp15 run1.txt,12,-15.0,-1,256.000,-0.1021,-0.291
kp15 run1.txt,12,-15.0,-1,257.000,-0.0934,0.377
kp15 run1.txt,12,-15.0,-1,258.000,-0.1014,-0.28
kp15 run1.txt,12,-15.0,-1,259.000,-0.1021,-0.291
kp15 run1.txt,12,-15.0,-1,260.000,-0.1065,-0.356
kp15 run1.txt,12,-15.0,-1,261.000,-0.1094,-0.4
kp15 run1.txt,12,-15.0,-1,262.000,-0.1006,-0.269
kp15 run1.txt,12,-15.0,-1,263.000,-0.1006,-0.269
kp15 run1.txt,12,-15.0,-1,264.000,-0.1014,-0.28
kp15 run1.txt,12,-15.0,-1,265.000,-0.1006,-0.269
kp15 run1.txt,12,-15.0,-1,266.000,-0.1065,-0.356
kp15 run1.txt,12,-15.0,-1,267.000,-0.0999,0.278
kp15 run1.txt,12,-15.0,-1,268.000,-0.0992,0.289
kp15 run1.txt,12,-15.0,-1,269.000,-0.0992,0.289
kp15 run1.txt,12,-15.0,-1,270.000,-0.1079,-0.378
kp15 run1.txt,12,-15.0,-1,271.000,-0.0996,0.284
kp15 run1.txt,12,-15.0,-1,272.000,-0.0996,0.284
kp15 run1.txt,12,-15.0,-1,273.000,-0.1036,-0.312
kp15 run1.txt,12,-15.0,-1,274.000,-0.1006,-0.269
kp15 run1.txt,12,-15.0,-1,275.000,-0.1065,-0.356
kp15 run1.txt,12,-15.0,-1,276.000,-0.1006,-0.269
kp15 run1.txt,12,-15.0,-1,277.000,-0.1028,-0.302
kp15 run1.txt,12,-15.0,-1,278.000,-0.1021,-0.291
kp15 run1.txt,12,-15.0,-1,279.000,-0.1036,-0.312
kp15 run1.txt,12,-15.0,-1,280.000,-0.0985,0.3
kp15 run1.txt,12,-15.0,-1,281.000,-0.1054,-0.34
kp15 run1.txt,12,-15.0,-1,282.000,-0.1014,-0.28
kp15 run1.txt,12,-15.0,-1,283.000,-0.0992,0.289
kp15 run1.txt,12,-15.0,-1,284.000,-0.1014,-0.28
kp15 run1.txt,12,-15.0,-1,285.000,-0.1014,-0.28
kp15 run1.txt,12,-15.0,-1,286.000,-0.0999,0.278
kp15 run1.txt,12,-15.0,-1,287.000,-0.1006,-0.269
kp15 run1.txt,12,-15.0,-1,288.000,-0.1017,-0.285
kp15 run1.txt,12,-15.0,-1,289.000,-0.1079,-0.378
kp15 run1.txt,12,-15.0,-1,290.000,-0.1028,-0.302
kp15 run1.txt,12,-15.0,-1,291.000,-0.1036,-0.312
kp15 run1.txt,12,-15.0,-1,292.000,-0.0977,0.311
kp15 run1.txt,12,-15.0,-1,293.000,-0.0977,0.311
kp15 run1.txt,12,-15.0,-1,294.000,-0.1043,-0.323
kp15 run1.txt,12,-15.0,-1,295.000,-0.1017,-0.285
kp15 run1.txt,12,-15.0,-1,296.000,-0.0999,0.278
kp15 run1.txt,12,-15.0,-1,297.000,-0.1014,-0.28
kp15 run1.txt,12,-15.0,-1,298.000,-0.1025,-0.296
kp15 run1.txt,12,-15.0,-1,299.000,-0.1028,-0.302
kp15 run1.txt,12,-15.0,-1,300.000,-0.1021,-0.291
kp15 run1.txt,12,-15.0,-1,301.000,-0.0992,0.289
kp15 run1.txt,12,-15.0,-1,302.000,-0.0996,0.284
kp15 run1.txt,12,-15.0,-1,303.000,-0.1036,-0.312
kp15 run1.txt,12,-15.0,-1,304.000,-0.1014,-0.28
kp15 run1.txt,12,-15.0,-1,305.000,-0.1025,-0.296
kp15 run1.txt,12,-15.0,-1,306.000,-0.1021,-0.291
kp15 run1.txt,12,-15.0,-1,307.000,-0.1025,-0.296
kp15 run1.txt,12,-15.0,-1,308.000,-0.1021,-0.291
kp15 run1.txt,12,-15.0,-1,309.000,-0.1025,-0.296
kp15 run1.txt,12,-15.0,-1,310.000,-0.1036,-0.312
kp15 run1.txt,12,-15.0,-1,311.025,-0.0941,0.366
kp15 run1.txt,12,-15.0,-1,312.000,-0.1014,-0.28
kp15 run1.txt,12,-15.0,-1,313.000,-0.1014,-0.28
kp15 run1.txt,12,-15.0,-1,314.000,-0.1014,-0.28
kp15 run1.txt,12,-15.0,-1,315.000,-0.1021,-0.291
kp15 run1.txt,12,-15.0,-1,316.000,-0.0912,0.409
kp15 run1.txt,12,-15.0,-1,317.000,-0.101,-0.274
kp15 run1.txt,12,-15.0,-1,318.000,-0.1138,-0.466
kp15 run1.txt,12,-15.0,-1,319.000,-0.1021,-0.291
kp15 run1.txt,12,-15.0,-1,320.000,-0.1014,-0.28
kp15 run1.txt,12,-15.0,-1,321.000,-0.0999,0.278
kp15 run1.txt,12,-15.0,-1,322.000,-0.1006,-0.269
kp15 run1.txt,12,-15.0,-1,323.000,-0.1036,-0.312
kp15 run1.txt,12,-15.0,-1,324.000,-0.1021,-0.291
kp15 run1.txt,12,-15.0,-1,325.000,-0.0999,0.278
kp15 run1.txt,12,-15.0,-1,326.000,-0.0981,0.306
kp15 run1.txt,12,-15.0,-1,327.000,-0.1028,-0.302
kp15 run1.txt,12,-15.0,-1,328.000,-0.1025,-0.296
kp15 run1.txt,12,-15.0,-1,329.000,-0.1014,-0.28
kp15 run1.txt,12,-15.0,-1,330.000,-0.1021,-0.291
kp15 run1.txt,12,-15.0,-1,331.000,-0.1014,-0.28
kp15 run1.txt,12,-15.0,-1,332.000,-0.1021,-0.291
kp15 run1.txt,12,-15.0,-1,333.000,-0.1006,-0.269
kp15 run1.txt,12,-15.0,-1,334.000,-0.0999,0.278
kp15 run1.txt,12,-15.0,-1,335.000,-0.0985,0.3
kp15 run1.txt,12,-15.0,-1,336.000,-0.1094,-0.4
kp15 run1.txt,12,-15.0,-1,337.000,-0.0963,0.333
kp15 run1.txt,12,-15.0,-1,338.000,-0.0999,0.278
kp15 run1.txt,12,-15.0,-1,339.000,-0.1014,-0.28
kp15 run1.txt,12,-15.0,-1,340.000,-0.0985,0.3
kp15 run1.txt,12,-15.0,-1,341.000,-0.1079,-0.378
kp15 run1.txt,12,-15.0,-1,342.000,-0.1006,-0.269
kp15 run1.txt,12,-15.0,-1,343.000,-0.0999,0.278
kp15 run1.txt,12,-15.0,-1,344.000,-0.0963,0.333
kp15 run1.txt,12,-15.0,-1,345.000,-0.1021,-0.291
kp15 run1.txt,12,-15.0,-1,346.000,-0.0996,0.284
kp15 run1.txt,12,-15.0,-1,347.000,-0.1025,-0.296
kp15 run1.txt,12,-15.0,-1,348.000,-0.0999,0.278
kp15 run1.txt,12,-15.0,-1,349.000,-0.1014,-0.28
kp15 run1.txt,12,-15.0,-1,350.000,-0.0981,0.306
kp15 run1.txt,12,-15.0,-1,351.000,-0.1036,-0.312
kp15 run1.txt,12,-15.0,-1,352.000,-0.1006,-0.269
kp15 run1.txt,12,-15.0,-1,353.000,-0.0988,0.295
kp15 run1.txt,12,-15.0,-1,354.000,-0.0992,0.289
kp15 run1.txt,12,-15.0,-1,355.000,-0.0974,0.317
kp15 run1.txt,12,-15.0,-1,356.000,-0.1036,-0.312
kp15 run1.txt,12,-15.0,-1,357.000,-0.1087,-0.389
kp15 run1.txt,12,-15.0,-1,358.000,-0.1014,-0.28
kp15 run1.txt,12,-15.0,-1,359.000,-0.0977,0.311
kp15 run1.txt,12,-15.0,-1,360.000,-0.1014,-0.28
kp15 run1.txt,12,-15.0,-1,361.000,-0.1006,-0.269
kp15 run1.txt,12,-15.0,-1,362.000,-0.1006,-0.269
kp15 run1.txt,12,-15.0,-1,363.000,-0.101,-0.274
kp15 run1.txt,12,-15.0,-1,364.000,-0.1218,-0.586
kp15 run1.txt,12,-15.0,-1,365.000,-0.0996,0.284
kp15 run1.txt,12,-15.0,-1,366.000,-0.0996,0.284
kp15 run1.txt,12,-15.0,-1,367.000,-0.1014,-0.28
kp15 run1.txt,12,-15.0,-1,368.000,-0.0955,0.344
kp15 run1.txt,12,-15.0,-1,369.000,-0.1021,-0.291
kp15 run1.txt,12,-15.0,-1,370.000,-0.0999,0.278
kp15 run1.txt,12,-15.0,-1,371.000,-0.1014,-0.28
kp15 run1.txt,12,-15.0,-1,372.000,-0.0977,0.311
kp15 run1.txt,12,-15.0,-1,373.000,-0.1021,-0.291
kp15 run1.txt,12,-15.0,-1,374.000,-0.1014,-0.28
kp15 run1.txt,12,-15.0,-1,375.000,-0.0999,0.278
kp15 run1.txt,12,-15.0,-1,376.000,-0.1014,-0.28
kp15 run1.txt,12,-15.0,-1,377.000,-0.1058,-0.345
kp15 run1.txt,12,-15.0,-1,378.000,-0.1014,-0.28
kp15 run1.txt,12,-15.0,-1,379.000,-0.0999,0.278
kp15 run1.txt,12,-15.0,-1,380.000,-0.1006,-0.269
kp15 run1.txt,12,-15.0,-1,381.000,-0.0996,0.284
kp15 run1.txt,12,-15.0,-1,382.000,-0.1006,-0.269
kp15 run1.txt,12,-15.0,-1,383.000,-0.0948,0.355
kp15 run1.txt,12,-15.0,-1,384.000,-0.0926,0.388
kp15 run1.txt,12,-15.0,-1,385.000,-0.0985,0.3
kp15 run1.txt,12,-15.0,-1,386.000,-0.1028,-0.302
kp15 run1.txt,12,-15.0,-1,387.000,-0.0908,0.415
kp15 run1.txt,12,-15.0,-1,388.000,-0.1014,-0.28
kp15 run1.txt,12,-15.0,-1,389.000,-0.1006,-0.269
kp15 run1.txt,12,-15.0,-1,390.000,-0.0985,0.3
kp15 run1.txt,12,-15.0,-1,391.000,-0.0999,0.278
kp15 run1.txt,12,-15.0,-1,392.000,-0.0996,0.284
kp15 run1.txt,12,-15.0,-1,393.000,-0.1021,-0.291
kp15 run1.txt,12,-15.0,-1,394.000,-0.0996,0.284
kp15 run1.txt,12,-15.0,-1,395.000,-0.1068,-0.362
kp15 run1.txt,12,-15.0,-1,396.000,-0.1054,-0.34
kp15 run1.txt,12,-15.0,-1,397.000,-0.0977,0.311
kp15 run1.txt,12,-15.0,-1,398.000,-0.0996,0.284
kp15 run1.txt,12,-15.0,-1,399.000,-0.1043,-0.323
kp15 run1.txt,12,-15.0,-1,400.000,-0.105,-0.334
kp15 run1.txt,12,-15.0,-1,401.000,-0.0985,0.3
kp15 run1.txt,12,-15.0,-1,402.000,-0.0985,0.3
kp15 run1.txt,12,-15.0,-1,403.000,-0.1014,-0.28
kp15 run1.txt,12,-15.0,-1,404.000,-0.1006,-0.269
kp15 run1.txt,12,-15.0,-1,405.000,-0.1021,-0.291
kp15 run1.txt,12,-15.0,-1,406.000,-0.1006,-0.269
kp15 run1.txt,12,-15.0,-1,407.000,-0.0999,0.278
kp15 run1.txt,12,-15.0,-1,408.000,-0.1032,-0.307
kp15 run1.txt,12,-15.0,-1,409.000,-0.0999,0.278
kp15 run1.txt,12,-15.0,-1,410.000,-0.1006,-0.269
kp15 run1.txt,12,-15.0,-1,411.000,-0.1006,-0.269
kp15 run1.txt,12,-15.0,-1,412.000,-0.0999,0.278
kp15 run1.txt,12,-15.0,-1,413.000,-0.1014,-0.28
kp15 run1.txt,12,-15.0,-1,414.000,-0.1021,-0.291
kp15 run1.txt,12,-15.0,-1,415.000,-0.0992,0.289
kp15 run1.txt,12,-15.0,-1,416.000,-0.1036,-0.312
kp15 run1.txt,12,-15.0,-1,417.000,-0.1006,-0.269
kp15 run1.txt,12,-15.0,-1,418.000,-0.0996,0.284
kp15 run1.txt,12,-15.0,-1,419.000,-0.0985,0.3
kp15 run1.txt,12,-15.0,-1,420.000,-0.1028,-0.302
kp15 run1.txt,12,-15.0,-1,421.000,-0.1006,-0.269
kp15 run1.txt,12,-15.0,-1,422.000,-0.1036,-0.312
kp15 run1.txt,12,-15.0,-1,423.000,-0.1014,-0.28
kp15 run1.txt,12,-15.0,-1,424.000,-0.1072,-0.367
kp15 run1.txt,12,-15.0,-1,425.000,-0.0992,0.289
kp15 run1.txt,12,-15.0,-1,426.000,-0.0988,0.295
kp15 run1.txt,12,-15.0,-1,427.000,-0.1072,-0.367
kp15 run1.txt,12,-15.0,-1,428.000,-0.1006,-0.269
kp15 run1.txt,12,-15.0,-1,429.000,-0.1006,-0.269
kp15 run1.txt,12,-15.0,-1,430.000,-0.1043,-0.323
kp15 run1.txt,12,-15.0,-1,431.000,-0.0992,0.289
kp15 run1.txt,12,-15.0,-1,432.000,-0.1006,-0.269
kp15 run1.txt,12,-15.0,-1,433.000,-0.1006,-0.269
kp15 run1.txt,12,-15.0,-1,434.000,-0.1006,-0.269
kp15 run1.txt,12,-15.0,-1,435.000,-0.1006,-0.269
kp15 run1.txt,12,-15.0,-1,436.000,-0.0926,0.388
kp15 run1.txt,12,-15.0,-1,437.000,-0.1014,-0.28
kp15 run1.txt,12,-15.0,-1,438.000,-0.1014,-0.28
kp15 run1.txt,12,-15.0,-1,439.000,-0.0999,0.278
kp15 run1.txt,12,-15.0,-1,440.000,-0.1014,-0.28
kp15 run1.txt,12,-15.0,-1,441.000,-0.1109,-0.422
kp15 run1.txt,12,-15.0,-1,442.000,-0.0999,0.278
kp15 run1.txt,12,-15.0,-1,443.000,-0.101,-0.274
kp15 run1.txt,12,-15.0,-1,444.000,-0.0974,0.317
kp15 run1.txt,12,-15.0,-1,445.000,-0.101,-0.274
kp15 run1.txt,12,-15.0,-1,446.000,-0.0788,0.595
kp15 run1.txt,12,-15.0,-1,447.000,-0.0992,0.289
kp15 run1.txt,12,-15.0,-1,448.000,-0.0985,0.3
kp15 run1.txt,12,-15.0,-1,449.000,-0.0999,0.278
kp15 run1.txt,12,-15.0,-1,450.000,-0.0992,0.289
kp15 run1.txt,12,-15.0,-1,451.000,-0.1014,-0.28
kp15 run1.txt,12,-15.0,-1,452.000,-0.1003,-0.263
kp15 run1.txt,12,-15.0,-1,453.000,-0.0788,0.595
kp15 run1.txt,12,-15.0,-1,454.000,-0.0963,0.333
kp15 run1.txt,12,-15.0,-1,455.000,-0.0963,0.333
kp15 run1.txt,12,-15.0,-1,456.000,-0.0985,0.3
kp15 run1.txt,12,-15.0,-1,457.000,-0.0999,0.278
kp15 run1.txt,12,-15.0,-1,458.000,-0.1014,-0.28
kp15 run1.txt,12,-15.0,-1,459.000,-0.097,0.322
kp15 run1.txt,12,-15.0,-1,460.000,-0.1025,-0.296
kp15 run1.txt,12,-15.0,-1,461.000,-0.1006,-0.269
kp15 run1.txt,12,-15.0,-1,462.000,-0.1028,-0.302
kp15 run1.txt,12,-15.0,-1,463.000,-0.0985,0.3
kp15 run1.txt,12,-15.0,-1,464.000,-0.0999,0.278
kp15 run1.txt,12,-15.0,-1,465.000,-0.113,-0.455
kp15 run1.txt,12,-15.0,-1,466.000,-0.1028,-0.302
kp15 run1.txt,12,-15.0,-1,467.000,-0.0977,0.311
kp15 run1.txt,12,-15.0,-1,468.000,-0.0985,0.3
kp15 run1.txt,12,-15.0,-1,469.000,-0.0762,0.634
kp15 run1.txt,12,-15.0,-1,470.000,-0.0996,0.284
kp15 run1.txt,12,-15.0,-1,471.000,-0.1043,-0.323
kp15 run1.txt,12,-15.0,-1,472.000,-0.0977,0.311
kp15 run1.txt,12,-15.0,-1,473.000,-0.1014,-0.28
kp15 run1.txt,12,-15.0,-1,474.000,-0.0999,0.278
kp15 run1.txt,12,-15.0,-1,475.000,-0.1014,-0.28
kp15 run1.txt,12,-15.0,-1,476.000,-0.0992,0.289
kp15 run1.txt,12,-15.0,-1,477.000,-0.1006,-0.269
kp15 run1.txt,12,-15.0,-1,478.000,-0.0955,0.344
kp15 run1.txt,12,-15.0,-1,479.000,-0.0996,0.284
kp15 run1.txt,12,-15.0,-1,480.000,-0.0934,0.377
kp15 run1.txt,12,-15.0,-1,481.000,-0.0996,0.284
kp15 run1.txt,12,-15.0,-1,482.000,-0.0996,0.284
kp15 run1.txt,12,-15.0,-1,483.000,-0.0992,0.289
kp15 run1.txt,12,-15.0,-1,484.000,-0.1028,-0.302
kp15 run1.txt,12,-15.0,-1,485.000,-0.0999,0.278
kp15 run1.txt,12,-15.0,-1,486.000,-0.1014,-0.28
kp15 run1.txt,12,-15.0,-1,487.000,-0.1006,-0.269
kp15 run1.txt,12,-15.0,-1,488.000,-0.1014,-0.28
kp15 run1.txt,12,-15.0,-1,489.000,-0.1006,-0.269
kp15 run1.txt,12,-15.0,-1,490.000,-0.0985,0.3
kp15 run1.txt,12,-15.0,-1,491.000,-0.1014,-0.28
kp15 run1.txt,12,-15.0,-1,492.000,-0.1021,-0.291
kp15 run1.txt,12,-15.0,-1,493.000,-0.1014,-0.28
kp15 run1.txt,12,-15.0,-1,494.000,-0.0992,0.289
kp15 run1.txt,12,-15.0,-1,495.000,-0.1014,-0.28
kp15 run1.txt,12,-15.0,-1,496.000,-0.1014,-0.28
kp15 run1.txt,12,-15.0,-1,497.000,-0.0926,0.388
kp15 run1.txt,12,-15.0,-1,498.000,-0.0985,0.3
kp15 run1.txt,12,-15.0,-1,499.000,-0.1006,-0.269
kp15 run1.txt,12,-15.0,-1,500.000,-0.0977,0.311
kp15 run1.txt,12,-15.0,-1,501.000,-0.0912,0.409
kp15 run1.txt,12,-15.0,-1,502.000,-0.1043,-0.323
kp15 run1.txt,12,-15.0,-1,503.000,-0.1006,-0.269
kp15 run1.txt,12,-15.0,-1,504.000,-0.0999,0.278
kp15 run1.txt,12,-15.0,-1,505.000,-0.1028,-0.302
kp15 run1.txt,12,-15.0,-1,506.000,-0.0999,0.278
kp15 run1.txt,12,-15.0,-1,507.000,-0.0999,0.278
kp15 run1.txt,12,-15.0,-1,508.000,-0.1006,-0.269
kp15 run1.txt,12,-15.0,-1,509.000,-0.0919,0.399
kp15 run1.txt,12,-15.0,-1,510.000,-0.0999,0.278
kp15 run1.txt,12,-15.0,-1,511.000,-0.0955,0.344
kp15 run1.txt,12,-15.0,-1,512.000,-0.0996,0.284
kp15 run1.txt,12,-15.0,-1,513.000,-0.1014,-0.28
kp15 run1.txt,12,-15.0,-1,514.000,-0.1014,-0.28
kp15 run1.txt,12,-15.0,-1,515.000,-0.0992,0.289
kp15 run1.txt,12,-15.0,-1,516.000,-0.0985,0.3
kp15 run1.txt,12,-15.0,-1,517.000,-0.1101,-0.411
kp15 run1.txt,12,-15.0,-1,518.000,-0.1043,-0.323
kp15 run1.txt,12,-15.0,-1,519.000,-0.0981,0.306
kp15 run1.txt,12,-15.0,-1,520.000,-0.1006,-0.269
kp15 run1.txt,12,-15.0,-1,521.000,-0.0999,0.278
kp15 run1.txt,12,-15.0,-1,522.000,-0.0883,0.453
kp15 run1.txt,12,-15.0,-1,523.000,-0.1014,-0.28
kp15 run1.txt,12,-15.0,-1,524.000,-0.1021,-0.291
kp15 run1.txt,12,-15.0,-1,525.000,-0.0948,0.355
kp15 run1.txt,12,-15.0,-1,526.000,-0.1058,-0.345
kp15 run1.txt,12,-15.0,-1,527.000,-0.1028,-0.302
kp15 run1.txt,12,-15.0,-1,528.000,-0.1014,-0.28
kp15 run1.txt,12,-15.0,-1,529.000,-0.1017,-0.285
kp15 run1.txt,12,-15.0,-1,530.000,-0.1021,-0.291
kp15 run1.txt,12,-15.0,-1,531.000,-0.105,-0.334
kp15 run1.txt,12,-15.0,-1,532.000,-0.1101,-0.411
kp15 run1.txt,12,-15.0,-1,533.000,-0.1036,-0.312
kp15 run1.txt,12,-15.0,-1,534.000,-0.0992,0.289
kp15 run1.txt,12,-15.0,-1,535.000,-0.1006,-0.269
kp15 run1.txt,12,-15.0,-1,536.000,-0.1021,-0.291
kp15 run1.txt,12,-15.0,-1,537.000,-0.0904,0.42
kp15 run1.txt,12,-15.0,-1,538.000,-0.0948,0.355
kp15 run1.txt,12,-15.0,-1,539.000,-0.1028,-0.302
kp15 run1.txt,12,-15.0,-1,540.000,-0.1014,-0.28
kp15 run1.txt,12,-15.0,-1,541.000,-0.1006,-0.269
kp15 run1.txt,12,-15.0,-1,542.000,-0.0985,0.3
kp15 run1.txt,12,-15.0,-1,543.000,-0.1014,-0.28
kp15 run1.txt,12,-15.0,-1,544.000,-0.1014,-0.28
kp15 run1.txt,12,-15.0,-1,545.000,-0.1006,-0.269
kp15 run1.txt,12,-15.0,-1,546.000,-0.1021,-0.291
kp15 run1.txt,12,-15.0,-1,547.000,-0.0992,0.289
kp15 run1.txt,12,-15.0,-1,548.000,-0.0955,0.344
kp15 run1.txt,12,-15.0,-1,549.000,-0.0985,0.3
kp15 run1.txt,12,-15.0,-1,550.000,-0.1006,-0.269
kp15 run1.txt,12,-15.0,-1,551.000,-0.0992,0.289
kp15 run1.txt,12,-15.0,-1,552.000,-0.0934,0.377
kp15 run1.txt,12,-15.0,-1,553.000,-0.1014,-0.28
kp15 run1.txt,12,-15.0,-1,554.000,-0.0985,0.3
kp15 run1.txt,12,-15.0,-1,555.000,-0.0992,0.289
kp15 run1.txt,12,-15.0,-1,556.000,-0.1006,-0.269
kp15 run1.txt,12,-15.0,-1,557.000,-0.1006,-0.269
kp15 run1.txt,12,-15.0,-1,558.000,-0.1083,-0.384
kp15 run1.txt,12,-15.0,-1,559.000,-0.1014,-0.28
kp15 run1.txt,12,-15.0,-1,560.000,-0.1006,-0.269
kp15 run1.txt,12,-15.0,-1,561.000,-0.1006,-0.269
kp15 run1.txt,12,-15.0,-1,562.000,-0.1006,-0.269
kp15 run1.txt,12,-15.0,-1,563.000,-0.1006,-0.269
kp15 run1.txt,12,-15.0,-1,564.000,-0.0999,0.278
kp15 run1.txt,12,-15.0,-1,565.000,-0.0948,0.355
kp15 run1.txt,12,-15.0,-1,566.000,-0.0992,0.289
kp15 run1.txt,12,-15.0,-1,567.000,-0.0985,0.3
kp15 run1.txt,12,-15.0,-1,568.000,-0.0963,0.333
kp15 run1.txt,12,-15.0,-1,569.000,-0.1025,-0.296
kp15 run1.txt,12,-15.0,-1,570.000,-0.1014,-0.28
kp15 run1.txt,12,-15.0,-1,571.000,-0.0985,0.3
kp15 run1.txt,12,-15.0,-1,572.000,-0.1036,-0.312
kp15 run1.txt,12,-15.0,-1,573.000,-0.1021,-0.291
kp15 run1.txt,12,-15.0,-1,574.000,-0.0992,0.289
kp15 run1.txt,12,-15.0,-1,575.000,-0.1006,-0.269
kp15 run1.txt,12,-15.0,-1,576.000,-0.0985,0.3
kp15 run1.txt,12,-15.0,-1,577.000,-0.1006,-0.269
kp15 run1.txt,12,-15.0,-1,578.000,-0.101,-0.274
kp15 run1.txt,12,-15.0,-1,579.000,-0.0999,0.278
kp15 run1.txt,12,-15.0,-1,580.000,-0.0996,0.284
kp15 run1.txt,12,-15.0,-1,581.000,-0.0948,0.355
kp15 run1.txt,12,-15.0,-1,582.000,-0.1006,-0.269
kp15 run1.txt,12,-15.0,-1,583.000,-0.0996,0.284
kp15 run1.txt,12,-15.0,-1,584.000,-0.1021,-0.291
kp15 run1.txt,12,-15.0,-1,585.000,-0.0999,0.278
kp15 run1.txt,12,-15.0,-1,586.000,-0.1032,-0.307
kp15 run1.txt,12,-15.0,-1,587.000,-0.0963,0.333
kp15 run1.txt,12,-15.0,-1,588.000,-0.1032,-0.307
kp15 run1.txt,12,-15.0,-1,589.000,-0.0963,0.333
kp15 run1.txt,12,-15.0,-1,590.000,-0.0996,0.284
kp15 run1.txt,12,-15.0,-1,591.000,-0.1014,-0.28
kp15 run1.txt,12,-15.0,-1,592.000,-0.1006,-0.269
kp15 run1.txt,12,-15.0,-1,593.000,-0.0955,0.344
kp15 run1.txt,12,-15.0,-1,594.000,-0.1025,-0.296
kp15 run1.txt,12,-15.0,-1,595.000,-0.1036,-0.312
kp15 run1.txt,12,-15.0,-1,596.000,-0.0999,0.278
kp15 run1.txt,12,-15.0,-1,597.000,-0.1006,-0.269
kp15 run1.txt,12,-15.0,-1,598.000,-0.1006,-0.269
kp15 run1.txt,12,-15.0,-1,599.000,-0.1014,-0.28
kp15 run1.txt,13,-15.0,-1,0.000,0.0987,3.258
kp15 run1.txt,13,-15.0,-1,1.000,0.0998,3.275
kp15 run1.txt,13,-15.0,-1,2.000,0.1108,3.439
kp15 run1.txt,13,-15.0,-1,3.000,0.1436,3.931
kp15 run1.txt,13,-15.0,-1,4.000,0.102,3.307
kp15 run1.txt,13,-15.0,-1,5.000,0.113,3.471
kp15 run1.txt,13,-15.0,-1,6.000,0.1108,3.439
kp15 run1.txt,13,-15.0,-1,7.000,0.1418,3.903
kp15 run1.txt,13,-15.0,-1,8.000,0.0958,3.214
kp15 run1.txt,13,-15.0,-1,9.000,0.0998,3.275
kp15 run1.txt,13,-15.0,-1,10.000,0.102,3.307
kp15 run1.txt,13,-15.0,-1,11.000,0.0984,3.253
kp15 run1.txt,13,-15.0,-1,12.000,0.0951,3.203
kp15 run1.txt,13,-15.0,-1,13.000,0.0925,3.165
kp15 run1.txt,13,-15.0,-1,14.000,0.0882,3.1
kp15 run1.txt,13,-15.0,-1,15.000,0.0743,2.892
kp15 run1.txt,13,-15.0,-1,16.000,0.0794,2.968
kp15 run1.txt,13,-15.0,-1,17.000,0.078,2.947
kp15 run1.txt,13,-15.0,-1,18.000,0.0754,2.908
kp15 run1.txt,13,-15.0,-1,19.000,0.0638,2.733
kp15 run1.txt,13,-15.0,-1,20.000,0.0663,2.772
kp15 run1.txt,13,-15.0,-1,21.000,0.0627,2.717
kp15 run1.txt,13,-15.0,-1,22.000,0.0612,2.695
kp15 run1.txt,13,-15.0,-1,23.000,0.0597,2.673
kp15 run1.txt,13,-15.0,-1,24.000,0.055,2.602
kp15 run1.txt,13,-15.0,-1,25.000,0.051,2.542
kp15 run1.txt,13,-15.0,-1,26.000,0.0473,2.487
kp15 run1.txt,13,-15.0,-1,27.000,0.0455,2.46
kp15 run1.txt,13,-15.0,-1,28.000,0.0444,2.443
kp15 run1.txt,13,-15.0,-1,29.000,0.0368,2.329
kp15 run1.txt,13,-15.0,-1,30.000,0.0408,2.389
kp15 run1.txt,13,-15.0,-1,31.000,0.032,2.258
kp15 run1.txt,13,-15.0,-1,32.000,0.0262,2.17
kp15 run1.txt,13,-15.0,-1,33.000,0.0211,2.094
kp15 run1.txt,13,-15.0,-1,34.000,0.0189,2.061
kp15 run1.txt,13,-15.0,-1,35.000,0.016,2.017
kp15 run1.txt,13,-15.0,-1,36.000,0.0134,1.979
kp15 run1.txt,13,-15.0,-1,37.000,0.0102,1.929
kp15 run1.txt,13,-15.0,-1,38.000,0.0083,1.902
kp15 run1.txt,13,-15.0,-1,39.000,0.0051,1.853
kp15 run1.txt,13,-15.0,-1,40.000,0.0007,1.787
kp15 run1.txt,13,-15.0,-1,41.000,-0.003,1.733
kp15 run1.txt,13,-15.0,-1,42.000,-0.0059,1.689
kp15 run1.txt,13,-15.0,-1,43.000,-0.0081,1.656
kp15 run1.txt,13,-15.0,-1,44.000,-0.0132,1.58
kp15 run1.txt,13,-15.0,-1,45.000,-0.0139,1.569
kp15 run1.txt,13,-15.0,-1,46.000,-0.0175,1.514
kp15 run1.txt,13,-15.0,-1,47.000,-0.0212,1.459
kp15 run1.txt,13,-15.0,-1,48.000,-0.0263,1.383
kp15 run1.txt,13,-15.0,-1,49.000,-0.0274,1.366
kp15 run1.txt,13,-15.0,-1,50.000,-0.0321,1.295
kp15 run1.txt,13,-15.0,-1,51.000,-0.0208,1.465
kp15 run1.txt,13,-15.0,-1,52.000,-0.0314,1.306
kp15 run1.txt,13,-15.0,-1,53.000,-0.0387,1.197
kp15 run1.txt,13,-15.0,-1,54.000,-0.046,1.087
kp15 run1.txt,13,-15.0,-1,55.000,-0.0467,1.077
kp15 run1.txt,13,-15.0,-1,56.000,-0.046,1.087
kp15 run1.txt,13,-15.0,-1,57.000,-0.046,1.087
kp15 run1.txt,13,-15.0,-1,58.000,-0.0554,0.945
kp15 run1.txt,13,-15.0,-1,59.000,-0.0576,0.912
kp15 run1.txt,13,-15.0,-1,60.000,-0.0609,0.863
kp15 run1.txt,13,-15.0,-1,61.000,-0.0646,0.809
kp15 run1.txt,13,-15.0,-1,62.000,-0.0657,0.792
kp15 run1.txt,13,-15.0,-1,63.000,-0.07,0.727
kp15 run1.txt,13,-15.0,-1,64.000,-0.0711,0.71
kp15 run1.txt,13,-15.0,-1,65.000,-0.0722,0.694
kp15 run1.txt,13,-15.0,-1,66.000,-0.078,0.606
kp15 run1.txt,13,-15.0,-1,67.000,-0.0773,0.617
kp15 run1.txt,13,-15.0,-1,68.000,-0.0795,0.584
kp15 run1.txt,13,-15.0,-1,69.000,-0.0817,0.552
kp15 run1.txt,13,-15.0,-1,70.000,-0.0839,0.519
kp15 run1.txt,13,-15.0,-1,71.000,-0.0846,0.508
kp15 run1.txt,13,-15.0,-1,72.000,-0.0861,0.486
kp15 run1.txt,13,-15.0,-1,73.000,-0.0821,0.546
kp15 run1.txt,13,-15.0,-1,74.000,-0.0908,0.415
kp15 run1.txt,13,-15.0,-1,75.000,-0.0934,0.377
kp15 run1.txt,13,-15.0,-1,76.000,-0.0941,0.366
kp15 run1.txt,13,-15.0,-1,77.000,-0.0974,0.317
kp15 run1.txt,13,-15.0,-1,78.000,-0.0948,0.355
kp15 run1.txt,13,-15.0,-1,79.000,-0.0985,0.3
kp15 run1.txt,13,-15.0,-1,80.000,-0.1014,-0.28
kp15 run1.txt,13,-15.0,-1,81.000,-0.1014,-0.28
kp15 run1.txt,13,-15.0,-1,82.000,-0.1021,-0.291
kp15 run1.txt,13,-15.0,-1,83.000,-0.097,0.322
kp15 run1.txt,13,-15.0,-1,84.000,-0.1054,-0.34
kp15 run1.txt,13,-15.0,-1,85.000,-0.1079,-0.378
kp15 run1.txt,13,-15.0,-1,86.000,-0.1087,-0.389
kp15 run1.txt,13,-15.0,-1,87.000,-0.1094,-0.4
kp15 run1.txt,13,-15.0,-1,88.000,-0.1112,-0.427
kp15 run1.txt,13,-15.0,-1,89.000,-0.1094,-0.4
kp15 run1.txt,13,-15.0,-1,90.000,-0.1083,-0.384
kp15 run1.txt,13,-15.0,-1,91.000,-0.1123,-0.444
kp15 run1.txt,13,-15.0,-1,92.000,-0.1101,-0.411
kp15 run1.txt,13,-15.0,-1,93.000,-0.113,-0.455
kp15 run1.txt,13,-15.0,-1,94.000,-0.113,-0.455
kp15 run1.txt,13,-15.0,-1,95.000,-0.1138,-0.466
kp15 run1.txt,13,-15.0,-1,96.000,-0.1145,-0.476
kp15 run1.txt,13,-15.0,-1,97.000,-0.1145,-0.476
kp15 run1.txt,13,-15.0,-1,98.000,-0.128,-0.679
kp15 run1.txt,13,-15.0,-1,99.000,-0.1101,-0.411
kp15 run1.txt,13,-15.0,-1,100.000,-0.1152,-0.487
kp15 run1.txt,13,-15.0,-1,101.000,-0.116,-0.498
kp15 run1.txt,13,-15.0,-1,102.000,-0.1189,-0.542
kp15 run1.txt,13,-15.0,-1,103.000,-0.1247,-0.63
kp15 run1.txt,13,-15.0,-1,104.000,-0.1141,-0.471
kp15 run1.txt,13,-15.0,-1,105.000,-0.1152,-0.487
kp15 run1.txt,13,-15.0,-1,106.000,-0.116,-0.498
kp15 run1.txt,13,-15.0,-1,107.000,-0.116,-0.498
kp15 run1.txt,13,-15.0,-1,108.000,-0.1181,-0.531
kp15 run1.txt,13,-15.0,-1,109.000,-0.12,-0.558
kp15 run1.txt,13,-15.0,-1,110.000,-0.1196,-0.553
kp15 run1.txt,13,-15.0,-1,111.000,-0.1145,-0.476
kp15 run1.txt,13,-15.0,-1,112.000,-0.113,-0.455
kp15 run1.txt,13,-15.0,-1,113.000,-0.1138,-0.466
kp15 run1.txt,13,-15.0,-1,114.000,-0.1072,-0.367
kp15 run1.txt,13,-15.0,-1,115.000,-0.1386,-0.837
kp15 run1.txt,13,-15.0,-1,116.000,-0.1171,-0.515
kp15 run1.txt,13,-15.0,-1,117.000,-0.1189,-0.542
kp15 run1.txt,13,-15.0,-1,118.000,-0.116,-0.498
kp15 run1.txt,13,-15.0,-1,119.000,-0.1145,-0.476
kp15 run1.txt,13,-15.0,-1,120.000,-0.1167,-0.509
kp15 run1.txt,13,-15.0,-1,121.000,-0.1101,-0.411
kp15 run1.txt,13,-15.0,-1,122.000,-0.116,-0.498
kp15 run1.txt,13,-15.0,-1,123.000,-0.113,-0.455
kp15 run1.txt,13,-15.0,-1,124.000,-0.1145,-0.476
kp15 run1.txt,13,-15.0,-1,125.000,-0.1141,-0.471
kp15 run1.txt,13,-15.0,-1,126.000,-0.1141,-0.471
kp15 run1.txt,13,-15.0,-1,127.000,-0.1119,-0.438
kp15 run1.txt,13,-15.0,-1,128.000,-0.1101,-0.411
kp15 run1.txt,13,-15.0,-1,129.000,-0.1072,-0.367
kp15 run1.txt,13,-15.0,-1,130.000,-0.1149,-0.482
kp15 run1.txt,13,-15.0,-1,131.000,-0.1112,-0.427
kp15 run1.txt,13,-15.0,-1,132.000,-0.1123,-0.444
kp15 run1.txt,13,-15.0,-1,133.000,-0.1109,-0.422
kp15 run1.txt,13,-15.0,-1,134.000,-0.1036,-0.312
kp15 run1.txt,13,-15.0,-1,135.000,-0.1036,-0.312
kp15 run1.txt,13,-15.0,-1,136.000,-0.1054,-0.34
kp15 run1.txt,13,-15.0,-1,137.000,-0.1072,-0.367
kp15 run1.txt,13,-15.0,-1,138.000,-0.1079,-0.378
kp15 run1.txt,13,-15.0,-1,139.000,-0.1072,-0.367
kp15 run1.txt,13,-15.0,-1,140.000,-0.1065,-0.356
kp15 run1.txt,13,-15.0,-1,141.000,-0.1054,-0.34
kp15 run1.txt,13,-15.0,-1,142.000,-0.1036,-0.312
kp15 run1.txt,13,-15.0,-1,143.000,-0.1072,-0.367
kp15 run1.txt,13,-15.0,-1,144.000,-0.1054,-0.34
kp15 run1.txt,13,-15.0,-1,145.000,-0.1058,-0.345
kp15 run1.txt,13,-15.0,-1,146.000,-0.1036,-0.312
kp15 run1.txt,13,-15.0,-1,147.000,-0.1036,-0.312
kp15 run1.txt,13,-15.0,-1,148.000,-0.1058,-0.345
kp15 run1.txt,13,-15.0,-1,149.000,-0.1043,-0.323
kp15 run1.txt,13,-15.0,-1,150.000,-0.1025,-0.296
kp15 run1.txt,13,-15.0,-1,151.000,-0.1043,-0.323
kp15 run1.txt,13,-15.0,-1,152.000,-0.1043,-0.323
kp15 run1.txt,13,-15.0,-1,153.000,-0.1043,-0.323
kp15 run1.txt,13,-15.0,-1,154.000,-0.1036,-0.312
kp15 run1.txt,13,-15.0,-1,155.000,-0.1036,-0.312
kp15 run1.txt,13,-15.0,-1,156.000,-0.1006,-0.269
kp15 run1.txt,13,-15.0,-1,157.000,-0.1006,-0.269
kp15 run1.txt,13,-15.0,-1,158.000,-0.0992,0.289
kp15 run1.txt,13,-15.0,-1,159.000,-0.1014,-0.28
kp15 run1.txt,13,-15.0,-1,160.000,-0.1014,-0.28
kp15 run1.txt,13,-15.0,-1,161.000,-0.0985,0.3
kp15 run1.txt,13,-15.0,-1,162.000,-0.0912,0.409
kp15 run1.txt,13,-15.0,-1,163.000,-0.1028,-0.302
kp15 run1.txt,13,-15.0,-1,164.000,-0.0992,0.289
kp15 run1.txt,13,-15.0,-1,165.000,-0.105,-0.334
kp15 run1.txt,13,-15.0,-1,166.000,-0.1003,-0.263
kp15 run1.txt,13,-15.0,-1,167.000,-0.0985,0.3
kp15 run1.txt,13,-15.0,-1,168.000,-0.0992,0.289
kp15 run1.txt,13,-15.0,-1,169.000,-0.0996,0.284
kp15 run1.txt,13,-15.0,-1,170.000,-0.0992,0.289
kp15 run1.txt,13,-15.0,-1,171.000,-0.0853,0.497
kp15 run1.txt,13,-15.0,-1,172.000,-0.0966,0.327
kp15 run1.txt,13,-15.0,-1,173.000,-0.0992,0.289
kp15 run1.txt,13,-15.0,-1,174.000,-0.0985,0.3
kp15 run1.txt,13,-15.0,-1,175.000,-0.0955,0.344
kp15 run1.txt,13,-15.0,-1,176.000,-0.0977,0.311
kp15 run1.txt,13,-15.0,-1,177.000,-0.1036,-0.312
kp15 run1.txt,13,-15.0,-1,178.000,-0.0977,0.311
kp15 run1.txt,13,-15.0,-1,179.000,-0.0977,0.311
kp15 run1.txt,13,-15.0,-1,180.000,-0.0963,0.333
kp15 run1.txt,13,-15.0,-1,181.000,-0.0963,0.333
kp15 run1.txt,13,-15.0,-1,182.000,-0.097,0.322
kp15 run1.txt,13,-15.0,-1,183.000,-0.0966,0.327
kp15 run1.txt,13,-15.0,-1,184.000,-0.0996,0.284
kp15 run1.txt,13,-15.0,-1,185.000,-0.0966,0.327
kp15 run1.txt,13,-15.0,-1,186.000,-0.0985,0.3
kp15 run1.txt,13,-15.0,-1,187.000,-0.1032,-0.307
kp15 run1.txt,13,-15.0,-1,188.000,-0.0992,0.289
kp15 run1.txt,13,-15.0,-1,189.000,-0.0955,0.344
kp15 run1.txt,13,-15.0,-1,190.000,-0.0977,0.311
kp15 run1.txt,13,-15.0,-1,191.000,-0.0977,0.311
kp15 run1.txt,13,-15.0,-1,192.000,-0.0985,0.3
kp15 run1.txt,13,-15.0,-1,193.000,-0.0966,0.327
kp15 run1.txt,13,-15.0,-1,194.000,-0.0977,0.311
kp15 run1.txt,13,-15.0,-1,195.000,-0.0955,0.344
kp15 run1.txt,13,-15.0,-1,196.000,-0.0992,0.289
kp15 run1.txt,13,-15.0,-1,197.000,-0.0977,0.311
kp15 run1.txt,13,-15.0,-1,198.000,-0.0985,0.3
kp15 run1.txt,13,-15.0,-1,199.000,-0.0992,0.289
kp15 run1.txt,13,-15.0,-1,200.000,-0.0966,0.327
kp15 run1.txt,13,-15.0,-1,201.000,-0.0963,0.333
kp15 run1.txt,13,-15.0,-1,202.000,-0.0966,0.327
kp15 run1.txt,13,-15.0,-1,203.000,-0.0985,0.3
kp15 run1.txt,13,-15.0,-1,204.000,-0.1021,-0.291
kp15 run1.txt,13,-15.0,-1,205.000,-0.0977,0.311
kp15 run1.txt,13,-15.0,-1,206.000,-0.0846,0.508
kp15 run1.txt,13,-15.0,-1,207.000,-0.1003,-0.263
kp15 run1.txt,13,-15.0,-1,208.000,-0.0999,0.278
kp15 run1.txt,13,-15.0,-1,209.000,-0.097,0.322
kp15 run1.txt,13,-15.0,-1,210.000,-0.0988,0.295
kp15 run1.txt,13,-15.0,-1,211.000,-0.0977,0.311
kp15 run1.txt,13,-15.0,-1,212.000,-0.0773,0.617
kp15 run1.txt,13,-15.0,-1,213.000,-0.1014,-0.28
kp15 run1.txt,13,-15.0,-1,214.000,-0.0985,0.3
kp15 run1.txt,13,-15.0,-1,215.000,-0.1014,-0.28
kp15 run1.txt,13,-15.0,-1,216.000,-0.0985,0.3
kp15 run1.txt,13,-15.0,-1,217.000,-0.0977,0.311
kp15 run1.txt,13,-15.0,-1,218.000,-0.1006,-0.269
kp15 run1.txt,13,-15.0,-1,219.000,-0.0992,0.289
kp15 run1.txt,13,-15.0,-1,220.000,-0.1014,-0.28
kp15 run1.txt,13,-15.0,-1,221.000,-0.1079,-0.378
kp15 run1.txt,13,-15.0,-1,222.000,-0.0941,0.366
kp15 run1.txt,13,-15.0,-1,223.000,-0.0985,0.3
kp15 run1.txt,13,-15.0,-1,224.000,-0.1014,-0.28
kp15 run1.txt,13,-15.0,-1,225.000,-0.0992,0.289
kp15 run1.txt,13,-15.0,-1,226.000,-0.1006,-0.269
kp15 run1.txt,13,-15.0,-1,227.000,-0.0952,0.349
kp15 run1.txt,13,-15.0,-1,228.000,-0.0996,0.284
kp15 run1.txt,13,-15.0,-1,229.000,-0.0992,0.289
kp15 run1.txt,13,-15.0,-1,230.000,-0.097,0.322
kp15 run1.txt,13,-15.0,-1,231.000,-0.1021,-0.291
kp15 run1.txt,13,-15.0,-1,232.000,-0.0999,0.278
kp15 run1.txt,13,-15.0,-1,233.000,-0.1058,-0.345
kp15 run1.txt,13,-15.0,-1,234.000,-0.1014,-0.28
kp15 run1.txt,13,-15.0,-1,235.000,-0.1021,-0.291
kp15 run1.txt,13,-15.0,-1,236.000,-0.1014,-0.28
kp15 run1.txt,13,-15.0,-1,237.000,-0.1006,-0.269
kp15 run1.txt,13,-15.0,-1,238.000,-0.1021,-0.291
kp15 run1.txt,13,-15.0,-1,239.000,-0.0977,0.311
kp15 run1.txt,13,-15.0,-1,240.000,-0.0999,0.278
kp15 run1.txt,13,-15.0,-1,241.000,-0.1021,-0.291
kp15 run1.txt,13,-15.0,-1,242.000,-0.1014,-0.28
kp15 run1.txt,13,-15.0,-1,243.000,-0.1003,-0.263
kp15 run1.txt,13,-15.0,-1,244.000,-0.1017,-0.285
kp15 run1.txt,13,-15.0,-1,245.000,-0.0999,0.278
kp15 run1.txt,13,-15.0,-1,246.000,-0.1021,-0.291
kp15 run1.txt,13,-15.0,-1,247.000,-0.1014,-0.28
kp15 run1.txt,13,-15.0,-1,248.000,-0.1021,-0.291
kp15 run1.txt,13,-15.0,-1,249.000,-0.1014,-0.28
kp15 run1.txt,13,-15.0,-1,250.000,-0.1006,-0.269
kp15 run1.txt,13,-15.0,-1,251.000,-0.0977,0.311
kp15 run1.txt,13,-15.0,-1,252.000,-0.1006,-0.269
kp15 run1.txt,13,-15.0,-1,253.000,-0.1014,-0.28
kp15 run1.txt,13,-15.0,-1,254.000,-0.0985,0.3
kp15 run1.txt,13,-15.0,-1,255.000,-0.1025,-0.296
kp15 run1.txt,13,-15.0,-1,256.000,-0.1021,-0.291
kp15 run1.txt,13,-15.0,-1,257.000,-0.0992,0.289
kp15 run1.txt,13,-15.0,-1,258.000,-0.0992,0.289
kp15 run1.txt,13,-15.0,-1,259.000,-0.1021,-0.291
kp15 run1.txt,13,-15.0,-1,260.000,-0.1006,-0.269
kp15 run1.txt,13,-15.0,-1,261.000,-0.1014,-0.28
kp15 run1.txt,13,-15.0,-1,262.000,-0.1014,-0.28
kp15 run1.txt,13,-15.0,-1,263.000,-0.0999,0.278
kp15 run1.txt,13,-15.0,-1,264.000,-0.1003,-0.263
kp15 run1.txt,13,-15.0,-1,265.000,-0.1028,-0.302
kp15 run1.txt,13,-15.0,-1,266.000,-0.101,-0.274
kp15 run1.txt,13,-15.0,-1,267.000,-0.1021,-0.291
kp15 run1.txt,13,-15.0,-1,268.000,-0.1036,-0.312
kp15 run1.txt,13,-15.0,-1,269.000,-0.1014,-0.28
kp15 run1.txt,13,-15.0,-1,270.000,-0.0999,0.278
kp15 run1.txt,13,-15.0,-1,271.000,-0.1036,-0.312
kp15 run1.txt,13,-15.0,-1,272.000,-0.1189,-0.542
kp15 run1.txt,13,-15.0,-1,273.000,-0.0992,0.289
kp15 run1.txt,13,-15.0,-1,274.000,-0.1014,-0.28
kp15 run1.txt,13,-15.0,-1,275.000,-0.0934,0.377
kp15 run1.txt,13,-15.0,-1,276.000,-0.0966,0.327
kp15 run1.txt,13,-15.0,-1,277.000,-0.1043,-0.323
kp15 run1.txt,13,-15.0,-1,278.000,-0.1006,-0.269
kp15 run1.txt,13,-15.0,-1,279.000,-0.1021,-0.291
kp15 run1.txt,13,-15.0,-1,280.000,-0.1043,-0.323
kp15 run1.txt,13,-15.0,-1,281.000,-0.1021,-0.291
kp15 run1.txt,13,-15.0,-1,282.000,-0.1025,-0.296
kp15 run1.txt,13,-15.0,-1,283.000,-0.1021,-0.291
kp15 run1.txt,13,-15.0,-1,284.000,-0.1006,-0.269
kp15 run1.txt,13,-15.0,-1,285.000,-0.0912,0.409
kp15 run1.txt,13,-15.0,-1,286.000,-0.1006,-0.269
kp15 run1.txt,13,-15.0,-1,287.000,-0.1021,-0.291
kp15 run1.txt,13,-15.0,-1,288.000,-0.1036,-0.312
kp15 run1.txt,13,-15.0,-1,289.000,-0.1006,-0.269
kp15 run1.txt,13,-15.0,-1,290.000,-0.1003,-0.263
kp15 run1.txt,13,-15.0,-1,291.000,-0.1087,-0.389
kp15 run1.txt,13,-15.0,-1,292.000,-0.1014,-0.28
kp15 run1.txt,13,-15.0,-1,293.000,-0.0992,0.289
kp15 run1.txt,13,-15.0,-1,294.000,-0.1014,-0.28
kp15 run1.txt,13,-15.0,-1,295.000,-0.0992,0.289
kp15 run1.txt,13,-15.0,-1,296.000,-0.0992,0.289
kp15 run1.txt,13,-15.0,-1,297.000,-0.1014,-0.28
kp15 run1.txt,13,-15.0,-1,298.000,-0.1014,-0.28
kp15 run1.txt,13,-15.0,-1,299.000,-0.0977,0.311
kp15 run1.txt,13,-15.0,-1,300.000,-0.1006,-0.269
kp15 run1.txt,13,-15.0,-1,301.000,-0.1014,-0.28
kp15 run1.txt,13,-15.0,-1,302.000,-0.0992,0.289
kp15 run1.txt,13,-15.0,-1,303.000,-0.1021,-0.291
kp15 run1.txt,13,-15.0,-1,304.000,-0.1014,-0.28
kp15 run1.txt,13,-15.0,-1,305.000,-0.1021,-0.291
kp15 run1.txt,13,-15.0,-1,306.000,-0.1054,-0.34
kp15 run1.txt,13,-15.0,-1,307.000,-0.1014,-0.28
kp15 run1.txt,13,-15.0,-1,308.000,-0.0999,0.278
kp15 run1.txt,13,-15.0,-1,309.000,-0.0992,0.289
kp15 run1.txt,13,-15.0,-1,310.000,-0.1054,-0.34
kp15 run1.txt,13,-15.0,-1,311.000,-0.0999,0.278
kp15 run1.txt,13,-15.0,-1,312.000,-0.1036,-0.312
kp15 run1.txt,13,-15.0,-1,313.000,-0.1014,-0.28
kp15 run1.txt,13,-15.0,-1,314.000,-0.1043,-0.323
kp15 run1.txt,13,-15.0,-1,315.000,-0.1006,-0.269
kp15 run1.txt,13,-15.0,-1,316.000,-0.1021,-0.291
kp15 run1.txt,13,-15.0,-1,317.000,-0.1014,-0.28
kp15 run1.txt,13,-15.0,-1,318.000,-0.0992,0.289
kp15 run1.txt,13,-15.0,-1,319.000,-0.1006,-0.269
kp15 run1.txt,13,-15.0,-1,320.000,-0.1014,-0.28
kp15 run1.txt,13,-15.0,-1,321.000,-0.0926,0.388
kp15 run1.txt,13,-15.0,-1,322.000,-0.0941,0.366
kp15 run1.txt,13,-15.0,-1,323.000,-0.0977,0.311
kp15 run1.txt,13,-15.0,-1,324.000,-0.1017,-0.285
kp15 run1.txt,13,-15.0,-1,325.000,-0.1021,-0.291
kp15 run1.txt,13,-15.0,-1,326.000,-0.1006,-0.269
kp15 run1.txt,13,-15.0,-1,327.000,-0.1021,-0.291
kp15 run1.txt,13,-15.0,-1,328.000,-0.0999,0.278
kp15 run1.txt,13,-15.0,-1,329.000,-0.0999,0.278
kp15 run1.txt,13,-15.0,-1,330.000,-0.1043,-0.323
kp15 run1.txt,13,-15.0,-1,331.000,-0.1043,-0.323
kp15 run1.txt,13,-15.0,-1,332.000,-0.0985,0.3
kp15 run1.txt,13,-15.0,-1,333.000,-0.1028,-0.302
kp15 run1.txt,13,-15.0,-1,334.000,-0.1014,-0.28
kp15 run1.txt,13,-15.0,-1,335.000,-0.1014,-0.28
kp15 run1.txt,13,-15.0,-1,336.000,-0.1006,-0.269
kp15 run1.txt,13,-15.0,-1,337.000,-0.1006,-0.269
kp15 run1.txt,13,-15.0,-1,338.000,-0.1014,-0.28
kp15 run1.txt,13,-15.0,-1,339.000,-0.1065,-0.356
kp15 run1.txt,13,-15.0,-1,340.000,-0.1036,-0.312
kp15 run1.txt,13,-15.0,-1,341.000,-0.0996,0.284
kp15 run1.txt,13,-15.0,-1,342.000,-0.1014,-0.28
kp15 run1.txt,13,-15.0,-1,343.000,-0.1006,-0.269
kp15 run1.txt,13,-15.0,-1,344.000,-0.1014,-0.28
kp15 run1.txt,13,-15.0,-1,345.025,-0.1068,-0.362
kp15 run1.txt,13,-15.0,-1,346.000,-0.0992,0.289
kp15 run1.txt,13,-15.0,-1,347.000,-0.1006,-0.269
kp15 run1.txt,13,-15.0,-1,348.000,-0.1014,-0.28
kp15 run1.txt,13,-15.0,-1,349.000,-0.1014,-0.28
kp15 run1.txt,13,-15.0,-1,350.000,-0.1028,-0.302
kp15 run1.txt,13,-15.0,-1,351.000,-0.1003,-0.263
kp15 run1.txt,13,-15.0,-1,352.000,-0.0904,0.42
kp15 run1.txt,13,-15.0,-1,353.000,-0.1028,-0.302
kp15 run1.txt,13,-15.0,-1,354.000,-0.1021,-0.291
kp15 run1.txt,13,-15.0,-1,355.000,-0.1014,-0.28
kp15 run1.txt,13,-15.0,-1,356.000,-0.1021,-0.291
kp15 run1.txt,13,-15.0,-1,357.000,-0.1006,-0.269
kp15 run1.txt,13,-15.0,-1,358.000,-0.1047,-0.329
kp15 run1.txt,13,-15.0,-1,359.000,-0.0996,0.284
kp15 run1.txt,13,-15.0,-1,360.000,-0.0999,0.278
kp15 run1.txt,13,-15.0,-1,361.000,-0.0974,0.317
kp15 run1.txt,13,-15.0,-1,362.000,-0.0999,0.278
kp15 run1.txt,13,-15.0,-1,363.000,-0.0999,0.278
kp15 run1.txt,13,-15.0,-1,364.000,-0.0966,0.327
kp15 run1.txt,13,-15.0,-1,365.000,-0.0996,0.284
kp15 run1.txt,13,-15.0,-1,366.000,-0.097,0.322
kp15 run1.txt,13,-15.0,-1,367.000,-0.1006,-0.269
kp15 run1.txt,13,-15.0,-1,368.000,-0.1043,-0.323
kp15 run1.txt,13,-15.0,-1,369.000,-0.1021,-0.291
kp15 run1.txt,13,-15.0,-1,370.000,-0.1058,-0.345
kp15 run1.txt,13,-15.0,-1,371.000,-0.1014,-0.28
kp15 run1.txt,13,-15.0,-1,372.000,-0.0996,0.284
kp15 run1.txt,13,-15.0,-1,373.000,-0.1014,-0.28
kp15 run1.txt,13,-15.0,-1,374.000,-0.0977,0.311
kp15 run1.txt,13,-15.0,-1,375.000,-0.0941,0.366
kp15 run1.txt,13,-15.0,-1,376.000,-0.0996,0.284
kp15 run1.txt,13,-15.0,-1,377.000,-0.0992,0.289
kp15 run1.txt,13,-15.0,-1,378.000,-0.1006,-0.269
kp15 run1.txt,13,-15.0,-1,379.000,-0.0966,0.327
kp15 run1.txt,13,-15.0,-1,380.000,-0.1003,-0.263
kp15 run1.txt,13,-15.0,-1,381.000,-0.0992,0.289
kp15 run1.txt,13,-15.0,-1,382.000,-0.1014,-0.28
kp15 run1.txt,13,-15.0,-1,383.000,-0.1021,-0.291
kp15 run1.txt,13,-15.0,-1,384.000,-0.1021,-0.291
kp15 run1.txt,13,-15.0,-1,385.000,-0.1043,-0.323
kp15 run1.txt,13,-15.0,-1,386.000,-0.0996,0.284
kp15 run1.txt,13,-15.0,-1,387.000,-0.1014,-0.28
kp15 run1.txt,13,-15.0,-1,388.000,-0.1006,-0.269
kp15 run1.txt,13,-15.0,-1,389.000,-0.0985,0.3
kp15 run1.txt,13,-15.0,-1,390.000,-0.0977,0.311
kp15 run1.txt,13,-15.0,-1,391.000,-0.1014,-0.28
kp15 run1.txt,13,-15.0,-1,392.000,-0.0999,0.278
kp15 run1.txt,13,-15.0,-1,393.000,-0.0992,0.289
kp15 run1.txt,13,-15.0,-1,394.000,-0.1036,-0.312
kp15 run1.txt,13,-15.0,-1,395.000,-0.1006,-0.269
kp15 run1.txt,13,-15.0,-1,396.000,-0.0992,0.289
kp15 run1.txt,13,-15.0,-1,397.000,-0.0985,0.3
kp15 run1.txt,13,-15.0,-1,398.000,-0.0985,0.3
kp15 run1.txt,13,-15.0,-1,399.000,-0.1014,-0.28
kp15 run1.txt,13,-15.0,-1,400.000,-0.1014,-0.28
kp15 run1.txt,13,-15.0,-1,401.000,-0.1025,-0.296
kp15 run1.txt,13,-15.0,-1,402.000,-0.1025,-0.296
kp15 run1.txt,13,-15.0,-1,403.000,-0.0985,0.3
kp15 run1.txt,13,-15.0,-1,404.000,-0.1014,-0.28
kp15 run1.txt,13,-15.0,-1,405.000,-0.0966,0.327
kp15 run1.txt,13,-15.0,-1,406.000,-0.1006,-0.269
kp15 run1.txt,13,-15.0,-1,407.000,-0.1014,-0.28
kp15 run1.txt,13,-15.0,-1,408.000,-0.1021,-0.291
kp15 run1.txt,13,-15.0,-1,409.000,-0.0985,0.3
kp15 run1.txt,13,-15.0,-1,410.000,-0.0992,0.289
kp15 run1.txt,13,-15.0,-1,411.000,-0.1036,-0.312
kp15 run1.txt,13,-15.0,-1,412.000,-0.0977,0.311
kp15 run1.txt,13,-15.0,-1,413.000,-0.0992,0.289
kp15 run1.txt,13,-15.0,-1,414.000,-0.1006,-0.269
kp15 run1.txt,13,-15.0,-1,415.000,-0.0977,0.311
kp15 run1.txt,13,-15.0,-1,416.000,-0.0992,0.289
kp15 run1.txt,13,-15.0,-1,417.000,-0.1072,-0.367
kp15 run1.txt,13,-15.0,-1,418.000,-0.1006,-0.269
kp15 run1.txt,13,-15.0,-1,419.000,-0.0999,0.278
kp15 run1.txt,13,-15.0,-1,420.000,-0.105,-0.334
kp15 run1.txt,13,-15.0,-1,421.000,-0.1021,-0.291
kp15 run1.txt,13,-15.0,-1,422.000,-0.1006,-0.269
kp15 run1.txt,13,-15.0,-1,423.000,-0.0955,0.344
kp15 run1.txt,13,-15.0,-1,424.000,-0.0985,0.3
kp15 run1.txt,13,-15.0,-1,425.000,-0.097,0.322
kp15 run1.txt,13,-15.0,-1,426.000,-0.1025,-0.296
kp15 run1.txt,13,-15.0,-1,427.000,-0.1014,-0.28
kp15 run1.txt,13,-15.0,-1,428.000,-0.0992,0.289
kp15 run1.txt,13,-15.0,-1,429.000,-0.089,0.442
kp15 run1.txt,13,-15.0,-1,430.000,-0.1021,-0.291
kp15 run1.txt,13,-15.0,-1,431.000,-0.0999,0.278
kp15 run1.txt,13,-15.0,-1,432.000,-0.1072,-0.367
kp15 run1.txt,13,-15.0,-1,433.000,-0.0999,0.278
kp15 run1.txt,13,-15.0,-1,434.000,-0.0999,0.278
kp15 run1.txt,13,-15.0,-1,435.000,-0.0897,0.431
kp15 run1.txt,13,-15.0,-1,436.000,-0.0992,0.289
kp15 run1.txt,13,-15.0,-1,437.000,-0.0996,0.284
kp15 run1.txt,13,-15.0,-1,438.000,-0.0985,0.3
kp15 run1.txt,13,-15.0,-1,439.000,-0.0999,0.278
kp15 run1.txt,13,-15.0,-1,440.000,-0.0985,0.3
kp15 run1.txt,13,-15.0,-1,441.000,-0.1006,-0.269
kp15 run1.txt,13,-15.0,-1,442.000,-0.101,-0.274
kp15 run1.txt,13,-15.0,-1,443.000,-0.1021,-0.291
kp15 run1.txt,13,-15.0,-1,444.000,-0.0985,0.3
kp15 run1.txt,13,-15.0,-1,445.000,-0.0999,0.278
kp15 run1.txt,13,-15.0,-1,446.000,-0.1025,-0.296
kp15 run1.txt,13,-15.0,-1,447.000,-0.0992,0.289
kp15 run1.txt,13,-15.0,-1,448.000,-0.1014,-0.28
kp15 run1.txt,13,-15.0,-1,449.000,-0.1028,-0.302
kp15 run1.txt,13,-15.0,-1,450.000,-0.1021,-0.291
kp15 run1.txt,13,-15.0,-1,451.000,-0.0981,0.306
kp15 run1.txt,13,-15.0,-1,452.000,-0.1006,-0.269
kp15 run1.txt,13,-15.0,-1,453.000,-0.1021,-0.291
kp15 run1.txt,13,-15.0,-1,454.000,-0.0985,0.3
kp15 run1.txt,13,-15.0,-1,455.000,-0.0963,0.333
kp15 run1.txt,13,-15.0,-1,456.000,-0.1079,-0.378
kp15 run1.txt,13,-15.0,-1,457.000,-0.1036,-0.312
kp15 run1.txt,13,-15.0,-1,458.000,-0.0992,0.289
kp15 run1.txt,13,-15.0,-1,459.000,-0.0992,0.289
kp15 run1.txt,13,-15.0,-1,460.000,-0.1006,-0.269
kp15 run1.txt,13,-15.0,-1,461.000,-0.0992,0.289
kp15 run1.txt,13,-15.0,-1,462.000,-0.1014,-0.28
kp15 run1.txt,13,-15.0,-1,463.000,-0.0999,0.278
kp15 run1.txt,13,-15.0,-1,464.000,-0.1025,-0.296
kp15 run1.txt,13,-15.0,-1,465.000,-0.0966,0.327
kp15 run1.txt,13,-15.0,-1,466.000,-0.1006,-0.269
kp15 run1.txt,13,-15.0,-1,467.000,-0.0955,0.344
kp15 run1.txt,13,-15.0,-1,468.000,-0.1021,-0.291
kp15 run1.txt,13,-15.0,-1,469.000,-0.1006,-0.269
kp15 run1.txt,13,-15.0,-1,470.000,-0.0992,0.289
kp15 run1.txt,13,-15.0,-1,471.000,-0.0996,0.284
kp15 run1.txt,13,-15.0,-1,472.000,-0.0996,0.284
kp15 run1.txt,13,-15.0,-1,473.000,-0.1006,-0.269
kp15 run1.txt,13,-15.0,-1,474.000,-0.0992,0.289
kp15 run1.txt,13,-15.0,-1,475.000,-0.0999,0.278
kp15 run1.txt,13,-15.0,-1,476.000,-0.0999,0.278
kp15 run1.txt,13,-15.0,-1,477.000,-0.1065,-0.356
kp15 run1.txt,13,-15.0,-1,478.000,-0.0904,0.42
kp15 run1.txt,13,-15.0,-1,479.000,-0.0999,0.278
kp15 run1.txt,13,-15.0,-1,480.000,-0.0999,0.278
kp15 run1.txt,13,-15.0,-1,481.000,-0.1014,-0.28
kp15 run1.txt,13,-15.0,-1,482.000,-0.101,-0.274
kp15 run1.txt,13,-15.0,-1,483.000,-0.0999,0.278
kp15 run1.txt,13,-15.0,-1,484.000,-0.105,-0.334
kp15 run1.txt,13,-15.0,-1,485.000,-0.1006,-0.269
kp15 run1.txt,13,-15.0,-1,486.000,-0.1054,-0.34
kp15 run1.txt,13,-15.0,-1,487.000,-0.0999,0.278
kp15 run1.txt,13,-15.0,-1,488.000,-0.1021,-0.291
kp15 run1.txt,13,-15.0,-1,489.000,-0.0996,0.284
kp15 run1.txt,13,-15.0,-1,490.000,-0.0985,0.3
kp15 run1.txt,13,-15.0,-1,491.000,-0.0999,0.278
kp15 run1.txt,13,-15.0,-1,492.000,-0.1014,-0.28
kp15 run1.txt,13,-15.0,-1,493.000,-0.0966,0.327
kp15 run1.txt,13,-15.0,-1,494.000,-0.1043,-0.323
kp15 run1.txt,13,-15.0,-1,495.000,-0.1028,-0.302
kp15 run1.txt,13,-15.0,-1,496.000,-0.0985,0.3
kp15 run1.txt,13,-15.0,-1,497.000,-0.0966,0.327
kp15 run1.txt,13,-15.0,-1,498.000,-0.1006,-0.269
kp15 run1.txt,13,-15.0,-1,499.000,-0.0977,0.311
kp15 run1.txt,13,-15.0,-1,500.000,-0.101,-0.274
kp15 run1.txt,13,-15.0,-1,501.000,-0.0941,0.366
kp15 run1.txt,13,-15.0,-1,502.000,-0.101,-0.274
kp15 run1.txt,13,-15.0,-1,503.000,-0.1006,-0.269
kp15 run1.txt,13,-15.0,-1,504.000,-0.0977,0.311
kp15 run1.txt,13,-15.0,-1,505.000,-0.0759,0.639
kp15 run1.txt,13,-15.0,-1,506.000,-0.0977,0.311
kp15 run1.txt,13,-15.0,-1,507.000,-0.1101,-0.411
kp15 run1.txt,13,-15.0,-1,508.000,-0.0992,0.289
kp15 run1.txt,13,-15.0,-1,509.000,-0.0988,0.295
kp15 run1.txt,13,-15.0,-1,510.000,-0.0985,0.3
kp15 run1.txt,13,-15.0,-1,511.000,-0.0985,0.3
kp15 run1.txt,13,-15.0,-1,512.000,-0.0934,0.377
kp15 run1.txt,13,-15.0,-1,513.000,-0.0992,0.289
kp15 run1.txt,13,-15.0,-1,514.000,-0.1006,-0.269
kp15 run1.txt,13,-15.0,-1,515.000,-0.0996,0.284
kp15 run1.txt,13,-15.0,-1,516.000,-0.0999,0.278
kp15 run1.txt,13,-15.0,-1,517.000,-0.0985,0.3
kp15 run1.txt,13,-15.0,-1,518.000,-0.0992,0.289
kp15 run1.txt,13,-15.0,-1,519.000,-0.1014,-0.28
kp15 run1.txt,13,-15.0,-1,520.000,-0.1014,-0.28
kp15 run1.txt,13,-15.0,-1,521.000,-0.0992,0.289
kp15 run1.txt,13,-15.0,-1,522.000,-0.0963,0.333
kp15 run1.txt,13,-15.0,-1,523.000,-0.1006,-0.269
kp15 run1.txt,13,-15.0,-1,524.000,-0.0992,0.289
kp15 run1.txt,13,-15.0,-1,525.000,-0.0974,0.317
kp15 run1.txt,13,-15.0,-1,526.000,-0.1003,-0.263
kp15 run1.txt,13,-15.0,-1,527.000,-0.1014,-0.28
kp15 run1.txt,13,-15.0,-1,528.000,-0.1014,-0.28
kp15 run1.txt,13,-15.0,-1,529.000,-0.1006,-0.269
kp15 run1.txt,13,-15.0,-1,530.000,-0.1014,-0.28
kp15 run1.txt,13,-15.0,-1,531.000,-0.0977,0.311
kp15 run1.txt,13,-15.0,-1,532.000,-0.1006,-0.269
kp15 run1.txt,13,-15.0,-1,533.000,-0.0985,0.3
kp15 run1.txt,13,-15.0,-1,534.000,-0.0992,0.289
kp15 run1.txt,13,-15.0,-1,535.000,-0.0992,0.289
kp15 run1.txt,13,-15.0,-1,536.000,-0.1006,-0.269
kp15 run1.txt,13,-15.0,-1,537.000,-0.0996,0.284
kp15 run1.txt,13,-15.0,-1,538.000,-0.1006,-0.269
kp15 run1.txt,13,-15.0,-1,539.000,-0.1014,-0.28
kp15 run1.txt,13,-15.0,-1,540.000,-0.0999,0.278
kp15 run1.txt,13,-15.0,-1,541.000,-0.1014,-0.28
kp15 run1.txt,13,-15.0,-1,542.000,-0.1043,-0.323
kp15 run1.txt,13,-15.0,-1,543.000,-0.1043,-0.323
kp15 run1.txt,13,-15.0,-1,544.000,-0.0926,0.388
kp15 run1.txt,13,-15.0,-1,545.000,-0.1021,-0.291
kp15 run1.txt,13,-15.0,-1,546.000,-0.1006,-0.269
kp15 run1.txt,13,-15.0,-1,547.000,-0.1014,-0.28
kp15 run1.txt,13,-15.0,-1,548.000,-0.1014,-0.28
kp15 run1.txt,13,-15.0,-1,549.000,-0.0897,0.431
kp15 run1.txt,13,-15.0,-1,550.000,-0.0992,0.289
kp15 run1.txt,13,-15.0,-1,551.000,-0.1006,-0.269
kp15 run1.txt,13,-15.0,-1,552.000,-0.0919,0.399
kp15 run1.txt,13,-15.0,-1,553.000,-0.1025,-0.296
kp15 run1.txt,13,-15.0,-1,554.000,-0.0996,0.284
kp15 run1.txt,13,-15.0,-1,555.000,-0.0996,0.284
kp15 run1.txt,13,-15.0,-1,556.000,-0.1021,-0.291
kp15 run1.txt,13,-15.0,-1,557.000,-0.1014,-0.28
kp15 run1.txt,13,-15.0,-1,558.000,-0.0996,0.284
kp15 run1.txt,13,-15.0,-1,559.000,-0.0988,0.295
kp15 run1.txt,13,-15.0,-1,560.000,-0.0999,0.278
kp15 run1.txt,13,-15.0,-1,561.000,-0.0985,0.3
kp15 run1.txt,13,-15.0,-1,562.000,-0.0992,0.289
kp15 run1.txt,13,-15.0,-1,563.000,-0.1006,-0.269
kp15 run1.txt,13,-15.0,-1,564.000,-0.1006,-0.269
kp15 run1.txt,13,-15.0,-1,565.000,-0.1006,-0.269
kp15 run1.txt,13,-15.0,-1,566.000,-0.1006,-0.269
kp15 run1.txt,13,-15.0,-1,567.000,-0.1065,-0.356
kp15 run1.txt,13,-15.0,-1,568.000,-0.1006,-0.269
kp15 run1.txt,13,-15.0,-1,569.000,-0.1014,-0.28
kp15 run1.txt,13,-15.0,-1,570.000,-0.1006,-0.269
kp15 run1.txt,13,-15.0,-1,571.000,-0.0977,0.311
kp15 run1.txt,13,-15.0,-1,572.000,-0.0963,0.333
kp15 run1.txt,13,-15.0,-1,573.000,-0.0955,0.344
kp15 run1.txt,13,-15.0,-1,574.000,-0.1006,-0.269
kp15 run1.txt,13,-15.0,-1,575.000,-0.1006,-0.269
kp15 run1.txt,13,-15.0,-1,576.000,-0.0963,0.333
kp15 run1.txt,13,-15.0,-1,577.000,-0.0992,0.289
kp15 run1.txt,13,-15.0,-1,578.000,-0.105,-0.334
kp15 run1.txt,13,-15.0,-1,579.000,-0.0934,0.377
kp15 run1.txt,13,-15.0,-1,580.000,-0.0992,0.289
kp15 run1.txt,13,-15.0,-1,581.000,-0.1017,-0.285
kp15 run1.txt,13,-15.0,-1,582.000,-0.0996,0.284
kp15 run1.txt,13,-15.0,-1,583.000,-0.1014,-0.28
kp15 run1.txt,13,-15.0,-1,584.000,-0.0999,0.278
kp15 run1.txt,13,-15.0,-1,585.000,-0.0988,0.295
kp15 run1.txt,13,-15.0,-1,586.000,-0.0988,0.295
kp15 run1.txt,13,-15.0,-1,587.000,-0.1006,-0.269
kp15 run1.txt,13,-15.0,-1,588.000,-0.0999,0.278
kp15 run1.txt,13,-15.0,-1,589.000,-0.0966,0.327
kp15 run1.txt,13,-15.0,-1,590.000,-0.0963,0.333
kp15 run1.txt,13,-15.0,-1,591.000,-0.1028,-0.302
kp15 run1.txt,13,-15.0,-1,592.000,-0.1036,-0.312
kp15 run1.txt,13,-15.0,-1,593.000,-0.1006,-0.269
kp15 run1.txt,13,-15.0,-1,594.000,-0.0985,0.3
kp15 run1.txt,13,-15.0,-1,595.000,-0.0963,0.333
kp15 run1.txt,13,-15.0,-1,596.000,-0.0996,0.284
kp15 run1.txt,13,-15.0,-1,597.000,-0.1006,-0.269
kp15 run1.txt,13,-15.0,-1,598.000,-0.0996,0.284
kp15 run1.txt,13,-15.0,-1,599.000,-0.1014,-0.28
kp15 run1.txt,14,-15.0,1,0.000,-0.1017,-3.285
kp15 run1.txt,14,-15.0,1,1.000,-0.0926,-3.148
kp15 run1.txt,14,-15.0,1,2.000,-0.0963,-3.203
kp15 run1.txt,14,-15.0,1,3.000,-0.0948,-3.181
kp15 run1.txt,14,-15.0,1,4.000,-0.0955,-3.192
kp15 run1.txt,14,-15.0,1,5.000,-0.0955,-3.192
kp15 run1.txt,14,-15.0,1,6.000,-0.0955,-3.192
kp15 run1.txt,14,-15.0,1,7.000,-0.0926,-3.148
kp15 run1.txt,14,-15.0,1,8.000,-0.0904,-3.116
kp15 run1.txt,14,-15.0,1,9.000,-0.0919,-3.137
kp15 run1.txt,14,-15.0,1,10.000,-0.0897,-3.105
kp15 run1.txt,14,-15.0,1,11.000,-0.0904,-3.116
kp15 run1.txt,14,-15.0,1,12.000,-0.0868,-3.061
kp15 run1.txt,14,-15.0,1,13.000,-0.0868,-3.061
kp15 run1.txt,14,-15.0,1,14.000,-0.0821,-2.99
kp15 run1.txt,14,-15.0,1,15.000,-0.0839,-3.017
kp15 run1.txt,14,-15.0,1,16.000,-0.0802,-2.963
kp15 run1.txt,14,-15.0,1,17.000,-0.0744,-2.875
kp15 run1.txt,14,-15.0,1,18.000,-0.0751,-2.886
kp15 run1.txt,14,-15.0,1,19.000,-0.0715,-2.831
kp15 run1.txt,14,-15.0,1,20.000,-0.0693,-2.798
kp15 run1.txt,14,-15.0,1,21.000,-0.0635,-2.711
kp15 run1.txt,14,-15.0,1,22.000,-0.0598,-2.656
kp15 run1.txt,14,-15.0,1,23.000,-0.0606,-2.667
kp15 run1.txt,14,-15.0,1,24.000,-0.0598,-2.656
kp15 run1.txt,14,-15.0,1,25.000,-0.0547,-2.58
kp15 run1.txt,14,-15.0,1,26.000,-0.05,-2.509
kp15 run1.txt,14,-15.0,1,27.000,-0.0525,-2.547
kp15 run1.txt,14,-15.0,1,28.000,-0.0401,-2.361
kp15 run1.txt,14,-15.0,1,29.000,-0.0434,-2.41
kp15 run1.txt,14,-15.0,1,30.000,-0.0394,-2.35
kp15 run1.txt,14,-15.0,1,31.000,-0.0343,-2.274
kp15 run1.txt,14,-15.0,1,32.000,-0.0343,-2.274
kp15 run1.txt,14,-15.0,1,33.000,-0.0285,-2.186
kp15 run1.txt,14,-15.0,1,34.000,-0.0256,-2.142
kp15 run1.txt,14,-15.0,1,35.000,-0.0234,-2.11
kp15 run1.txt,14,-15.0,1,36.000,-0.019,-2.044
kp15 run1.txt,14,-15.0,1,37.000,-0.0153,-1.989
kp15 run1.txt,14,-15.0,1,38.000,-0.0146,-1.978
kp15 run1.txt,14,-15.0,1,39.000,-0.0081,-1.88
kp15 run1.txt,14,-15.0,1,40.000,-0.0073,-1.869
kp15 run1.txt,14,-15.0,1,41.000,-0.0015,-1.781
kp15 run1.txt,14,-15.0,1,42.000,0.0007,-1.749
kp15 run1.txt,14,-15.0,1,43.000,0.0036,-1.705
kp15 run1.txt,14,-15.0,1,44.000,0.0058,-1.672
kp15 run1.txt,14,-15.0,1,45.000,0.0113,-1.59
kp15 run1.txt,14,-15.0,1,46.000,0.0171,-1.503
kp15 run1.txt,14,-15.0,1,47.000,0.0193,-1.47
kp15 run1.txt,14,-15.0,1,48.000,0.02,-1.459
kp15 run1.txt,14,-15.0,1,49.000,0.0317,-1.284
kp15 run1.txt,14,-15.0,1,50.000,0.0247,-1.388
kp15 run1.txt,14,-15.0,1,51.000,0.0277,-1.344
kp15 run1.txt,14,-15.0,1,52.000,0.0299,-1.311
kp15 run1.txt,14,-15.0,1,53.000,0.0364,-1.213
kp15 run1.txt,14,-15.0,1,54.000,0.0371,-1.202
kp15 run1.txt,14,-15.0,1,55.000,0.0364,-1.213
kp15 run1.txt,14,-15.0,1,56.000,0.0422,-1.125
kp15 run1.txt,14,-15.0,1,57.000,0.0488,-1.027
kp15 run1.txt,14,-15.0,1,58.000,0.051,-0.994
kp15 run1.txt,14,-15.0,1,59.000,0.055,-0.934
kp15 run1.txt,14,-15.0,1,60.000,0.0532,-0.961
kp15 run1.txt,14,-15.0,1,61.000,0.059,-0.874
kp15 run1.txt,14,-15.0,1,62.000,0.0554,-0.928
kp15 run1.txt,14,-15.0,1,63.000,0.0597,-0.863
kp15 run1.txt,14,-15.0,1,64.000,0.0641,-0.797
kp15 run1.txt,14,-15.0,1,65.000,0.0532,-0.961
kp15 run1.txt,14,-15.0,1,66.000,0.0685,-0.732
kp15 run1.txt,14,-15.0,1,67.000,0.0714,-0.688
kp15 run1.txt,14,-15.0,1,68.000,0.0721,-0.677
kp15 run1.txt,14,-15.0,1,69.000,0.0802,-0.557
kp15 run1.txt,14,-15.0,1,70.000,0.0765,-0.611
kp15 run1.txt,14,-15.0,1,71.000,0.0794,-0.568
kp15 run1.txt,14,-15.0,1,72.000,0.0809,-0.546
kp15 run1.txt,14,-15.0,1,73.000,0.0816,-0.535
kp15 run1.txt,14,-15.0,1,74.000,0.0874,-0.447
kp15 run1.txt,14,-15.0,1,75.000,0.0845,-0.491
kp15 run1.txt,14,-15.0,1,76.000,0.0882,-0.436
kp15 run1.txt,14,-15.0,1,77.000,0.0904,-0.404
kp15 run1.txt,14,-15.0,1,78.000,0.0969,-0.305
kp15 run1.txt,14,-15.0,1,79.000,0.0933,-0.36
kp15 run1.txt,14,-15.0,1,80.000,0.0969,-0.305
kp15 run1.txt,14,-15.0,1,81.000,0.0907,-0.398
kp15 run1.txt,14,-15.0,1,82.000,0.0969,-0.305
kp15 run1.txt,14,-15.0,1,83.000,0.0995,-0.267
kp15 run1.txt,14,-15.0,1,84.000,0.1006,0.286
kp15 run1.txt,14,-15.0,1,85.000,0.1038,0.335
kp15 run1.txt,14,-15.0,1,86.000,0.0962,-0.316
kp15 run1.txt,14,-15.0,1,87.000,0.1035,0.329
kp15 run1.txt,14,-15.0,1,88.000,0.1006,0.286
kp15 run1.txt,14,-15.0,1,89.000,0.1071,0.384
kp15 run1.txt,14,-15.0,1,90.000,0.1079,0.395
kp15 run1.txt,14,-15.0,1,91.000,0.1319,0.756
kp15 run1.txt,14,-15.0,1,92.000,0.1075,0.389
kp15 run1.txt,14,-15.0,1,93.000,0.1086,0.406
kp15 run1.txt,14,-15.0,1,94.000,0.1115,0.45
kp15 run1.txt,14,-15.0,1,95.000,0.1108,0.439
kp15 run1.txt,14,-15.0,1,96.000,0.1108,0.439
kp15 run1.txt,14,-15.0,1,97.000,0.1071,0.384
kp15 run1.txt,14,-15.0,1,98.000,0.1093,0.417
kp15 run1.txt,14,-15.0,1,99.000,0.1046,0.346
kp15 run1.txt,14,-15.0,1,100.000,0.1115,0.45
kp15 run1.txt,14,-15.0,1,101.000,0.1115,0.45
kp15 run1.txt,14,-15.0,1,102.000,0.1141,0.488
kp15 run1.txt,14,-15.0,1,103.000,0.1115,0.45
kp15 run1.txt,14,-15.0,1,104.000,0.1133,0.477
kp15 run1.txt,14,-15.0,1,105.000,0.1115,0.45
kp15 run1.txt,14,-15.0,1,106.000,0.1071,0.384
kp15 run1.txt,14,-15.0,1,107.000,0.1122,0.46
kp15 run1.txt,14,-15.0,1,108.000,0.1111,0.444
kp15 run1.txt,14,-15.0,1,109.000,0.1133,0.477
kp15 run1.txt,14,-15.0,1,110.000,0.1104,0.433
kp15 run1.txt,14,-15.0,1,111.000,0.1108,0.439
kp15 run1.txt,14,-15.0,1,112.000,0.1115,0.45
kp15 run1.txt,14,-15.0,1,113.000,0.1122,0.46
kp15 run1.txt,14,-15.0,1,114.000,0.1093,0.417
kp15 run1.txt,14,-15.0,1,115.000,0.11,0.428
kp15 run1.txt,14,-15.0,1,116.000,0.1104,0.433
kp15 run1.txt,14,-15.0,1,117.000,0.113,0.471
kp15 run1.txt,14,-15.0,1,118.000,0.1122,0.46
kp15 run1.txt,14,-15.0,1,119.000,0.1232,0.625
kp15 run1.txt,14,-15.0,1,120.000,0.1137,0.482
kp15 run1.txt,14,-15.0,1,121.000,0.1137,0.482
kp15 run1.txt,14,-15.0,1,122.000,0.1013,0.296
kp15 run1.txt,14,-15.0,1,123.000,0.1133,0.477
kp15 run1.txt,14,-15.0,1,124.000,0.1108,0.439
kp15 run1.txt,14,-15.0,1,125.000,0.1181,0.548
kp15 run1.txt,14,-15.0,1,126.000,0.1108,0.439
kp15 run1.txt,14,-15.0,1,127.000,0.1108,0.439
kp15 run1.txt,14,-15.0,1,128.000,0.1064,0.373
kp15 run1.txt,14,-15.0,1,129.000,0.1108,0.439
kp15 run1.txt,14,-15.0,1,130.000,0.11,0.428
kp15 run1.txt,14,-15.0,1,131.000,0.1108,0.439
kp15 run1.txt,14,-15.0,1,132.000,0.1079,0.395
kp15 run1.txt,14,-15.0,1,133.000,0.1086,0.406
kp15 run1.txt,14,-15.0,1,134.000,0.1086,0.406
kp15 run1.txt,14,-15.0,1,135.000,0.0998,-0.261
kp15 run1.txt,14,-15.0,1,136.000,0.1042,0.34
kp15 run1.txt,14,-15.0,1,137.000,0.1057,0.362
kp15 run1.txt,14,-15.0,1,138.000,0.1075,0.389
kp15 run1.txt,14,-15.0,1,139.000,0.0998,-0.261
kp15 run1.txt,14,-15.0,1,140.000,0.1115,0.45
kp15 run1.txt,14,-15.0,1,141.000,0.1057,0.362
kp15 run1.txt,14,-15.0,1,142.000,0.1042,0.34
kp15 run1.txt,14,-15.0,1,143.000,0.1057,0.362
kp15 run1.txt,14,-15.0,1,144.000,0.1049,0.351
kp15 run1.txt,14,-15.0,1,145.000,0.1042,0.34
kp15 run1.txt,14,-15.0,1,146.000,0.1086,0.406
kp15 run1.txt,14,-15.0,1,147.000,0.1071,0.384
kp15 run1.txt,14,-15.0,1,148.000,0.1009,0.291
kp15 run1.txt,14,-15.0,1,149.000,0.1046,0.346
kp15 run1.txt,14,-15.0,1,150.000,0.1031,0.324
kp15 run1.txt,14,-15.0,1,151.000,0.1013,0.296
kp15 run1.txt,14,-15.0,1,152.000,0.0998,-0.261
kp15 run1.txt,14,-15.0,1,153.000,0.1017,0.302
kp15 run1.txt,14,-15.0,1,154.000,0.1013,0.296
kp15 run1.txt,14,-15.0,1,155.000,0.1013,0.296
kp15 run1.txt,14,-15.0,1,156.000,0.0977,-0.294
kp15 run1.txt,14,-15.0,1,157.000,0.1013,0.296
kp15 run1.txt,14,-15.0,1,158.000,0.1006,0.286
kp15 run1.txt,14,-15.0,1,159.000,0.1006,0.286
kp15 run1.txt,14,-15.0,1,160.000,0.1038,0.335
kp15 run1.txt,14,-15.0,1,161.000,0.0991,-0.272
kp15 run1.txt,14,-15.0,1,162.000,0.1028,0.318
kp15 run1.txt,14,-15.0,1,163.000,0.0922,-0.376
kp15 run1.txt,14,-15.0,1,164.000,0.0998,-0.261
kp15 run1.txt,14,-15.0,1,165.000,0.0984,-0.283
kp15 run1.txt,14,-15.0,1,166.000,0.0984,-0.283
kp15 run1.txt,14,-15.0,1,167.000,0.0984,-0.283
kp15 run1.txt,14,-15.0,1,168.000,0.0998,-0.261
kp15 run1.txt,14,-15.0,1,169.000,0.0962,-0.316
kp15 run1.txt,14,-15.0,1,170.000,0.0977,-0.294
kp15 run1.txt,14,-15.0,1,171.000,0.0889,-0.425
kp15 run1.txt,14,-15.0,1,172.000,0.0969,-0.305
kp15 run1.txt,14,-15.0,1,173.000,0.0969,-0.305
kp15 run1.txt,14,-15.0,1,174.000,0.0977,-0.294
kp15 run1.txt,14,-15.0,1,175.000,0.0987,-0.278
kp15 run1.txt,14,-15.0,1,176.000,0.0998,-0.261
kp15 run1.txt,14,-15.0,1,177.000,0.098,-0.289
kp15 run1.txt,14,-15.0,1,178.000,0.0991,-0.272
kp15 run1.txt,14,-15.0,1,179.000,0.0998,-0.261
kp15 run1.txt,14,-15.0,1,180.000,0.0998,-0.261
kp15 run1.txt,14,-15.0,1,181.000,0.1028,0.318
kp15 run1.txt,14,-15.0,1,182.000,0.0889,-0.425
kp15 run1.txt,14,-15.0,1,183.000,0.0977,-0.294
kp15 run1.txt,14,-15.0,1,184.000,0.0984,-0.283
kp15 run1.txt,14,-15.0,1,185.000,0.0991,-0.272
kp15 run1.txt,14,-15.0,1,186.000,0.0966,-0.311
kp15 run1.txt,14,-15.0,1,187.000,0.0729,-0.666
kp15 run1.txt,14,-15.0,1,188.000,0.0977,-0.294
kp15 run1.txt,14,-15.0,1,189.000,0.0984,-0.283
kp15 run1.txt,14,-15.0,1,190.000,0.0969,-0.305
kp15 run1.txt,14,-15.0,1,191.000,0.0977,-0.294
kp15 run1.txt,14,-15.0,1,192.000,0.0977,-0.294
kp15 run1.txt,14,-15.0,1,193.000,0.0991,-0.272
kp15 run1.txt,14,-15.0,1,194.000,0.0977,-0.294
kp15 run1.txt,14,-15.0,1,195.000,0.0991,-0.272
kp15 run1.txt,14,-15.0,1,196.000,0.1028,0.318
kp15 run1.txt,14,-15.0,1,197.000,0.0969,-0.305
kp15 run1.txt,14,-15.0,1,198.000,0.1028,0.318
kp15 run1.txt,14,-15.0,1,199.000,0.0991,-0.272
kp15 run1.txt,14,-15.0,1,200.000,0.102,0.307
kp15 run1.txt,14,-15.0,1,201.000,0.094,-0.349
kp15 run1.txt,14,-15.0,1,202.000,0.0977,-0.294
kp15 run1.txt,14,-15.0,1,203.000,0.1006,0.286
kp15 run1.txt,14,-15.0,1,204.000,0.0962,-0.316
kp15 run1.txt,14,-15.0,1,205.000,0.0995,-0.267
kp15 run1.txt,14,-15.0,1,206.000,0.0998,-0.261
kp15 run1.txt,14,-15.0,1,207.000,0.1017,0.302
kp15 run1.txt,14,-15.0,1,208.000,0.0991,-0.272
kp15 run1.txt,14,-15.0,1,209.000,0.0962,-0.316
kp15 run1.txt,14,-15.0,1,210.000,0.0987,-0.278
kp15 run1.txt,14,-15.0,1,211.000,0.1006,0.286
kp15 run1.txt,14,-15.0,1,212.000,0.0998,-0.261
kp15 run1.txt,14,-15.0,1,213.000,0.1009,0.291
kp15 run1.txt,14,-15.0,1,214.000,0.0951,-0.333
kp15 run1.txt,14,-15.0,1,215.000,0.1017,0.302
kp15 run1.txt,14,-15.0,1,216.000,0.1006,0.286
kp15 run1.txt,14,-15.0,1,217.000,0.0991,-0.272
kp15 run1.txt,14,-15.0,1,218.000,0.0802,-0.557
kp15 run1.txt,14,-15.0,1,219.000,0.0874,-0.447
kp15 run1.txt,14,-15.0,1,220.000,0.1017,0.302
kp15 run1.txt,14,-15.0,1,221.000,0.1006,0.286
kp15 run1.txt,14,-15.0,1,222.000,0.0998,-0.261
kp15 run1.txt,14,-15.0,1,223.000,0.1006,0.286
kp15 run1.txt,14,-15.0,1,224.000,0.1013,0.296
kp15 run1.txt,14,-15.0,1,225.000,0.0991,-0.272
kp15 run1.txt,14,-15.0,1,226.000,0.0998,-0.261
kp15 run1.txt,14,-15.0,1,227.000,0.1035,0.329
kp15 run1.txt,14,-15.0,1,228.000,0.1006,0.286
kp15 run1.txt,14,-15.0,1,229.000,0.0991,-0.272
kp15 run1.txt,14,-15.0,1,230.000,0.102,0.307
kp15 run1.txt,14,-15.0,1,231.000,0.1013,0.296
kp15 run1.txt,14,-15.0,1,232.000,0.1031,0.324
kp15 run1.txt,14,-15.0,1,233.000,0.1079,0.395
kp15 run1.txt,14,-15.0,1,234.000,0.0998,-0.261
kp15 run1.txt,14,-15.0,1,235.000,0.1006,0.286
kp15 run1.txt,14,-15.0,1,236.000,0.1013,0.296
kp15 run1.txt,14,-15.0,1,237.000,0.1006,0.286
kp15 run1.txt,14,-15.0,1,238.000,0.1028,0.318
kp15 run1.txt,14,-15.0,1,239.000,0.0991,-0.272
kp15 run1.txt,14,-15.0,1,240.000,0.1009,0.291
kp15 run1.txt,14,-15.0,1,241.000,0.1017,0.302
kp15 run1.txt,14,-15.0,1,242.000,0.0998,-0.261
kp15 run1.txt,14,-15.0,1,243.000,0.1013,0.296
kp15 run1.txt,14,-15.0,1,244.000,0.0998,-0.261
kp15 run1.txt,14,-15.0,1,245.000,0.1071,0.384
kp15 run1.txt,14,-15.0,1,246.000,0.0984,-0.283
kp15 run1.txt,14,-15.0,1,247.000,0.0969,-0.305
kp15 run1.txt,14,-15.0,1,248.000,0.1002,0.28
kp15 run1.txt,14,-15.0,1,249.000,0.1086,0.406
kp15 run1.txt,14,-15.0,1,250.000,0.1049,0.351
kp15 run1.txt,14,-15.0,1,251.000,0.1115,0.45
kp15 run1.txt,14,-15.0,1,252.000,0.0977,-0.294
kp15 run1.txt,14,-15.0,1,253.000,0.1013,0.296
kp15 run1.txt,14,-15.0,1,254.000,0.0987,-0.278
kp15 run1.txt,14,-15.0,1,255.000,0.1013,0.296
kp15 run1.txt,14,-15.0,1,256.000,0.0998,-0.261
kp15 run1.txt,14,-15.0,1,257.000,0.1017,0.302
kp15 run1.txt,14,-15.0,1,258.000,0.0984,-0.283
kp15 run1.txt,14,-15.0,1,259.000,0.1009,0.291
kp15 run1.txt,14,-15.0,1,260.000,0.102,0.307
kp15 run1.txt,14,-15.0,1,261.000,0.1028,0.318
kp15 run1.txt,14,-15.0,1,262.000,0.0991,-0.272
kp15 run1.txt,14,-15.0,1,263.000,0.1006,0.286
kp15 run1.txt,14,-15.0,1,264.000,0.1006,0.286
kp15 run1.txt,14,-15.0,1,265.000,0.102,0.307
kp15 run1.txt,14,-15.0,1,266.000,0.1009,0.291
kp15 run1.txt,14,-15.0,1,267.000,0.0991,-0.272
kp15 run1.txt,14,-15.0,1,268.000,0.0977,-0.294
kp15 run1.txt,14,-15.0,1,269.000,0.1049,0.351
kp15 run1.txt,14,-15.0,1,270.000,0.1017,0.302
kp15 run1.txt,14,-15.0,1,271.000,0.0998,-0.261
kp15 run1.txt,14,-15.0,1,272.000,0.0995,-0.267
kp15 run1.txt,14,-15.0,1,273.000,0.0977,-0.294
kp15 run1.txt,14,-15.0,1,274.000,0.1017,0.302
kp15 run1.txt,14,-15.0,1,275.000,0.102,0.307
kp15 run1.txt,14,-15.0,1,276.000,0.0998,-0.261
kp15 run1.txt,14,-15.0,1,277.000,0.0998,-0.261
kp15 run1.txt,14,-15.0,1,278.000,0.0984,-0.283
kp15 run1.txt,14,-15.0,1,279.000,0.0998,-0.261
kp15 run1.txt,14,-15.0,1,280.000,0.0991,-0.272
kp15 run1.txt,14,-15.0,1,281.000,0.1017,0.302
kp15 run1.txt,14,-15.0,1,282.000,0.102,0.307
kp15 run1.txt,14,-15.0,1,283.000,0.0933,-0.36
kp15 run1.txt,14,-15.0,1,284.000,0.0998,-0.261
kp15 run1.txt,14,-15.0,1,285.000,0.0962,-0.316
kp15 run1.txt,14,-15.0,1,286.000,0.102,0.307
kp15 run1.txt,14,-15.0,1,287.000,0.0998,-0.261
kp15 run1.txt,14,-15.0,1,288.000,0.102,0.307
kp15 run1.txt,14,-15.0,1,289.000,0.0998,-0.261
kp15 run1.txt,14,-15.0,1,290.000,0.1028,0.318
kp15 run1.txt,14,-15.0,1,291.000,0.102,0.307
kp15 run1.txt,14,-15.0,1,292.000,0.1006,0.286
kp15 run1.txt,14,-15.0,1,293.000,0.1028,0.318
kp15 run1.txt,14,-15.0,1,294.000,0.1017,0.302
kp15 run1.txt,14,-15.0,1,295.000,0.0831,-0.513
kp15 run1.txt,14,-15.0,1,296.000,0.0998,-0.261
kp15 run1.txt,14,-15.0,1,297.000,0.1017,0.302
kp15 run1.txt,14,-15.0,1,298.000,0.0995,-0.267
kp15 run1.txt,14,-15.0,1,299.000,0.098,-0.289
kp15 run1.txt,14,-15.0,1,300.000,0.0991,-0.272
kp15 run1.txt,14,-15.0,1,301.000,0.1006,0.286
kp15 run1.txt,14,-15.0,1,302.000,0.1006,0.286
kp15 run1.txt,14,-15.0,1,303.000,0.1013,0.296
kp15 run1.txt,14,-15.0,1,304.000,0.1006,0.286
kp15 run1.txt,14,-15.0,1,305.000,0.102,0.307
kp15 run1.txt,14,-15.0,1,306.000,0.1006,0.286
kp15 run1.txt,14,-15.0,1,307.000,0.1006,0.286
kp15 run1.txt,14,-15.0,1,308.000,0.1006,0.286
kp15 run1.txt,14,-15.0,1,309.000,0.0998,-0.261
kp15 run1.txt,14,-15.0,1,310.000,0.1035,0.329
kp15 run1.txt,14,-15.0,1,311.000,0.1013,0.296
kp15 run1.txt,14,-15.0,1,312.000,0.0998,-0.261
kp15 run1.txt,14,-15.0,1,313.000,0.1097,0.422
kp15 run1.txt,14,-15.0,1,314.000,0.1006,0.286
kp15 run1.txt,14,-15.0,1,315.000,0.0998,-0.261
kp15 run1.txt,14,-15.0,1,316.000,0.0991,-0.272
kp15 run1.txt,14,-15.0,1,317.000,0.1006,0.286
kp15 run1.txt,14,-15.0,1,318.000,0.0991,-0.272
kp15 run1.txt,14,-15.0,1,319.000,0.1002,0.28
kp15 run1.txt,14,-15.0,1,320.000,0.1013,0.296
kp15 run1.txt,14,-15.0,1,321.000,0.102,0.307
kp15 run1.txt,14,-15.0,1,322.000,0.0998,-0.261
kp15 run1.txt,14,-15.0,1,323.000,0.0998,-0.261
kp15 run1.txt,14,-15.0,1,324.000,0.1013,0.296
kp15 run1.txt,14,-15.0,1,325.000,0.1028,0.318
kp15 run1.txt,14,-15.0,1,326.000,0.1017,0.302
kp15 run1.txt,14,-15.0,1,327.000,0.1038,0.335
kp15 run1.txt,14,-15.0,1,328.000,0.0998,-0.261
kp15 run1.txt,14,-15.0,1,329.000,0.1017,0.302
kp15 run1.txt,14,-15.0,1,330.000,0.0991,-0.272
kp15 run1.txt,14,-15.0,1,331.000,0.1035,0.329
kp15 run1.txt,14,-15.0,1,332.000,0.1013,0.296
kp15 run1.txt,14,-15.0,1,333.000,0.0998,-0.261
kp15 run1.txt,14,-15.0,1,334.000,0.1006,0.286
kp15 run1.txt,14,-15.0,1,335.000,0.102,0.307
kp15 run1.txt,14,-15.0,1,336.000,0.1009,0.291
kp15 run1.txt,14,-15.0,1,337.000,0.102,0.307
kp15 run1.txt,14,-15.0,1,338.000,0.1013,0.296
kp15 run1.txt,14,-15.0,1,339.000,0.1028,0.318
kp15 run1.txt,14,-15.0,1,340.000,0.1028,0.318
kp15 run1.txt,14,-15.0,1,341.000,0.1013,0.296
kp15 run1.txt,14,-15.0,1,342.000,0.0998,-0.261
kp15 run1.txt,14,-15.0,1,343.000,0.1017,0.302
kp15 run1.txt,14,-15.0,1,344.000,0.0998,-0.261
kp15 run1.txt,14,-15.0,1,345.000,0.09,-0.409
kp15 run1.txt,14,-15.0,1,346.000,0.1006,0.286
kp15 run1.txt,14,-15.0,1,347.000,0.0904,-0.404
kp15 run1.txt,14,-15.0,1,348.000,0.0984,-0.283
kp15 run1.txt,14,-15.0,1,349.000,0.094,-0.349
kp15 run1.txt,14,-15.0,1,350.000,0.1028,0.318
kp15 run1.txt,14,-15.0,1,351.000,0.0998,-0.261
kp15 run1.txt,14,-15.0,1,352.000,0.0991,-0.272
kp15 run1.txt,14,-15.0,1,353.000,0.102,0.307
kp15 run1.txt,14,-15.0,1,354.000,0.102,0.307
kp15 run1.txt,14,-15.0,1,355.000,0.0878,-0.442
kp15 run1.txt,14,-15.0,1,356.017,0.0699,-0.71
kp15 run1.txt,14,-15.0,1,357.000,0.0998,-0.261
kp15 run1.txt,14,-15.0,1,358.000,0.0962,-0.316
kp15 run1.txt,14,-15.0,1,359.000,0.102,0.307
kp15 run1.txt,14,-15.0,1,360.000,0.1006,0.286
kp15 run1.txt,14,-15.0,1,361.000,0.0998,-0.261
kp15 run1.txt,14,-15.0,1,362.000,0.1046,0.346
kp15 run1.txt,14,-15.0,1,363.000,0.0998,-0.261
kp15 run1.txt,14,-15.0,1,364.000,0.1009,0.291
kp15 run1.txt,14,-15.0,1,365.000,0.0998,-0.261
kp15 run1.txt,14,-15.0,1,366.000,0.1013,0.296
kp15 run1.txt,14,-15.0,1,367.000,0.0998,-0.261
kp15 run1.txt,14,-15.0,1,368.000,0.1006,0.286
kp15 run1.txt,14,-15.0,1,369.000,0.1006,0.286
kp15 run1.txt,14,-15.0,1,370.000,0.1057,0.362
kp15 run1.txt,14,-15.0,1,371.000,0.1006,0.286
kp15 run1.txt,14,-15.0,1,372.000,0.1013,0.296
kp15 run1.txt,14,-15.0,1,373.000,0.1006,0.286
kp15 run1.txt,14,-15.0,1,374.000,0.0969,-0.305
kp15 run1.txt,14,-15.0,1,375.000,0.102,0.307
kp15 run1.txt,14,-15.0,1,376.000,0.0816,-0.535
kp15 run1.txt,14,-15.0,1,377.000,0.0998,-0.261
kp15 run1.txt,14,-15.0,1,378.000,0.1006,0.286
kp15 run1.txt,14,-15.0,1,379.000,0.0969,-0.305
kp15 run1.txt,14,-15.0,1,380.000,0.1035,0.329
kp15 run1.txt,14,-15.0,1,381.000,0.0969,-0.305
kp15 run1.txt,14,-15.0,1,382.000,0.102,0.307
kp15 run1.txt,14,-15.0,1,383.000,0.0969,-0.305
kp15 run1.txt,14,-15.0,1,384.000,0.1006,0.286
kp15 run1.txt,14,-15.0,1,385.000,0.1013,0.296
kp15 run1.txt,14,-15.0,1,386.000,0.102,0.307
kp15 run1.txt,14,-15.0,1,387.000,0.0995,-0.267
kp15 run1.txt,14,-15.0,1,388.000,0.0998,-0.261
kp15 run1.txt,14,-15.0,1,389.000,0.1006,0.286
kp15 run1.txt,14,-15.0,1,390.000,0.1006,0.286
kp15 run1.txt,14,-15.0,1,391.000,0.1017,0.302
kp15 run1.txt,14,-15.0,1,392.000,0.1031,0.324
kp15 run1.txt,14,-15.0,1,393.000,0.1042,0.34
kp15 run1.txt,14,-15.0,1,394.000,0.1013,0.296
kp15 run1.txt,14,-15.0,1,395.000,0.1006,0.286
kp15 run1.txt,14,-15.0,1,396.000,0.1013,0.296
kp15 run1.txt,14,-15.0,1,397.000,0.1035,0.329
kp15 run1.txt,14,-15.0,1,398.000,0.0962,-0.316
kp15 run1.txt,14,-15.0,1,399.000,0.0998,-0.261
kp15 run1.txt,14,-15.0,1,400.000,0.0973,-0.3
kp15 run1.txt,14,-15.0,1,401.000,0.1006,0.286
kp15 run1.txt,14,-15.0,1,402.000,0.1028,0.318
kp15 run1.txt,14,-15.0,1,403.000,0.1013,0.296
kp15 run1.txt,14,-15.0,1,404.000,0.098,-0.289
kp15 run1.txt,14,-15.0,1,405.000,0.0991,-0.272
kp15 run1.txt,14,-15.0,1,406.000,0.0991,-0.272
kp15 run1.txt,14,-15.0,1,407.000,0.102,0.307
kp15 run1.txt,14,-15.0,1,408.000,0.0918,-0.382
kp15 run1.txt,14,-15.0,1,409.000,0.102,0.307
kp15 run1.txt,14,-15.0,1,410.000,0.1017,0.302
kp15 run1.txt,14,-15.0,1,411.000,0.1024,0.313
kp15 run1.txt,14,-15.0,1,412.000,0.1006,0.286
kp15 run1.txt,14,-15.0,1,413.000,0.1028,0.318
kp15 run1.txt,14,-15.0,1,414.000,0.1042,0.34
kp15 run1.txt,14,-15.0,1,415.000,0.0995,-0.267
kp15 run1.txt,14,-15.0,1,416.000,0.0991,-0.272
kp15 run1.txt,14,-15.0,1,417.000,0.102,0.307
kp15 run1.txt,14,-15.0,1,418.000,0.1046,0.346
kp15 run1.txt,14,-15.0,1,419.000,0.102,0.307
kp15 run1.txt,14,-15.0,1,420.000,0.1013,0.296
kp15 run1.txt,14,-15.0,1,421.000,0.1006,0.286
kp15 run1.txt,14,-15.0,1,422.000,0.1006,0.286
kp15 run1.txt,14,-15.0,1,423.000,0.1009,0.291
kp15 run1.txt,14,-15.0,1,424.000,0.1006,0.286
kp15 run1.txt,14,-15.0,1,425.000,0.0998,-0.261
kp15 run1.txt,14,-15.0,1,426.000,0.102,0.307
kp15 run1.txt,14,-15.0,1,427.000,0.1028,0.318
kp15 run1.txt,14,-15.0,1,428.000,0.1006,0.286
kp15 run1.txt,14,-15.0,1,429.000,0.0969,-0.305
kp15 run1.txt,14,-15.0,1,430.000,0.1009,0.291
kp15 run1.txt,14,-15.0,1,431.000,0.1006,0.286
kp15 run1.txt,14,-15.0,1,432.000,0.0998,-0.261
kp15 run1.txt,14,-15.0,1,433.000,0.0998,-0.261
kp15 run1.txt,14,-15.0,1,434.000,0.1006,0.286
kp15 run1.txt,14,-15.0,1,435.000,0.0998,-0.261
kp15 run1.txt,14,-15.0,1,436.000,0.094,-0.349
kp15 run1.txt,14,-15.0,1,437.000,0.1006,0.286
kp15 run1.txt,14,-15.0,1,438.000,0.1017,0.302
kp15 run1.txt,14,-15.0,1,439.000,0.0977,-0.294
kp15 run1.txt,14,-15.0,1,440.000,0.0987,-0.278
kp15 run1.txt,14,-15.0,1,441.000,0.0998,-0.261
kp15 run1.txt,14,-15.0,1,442.000,0.0969,-0.305
kp15 run1.txt,14,-15.0,1,443.000,0.0991,-0.272
kp15 run1.txt,14,-15.0,1,444.000,0.0977,-0.294
kp15 run1.txt,14,-15.0,1,445.000,0.0998,-0.261
kp15 run1.txt,14,-15.0,1,446.000,0.1006,0.286
kp15 run1.txt,14,-15.0,1,447.000,0.102,0.307
kp15 run1.txt,14,-15.0,1,448.000,0.0991,-0.272
kp15 run1.txt,14,-15.0,1,449.000,0.094,-0.349
kp15 run1.txt,14,-15.0,1,450.000,0.0991,-0.272
kp15 run1.txt,14,-15.0,1,451.000,0.0991,-0.272
kp15 run1.txt,14,-15.0,1,452.000,0.0929,-0.365
kp15 run1.txt,14,-15.0,1,453.000,0.0998,-0.261
kp15 run1.txt,14,-15.0,1,454.000,0.1006,0.286
kp15 run1.txt,14,-15.0,1,455.000,0.0987,-0.278
kp15 run1.txt,14,-15.0,1,456.000,0.0998,-0.261
kp15 run1.txt,14,-15.0,1,457.000,0.1013,0.296
kp15 run1.txt,14,-15.0,1,458.000,0.0998,-0.261
kp15 run1.txt,14,-15.0,1,459.000,0.0853,-0.48
kp15 run1.txt,14,-15.0,1,460.000,0.0987,-0.278
kp15 run1.txt,14,-15.0,1,461.000,0.0998,-0.261
kp15 run1.txt,14,-15.0,1,462.000,0.0998,-0.261
kp15 run1.txt,14,-15.0,1,463.000,0.1049,0.351
kp15 run1.txt,14,-15.0,1,464.000,0.1035,0.329
kp15 run1.txt,14,-15.0,1,465.000,0.0984,-0.283
kp15 run1.txt,14,-15.0,1,466.000,0.1009,0.291
kp15 run1.txt,14,-15.0,1,467.000,0.0991,-0.272
kp15 run1.txt,14,-15.0,1,468.000,0.0998,-0.261
kp15 run1.txt,14,-15.0,1,469.000,0.0998,-0.261
kp15 run1.txt,14,-15.0,1,470.000,0.0991,-0.272
kp15 run1.txt,14,-15.0,1,471.000,0.0998,-0.261
kp15 run1.txt,14,-15.0,1,472.000,0.1024,0.313
kp15 run1.txt,14,-15.0,1,473.000,0.0998,-0.261
kp15 run1.txt,14,-15.0,1,474.000,0.0998,-0.261
kp15 run1.txt,14,-15.0,1,475.000,0.0991,-0.272
kp15 run1.txt,14,-15.0,1,476.000,0.0991,-0.272
kp15 run1.txt,14,-15.0,1,477.000,0.1035,0.329
kp15 run1.txt,14,-15.0,1,478.000,0.0977,-0.294
kp15 run1.txt,14,-15.0,1,479.000,0.0998,-0.261
kp15 run1.txt,14,-15.0,1,480.000,0.0991,-0.272
kp15 run1.txt,14,-15.0,1,481.000,0.0962,-0.316
kp15 run1.txt,14,-15.0,1,482.000,0.0987,-0.278
kp15 run1.txt,14,-15.0,1,483.000,0.0977,-0.294
kp15 run1.txt,14,-15.0,1,484.000,0.0998,-0.261
kp15 run1.txt,14,-15.0,1,485.000,0.1013,0.296
kp15 run1.txt,14,-15.0,1,486.000,0.0998,-0.261
kp15 run1.txt,14,-15.0,1,487.000,0.102,0.307
kp15 run1.txt,14,-15.0,1,488.000,0.0998,-0.261
kp15 run1.txt,14,-15.0,1,489.000,0.0955,-0.327
kp15 run1.txt,14,-15.0,1,490.000,0.1013,0.296
kp15 run1.txt,14,-15.0,1,491.000,0.1006,0.286
kp15 run1.txt,14,-15.0,1,492.000,0.1009,0.291
kp15 run1.txt,14,-15.0,1,493.000,0.0911,-0.393
kp15 run1.txt,14,-15.0,1,494.000,0.1009,0.291
kp15 run1.txt,14,-15.0,1,495.000,0.0955,-0.327
kp15 run1.txt,14,-15.0,1,496.000,0.1006,0.286
kp15 run1.txt,14,-15.0,1,497.000,0.0977,-0.294
kp15 run1.txt,14,-15.0,1,498.000,0.1009,0.291
kp15 run1.txt,14,-15.0,1,499.000,0.0998,-0.261
kp15 run1.txt,14,-15.0,1,500.000,0.1006,0.286
kp15 run1.txt,14,-15.0,1,501.000,0.0995,-0.267
kp15 run1.txt,14,-15.0,1,502.000,0.0951,-0.333
kp15 run1.txt,14,-15.0,1,503.000,0.1035,0.329
kp15 run1.txt,14,-15.0,1,504.000,0.0955,-0.327
kp15 run1.txt,14,-15.0,1,505.000,0.0998,-0.261
kp15 run1.txt,14,-15.0,1,506.000,0.0998,-0.261
kp15 run1.txt,14,-15.0,1,507.000,0.0998,-0.261
kp15 run1.txt,14,-15.0,1,508.000,0.0991,-0.272
kp15 run1.txt,14,-15.0,1,509.000,0.0977,-0.294
kp15 run1.txt,14,-15.0,1,510.000,0.0998,-0.261
kp15 run1.txt,14,-15.0,1,511.000,0.1006,0.286
kp15 run1.txt,14,-15.0,1,512.000,0.0969,-0.305
kp15 run1.txt,14,-15.0,1,513.000,0.0998,-0.261
kp15 run1.txt,14,-15.0,1,514.000,0.1006,0.286
kp15 run1.txt,14,-15.0,1,515.000,0.0911,-0.393
kp15 run1.txt,14,-15.0,1,516.000,0.0977,-0.294
kp15 run1.txt,14,-15.0,1,517.000,0.1002,0.28
kp15 run1.txt,14,-15.0,1,518.000,0.0991,-0.272
kp15 run1.txt,14,-15.0,1,519.000,0.102,0.307
kp15 run1.txt,14,-15.0,1,520.000,0.102,0.307
kp15 run1.txt,14,-15.0,1,521.000,0.0998,-0.261
kp15 run1.txt,14,-15.0,1,522.000,0.0969,-0.305
kp15 run1.txt,14,-15.0,1,523.000,0.0987,-0.278
kp15 run1.txt,14,-15.0,1,524.000,0.102,0.307
kp15 run1.txt,14,-15.0,1,525.000,0.1028,0.318
kp15 run1.txt,14,-15.0,1,526.000,0.0998,-0.261
kp15 run1.txt,14,-15.0,1,527.000,0.0998,-0.261
kp15 run1.txt,14,-15.0,1,528.000,0.1006,0.286
kp15 run1.txt,14,-15.0,1,529.000,0.1144,0.493
kp15 run1.txt,14,-15.0,1,530.000,0.1013,0.296
kp15 run1.txt,14,-15.0,1,531.000,0.0995,-0.267
kp15 run1.txt,14,-15.0,1,532.000,0.0984,-0.283
kp15 run1.txt,14,-15.0,1,533.000,0.0991,-0.272
kp15 run1.txt,14,-15.0,1,534.000,0.0998,-0.261
kp15 run1.txt,14,-15.0,1,535.000,0.102,0.307
kp15 run1.txt,14,-15.0,1,536.000,0.1049,0.351
kp15 run1.txt,14,-15.0,1,537.000,0.0991,-0.272
kp15 run1.txt,14,-15.0,1,538.000,0.0984,-0.283
kp15 run1.txt,14,-15.0,1,539.000,0.0845,-0.491
kp15 run1.txt,14,-15.0,1,540.000,0.1035,0.329
kp15 run1.txt,14,-15.0,1,541.000,0.1006,0.286
kp15 run1.txt,14,-15.0,1,542.000,0.0995,-0.267
kp15 run1.txt,14,-15.0,1,543.000,0.0987,-0.278
kp15 run1.txt,14,-15.0,1,544.000,0.0977,-0.294
kp15 run1.txt,14,-15.0,1,545.000,0.0998,-0.261
kp15 run1.txt,14,-15.0,1,546.000,0.0977,-0.294
kp15 run1.txt,14,-15.0,1,547.000,0.0998,-0.261
kp15 run1.txt,14,-15.0,1,548.000,0.1013,0.296
kp15 run1.txt,14,-15.0,1,549.000,0.0998,-0.261
kp15 run1.txt,14,-15.0,1,550.000,0.0984,-0.283
kp15 run1.txt,14,-15.0,1,551.000,0.1009,0.291
kp15 run1.txt,14,-15.0,1,552.000,0.1006,0.286
kp15 run1.txt,14,-15.0,1,553.000,0.102,0.307
kp15 run1.txt,14,-15.0,1,554.000,0.1024,0.313
kp15 run1.txt,14,-15.0,1,555.000,0.1115,0.45
kp15 run1.txt,14,-15.0,1,556.000,0.0991,-0.272
kp15 run1.txt,14,-15.0,1,557.000,0.0991,-0.272
kp15 run1.txt,14,-15.0,1,558.000,0.0991,-0.272
kp15 run1.txt,14,-15.0,1,559.000,0.1006,0.286
kp15 run1.txt,14,-15.0,1,560.000,0.1071,0.384
kp15 run1.txt,14,-15.0,1,561.000,0.1013,0.296
kp15 run1.txt,14,-15.0,1,562.000,0.1028,0.318
kp15 run1.txt,14,-15.0,1,563.000,0.1024,0.313
kp15 run1.txt,14,-15.0,1,564.000,0.1028,0.318
kp15 run1.txt,14,-15.0,1,565.000,0.0925,-0.371
kp15 run1.txt,14,-15.0,1,566.000,0.0995,-0.267
kp15 run1.txt,14,-15.0,1,567.000,0.0998,-0.261
kp15 run1.txt,14,-15.0,1,568.000,0.0984,-0.283
kp15 run1.txt,14,-15.0,1,569.000,0.0998,-0.261
kp15 run1.txt,14,-15.0,1,570.000,0.0984,-0.283
kp15 run1.txt,14,-15.0,1,571.000,0.0958,-0.322
kp15 run1.txt,14,-15.0,1,572.000,0.0998,-0.261
kp15 run1.txt,14,-15.0,1,573.000,0.1006,0.286
kp15 run1.txt,14,-15.0,1,574.000,0.102,0.307
kp15 run1.txt,14,-15.0,1,575.000,0.1017,0.302
kp15 run1.txt,14,-15.0,1,576.000,0.1006,0.286
kp15 run1.txt,14,-15.0,1,577.000,0.0907,-0.398
kp15 run1.txt,14,-15.0,1,578.000,0.098,-0.289
kp15 run1.txt,14,-15.0,1,579.000,0.102,0.307
kp15 run1.txt,14,-15.0,1,580.000,0.0998,-0.261
kp15 run1.txt,14,-15.0,1,581.000,0.0998,-0.261
kp15 run1.txt,14,-15.0,1,582.000,0.0998,-0.261
kp15 run1.txt,14,-15.0,1,583.000,0.0998,-0.261
kp15 run1.txt,14,-15.0,1,584.000,0.0998,-0.261
kp15 run1.txt,14,-15.0,1,585.000,0.1028,0.318
kp15 run1.txt,14,-15.0,1,586.000,0.0991,-0.272
kp15 run1.txt,14,-15.0,1,587.000,0.11,0.428
kp15 run1.txt,14,-15.0,1,588.000,0.1006,0.286
kp15 run1.txt,14,-15.0,1,589.000,0.1049,0.351
kp15 run1.txt,14,-15.0,1,590.000,0.102,0.307
kp15 run1.txt,14,-15.0,1,591.000,0.1013,0.296
kp15 run1.txt,14,-15.0,1,592.000,0.1035,0.329
kp15 run1.txt,14,-15.0,1,593.000,0.1028,0.318
kp15 run1.txt,14,-15.0,1,594.000,0.1013,0.296
kp15 run1.txt,14,-15.0,1,595.000,0.0991,-0.272
kp15 run1.txt,14,-15.0,1,596.000,0.1002,0.28
kp15 run1.txt,14,-15.0,1,597.000,0.0998,-0.261
kp15 run1.txt,14,-15.0,1,598.000,0.0998,-0.261
kp15 run1.txt,14,-15.0,1,599.000,0.0998,-0.261
kp15 run1.txt,15,-15.0,1,0.000,-0.097,-3.214
kp15 run1.txt,15,-15.0,1,1.000,-0.0955,-3.192
kp15 run1.txt,15,-15.0,1,2.000,-0.0963,-3.203
kp15 run1.txt,15,-15.0,1,3.000,-0.0955,-3.192
kp15 run1.txt,15,-15.0,1,4.000,-0.0948,-3.181
kp15 run1.txt,15,-15.0,1,5.000,-0.0955,-3.192
kp15 run1.txt,15,-15.0,1,6.000,-0.1006,-3.269
kp15 run1.txt,15,-15.0,1,7.000,-0.0934,-3.159
kp15 run1.txt,15,-15.0,1,8.000,-0.0977,-3.225
kp15 run1.txt,15,-15.0,1,9.000,-0.0919,-3.137
kp15 run1.txt,15,-15.0,1,10.000,-0.0926,-3.148
kp15 run1.txt,15,-15.0,1,11.000,-0.0868,-3.061
kp15 run1.txt,15,-15.0,1,12.000,-0.0912,-3.127
kp15 run1.txt,15,-15.0,1,13.000,-0.0963,-3.203
kp15 run1.txt,15,-15.0,1,14.000,-0.0846,-3.028
kp15 run1.txt,15,-15.0,1,15.000,-0.081,-2.973
kp15 run1.txt,15,-15.0,1,16.000,-0.0795,-2.952
kp15 run1.txt,15,-15.0,1,17.000,-0.0715,-2.831
kp15 run1.txt,15,-15.0,1,18.000,-0.0755,-2.891
kp15 run1.txt,15,-15.0,1,19.000,-0.0715,-2.831
kp15 run1.txt,15,-15.0,1,20.000,-0.0744,-2.875
kp15 run1.txt,15,-15.0,1,21.000,-0.0671,-2.766
kp15 run1.txt,15,-15.0,1,22.000,-0.0649,-2.733
kp15 run1.txt,15,-15.0,1,23.000,-0.0613,-2.678
kp15 run1.txt,15,-15.0,1,24.000,-0.0576,-2.624
kp15 run1.txt,15,-15.0,1,25.000,-0.0576,-2.624
kp15 run1.txt,15,-15.0,1,26.000,-0.0533,-2.558
kp15 run1.txt,15,-15.0,1,27.000,-0.05,-2.509
kp15 run1.txt,15,-15.0,1,28.000,-0.0467,-2.459
kp15 run1.txt,15,-15.0,1,29.000,-0.0452,-2.438
kp15 run1.txt,15,-15.0,1,30.000,-0.0394,-2.35
kp15 run1.txt,15,-15.0,1,31.000,-0.0354,-2.29
kp15 run1.txt,15,-15.0,1,32.000,-0.0358,-2.295
kp15 run1.txt,15,-15.0,1,33.000,-0.0248,-2.131
kp15 run1.txt,15,-15.0,1,34.000,-0.0263,-2.153
kp15 run1.txt,15,-15.0,1,35.000,-0.0241,-2.12
kp15 run1.txt,15,-15.0,1,36.000,-0.0194,-2.049
kp15 run1.txt,15,-15.0,1,37.000,-0.0146,-1.978
kp15 run1.txt,15,-15.0,1,38.000,-0.0132,-1.956
kp15 run1.txt,15,-15.0,1,39.000,-0.0095,-1.902
kp15 run1.txt,15,-15.0,1,40.000,-0.0051,-1.836
kp15 run1.txt,15,-15.0,1,41.000,-0.0,-1.76
kp15 run1.txt,15,-15.0,1,42.000,-0.0008,-1.771
kp15 run1.txt,15,-15.0,1,43.000,0.0029,-1.716
kp15 run1.txt,15,-15.0,1,44.000,0.0065,-1.661
kp15 run1.txt,15,-15.0,1,45.000,0.0083,-1.634
kp15 run1.txt,15,-15.0,1,46.000,0.0138,-1.552
kp15 run1.txt,15,-15.0,1,47.000,0.0124,-1.574
kp15 run1.txt,15,-15.0,1,48.000,0.024,-1.399
kp15 run1.txt,15,-15.0,1,49.000,0.0196,-1.464
kp15 run1.txt,15,-15.0,1,50.000,0.024,-1.399
kp15 run1.txt,15,-15.0,1,51.000,0.0269,-1.355
kp15 run1.txt,15,-15.0,1,52.000,0.0346,-1.24
kp15 run1.txt,15,-15.0,1,53.000,0.0346,-1.24
kp15 run1.txt,15,-15.0,1,54.000,0.024,-1.399
kp15 run1.txt,15,-15.0,1,55.000,0.0393,-1.169
kp15 run1.txt,15,-15.0,1,56.000,0.0495,-1.016
kp15 run1.txt,15,-15.0,1,57.000,0.0473,-1.049
kp15 run1.txt,15,-15.0,1,58.000,0.0408,-1.147
kp15 run1.txt,15,-15.0,1,59.000,0.0517,-0.983
kp15 run1.txt,15,-15.0,1,60.000,0.0532,-0.961
kp15 run1.txt,15,-15.0,1,61.000,0.0586,-0.879
kp15 run1.txt,15,-15.0,1,62.000,0.059,-0.874
kp15 run1.txt,15,-15.0,1,63.000,0.0619,-0.83
kp15 run1.txt,15,-15.0,1,64.000,0.0663,-0.764
kp15 run1.txt,15,-15.0,1,65.000,0.0648,-0.786
kp15 run1.txt,15,-15.0,1,66.000,0.0685,-0.732
kp15 run1.txt,15,-15.0,1,67.000,0.0685,-0.732
kp15 run1.txt,15,-15.0,1,68.000,0.0714,-0.688
kp15 run1.txt,15,-15.0,1,69.000,0.0736,-0.655
kp15 run1.txt,15,-15.0,1,70.000,0.0714,-0.688
kp15 run1.txt,15,-15.0,1,71.000,0.0809,-0.546
kp15 run1.txt,15,-15.0,1,72.000,0.0816,-0.535
kp15 run1.txt,15,-15.0,1,73.000,0.0831,-0.513
kp15 run1.txt,15,-15.0,1,74.000,0.0864,-0.464
kp15 run1.txt,15,-15.0,1,75.000,0.0911,-0.393
kp15 run1.txt,15,-15.0,1,76.000,0.0882,-0.436
kp15 run1.txt,15,-15.0,1,77.000,0.09,-0.409
kp15 run1.txt,15,-15.0,1,78.000,0.0889,-0.425
kp15 run1.txt,15,-15.0,1,79.000,0.1151,0.504
kp15 run1.txt,15,-15.0,1,80.000,0.0958,-0.322
kp15 run1.txt,15,-15.0,1,81.000,0.0969,-0.305
kp15 run1.txt,15,-15.0,1,82.000,0.0987,-0.278
kp15 run1.txt,15,-15.0,1,83.000,0.0991,-0.272
kp15 run1.txt,15,-15.0,1,84.000,0.102,0.307
kp15 run1.txt,15,-15.0,1,85.000,0.0998,-0.261
kp15 run1.txt,15,-15.0,1,86.000,0.102,0.307
kp15 run1.txt,15,-15.0,1,87.000,0.1093,0.417
kp15 run1.txt,15,-15.0,1,88.000,0.1057,0.362
kp15 run1.txt,15,-15.0,1,89.000,0.1071,0.384
kp15 run1.txt,15,-15.0,1,90.000,0.1049,0.351
kp15 run1.txt,15,-15.0,1,91.000,0.1097,0.422
kp15 run1.txt,15,-15.0,1,92.000,0.1082,0.4
kp15 run1.txt,15,-15.0,1,93.000,0.11,0.428
kp15 run1.txt,15,-15.0,1,94.000,0.11,0.428
kp15 run1.txt,15,-15.0,1,95.000,0.1108,0.439
kp15 run1.txt,15,-15.0,1,96.000,0.1104,0.433
kp15 run1.txt,15,-15.0,1,97.000,0.1108,0.439
kp15 run1.txt,15,-15.0,1,98.000,0.1122,0.46
kp15 run1.txt,15,-15.0,1,99.000,0.1075,0.389
kp15 run1.txt,15,-15.0,1,100.000,0.1115,0.45
kp15 run1.txt,15,-15.0,1,101.000,0.1126,0.466
kp15 run1.txt,15,-15.0,1,102.000,0.1086,0.406
kp15 run1.txt,15,-15.0,1,103.000,0.1071,0.384
kp15 run1.txt,15,-15.0,1,104.000,0.1108,0.439
kp15 run1.txt,15,-15.0,1,105.000,0.1093,0.417
kp15 run1.txt,15,-15.0,1,106.000,0.1104,0.433
kp15 run1.txt,15,-15.0,1,107.000,0.1144,0.493
kp15 run1.txt,15,-15.0,1,108.000,0.11,0.428
kp15 run1.txt,15,-15.0,1,109.000,0.1122,0.46
kp15 run1.txt,15,-15.0,1,110.000,0.1115,0.45
kp15 run1.txt,15,-15.0,1,111.000,0.1104,0.433
kp15 run1.txt,15,-15.0,1,112.000,0.1108,0.439
kp15 run1.txt,15,-15.0,1,113.000,0.1108,0.439
kp15 run1.txt,15,-15.0,1,114.000,0.1104,0.433
kp15 run1.txt,15,-15.0,1,115.000,0.1137,0.482
kp15 run1.txt,15,-15.0,1,116.000,0.1079,0.395
kp15 run1.txt,15,-15.0,1,117.000,0.1115,0.45
kp15 run1.txt,15,-15.0,1,118.000,0.11,0.428
kp15 run1.txt,15,-15.0,1,119.000,0.1122,0.46
kp15 run1.txt,15,-15.0,1,120.000,0.1137,0.482
kp15 run1.txt,15,-15.0,1,121.000,0.1122,0.46
kp15 run1.txt,15,-15.0,1,122.000,0.0853,-0.48
kp15 run1.txt,15,-15.0,1,123.000,0.1086,0.406
kp15 run1.txt,15,-15.0,1,124.000,0.1166,0.526
kp15 run1.txt,15,-15.0,1,125.000,0.1093,0.417
kp15 run1.txt,15,-15.0,1,126.000,0.11,0.428
kp15 run1.txt,15,-15.0,1,127.000,0.1133,0.477
kp15 run1.txt,15,-15.0,1,128.000,0.1097,0.422
kp15 run1.txt,15,-15.0,1,129.000,0.1108,0.439
kp15 run1.txt,15,-15.0,1,130.000,0.1108,0.439
kp15 run1.txt,15,-15.0,1,131.000,0.1086,0.406
kp15 run1.txt,15,-15.0,1,132.000,0.1104,0.433
kp15 run1.txt,15,-15.0,1,133.000,0.113,0.471
kp15 run1.txt,15,-15.0,1,134.000,0.1079,0.395
kp15 run1.txt,15,-15.0,1,135.000,0.1093,0.417
kp15 run1.txt,15,-15.0,1,136.000,0.1075,0.389
kp15 run1.txt,15,-15.0,1,137.000,0.1086,0.406
kp15 run1.txt,15,-15.0,1,138.000,0.1203,0.581
kp15 run1.txt,15,-15.0,1,139.000,0.1079,0.395
kp15 run1.txt,15,-15.0,1,140.000,0.1064,0.373
kp15 run1.txt,15,-15.0,1,141.000,0.1079,0.395
kp15 run1.txt,15,-15.0,1,142.000,0.1082,0.4
kp15 run1.txt,15,-15.0,1,143.000,0.1086,0.406
kp15 run1.txt,15,-15.0,1,144.000,0.1075,0.389
kp15 run1.txt,15,-15.0,1,145.000,0.1028,0.318
kp15 run1.txt,15,-15.0,1,146.000,0.1042,0.34
kp15 run1.txt,15,-15.0,1,147.000,0.1035,0.329
kp15 run1.txt,15,-15.0,1,148.000,0.1057,0.362
kp15 run1.txt,15,-15.0,1,149.000,0.1049,0.351
kp15 run1.txt,15,-15.0,1,150.000,0.1028,0.318
kp15 run1.txt,15,-15.0,1,151.000,0.1035,0.329
kp15 run1.txt,15,-15.0,1,152.000,0.1035,0.329
kp15 run1.txt,15,-15.0,1,153.000,0.102,0.307
kp15 run1.txt,15,-15.0,1,154.000,0.0936,-0.354
kp15 run1.txt,15,-15.0,1,155.000,0.1009,0.291
kp15 run1.txt,15,-15.0,1,156.000,0.102,0.307
kp15 run1.txt,15,-15.0,1,157.000,0.0991,-0.272
kp15 run1.txt,15,-15.0,1,158.000,0.0998,-0.261
kp15 run1.txt,15,-15.0,1,159.000,0.0998,-0.261
kp15 run1.txt,15,-15.0,1,160.000,0.102,0.307
kp15 run1.txt,15,-15.0,1,161.000,0.0998,-0.261
kp15 run1.txt,15,-15.0,1,162.000,0.0991,-0.272
kp15 run1.txt,15,-15.0,1,163.000,0.098,-0.289
kp15 run1.txt,15,-15.0,1,164.000,0.0998,-0.261
kp15 run1.txt,15,-15.0,1,165.000,0.0998,-0.261
kp15 run1.txt,15,-15.0,1,166.000,0.0987,-0.278
kp15 run1.txt,15,-15.0,1,167.000,0.0991,-0.272
kp15 run1.txt,15,-15.0,1,168.000,0.0984,-0.283
kp15 run1.txt,15,-15.0,1,169.000,0.0991,-0.272
kp15 run1.txt,15,-15.0,1,170.000,0.0831,-0.513
kp15 run1.txt,15,-15.0,1,171.000,0.0984,-0.283
kp15 run1.txt,15,-15.0,1,172.000,0.0998,-0.261
kp15 run1.txt,15,-15.0,1,173.000,0.0998,-0.261
kp15 run1.txt,15,-15.0,1,174.000,0.0987,-0.278
kp15 run1.txt,15,-15.0,1,175.000,0.1013,0.296
kp15 run1.txt,15,-15.0,1,176.000,0.102,0.307
kp15 run1.txt,15,-15.0,1,177.000,0.0991,-0.272
kp15 run1.txt,15,-15.0,1,178.000,0.0947,-0.338
kp15 run1.txt,15,-15.0,1,179.000,0.0911,-0.393
kp15 run1.txt,15,-15.0,1,180.000,0.0998,-0.261
kp15 run1.txt,15,-15.0,1,181.000,0.0984,-0.283
kp15 run1.txt,15,-15.0,1,182.000,0.0984,-0.283
kp15 run1.txt,15,-15.0,1,183.000,0.0893,-0.42
kp15 run1.txt,15,-15.0,1,184.000,0.0991,-0.272
kp15 run1.txt,15,-15.0,1,185.000,0.0962,-0.316
kp15 run1.txt,15,-15.0,1,186.000,0.0998,-0.261
kp15 run1.txt,15,-15.0,1,187.000,0.0998,-0.261
kp15 run1.txt,15,-15.0,1,188.000,0.0958,-0.322
kp15 run1.txt,15,-15.0,1,189.000,0.0991,-0.272
kp15 run1.txt,15,-15.0,1,190.000,0.0977,-0.294
kp15 run1.txt,15,-15.0,1,191.000,0.1046,0.346
kp15 run1.txt,15,-15.0,1,192.000,0.0955,-0.327
kp15 run1.txt,15,-15.0,1,193.000,0.1035,0.329
kp15 run1.txt,15,-15.0,1,194.000,0.0984,-0.283
kp15 run1.txt,15,-15.0,1,195.000,0.0977,-0.294
kp15 run1.txt,15,-15.0,1,196.000,0.0984,-0.283
kp15 run1.txt,15,-15.0,1,197.000,0.0973,-0.3
kp15 run1.txt,15,-15.0,1,198.000,0.0984,-0.283
kp15 run1.txt,15,-15.0,1,199.000,0.0977,-0.294
kp15 run1.txt,15,-15.0,1,200.000,0.0925,-0.371
kp15 run1.txt,15,-15.0,1,201.000,0.0977,-0.294
kp15 run1.txt,15,-15.0,1,202.000,0.0969,-0.305
kp15 run1.txt,15,-15.0,1,203.000,0.102,0.307
kp15 run1.txt,15,-15.0,1,204.000,0.0998,-0.261
kp15 run1.txt,15,-15.0,1,205.000,0.0984,-0.283
kp15 run1.txt,15,-15.0,1,206.000,0.09,-0.409
kp15 run1.txt,15,-15.0,1,207.000,0.1009,0.291
kp15 run1.txt,15,-15.0,1,208.000,0.1013,0.296
kp15 run1.txt,15,-15.0,1,209.000,0.1017,0.302
kp15 run1.txt,15,-15.0,1,210.000,0.1028,0.318
kp15 run1.txt,15,-15.0,1,211.000,0.0977,-0.294
kp15 run1.txt,15,-15.0,1,212.000,0.0962,-0.316
kp15 run1.txt,15,-15.0,1,213.000,0.0998,-0.261
kp15 run1.txt,15,-15.0,1,214.000,0.0987,-0.278
kp15 run1.txt,15,-15.0,1,215.000,0.0991,-0.272
kp15 run1.txt,15,-15.0,1,216.000,0.1017,0.302
kp15 run1.txt,15,-15.0,1,217.000,0.0998,-0.261
kp15 run1.txt,15,-15.0,1,218.000,0.1035,0.329
kp15 run1.txt,15,-15.0,1,219.000,0.0977,-0.294
kp15 run1.txt,15,-15.0,1,220.000,0.0998,-0.261
kp15 run1.txt,15,-15.0,1,221.000,0.1028,0.318
kp15 run1.txt,15,-15.0,1,222.000,0.0998,-0.261
kp15 run1.txt,15,-15.0,1,223.000,0.1013,0.296
kp15 run1.txt,15,-15.0,1,224.000,0.0977,-0.294
kp15 run1.txt,15,-15.0,1,225.000,0.0845,-0.491
kp15 run1.txt,15,-15.0,1,226.000,0.0991,-0.272
kp15 run1.txt,15,-15.0,1,227.000,0.1017,0.302
kp15 run1.txt,15,-15.0,1,228.000,0.1006,0.286
kp15 run1.txt,15,-15.0,1,229.000,0.0969,-0.305
kp15 run1.txt,15,-15.0,1,230.000,0.0991,-0.272
kp15 run1.txt,15,-15.0,1,231.000,0.0998,-0.261
kp15 run1.txt,15,-15.0,1,232.000,0.0998,-0.261
kp15 run1.txt,15,-15.0,1,233.000,0.0998,-0.261
kp15 run1.txt,15,-15.0,1,234.000,0.1006,0.286
kp15 run1.txt,15,-15.0,1,235.000,0.1035,0.329
kp15 run1.txt,15,-15.0,1,236.000,0.0991,-0.272
kp15 run1.txt,15,-15.0,1,237.000,0.0874,-0.447
kp15 run1.txt,15,-15.0,1,238.000,0.0991,-0.272
kp15 run1.txt,15,-15.0,1,239.000,0.1046,0.346
kp15 run1.txt,15,-15.0,1,240.000,0.1006,0.286
kp15 run1.txt,15,-15.0,1,241.000,0.0998,-0.261
kp15 run1.txt,15,-15.0,1,242.000,0.1013,0.296
kp15 run1.txt,15,-15.0,1,243.000,0.0984,-0.283
kp15 run1.txt,15,-15.0,1,244.000,0.1009,0.291
kp15 run1.txt,15,-15.0,1,245.000,0.098,-0.289
kp15 run1.txt,15,-15.0,1,246.000,0.0998,-0.261
kp15 run1.txt,15,-15.0,1,247.000,0.0998,-0.261
kp15 run1.txt,15,-15.0,1,248.000,0.1006,0.286
kp15 run1.txt,15,-15.0,1,249.000,0.0991,-0.272
kp15 run1.txt,15,-15.0,1,250.000,0.1017,0.302
kp15 run1.txt,15,-15.0,1,251.000,0.1013,0.296
kp15 run1.txt,15,-15.0,1,252.000,0.0991,-0.272
kp15 run1.txt,15,-15.0,1,253.000,0.1006,0.286
kp15 run1.txt,15,-15.0,1,254.000,0.0998,-0.261
kp15 run1.txt,15,-15.0,1,255.000,0.102,0.307
kp15 run1.txt,15,-15.0,1,256.000,0.0998,-0.261
kp15 run1.txt,15,-15.0,1,257.000,0.0977,-0.294
kp15 run1.txt,15,-15.0,1,258.000,0.1013,0.296
kp15 run1.txt,15,-15.0,1,259.000,0.1017,0.302
kp15 run1.txt,15,-15.0,1,260.000,0.094,-0.349
kp15 run1.txt,15,-15.0,1,261.000,0.0984,-0.283
kp15 run1.txt,15,-15.0,1,262.000,0.1017,0.302
kp15 run1.txt,15,-15.0,1,263.000,0.1108,0.439
kp15 run1.txt,15,-15.0,1,264.000,0.1017,0.302
kp15 run1.txt,15,-15.0,1,265.000,0.1017,0.302
kp15 run1.txt,15,-15.0,1,266.000,0.1075,0.389
kp15 run1.txt,15,-15.0,1,267.000,0.0998,-0.261
kp15 run1.txt,15,-15.0,1,268.000,0.1006,0.286
kp15 run1.txt,15,-15.0,1,269.000,0.0984,-0.283
kp15 run1.txt,15,-15.0,1,270.000,0.0947,-0.338
kp15 run1.txt,15,-15.0,1,271.000,0.1006,0.286
kp15 run1.txt,15,-15.0,1,272.000,0.1028,0.318
kp15 run1.txt,15,-15.0,1,273.000,0.1028,0.318
kp15 run1.txt,15,-15.0,1,274.000,0.0995,-0.267
kp15 run1.txt,15,-15.0,1,275.000,0.1006,0.286
kp15 run1.txt,15,-15.0,1,276.000,0.0991,-0.272
kp15 run1.txt,15,-15.0,1,277.000,0.1006,0.286
kp15 run1.txt,15,-15.0,1,278.000,0.1137,0.482
kp15 run1.txt,15,-15.0,1,279.000,0.0991,-0.272
kp15 run1.txt,15,-15.0,1,280.000,0.0991,-0.272
kp15 run1.txt,15,-15.0,1,281.000,0.0984,-0.283
kp15 run1.txt,15,-15.0,1,282.000,0.0853,-0.48
kp15 run1.txt,15,-15.0,1,283.000,0.1046,0.346
kp15 run1.txt,15,-15.0,1,284.000,0.102,0.307
kp15 run1.txt,15,-15.0,1,285.000,0.1093,0.417
kp15 run1.txt,15,-15.0,1,286.000,0.0984,-0.283
kp15 run1.txt,15,-15.0,1,287.000,0.0998,-0.261
kp15 run1.txt,15,-15.0,1,288.000,0.1006,0.286
kp15 run1.txt,15,-15.0,1,289.000,0.0991,-0.272
kp15 run1.txt,15,-15.0,1,290.000,0.0918,-0.382
kp15 run1.txt,15,-15.0,1,291.000,0.1009,0.291
kp15 run1.txt,15,-15.0,1,292.000,0.1017,0.302
kp15 run1.txt,15,-15.0,1,293.000,0.1006,0.286
kp15 run1.txt,15,-15.0,1,294.000,0.1006,0.286
kp15 run1.txt,15,-15.0,1,295.000,0.1035,0.329
kp15 run1.txt,15,-15.0,1,296.000,0.0991,-0.272
kp15 run1.txt,15,-15.0,1,297.000,0.1006,0.286
kp15 run1.txt,15,-15.0,1,298.000,0.0995,-0.267
kp15 run1.txt,15,-15.0,1,299.000,0.0998,-0.261
kp15 run1.txt,15,-15.0,1,300.000,0.0998,-0.261
kp15 run1.txt,15,-15.0,1,301.000,0.0998,-0.261
kp15 run1.txt,15,-15.0,1,302.000,0.1009,0.291
kp15 run1.txt,15,-15.0,1,303.000,0.102,0.307
kp15 run1.txt,15,-15.0,1,304.000,0.1017,0.302
kp15 run1.txt,15,-15.0,1,305.000,0.1013,0.296
kp15 run1.txt,15,-15.0,1,306.000,0.102,0.307
kp15 run1.txt,15,-15.0,1,307.000,0.1017,0.302
kp15 run1.txt,15,-15.0,1,308.000,0.1006,0.286
kp15 run1.txt,15,-15.0,1,309.000,0.0984,-0.283
kp15 run1.txt,15,-15.0,1,310.000,0.1115,0.45
kp15 run1.txt,15,-15.0,1,311.000,0.1006,0.286
kp15 run1.txt,15,-15.0,1,312.000,0.1017,0.302
kp15 run1.txt,15,-15.0,1,313.000,0.0998,-0.261
kp15 run1.txt,15,-15.0,1,314.000,0.0904,-0.404
kp15 run1.txt,15,-15.0,1,315.000,0.0969,-0.305
kp15 run1.txt,15,-15.0,1,316.000,0.1017,0.302
kp15 run1.txt,15,-15.0,1,317.000,0.0925,-0.371
kp15 run1.txt,15,-15.0,1,318.000,0.0998,-0.261
kp15 run1.txt,15,-15.0,1,319.000,0.1006,0.286
kp15 run1.txt,15,-15.0,1,320.000,0.1028,0.318
kp15 run1.txt,15,-15.0,1,321.000,0.0998,-0.261
kp15 run1.txt,15,-15.0,1,322.000,0.102,0.307
kp15 run1.txt,15,-15.0,1,323.000,0.102,0.307
kp15 run1.txt,15,-15.0,1,324.000,0.1028,0.318
kp15 run1.txt,15,-15.0,1,325.000,0.102,0.307
kp15 run1.txt,15,-15.0,1,326.000,0.1017,0.302
kp15 run1.txt,15,-15.0,1,327.000,0.1017,0.302
kp15 run1.txt,15,-15.0,1,328.000,0.1035,0.329
kp15 run1.txt,15,-15.0,1,329.000,0.1028,0.318
kp15 run1.txt,15,-15.0,1,330.000,0.1006,0.286
kp15 run1.txt,15,-15.0,1,331.000,0.0998,-0.261
kp15 run1.txt,15,-15.0,1,332.000,0.0987,-0.278
kp15 run1.txt,15,-15.0,1,333.000,0.0991,-0.272
kp15 run1.txt,15,-15.0,1,334.000,0.1013,0.296
kp15 run1.txt,15,-15.0,1,335.000,0.0998,-0.261
kp15 run1.txt,15,-15.0,1,336.000,0.1013,0.296
kp15 run1.txt,15,-15.0,1,337.000,0.1009,0.291
kp15 run1.txt,15,-15.0,1,338.000,0.1017,0.302
kp15 run1.txt,15,-15.0,1,339.000,0.1013,0.296
kp15 run1.txt,15,-15.0,1,340.000,0.0977,-0.294
kp15 run1.txt,15,-15.0,1,341.000,0.1013,0.296
kp15 run1.txt,15,-15.0,1,342.000,0.0991,-0.272
kp15 run1.txt,15,-15.0,1,343.000,0.0998,-0.261
kp15 run1.txt,15,-15.0,1,344.000,0.1006,0.286
kp15 run1.txt,15,-15.0,1,345.000,0.0987,-0.278
kp15 run1.txt,15,-15.0,1,346.000,0.0991,-0.272
kp15 run1.txt,15,-15.0,1,347.000,0.0991,-0.272
kp15 run1.txt,15,-15.0,1,348.000,0.0998,-0.261
kp15 run1.txt,15,-15.0,1,349.000,0.0991,-0.272
kp15 run1.txt,15,-15.0,1,350.000,0.1017,0.302
kp15 run1.txt,15,-15.0,1,351.000,0.0998,-0.261
kp15 run1.txt,15,-15.0,1,352.000,0.0998,-0.261
kp15 run1.txt,15,-15.0,1,353.000,0.1006,0.286
kp15 run1.txt,15,-15.0,1,354.000,0.1013,0.296
kp15 run1.txt,15,-15.0,1,355.000,0.0984,-0.283
kp15 run1.txt,15,-15.0,1,356.000,0.0998,-0.261
kp15 run1.txt,15,-15.0,1,357.000,0.1006,0.286
kp15 run1.txt,15,-15.0,1,358.000,0.0998,-0.261
kp15 run1.txt,15,-15.0,1,359.000,0.0998,-0.261
kp15 run1.txt,15,-15.0,1,360.000,0.0984,-0.283
kp15 run1.txt,15,-15.0,1,361.000,0.0995,-0.267
kp15 run1.txt,15,-15.0,1,362.000,0.0998,-0.261
kp15 run1.txt,15,-15.0,1,363.000,0.0987,-0.278
kp15 run1.txt,15,-15.0,1,364.000,0.1006,0.286
kp15 run1.txt,15,-15.0,1,365.000,0.0998,-0.261
kp15 run1.txt,15,-15.0,1,366.000,0.0987,-0.278
kp15 run1.txt,15,-15.0,1,367.000,0.0998,-0.261
kp15 run1.txt,15,-15.0,1,368.000,0.0998,-0.261
kp15 run1.txt,15,-15.0,1,369.000,0.0991,-0.272
kp15 run1.txt,15,-15.0,1,370.000,0.0998,-0.261
kp15 run1.txt,15,-15.0,1,371.000,0.0998,-0.261
kp15 run1.txt,15,-15.0,1,372.000,0.0984,-0.283
kp15 run1.txt,15,-15.0,1,373.000,0.1079,0.395
kp15 run1.txt,15,-15.0,1,374.000,0.0991,-0.272
kp15 run1.txt,15,-15.0,1,375.000,0.1108,0.439
kp15 run1.txt,15,-15.0,1,376.000,0.1006,0.286
kp15 run1.txt,15,-15.0,1,377.000,0.0998,-0.261
kp15 run1.txt,15,-15.0,1,378.000,0.1035,0.329
kp15 run1.txt,15,-15.0,1,379.000,0.1013,0.296
kp15 run1.txt,15,-15.0,1,380.000,0.102,0.307
kp15 run1.txt,15,-15.0,1,381.000,0.102,0.307
kp15 run1.txt,15,-15.0,1,382.000,0.0874,-0.447
kp15 run1.txt,15,-15.0,1,383.000,0.098,-0.289
kp15 run1.txt,15,-15.0,1,384.000,0.0955,-0.327
kp15 run1.txt,15,-15.0,1,385.000,0.0969,-0.305
kp15 run1.txt,15,-15.0,1,386.000,0.0984,-0.283
kp15 run1.txt,15,-15.0,1,387.000,0.1017,0.302
kp15 run1.txt,15,-15.0,1,388.000,0.0991,-0.272
kp15 run1.txt,15,-15.0,1,389.000,0.0984,-0.283
kp15 run1.txt,15,-15.0,1,390.024,0.0947,-0.338
kp15 run1.txt,15,-15.0,1,391.000,0.0995,-0.267
kp15 run1.txt,15,-15.0,1,392.000,0.102,0.307
kp15 run1.txt,15,-15.0,1,393.000,0.0867,-0.458
kp15 run1.txt,15,-15.0,1,394.000,0.1049,0.351
kp15 run1.txt,15,-15.0,1,395.000,0.1035,0.329
kp15 run1.txt,15,-15.0,1,396.000,0.1006,0.286
kp15 run1.txt,15,-15.0,1,397.000,0.094,-0.349
kp15 run1.txt,15,-15.0,1,398.000,0.0998,-0.261
kp15 run1.txt,15,-15.0,1,399.000,0.0984,-0.283
kp15 run1.txt,15,-15.0,1,400.000,0.1028,0.318
kp15 run1.txt,15,-15.0,1,401.000,0.0987,-0.278
kp15 run1.txt,15,-15.0,1,402.000,0.102,0.307
kp15 run1.txt,15,-15.0,1,403.000,0.0984,-0.283
kp15 run1.txt,15,-15.0,1,404.000,0.0991,-0.272
kp15 run1.txt,15,-15.0,1,405.000,0.0969,-0.305
kp15 run1.txt,15,-15.0,1,406.000,0.1013,0.296
kp15 run1.txt,15,-15.0,1,407.000,0.1006,0.286
kp15 run1.txt,15,-15.0,1,408.000,0.0998,-0.261
kp15 run1.txt,15,-15.0,1,409.000,0.1028,0.318
kp15 run1.txt,15,-15.0,1,410.000,0.0991,-0.272
kp15 run1.txt,15,-15.0,1,411.000,0.1009,0.291
kp15 run1.txt,15,-15.0,1,412.000,0.1042,0.34
kp15 run1.txt,15,-15.0,1,413.000,0.1035,0.329
kp15 run1.txt,15,-15.0,1,414.000,0.0991,-0.272
kp15 run1.txt,15,-15.0,1,415.000,0.102,0.307
kp15 run1.txt,15,-15.0,1,416.000,0.0977,-0.294
kp15 run1.txt,15,-15.0,1,417.000,0.0998,-0.261
kp15 run1.txt,15,-15.0,1,418.000,0.0973,-0.3
kp15 run1.txt,15,-15.0,1,419.000,0.0998,-0.261
kp15 run1.txt,15,-15.0,1,420.000,0.1028,0.318
kp15 run1.txt,15,-15.0,1,421.000,0.0991,-0.272
kp15 run1.txt,15,-15.0,1,422.000,0.0998,-0.261
kp15 run1.txt,15,-15.0,1,423.000,0.1006,0.286
kp15 run1.txt,15,-15.0,1,424.000,0.0998,-0.261
kp15 run1.txt,15,-15.0,1,425.000,0.1006,0.286
kp15 run1.txt,15,-15.0,1,426.000,0.0973,-0.3
kp15 run1.txt,15,-15.0,1,427.000,0.1071,0.384
kp15 run1.txt,15,-15.0,1,428.000,0.1013,0.296
kp15 run1.txt,15,-15.0,1,429.000,0.0991,-0.272
kp15 run1.txt,15,-15.0,1,430.000,0.1006,0.286
kp15 run1.txt,15,-15.0,1,431.000,0.0867,-0.458
kp15 run1.txt,15,-15.0,1,432.000,0.0998,-0.261
kp15 run1.txt,15,-15.0,1,433.000,0.102,0.307
kp15 run1.txt,15,-15.0,1,434.000,0.1049,0.351
kp15 run1.txt,15,-15.0,1,435.000,0.1028,0.318
kp15 run1.txt,15,-15.0,1,436.000,0.0958,-0.322
kp15 run1.txt,15,-15.0,1,437.000,0.0998,-0.261
kp15 run1.txt,15,-15.0,1,438.000,0.1028,0.318
kp15 run1.txt,15,-15.0,1,439.000,0.1013,0.296
kp15 run1.txt,15,-15.0,1,440.000,0.1006,0.286
kp15 run1.txt,15,-15.0,1,441.000,0.1006,0.286
kp15 run1.txt,15,-15.0,1,442.000,0.0882,-0.436
kp15 run1.txt,15,-15.0,1,443.000,0.1006,0.286
kp15 run1.txt,15,-15.0,1,444.000,0.0987,-0.278
kp15 run1.txt,15,-15.0,1,445.000,0.1002,0.28
kp15 run1.txt,15,-15.0,1,446.000,0.0969,-0.305
kp15 run1.txt,15,-15.0,1,447.000,0.1009,0.291
kp15 run1.txt,15,-15.0,1,448.000,0.1017,0.302
kp15 run1.txt,15,-15.0,1,449.000,0.1006,0.286
kp15 run1.txt,15,-15.0,1,450.000,0.102,0.307
kp15 run1.txt,15,-15.0,1,451.000,0.1028,0.318
kp15 run1.txt,15,-15.0,1,452.000,0.0991,-0.272
kp15 run1.txt,15,-15.0,1,453.000,0.0987,-0.278
kp15 run1.txt,15,-15.0,1,454.000,0.0998,-0.261
kp15 run1.txt,15,-15.0,1,455.000,0.1042,0.34
kp15 run1.txt,15,-15.0,1,456.000,0.102,0.307
kp15 run1.txt,15,-15.0,1,457.000,0.0991,-0.272
kp15 run1.txt,15,-15.0,1,458.000,0.0991,-0.272
kp15 run1.txt,15,-15.0,1,459.000,0.0991,-0.272
kp15 run1.txt,15,-15.0,1,460.000,0.0962,-0.316
kp15 run1.txt,15,-15.0,1,461.000,0.0995,-0.267
kp15 run1.txt,15,-15.0,1,462.000,0.0947,-0.338
kp15 run1.txt,15,-15.0,1,463.000,0.0969,-0.305
kp15 run1.txt,15,-15.0,1,464.000,0.1013,0.296
kp15 run1.txt,15,-15.0,1,465.000,0.1017,0.302
kp15 run1.txt,15,-15.0,1,466.000,0.0977,-0.294
kp15 run1.txt,15,-15.0,1,467.000,0.1009,0.291
kp15 run1.txt,15,-15.0,1,468.000,0.0977,-0.294
kp15 run1.txt,15,-15.0,1,469.000,0.1017,0.302
kp15 run1.txt,15,-15.0,1,470.000,0.102,0.307
kp15 run1.txt,15,-15.0,1,471.000,0.0995,-0.267
kp15 run1.txt,15,-15.0,1,472.000,0.1006,0.286
kp15 run1.txt,15,-15.0,1,473.000,0.1006,0.286
kp15 run1.txt,15,-15.0,1,474.000,0.1035,0.329
kp15 run1.txt,15,-15.0,1,475.000,0.1006,0.286
kp15 run1.txt,15,-15.0,1,476.000,0.0987,-0.278
kp15 run1.txt,15,-15.0,1,477.000,0.1035,0.329
kp15 run1.txt,15,-15.0,1,478.000,0.0958,-0.322
kp15 run1.txt,15,-15.0,1,479.000,0.1093,0.417
kp15 run1.txt,15,-15.0,1,480.000,0.0998,-0.261
kp15 run1.txt,15,-15.0,1,481.000,0.102,0.307
kp15 run1.txt,15,-15.0,1,482.000,0.1006,0.286
kp15 run1.txt,15,-15.0,1,483.000,0.1013,0.296
kp15 run1.txt,15,-15.0,1,484.000,0.0987,-0.278
kp15 run1.txt,15,-15.0,1,485.000,0.0991,-0.272
kp15 run1.txt,15,-15.0,1,486.000,0.1006,0.286
kp15 run1.txt,15,-15.0,1,487.000,0.0958,-0.322
kp15 run1.txt,15,-15.0,1,488.000,0.0998,-0.261
kp15 run1.txt,15,-15.0,1,489.000,0.0998,-0.261
kp15 run1.txt,15,-15.0,1,490.000,0.1115,0.45
kp15 run1.txt,15,-15.0,1,491.000,0.1006,0.286
kp15 run1.txt,15,-15.0,1,492.000,0.1013,0.296
kp15 run1.txt,15,-15.0,1,493.000,0.1013,0.296
kp15 run1.txt,15,-15.0,1,494.000,0.098,-0.289
kp15 run1.txt,15,-15.0,1,495.000,0.1006,0.286
kp15 run1.txt,15,-15.0,1,496.000,0.1035,0.329
kp15 run1.txt,15,-15.0,1,497.000,0.1013,0.296
kp15 run1.txt,15,-15.0,1,498.000,0.0998,-0.261
kp15 run1.txt,15,-15.0,1,499.000,0.0998,-0.261
kp15 run1.txt,15,-15.0,1,500.000,0.1028,0.318
kp15 run1.txt,15,-15.0,1,501.000,0.0995,-0.267
kp15 run1.txt,15,-15.0,1,502.000,0.0955,-0.327
kp15 run1.txt,15,-15.0,1,503.000,0.0998,-0.261
kp15 run1.txt,15,-15.0,1,504.000,0.1006,0.286
kp15 run1.txt,15,-15.0,1,505.000,0.0911,-0.393
kp15 run1.txt,15,-15.0,1,506.000,0.102,0.307
kp15 run1.txt,15,-15.0,1,507.000,0.0998,-0.261
kp15 run1.txt,15,-15.0,1,508.000,0.1035,0.329
kp15 run1.txt,15,-15.0,1,509.000,0.0995,-0.267
kp15 run1.txt,15,-15.0,1,510.000,0.1002,0.28
kp15 run1.txt,15,-15.0,1,511.000,0.0987,-0.278
kp15 run1.txt,15,-15.0,1,512.000,0.1013,0.296
kp15 run1.txt,15,-15.0,1,513.000,0.0984,-0.283
kp15 run1.txt,15,-15.0,1,514.000,0.1006,0.286
kp15 run1.txt,15,-15.0,1,515.000,0.1017,0.302
kp15 run1.txt,15,-15.0,1,516.000,0.0998,-0.261
kp15 run1.txt,15,-15.0,1,517.000,0.1009,0.291
kp15 run1.txt,15,-15.0,1,518.000,0.0998,-0.261
kp15 run1.txt,15,-15.0,1,519.000,0.1028,0.318
kp15 run1.txt,15,-15.0,1,520.000,0.0998,-0.261
kp15 run1.txt,15,-15.0,1,521.000,0.1006,0.286
kp15 run1.txt,15,-15.0,1,522.000,0.1035,0.329
kp15 run1.txt,15,-15.0,1,523.000,0.0998,-0.261
kp15 run1.txt,15,-15.0,1,524.000,0.0995,-0.267
kp15 run1.txt,15,-15.0,1,525.000,0.0998,-0.261
kp15 run1.txt,15,-15.0,1,526.000,0.0998,-0.261
kp15 run1.txt,15,-15.0,1,527.000,0.1013,0.296
kp15 run1.txt,15,-15.0,1,528.000,0.0991,-0.272
kp15 run1.txt,15,-15.0,1,529.000,0.1009,0.291
kp15 run1.txt,15,-15.0,1,530.000,0.1006,0.286
kp15 run1.txt,15,-15.0,1,531.000,0.1013,0.296
kp15 run1.txt,15,-15.0,1,532.000,0.102,0.307
kp15 run1.txt,15,-15.0,1,533.000,0.1006,0.286
kp15 run1.txt,15,-15.0,1,534.000,0.0977,-0.294
kp15 run1.txt,15,-15.0,1,535.000,0.0995,-0.267
kp15 run1.txt,15,-15.0,1,536.000,0.0984,-0.283
kp15 run1.txt,15,-15.0,1,537.000,0.0998,-0.261
kp15 run1.txt,15,-15.0,1,538.000,0.0984,-0.283
kp15 run1.txt,15,-15.0,1,539.000,0.0966,-0.311
kp15 run1.txt,15,-15.0,1,540.000,0.1006,0.286
kp15 run1.txt,15,-15.0,1,541.000,0.1013,0.296
kp15 run1.txt,15,-15.0,1,542.000,0.0969,-0.305
kp15 run1.txt,15,-15.0,1,543.000,0.1013,0.296
kp15 run1.txt,15,-15.0,1,544.000,0.0958,-0.322
kp15 run1.txt,15,-15.0,1,545.000,0.1049,0.351
kp15 run1.txt,15,-15.0,1,546.000,0.1009,0.291
kp15 run1.txt,15,-15.0,1,547.000,0.1035,0.329
kp15 run1.txt,15,-15.0,1,548.000,0.1035,0.329
kp15 run1.txt,15,-15.0,1,549.000,0.1017,0.302
kp15 run1.txt,15,-15.0,1,550.000,0.0998,-0.261
kp15 run1.txt,15,-15.0,1,551.000,0.0962,-0.316
kp15 run1.txt,15,-15.0,1,552.000,0.1009,0.291
kp15 run1.txt,15,-15.0,1,553.000,0.102,0.307
kp15 run1.txt,15,-15.0,1,554.000,0.0998,-0.261
kp15 run1.txt,15,-15.0,1,555.000,0.1006,0.286
kp15 run1.txt,15,-15.0,1,556.000,0.0973,-0.3
kp15 run1.txt,15,-15.0,1,557.000,0.098,-0.289
kp15 run1.txt,15,-15.0,1,558.000,0.1006,0.286
kp15 run1.txt,15,-15.0,1,559.000,0.1013,0.296
kp15 run1.txt,15,-15.0,1,560.000,0.0984,-0.283
kp15 run1.txt,15,-15.0,1,561.000,0.0969,-0.305
kp15 run1.txt,15,-15.0,1,562.000,0.0998,-0.261
kp15 run1.txt,15,-15.0,1,563.000,0.098,-0.289
kp15 run1.txt,15,-15.0,1,564.000,0.1024,0.313
kp15 run1.txt,15,-15.0,1,565.000,0.0998,-0.261
kp15 run1.txt,15,-15.0,1,566.000,0.0998,-0.261
kp15 run1.txt,15,-15.0,1,567.000,0.1017,0.302
kp15 run1.txt,15,-15.0,1,568.000,0.1224,0.614
kp15 run1.txt,15,-15.0,1,569.000,0.1013,0.296
kp15 run1.txt,15,-15.0,1,570.000,0.0984,-0.283
kp15 run1.txt,15,-15.0,1,571.000,0.0984,-0.283
kp15 run1.txt,15,-15.0,1,572.000,0.0998,-0.261
kp15 run1.txt,15,-15.0,1,573.000,0.0991,-0.272
kp15 run1.txt,15,-15.0,1,574.000,0.0991,-0.272
kp15 run1.txt,15,-15.0,1,575.000,0.1046,0.346
kp15 run1.txt,15,-15.0,1,576.000,0.0991,-0.272
kp15 run1.txt,15,-15.0,1,577.000,0.1009,0.291
kp15 run1.txt,15,-15.0,1,578.000,0.0984,-0.283
kp15 run1.txt,15,-15.0,1,579.000,0.102,0.307
kp15 run1.txt,15,-15.0,1,580.000,0.1006,0.286
kp15 run1.txt,15,-15.0,1,581.000,0.1013,0.296
kp15 run1.txt,15,-15.0,1,582.000,0.0977,-0.294
kp15 run1.txt,15,-15.0,1,583.000,0.1006,0.286
kp15 run1.txt,15,-15.0,1,584.000,0.1009,0.291
kp15 run1.txt,15,-15.0,1,585.000,0.094,-0.349
kp15 run1.txt,15,-15.0,1,586.000,0.0987,-0.278
kp15 run1.txt,15,-15.0,1,587.000,0.0977,-0.294
kp15 run1.txt,15,-15.0,1,588.000,0.0911,-0.393
kp15 run1.txt,15,-15.0,1,589.000,0.0984,-0.283
kp15 run1.txt,15,-15.0,1,590.000,0.0991,-0.272
kp15 run1.txt,15,-15.0,1,591.000,0.0991,-0.272
kp15 run1.txt,15,-15.0,1,592.000,0.102,0.307
kp15 run1.txt,15,-15.0,1,593.000,0.1035,0.329
kp15 run1.txt,15,-15.0,1,594.000,0.0998,-0.261
kp15 run1.txt,15,-15.0,1,595.000,0.0998,-0.261
kp15 run1.txt,15,-15.0,1,596.000,0.1046,0.346
kp15 run1.txt,15,-15.0,1,597.000,0.0984,-0.283
kp15 run1.txt,15,-15.0,1,598.000,0.1009,0.291
kp15 run1.txt,15,-15.0,1,599.000,0.0998,-0.261
kp15 run1.txt,16,-15.0,-1,0.000,0.1013,3.296
kp15 run1.txt,16,-15.0,-1,1.000,0.1108,3.439
kp15 run1.txt,16,-15.0,-1,2.000,0.1534,4.078
kp15 run1.txt,16,-15.0,-1,3.000,0.0991,3.264
kp15 run1.txt,16,-15.0,-1,4.000,0.1057,3.362
kp15 run1.txt,16,-15.0,-1,5.000,0.1115,3.45
kp15 run1.txt,16,-15.0,-1,6.000,0.1075,3.389
kp15 run1.txt,16,-15.0,-1,7.000,0.1151,3.504
kp15 run1.txt,16,-15.0,-1,8.000,0.0933,3.176
kp15 run1.txt,16,-15.0,-1,9.000,0.094,3.187
kp15 run1.txt,16,-15.0,-1,10.000,0.1071,3.384
kp15 run1.txt,16,-15.0,-1,11.000,0.1042,3.34
kp15 run1.txt,16,-15.0,-1,12.000,0.0987,3.258
kp15 run1.txt,16,-15.0,-1,13.000,0.0933,3.176
kp15 run1.txt,16,-15.0,-1,14.000,0.0751,2.903
kp15 run1.txt,16,-15.0,-1,15.000,0.0823,3.012
kp15 run1.txt,16,-15.0,-1,16.000,0.0802,2.979
kp15 run1.txt,16,-15.0,-1,17.000,0.0747,2.897
kp15 run1.txt,16,-15.0,-1,18.000,0.0736,2.881
kp15 run1.txt,16,-15.0,-1,19.000,0.0699,2.826
kp15 run1.txt,16,-15.0,-1,20.000,0.0678,2.793
kp15 run1.txt,16,-15.0,-1,21.000,0.0627,2.717
kp15 run1.txt,16,-15.0,-1,22.000,0.0597,2.673
kp15 run1.txt,16,-15.0,-1,23.000,0.0572,2.635
kp15 run1.txt,16,-15.0,-1,24.000,0.0561,2.618
kp15 run1.txt,16,-15.0,-1,25.000,0.0495,2.52
kp15 run1.txt,16,-15.0,-1,26.000,0.0473,2.487
kp15 run1.txt,16,-15.0,-1,27.000,0.0481,2.498
kp15 run1.txt,16,-15.0,-1,28.000,0.0422,2.411
kp15 run1.txt,16,-15.0,-1,29.000,0.0386,2.356
kp15 run1.txt,16,-15.0,-1,30.000,0.0328,2.268
kp15 run1.txt,16,-15.0,-1,31.000,0.0299,2.225
kp15 run1.txt,16,-15.0,-1,32.000,0.0266,2.176
kp15 run1.txt,16,-15.0,-1,33.000,0.0226,2.115
kp15 run1.txt,16,-15.0,-1,34.000,0.0218,2.104
kp15 run1.txt,16,-15.0,-1,35.000,0.0171,2.033
kp15 run1.txt,16,-15.0,-1,36.000,0.0153,2.006
kp15 run1.txt,16,-15.0,-1,37.000,0.0094,1.919
kp15 run1.txt,16,-15.0,-1,38.000,0.0058,1.864
kp15 run1.txt,16,-15.0,-1,39.000,0.0029,1.82
kp15 run1.txt,16,-15.0,-1,40.000,0.0051,1.853
kp15 run1.txt,16,-15.0,-1,41.000,-0.0059,1.689
kp15 run1.txt,16,-15.0,-1,42.000,-0.0051,1.7
kp15 run1.txt,16,-15.0,-1,43.000,-0.0117,1.601
kp15 run1.txt,16,-15.0,-1,44.000,-0.0081,1.656
kp15 run1.txt,16,-15.0,-1,45.000,-0.0146,1.558
kp15 run1.txt,16,-15.0,-1,46.000,-0.019,1.492
kp15 run1.txt,16,-15.0,-1,47.000,-0.0263,1.383
kp15 run1.txt,16,-15.0,-1,48.000,-0.0237,1.421
kp15 run1.txt,16,-15.0,-1,49.000,-0.0256,1.394
kp15 run1.txt,16,-15.0,-1,50.000,-0.0321,1.295
kp15 run1.txt,16,-15.0,-1,51.000,-0.035,1.251
kp15 run1.txt,16,-15.0,-1,52.000,-0.0379,1.208
kp15 run1.txt,16,-15.0,-1,53.000,-0.0394,1.186
kp15 run1.txt,16,-15.0,-1,54.000,-0.0445,1.109
kp15 run1.txt,16,-15.0,-1,55.000,-0.0474,1.066
kp15 run1.txt,16,-15.0,-1,56.000,-0.0525,0.989
kp15 run1.txt,16,-15.0,-1,57.000,-0.0489,1.044
kp15 run1.txt,16,-15.0,-1,58.000,-0.054,0.967
kp15 run1.txt,16,-15.0,-1,59.000,-0.0569,0.923
kp15 run1.txt,16,-15.0,-1,60.000,-0.0595,0.885
kp15 run1.txt,16,-15.0,-1,61.000,-0.0591,0.891
kp15 run1.txt,16,-15.0,-1,62.000,-0.0642,0.814
kp15 run1.txt,16,-15.0,-1,63.000,-0.0649,0.803
kp15 run1.txt,16,-15.0,-1,64.000,-0.0686,0.748
kp15 run1.txt,16,-15.0,-1,65.000,-0.0671,0.77
kp15 run1.txt,16,-15.0,-1,66.000,-0.0693,0.738
kp15 run1.txt,16,-15.0,-1,67.000,-0.0759,0.639
kp15 run1.txt,16,-15.0,-1,68.000,-0.081,0.563
kp15 run1.txt,16,-15.0,-1,69.000,-0.0737,0.672
kp15 run1.txt,16,-15.0,-1,70.000,-0.0773,0.617
kp15 run1.txt,16,-15.0,-1,71.000,-0.0875,0.464
kp15 run1.txt,16,-15.0,-1,72.000,-0.0868,0.475
kp15 run1.txt,16,-15.0,-1,73.000,-0.089,0.442
kp15 run1.txt,16,-15.0,-1,74.000,-0.089,0.442
kp15 run1.txt,16,-15.0,-1,75.000,-0.0926,0.388
kp15 run1.txt,16,-15.0,-1,76.000,-0.1047,-0.329
kp15 run1.txt,16,-15.0,-1,77.000,-0.0868,0.475
kp15 run1.txt,16,-15.0,-1,78.000,-0.0992,0.289
kp15 run1.txt,16,-15.0,-1,79.000,-0.0762,0.634
kp15 run1.txt,16,-15.0,-1,80.000,-0.1021,-0.291
kp15 run1.txt,16,-15.0,-1,81.000,-0.1021,-0.291
kp15 run1.txt,16,-15.0,-1,82.000,-0.081,0.563
kp15 run1.txt,16,-15.0,-1,83.000,-0.1003,-0.263
kp15 run1.txt,16,-15.0,-1,84.000,-0.1036,-0.312
kp15 run1.txt,16,-15.0,-1,85.000,-0.1094,-0.4
kp15 run1.txt,16,-15.0,-1,86.000,-0.1094,-0.4
kp15 run1.txt,16,-15.0,-1,87.000,-0.1105,-0.416
kp15 run1.txt,16,-15.0,-1,88.000,-0.1254,-0.641
kp15 run1.txt,16,-15.0,-1,89.000,-0.1094,-0.4
kp15 run1.txt,16,-15.0,-1,90.000,-0.1116,-0.433
kp15 run1.txt,16,-15.0,-1,91.000,-0.1123,-0.444
kp15 run1.txt,16,-15.0,-1,92.000,-0.1145,-0.476
kp15 run1.txt,16,-15.0,-1,93.000,-0.1098,-0.405
kp15 run1.txt,16,-15.0,-1,94.000,-0.1149,-0.482
kp15 run1.txt,16,-15.0,-1,95.000,-0.1134,-0.46
kp15 run1.txt,16,-15.0,-1,96.000,-0.1141,-0.471
kp15 run1.txt,16,-15.0,-1,97.000,-0.116,-0.498
kp15 run1.txt,16,-15.0,-1,98.000,-0.1171,-0.515
kp15 run1.txt,16,-15.0,-1,99.000,-0.1167,-0.509
kp15 run1.txt,16,-15.0,-1,100.000,-0.116,-0.498
kp15 run1.txt,16,-15.0,-1,101.000,-0.1138,-0.466
kp15 run1.txt,16,-15.0,-1,102.000,-0.1145,-0.476
kp15 run1.txt,16,-15.0,-1,103.000,-0.116,-0.498
kp15 run1.txt,16,-15.0,-1,104.000,-0.1138,-0.466
kp15 run1.txt,16,-15.0,-1,105.000,-0.116,-0.498
kp15 run1.txt,16,-15.0,-1,106.000,-0.116,-0.498
kp15 run1.txt,16,-15.0,-1,107.000,-0.116,-0.498
kp15 run1.txt,16,-15.0,-1,108.000,-0.113,-0.455
kp15 run1.txt,16,-15.0,-1,109.000,-0.1167,-0.509
kp15 run1.txt,16,-15.0,-1,110.000,-0.1116,-0.433
kp15 run1.txt,16,-15.0,-1,111.000,-0.1167,-0.509
kp15 run1.txt,16,-15.0,-1,112.000,-0.113,-0.455
kp15 run1.txt,16,-15.0,-1,113.000,-0.1167,-0.509
kp15 run1.txt,16,-15.0,-1,114.000,-0.1167,-0.509
kp15 run1.txt,16,-15.0,-1,115.000,-0.1101,-0.411
kp15 run1.txt,16,-15.0,-1,116.000,-0.1145,-0.476
kp15 run1.txt,16,-15.0,-1,117.000,-0.1138,-0.466
kp15 run1.txt,16,-15.0,-1,118.000,-0.1079,-0.378
kp15 run1.txt,16,-15.0,-1,119.000,-0.1141,-0.471
kp15 run1.txt,16,-15.0,-1,120.000,-0.1145,-0.476
kp15 run1.txt,16,-15.0,-1,121.000,-0.1145,-0.476
kp15 run1.txt,16,-15.0,-1,122.000,-0.1138,-0.466
kp15 run1.txt,16,-15.0,-1,123.000,-0.1138,-0.466
kp15 run1.txt,16,-15.0,-1,124.000,-0.116,-0.498
kp15 run1.txt,16,-15.0,-1,125.000,-0.1141,-0.471
kp15 run1.txt,16,-15.0,-1,126.000,-0.1141,-0.471
kp15 run1.txt,16,-15.0,-1,127.000,-0.1123,-0.444
kp15 run1.txt,16,-15.0,-1,128.000,-0.1127,-0.449
kp15 run1.txt,16,-15.0,-1,129.000,-0.1141,-0.471
kp15 run1.txt,16,-15.0,-1,130.000,-0.116,-0.498
kp15 run1.txt,16,-15.0,-1,131.000,-0.1119,-0.438
kp15 run1.txt,16,-15.0,-1,132.000,-0.1109,-0.422
kp15 run1.txt,16,-15.0,-1,133.000,-0.1116,-0.433
kp15 run1.txt,16,-15.0,-1,134.000,-0.1098,-0.405
kp15 run1.txt,16,-15.0,-1,135.000,-0.1229,-0.602
kp15 run1.txt,16,-15.0,-1,136.000,-0.1109,-0.422
kp15 run1.txt,16,-15.0,-1,137.000,-0.1101,-0.411
kp15 run1.txt,16,-15.0,-1,138.000,-0.1167,-0.509
kp15 run1.txt,16,-15.0,-1,139.000,-0.1065,-0.356
kp15 run1.txt,16,-15.0,-1,140.000,-0.1079,-0.378
kp15 run1.txt,16,-15.0,-1,141.000,-0.1079,-0.378
kp15 run1.txt,16,-15.0,-1,142.000,-0.1065,-0.356
kp15 run1.txt,16,-15.0,-1,143.000,-0.1072,-0.367
kp15 run1.txt,16,-15.0,-1,144.000,-0.1079,-0.378
kp15 run1.txt,16,-15.0,-1,145.000,-0.1025,-0.296
kp15 run1.txt,16,-15.0,-1,146.000,-0.105,-0.334
kp15 run1.txt,16,-15.0,-1,147.000,-0.1036,-0.312
kp15 run1.txt,16,-15.0,-1,148.000,-0.1036,-0.312
kp15 run1.txt,16,-15.0,-1,149.000,-0.1043,-0.323
kp15 run1.txt,16,-15.0,-1,150.000,-0.105,-0.334
kp15 run1.txt,16,-15.0,-1,151.000,-0.1036,-0.312
kp15 run1.txt,16,-15.0,-1,152.000,-0.1043,-0.323
kp15 run1.txt,16,-15.0,-1,153.000,-0.1021,-0.291
kp15 run1.txt,16,-15.0,-1,154.000,-0.1017,-0.285
kp15 run1.txt,16,-15.0,-1,155.000,-0.1014,-0.28
kp15 run1.txt,16,-15.0,-1,156.000,-0.1014,-0.28
kp15 run1.txt,16,-15.0,-1,157.000,-0.1014,-0.28
kp15 run1.txt,16,-15.0,-1,158.000,-0.0985,0.3
kp15 run1.txt,16,-15.0,-1,159.000,-0.1025,-0.296
kp15 run1.txt,16,-15.0,-1,160.000,-0.0908,0.415
kp15 run1.txt,16,-15.0,-1,161.000,-0.0985,0.3
kp15 run1.txt,16,-15.0,-1,162.000,-0.0999,0.278
kp15 run1.txt,16,-15.0,-1,163.000,-0.0992,0.289
kp15 run1.txt,16,-15.0,-1,164.000,-0.0992,0.289
kp15 run1.txt,16,-15.0,-1,165.000,-0.1079,-0.378
kp15 run1.txt,16,-15.0,-1,166.000,-0.1006,-0.269
kp15 run1.txt,16,-15.0,-1,167.000,-0.1014,-0.28
kp15 run1.txt,16,-15.0,-1,168.000,-0.0977,0.311
kp15 run1.txt,16,-15.0,-1,169.000,-0.0992,0.289
kp15 run1.txt,16,-15.0,-1,170.000,-0.0974,0.317
kp15 run1.txt,16,-15.0,-1,171.000,-0.1036,-0.312
kp15 run1.txt,16,-15.0,-1,172.000,-0.0966,0.327
kp15 run1.txt,16,-15.0,-1,173.000,-0.0992,0.289
kp15 run1.txt,16,-15.0,-1,174.000,-0.097,0.322
kp15 run1.txt,16,-15.0,-1,175.000,-0.0977,0.311
kp15 run1.txt,16,-15.0,-1,176.000,-0.0985,0.3
kp15 run1.txt,16,-15.0,-1,177.000,-0.0985,0.3
kp15 run1.txt,16,-15.0,-1,178.000,-0.0992,0.289
kp15 run1.txt,16,-15.0,-1,179.000,-0.0985,0.3
kp15 run1.txt,16,-15.0,-1,180.000,-0.0985,0.3
kp15 run1.txt,16,-15.0,-1,181.000,-0.0963,0.333
kp15 run1.txt,16,-15.0,-1,182.000,-0.0948,0.355
kp15 run1.txt,16,-15.0,-1,183.000,-0.0996,0.284
kp15 run1.txt,16,-15.0,-1,184.000,-0.0963,0.333
kp15 run1.txt,16,-15.0,-1,185.000,-0.097,0.322
kp15 run1.txt,16,-15.0,-1,186.000,-0.1021,-0.291
kp15 run1.txt,16,-15.0,-1,187.000,-0.0974,0.317
kp15 run1.txt,16,-15.0,-1,188.000,-0.0985,0.3
kp15 run1.txt,16,-15.0,-1,189.000,-0.097,0.322
kp15 run1.txt,16,-15.0,-1,190.000,-0.0955,0.344
kp15 run1.txt,16,-15.0,-1,191.000,-0.0955,0.344
kp15 run1.txt,16,-15.0,-1,192.000,-0.0985,0.3
kp15 run1.txt,16,-15.0,-1,193.000,-0.0963,0.333
kp15 run1.txt,16,-15.0,-1,194.000,-0.0963,0.333
kp15 run1.txt,16,-15.0,-1,195.000,-0.0985,0.3
kp15 run1.txt,16,-15.0,-1,196.000,-0.0992,0.289
kp15 run1.txt,16,-15.0,-1,197.000,-0.0963,0.333
kp15 run1.txt,16,-15.0,-1,198.000,-0.0977,0.311
kp15 run1.txt,16,-15.0,-1,199.000,-0.0963,0.333
kp15 run1.txt,16,-15.0,-1,200.000,-0.0977,0.311
kp15 run1.txt,16,-15.0,-1,201.000,-0.0966,0.327
kp15 run1.txt,16,-15.0,-1,202.000,-0.0985,0.3
kp15 run1.txt,16,-15.0,-1,203.000,-0.0996,0.284
kp15 run1.txt,16,-15.0,-1,204.000,-0.097,0.322
kp15 run1.txt,16,-15.0,-1,205.000,-0.0955,0.344
kp15 run1.txt,16,-15.0,-1,206.000,-0.0977,0.311
kp15 run1.txt,16,-15.0,-1,207.000,-0.0897,0.431
kp15 run1.txt,16,-15.0,-1,208.000,-0.0985,0.3
kp15 run1.txt,16,-15.0,-1,209.000,-0.0963,0.333
kp15 run1.txt,16,-15.0,-1,210.000,-0.0977,0.311
kp15 run1.txt,16,-15.0,-1,211.000,-0.0985,0.3
kp15 run1.txt,16,-15.0,-1,212.000,-0.1006,-0.269
kp15 run1.txt,16,-15.0,-1,213.000,-0.0999,0.278
kp15 run1.txt,16,-15.0,-1,214.000,-0.097,0.322
kp15 run1.txt,16,-15.0,-1,215.000,-0.1021,-0.291
kp15 run1.txt,16,-15.0,-1,216.000,-0.1014,-0.28
kp15 run1.txt,16,-15.0,-1,217.000,-0.1028,-0.302
kp15 run1.txt,16,-15.0,-1,218.000,-0.0963,0.333
kp15 run1.txt,16,-15.0,-1,219.000,-0.1065,-0.356
kp15 run1.txt,16,-15.0,-1,220.000,-0.1025,-0.296
kp15 run1.txt,16,-15.0,-1,221.000,-0.0999,0.278
kp15 run1.txt,16,-15.0,-1,222.000,-0.1006,-0.269
kp15 run1.txt,16,-15.0,-1,223.000,-0.1021,-0.291
kp15 run1.txt,16,-15.0,-1,224.000,-0.1072,-0.367
kp15 run1.txt,16,-15.0,-1,225.000,-0.1014,-0.28
kp15 run1.txt,16,-15.0,-1,226.000,-0.1028,-0.302
kp15 run1.txt,16,-15.0,-1,227.000,-0.1036,-0.312
kp15 run1.txt,16,-15.0,-1,228.000,-0.0992,0.289
kp15 run1.txt,16,-15.0,-1,229.000,-0.1036,-0.312
kp15 run1.txt,16,-15.0,-1,230.000,-0.0999,0.278
kp15 run1.txt,16,-15.0,-1,231.000,-0.0996,0.284
kp15 run1.txt,16,-15.0,-1,232.000,-0.1014,-0.28
kp15 run1.txt,16,-15.0,-1,233.000,-0.0999,0.278
kp15 run1.txt,16,-15.0,-1,234.000,-0.1021,-0.291
kp15 run1.txt,16,-15.0,-1,235.000,-0.0992,0.289
kp15 run1.txt,16,-15.0,-1,236.000,-0.1021,-0.291
kp15 run1.txt,16,-15.0,-1,237.000,-0.1021,-0.291
kp15 run1.txt,16,-15.0,-1,238.000,-0.1014,-0.28
kp15 run1.txt,16,-15.0,-1,239.000,-0.1021,-0.291
kp15 run1.txt,16,-15.0,-1,240.000,-0.1025,-0.296
kp15 run1.txt,16,-15.0,-1,241.000,-0.1021,-0.291
kp15 run1.txt,16,-15.0,-1,242.000,-0.113,-0.455
kp15 run1.txt,16,-15.0,-1,243.000,-0.1006,-0.269
kp15 run1.txt,16,-15.0,-1,244.000,-0.1014,-0.28
kp15 run1.txt,16,-15.0,-1,245.000,-0.1036,-0.312
kp15 run1.txt,16,-15.0,-1,246.000,-0.1025,-0.296
kp15 run1.txt,16,-15.0,-1,247.000,-0.1171,-0.515
kp15 run1.txt,16,-15.0,-1,248.000,-0.1021,-0.291
kp15 run1.txt,16,-15.0,-1,249.000,-0.1101,-0.411
kp15 run1.txt,16,-15.0,-1,250.000,-0.1014,-0.28
kp15 run1.txt,16,-15.0,-1,251.000,-0.1036,-0.312
kp15 run1.txt,16,-15.0,-1,252.000,-0.1014,-0.28
kp15 run1.txt,16,-15.0,-1,253.000,-0.1025,-0.296
kp15 run1.txt,16,-15.0,-1,254.000,-0.1003,-0.263
kp15 run1.txt,16,-15.0,-1,255.000,-0.1014,-0.28
kp15 run1.txt,16,-15.0,-1,256.000,-0.1028,-0.302
kp15 run1.txt,16,-15.0,-1,257.000,-0.093,0.382
kp15 run1.txt,16,-15.0,-1,258.000,-0.0985,0.3
kp15 run1.txt,16,-15.0,-1,259.000,-0.1006,-0.269
kp15 run1.txt,16,-15.0,-1,260.000,-0.1014,-0.28
kp15 run1.txt,16,-15.0,-1,261.000,-0.1021,-0.291
kp15 run1.txt,16,-15.0,-1,262.000,-0.1014,-0.28
kp15 run1.txt,16,-15.0,-1,263.000,-0.1006,-0.269
kp15 run1.txt,16,-15.0,-1,264.000,-0.1025,-0.296
kp15 run1.txt,16,-15.0,-1,265.000,-0.1021,-0.291
kp15 run1.txt,16,-15.0,-1,266.000,-0.1036,-0.312
kp15 run1.txt,16,-15.0,-1,267.000,-0.0992,0.289
kp15 run1.txt,16,-15.0,-1,268.000,-0.0996,0.284
kp15 run1.txt,16,-15.0,-1,269.000,-0.1025,-0.296
kp15 run1.txt,16,-15.0,-1,270.000,-0.0952,0.349
kp15 run1.txt,16,-15.0,-1,271.000,-0.1006,-0.269
kp15 run1.txt,16,-15.0,-1,272.000,-0.1014,-0.28
kp15 run1.txt,16,-15.0,-1,273.000,-0.1014,-0.28
kp15 run1.txt,16,-15.0,-1,274.000,-0.1006,-0.269
kp15 run1.txt,16,-15.0,-1,275.000,-0.1006,-0.269
kp15 run1.txt,16,-15.0,-1,276.000,-0.1017,-0.285
kp15 run1.txt,16,-15.0,-1,277.000,-0.1072,-0.367
kp15 run1.txt,16,-15.0,-1,278.000,-0.0996,0.284
kp15 run1.txt,16,-15.0,-1,279.000,-0.0992,0.289
kp15 run1.txt,16,-15.0,-1,280.000,-0.0996,0.284
kp15 run1.txt,16,-15.0,-1,281.000,-0.1014,-0.28
kp15 run1.txt,16,-15.0,-1,282.000,-0.1014,-0.28
kp15 run1.txt,16,-15.0,-1,283.000,-0.0963,0.333
kp15 run1.txt,16,-15.0,-1,284.000,-0.0999,0.278
kp15 run1.txt,16,-15.0,-1,285.000,-0.0992,0.289
kp15 run1.txt,16,-15.0,-1,286.000,-0.0996,0.284
kp15 run1.txt,16,-15.0,-1,287.000,-0.0977,0.311
kp15 run1.txt,16,-15.0,-1,288.000,-0.1021,-0.291
kp15 run1.txt,16,-15.0,-1,289.000,-0.1065,-0.356
kp15 run1.txt,16,-15.0,-1,290.000,-0.1043,-0.323
kp15 run1.txt,16,-15.0,-1,291.000,-0.1043,-0.323
kp15 run1.txt,16,-15.0,-1,292.000,-0.0999,0.278
kp15 run1.txt,16,-15.0,-1,293.000,-0.1006,-0.269
kp15 run1.txt,16,-15.0,-1,294.000,-0.1014,-0.28
kp15 run1.txt,16,-15.0,-1,295.000,-0.1014,-0.28
kp15 run1.txt,16,-15.0,-1,296.000,-0.0999,0.278
kp15 run1.txt,16,-15.0,-1,297.000,-0.1028,-0.302
kp15 run1.txt,16,-15.0,-1,298.000,-0.1021,-0.291
kp15 run1.txt,16,-15.0,-1,299.000,-0.1017,-0.285
kp15 run1.txt,16,-15.0,-1,300.000,-0.1006,-0.269
kp15 run1.txt,16,-15.0,-1,301.000,-0.1014,-0.28
kp15 run1.txt,16,-15.0,-1,302.000,-0.105,-0.334
kp15 run1.txt,16,-15.0,-1,303.000,-0.0985,0.3
kp15 run1.txt,16,-15.0,-1,304.000,-0.1014,-0.28
kp15 run1.txt,16,-15.0,-1,305.000,-0.105,-0.334
kp15 run1.txt,16,-15.0,-1,306.000,-0.1014,-0.28
kp15 run1.txt,16,-15.0,-1,307.000,-0.0999,0.278
kp15 run1.txt,16,-15.0,-1,308.000,-0.0977,0.311
kp15 run1.txt,16,-15.0,-1,309.000,-0.1017,-0.285
kp15 run1.txt,16,-15.0,-1,310.000,-0.1014,-0.28
kp15 run1.txt,16,-15.0,-1,311.000,-0.0919,0.399
kp15 run1.txt,16,-15.0,-1,312.000,-0.1006,-0.269
kp15 run1.txt,16,-15.0,-1,313.000,-0.1025,-0.296
kp15 run1.txt,16,-15.0,-1,314.000,-0.1021,-0.291
kp15 run1.txt,16,-15.0,-1,315.000,-0.1006,-0.269
kp15 run1.txt,16,-15.0,-1,316.000,-0.1014,-0.28
kp15 run1.txt,16,-15.0,-1,317.000,-0.0996,0.284
kp15 run1.txt,16,-15.0,-1,318.000,-0.0988,0.295
kp15 run1.txt,16,-15.0,-1,319.000,-0.1014,-0.28
kp15 run1.txt,16,-15.0,-1,320.000,-0.1006,-0.269
kp15 run1.txt,16,-15.0,-1,321.000,-0.1006,-0.269
kp15 run1.txt,16,-15.0,-1,322.000,-0.0992,0.289
kp15 run1.txt,16,-15.0,-1,323.000,-0.1014,-0.28
kp15 run1.txt,16,-15.0,-1,324.000,-0.0985,0.3
kp15 run1.txt,16,-15.0,-1,325.000,-0.0919,0.399
kp15 run1.txt,16,-15.0,-1,326.000,-0.1006,-0.269
kp15 run1.txt,16,-15.0,-1,327.000,-0.0996,0.284
kp15 run1.txt,16,-15.0,-1,328.000,-0.1025,-0.296
kp15 run1.txt,16,-15.0,-1,329.000,-0.097,0.322
kp15 run1.txt,16,-15.0,-1,330.000,-0.0992,0.289
kp15 run1.txt,16,-15.0,-1,331.000,-0.0977,0.311
kp15 run1.txt,16,-15.0,-1,332.000,-0.1109,-0.422
kp15 run1.txt,16,-15.0,-1,333.000,-0.0999,0.278
kp15 run1.txt,16,-15.0,-1,334.000,-0.1101,-0.411
kp15 run1.txt,16,-15.0,-1,335.000,-0.0992,0.289
kp15 run1.txt,16,-15.0,-1,336.000,-0.0963,0.333
kp15 run1.txt,16,-15.0,-1,337.000,-0.105,-0.334
kp15 run1.txt,16,-15.0,-1,338.000,-0.1021,-0.291
kp15 run1.txt,16,-15.0,-1,339.000,-0.0999,0.278
kp15 run1.txt,16,-15.0,-1,340.000,-0.1006,-0.269
kp15 run1.txt,16,-15.0,-1,341.000,-0.0996,0.284
kp15 run1.txt,16,-15.0,-1,342.000,-0.1043,-0.323
kp15 run1.txt,16,-15.0,-1,343.000,-0.1006,-0.269
kp15 run1.txt,16,-15.0,-1,344.000,-0.1006,-0.269
kp15 run1.txt,16,-15.0,-1,345.000,-0.1116,-0.433
kp15 run1.txt,16,-15.0,-1,346.000,-0.1006,-0.269
kp15 run1.txt,16,-15.0,-1,347.000,-0.1014,-0.28
kp15 run1.txt,16,-15.0,-1,348.000,-0.1021,-0.291
kp15 run1.txt,16,-15.0,-1,349.000,-0.0934,0.377
kp15 run1.txt,16,-15.0,-1,350.000,-0.0996,0.284
kp15 run1.txt,16,-15.0,-1,351.000,-0.0992,0.289
kp15 run1.txt,16,-15.0,-1,352.000,-0.1006,-0.269
kp15 run1.txt,16,-15.0,-1,353.000,-0.0955,0.344
kp15 run1.txt,16,-15.0,-1,354.000,-0.0985,0.3
kp15 run1.txt,16,-15.0,-1,355.000,-0.1043,-0.323
kp15 run1.txt,16,-15.0,-1,356.000,-0.1014,-0.28
kp15 run1.txt,16,-15.0,-1,357.000,-0.0999,0.278
kp15 run1.txt,16,-15.0,-1,358.000,-0.0963,0.333
kp15 run1.txt,16,-15.0,-1,359.000,-0.0996,0.284
kp15 run1.txt,16,-15.0,-1,360.000,-0.0996,0.284
kp15 run1.txt,16,-15.0,-1,361.000,-0.0985,0.3
kp15 run1.txt,16,-15.0,-1,362.000,-0.1043,-0.323
kp15 run1.txt,16,-15.0,-1,363.000,-0.1003,-0.263
kp15 run1.txt,16,-15.0,-1,364.000,-0.0992,0.289
kp15 run1.txt,16,-15.0,-1,365.000,-0.1028,-0.302
kp15 run1.txt,16,-15.0,-1,366.000,-0.0992,0.289
kp15 run1.txt,16,-15.0,-1,367.000,-0.1014,-0.28
kp15 run1.txt,16,-15.0,-1,368.000,-0.0985,0.3
kp15 run1.txt,16,-15.0,-1,369.000,-0.1076,-0.373
kp15 run1.txt,16,-15.0,-1,370.000,-0.1079,-0.378
kp15 run1.txt,16,-15.0,-1,371.000,-0.1006,-0.269
kp15 run1.txt,16,-15.0,-1,372.000,-0.1021,-0.291
kp15 run1.txt,16,-15.0,-1,373.000,-0.101,-0.274
kp15 run1.txt,16,-15.0,-1,374.000,-0.0992,0.289
kp15 run1.txt,16,-15.0,-1,375.000,-0.1061,-0.351
kp15 run1.txt,16,-15.0,-1,376.000,-0.0996,0.284
kp15 run1.txt,16,-15.0,-1,377.000,-0.1003,-0.263
kp15 run1.txt,16,-15.0,-1,378.000,-0.1006,-0.269
kp15 run1.txt,16,-15.0,-1,379.000,-0.1006,-0.269
kp15 run1.txt,16,-15.0,-1,380.000,-0.1014,-0.28
kp15 run1.txt,16,-15.0,-1,381.000,-0.097,0.322
kp15 run1.txt,16,-15.0,-1,382.000,-0.0996,0.284
kp15 run1.txt,16,-15.0,-1,383.000,-0.0992,0.289
kp15 run1.txt,16,-15.0,-1,384.000,-0.0992,0.289
kp15 run1.txt,16,-15.0,-1,385.000,-0.0963,0.333
kp15 run1.txt,16,-15.0,-1,386.000,-0.1006,-0.269
kp15 run1.txt,16,-15.0,-1,387.000,-0.0919,0.399
kp15 run1.txt,16,-15.0,-1,388.000,-0.0996,0.284
kp15 run1.txt,16,-15.0,-1,389.000,-0.0868,0.475
kp15 run1.txt,16,-15.0,-1,390.000,-0.1087,-0.389
kp15 run1.txt,16,-15.0,-1,391.000,-0.1006,-0.269
kp15 run1.txt,16,-15.0,-1,392.000,-0.1006,-0.269
kp15 run1.txt,16,-15.0,-1,393.000,-0.1006,-0.269
kp15 run1.txt,16,-15.0,-1,394.000,-0.1006,-0.269
kp15 run1.txt,16,-15.0,-1,395.000,-0.1006,-0.269
kp15 run1.txt,16,-15.0,-1,396.000,-0.1025,-0.296
kp15 run1.txt,16,-15.0,-1,397.000,-0.1014,-0.28
kp15 run1.txt,16,-15.0,-1,398.000,-0.0963,0.333
kp15 run1.txt,16,-15.0,-1,399.000,-0.0999,0.278
kp15 run1.txt,16,-15.0,-1,400.008,-0.0977,0.311
kp15 run1.txt,16,-15.0,-1,401.000,-0.0996,0.284
kp15 run1.txt,16,-15.0,-1,402.000,-0.0948,0.355
kp15 run1.txt,16,-15.0,-1,403.000,-0.1014,-0.28
kp15 run1.txt,16,-15.0,-1,404.000,-0.1014,-0.28
kp15 run1.txt,16,-15.0,-1,405.000,-0.0985,0.3
kp15 run1.txt,16,-15.0,-1,406.000,-0.0985,0.3
kp15 run1.txt,16,-15.0,-1,407.000,-0.1021,-0.291
kp15 run1.txt,16,-15.0,-1,408.000,-0.1006,-0.269
kp15 run1.txt,16,-15.0,-1,409.000,-0.1021,-0.291
kp15 run1.txt,16,-15.0,-1,410.000,-0.0963,0.333
kp15 run1.txt,16,-15.0,-1,411.000,-0.0992,0.289
kp15 run1.txt,16,-15.0,-1,412.000,-0.1014,-0.28
kp15 run1.txt,16,-15.0,-1,413.000,-0.0996,0.284
kp15 run1.txt,16,-15.0,-1,414.000,-0.1014,-0.28
kp15 run1.txt,16,-15.0,-1,415.000,-0.1006,-0.269
kp15 run1.txt,16,-15.0,-1,416.000,-0.097,0.322
kp15 run1.txt,16,-15.0,-1,417.000,-0.0992,0.289
kp15 run1.txt,16,-15.0,-1,418.000,-0.101,-0.274
kp15 run1.txt,16,-15.0,-1,419.000,-0.1028,-0.302
kp15 run1.txt,16,-15.0,-1,420.000,-0.1043,-0.323
kp15 run1.txt,16,-15.0,-1,421.000,-0.0999,0.278
kp15 run1.txt,16,-15.0,-1,422.000,-0.0999,0.278
kp15 run1.txt,16,-15.0,-1,423.000,-0.105,-0.334
kp15 run1.txt,16,-15.0,-1,424.000,-0.0992,0.289
kp15 run1.txt,16,-15.0,-1,425.000,-0.0948,0.355
kp15 run1.txt,16,-15.0,-1,426.000,-0.0985,0.3
kp15 run1.txt,16,-15.0,-1,427.000,-0.0988,0.295
kp15 run1.txt,16,-15.0,-1,428.000,-0.0992,0.289
kp15 run1.txt,16,-15.0,-1,429.000,-0.1028,-0.302
kp15 run1.txt,16,-15.0,-1,430.000,-0.0996,0.284
kp15 run1.txt,16,-15.0,-1,431.000,-0.0999,0.278
kp15 run1.txt,16,-15.0,-1,432.000,-0.1021,-0.291
kp15 run1.txt,16,-15.0,-1,433.000,-0.0926,0.388
kp15 run1.txt,16,-15.0,-1,434.000,-0.1138,-0.466
kp15 run1.txt,16,-15.0,-1,435.000,-0.1003,-0.263
kp15 run1.txt,16,-15.0,-1,436.000,-0.0996,0.284
kp15 run1.txt,16,-15.0,-1,437.000,-0.0996,0.284
kp15 run1.txt,16,-15.0,-1,438.000,-0.1021,-0.291
kp15 run1.txt,16,-15.0,-1,439.000,-0.0992,0.289
kp15 run1.txt,16,-15.0,-1,440.000,-0.0985,0.3
kp15 run1.txt,16,-15.0,-1,441.000,-0.0992,0.289
kp15 run1.txt,16,-15.0,-1,442.000,-0.0992,0.289
kp15 run1.txt,16,-15.0,-1,443.000,-0.1021,-0.291
kp15 run1.txt,16,-15.0,-1,444.000,-0.1006,-0.269
kp15 run1.txt,16,-15.0,-1,445.000,-0.1021,-0.291
kp15 run1.txt,16,-15.0,-1,446.000,-0.0996,0.284
kp15 run1.txt,16,-15.0,-1,447.000,-0.0992,0.289
kp15 run1.txt,16,-15.0,-1,448.000,-0.0999,0.278
kp15 run1.txt,16,-15.0,-1,449.000,-0.1021,-0.291
kp15 run1.txt,16,-15.0,-1,450.000,-0.0963,0.333
kp15 run1.txt,16,-15.0,-1,451.000,-0.0966,0.327
kp15 run1.txt,16,-15.0,-1,452.000,-0.0999,0.278
kp15 run1.txt,16,-15.0,-1,453.000,-0.0999,0.278
kp15 run1.txt,16,-15.0,-1,454.000,-0.101,-0.274
kp15 run1.txt,16,-15.0,-1,455.000,-0.0999,0.278
kp15 run1.txt,16,-15.0,-1,456.000,-0.1006,-0.269
kp15 run1.txt,16,-15.0,-1,457.000,-0.0985,0.3
kp15 run1.txt,16,-15.0,-1,458.000,-0.0999,0.278
kp15 run1.txt,16,-15.0,-1,459.000,-0.0996,0.284
kp15 run1.txt,16,-15.0,-1,460.000,-0.097,0.322
kp15 run1.txt,16,-15.0,-1,461.000,-0.1036,-0.312
kp15 run1.txt,16,-15.0,-1,462.000,-0.1006,-0.269
kp15 run1.txt,16,-15.0,-1,463.000,-0.0988,0.295
kp15 run1.txt,16,-15.0,-1,464.000,-0.1087,-0.389
kp15 run1.txt,16,-15.0,-1,465.000,-0.0999,0.278
kp15 run1.txt,16,-15.0,-1,466.000,-0.1065,-0.356
kp15 run1.txt,16,-15.0,-1,467.000,-0.0992,0.289
kp15 run1.txt,16,-15.0,-1,468.000,-0.0999,0.278
kp15 run1.txt,16,-15.0,-1,469.000,-0.0996,0.284
kp15 run1.txt,16,-15.0,-1,470.000,-0.0992,0.289
kp15 run1.txt,16,-15.0,-1,471.000,-0.0988,0.295
kp15 run1.txt,16,-15.0,-1,472.000,-0.0992,0.289
kp15 run1.txt,16,-15.0,-1,473.000,-0.0992,0.289
kp15 run1.txt,16,-15.0,-1,474.000,-0.0992,0.289
kp15 run1.txt,16,-15.0,-1,475.000,-0.0996,0.284
kp15 run1.txt,16,-15.0,-1,476.000,-0.1025,-0.296
kp15 run1.txt,16,-15.0,-1,477.000,-0.0992,0.289
kp15 run1.txt,16,-15.0,-1,478.000,-0.0941,0.366
kp15 run1.txt,16,-15.0,-1,479.000,-0.0985,0.3
kp15 run1.txt,16,-15.0,-1,480.000,-0.0999,0.278
kp15 run1.txt,16,-15.0,-1,481.000,-0.0992,0.289
kp15 run1.txt,16,-15.0,-1,482.000,-0.0999,0.278
kp15 run1.txt,16,-15.0,-1,483.000,-0.0992,0.289
kp15 run1.txt,16,-15.0,-1,484.000,-0.0996,0.284
kp15 run1.txt,16,-15.0,-1,485.000,-0.1043,-0.323
kp15 run1.txt,16,-15.0,-1,486.000,-0.1014,-0.28
kp15 run1.txt,16,-15.0,-1,487.000,-0.0992,0.289
kp15 run1.txt,16,-15.0,-1,488.000,-0.1014,-0.28
kp15 run1.txt,16,-15.0,-1,489.000,-0.0992,0.289
kp15 run1.txt,16,-15.0,-1,490.000,-0.0977,0.311
kp15 run1.txt,16,-15.0,-1,491.000,-0.0992,0.289
kp15 run1.txt,16,-15.0,-1,492.000,-0.1094,-0.4
kp15 run1.txt,16,-15.0,-1,493.000,-0.0996,0.284
kp15 run1.txt,16,-15.0,-1,494.000,-0.1014,-0.28
kp15 run1.txt,16,-15.0,-1,495.000,-0.1043,-0.323
kp15 run1.txt,16,-15.0,-1,496.000,-0.1014,-0.28
kp15 run1.txt,16,-15.0,-1,497.000,-0.1006,-0.269
kp15 run1.txt,16,-15.0,-1,498.000,-0.089,0.442
kp15 run1.txt,16,-15.0,-1,499.000,-0.1032,-0.307
kp15 run1.txt,16,-15.0,-1,500.000,-0.0996,0.284
kp15 run1.txt,16,-15.0,-1,501.000,-0.0992,0.289
kp15 run1.txt,16,-15.0,-1,502.000,-0.1145,-0.476
kp15 run1.txt,16,-15.0,-1,503.000,-0.1003,-0.263
kp15 run1.txt,16,-15.0,-1,504.000,-0.0999,0.278
kp15 run1.txt,16,-15.0,-1,505.000,-0.1043,-0.323
kp15 run1.txt,16,-15.0,-1,506.000,-0.1036,-0.312
kp15 run1.txt,16,-15.0,-1,507.000,-0.0992,0.289
kp15 run1.txt,16,-15.0,-1,508.000,-0.1014,-0.28
kp15 run1.txt,16,-15.0,-1,509.000,-0.1003,-0.263
kp15 run1.txt,16,-15.0,-1,510.000,-0.0999,0.278
kp15 run1.txt,16,-15.0,-1,511.000,-0.1014,-0.28
kp15 run1.txt,16,-15.0,-1,512.000,-0.1006,-0.269
kp15 run1.txt,16,-15.0,-1,513.000,-0.1006,-0.269
kp15 run1.txt,16,-15.0,-1,514.000,-0.1028,-0.302
kp15 run1.txt,16,-15.0,-1,515.000,-0.097,0.322
kp15 run1.txt,16,-15.0,-1,516.000,-0.0977,0.311
kp15 run1.txt,16,-15.0,-1,517.000,-0.0996,0.284
kp15 run1.txt,16,-15.0,-1,518.000,-0.1014,-0.28
kp15 run1.txt,16,-15.0,-1,519.000,-0.0992,0.289
kp15 run1.txt,16,-15.0,-1,520.000,-0.0992,0.289
kp15 run1.txt,16,-15.0,-1,521.000,-0.1014,-0.28
kp15 run1.txt,16,-15.0,-1,522.000,-0.0948,0.355
kp15 run1.txt,16,-15.0,-1,523.000,-0.0999,0.278
kp15 run1.txt,16,-15.0,-1,524.000,-0.0966,0.327
kp15 run1.txt,16,-15.0,-1,525.000,-0.1006,-0.269
kp15 run1.txt,16,-15.0,-1,526.000,-0.0963,0.333
kp15 run1.txt,16,-15.0,-1,527.000,-0.1014,-0.28
kp15 run1.txt,16,-15.0,-1,528.000,-0.1006,-0.269
kp15 run1.txt,16,-15.0,-1,529.000,-0.0999,0.278
kp15 run1.txt,16,-15.0,-1,530.000,-0.1025,-0.296
kp15 run1.txt,16,-15.0,-1,531.000,-0.1006,-0.269
kp15 run1.txt,16,-15.0,-1,532.000,-0.1006,-0.269
kp15 run1.txt,16,-15.0,-1,533.000,-0.0955,0.344
kp15 run1.txt,16,-15.0,-1,534.000,-0.0992,0.289
kp15 run1.txt,16,-15.0,-1,535.000,-0.105,-0.334
kp15 run1.txt,16,-15.0,-1,536.000,-0.1006,-0.269
kp15 run1.txt,16,-15.0,-1,537.000,-0.0985,0.3
kp15 run1.txt,16,-15.0,-1,538.000,-0.0999,0.278
kp15 run1.txt,16,-15.0,-1,539.000,-0.0992,0.289
kp15 run1.txt,16,-15.0,-1,540.000,-0.0985,0.3
kp15 run1.txt,16,-15.0,-1,541.000,-0.0977,0.311
kp15 run1.txt,16,-15.0,-1,542.000,-0.0904,0.42
kp15 run1.txt,16,-15.0,-1,543.000,-0.0985,0.3
kp15 run1.txt,16,-15.0,-1,544.000,-0.0985,0.3
kp15 run1.txt,16,-15.0,-1,545.000,-0.1006,-0.269
kp15 run1.txt,16,-15.0,-1,546.000,-0.1028,-0.302
kp15 run1.txt,16,-15.0,-1,547.000,-0.0999,0.278
kp15 run1.txt,16,-15.0,-1,548.000,-0.0992,0.289
kp15 run1.txt,16,-15.0,-1,549.000,-0.0992,0.289
kp15 run1.txt,16,-15.0,-1,550.000,-0.0948,0.355
kp15 run1.txt,16,-15.0,-1,551.000,-0.1006,-0.269
kp15 run1.txt,16,-15.0,-1,552.000,-0.1006,-0.269
kp15 run1.txt,16,-15.0,-1,553.000,-0.1006,-0.269
kp15 run1.txt,16,-15.0,-1,554.000,-0.0897,0.431
kp15 run1.txt,16,-15.0,-1,555.000,-0.0985,0.3
kp15 run1.txt,16,-15.0,-1,556.000,-0.0992,0.289
kp15 run1.txt,16,-15.0,-1,557.000,-0.0992,0.289
kp15 run1.txt,16,-15.0,-1,558.000,-0.1014,-0.28
kp15 run1.txt,16,-15.0,-1,559.000,-0.1006,-0.269
kp15 run1.txt,16,-15.0,-1,560.000,-0.1032,-0.307
kp15 run1.txt,16,-15.0,-1,561.000,-0.0999,0.278
kp15 run1.txt,16,-15.0,-1,562.000,-0.0999,0.278
kp15 run1.txt,16,-15.0,-1,563.000,-0.0992,0.289
kp15 run1.txt,16,-15.0,-1,564.000,-0.0999,0.278
kp15 run1.txt,16,-15.0,-1,565.000,-0.1043,-0.323
kp15 run1.txt,16,-15.0,-1,566.000,-0.0985,0.3
kp15 run1.txt,16,-15.0,-1,567.000,-0.1006,-0.269
kp15 run1.txt,16,-15.0,-1,568.000,-0.0941,0.366
kp15 run1.txt,16,-15.0,-1,569.000,-0.1014,-0.28
kp15 run1.txt,16,-15.0,-1,570.000,-0.0985,0.3
kp15 run1.txt,16,-15.0,-1,571.000,-0.0992,0.289
kp15 run1.txt,16,-15.0,-1,572.000,-0.1006,-0.269
kp15 run1.txt,16,-15.0,-1,573.000,-0.1014,-0.28
kp15 run1.txt,16,-15.0,-1,574.000,-0.0985,0.3
kp15 run1.txt,16,-15.0,-1,575.000,-0.0999,0.278
kp15 run1.txt,16,-15.0,-1,576.000,-0.0996,0.284
kp15 run1.txt,16,-15.0,-1,577.000,-0.1014,-0.28
kp15 run1.txt,16,-15.0,-1,578.000,-0.0996,0.284
kp15 run1.txt,16,-15.0,-1,579.000,-0.0992,0.289
kp15 run1.txt,16,-15.0,-1,580.000,-0.1025,-0.296
kp15 run1.txt,16,-15.0,-1,581.000,-0.0985,0.3
kp15 run1.txt,16,-15.0,-1,582.000,-0.097,0.322
kp15 run1.txt,16,-15.0,-1,583.000,-0.101,-0.274
kp15 run1.txt,16,-15.0,-1,584.000,-0.1006,-0.269
kp15 run1.txt,16,-15.0,-1,585.000,-0.0985,0.3
kp15 run1.txt,16,-15.0,-1,586.000,-0.1014,-0.28
kp15 run1.txt,16,-15.0,-1,587.000,-0.1006,-0.269
kp15 run1.txt,16,-15.0,-1,588.000,-0.1014,-0.28
kp15 run1.txt,16,-15.0,-1,589.000,-0.1021,-0.291
kp15 run1.txt,16,-15.0,-1,590.000,-0.0992,0.289
kp15 run1.txt,16,-15.0,-1,591.000,-0.0992,0.289
kp15 run1.txt,16,-15.0,-1,592.000,-0.0992,0.289
kp15 run1.txt,16,-15.0,-1,593.000,-0.0966,0.327
kp15 run1.txt,16,-15.0,-1,594.000,-0.1014,-0.28
kp15 run1.txt,16,-15.0,-1,595.000,-0.0999,0.278
kp15 run1.txt,16,-15.0,-1,596.000,-0.0999,0.278
kp15 run1.txt,16,-15.0,-1,597.000,-0.0999,0.278
kp15 run1.txt,16,-15.0,-1,598.000,-0.1021,-0.291
kp15 run1.txt,16,-15.0,-1,599.000,-0.1021,-0.291
kp15 run1.txt,17,-15.0,-1,0.000,0.094,3.187
kp15 run1.txt,17,-15.0,-1,1.000,0.1028,3.318
kp15 run1.txt,17,-15.0,-1,2.000,0.1122,3.46
kp15 run1.txt,17,-15.0,-1,3.000,0.1122,3.46
kp15 run1.txt,17,-15.0,-1,4.000,0.1137,3.482
kp15 run1.txt,17,-15.0,-1,5.000,0.1108,3.439
kp15 run1.txt,17,-15.0,-1,6.000,0.1465,3.974
kp15 run1.txt,17,-15.0,-1,7.000,0.0955,3.209
kp15 run1.txt,17,-15.0,-1,8.000,0.0998,3.275
kp15 run1.txt,17,-15.0,-1,9.000,0.0998,3.275
kp15 run1.txt,17,-15.0,-1,10.000,0.0984,3.253
kp15 run1.txt,17,-15.0,-1,11.000,0.1006,3.286
kp15 run1.txt,17,-15.0,-1,12.000,0.0991,3.264
kp15 run1.txt,17,-15.0,-1,13.000,0.094,3.187
kp15 run1.txt,17,-15.0,-1,14.000,0.0867,3.078
kp15 run1.txt,17,-15.0,-1,15.000,0.0827,3.018
kp15 run1.txt,17,-15.0,-1,16.000,0.078,2.947
kp15 run1.txt,17,-15.0,-1,17.000,0.0765,2.925
kp15 run1.txt,17,-15.0,-1,18.000,0.0714,2.848
kp15 run1.txt,17,-15.0,-1,19.000,0.0721,2.859
kp15 run1.txt,17,-15.0,-1,20.000,0.0681,2.799
kp15 run1.txt,17,-15.0,-1,21.000,0.0634,2.728
kp15 run1.txt,17,-15.0,-1,22.000,0.0597,2.673
kp15 run1.txt,17,-15.0,-1,23.000,0.0554,2.608
kp15 run1.txt,17,-15.0,-1,24.000,0.0525,2.564
kp15 run1.txt,17,-15.0,-1,25.000,0.0481,2.498
kp15 run1.txt,17,-15.0,-1,26.000,0.0459,2.465
kp15 run1.txt,17,-15.0,-1,27.000,0.0401,2.378
kp15 run1.txt,17,-15.0,-1,28.000,0.0379,2.345
kp15 run1.txt,17,-15.0,-1,29.000,0.0393,2.367
kp15 run1.txt,17,-15.0,-1,30.000,0.0153,2.006
kp15 run1.txt,17,-15.0,-1,31.000,0.0291,2.214
kp15 run1.txt,17,-15.0,-1,32.000,0.0247,2.148
kp15 run1.txt,17,-15.0,-1,33.000,0.0175,2.039
kp15 run1.txt,17,-15.0,-1,34.000,0.0204,2.083
kp15 run1.txt,17,-15.0,-1,35.000,0.0131,1.973
kp15 run1.txt,17,-15.0,-1,36.000,0.0124,1.962
kp15 run1.txt,17,-15.0,-1,37.000,0.0102,1.929
kp15 run1.txt,17,-15.0,-1,38.000,0.0105,1.935
kp15 run1.txt,17,-15.0,-1,39.000,0.0036,1.831
kp15 run1.txt,17,-15.0,-1,40.000,0.0021,1.809
kp15 run1.txt,17,-15.0,-1,41.000,-0.0033,1.727
kp15 run1.txt,17,-15.0,-1,42.000,-0.003,1.733
kp15 run1.txt,17,-15.0,-1,43.000,-0.0081,1.656
kp15 run1.txt,17,-15.0,-1,44.000,-0.0132,1.58
kp15 run1.txt,17,-15.0,-1,45.000,-0.0175,1.514
kp15 run1.txt,17,-15.0,-1,46.000,-0.0205,1.47
kp15 run1.txt,17,-15.0,-1,47.000,-0.0208,1.465
kp15 run1.txt,17,-15.0,-1,48.000,-0.0153,1.547
kp15 run1.txt,17,-15.0,-1,49.000,-0.0358,1.241
kp15 run1.txt,17,-15.0,-1,50.000,-0.0328,1.284
kp15 run1.txt,17,-15.0,-1,51.000,-0.0336,1.273
kp15 run1.txt,17,-15.0,-1,52.000,-0.0336,1.273
kp15 run1.txt,17,-15.0,-1,53.000,-0.0383,1.202
kp15 run1.txt,17,-15.0,-1,54.000,-0.0434,1.126
kp15 run1.txt,17,-15.0,-1,55.000,-0.0237,1.421
kp15 run1.txt,17,-15.0,-1,56.000,-0.0562,0.934
kp15 run1.txt,17,-15.0,-1,57.000,-0.0533,0.978
kp15 run1.txt,17,-15.0,-1,58.000,-0.0544,0.962
kp15 run1.txt,17,-15.0,-1,59.000,-0.0547,0.956
kp15 run1.txt,17,-15.0,-1,60.000,-0.0627,0.836
kp15 run1.txt,17,-15.0,-1,61.000,-0.0591,0.891
kp15 run1.txt,17,-15.0,-1,62.000,-0.0642,0.814
kp15 run1.txt,17,-15.0,-1,63.000,-0.0686,0.748
kp15 run1.txt,17,-15.0,-1,64.000,-0.0686,0.748
kp15 run1.txt,17,-15.0,-1,65.000,-0.0693,0.738
kp15 run1.txt,17,-15.0,-1,66.000,-0.0729,0.683
kp15 run1.txt,17,-15.0,-1,67.000,-0.0759,0.639
kp15 run1.txt,17,-15.0,-1,68.000,-0.0759,0.639
kp15 run1.txt,17,-15.0,-1,69.000,-0.0791,0.59
kp15 run1.txt,17,-15.0,-1,70.000,-0.081,0.563
kp15 run1.txt,17,-15.0,-1,71.000,-0.0842,0.513
kp15 run1.txt,17,-15.0,-1,72.000,-0.0992,0.289
kp15 run1.txt,17,-15.0,-1,73.000,-0.0864,0.481
kp15 run1.txt,17,-15.0,-1,74.000,-0.0897,0.431
kp15 run1.txt,17,-15.0,-1,75.000,-0.0886,0.448
kp15 run1.txt,17,-15.0,-1,76.000,-0.0926,0.388
kp15 run1.txt,17,-15.0,-1,77.000,-0.0955,0.344
kp15 run1.txt,17,-15.0,-1,78.000,-0.0955,0.344
kp15 run1.txt,17,-15.0,-1,79.000,-0.0977,0.311
kp15 run1.txt,17,-15.0,-1,80.000,-0.0992,0.289
kp15 run1.txt,17,-15.0,-1,81.000,-0.1021,-0.291
kp15 run1.txt,17,-15.0,-1,82.000,-0.1043,-0.323
kp15 run1.txt,17,-15.0,-1,83.000,-0.1043,-0.323
kp15 run1.txt,17,-15.0,-1,84.000,-0.0963,0.333
kp15 run1.txt,17,-15.0,-1,85.000,-0.1025,-0.296
kp15 run1.txt,17,-15.0,-1,86.000,-0.1058,-0.345
kp15 run1.txt,17,-15.0,-1,87.000,-0.1076,-0.373
kp15 run1.txt,17,-15.0,-1,88.000,-0.1065,-0.356
kp15 run1.txt,17,-15.0,-1,89.000,-0.1094,-0.4
kp15 run1.txt,17,-15.0,-1,90.000,-0.1109,-0.422
kp15 run1.txt,17,-15.0,-1,91.000,-0.1101,-0.411
kp15 run1.txt,17,-15.0,-1,92.000,-0.1112,-0.427
kp15 run1.txt,17,-15.0,-1,93.000,-0.1109,-0.422
kp15 run1.txt,17,-15.0,-1,94.000,-0.113,-0.455
kp15 run1.txt,17,-15.0,-1,95.000,-0.1123,-0.444
kp15 run1.txt,17,-15.0,-1,96.000,-0.113,-0.455
kp15 run1.txt,17,-15.0,-1,97.000,-0.1138,-0.466
kp15 run1.txt,17,-15.0,-1,98.000,-0.1141,-0.471
kp15 run1.txt,17,-15.0,-1,99.000,-0.1123,-0.444
kp15 run1.txt,17,-15.0,-1,100.000,-0.1138,-0.466
kp15 run1.txt,17,-15.0,-1,101.000,-0.1138,-0.466
kp15 run1.txt,17,-15.0,-1,102.000,-0.1152,-0.487
kp15 run1.txt,17,-15.0,-1,103.000,-0.116,-0.498
kp15 run1.txt,17,-15.0,-1,104.000,-0.1138,-0.466
kp15 run1.txt,17,-15.0,-1,105.000,-0.1178,-0.526
kp15 run1.txt,17,-15.0,-1,106.000,-0.1258,-0.646
kp15 run1.txt,17,-15.0,-1,107.000,-0.113,-0.455
kp15 run1.txt,17,-15.0,-1,108.000,-0.1276,-0.673
kp15 run1.txt,17,-15.0,-1,109.000,-0.1138,-0.466
kp15 run1.txt,17,-15.0,-1,110.000,-0.1167,-0.509
kp15 run1.txt,17,-15.0,-1,111.000,-0.1149,-0.482
kp15 run1.txt,17,-15.0,-1,112.000,-0.1407,-0.87
kp15 run1.txt,17,-15.0,-1,113.000,-0.1145,-0.476
kp15 run1.txt,17,-15.0,-1,114.000,-0.1123,-0.444
kp15 run1.txt,17,-15.0,-1,115.000,-0.1225,-0.597
kp15 run1.txt,17,-15.0,-1,116.000,-0.1101,-0.411
kp15 run1.txt,17,-15.0,-1,117.000,-0.1145,-0.476
kp15 run1.txt,17,-15.0,-1,118.000,-0.1141,-0.471
kp15 run1.txt,17,-15.0,-1,119.000,-0.1145,-0.476
kp15 run1.txt,17,-15.0,-1,120.000,-0.1141,-0.471
kp15 run1.txt,17,-15.0,-1,121.000,-0.1167,-0.509
kp15 run1.txt,17,-15.0,-1,122.000,-0.1152,-0.487
kp15 run1.txt,17,-15.0,-1,123.000,-0.1141,-0.471
kp15 run1.txt,17,-15.0,-1,124.000,-0.1123,-0.444
kp15 run1.txt,17,-15.0,-1,125.000,-0.1141,-0.471
kp15 run1.txt,17,-15.0,-1,126.000,-0.105,-0.334
kp15 run1.txt,17,-15.0,-1,127.000,-0.1152,-0.487
kp15 run1.txt,17,-15.0,-1,128.000,-0.1254,-0.641
kp15 run1.txt,17,-15.0,-1,129.000,-0.1109,-0.422
kp15 run1.txt,17,-15.0,-1,130.000,-0.1152,-0.487
kp15 run1.txt,17,-15.0,-1,131.000,-0.1109,-0.422
kp15 run1.txt,17,-15.0,-1,132.000,-0.1116,-0.433
kp15 run1.txt,17,-15.0,-1,133.000,-0.1079,-0.378
kp15 run1.txt,17,-15.0,-1,134.000,-0.1054,-0.34
kp15 run1.txt,17,-15.0,-1,135.000,-0.1083,-0.384
kp15 run1.txt,17,-15.0,-1,136.000,-0.1083,-0.384
kp15 run1.txt,17,-15.0,-1,137.000,-0.1014,-0.28
kp15 run1.txt,17,-15.0,-1,138.000,-0.1083,-0.384
kp15 run1.txt,17,-15.0,-1,139.000,-0.1021,-0.291
kp15 run1.txt,17,-15.0,-1,140.000,-0.1079,-0.378
kp15 run1.txt,17,-15.0,-1,141.000,-0.1079,-0.378
kp15 run1.txt,17,-15.0,-1,142.000,-0.105,-0.334
kp15 run1.txt,17,-15.0,-1,143.000,-0.105,-0.334
kp15 run1.txt,17,-15.0,-1,144.000,-0.1112,-0.427
kp15 run1.txt,17,-15.0,-1,145.000,-0.1054,-0.34
kp15 run1.txt,17,-15.0,-1,146.000,-0.1036,-0.312
kp15 run1.txt,17,-15.0,-1,147.000,-0.1028,-0.302
kp15 run1.txt,17,-15.0,-1,148.000,-0.1043,-0.323
kp15 run1.txt,17,-15.0,-1,149.000,-0.1014,-0.28
kp15 run1.txt,17,-15.0,-1,150.000,-0.1043,-0.323
kp15 run1.txt,17,-15.0,-1,151.000,-0.1021,-0.291
kp15 run1.txt,17,-15.0,-1,152.000,-0.1036,-0.312
kp15 run1.txt,17,-15.0,-1,153.000,-0.1006,-0.269
kp15 run1.txt,17,-15.0,-1,154.000,-0.0988,0.295
kp15 run1.txt,17,-15.0,-1,155.000,-0.0974,0.317
kp15 run1.txt,17,-15.0,-1,156.000,-0.1014,-0.28
kp15 run1.txt,17,-15.0,-1,157.000,-0.1014,-0.28
kp15 run1.txt,17,-15.0,-1,158.000,-0.0948,0.355
kp15 run1.txt,17,-15.0,-1,159.000,-0.105,-0.334
kp15 run1.txt,17,-15.0,-1,160.000,-0.1068,-0.362
kp15 run1.txt,17,-15.0,-1,161.000,-0.0977,0.311
kp15 run1.txt,17,-15.0,-1,162.000,-0.0992,0.289
kp15 run1.txt,17,-15.0,-1,163.000,-0.1003,-0.263
kp15 run1.txt,17,-15.0,-1,164.000,-0.0985,0.3
kp15 run1.txt,17,-15.0,-1,165.000,-0.0948,0.355
kp15 run1.txt,17,-15.0,-1,166.000,-0.1058,-0.345
kp15 run1.txt,17,-15.0,-1,167.000,-0.0966,0.327
kp15 run1.txt,17,-15.0,-1,168.000,-0.0985,0.3
kp15 run1.txt,17,-15.0,-1,169.000,-0.0963,0.333
kp15 run1.txt,17,-15.0,-1,170.000,-0.0963,0.333
kp15 run1.txt,17,-15.0,-1,171.000,-0.0937,0.371
kp15 run1.txt,17,-15.0,-1,172.000,-0.0977,0.311
kp15 run1.txt,17,-15.0,-1,173.000,-0.0963,0.333
kp15 run1.txt,17,-15.0,-1,174.000,-0.0963,0.333
kp15 run1.txt,17,-15.0,-1,175.000,-0.0996,0.284
kp15 run1.txt,17,-15.0,-1,176.000,-0.105,-0.334
kp15 run1.txt,17,-15.0,-1,177.000,-0.0985,0.3
kp15 run1.txt,17,-15.0,-1,178.000,-0.1006,-0.269
kp15 run1.txt,17,-15.0,-1,179.000,-0.0966,0.327
kp15 run1.txt,17,-15.0,-1,180.000,-0.0963,0.333
kp15 run1.txt,17,-15.0,-1,181.000,-0.0992,0.289
kp15 run1.txt,17,-15.0,-1,182.000,-0.1014,-0.28
kp15 run1.txt,17,-15.0,-1,183.000,-0.097,0.322
kp15 run1.txt,17,-15.0,-1,184.000,-0.0963,0.333
kp15 run1.txt,17,-15.0,-1,185.000,-0.1006,-0.269
kp15 run1.txt,17,-15.0,-1,186.000,-0.1021,-0.291
kp15 run1.txt,17,-15.0,-1,187.000,-0.0963,0.333
kp15 run1.txt,17,-15.0,-1,188.000,-0.0977,0.311
kp15 run1.txt,17,-15.0,-1,189.000,-0.0977,0.311
kp15 run1.txt,17,-15.0,-1,190.000,-0.0977,0.311
kp15 run1.txt,17,-15.0,-1,191.000,-0.0996,0.284
kp15 run1.txt,17,-15.0,-1,192.000,-0.1006,-0.269
kp15 run1.txt,17,-15.0,-1,193.000,-0.097,0.322
kp15 run1.txt,17,-15.0,-1,194.000,-0.0937,0.371
kp15 run1.txt,17,-15.0,-1,195.000,-0.0963,0.333
kp15 run1.txt,17,-15.0,-1,196.000,-0.0948,0.355
kp15 run1.txt,17,-15.0,-1,197.000,-0.0985,0.3
kp15 run1.txt,17,-15.0,-1,198.000,-0.0985,0.3
kp15 run1.txt,17,-15.0,-1,199.000,-0.0963,0.333
kp15 run1.txt,17,-15.0,-1,200.000,-0.0977,0.311
kp15 run1.txt,17,-15.0,-1,201.000,-0.1006,-0.269
kp15 run1.txt,17,-15.0,-1,202.000,-0.0963,0.333
kp15 run1.txt,17,-15.0,-1,203.000,-0.0966,0.327
kp15 run1.txt,17,-15.0,-1,204.000,-0.0985,0.3
kp15 run1.txt,17,-15.0,-1,205.000,-0.0985,0.3
kp15 run1.txt,17,-15.0,-1,206.000,-0.0966,0.327
kp15 run1.txt,17,-15.0,-1,207.000,-0.0963,0.333
kp15 run1.txt,17,-15.0,-1,208.000,-0.1258,-0.646
kp15 run1.txt,17,-15.0,-1,209.000,-0.0999,0.278
kp15 run1.txt,17,-15.0,-1,210.000,-0.0992,0.289
kp15 run1.txt,17,-15.0,-1,211.000,-0.0948,0.355
kp15 run1.txt,17,-15.0,-1,212.000,-0.1021,-0.291
kp15 run1.txt,17,-15.0,-1,213.000,-0.0988,0.295
kp15 run1.txt,17,-15.0,-1,214.000,-0.0977,0.311
kp15 run1.txt,17,-15.0,-1,215.000,-0.0977,0.311
kp15 run1.txt,17,-15.0,-1,216.000,-0.1006,-0.269
kp15 run1.txt,17,-15.0,-1,217.000,-0.0996,0.284
kp15 run1.txt,17,-15.0,-1,218.000,-0.0992,0.289
kp15 run1.txt,17,-15.0,-1,219.000,-0.1021,-0.291
kp15 run1.txt,17,-15.0,-1,220.000,-0.0934,0.377
kp15 run1.txt,17,-15.0,-1,221.000,-0.0937,0.371
kp15 run1.txt,17,-15.0,-1,222.000,-0.0963,0.333
kp15 run1.txt,17,-15.0,-1,223.000,-0.0977,0.311
kp15 run1.txt,17,-15.0,-1,224.000,-0.0992,0.289
kp15 run1.txt,17,-15.0,-1,225.000,-0.0999,0.278
kp15 run1.txt,17,-15.0,-1,226.000,-0.0992,0.289
kp15 run1.txt,17,-15.0,-1,227.000,-0.1072,-0.367
kp15 run1.txt,17,-15.0,-1,228.000,-0.0904,0.42
kp15 run1.txt,17,-15.0,-1,229.000,-0.1021,-0.291
kp15 run1.txt,17,-15.0,-1,230.000,-0.0996,0.284
kp15 run1.txt,17,-15.0,-1,231.000,-0.0985,0.3
kp15 run1.txt,17,-15.0,-1,232.000,-0.0999,0.278
kp15 run1.txt,17,-15.0,-1,233.000,-0.0985,0.3
kp15 run1.txt,17,-15.0,-1,234.000,-0.1021,-0.291
kp15 run1.txt,17,-15.0,-1,235.000,-0.097,0.322
kp15 run1.txt,17,-15.0,-1,236.000,-0.0999,0.278
kp15 run1.txt,17,-15.0,-1,237.000,-0.0996,0.284
kp15 run1.txt,17,-15.0,-1,238.000,-0.1021,-0.291
kp15 run1.txt,17,-15.0,-1,239.000,-0.0999,0.278
kp15 run1.txt,17,-15.0,-1,240.000,-0.0955,0.344
kp15 run1.txt,17,-15.0,-1,241.000,-0.1058,-0.345
kp15 run1.txt,17,-15.0,-1,242.000,-0.1072,-0.367
kp15 run1.txt,17,-15.0,-1,243.000,-0.1021,-0.291
kp15 run1.txt,17,-15.0,-1,244.000,-0.1014,-0.28
kp15 run1.txt,17,-15.0,-1,245.000,-0.1006,-0.269
kp15 run1.txt,17,-15.0,-1,246.000,-0.1014,-0.28
kp15 run1.txt,17,-15.0,-1,247.000,-0.0988,0.295
kp15 run1.txt,17,-15.0,-1,248.000,-0.1014,-0.28
kp15 run1.txt,17,-15.0,-1,249.000,-0.0955,0.344
kp15 run1.txt,17,-15.0,-1,250.000,-0.0996,0.284
kp15 run1.txt,17,-15.0,-1,251.000,-0.1025,-0.296
kp15 run1.txt,17,-15.0,-1,252.000,-0.1028,-0.302
kp15 run1.txt,17,-15.0,-1,253.000,-0.0992,0.289
kp15 run1.txt,17,-15.0,-1,254.000,-0.0999,0.278
kp15 run1.txt,17,-15.0,-1,255.000,-0.0955,0.344
kp15 run1.txt,17,-15.0,-1,256.000,-0.105,-0.334
kp15 run1.txt,17,-15.0,-1,257.000,-0.1006,-0.269
kp15 run1.txt,17,-15.0,-1,258.000,-0.1028,-0.302
kp15 run1.txt,17,-15.0,-1,259.000,-0.1021,-0.291
kp15 run1.txt,17,-15.0,-1,260.000,-0.1025,-0.296
kp15 run1.txt,17,-15.0,-1,261.000,-0.1014,-0.28
kp15 run1.txt,17,-15.0,-1,262.000,-0.1014,-0.28
kp15 run1.txt,17,-15.0,-1,263.000,-0.0996,0.284
kp15 run1.txt,17,-15.0,-1,264.000,-0.1021,-0.291
kp15 run1.txt,17,-15.0,-1,265.000,-0.1101,-0.411
kp15 run1.txt,17,-15.0,-1,266.000,-0.0992,0.289
kp15 run1.txt,17,-15.0,-1,267.000,-0.1006,-0.269
kp15 run1.txt,17,-15.0,-1,268.000,-0.1021,-0.291
kp15 run1.txt,17,-15.0,-1,269.000,-0.1014,-0.28
kp15 run1.txt,17,-15.0,-1,270.000,-0.0992,0.289
kp15 run1.txt,17,-15.0,-1,271.000,-0.1028,-0.302
kp15 run1.txt,17,-15.0,-1,272.000,-0.0853,0.497
kp15 run1.txt,17,-15.0,-1,273.000,-0.1014,-0.28
kp15 run1.txt,17,-15.0,-1,274.000,-0.0985,0.3
kp15 run1.txt,17,-15.0,-1,275.000,-0.1021,-0.291
kp15 run1.txt,17,-15.0,-1,276.000,-0.1014,-0.28
kp15 run1.txt,17,-15.0,-1,277.000,-0.0941,0.366
kp15 run1.txt,17,-15.0,-1,278.000,-0.0992,0.289
kp15 run1.txt,17,-15.0,-1,279.000,-0.0708,0.716
kp15 run1.txt,17,-15.0,-1,280.000,-0.1006,-0.269
kp15 run1.txt,17,-15.0,-1,281.000,-0.1014,-0.28
kp15 run1.txt,17,-15.0,-1,282.000,-0.1006,-0.269
kp15 run1.txt,17,-15.0,-1,283.000,-0.101,-0.274
kp15 run1.txt,17,-15.0,-1,284.000,-0.0948,0.355
kp15 run1.txt,17,-15.0,-1,285.000,-0.1028,-0.302
kp15 run1.txt,17,-15.0,-1,286.000,-0.0985,0.3
kp15 run1.txt,17,-15.0,-1,287.000,-0.0996,0.284
kp15 run1.txt,17,-15.0,-1,288.000,-0.0908,0.415
kp15 run1.txt,17,-15.0,-1,289.000,-0.1003,-0.263
kp15 run1.txt,17,-15.0,-1,290.000,-0.0941,0.366
kp15 run1.txt,17,-15.0,-1,291.000,-0.1003,-0.263
kp15 run1.txt,17,-15.0,-1,292.000,-0.1006,-0.269
kp15 run1.txt,17,-15.0,-1,293.000,-0.0977,0.311
kp15 run1.txt,17,-15.0,-1,294.000,-0.1014,-0.28
kp15 run1.txt,17,-15.0,-1,295.000,-0.1014,-0.28
kp15 run1.txt,17,-15.0,-1,296.000,-0.1014,-0.28
kp15 run1.txt,17,-15.0,-1,297.000,-0.0992,0.289
kp15 run1.txt,17,-15.0,-1,298.000,-0.0992,0.289
kp15 run1.txt,17,-15.0,-1,299.000,-0.1003,-0.263
kp15 run1.txt,17,-15.0,-1,300.000,-0.0996,0.284
kp15 run1.txt,17,-15.0,-1,301.000,-0.1043,-0.323
kp15 run1.txt,17,-15.0,-1,302.000,-0.0996,0.284
kp15 run1.txt,17,-15.0,-1,303.000,-0.0999,0.278
kp15 run1.txt,17,-15.0,-1,304.000,-0.0996,0.284
kp15 run1.txt,17,-15.0,-1,305.000,-0.1006,-0.269
kp15 run1.txt,17,-15.0,-1,306.000,-0.1032,-0.307
kp15 run1.txt,17,-15.0,-1,307.000,-0.1006,-0.269
kp15 run1.txt,17,-15.0,-1,308.000,-0.1003,-0.263
kp15 run1.txt,17,-15.0,-1,309.000,-0.1014,-0.28
kp15 run1.txt,17,-15.0,-1,310.000,-0.0948,0.355
kp15 run1.txt,17,-15.0,-1,311.000,-0.1014,-0.28
kp15 run1.txt,17,-15.0,-1,312.000,-0.0999,0.278
kp15 run1.txt,17,-15.0,-1,313.000,-0.1017,-0.285
kp15 run1.txt,17,-15.0,-1,314.000,-0.1065,-0.356
kp15 run1.txt,17,-15.0,-1,315.000,-0.1025,-0.296
kp15 run1.txt,17,-15.0,-1,316.000,-0.0966,0.327
kp15 run1.txt,17,-15.0,-1,317.000,-0.1014,-0.28
kp15 run1.txt,17,-15.0,-1,318.000,-0.105,-0.334
kp15 run1.txt,17,-15.0,-1,319.000,-0.1006,-0.269
kp15 run1.txt,17,-15.0,-1,320.000,-0.0963,0.333
kp15 run1.txt,17,-15.0,-1,321.000,-0.1025,-0.296
kp15 run1.txt,17,-15.0,-1,322.000,-0.1006,-0.269
kp15 run1.txt,17,-15.0,-1,323.000,-0.1003,-0.263
kp15 run1.txt,17,-15.0,-1,324.000,-0.0992,0.289
kp15 run1.txt,17,-15.0,-1,325.000,-0.0999,0.278
kp15 run1.txt,17,-15.0,-1,326.000,-0.0992,0.289
kp15 run1.txt,17,-15.0,-1,327.000,-0.0926,0.388
kp15 run1.txt,17,-15.0,-1,328.000,-0.1043,-0.323
kp15 run1.txt,17,-15.0,-1,329.000,-0.1006,-0.269
kp15 run1.txt,17,-15.0,-1,330.000,-0.1014,-0.28
kp15 run1.txt,17,-15.0,-1,331.000,-0.1014,-0.28
kp15 run1.txt,17,-15.0,-1,332.000,-0.1006,-0.269
kp15 run1.txt,17,-15.0,-1,333.000,-0.0963,0.333
kp15 run1.txt,17,-15.0,-1,334.000,-0.1079,-0.378
kp15 run1.txt,17,-15.0,-1,335.000,-0.0999,0.278
kp15 run1.txt,17,-15.0,-1,336.000,-0.0992,0.289
kp15 run1.txt,17,-15.0,-1,337.000,-0.1028,-0.302
kp15 run1.txt,17,-15.0,-1,338.000,-0.0985,0.3
kp15 run1.txt,17,-15.0,-1,339.000,-0.0992,0.289
kp15 run1.txt,17,-15.0,-1,340.000,-0.1094,-0.4
kp15 run1.txt,17,-15.0,-1,341.000,-0.1014,-0.28
kp15 run1.txt,17,-15.0,-1,342.000,-0.0999,0.278
kp15 run1.txt,17,-15.0,-1,343.000,-0.1014,-0.28
kp15 run1.txt,17,-15.0,-1,344.000,-0.0992,0.289
kp15 run1.txt,17,-15.0,-1,345.000,-0.1014,-0.28
kp15 run1.txt,17,-15.0,-1,346.000,-0.0992,0.289
kp15 run1.txt,17,-15.0,-1,347.000,-0.0992,0.289
kp15 run1.txt,17,-15.0,-1,348.000,-0.0948,0.355
kp15 run1.txt,17,-15.0,-1,349.000,-0.1036,-0.312
kp15 run1.txt,17,-15.0,-1,350.000,-0.1021,-0.291
kp15 run1.txt,17,-15.0,-1,351.000,-0.0992,0.289
kp15 run1.txt,17,-15.0,-1,352.000,-0.1006,-0.269
kp15 run1.txt,17,-15.0,-1,353.000,-0.105,-0.334
kp15 run1.txt,17,-15.0,-1,354.000,-0.1006,-0.269
kp15 run1.txt,17,-15.0,-1,355.000,-0.1003,-0.263
kp15 run1.txt,17,-15.0,-1,356.000,-0.0963,0.333
kp15 run1.txt,17,-15.0,-1,357.000,-0.0996,0.284
kp15 run1.txt,17,-15.0,-1,358.000,-0.0999,0.278
kp15 run1.txt,17,-15.0,-1,359.000,-0.0999,0.278
kp15 run1.txt,17,-15.0,-1,360.000,-0.1006,-0.269
kp15 run1.txt,17,-15.0,-1,361.000,-0.1014,-0.28
kp15 run1.txt,17,-15.0,-1,362.000,-0.109,-0.394
kp15 run1.txt,17,-15.0,-1,363.000,-0.0985,0.3
kp15 run1.txt,17,-15.0,-1,364.000,-0.1021,-0.291
kp15 run1.txt,17,-15.0,-1,365.000,-0.1127,-0.449
kp15 run1.txt,17,-15.0,-1,366.000,-0.0999,0.278
kp15 run1.txt,17,-15.0,-1,367.000,-0.1006,-0.269
kp15 run1.txt,17,-15.0,-1,368.000,-0.0996,0.284
kp15 run1.txt,17,-15.0,-1,369.000,-0.0999,0.278
kp15 run1.txt,17,-15.0,-1,370.000,-0.1116,-0.433
kp15 run1.txt,17,-15.0,-1,371.000,-0.0999,0.278
kp15 run1.txt,17,-15.0,-1,372.000,-0.0985,0.3
kp15 run1.txt,17,-15.0,-1,373.000,-0.0999,0.278
kp15 run1.txt,17,-15.0,-1,374.000,-0.1014,-0.28
kp15 run1.txt,17,-15.0,-1,375.000,-0.1014,-0.28
kp15 run1.txt,17,-15.0,-1,376.000,-0.1014,-0.28
kp15 run1.txt,17,-15.0,-1,377.000,-0.1065,-0.356
kp15 run1.txt,17,-15.0,-1,378.000,-0.1014,-0.28
kp15 run1.txt,17,-15.0,-1,379.000,-0.1043,-0.323
kp15 run1.txt,17,-15.0,-1,380.000,-0.1014,-0.28
kp15 run1.txt,17,-15.0,-1,381.000,-0.1028,-0.302
kp15 run1.txt,17,-15.0,-1,382.000,-0.0985,0.3
kp15 run1.txt,17,-15.0,-1,383.000,-0.1006,-0.269
kp15 run1.txt,17,-15.0,-1,384.000,-0.0999,0.278
kp15 run1.txt,17,-15.0,-1,385.000,-0.101,-0.274
kp15 run1.txt,17,-15.0,-1,386.000,-0.1014,-0.28
kp15 run1.txt,17,-15.0,-1,387.000,-0.0985,0.3
kp15 run1.txt,17,-15.0,-1,388.000,-0.0992,0.289
kp15 run1.txt,17,-15.0,-1,389.000,-0.0985,0.3
kp15 run1.txt,17,-15.0,-1,390.000,-0.0999,0.278
kp15 run1.txt,17,-15.0,-1,391.000,-0.1021,-0.291
kp15 run1.txt,17,-15.0,-1,392.000,-0.1006,-0.269
kp15 run1.txt,17,-15.0,-1,393.000,-0.1014,-0.28
kp15 run1.txt,17,-15.0,-1,394.000,-0.0999,0.278
kp15 run1.txt,17,-15.0,-1,395.000,-0.0999,0.278
kp15 run1.txt,17,-15.0,-1,396.000,-0.1006,-0.269
kp15 run1.txt,17,-15.0,-1,397.000,-0.0999,0.278
kp15 run1.txt,17,-15.0,-1,398.000,-0.1036,-0.312
kp15 run1.txt,17,-15.0,-1,399.000,-0.1006,-0.269
kp15 run1.txt,17,-15.0,-1,400.000,-0.0963,0.333
kp15 run1.txt,17,-15.0,-1,401.000,-0.0977,0.311
kp15 run1.txt,17,-15.0,-1,402.000,-0.1006,-0.269
kp15 run1.txt,17,-15.0,-1,403.000,-0.1014,-0.28
kp15 run1.txt,17,-15.0,-1,404.000,-0.1025,-0.296
kp15 run1.txt,17,-15.0,-1,405.000,-0.1058,-0.345
kp15 run1.txt,17,-15.0,-1,406.000,-0.1021,-0.291
kp15 run1.txt,17,-15.0,-1,407.000,-0.113,-0.455
kp15 run1.txt,17,-15.0,-1,408.000,-0.0952,0.349
kp15 run1.txt,17,-15.0,-1,409.000,-0.0996,0.284
kp15 run1.txt,17,-15.0,-1,410.000,-0.0999,0.278
kp15 run1.txt,17,-15.0,-1,411.000,-0.0996,0.284
kp15 run1.txt,17,-15.0,-1,412.000,-0.1006,-0.269
kp15 run1.txt,17,-15.0,-1,413.000,-0.113,-0.455
kp15 run1.txt,17,-15.0,-1,414.000,-0.1014,-0.28
kp15 run1.txt,17,-15.0,-1,415.000,-0.1006,-0.269
kp15 run1.txt,17,-15.0,-1,416.000,-0.1006,-0.269
kp15 run1.txt,17,-15.0,-1,417.000,-0.0999,0.278
kp15 run1.txt,17,-15.0,-1,418.000,-0.1006,-0.269
kp15 run1.txt,17,-15.0,-1,419.000,-0.0999,0.278
kp15 run1.txt,17,-15.0,-1,420.000,-0.1014,-0.28
kp15 run1.txt,17,-15.0,-1,421.000,-0.1006,-0.269
kp15 run1.txt,17,-15.0,-1,422.000,-0.1006,-0.269
kp15 run1.txt,17,-15.0,-1,423.000,-0.1006,-0.269
kp15 run1.txt,17,-15.0,-1,424.000,-0.1021,-0.291
kp15 run1.txt,17,-15.0,-1,425.000,-0.0992,0.289
kp15 run1.txt,17,-15.0,-1,426.000,-0.1036,-0.312
kp15 run1.txt,17,-15.0,-1,427.000,-0.1021,-0.291
kp15 run1.txt,17,-15.0,-1,428.000,-0.0996,0.284
kp15 run1.txt,17,-15.0,-1,429.000,-0.1006,-0.269
kp15 run1.txt,17,-15.0,-1,430.000,-0.1014,-0.28
kp15 run1.txt,17,-15.0,-1,431.000,-0.1021,-0.291
kp15 run1.txt,17,-15.0,-1,432.000,-0.0959,0.338
kp15 run1.txt,17,-15.0,-1,433.000,-0.105,-0.334
kp15 run1.txt,17,-15.0,-1,434.000,-0.1021,-0.291
kp15 run1.txt,17,-15.0,-1,435.000,-0.1006,-0.269
kp15 run1.txt,17,-15.0,-1,436.000,-0.1014,-0.28
kp15 run1.txt,17,-15.0,-1,437.000,-0.1021,-0.291
kp15 run1.txt,17,-15.0,-1,438.000,-0.1006,-0.269
kp15 run1.txt,17,-15.0,-1,439.000,-0.0992,0.289
kp15 run1.txt,17,-15.0,-1,440.000,-0.1021,-0.291
kp15 run1.txt,17,-15.0,-1,441.000,-0.1021,-0.291
kp15 run1.txt,17,-15.0,-1,442.000,-0.1021,-0.291
kp15 run1.txt,17,-15.0,-1,443.000,-0.1036,-0.312
kp15 run1.txt,17,-15.0,-1,444.000,-0.1006,-0.269
kp15 run1.txt,17,-15.0,-1,445.000,-0.0996,0.284
kp15 run1.txt,17,-15.0,-1,446.000,-0.1072,-0.367
kp15 run1.txt,17,-15.0,-1,447.000,-0.1014,-0.28
kp15 run1.txt,17,-15.0,-1,448.000,-0.0985,0.3
kp15 run1.txt,17,-15.0,-1,449.000,-0.1014,-0.28
kp15 run1.txt,17,-15.0,-1,450.000,-0.1006,-0.269
kp15 run1.txt,17,-15.0,-1,451.000,-0.0996,0.284
kp15 run1.txt,17,-15.0,-1,452.000,-0.0999,0.278
kp15 run1.txt,17,-15.0,-1,453.000,-0.0926,0.388
kp15 run1.txt,17,-15.0,-1,454.000,-0.0996,0.284
kp15 run1.txt,17,-15.0,-1,455.000,-0.1021,-0.291
kp15 run1.txt,17,-15.0,-1,456.000,-0.0996,0.284
kp15 run1.txt,17,-15.0,-1,457.000,-0.0992,0.289
kp15 run1.txt,17,-15.0,-1,458.000,-0.1043,-0.323
kp15 run1.txt,17,-15.0,-1,459.000,-0.1014,-0.28
kp15 run1.txt,17,-15.0,-1,460.000,-0.1006,-0.269
kp15 run1.txt,17,-15.0,-1,461.000,-0.1014,-0.28
kp15 run1.txt,17,-15.0,-1,462.000,-0.0999,0.278
kp15 run1.txt,17,-15.0,-1,463.000,-0.1036,-0.312
kp15 run1.txt,17,-15.0,-1,464.000,-0.1269,-0.662
kp15 run1.txt,17,-15.0,-1,465.000,-0.1014,-0.28
kp15 run1.txt,17,-15.0,-1,466.000,-0.1006,-0.269
kp15 run1.txt,17,-15.0,-1,467.000,-0.1014,-0.28
kp15 run1.txt,17,-15.0,-1,468.000,-0.0992,0.289
kp15 run1.txt,17,-15.0,-1,469.000,-0.1006,-0.269
kp15 run1.txt,17,-15.0,-1,470.000,-0.1006,-0.269
kp15 run1.txt,17,-15.0,-1,471.000,-0.1006,-0.269
kp15 run1.txt,17,-15.0,-1,472.000,-0.0955,0.344
kp15 run1.txt,17,-15.0,-1,473.000,-0.0963,0.333
kp15 run1.txt,17,-15.0,-1,474.000,-0.0996,0.284
kp15 run1.txt,17,-15.0,-1,475.000,-0.1021,-0.291
kp15 run1.txt,17,-15.0,-1,476.000,-0.0966,0.327
kp15 run1.txt,17,-15.0,-1,477.000,-0.1025,-0.296
kp15 run1.txt,17,-15.0,-1,478.000,-0.1021,-0.291
kp15 run1.txt,17,-15.0,-1,479.000,-0.1043,-0.323
kp15 run1.txt,17,-15.0,-1,480.000,-0.1014,-0.28
kp15 run1.txt,17,-15.0,-1,481.000,-0.0955,0.344
kp15 run1.txt,17,-15.0,-1,482.000,-0.1014,-0.28
kp15 run1.txt,17,-15.0,-1,483.000,-0.1006,-0.269
kp15 run1.txt,17,-15.0,-1,484.000,-0.1014,-0.28
kp15 run1.txt,17,-15.0,-1,485.000,-0.0955,0.344
kp15 run1.txt,17,-15.0,-1,486.000,-0.0926,0.388
kp15 run1.txt,17,-15.0,-1,487.000,-0.1014,-0.28
kp15 run1.txt,17,-15.0,-1,488.000,-0.0977,0.311
kp15 run1.txt,17,-15.0,-1,489.000,-0.1014,-0.28
kp15 run1.txt,17,-15.0,-1,490.000,-0.0926,0.388
kp15 run1.txt,17,-15.0,-1,491.000,-0.0996,0.284
kp15 run1.txt,17,-15.0,-1,492.000,-0.1025,-0.296
kp15 run1.txt,17,-15.0,-1,493.000,-0.1043,-0.323
kp15 run1.txt,17,-15.0,-1,494.000,-0.0985,0.3
kp15 run1.txt,17,-15.0,-1,495.000,-0.1017,-0.285
kp15 run1.txt,17,-15.0,-1,496.000,-0.1025,-0.296
kp15 run1.txt,17,-15.0,-1,497.000,-0.0985,0.3
kp15 run1.txt,17,-15.0,-1,498.000,-0.0926,0.388
kp15 run1.txt,17,-15.0,-1,499.000,-0.0996,0.284
kp15 run1.txt,17,-15.0,-1,500.000,-0.0999,0.278
kp15 run1.txt,17,-15.0,-1,501.000,-0.1003,-0.263
kp15 run1.txt,17,-15.0,-1,502.000,-0.1006,-0.269
kp15 run1.txt,17,-15.0,-1,503.000,-0.0985,0.3
kp15 run1.txt,17,-15.0,-1,504.000,-0.0955,0.344
kp15 run1.txt,17,-15.0,-1,505.000,-0.0992,0.289
kp15 run1.txt,17,-15.0,-1,506.000,-0.1014,-0.28
kp15 run1.txt,17,-15.0,-1,507.000,-0.0992,0.289
kp15 run1.txt,17,-15.0,-1,508.000,-0.1006,-0.269
kp15 run1.txt,17,-15.0,-1,509.000,-0.0985,0.3
kp15 run1.txt,17,-15.0,-1,510.000,-0.1006,-0.269
kp15 run1.txt,17,-15.0,-1,511.000,-0.1014,-0.28
kp15 run1.txt,17,-15.0,-1,512.000,-0.1014,-0.28
kp15 run1.txt,17,-15.0,-1,513.000,-0.1006,-0.269
kp15 run1.txt,17,-15.0,-1,514.000,-0.1123,-0.444
kp15 run1.txt,17,-15.0,-1,515.000,-0.0955,0.344
kp15 run1.txt,17,-15.0,-1,516.000,-0.0999,0.278
kp15 run1.txt,17,-15.0,-1,517.000,-0.0963,0.333
kp15 run1.txt,17,-15.0,-1,518.000,-0.1006,-0.269
kp15 run1.txt,17,-15.0,-1,519.000,-0.0985,0.3
kp15 run1.txt,17,-15.0,-1,520.000,-0.0985,0.3
kp15 run1.txt,17,-15.0,-1,521.000,-0.1065,-0.356
kp15 run1.txt,17,-15.0,-1,522.000,-0.1021,-0.291
kp15 run1.txt,17,-15.0,-1,523.000,-0.0992,0.289
kp15 run1.txt,17,-15.0,-1,524.000,-0.1006,-0.269
kp15 run1.txt,17,-15.0,-1,525.000,-0.1021,-0.291
kp15 run1.txt,17,-15.0,-1,526.000,-0.0996,0.284
kp15 run1.txt,17,-15.0,-1,527.000,-0.1006,-0.269
kp15 run1.txt,17,-15.0,-1,528.000,-0.1006,-0.269
kp15 run1.txt,17,-15.0,-1,529.000,-0.1014,-0.28
kp15 run1.txt,17,-15.0,-1,530.000,-0.0992,0.289
kp15 run1.txt,17,-15.0,-1,531.000,-0.0992,0.289
kp15 run1.txt,17,-15.0,-1,532.000,-0.0985,0.3
kp15 run1.txt,17,-15.0,-1,533.000,-0.0985,0.3
kp15 run1.txt,17,-15.0,-1,534.000,-0.1006,-0.269
kp15 run1.txt,17,-15.0,-1,535.000,-0.0992,0.289
kp15 run1.txt,17,-15.0,-1,536.000,-0.1014,-0.28
kp15 run1.txt,17,-15.0,-1,537.000,-0.1003,-0.263
kp15 run1.txt,17,-15.0,-1,538.000,-0.1014,-0.28
kp15 run1.txt,17,-15.0,-1,539.000,-0.1006,-0.269
kp15 run1.txt,17,-15.0,-1,540.000,-0.0846,0.508
kp15 run1.txt,17,-15.0,-1,541.000,-0.089,0.442
kp15 run1.txt,17,-15.0,-1,542.000,-0.1079,-0.378
kp15 run1.txt,17,-15.0,-1,543.000,-0.1014,-0.28
kp15 run1.txt,17,-15.0,-1,544.000,-0.089,0.442
kp15 run1.txt,17,-15.0,-1,545.000,-0.1043,-0.323
kp15 run1.txt,17,-15.0,-1,546.000,-0.0999,0.278
kp15 run1.txt,17,-15.0,-1,547.000,-0.1021,-0.291
kp15 run1.txt,17,-15.0,-1,548.000,-0.0992,0.289
kp15 run1.txt,17,-15.0,-1,549.000,-0.1003,-0.263
kp15 run1.txt,17,-15.0,-1,550.000,-0.0955,0.344
kp15 run1.txt,17,-15.0,-1,551.000,-0.0992,0.289
kp15 run1.txt,17,-15.0,-1,552.000,-0.0955,0.344
kp15 run1.txt,17,-15.0,-1,553.000,-0.0996,0.284
kp15 run1.txt,17,-15.0,-1,554.000,-0.0985,0.3
kp15 run1.txt,17,-15.0,-1,555.000,-0.1006,-0.269
kp15 run1.txt,17,-15.0,-1,556.000,-0.0999,0.278
kp15 run1.txt,17,-15.0,-1,557.000,-0.1014,-0.28
kp15 run1.txt,17,-15.0,-1,558.000,-0.0999,0.278
kp15 run1.txt,17,-15.0,-1,559.000,-0.1021,-0.291
kp15 run1.txt,17,-15.0,-1,560.000,-0.105,-0.334
kp15 run1.txt,17,-15.0,-1,561.000,-0.1006,-0.269
kp15 run1.txt,17,-15.0,-1,562.000,-0.0992,0.289
kp15 run1.txt,17,-15.0,-1,563.000,-0.1025,-0.296
kp15 run1.txt,17,-15.0,-1,564.000,-0.1152,-0.487
kp15 run1.txt,17,-15.0,-1,565.000,-0.0985,0.3
kp15 run1.txt,17,-15.0,-1,566.000,-0.0985,0.3
kp15 run1.txt,17,-15.0,-1,567.000,-0.1014,-0.28
kp15 run1.txt,17,-15.0,-1,568.000,-0.1065,-0.356
kp15 run1.txt,17,-15.0,-1,569.000,-0.0992,0.289
kp15 run1.txt,17,-15.0,-1,570.000,-0.0992,0.289
kp15 run1.txt,17,-15.0,-1,571.000,-0.1036,-0.312
kp15 run1.txt,17,-15.0,-1,572.000,-0.0999,0.278
kp15 run1.txt,17,-15.0,-1,573.000,-0.0985,0.3
kp15 run1.txt,17,-15.0,-1,574.000,-0.1021,-0.291
kp15 run1.txt,17,-15.0,-1,575.000,-0.1014,-0.28
kp15 run1.txt,17,-15.0,-1,576.000,-0.0992,0.289
kp15 run1.txt,17,-15.0,-1,577.000,-0.0992,0.289
kp15 run1.txt,17,-15.0,-1,578.000,-0.0963,0.333
kp15 run1.txt,17,-15.0,-1,579.000,-0.1006,-0.269
kp15 run1.txt,17,-15.0,-1,580.000,-0.0955,0.344
kp15 run1.txt,17,-15.0,-1,581.000,-0.1017,-0.285
kp15 run1.txt,17,-15.0,-1,582.000,-0.1101,-0.411
kp15 run1.txt,17,-15.0,-1,583.000,-0.0992,0.289
kp15 run1.txt,17,-15.0,-1,584.000,-0.081,0.563
kp15 run1.txt,17,-15.0,-1,585.000,-0.0992,0.289
kp15 run1.txt,17,-15.0,-1,586.000,-0.0999,0.278
kp15 run1.txt,17,-15.0,-1,587.000,-0.0977,0.311
kp15 run1.txt,17,-15.0,-1,588.000,-0.0934,0.377
kp15 run1.txt,17,-15.0,-1,589.000,-0.0992,0.289
kp15 run1.txt,17,-15.0,-1,590.000,-0.0996,0.284
kp15 run1.txt,17,-15.0,-1,591.000,-0.0985,0.3
kp15 run1.txt,17,-15.0,-1,592.000,-0.0992,0.289
kp15 run1.txt,17,-15.0,-1,593.000,-0.0985,0.3
kp15 run1.txt,17,-15.0,-1,594.000,-0.1014,-0.28
kp15 run1.txt,17,-15.0,-1,595.000,-0.1006,-0.269
kp15 run1.txt,17,-15.0,-1,596.000,-0.1014,-0.28
kp15 run1.txt,17,-15.0,-1,597.000,-0.1006,-0.269
kp15 run1.txt,17,-15.0,-1,598.000,-0.1006,-0.269
kp15 run1.txt,17,-15.0,-1,599.000,-0.0966,0.327
kp15 run1.txt,18,-15.0,1,0.000,-0.1003,-3.263
kp15 run1.txt,18,-15.0,1,1.000,-0.0948,-3.181
kp15 run1.txt,18,-15.0,1,2.000,-0.0966,-3.209
kp15 run1.txt,18,-15.0,1,3.000,-0.0963,-3.203
kp15 run1.txt,18,-15.0,1,4.000,-0.0955,-3.192
kp15 run1.txt,18,-15.0,1,5.000,-0.0977,-3.225
kp15 run1.txt,18,-15.0,1,6.000,-0.0926,-3.148
kp15 run1.txt,18,-15.0,1,7.000,-0.0992,-3.247
kp15 run1.txt,18,-15.0,1,8.000,-0.1072,-3.367
kp15 run1.txt,18,-15.0,1,9.000,-0.0832,-3.006
kp15 run1.txt,18,-15.0,1,10.000,-0.0934,-3.159
kp15 run1.txt,18,-15.0,1,11.000,-0.0904,-3.116
kp15 run1.txt,18,-15.0,1,12.000,-0.0853,-3.039
kp15 run1.txt,18,-15.0,1,13.000,-0.0868,-3.061
kp15 run1.txt,18,-15.0,1,14.000,-0.081,-2.973
kp15 run1.txt,18,-15.0,1,15.000,-0.0788,-2.941
kp15 run1.txt,18,-15.0,1,16.000,-0.0759,-2.897
kp15 run1.txt,18,-15.0,1,17.000,-0.0635,-2.711
kp15 run1.txt,18,-15.0,1,18.000,-0.0897,-3.105
kp15 run1.txt,18,-15.0,1,19.000,-0.0693,-2.798
kp15 run1.txt,18,-15.0,1,20.000,-0.0678,-2.777
kp15 run1.txt,18,-15.0,1,21.000,-0.0693,-2.798
kp15 run1.txt,18,-15.0,1,22.000,-0.0635,-2.711
kp15 run1.txt,18,-15.0,1,23.000,-0.0606,-2.667
kp15 run1.txt,18,-15.0,1,24.000,-0.0554,-2.591
kp15 run1.txt,18,-15.0,1,25.000,-0.0529,-2.552
kp15 run1.txt,18,-15.0,1,26.000,-0.0489,-2.492
kp15 run1.txt,18,-15.0,1,27.000,-0.0423,-2.394
kp15 run1.txt,18,-15.0,1,28.000,-0.0438,-2.416
kp15 run1.txt,18,-15.0,1,29.000,-0.0431,-2.405
kp15 run1.txt,18,-15.0,1,30.000,-0.0379,-2.328
kp15 run1.txt,18,-15.0,1,31.000,-0.0372,-2.317
kp15 run1.txt,18,-15.0,1,32.000,-0.0307,-2.219
kp15 run1.txt,18,-15.0,1,33.000,-0.0256,-2.142
kp15 run1.txt,18,-15.0,1,34.000,-0.0263,-2.153
kp15 run1.txt,18,-15.0,1,35.000,-0.0219,-2.088
kp15 run1.txt,18,-15.0,1,36.000,-0.0175,-2.022
kp15 run1.txt,18,-15.0,1,37.000,-0.0128,-1.951
kp15 run1.txt,18,-15.0,1,38.000,-0.0121,-1.94
kp15 run1.txt,18,-15.0,1,39.000,-0.0081,-1.88
kp15 run1.txt,18,-15.0,1,40.000,-0.004,-1.82
kp15 run1.txt,18,-15.0,1,41.000,-0.0015,-1.781
kp15 run1.txt,18,-15.0,1,42.000,0.0007,-1.749
kp15 run1.txt,18,-15.0,1,43.000,0.0036,-1.705
kp15 run1.txt,18,-15.0,1,44.000,0.0007,-1.749
kp15 run1.txt,18,-15.0,1,45.000,0.0113,-1.59
kp15 run1.txt,18,-15.0,1,46.000,0.0145,-1.541
kp15 run1.txt,18,-15.0,1,47.000,0.0189,-1.475
kp15 run1.txt,18,-15.0,1,48.000,0.0182,-1.486
kp15 run1.txt,18,-15.0,1,49.000,0.024,-1.399
kp15 run1.txt,18,-15.0,1,50.000,0.0433,-1.109
kp15 run1.txt,18,-15.0,1,51.000,0.0357,-1.224
kp15 run1.txt,18,-15.0,1,52.000,0.0328,-1.268
kp15 run1.txt,18,-15.0,1,53.000,0.0357,-1.224
kp15 run1.txt,18,-15.0,1,54.000,0.0357,-1.224
kp15 run1.txt,18,-15.0,1,55.000,0.043,-1.114
kp15 run1.txt,18,-15.0,1,56.000,0.0422,-1.125
kp15 run1.txt,18,-15.0,1,57.000,0.0473,-1.049
kp15 run1.txt,18,-15.0,1,58.000,0.0503,-1.005
kp15 run1.txt,18,-15.0,1,59.000,0.0539,-0.95
kp15 run1.txt,18,-15.0,1,60.000,0.0568,-0.907
kp15 run1.txt,18,-15.0,1,61.000,0.0565,-0.912
kp15 run1.txt,18,-15.0,1,62.000,0.0568,-0.907
kp15 run1.txt,18,-15.0,1,63.000,0.0619,-0.83
kp15 run1.txt,18,-15.0,1,64.000,0.0659,-0.77
kp15 run1.txt,18,-15.0,1,65.000,0.0667,-0.759
kp15 run1.txt,18,-15.0,1,66.000,0.0699,-0.71
kp15 run1.txt,18,-15.0,1,67.000,0.0729,-0.666
kp15 run1.txt,18,-15.0,1,68.000,0.0685,-0.732
kp15 run1.txt,18,-15.0,1,69.000,0.0758,-0.622
kp15 run1.txt,18,-15.0,1,70.000,0.0783,-0.584
kp15 run1.txt,18,-15.0,1,71.000,0.0787,-0.579
kp15 run1.txt,18,-15.0,1,72.000,0.0805,-0.551
kp15 run1.txt,18,-15.0,1,73.000,0.0834,-0.507
kp15 run1.txt,18,-15.0,1,74.000,0.0809,-0.546
kp15 run1.txt,18,-15.0,1,75.000,0.0889,-0.425
kp15 run1.txt,18,-15.0,1,76.000,0.0714,-0.688
kp15 run1.txt,18,-15.0,1,77.000,0.0874,-0.447
kp15 run1.txt,18,-15.0,1,78.000,0.0904,-0.404
kp15 run1.txt,18,-15.0,1,79.000,0.0969,-0.305
kp15 run1.txt,18,-15.0,1,80.000,0.0977,-0.294
kp15 run1.txt,18,-15.0,1,81.000,0.0998,-0.261
kp15 run1.txt,18,-15.0,1,82.000,0.0991,-0.272
kp15 run1.txt,18,-15.0,1,83.000,0.1006,0.286
kp15 run1.txt,18,-15.0,1,84.000,0.0998,-0.261
kp15 run1.txt,18,-15.0,1,85.000,0.1035,0.329
kp15 run1.txt,18,-15.0,1,86.000,0.1093,0.417
kp15 run1.txt,18,-15.0,1,87.000,0.0998,-0.261
kp15 run1.txt,18,-15.0,1,88.000,0.1104,0.433
kp15 run1.txt,18,-15.0,1,89.000,0.1079,0.395
kp15 run1.txt,18,-15.0,1,90.000,0.1075,0.389
kp15 run1.txt,18,-15.0,1,91.000,0.1035,0.329
kp15 run1.txt,18,-15.0,1,92.000,0.1093,0.417
kp15 run1.txt,18,-15.0,1,93.000,0.1151,0.504
kp15 run1.txt,18,-15.0,1,94.000,0.1104,0.433
kp15 run1.txt,18,-15.0,1,95.000,0.1115,0.45
kp15 run1.txt,18,-15.0,1,96.000,0.1122,0.46
kp15 run1.txt,18,-15.0,1,97.000,0.113,0.471
kp15 run1.txt,18,-15.0,1,98.000,0.1141,0.488
kp15 run1.txt,18,-15.0,1,99.000,0.102,0.307
kp15 run1.txt,18,-15.0,1,100.000,0.1144,0.493
kp15 run1.txt,18,-15.0,1,101.000,0.113,0.471
kp15 run1.txt,18,-15.0,1,102.000,0.121,0.592
kp15 run1.txt,18,-15.0,1,103.000,0.1151,0.504
kp15 run1.txt,18,-15.0,1,104.000,0.1104,0.433
kp15 run1.txt,18,-15.0,1,105.000,0.1173,0.537
kp15 run1.txt,18,-15.0,1,106.000,0.1108,0.439
kp15 run1.txt,18,-15.0,1,107.000,0.125,0.652
kp15 run1.txt,18,-15.0,1,108.000,0.1181,0.548
kp15 run1.txt,18,-15.0,1,109.000,0.1141,0.488
kp15 run1.txt,18,-15.0,1,110.000,0.1122,0.46
kp15 run1.txt,18,-15.0,1,111.000,0.1133,0.477
kp15 run1.txt,18,-15.0,1,112.000,0.1166,0.526
kp15 run1.txt,18,-15.0,1,113.000,0.1173,0.537
kp15 run1.txt,18,-15.0,1,114.000,0.1115,0.45
kp15 run1.txt,18,-15.0,1,115.000,0.1166,0.526
kp15 run1.txt,18,-15.0,1,116.000,0.1151,0.504
kp15 run1.txt,18,-15.0,1,117.000,0.1166,0.526
kp15 run1.txt,18,-15.0,1,118.000,0.121,0.592
kp15 run1.txt,18,-15.0,1,119.000,0.1122,0.46
kp15 run1.txt,18,-15.0,1,120.000,0.09,-0.409
kp15 run1.txt,18,-15.0,1,121.000,0.1137,0.482
kp15 run1.txt,18,-15.0,1,122.000,0.1137,0.482
kp15 run1.txt,18,-15.0,1,123.000,0.1137,0.482
kp15 run1.txt,18,-15.0,1,124.000,0.1166,0.526
kp15 run1.txt,18,-15.0,1,125.000,0.1137,0.482
kp15 run1.txt,18,-15.0,1,126.000,0.1035,0.329
kp15 run1.txt,18,-15.0,1,127.000,0.1133,0.477
kp15 run1.txt,18,-15.0,1,128.000,0.1137,0.482
kp15 run1.txt,18,-15.0,1,129.000,0.1108,0.439
kp15 run1.txt,18,-15.0,1,130.000,0.11,0.428
kp15 run1.txt,18,-15.0,1,131.000,0.11,0.428
kp15 run1.txt,18,-15.0,1,132.000,0.1108,0.439
kp15 run1.txt,18,-15.0,1,133.000,0.1108,0.439
kp15 run1.txt,18,-15.0,1,134.000,0.1093,0.417
kp15 run1.txt,18,-15.0,1,135.000,0.1159,0.515
kp15 run1.txt,18,-15.0,1,136.000,0.1181,0.548
kp15 run1.txt,18,-15.0,1,137.000,0.0911,-0.393
kp15 run1.txt,18,-15.0,1,138.000,0.1086,0.406
kp15 run1.txt,18,-15.0,1,139.000,0.11,0.428
kp15 run1.txt,18,-15.0,1,140.000,0.1035,0.329
kp15 run1.txt,18,-15.0,1,141.000,0.1064,0.373
kp15 run1.txt,18,-15.0,1,142.000,0.1064,0.373
kp15 run1.txt,18,-15.0,1,143.000,0.1068,0.378
kp15 run1.txt,18,-15.0,1,144.000,0.1104,0.433
kp15 run1.txt,18,-15.0,1,145.000,0.1049,0.351
kp15 run1.txt,18,-15.0,1,146.000,0.1049,0.351
kp15 run1.txt,18,-15.0,1,147.000,0.1042,0.34
kp15 run1.txt,18,-15.0,1,148.000,0.1079,0.395
kp15 run1.txt,18,-15.0,1,149.000,0.1035,0.329
kp15 run1.txt,18,-15.0,1,150.000,0.1049,0.351
kp15 run1.txt,18,-15.0,1,151.000,0.1057,0.362
kp15 run1.txt,18,-15.0,1,152.000,0.1028,0.318
kp15 run1.txt,18,-15.0,1,153.000,0.1093,0.417
kp15 run1.txt,18,-15.0,1,154.000,0.1024,0.313
kp15 run1.txt,18,-15.0,1,155.000,0.1144,0.493
kp15 run1.txt,18,-15.0,1,156.000,0.1017,0.302
kp15 run1.txt,18,-15.0,1,157.000,0.1075,0.389
kp15 run1.txt,18,-15.0,1,158.000,0.0991,-0.272
kp15 run1.txt,18,-15.0,1,159.000,0.1006,0.286
kp15 run1.txt,18,-15.0,1,160.000,0.0998,-0.261
kp15 run1.txt,18,-15.0,1,161.000,0.1006,0.286
kp15 run1.txt,18,-15.0,1,162.000,0.0977,-0.294
kp15 run1.txt,18,-15.0,1,163.000,0.0977,-0.294
kp15 run1.txt,18,-15.0,1,164.000,0.0955,-0.327
kp15 run1.txt,18,-15.0,1,165.000,0.0977,-0.294
kp15 run1.txt,18,-15.0,1,166.000,0.0951,-0.333
kp15 run1.txt,18,-15.0,1,167.000,0.0955,-0.327
kp15 run1.txt,18,-15.0,1,168.000,0.0987,-0.278
kp15 run1.txt,18,-15.0,1,169.000,0.1035,0.329
kp15 run1.txt,18,-15.0,1,170.000,0.1017,0.302
kp15 run1.txt,18,-15.0,1,171.000,0.0918,-0.382
kp15 run1.txt,18,-15.0,1,172.000,0.0998,-0.261
kp15 run1.txt,18,-15.0,1,173.000,0.0904,-0.404
kp15 run1.txt,18,-15.0,1,174.000,0.094,-0.349
kp15 run1.txt,18,-15.0,1,175.000,0.0955,-0.327
kp15 run1.txt,18,-15.0,1,176.000,0.0977,-0.294
kp15 run1.txt,18,-15.0,1,177.000,0.0955,-0.327
kp15 run1.txt,18,-15.0,1,178.000,0.0991,-0.272
kp15 run1.txt,18,-15.0,1,179.000,0.0969,-0.305
kp15 run1.txt,18,-15.0,1,180.000,0.0969,-0.305
kp15 run1.txt,18,-15.0,1,181.000,0.1093,0.417
kp15 run1.txt,18,-15.0,1,182.000,0.0918,-0.382
kp15 run1.txt,18,-15.0,1,183.000,0.0951,-0.333
kp15 run1.txt,18,-15.0,1,184.000,0.0998,-0.261
kp15 run1.txt,18,-15.0,1,185.000,0.0998,-0.261
kp15 run1.txt,18,-15.0,1,186.000,0.0977,-0.294
kp15 run1.txt,18,-15.0,1,187.000,0.0995,-0.267
kp15 run1.txt,18,-15.0,1,188.000,0.0991,-0.272
kp15 run1.txt,18,-15.0,1,189.000,0.1006,0.286
kp15 run1.txt,18,-15.0,1,190.000,0.0969,-0.305
kp15 run1.txt,18,-15.0,1,191.000,0.1042,0.34
kp15 run1.txt,18,-15.0,1,192.000,0.098,-0.289
kp15 run1.txt,18,-15.0,1,193.000,0.0969,-0.305
kp15 run1.txt,18,-15.0,1,194.000,0.1009,0.291
kp15 run1.txt,18,-15.0,1,195.000,0.0984,-0.283
kp15 run1.txt,18,-15.0,1,196.000,0.094,-0.349
kp15 run1.txt,18,-15.0,1,197.000,0.0977,-0.294
kp15 run1.txt,18,-15.0,1,198.000,0.0991,-0.272
kp15 run1.txt,18,-15.0,1,199.000,0.0977,-0.294
kp15 run1.txt,18,-15.0,1,200.000,0.1228,0.619
kp15 run1.txt,18,-15.0,1,201.000,0.0987,-0.278
kp15 run1.txt,18,-15.0,1,202.000,0.0998,-0.261
kp15 run1.txt,18,-15.0,1,203.000,0.0995,-0.267
kp15 run1.txt,18,-15.0,1,204.000,0.0998,-0.261
kp15 run1.txt,18,-15.0,1,205.000,0.0991,-0.272
kp15 run1.txt,18,-15.0,1,206.000,0.0958,-0.322
kp15 run1.txt,18,-15.0,1,207.000,0.0962,-0.316
kp15 run1.txt,18,-15.0,1,208.000,0.0998,-0.261
kp15 run1.txt,18,-15.0,1,209.000,0.0969,-0.305
kp15 run1.txt,18,-15.0,1,210.000,0.0955,-0.327
kp15 run1.txt,18,-15.0,1,211.000,0.0984,-0.283
kp15 run1.txt,18,-15.0,1,212.000,0.0969,-0.305
kp15 run1.txt,18,-15.0,1,213.000,0.1064,0.373
kp15 run1.txt,18,-15.0,1,214.000,0.0947,-0.338
kp15 run1.txt,18,-15.0,1,215.000,0.0977,-0.294
kp15 run1.txt,18,-15.0,1,216.000,0.0995,-0.267
kp15 run1.txt,18,-15.0,1,217.000,0.1013,0.296
kp15 run1.txt,18,-15.0,1,218.000,0.0962,-0.316
kp15 run1.txt,18,-15.0,1,219.000,0.0995,-0.267
kp15 run1.txt,18,-15.0,1,220.000,0.0998,-0.261
kp15 run1.txt,18,-15.0,1,221.000,0.1013,0.296
kp15 run1.txt,18,-15.0,1,222.000,0.1009,0.291
kp15 run1.txt,18,-15.0,1,223.000,0.1049,0.351
kp15 run1.txt,18,-15.0,1,224.000,0.0991,-0.272
kp15 run1.txt,18,-15.0,1,225.000,0.1013,0.296
kp15 run1.txt,18,-15.0,1,226.000,0.1006,0.286
kp15 run1.txt,18,-15.0,1,227.000,0.1006,0.286
kp15 run1.txt,18,-15.0,1,228.000,0.0998,-0.261
kp15 run1.txt,18,-15.0,1,229.000,0.1028,0.318
kp15 run1.txt,18,-15.0,1,230.000,0.1049,0.351
kp15 run1.txt,18,-15.0,1,231.000,0.0864,-0.464
kp15 run1.txt,18,-15.0,1,232.000,0.1013,0.296
kp15 run1.txt,18,-15.0,1,233.000,0.0998,-0.261
kp15 run1.txt,18,-15.0,1,234.000,0.0977,-0.294
kp15 run1.txt,18,-15.0,1,235.000,0.1009,0.291
kp15 run1.txt,18,-15.0,1,236.000,0.094,-0.349
kp15 run1.txt,18,-15.0,1,237.000,0.0991,-0.272
kp15 run1.txt,18,-15.0,1,238.000,0.102,0.307
kp15 run1.txt,18,-15.0,1,239.000,0.0977,-0.294
kp15 run1.txt,18,-15.0,1,240.000,0.0984,-0.283
kp15 run1.txt,18,-15.0,1,241.000,0.0987,-0.278
kp15 run1.txt,18,-15.0,1,242.000,0.0998,-0.261
kp15 run1.txt,18,-15.0,1,243.000,0.0998,-0.261
kp15 run1.txt,18,-15.0,1,244.000,0.0998,-0.261
kp15 run1.txt,18,-15.0,1,245.000,0.0966,-0.311
kp15 run1.txt,18,-15.0,1,246.000,0.1068,0.378
kp15 run1.txt,18,-15.0,1,247.000,0.0998,-0.261
kp15 run1.txt,18,-15.0,1,248.000,0.0787,-0.579
kp15 run1.txt,18,-15.0,1,249.000,0.0991,-0.272
kp15 run1.txt,18,-15.0,1,250.000,0.1024,0.313
kp15 run1.txt,18,-15.0,1,251.000,0.1013,0.296
kp15 run1.txt,18,-15.0,1,252.000,0.1013,0.296
kp15 run1.txt,18,-15.0,1,253.000,0.0991,-0.272
kp15 run1.txt,18,-15.0,1,254.000,0.0998,-0.261
kp15 run1.txt,18,-15.0,1,255.000,0.0998,-0.261
kp15 run1.txt,18,-15.0,1,256.000,0.0984,-0.283
kp15 run1.txt,18,-15.0,1,257.000,0.1013,0.296
kp15 run1.txt,18,-15.0,1,258.000,0.0991,-0.272
kp15 run1.txt,18,-15.0,1,259.000,0.1028,0.318
kp15 run1.txt,18,-15.0,1,260.000,0.0987,-0.278
kp15 run1.txt,18,-15.0,1,261.000,0.0998,-0.261
kp15 run1.txt,18,-15.0,1,262.000,0.1009,0.291
kp15 run1.txt,18,-15.0,1,263.000,0.0998,-0.261
kp15 run1.txt,18,-15.0,1,264.000,0.1049,0.351
kp15 run1.txt,18,-15.0,1,265.000,0.0998,-0.261
kp15 run1.txt,18,-15.0,1,266.000,0.0984,-0.283
kp15 run1.txt,18,-15.0,1,267.000,0.1013,0.296
kp15 run1.txt,18,-15.0,1,268.000,0.102,0.307
kp15 run1.txt,18,-15.0,1,269.000,0.1024,0.313
kp15 run1.txt,18,-15.0,1,270.000,0.102,0.307
kp15 run1.txt,18,-15.0,1,271.000,0.098,-0.289
kp15 run1.txt,18,-15.0,1,272.000,0.0987,-0.278
kp15 run1.txt,18,-15.0,1,273.000,0.1053,0.357
kp15 run1.txt,18,-15.0,1,274.000,0.0991,-0.272
kp15 run1.txt,18,-15.0,1,275.000,0.0969,-0.305
kp15 run1.txt,18,-15.0,1,276.000,0.0998,-0.261
kp15 run1.txt,18,-15.0,1,277.000,0.0991,-0.272
kp15 run1.txt,18,-15.0,1,278.000,0.0998,-0.261
kp15 run1.txt,18,-15.0,1,279.000,0.0991,-0.272
kp15 run1.txt,18,-15.0,1,280.000,0.1064,0.373
kp15 run1.txt,18,-15.0,1,281.000,0.1017,0.302
kp15 run1.txt,18,-15.0,1,282.000,0.0998,-0.261
kp15 run1.txt,18,-15.0,1,283.000,0.1006,0.286
kp15 run1.txt,18,-15.0,1,284.000,0.1079,0.395
kp15 run1.txt,18,-15.0,1,285.000,0.0991,-0.272
kp15 run1.txt,18,-15.0,1,286.000,0.1013,0.296
kp15 run1.txt,18,-15.0,1,287.000,0.1013,0.296
kp15 run1.txt,18,-15.0,1,288.000,0.0998,-0.261
kp15 run1.txt,18,-15.0,1,289.000,0.1009,0.291
kp15 run1.txt,18,-15.0,1,290.000,0.102,0.307
kp15 run1.txt,18,-15.0,1,291.000,0.1017,0.302
kp15 run1.txt,18,-15.0,1,292.000,0.0987,-0.278
kp15 run1.txt,18,-15.0,1,293.000,0.102,0.307
kp15 run1.txt,18,-15.0,1,294.000,0.0998,-0.261
kp15 run1.txt,18,-15.0,1,295.000,0.0991,-0.272
kp15 run1.txt,18,-15.0,1,296.000,0.1122,0.46
kp15 run1.txt,18,-15.0,1,297.000,0.1006,0.286
kp15 run1.txt,18,-15.0,1,298.000,0.1006,0.286
kp15 run1.txt,18,-15.0,1,299.000,0.0998,-0.261
kp15 run1.txt,18,-15.0,1,300.000,0.1009,0.291
kp15 run1.txt,18,-15.0,1,301.000,0.0991,-0.272
kp15 run1.txt,18,-15.0,1,302.000,0.1006,0.286
kp15 run1.txt,18,-15.0,1,303.000,0.1006,0.286
kp15 run1.txt,18,-15.0,1,304.000,0.0991,-0.272
kp15 run1.txt,18,-15.0,1,305.000,0.0998,-0.261
kp15 run1.txt,18,-15.0,1,306.000,0.0987,-0.278
kp15 run1.txt,18,-15.0,1,307.000,0.1031,0.324
kp15 run1.txt,18,-15.0,1,308.000,0.0998,-0.261
kp15 run1.txt,18,-15.0,1,309.000,0.1017,0.302
kp15 run1.txt,18,-15.0,1,310.000,0.0998,-0.261
kp15 run1.txt,18,-15.0,1,311.000,0.0947,-0.338
kp15 run1.txt,18,-15.0,1,312.000,0.0969,-0.305
kp15 run1.txt,18,-15.0,1,313.000,0.0987,-0.278
kp15 run1.txt,18,-15.0,1,314.000,0.0995,-0.267
kp15 run1.txt,18,-15.0,1,315.000,0.0998,-0.261
kp15 run1.txt,18,-15.0,1,316.000,0.0991,-0.272
kp15 run1.txt,18,-15.0,1,317.000,0.0991,-0.272
kp15 run1.txt,18,-15.0,1,318.000,0.1006,0.286
kp15 run1.txt,18,-15.0,1,319.000,0.0998,-0.261
kp15 run1.txt,18,-15.0,1,320.000,0.1064,0.373
kp15 run1.txt,18,-15.0,1,321.000,0.0991,-0.272
kp15 run1.txt,18,-15.0,1,322.000,0.0991,-0.272
kp15 run1.txt,18,-15.0,1,323.000,0.1035,0.329
kp15 run1.txt,18,-15.0,1,324.000,0.0991,-0.272
kp15 run1.txt,18,-15.0,1,325.000,0.0995,-0.267
kp15 run1.txt,18,-15.0,1,326.000,0.102,0.307
kp15 run1.txt,18,-15.0,1,327.000,0.1108,0.439
kp15 run1.txt,18,-15.0,1,328.000,0.0864,-0.464
kp15 run1.txt,18,-15.0,1,329.000,0.1108,0.439
kp15 run1.txt,18,-15.0,1,330.000,0.1075,0.389
kp15 run1.txt,18,-15.0,1,331.000,0.0933,-0.36
kp15 run1.txt,18,-15.0,1,332.000,0.1006,0.286
kp15 run1.txt,18,-15.0,1,333.000,0.0998,-0.261
kp15 run1.txt,18,-15.0,1,334.000,0.0998,-0.261
kp15 run1.txt,18,-15.0,1,335.000,0.1006,0.286
kp15 run1.txt,18,-15.0,1,336.000,0.102,0.307
kp15 run1.txt,18,-15.0,1,337.000,0.0969,-0.305
kp15 run1.txt,18,-15.0,1,338.000,0.0998,-0.261
kp15 run1.txt,18,-15.0,1,339.000,0.0998,-0.261
kp15 run1.txt,18,-15.0,1,340.000,0.1006,0.286
kp15 run1.txt,18,-15.0,1,341.000,0.1035,0.329
kp15 run1.txt,18,-15.0,1,342.000,0.0991,-0.272
kp15 run1.txt,18,-15.0,1,343.000,0.0962,-0.316
kp15 run1.txt,18,-15.0,1,344.000,0.102,0.307
kp15 run1.txt,18,-15.0,1,345.000,0.1049,0.351
kp15 run1.txt,18,-15.0,1,346.000,0.1006,0.286
kp15 run1.txt,18,-15.0,1,347.000,0.0977,-0.294
kp15 run1.txt,18,-15.0,1,348.000,0.1013,0.296
kp15 run1.txt,18,-15.0,1,349.000,0.0998,-0.261
kp15 run1.txt,18,-15.0,1,350.000,0.1024,0.313
kp15 run1.txt,18,-15.0,1,351.000,0.0998,-0.261
kp15 run1.txt,18,-15.0,1,352.000,0.0998,-0.261
kp15 run1.txt,18,-15.0,1,353.000,0.0998,-0.261
kp15 run1.txt,18,-15.0,1,354.000,0.1006,0.286
kp15 run1.txt,18,-15.0,1,355.000,0.0998,-0.261
kp15 run1.txt,18,-15.0,1,356.000,0.0998,-0.261
kp15 run1.txt,18,-15.0,1,357.000,0.0969,-0.305
kp15 run1.txt,18,-15.0,1,358.000,0.0991,-0.272
kp15 run1.txt,18,-15.0,1,359.000,0.1035,0.329
kp15 run1.txt,18,-15.0,1,360.000,0.0998,-0.261
kp15 run1.txt,18,-15.0,1,361.000,0.0991,-0.272
kp15 run1.txt,18,-15.0,1,362.000,0.1017,0.302
kp15 run1.txt,18,-15.0,1,363.000,0.0984,-0.283
kp15 run1.txt,18,-15.0,1,364.000,0.0998,-0.261
kp15 run1.txt,18,-15.0,1,365.000,0.0991,-0.272
kp15 run1.txt,18,-15.0,1,366.000,0.1042,0.34
kp15 run1.txt,18,-15.0,1,367.000,0.0998,-0.261
kp15 run1.txt,18,-15.0,1,368.000,0.0998,-0.261
kp15 run1.txt,18,-15.0,1,369.000,0.1028,0.318
kp15 run1.txt,18,-15.0,1,370.000,0.0998,-0.261
kp15 run1.txt,18,-15.0,1,371.000,0.0998,-0.261
kp15 run1.txt,18,-15.0,1,372.000,0.0991,-0.272
kp15 run1.txt,18,-15.0,1,373.000,0.1017,0.302
kp15 run1.txt,18,-15.0,1,374.000,0.1035,0.329
kp15 run1.txt,18,-15.0,1,375.000,0.0998,-0.261
kp15 run1.txt,18,-15.0,1,376.000,0.0918,-0.382
kp15 run1.txt,18,-15.0,1,377.000,0.0962,-0.316
kp15 run1.txt,18,-15.0,1,378.000,0.098,-0.289
kp15 run1.txt,18,-15.0,1,379.000,0.0998,-0.261
kp15 run1.txt,18,-15.0,1,380.000,0.1035,0.329
kp15 run1.txt,18,-15.0,1,381.000,0.1013,0.296
kp15 run1.txt,18,-15.0,1,382.000,0.0998,-0.261
kp15 run1.txt,18,-15.0,1,383.000,0.0998,-0.261
kp15 run1.txt,18,-15.0,1,384.000,0.1108,0.439
kp15 run1.txt,18,-15.0,1,385.000,0.102,0.307
kp15 run1.txt,18,-15.0,1,386.000,0.1017,0.302
kp15 run1.txt,18,-15.0,1,387.000,0.0991,-0.272
kp15 run1.txt,18,-15.0,1,388.000,0.0987,-0.278
kp15 run1.txt,18,-15.0,1,389.000,0.1028,0.318
kp15 run1.txt,18,-15.0,1,390.000,0.0998,-0.261
kp15 run1.txt,18,-15.0,1,391.000,0.1013,0.296
kp15 run1.txt,18,-15.0,1,392.000,0.1075,0.389
kp15 run1.txt,18,-15.0,1,393.000,0.1006,0.286
kp15 run1.txt,18,-15.0,1,394.000,0.0984,-0.283
kp15 run1.txt,18,-15.0,1,395.000,0.0977,-0.294
kp15 run1.txt,18,-15.0,1,396.000,0.0987,-0.278
kp15 run1.txt,18,-15.0,1,397.000,0.0998,-0.261
kp15 run1.txt,18,-15.0,1,398.000,0.0995,-0.267
kp15 run1.txt,18,-15.0,1,399.000,0.102,0.307
kp15 run1.txt,18,-15.0,1,400.000,0.1017,0.302
kp15 run1.txt,18,-15.0,1,401.000,0.0998,-0.261
kp15 run1.txt,18,-15.0,1,402.000,0.1009,0.291
kp15 run1.txt,18,-15.0,1,403.000,0.0969,-0.305
kp15 run1.txt,18,-15.0,1,404.000,0.1053,0.357
kp15 run1.txt,18,-15.0,1,405.000,0.1006,0.286
kp15 run1.txt,18,-15.0,1,406.000,0.0998,-0.261
kp15 run1.txt,18,-15.0,1,407.000,0.0947,-0.338
kp15 run1.txt,18,-15.0,1,408.000,0.1031,0.324
kp15 run1.txt,18,-15.0,1,409.000,0.1042,0.34
kp15 run1.txt,18,-15.0,1,410.000,0.0998,-0.261
kp15 run1.txt,18,-15.0,1,411.000,0.0969,-0.305
kp15 run1.txt,18,-15.0,1,412.000,0.0998,-0.261
kp15 run1.txt,18,-15.0,1,413.000,0.0984,-0.283
kp15 run1.txt,18,-15.0,1,414.000,0.0998,-0.261
kp15 run1.txt,18,-15.0,1,415.000,0.0998,-0.261
kp15 run1.txt,18,-15.0,1,416.000,0.0998,-0.261
kp15 run1.txt,18,-15.0,1,417.000,0.1028,0.318
kp15 run1.txt,18,-15.0,1,418.000,0.1028,0.318
kp15 run1.txt,18,-15.0,1,419.000,0.1006,0.286
kp15 run1.txt,18,-15.0,1,420.000,0.1009,0.291
kp15 run1.txt,18,-15.0,1,421.000,0.102,0.307
kp15 run1.txt,18,-15.0,1,422.000,0.094,-0.349
kp15 run1.txt,18,-15.0,1,423.000,0.102,0.307
kp15 run1.txt,18,-15.0,1,424.000,0.1035,0.329
kp15 run1.txt,18,-15.0,1,425.000,0.0984,-0.283
kp15 run1.txt,18,-15.0,1,426.000,0.102,0.307
kp15 run1.txt,18,-15.0,1,427.000,0.102,0.307
kp15 run1.txt,18,-15.0,1,428.000,0.1013,0.296
kp15 run1.txt,18,-15.0,1,429.000,0.1017,0.302
kp15 run1.txt,18,-15.0,1,430.000,0.0991,-0.272
kp15 run1.txt,18,-15.0,1,431.000,0.0973,-0.3
kp15 run1.txt,18,-15.0,1,432.000,0.0969,-0.305
kp15 run1.txt,18,-15.0,1,433.000,0.0977,-0.294
kp15 run1.txt,18,-15.0,1,434.000,0.0991,-0.272
kp15 run1.txt,18,-15.0,1,435.000,0.102,0.307
kp15 run1.txt,18,-15.0,1,436.000,0.1006,0.286
kp15 run1.txt,18,-15.0,1,437.000,0.1046,0.346
kp15 run1.txt,18,-15.0,1,438.000,0.102,0.307
kp15 run1.txt,18,-15.0,1,439.000,0.1057,0.362
kp15 run1.txt,18,-15.0,1,440.000,0.0947,-0.338
kp15 run1.txt,18,-15.0,1,441.000,0.0991,-0.272
kp15 run1.txt,18,-15.0,1,442.000,0.0969,-0.305
kp15 run1.txt,18,-15.0,1,443.000,0.102,0.307
kp15 run1.txt,18,-15.0,1,444.000,0.1035,0.329
kp15 run1.txt,18,-15.0,1,445.000,0.1028,0.318
kp15 run1.txt,18,-15.0,1,446.000,0.1035,0.329
kp15 run1.txt,18,-15.0,1,447.000,0.102,0.307
kp15 run1.txt,18,-15.0,1,448.000,0.1009,0.291
kp15 run1.txt,18,-15.0,1,449.000,0.1049,0.351
kp15 run1.txt,18,-15.0,1,450.000,0.0998,-0.261
kp15 run1.txt,18,-15.0,1,451.000,0.1013,0.296
kp15 run1.txt,18,-15.0,1,452.000,0.1035,0.329
kp15 run1.txt,18,-15.0,1,453.000,0.0998,-0.261
kp15 run1.txt,18,-15.0,1,454.000,0.1006,0.286
kp15 run1.txt,18,-15.0,1,455.000,0.0998,-0.261
kp15 run1.txt,18,-15.0,1,456.000,0.1013,0.296
kp15 run1.txt,18,-15.0,1,457.000,0.0998,-0.261
kp15 run1.txt,18,-15.0,1,458.000,0.0998,-0.261
kp15 run1.txt,18,-15.0,1,459.000,0.1013,0.296
kp15 run1.txt,18,-15.0,1,460.000,0.0984,-0.283
kp15 run1.txt,18,-15.0,1,461.000,0.1028,0.318
kp15 run1.txt,18,-15.0,1,462.000,0.1006,0.286
kp15 run1.txt,18,-15.0,1,463.000,0.1046,0.346
kp15 run1.txt,18,-15.0,1,464.000,0.102,0.307
kp15 run1.txt,18,-15.0,1,465.000,0.1031,0.324
kp15 run1.txt,18,-15.0,1,466.000,0.102,0.307
kp15 run1.txt,18,-15.0,1,467.000,0.0998,-0.261
kp15 run1.txt,18,-15.0,1,468.000,0.0998,-0.261
kp15 run1.txt,18,-15.0,1,469.000,0.0991,-0.272
kp15 run1.txt,18,-15.0,1,470.000,0.1013,0.296
kp15 run1.txt,18,-15.0,1,471.000,0.1017,0.302
kp15 run1.txt,18,-15.0,1,472.000,0.102,0.307
kp15 run1.txt,18,-15.0,1,473.000,0.0987,-0.278
kp15 run1.txt,18,-15.0,1,474.000,0.0991,-0.272
kp15 run1.txt,18,-15.0,1,475.000,0.0998,-0.261
kp15 run1.txt,18,-15.0,1,476.000,0.0984,-0.283
kp15 run1.txt,18,-15.0,1,477.000,0.0977,-0.294
kp15 run1.txt,18,-15.0,1,478.000,0.0998,-0.261
kp15 run1.txt,18,-15.0,1,479.000,0.1017,0.302
kp15 run1.txt,18,-15.0,1,480.000,0.1006,0.286
kp15 run1.txt,18,-15.0,1,481.000,0.102,0.307
kp15 run1.txt,18,-15.0,1,482.000,0.1028,0.318
kp15 run1.txt,18,-15.0,1,483.000,0.0998,-0.261
kp15 run1.txt,18,-15.0,1,484.000,0.0991,-0.272
kp15 run1.txt,18,-15.0,1,485.000,0.1006,0.286
kp15 run1.txt,18,-15.0,1,486.000,0.1013,0.296
kp15 run1.txt,18,-15.0,1,487.000,0.1006,0.286
kp15 run1.txt,18,-15.0,1,488.000,0.0998,-0.261
kp15 run1.txt,18,-15.0,1,489.000,0.1009,0.291
kp15 run1.txt,18,-15.0,1,490.000,0.0904,-0.404
kp15 run1.txt,18,-15.0,1,491.000,0.1006,0.286
kp15 run1.txt,18,-15.0,1,492.000,0.0969,-0.305
kp15 run1.txt,18,-15.0,1,493.000,0.0984,-0.283
kp15 run1.txt,18,-15.0,1,494.000,0.0991,-0.272
kp15 run1.txt,18,-15.0,1,495.000,0.102,0.307
kp15 run1.txt,18,-15.0,1,496.000,0.0991,-0.272
kp15 run1.txt,18,-15.0,1,497.000,0.0998,-0.261
kp15 run1.txt,18,-15.0,1,498.000,0.1013,0.296
kp15 run1.txt,18,-15.0,1,499.000,0.102,0.307
kp15 run1.txt,18,-15.0,1,500.000,0.102,0.307
kp15 run1.txt,18,-15.0,1,501.000,0.0998,-0.261
kp15 run1.txt,18,-15.0,1,502.000,0.0998,-0.261
kp15 run1.txt,18,-15.0,1,503.000,0.1006,0.286
kp15 run1.txt,18,-15.0,1,504.000,0.0947,-0.338
kp15 run1.txt,18,-15.0,1,505.000,0.1017,0.302
kp15 run1.txt,18,-15.0,1,506.000,0.0991,-0.272
kp15 run1.txt,18,-15.0,1,507.000,0.0991,-0.272
kp15 run1.txt,18,-15.0,1,508.000,0.1028,0.318
kp15 run1.txt,18,-15.0,1,509.000,0.1013,0.296
kp15 run1.txt,18,-15.0,1,510.000,0.0984,-0.283
kp15 run1.txt,18,-15.0,1,511.000,0.0991,-0.272
kp15 run1.txt,18,-15.0,1,512.000,0.0987,-0.278
kp15 run1.txt,18,-15.0,1,513.000,0.102,0.307
kp15 run1.txt,18,-15.0,1,514.000,0.102,0.307
kp15 run1.txt,18,-15.0,1,515.000,0.0947,-0.338
kp15 run1.txt,18,-15.0,1,516.000,0.0984,-0.283
kp15 run1.txt,18,-15.0,1,517.000,0.0998,-0.261
kp15 run1.txt,18,-15.0,1,518.000,0.1017,0.302
kp15 run1.txt,18,-15.0,1,519.000,0.1024,0.313
kp15 run1.txt,18,-15.0,1,520.000,0.0962,-0.316
kp15 run1.txt,18,-15.0,1,521.000,0.1013,0.296
kp15 run1.txt,18,-15.0,1,522.000,0.1049,0.351
kp15 run1.txt,18,-15.0,1,523.000,0.1006,0.286
kp15 run1.txt,18,-15.0,1,524.000,0.0991,-0.272
kp15 run1.txt,18,-15.0,1,525.000,0.1006,0.286
kp15 run1.txt,18,-15.0,1,526.000,0.1035,0.329
kp15 run1.txt,18,-15.0,1,527.000,0.0998,-0.261
kp15 run1.txt,18,-15.0,1,528.000,0.0951,-0.333
kp15 run1.txt,18,-15.0,1,529.000,0.0958,-0.322
kp15 run1.txt,18,-15.0,1,530.000,0.0998,-0.261
kp15 run1.txt,18,-15.0,1,531.000,0.0998,-0.261
kp15 run1.txt,18,-15.0,1,532.000,0.1013,0.296
kp15 run1.txt,18,-15.0,1,533.000,0.1035,0.329
kp15 run1.txt,18,-15.0,1,534.000,0.0998,-0.261
kp15 run1.txt,18,-15.0,1,535.000,0.0998,-0.261
kp15 run1.txt,18,-15.0,1,536.000,0.0998,-0.261
kp15 run1.txt,18,-15.0,1,537.000,0.0995,-0.267
kp15 run1.txt,18,-15.0,1,538.000,0.0998,-0.261
kp15 run1.txt,18,-15.0,1,539.000,0.1006,0.286
kp15 run1.txt,18,-15.0,1,540.000,0.1024,0.313
kp15 run1.txt,18,-15.0,1,541.000,0.0987,-0.278
kp15 run1.txt,18,-15.0,1,542.000,0.1006,0.286
kp15 run1.txt,18,-15.0,1,543.000,0.0998,-0.261
kp15 run1.txt,18,-15.0,1,544.000,0.0998,-0.261
kp15 run1.txt,18,-15.0,1,545.000,0.0925,-0.371
kp15 run1.txt,18,-15.0,1,546.000,0.0893,-0.42
kp15 run1.txt,18,-15.0,1,547.000,0.0969,-0.305
kp15 run1.txt,18,-15.0,1,548.000,0.1057,0.362
kp15 run1.txt,18,-15.0,1,549.000,0.1057,0.362
kp15 run1.txt,18,-15.0,1,550.000,0.1086,0.406
kp15 run1.txt,18,-15.0,1,551.000,0.0995,-0.267
kp15 run1.txt,18,-15.0,1,552.000,0.0991,-0.272
kp15 run1.txt,18,-15.0,1,553.000,0.1017,0.302
kp15 run1.txt,18,-15.0,1,554.000,0.1017,0.302
kp15 run1.txt,18,-15.0,1,555.000,0.0991,-0.272
kp15 run1.txt,18,-15.0,1,556.000,0.094,-0.349
kp15 run1.txt,18,-15.0,1,557.000,0.0998,-0.261
kp15 run1.txt,18,-15.0,1,558.000,0.1017,0.302
kp15 run1.txt,18,-15.0,1,559.000,0.0998,-0.261
kp15 run1.txt,18,-15.0,1,560.000,0.1017,0.302
kp15 run1.txt,18,-15.0,1,561.000,0.1017,0.302
kp15 run1.txt,18,-15.0,1,562.000,0.0987,-0.278
kp15 run1.txt,18,-15.0,1,563.000,0.1006,0.286
kp15 run1.txt,18,-15.0,1,564.000,0.1013,0.296
kp15 run1.txt,18,-15.0,1,565.000,0.102,0.307
kp15 run1.txt,18,-15.0,1,566.000,0.1013,0.296
kp15 run1.txt,18,-15.0,1,567.000,0.1028,0.318
kp15 run1.txt,18,-15.0,1,568.000,0.0987,-0.278
kp15 run1.txt,18,-15.0,1,569.000,0.1013,0.296
kp15 run1.txt,18,-15.0,1,570.000,0.0998,-0.261
kp15 run1.txt,18,-15.0,1,571.000,0.094,-0.349
kp15 run1.txt,18,-15.0,1,572.000,0.1013,0.296
kp15 run1.txt,18,-15.0,1,573.000,0.0991,-0.272
kp15 run1.txt,18,-15.0,1,574.000,0.1006,0.286
kp15 run1.txt,18,-15.0,1,575.000,0.0998,-0.261
kp15 run1.txt,18,-15.0,1,576.000,0.0977,-0.294
kp15 run1.txt,18,-15.0,1,577.000,0.1006,0.286
kp15 run1.txt,18,-15.0,1,578.000,0.1017,0.302
kp15 run1.txt,18,-15.0,1,579.000,0.1049,0.351
kp15 run1.txt,18,-15.0,1,580.000,0.102,0.307
kp15 run1.txt,18,-15.0,1,581.000,0.0987,-0.278
kp15 run1.txt,18,-15.0,1,582.000,0.0977,-0.294
kp15 run1.txt,18,-15.0,1,583.000,0.0998,-0.261
kp15 run1.txt,18,-15.0,1,584.000,0.1057,0.362
kp15 run1.txt,18,-15.0,1,585.000,0.1028,0.318
kp15 run1.txt,18,-15.0,1,586.000,0.0998,-0.261
kp15 run1.txt,18,-15.0,1,587.000,0.0991,-0.272
kp15 run1.txt,18,-15.0,1,588.000,0.0991,-0.272
kp15 run1.txt,18,-15.0,1,589.000,0.102,0.307
kp15 run1.txt,18,-15.0,1,590.000,0.1042,0.34
kp15 run1.txt,18,-15.0,1,591.000,0.1006,0.286
kp15 run1.txt,18,-15.0,1,592.000,0.1013,0.296
kp15 run1.txt,18,-15.0,1,593.000,0.0962,-0.316
kp15 run1.txt,18,-15.0,1,594.000,0.0998,-0.261
kp15 run1.txt,18,-15.0,1,595.000,0.102,0.307
kp15 run1.txt,18,-15.0,1,596.000,0.1035,0.329
kp15 run1.txt,18,-15.0,1,597.000,0.102,0.307
kp15 run1.txt,18,-15.0,1,598.000,0.1006,0.286
kp15 run1.txt,18,-15.0,1,599.000,0.1013,0.296
kp15 run1.txt,19,-15.0,-1,0.000,0.0998,3.275
kp15 run1.txt,19,-15.0,-1,1.000,0.1071,3.384
kp15 run1.txt,19,-15.0,-1,2.000,0.1166,3.526
kp15 run1.txt,19,-15.0,-1,3.000,0.0955,3.209
kp15 run1.txt,19,-15.0,-1,4.000,0.1064,3.373
kp15 run1.txt,19,-15.0,-1,5.000,0.1199,3.575
kp15 run1.txt,19,-15.0,-1,6.000,0.0998,3.275
kp15 run1.txt,19,-15.0,-1,7.000,0.1079,3.395
kp15 run1.txt,19,-15.0,-1,8.000,0.1115,3.45
kp15 run1.txt,19,-15.0,-1,9.000,0.1122,3.46
kp15 run1.txt,19,-15.0,-1,10.000,0.1319,3.756
kp15 run1.txt,19,-15.0,-1,11.000,0.0922,3.16
kp15 run1.txt,19,-15.0,-1,12.000,0.0882,3.1
kp15 run1.txt,19,-15.0,-1,13.000,0.09,3.127
kp15 run1.txt,19,-15.0,-1,14.000,0.0882,3.1
kp15 run1.txt,19,-15.0,-1,15.000,0.086,3.067
kp15 run1.txt,19,-15.0,-1,16.000,0.0783,2.952
kp15 run1.txt,19,-15.0,-1,17.000,0.0794,2.968
kp15 run1.txt,19,-15.0,-1,18.000,0.0765,2.925
kp15 run1.txt,19,-15.0,-1,19.000,0.0743,2.892
kp15 run1.txt,19,-15.0,-1,20.000,0.0721,2.859
kp15 run1.txt,19,-15.0,-1,21.000,0.0721,2.859
kp15 run1.txt,19,-15.0,-1,22.000,0.0648,2.75
kp15 run1.txt,19,-15.0,-1,23.000,0.059,2.662
kp15 run1.txt,19,-15.0,-1,24.000,0.0576,2.64
kp15 run1.txt,19,-15.0,-1,25.000,0.0525,2.564
kp15 run1.txt,19,-15.0,-1,26.000,0.0473,2.487
kp15 run1.txt,19,-15.0,-1,27.000,0.0466,2.476
kp15 run1.txt,19,-15.0,-1,28.000,0.0481,2.498
kp15 run1.txt,19,-15.0,-1,29.000,0.0386,2.356
kp15 run1.txt,19,-15.0,-1,30.000,0.0357,2.312
kp15 run1.txt,19,-15.0,-1,31.000,0.0335,2.279
kp15 run1.txt,19,-15.0,-1,32.000,0.0299,2.225
kp15 run1.txt,19,-15.0,-1,33.000,0.0218,2.104
kp15 run1.txt,19,-15.0,-1,34.000,0.0215,2.099
kp15 run1.txt,19,-15.0,-1,35.000,0.0204,2.083
kp15 run1.txt,19,-15.0,-1,36.000,0.0153,2.006
kp15 run1.txt,19,-15.0,-1,37.000,0.0113,1.946
kp15 run1.txt,19,-15.0,-1,38.000,0.0032,1.826
kp15 run1.txt,19,-15.0,-1,39.000,0.008,1.897
kp15 run1.txt,19,-15.0,-1,40.000,0.0021,1.809
kp15 run1.txt,19,-15.0,-1,41.000,-0.0051,1.7
kp15 run1.txt,19,-15.0,-1,42.000,-0.0004,1.771
kp15 run1.txt,19,-15.0,-1,43.000,-0.0081,1.656
kp15 run1.txt,19,-15.0,-1,44.000,-0.0124,1.59
kp15 run1.txt,19,-15.0,-1,45.000,-0.0153,1.547
kp15 run1.txt,19,-15.0,-1,46.000,-0.019,1.492
kp15 run1.txt,19,-15.0,-1,47.000,-0.0234,1.426
kp15 run1.txt,19,-15.0,-1,48.000,-0.0376,1.213
kp15 run1.txt,19,-15.0,-1,49.000,-0.0277,1.361
kp15 run1.txt,19,-15.0,-1,50.000,-0.0318,1.301
kp15 run1.txt,19,-15.0,-1,51.000,-0.0321,1.295
kp15 run1.txt,19,-15.0,-1,52.000,-0.0321,1.295
kp15 run1.txt,19,-15.0,-1,53.000,-0.0423,1.142
kp15 run1.txt,19,-15.0,-1,54.000,-0.0379,1.208
kp15 run1.txt,19,-15.0,-1,55.000,-0.0445,1.109
kp15 run1.txt,19,-15.0,-1,56.000,-0.0467,1.077
kp15 run1.txt,19,-15.0,-1,57.000,-0.0482,1.055
kp15 run1.txt,19,-15.0,-1,58.000,-0.0518,1.0
kp15 run1.txt,19,-15.0,-1,59.000,-0.0569,0.923
kp15 run1.txt,19,-15.0,-1,60.000,-0.0671,0.77
kp15 run1.txt,19,-15.0,-1,61.000,-0.0598,0.88
kp15 run1.txt,19,-15.0,-1,62.000,-0.0635,0.825
kp15 run1.txt,19,-15.0,-1,63.000,-0.0722,0.694
kp15 run1.txt,19,-15.0,-1,64.000,-0.0547,0.956
kp15 run1.txt,19,-15.0,-1,65.000,-0.0533,0.978
kp15 run1.txt,19,-15.0,-1,66.000,-0.0729,0.683
kp15 run1.txt,19,-15.0,-1,67.000,-0.078,0.606
kp15 run1.txt,19,-15.0,-1,68.000,-0.078,0.606
kp15 run1.txt,19,-15.0,-1,69.000,-0.0759,0.639
kp15 run1.txt,19,-15.0,-1,70.000,-0.0788,0.595
kp15 run1.txt,19,-15.0,-1,71.000,-0.0839,0.519
kp15 run1.txt,19,-15.0,-1,72.000,-0.089,0.442
kp15 run1.txt,19,-15.0,-1,73.000,-0.089,0.442
kp15 run1.txt,19,-15.0,-1,74.000,-0.089,0.442
kp15 run1.txt,19,-15.0,-1,75.000,-0.0937,0.371
kp15 run1.txt,19,-15.0,-1,76.000,-0.0955,0.344
kp15 run1.txt,19,-15.0,-1,77.000,-0.0966,0.327
kp15 run1.txt,19,-15.0,-1,78.000,-0.1079,-0.378
kp15 run1.txt,19,-15.0,-1,79.000,-0.0934,0.377
kp15 run1.txt,19,-15.0,-1,80.000,-0.0999,0.278
kp15 run1.txt,19,-15.0,-1,81.000,-0.0996,0.284
kp15 run1.txt,19,-15.0,-1,82.000,-0.1036,-0.312
kp15 run1.txt,19,-15.0,-1,83.000,-0.1072,-0.367
kp15 run1.txt,19,-15.0,-1,84.000,-0.1054,-0.34
kp15 run1.txt,19,-15.0,-1,85.000,-0.1058,-0.345
kp15 run1.txt,19,-15.0,-1,86.000,-0.1054,-0.34
kp15 run1.txt,19,-15.0,-1,87.000,-0.1083,-0.384
kp15 run1.txt,19,-15.0,-1,88.000,-0.1101,-0.411
kp15 run1.txt,19,-15.0,-1,89.000,-0.113,-0.455
kp15 run1.txt,19,-15.0,-1,90.000,-0.1152,-0.487
kp15 run1.txt,19,-15.0,-1,91.000,-0.113,-0.455
kp15 run1.txt,19,-15.0,-1,92.000,-0.1123,-0.444
kp15 run1.txt,19,-15.0,-1,93.000,-0.1127,-0.449
kp15 run1.txt,19,-15.0,-1,94.000,-0.1138,-0.466
kp15 run1.txt,19,-15.0,-1,95.000,-0.1141,-0.471
kp15 run1.txt,19,-15.0,-1,96.000,-0.1123,-0.444
kp15 run1.txt,19,-15.0,-1,97.000,-0.1167,-0.509
kp15 run1.txt,19,-15.0,-1,98.000,-0.1109,-0.422
kp15 run1.txt,19,-15.0,-1,99.000,-0.1101,-0.411
kp15 run1.txt,19,-15.0,-1,100.000,-0.1127,-0.449
kp15 run1.txt,19,-15.0,-1,101.000,-0.113,-0.455
kp15 run1.txt,19,-15.0,-1,102.000,-0.1174,-0.52
kp15 run1.txt,19,-15.0,-1,103.000,-0.1149,-0.482
kp15 run1.txt,19,-15.0,-1,104.000,-0.1145,-0.476
kp15 run1.txt,19,-15.0,-1,105.000,-0.1149,-0.482
kp15 run1.txt,19,-15.0,-1,106.000,-0.116,-0.498
kp15 run1.txt,19,-15.0,-1,107.000,-0.116,-0.498
kp15 run1.txt,19,-15.0,-1,108.000,-0.1181,-0.531
kp15 run1.txt,19,-15.0,-1,109.000,-0.116,-0.498
kp15 run1.txt,19,-15.0,-1,110.000,-0.116,-0.498
kp15 run1.txt,19,-15.0,-1,111.000,-0.1149,-0.482
kp15 run1.txt,19,-15.0,-1,112.000,-0.1152,-0.487
kp15 run1.txt,19,-15.0,-1,113.000,-0.1094,-0.4
kp15 run1.txt,19,-15.0,-1,114.000,-0.1181,-0.531
kp15 run1.txt,19,-15.0,-1,115.000,-0.116,-0.498
kp15 run1.txt,19,-15.0,-1,116.000,-0.1273,-0.668
kp15 run1.txt,19,-15.0,-1,117.000,-0.1167,-0.509
kp15 run1.txt,19,-15.0,-1,118.000,-0.1123,-0.444
kp15 run1.txt,19,-15.0,-1,119.000,-0.1141,-0.471
kp15 run1.txt,19,-15.0,-1,120.000,-0.1262,-0.651
kp15 run1.txt,19,-15.0,-1,121.000,-0.116,-0.498
kp15 run1.txt,19,-15.0,-1,122.000,-0.1152,-0.487
kp15 run1.txt,19,-15.0,-1,123.000,-0.105,-0.334
kp15 run1.txt,19,-15.0,-1,124.000,-0.1138,-0.466
kp15 run1.txt,19,-15.0,-1,125.000,-0.1167,-0.509
kp15 run1.txt,19,-15.0,-1,126.000,-0.1138,-0.466
kp15 run1.txt,19,-15.0,-1,127.000,-0.1123,-0.444
kp15 run1.txt,19,-15.0,-1,128.000,-0.1152,-0.487
kp15 run1.txt,19,-15.0,-1,129.000,-0.113,-0.455
kp15 run1.txt,19,-15.0,-1,130.000,-0.097,0.322
kp15 run1.txt,19,-15.0,-1,131.000,-0.1123,-0.444
kp15 run1.txt,19,-15.0,-1,132.000,-0.113,-0.455
kp15 run1.txt,19,-15.0,-1,133.000,-0.1094,-0.4
kp15 run1.txt,19,-15.0,-1,134.000,-0.1116,-0.433
kp15 run1.txt,19,-15.0,-1,135.000,-0.1291,-0.695
kp15 run1.txt,19,-15.0,-1,136.000,-0.1109,-0.422
kp15 run1.txt,19,-15.0,-1,137.000,-0.109,-0.394
kp15 run1.txt,19,-15.0,-1,138.000,-0.1101,-0.411
kp15 run1.txt,19,-15.0,-1,139.000,-0.1014,-0.28
kp15 run1.txt,19,-15.0,-1,140.000,-0.1109,-0.422
kp15 run1.txt,19,-15.0,-1,141.000,-0.1079,-0.378
kp15 run1.txt,19,-15.0,-1,142.000,-0.1083,-0.384
kp15 run1.txt,19,-15.0,-1,143.000,-0.1079,-0.378
kp15 run1.txt,19,-15.0,-1,144.000,-0.1065,-0.356
kp15 run1.txt,19,-15.0,-1,145.000,-0.0966,0.327
kp15 run1.txt,19,-15.0,-1,146.000,-0.1043,-0.323
kp15 run1.txt,19,-15.0,-1,147.000,-0.105,-0.334
kp15 run1.txt,19,-15.0,-1,148.000,-0.1094,-0.4
kp15 run1.txt,19,-15.0,-1,149.000,-0.1076,-0.373
kp15 run1.txt,19,-15.0,-1,150.000,-0.1072,-0.367
kp15 run1.txt,19,-15.0,-1,151.000,-0.1058,-0.345
kp15 run1.txt,19,-15.0,-1,152.000,-0.1025,-0.296
kp15 run1.txt,19,-15.0,-1,153.000,-0.1021,-0.291
kp15 run1.txt,19,-15.0,-1,154.000,-0.1014,-0.28
kp15 run1.txt,19,-15.0,-1,155.000,-0.1028,-0.302
kp15 run1.txt,19,-15.0,-1,156.000,-0.1021,-0.291
kp15 run1.txt,19,-15.0,-1,157.000,-0.1021,-0.291
kp15 run1.txt,19,-15.0,-1,158.000,-0.1006,-0.269
kp15 run1.txt,19,-15.0,-1,159.000,-0.1028,-0.302
kp15 run1.txt,19,-15.0,-1,160.000,-0.1006,-0.269
kp15 run1.txt,19,-15.0,-1,161.000,-0.0955,0.344
kp15 run1.txt,19,-15.0,-1,162.000,-0.1014,-0.28
kp15 run1.txt,19,-15.0,-1,163.000,-0.1006,-0.269
kp15 run1.txt,19,-15.0,-1,164.000,-0.0977,0.311
kp15 run1.txt,19,-15.0,-1,165.000,-0.1043,-0.323
kp15 run1.txt,19,-15.0,-1,166.000,-0.1036,-0.312
kp15 run1.txt,19,-15.0,-1,167.000,-0.0992,0.289
kp15 run1.txt,19,-15.0,-1,168.000,-0.0985,0.3
kp15 run1.txt,19,-15.0,-1,169.000,-0.0985,0.3
kp15 run1.txt,19,-15.0,-1,170.000,-0.0974,0.317
kp15 run1.txt,19,-15.0,-1,171.000,-0.1021,-0.291
kp15 run1.txt,19,-15.0,-1,172.000,-0.0988,0.295
kp15 run1.txt,19,-15.0,-1,173.000,-0.0992,0.289
kp15 run1.txt,19,-15.0,-1,174.000,-0.0988,0.295
kp15 run1.txt,19,-15.0,-1,175.000,-0.0985,0.3
kp15 run1.txt,19,-15.0,-1,176.000,-0.0985,0.3
kp15 run1.txt,19,-15.0,-1,177.000,-0.0996,0.284
kp15 run1.txt,19,-15.0,-1,178.000,-0.0977,0.311
kp15 run1.txt,19,-15.0,-1,179.000,-0.0948,0.355
kp15 run1.txt,19,-15.0,-1,180.000,-0.101,-0.274
kp15 run1.txt,19,-15.0,-1,181.000,-0.0832,0.53
kp15 run1.txt,19,-15.0,-1,182.000,-0.0966,0.327
kp15 run1.txt,19,-15.0,-1,183.000,-0.0985,0.3
kp15 run1.txt,19,-15.0,-1,184.000,-0.0948,0.355
kp15 run1.txt,19,-15.0,-1,185.000,-0.1028,-0.302
kp15 run1.txt,19,-15.0,-1,186.000,-0.0963,0.333
kp15 run1.txt,19,-15.0,-1,187.000,-0.097,0.322
kp15 run1.txt,19,-15.0,-1,188.000,-0.0985,0.3
kp15 run1.txt,19,-15.0,-1,189.000,-0.0985,0.3
kp15 run1.txt,19,-15.0,-1,190.000,-0.0955,0.344
kp15 run1.txt,19,-15.0,-1,191.000,-0.0963,0.333
kp15 run1.txt,19,-15.0,-1,192.000,-0.0999,0.278
kp15 run1.txt,19,-15.0,-1,193.000,-0.0999,0.278
kp15 run1.txt,19,-15.0,-1,194.000,-0.0985,0.3
kp15 run1.txt,19,-15.0,-1,195.000,-0.0955,0.344
kp15 run1.txt,19,-15.0,-1,196.000,-0.0966,0.327
kp15 run1.txt,19,-15.0,-1,197.000,-0.0966,0.327
kp15 run1.txt,19,-15.0,-1,198.000,-0.0966,0.327
kp15 run1.txt,19,-15.0,-1,199.000,-0.0901,0.426
kp15 run1.txt,19,-15.0,-1,200.000,-0.0963,0.333
kp15 run1.txt,19,-15.0,-1,201.000,-0.0985,0.3
kp15 run1.txt,19,-15.0,-1,202.000,-0.0999,0.278
kp15 run1.txt,19,-15.0,-1,203.000,-0.1014,-0.28
kp15 run1.txt,19,-15.0,-1,204.000,-0.0941,0.366
kp15 run1.txt,19,-15.0,-1,205.000,-0.0988,0.295
kp15 run1.txt,19,-15.0,-1,206.000,-0.0963,0.333
kp15 run1.txt,19,-15.0,-1,207.000,-0.0959,0.338
kp15 run1.txt,19,-15.0,-1,208.000,-0.0963,0.333
kp15 run1.txt,19,-15.0,-1,209.000,-0.0966,0.327
kp15 run1.txt,19,-15.0,-1,210.000,-0.0999,0.278
kp15 run1.txt,19,-15.0,-1,211.000,-0.0988,0.295
kp15 run1.txt,19,-15.0,-1,212.000,-0.1006,-0.269
kp15 run1.txt,19,-15.0,-1,213.000,-0.0977,0.311
kp15 run1.txt,19,-15.0,-1,214.000,-0.0926,0.388
kp15 run1.txt,19,-15.0,-1,215.000,-0.0992,0.289
kp15 run1.txt,19,-15.0,-1,216.000,-0.0963,0.333
kp15 run1.txt,19,-15.0,-1,217.000,-0.0985,0.3
kp15 run1.txt,19,-15.0,-1,218.000,-0.1028,-0.302
kp15 run1.txt,19,-15.0,-1,219.000,-0.1083,-0.384
kp15 run1.txt,19,-15.0,-1,220.000,-0.0985,0.3
kp15 run1.txt,19,-15.0,-1,221.000,-0.1021,-0.291
kp15 run1.txt,19,-15.0,-1,222.000,-0.1006,-0.269
kp15 run1.txt,19,-15.0,-1,223.000,-0.0963,0.333
kp15 run1.txt,19,-15.0,-1,224.000,-0.1014,-0.28
kp15 run1.txt,19,-15.0,-1,225.000,-0.1021,-0.291
kp15 run1.txt,19,-15.0,-1,226.000,-0.1036,-0.312
kp15 run1.txt,19,-15.0,-1,227.000,-0.0985,0.3
kp15 run1.txt,19,-15.0,-1,228.000,-0.1006,-0.269
kp15 run1.txt,19,-15.0,-1,229.000,-0.1039,-0.318
kp15 run1.txt,19,-15.0,-1,230.000,-0.1028,-0.302
kp15 run1.txt,19,-15.0,-1,231.000,-0.0992,0.289
kp15 run1.txt,19,-15.0,-1,232.000,-0.1047,-0.329
kp15 run1.txt,19,-15.0,-1,233.000,-0.1006,-0.269
kp15 run1.txt,19,-15.0,-1,234.000,-0.097,0.322
kp15 run1.txt,19,-15.0,-1,235.000,-0.0996,0.284
kp15 run1.txt,19,-15.0,-1,236.000,-0.1006,-0.269
kp15 run1.txt,19,-15.0,-1,237.000,-0.0955,0.344
kp15 run1.txt,19,-15.0,-1,238.000,-0.0934,0.377
kp15 run1.txt,19,-15.0,-1,239.000,-0.1025,-0.296
kp15 run1.txt,19,-15.0,-1,240.000,-0.0919,0.399
kp15 run1.txt,19,-15.0,-1,241.000,-0.1014,-0.28
kp15 run1.txt,19,-15.0,-1,242.000,-0.1054,-0.34
kp15 run1.txt,19,-15.0,-1,243.000,-0.1087,-0.389
kp15 run1.txt,19,-15.0,-1,244.000,-0.1101,-0.411
kp15 run1.txt,19,-15.0,-1,245.000,-0.1006,-0.269
kp15 run1.txt,19,-15.0,-1,246.000,-0.0941,0.366
kp15 run1.txt,19,-15.0,-1,247.000,-0.1028,-0.302
kp15 run1.txt,19,-15.0,-1,248.000,-0.0992,0.289
kp15 run1.txt,19,-15.0,-1,249.000,-0.113,-0.455
kp15 run1.txt,19,-15.0,-1,250.000,-0.1021,-0.291
kp15 run1.txt,19,-15.0,-1,251.000,-0.1006,-0.269
kp15 run1.txt,19,-15.0,-1,252.000,-0.0985,0.3
kp15 run1.txt,19,-15.0,-1,253.000,-0.1006,-0.269
kp15 run1.txt,19,-15.0,-1,254.000,-0.0985,0.3
kp15 run1.txt,19,-15.0,-1,255.000,-0.0992,0.289
kp15 run1.txt,19,-15.0,-1,256.000,-0.105,-0.334
kp15 run1.txt,19,-15.0,-1,257.000,-0.1014,-0.28
kp15 run1.txt,19,-15.0,-1,258.000,-0.1032,-0.307
kp15 run1.txt,19,-15.0,-1,259.000,-0.0996,0.284
kp15 run1.txt,19,-15.0,-1,260.000,-0.1043,-0.323
kp15 run1.txt,19,-15.0,-1,261.000,-0.0999,0.278
kp15 run1.txt,19,-15.0,-1,262.000,-0.1025,-0.296
kp15 run1.txt,19,-15.0,-1,263.000,-0.1014,-0.28
kp15 run1.txt,19,-15.0,-1,264.000,-0.105,-0.334
kp15 run1.txt,19,-15.0,-1,265.000,-0.1006,-0.269
kp15 run1.txt,19,-15.0,-1,266.000,-0.0996,0.284
kp15 run1.txt,19,-15.0,-1,267.000,-0.0955,0.344
kp15 run1.txt,19,-15.0,-1,268.000,-0.0977,0.311
kp15 run1.txt,19,-15.0,-1,269.000,-0.1006,-0.269
kp15 run1.txt,19,-15.0,-1,270.000,-0.1043,-0.323
kp15 run1.txt,19,-15.0,-1,271.000,-0.0985,0.3
kp15 run1.txt,19,-15.0,-1,272.000,-0.1014,-0.28
kp15 run1.txt,19,-15.0,-1,273.000,-0.1006,-0.269
kp15 run1.txt,19,-15.0,-1,274.000,-0.1014,-0.28
kp15 run1.txt,19,-15.0,-1,275.000,-0.1145,-0.476
kp15 run1.txt,19,-15.0,-1,276.000,-0.1006,-0.269
kp15 run1.txt,19,-15.0,-1,277.000,-0.1021,-0.291
kp15 run1.txt,19,-15.0,-1,278.000,-0.1006,-0.269
kp15 run1.txt,19,-15.0,-1,279.000,-0.1021,-0.291
kp15 run1.txt,19,-15.0,-1,280.000,-0.1043,-0.323
kp15 run1.txt,19,-15.0,-1,281.000,-0.0985,0.3
kp15 run1.txt,19,-15.0,-1,282.000,-0.1014,-0.28
kp15 run1.txt,19,-15.0,-1,283.000,-0.1021,-0.291
kp15 run1.txt,19,-15.0,-1,284.000,-0.105,-0.334
kp15 run1.txt,19,-15.0,-1,285.000,-0.0992,0.289
kp15 run1.txt,19,-15.0,-1,286.000,-0.0985,0.3
kp15 run1.txt,19,-15.0,-1,287.000,-0.0999,0.278
kp15 run1.txt,19,-15.0,-1,288.000,-0.0985,0.3
kp15 run1.txt,19,-15.0,-1,289.000,-0.1006,-0.269
kp15 run1.txt,19,-15.0,-1,290.000,-0.1003,-0.263
kp15 run1.txt,19,-15.0,-1,291.000,-0.0963,0.333
kp15 run1.txt,19,-15.0,-1,292.000,-0.1014,-0.28
kp15 run1.txt,19,-15.0,-1,293.000,-0.0955,0.344
kp15 run1.txt,19,-15.0,-1,294.000,-0.1025,-0.296
kp15 run1.txt,19,-15.0,-1,295.000,-0.1014,-0.28
kp15 run1.txt,19,-15.0,-1,296.000,-0.1006,-0.269
kp15 run1.txt,19,-15.0,-1,297.000,-0.0926,0.388
kp15 run1.txt,19,-15.0,-1,298.000,-0.1025,-0.296
kp15 run1.txt,19,-15.0,-1,299.000,-0.1014,-0.28
kp15 run1.txt,19,-15.0,-1,300.000,-0.1014,-0.28
kp15 run1.txt,19,-15.0,-1,301.000,-0.105,-0.334
kp15 run1.txt,19,-15.0,-1,302.000,-0.1021,-0.291
kp15 run1.txt,19,-15.0,-1,303.000,-0.0948,0.355
kp15 run1.txt,19,-15.0,-1,304.000,-0.1014,-0.28
kp15 run1.txt,19,-15.0,-1,305.000,-0.0985,0.3
kp15 run1.txt,19,-15.0,-1,306.000,-0.0999,0.278
kp15 run1.txt,19,-15.0,-1,307.000,-0.1014,-0.28
kp15 run1.txt,19,-15.0,-1,308.000,-0.0999,0.278
kp15 run1.txt,19,-15.0,-1,309.000,-0.0963,0.333
kp15 run1.txt,19,-15.0,-1,310.000,-0.1003,-0.263
kp15 run1.txt,19,-15.0,-1,311.000,-0.1036,-0.312
kp15 run1.txt,19,-15.0,-1,312.000,-0.1014,-0.28
kp15 run1.txt,19,-15.0,-1,313.000,-0.1006,-0.269
kp15 run1.txt,19,-15.0,-1,314.000,-0.1028,-0.302
kp15 run1.txt,19,-15.0,-1,315.000,-0.1014,-0.28
kp15 run1.txt,19,-15.0,-1,316.000,-0.1101,-0.411
kp15 run1.txt,19,-15.0,-1,317.000,-0.0985,0.3
kp15 run1.txt,19,-15.0,-1,318.000,-0.0996,0.284
kp15 run1.txt,19,-15.0,-1,319.000,-0.0985,0.3
kp15 run1.txt,19,-15.0,-1,320.000,-0.1021,-0.291
kp15 run1.txt,19,-15.0,-1,321.000,-0.1025,-0.296
kp15 run1.txt,19,-15.0,-1,322.000,-0.1021,-0.291
kp15 run1.txt,19,-15.0,-1,323.000,-0.0985,0.3
kp15 run1.txt,19,-15.0,-1,324.000,-0.1006,-0.269
kp15 run1.txt,19,-15.0,-1,325.000,-0.101,-0.274
kp15 run1.txt,19,-15.0,-1,326.000,-0.1014,-0.28
kp15 run1.txt,19,-15.0,-1,327.000,-0.0996,0.284
kp15 run1.txt,19,-15.0,-1,328.000,-0.0966,0.327
kp15 run1.txt,19,-15.0,-1,329.000,-0.1021,-0.291
kp15 run1.txt,19,-15.0,-1,330.000,-0.0985,0.3
kp15 run1.txt,19,-15.0,-1,331.000,-0.0966,0.327
kp15 run1.txt,19,-15.0,-1,332.000,-0.1006,-0.269
kp15 run1.txt,19,-15.0,-1,333.000,-0.0992,0.289
kp15 run1.txt,19,-15.0,-1,334.000,-0.0908,0.415
kp15 run1.txt,19,-15.0,-1,335.000,-0.0999,0.278
kp15 run1.txt,19,-15.0,-1,336.000,-0.1025,-0.296
kp15 run1.txt,19,-15.0,-1,337.000,-0.0985,0.3
kp15 run1.txt,19,-15.0,-1,338.000,-0.0992,0.289
kp15 run1.txt,19,-15.0,-1,339.000,-0.0996,0.284
kp15 run1.txt,19,-15.0,-1,340.000,-0.1065,-0.356
kp15 run1.txt,19,-15.0,-1,341.000,-0.1003,-0.263
kp15 run1.txt,19,-15.0,-1,342.000,-0.1036,-0.312
kp15 run1.txt,19,-15.0,-1,343.000,-0.1028,-0.302
kp15 run1.txt,19,-15.0,-1,344.000,-0.0955,0.344
kp15 run1.txt,19,-15.0,-1,345.000,-0.1072,-0.367
kp15 run1.txt,19,-15.0,-1,346.000,-0.1006,-0.269
kp15 run1.txt,19,-15.0,-1,347.000,-0.1014,-0.28
kp15 run1.txt,19,-15.0,-1,348.000,-0.1014,-0.28
kp15 run1.txt,19,-15.0,-1,349.000,-0.1003,-0.263
kp15 run1.txt,19,-15.0,-1,350.000,-0.0992,0.289
kp15 run1.txt,19,-15.0,-1,351.000,-0.1006,-0.269
kp15 run1.txt,19,-15.0,-1,352.000,-0.1006,-0.269
kp15 run1.txt,19,-15.0,-1,353.000,-0.1006,-0.269
kp15 run1.txt,19,-15.0,-1,354.000,-0.1014,-0.28
kp15 run1.txt,19,-15.0,-1,355.000,-0.1006,-0.269
kp15 run1.txt,19,-15.0,-1,356.000,-0.0977,0.311
kp15 run1.txt,19,-15.0,-1,357.000,-0.1054,-0.34
kp15 run1.txt,19,-15.0,-1,358.000,-0.1014,-0.28
kp15 run1.txt,19,-15.0,-1,359.000,-0.0999,0.278
kp15 run1.txt,19,-15.0,-1,360.000,-0.0996,0.284
kp15 run1.txt,19,-15.0,-1,361.000,-0.1021,-0.291
kp15 run1.txt,19,-15.0,-1,362.000,-0.1112,-0.427
kp15 run1.txt,19,-15.0,-1,363.000,-0.1036,-0.312
kp15 run1.txt,19,-15.0,-1,364.000,-0.0999,0.278
kp15 run1.txt,19,-15.0,-1,365.000,-0.1028,-0.302
kp15 run1.txt,19,-15.0,-1,366.000,-0.1014,-0.28
kp15 run1.txt,19,-15.0,-1,367.000,-0.0977,0.311
kp15 run1.txt,19,-15.0,-1,368.000,-0.1014,-0.28
kp15 run1.txt,19,-15.0,-1,369.000,-0.0996,0.284
kp15 run1.txt,19,-15.0,-1,370.000,-0.101,-0.274
kp15 run1.txt,19,-15.0,-1,371.000,-0.1036,-0.312
kp15 run1.txt,19,-15.0,-1,372.000,-0.1043,-0.323
kp15 run1.txt,19,-15.0,-1,373.000,-0.1006,-0.269
kp15 run1.txt,19,-15.0,-1,374.000,-0.0974,0.317
kp15 run1.txt,19,-15.0,-1,375.000,-0.1014,-0.28
kp15 run1.txt,19,-15.0,-1,376.000,-0.1036,-0.312
kp15 run1.txt,19,-15.0,-1,377.000,-0.1014,-0.28
kp15 run1.txt,19,-15.0,-1,378.000,-0.0992,0.289
kp15 run1.txt,19,-15.0,-1,379.000,-0.0897,0.431
kp15 run1.txt,19,-15.0,-1,380.000,-0.0963,0.333
kp15 run1.txt,19,-15.0,-1,381.000,-0.1025,-0.296
kp15 run1.txt,19,-15.0,-1,382.000,-0.0996,0.284
kp15 run1.txt,19,-15.0,-1,383.000,-0.1014,-0.28
kp15 run1.txt,19,-15.0,-1,384.000,-0.1006,-0.269
kp15 run1.txt,19,-15.0,-1,385.000,-0.1021,-0.291
kp15 run1.txt,19,-15.0,-1,386.000,-0.1006,-0.269
kp15 run1.txt,19,-15.0,-1,387.000,-0.1014,-0.28
kp15 run1.txt,19,-15.0,-1,388.000,-0.1006,-0.269
kp15 run1.txt,19,-15.0,-1,389.000,-0.1014,-0.28
kp15 run1.txt,19,-15.0,-1,390.000,-0.1021,-0.291
kp15 run1.txt,19,-15.0,-1,391.000,-0.1006,-0.269
kp15 run1.txt,19,-15.0,-1,392.000,-0.0992,0.289
kp15 run1.txt,19,-15.0,-1,393.000,-0.1006,-0.269
kp15 run1.txt,19,-15.0,-1,394.000,-0.1036,-0.312
kp15 run1.txt,19,-15.0,-1,395.000,-0.1025,-0.296
kp15 run1.txt,19,-15.0,-1,396.000,-0.1014,-0.28
kp15 run1.txt,19,-15.0,-1,397.000,-0.1025,-0.296
kp15 run1.txt,19,-15.0,-1,398.000,-0.0996,0.284
kp15 run1.txt,19,-15.0,-1,399.000,-0.0992,0.289
kp15 run1.txt,19,-15.0,-1,400.000,-0.097,0.322
kp15 run1.txt,19,-15.0,-1,401.000,-0.1058,-0.345
kp15 run1.txt,19,-15.0,-1,402.000,-0.1021,-0.291
kp15 run1.txt,19,-15.0,-1,403.000,-0.1014,-0.28
kp15 run1.txt,19,-15.0,-1,404.000,-0.1028,-0.302
kp15 run1.txt,19,-15.0,-1,405.000,-0.1003,-0.263
kp15 run1.txt,19,-15.0,-1,406.000,-0.1043,-0.323
kp15 run1.txt,19,-15.0,-1,407.000,-0.1014,-0.28
kp15 run1.txt,19,-15.0,-1,408.000,-0.0992,0.289
kp15 run1.txt,19,-15.0,-1,409.000,-0.1006,-0.269
kp15 run1.txt,19,-15.0,-1,410.000,-0.1014,-0.28
kp15 run1.txt,19,-15.0,-1,411.000,-0.1079,-0.378
kp15 run1.txt,19,-15.0,-1,412.000,-0.1014,-0.28
kp15 run1.txt,19,-15.0,-1,413.000,-0.0996,0.284
kp15 run1.txt,19,-15.0,-1,414.000,-0.1036,-0.312
kp15 run1.txt,19,-15.0,-1,415.000,-0.1021,-0.291
kp15 run1.txt,19,-15.0,-1,416.000,-0.1043,-0.323
kp15 run1.txt,19,-15.0,-1,417.000,-0.1006,-0.269
kp15 run1.txt,19,-15.0,-1,418.000,-0.0934,0.377
kp15 run1.txt,19,-15.0,-1,419.000,-0.0996,0.284
kp15 run1.txt,19,-15.0,-1,420.000,-0.1043,-0.323
kp15 run1.txt,19,-15.0,-1,421.000,-0.0992,0.289
kp15 run1.txt,19,-15.0,-1,422.000,-0.0992,0.289
kp15 run1.txt,19,-15.0,-1,423.000,-0.0992,0.289
kp15 run1.txt,19,-15.0,-1,424.000,-0.1014,-0.28
kp15 run1.txt,19,-15.0,-1,425.000,-0.1036,-0.312
kp15 run1.txt,19,-15.0,-1,426.000,-0.1043,-0.323
kp15 run1.txt,19,-15.0,-1,427.000,-0.0985,0.3
kp15 run1.txt,19,-15.0,-1,428.000,-0.1072,-0.367
kp15 run1.txt,19,-15.0,-1,429.000,-0.1025,-0.296
kp15 run1.txt,19,-15.0,-1,430.000,-0.1006,-0.269
kp15 run1.txt,19,-15.0,-1,431.000,-0.0955,0.344
kp15 run1.txt,19,-15.0,-1,432.000,-0.1006,-0.269
kp15 run1.txt,19,-15.0,-1,433.000,-0.1043,-0.323
kp15 run1.txt,19,-15.0,-1,434.000,-0.0959,0.338
kp15 run1.txt,19,-15.0,-1,435.000,-0.1006,-0.269
kp15 run1.txt,19,-15.0,-1,436.000,-0.1028,-0.302
kp15 run1.txt,19,-15.0,-1,437.000,-0.1014,-0.28
kp15 run1.txt,19,-15.0,-1,438.000,-0.1028,-0.302
kp15 run1.txt,19,-15.0,-1,439.000,-0.0977,0.311
kp15 run1.txt,19,-15.0,-1,440.000,-0.0955,0.344
kp15 run1.txt,19,-15.0,-1,441.000,-0.0999,0.278
kp15 run1.txt,19,-15.0,-1,442.000,-0.0948,0.355
kp15 run1.txt,19,-15.0,-1,443.000,-0.0996,0.284
kp15 run1.txt,19,-15.0,-1,444.000,-0.0999,0.278
kp15 run1.txt,19,-15.0,-1,445.000,-0.1123,-0.444
kp15 run1.txt,19,-15.0,-1,446.000,-0.0999,0.278
kp15 run1.txt,19,-15.0,-1,447.000,-0.0996,0.284
kp15 run1.txt,19,-15.0,-1,448.000,-0.0992,0.289
kp15 run1.txt,19,-15.0,-1,449.000,-0.0937,0.371
kp15 run1.txt,19,-15.0,-1,450.000,-0.1065,-0.356
kp15 run1.txt,19,-15.0,-1,451.000,-0.1079,-0.378
kp15 run1.txt,19,-15.0,-1,452.000,-0.1006,-0.269
kp15 run1.txt,19,-15.0,-1,453.000,-0.0999,0.278
kp15 run1.txt,19,-15.0,-1,454.000,-0.0985,0.3
kp15 run1.txt,19,-15.0,-1,455.000,-0.0977,0.311
kp15 run1.txt,19,-15.0,-1,456.000,-0.0762,0.634
kp15 run1.txt,19,-15.0,-1,457.000,-0.1043,-0.323
kp15 run1.txt,19,-15.0,-1,458.000,-0.1014,-0.28
kp15 run1.txt,19,-15.0,-1,459.000,-0.0999,0.278
kp15 run1.txt,19,-15.0,-1,460.000,-0.0999,0.278
kp15 run1.txt,19,-15.0,-1,461.000,-0.1006,-0.269
kp15 run1.txt,19,-15.0,-1,462.000,-0.1006,-0.269
kp15 run1.txt,19,-15.0,-1,463.000,-0.1021,-0.291
kp15 run1.txt,19,-15.0,-1,464.000,-0.0722,0.694
kp15 run1.txt,19,-15.0,-1,465.000,-0.0985,0.3
kp15 run1.txt,19,-15.0,-1,466.000,-0.1006,-0.269
kp15 run1.txt,19,-15.0,-1,467.000,-0.0992,0.289
kp15 run1.txt,19,-15.0,-1,468.000,-0.0996,0.284
kp15 run1.txt,19,-15.0,-1,469.000,-0.0955,0.344
kp15 run1.txt,19,-15.0,-1,470.000,-0.0992,0.289
kp15 run1.txt,19,-15.0,-1,471.000,-0.097,0.322
kp15 run1.txt,19,-15.0,-1,472.000,-0.1021,-0.291
kp15 run1.txt,19,-15.0,-1,473.000,-0.101,-0.274
kp15 run1.txt,19,-15.0,-1,474.000,-0.0999,0.278
kp15 run1.txt,19,-15.0,-1,475.000,-0.1014,-0.28
kp15 run1.txt,19,-15.0,-1,476.000,-0.0996,0.284
kp15 run1.txt,19,-15.0,-1,477.000,-0.1006,-0.269
kp15 run1.txt,19,-15.0,-1,478.000,-0.0941,0.366
kp15 run1.txt,19,-15.0,-1,479.000,-0.1003,-0.263
kp15 run1.txt,19,-15.0,-1,480.000,-0.1028,-0.302
kp15 run1.txt,19,-15.0,-1,481.000,-0.1047,-0.329
kp15 run1.txt,19,-15.0,-1,482.000,-0.1014,-0.28
kp15 run1.txt,19,-15.0,-1,483.000,-0.0948,0.355
kp15 run1.txt,19,-15.0,-1,484.000,-0.0992,0.289
kp15 run1.txt,19,-15.0,-1,485.000,-0.0985,0.3
kp15 run1.txt,19,-15.0,-1,486.000,-0.0985,0.3
kp15 run1.txt,19,-15.0,-1,487.000,-0.1014,-0.28
kp15 run1.txt,19,-15.0,-1,488.000,-0.1036,-0.312
kp15 run1.txt,19,-15.0,-1,489.000,-0.0926,0.388
kp15 run1.txt,19,-15.0,-1,490.000,-0.0963,0.333
kp15 run1.txt,19,-15.0,-1,491.000,-0.097,0.322
kp15 run1.txt,19,-15.0,-1,492.000,-0.1028,-0.302
kp15 run1.txt,19,-15.0,-1,493.000,-0.0999,0.278
kp15 run1.txt,19,-15.0,-1,494.000,-0.0992,0.289
kp15 run1.txt,19,-15.0,-1,495.000,-0.105,-0.334
kp15 run1.txt,19,-15.0,-1,496.000,-0.1123,-0.444
kp15 run1.txt,19,-15.0,-1,497.000,-0.0985,0.3
kp15 run1.txt,19,-15.0,-1,498.000,-0.1014,-0.28
kp15 run1.txt,19,-15.0,-1,499.000,-0.1006,-0.269
kp15 run1.txt,19,-15.0,-1,500.000,-0.0992,0.289
kp15 run1.txt,19,-15.0,-1,501.000,-0.1021,-0.291
kp15 run1.txt,19,-15.0,-1,502.000,-0.0999,0.278
kp15 run1.txt,19,-15.0,-1,503.000,-0.0977,0.311
kp15 run1.txt,19,-15.0,-1,504.000,-0.1006,-0.269
kp15 run1.txt,19,-15.0,-1,505.000,-0.105,-0.334
kp15 run1.txt,19,-15.0,-1,506.000,-0.1014,-0.28
kp15 run1.txt,19,-15.0,-1,507.000,-0.1014,-0.28
kp15 run1.txt,19,-15.0,-1,508.000,-0.0966,0.327
kp15 run1.txt,19,-15.0,-1,509.000,-0.1014,-0.28
kp15 run1.txt,19,-15.0,-1,510.000,-0.0948,0.355
kp15 run1.txt,19,-15.0,-1,511.000,-0.0996,0.284
kp15 run1.txt,19,-15.0,-1,512.000,-0.1021,-0.291
kp15 run1.txt,19,-15.0,-1,513.000,-0.1043,-0.323
kp15 run1.txt,19,-15.0,-1,514.000,-0.097,0.322
kp15 run1.txt,19,-15.0,-1,515.000,-0.1014,-0.28
kp15 run1.txt,19,-15.0,-1,516.000,-0.0992,0.289
kp15 run1.txt,19,-15.0,-1,517.000,-0.0977,0.311
kp15 run1.txt,19,-15.0,-1,518.000,-0.1006,-0.269
kp15 run1.txt,19,-15.0,-1,519.000,-0.1014,-0.28
kp15 run1.txt,19,-15.0,-1,520.000,-0.1032,-0.307
kp15 run1.txt,19,-15.0,-1,521.000,-0.1123,-0.444
kp15 run1.txt,19,-15.0,-1,522.000,-0.0999,0.278
kp15 run1.txt,19,-15.0,-1,523.000,-0.1028,-0.302
kp15 run1.txt,19,-15.0,-1,524.000,-0.1021,-0.291
kp15 run1.txt,19,-15.0,-1,525.000,-0.1039,-0.318
kp15 run1.txt,19,-15.0,-1,526.000,-0.0868,0.475
kp15 run1.txt,19,-15.0,-1,527.000,-0.0996,0.284
kp15 run1.txt,19,-15.0,-1,528.000,-0.1006,-0.269
kp15 run1.txt,19,-15.0,-1,529.000,-0.0963,0.333
kp15 run1.txt,19,-15.0,-1,530.000,-0.0974,0.317
kp15 run1.txt,19,-15.0,-1,531.000,-0.0996,0.284
kp15 run1.txt,19,-15.0,-1,532.000,-0.1014,-0.28
kp15 run1.txt,19,-15.0,-1,533.000,-0.1006,-0.269
kp15 run1.txt,19,-15.0,-1,534.000,-0.0977,0.311
kp15 run1.txt,19,-15.0,-1,535.000,-0.0999,0.278
kp15 run1.txt,19,-15.0,-1,536.000,-0.0999,0.278
kp15 run1.txt,19,-15.0,-1,537.000,-0.0999,0.278
kp15 run1.txt,19,-15.0,-1,538.000,-0.0985,0.3
kp15 run1.txt,19,-15.0,-1,539.000,-0.1006,-0.269
kp15 run1.txt,19,-15.0,-1,540.000,-0.0985,0.3
kp15 run1.txt,19,-15.0,-1,541.000,-0.1043,-0.323
kp15 run1.txt,19,-15.0,-1,542.000,-0.1006,-0.269
kp15 run1.txt,19,-15.0,-1,543.000,-0.0992,0.289
kp15 run1.txt,19,-15.0,-1,544.000,-0.0963,0.333
kp15 run1.txt,19,-15.0,-1,545.000,-0.1021,-0.291
kp15 run1.txt,19,-15.0,-1,546.000,-0.0988,0.295
kp15 run1.txt,19,-15.0,-1,547.000,-0.1036,-0.312
kp15 run1.txt,19,-15.0,-1,548.000,-0.1014,-0.28
kp15 run1.txt,19,-15.0,-1,549.000,-0.0985,0.3
kp15 run1.txt,19,-15.0,-1,550.000,-0.1028,-0.302
kp15 run1.txt,19,-15.0,-1,551.000,-0.1021,-0.291
kp15 run1.txt,19,-15.0,-1,552.000,-0.0992,0.289
kp15 run1.txt,19,-15.0,-1,553.000,-0.0963,0.333
kp15 run1.txt,19,-15.0,-1,554.000,-0.0999,0.278
kp15 run1.txt,19,-15.0,-1,555.000,-0.1043,-0.323
kp15 run1.txt,19,-15.0,-1,556.000,-0.0992,0.289
kp15 run1.txt,19,-15.0,-1,557.000,-0.1003,-0.263
kp15 run1.txt,19,-15.0,-1,558.000,-0.0992,0.289
kp15 run1.txt,19,-15.0,-1,559.000,-0.0966,0.327
kp15 run1.txt,19,-15.0,-1,560.000,-0.1006,-0.269
kp15 run1.txt,19,-15.0,-1,561.000,-0.0992,0.289
kp15 run1.txt,19,-15.0,-1,562.000,-0.0992,0.289
kp15 run1.txt,19,-15.0,-1,563.000,-0.0992,0.289
kp15 run1.txt,19,-15.0,-1,564.000,-0.0992,0.289
kp15 run1.txt,19,-15.0,-1,565.000,-0.1014,-0.28
kp15 run1.txt,19,-15.0,-1,566.000,-0.0966,0.327
kp15 run1.txt,19,-15.0,-1,567.000,-0.1014,-0.28
kp15 run1.txt,19,-15.0,-1,568.000,-0.0992,0.289
kp15 run1.txt,19,-15.0,-1,569.000,-0.1006,-0.269
kp15 run1.txt,19,-15.0,-1,570.000,-0.1006,-0.269
kp15 run1.txt,19,-15.0,-1,571.000,-0.0999,0.278
kp15 run1.txt,19,-15.0,-1,572.000,-0.0937,0.371
kp15 run1.txt,19,-15.0,-1,573.000,-0.0992,0.289
kp15 run1.txt,19,-15.0,-1,574.000,-0.1006,-0.269
kp15 run1.txt,19,-15.0,-1,575.000,-0.0955,0.344
kp15 run1.txt,19,-15.0,-1,576.000,-0.1036,-0.312
kp15 run1.txt,19,-15.0,-1,577.000,-0.1014,-0.28
kp15 run1.txt,19,-15.0,-1,578.000,-0.0985,0.3
kp15 run1.txt,19,-15.0,-1,579.000,-0.1043,-0.323
kp15 run1.txt,19,-15.0,-1,580.000,-0.1006,-0.269
kp15 run1.txt,19,-15.0,-1,581.000,-0.1006,-0.269
kp15 run1.txt,19,-15.0,-1,582.000,-0.1006,-0.269
kp15 run1.txt,19,-15.0,-1,583.000,-0.1003,-0.263
kp15 run1.txt,19,-15.0,-1,584.000,-0.0992,0.289
kp15 run1.txt,19,-15.0,-1,585.000,-0.0992,0.289
kp15 run1.txt,19,-15.0,-1,586.000,-0.1014,-0.28
kp15 run1.txt,19,-15.0,-1,587.000,-0.1021,-0.291
kp15 run1.txt,19,-15.0,-1,588.000,-0.0955,0.344
kp15 run1.txt,19,-15.0,-1,589.000,-0.1006,-0.269
kp15 run1.txt,19,-15.0,-1,590.000,-0.0977,0.311
kp15 run1.txt,19,-15.0,-1,591.000,-0.0992,0.289
kp15 run1.txt,19,-15.0,-1,592.000,-0.1043,-0.323
kp15 run1.txt,19,-15.0,-1,593.000,-0.0977,0.311
kp15 run1.txt,19,-15.0,-1,594.000,-0.1072,-0.367
kp15 run1.txt,19,-15.0,-1,595.000,-0.1006,-0.269
kp15 run1.txt,19,-15.0,-1,596.000,-0.1006,-0.269
kp15 run1.txt,19,-15.0,-1,597.000,-0.0981,0.306
kp15 run1.txt,19,-15.0,-1,598.000,-0.0996,0.284
kp15 run1.txt,19,-15.0,-1,599.000,-0.0948,0.355
kp15 run1.txt,20,-15.0,1,0.000,-0.1006,-3.269
kp15 run1.txt,20,-15.0,1,1.000,-0.0919,-3.137
kp15 run1.txt,20,-15.0,1,2.000,-0.0948,-3.181
kp15 run1.txt,20,-15.0,1,3.000,-0.0985,-3.236
kp15 run1.txt,20,-15.0,1,4.000,-0.0959,-3.198
kp15 run1.txt,20,-15.0,1,5.000,-0.0926,-3.148
kp15 run1.txt,20,-15.0,1,6.000,-0.0926,-3.148
kp15 run1.txt,20,-15.0,1,7.000,-0.0992,-3.247
kp15 run1.txt,20,-15.0,1,8.000,-0.0901,-3.11
kp15 run1.txt,20,-15.0,1,9.000,-0.089,-3.094
kp15 run1.txt,20,-15.0,1,10.000,-0.0919,-3.137
kp15 run1.txt,20,-15.0,1,11.000,-0.0839,-3.017
kp15 run1.txt,20,-15.0,1,12.000,-0.0846,-3.028
kp15 run1.txt,20,-15.0,1,13.000,-0.0846,-3.028
kp15 run1.txt,20,-15.0,1,14.000,-0.0821,-2.99
kp15 run1.txt,20,-15.0,1,15.000,-0.0795,-2.952
kp15 run1.txt,20,-15.0,1,16.000,-0.0788,-2.941
kp15 run1.txt,20,-15.0,1,17.000,-0.0657,-2.744
kp15 run1.txt,20,-15.0,1,18.000,-0.0766,-2.908
kp15 run1.txt,20,-15.0,1,19.000,-0.0693,-2.798
kp15 run1.txt,20,-15.0,1,20.000,-0.0635,-2.711
kp15 run1.txt,20,-15.0,1,21.000,-0.0576,-2.624
kp15 run1.txt,20,-15.0,1,22.000,-0.0613,-2.678
kp15 run1.txt,20,-15.0,1,23.000,-0.0584,-2.634
kp15 run1.txt,20,-15.0,1,24.000,-0.0558,-2.596
kp15 run1.txt,20,-15.0,1,25.000,-0.0576,-2.624
kp15 run1.txt,20,-15.0,1,26.000,-0.0544,-2.574
kp15 run1.txt,20,-15.0,1,27.000,-0.0401,-2.361
kp15 run1.txt,20,-15.0,1,28.000,-0.0452,-2.438
kp15 run1.txt,20,-15.0,1,29.000,-0.0358,-2.295
kp15 run1.txt,20,-15.0,1,30.000,-0.0372,-2.317
kp15 run1.txt,20,-15.0,1,31.000,-0.0328,-2.252
kp15 run1.txt,20,-15.0,1,32.000,-0.0299,-2.208
kp15 run1.txt,20,-15.0,1,33.000,-0.0266,-2.159
kp15 run1.txt,20,-15.0,1,34.000,-0.0248,-2.131
kp15 run1.txt,20,-15.0,1,35.000,-0.019,-2.044
kp15 run1.txt,20,-15.0,1,36.000,-0.0183,-2.033
kp15 run1.txt,20,-15.0,1,37.000,-0.0139,-1.967
kp15 run1.txt,20,-15.0,1,38.000,-0.0161,-2.0
kp15 run1.txt,20,-15.0,1,39.000,-0.0084,-1.885
kp15 run1.txt,20,-15.0,1,40.000,-0.0022,-1.792
kp15 run1.txt,20,-15.0,1,41.000,-0.0022,-1.792
kp15 run1.txt,20,-15.0,1,42.000,0.0014,-1.738
kp15 run1.txt,20,-15.0,1,43.000,0.0102,-1.607
kp15 run1.txt,20,-15.0,1,44.000,0.0105,-1.601
kp15 run1.txt,20,-15.0,1,45.000,0.0036,-1.705
kp15 run1.txt,20,-15.0,1,46.000,0.0153,-1.53
kp15 run1.txt,20,-15.0,1,47.000,0.0196,-1.464
kp15 run1.txt,20,-15.0,1,48.000,0.0218,-1.432
kp15 run1.txt,20,-15.0,1,49.000,0.024,-1.399
kp15 run1.txt,20,-15.0,1,50.000,0.0262,-1.366
kp15 run1.txt,20,-15.0,1,51.000,0.0299,-1.311
kp15 run1.txt,20,-15.0,1,52.000,0.0328,-1.268
kp15 run1.txt,20,-15.0,1,53.000,0.0357,-1.224
kp15 run1.txt,20,-15.0,1,54.000,0.035,-1.235
kp15 run1.txt,20,-15.0,1,55.000,0.0393,-1.169
kp15 run1.txt,20,-15.0,1,56.000,0.0433,-1.109
kp15 run1.txt,20,-15.0,1,57.000,0.0459,-1.071
kp15 run1.txt,20,-15.0,1,58.000,0.0488,-1.027
kp15 run1.txt,20,-15.0,1,59.000,0.0521,-0.978
kp15 run1.txt,20,-15.0,1,60.000,0.0525,-0.972
kp15 run1.txt,20,-15.0,1,61.000,0.0554,-0.928
kp15 run1.txt,20,-15.0,1,62.000,0.0579,-0.89
kp15 run1.txt,20,-15.0,1,63.000,0.0586,-0.879
kp15 run1.txt,20,-15.0,1,64.000,0.0627,-0.819
kp15 run1.txt,20,-15.0,1,65.000,0.0656,-0.775
kp15 run1.txt,20,-15.0,1,66.000,0.0561,-0.918
kp15 run1.txt,20,-15.0,1,67.000,0.0707,-0.699
kp15 run1.txt,20,-15.0,1,68.000,0.0725,-0.672
kp15 run1.txt,20,-15.0,1,69.000,0.0751,-0.633
kp15 run1.txt,20,-15.0,1,70.000,0.0776,-0.595
kp15 run1.txt,20,-15.0,1,71.000,0.0758,-0.622
kp15 run1.txt,20,-15.0,1,72.000,0.0911,-0.393
kp15 run1.txt,20,-15.0,1,73.000,0.0816,-0.535
kp15 run1.txt,20,-15.0,1,74.000,0.0853,-0.48
kp15 run1.txt,20,-15.0,1,75.000,0.086,-0.469
kp15 run1.txt,20,-15.0,1,76.000,0.09,-0.409
kp15 run1.txt,20,-15.0,1,77.000,0.0998,-0.261
kp15 run1.txt,20,-15.0,1,78.000,0.0904,-0.404
kp15 run1.txt,20,-15.0,1,79.000,0.0958,-0.322
kp15 run1.txt,20,-15.0,1,80.000,0.094,-0.349
kp15 run1.txt,20,-15.0,1,81.000,0.1104,0.433
kp15 run1.txt,20,-15.0,1,82.000,0.0962,-0.316
kp15 run1.txt,20,-15.0,1,83.000,0.0991,-0.272
kp15 run1.txt,20,-15.0,1,84.000,0.1006,0.286
kp15 run1.txt,20,-15.0,1,85.000,0.1013,0.296
kp15 run1.txt,20,-15.0,1,86.000,0.102,0.307
kp15 run1.txt,20,-15.0,1,87.000,0.1049,0.351
kp15 run1.txt,20,-15.0,1,88.000,0.1064,0.373
kp15 run1.txt,20,-15.0,1,89.000,0.1049,0.351
kp15 run1.txt,20,-15.0,1,90.000,0.1057,0.362
kp15 run1.txt,20,-15.0,1,91.000,0.1068,0.378
kp15 run1.txt,20,-15.0,1,92.000,0.1108,0.439
kp15 run1.txt,20,-15.0,1,93.000,0.1082,0.4
kp15 run1.txt,20,-15.0,1,94.000,0.1064,0.373
kp15 run1.txt,20,-15.0,1,95.000,0.1119,0.455
kp15 run1.txt,20,-15.0,1,96.000,0.0911,-0.393
kp15 run1.txt,20,-15.0,1,97.000,0.1079,0.395
kp15 run1.txt,20,-15.0,1,98.000,0.1093,0.417
kp15 run1.txt,20,-15.0,1,99.000,0.11,0.428
kp15 run1.txt,20,-15.0,1,100.000,0.1093,0.417
kp15 run1.txt,20,-15.0,1,101.000,0.1093,0.417
kp15 run1.txt,20,-15.0,1,102.000,0.1115,0.45
kp15 run1.txt,20,-15.0,1,103.000,0.1133,0.477
kp15 run1.txt,20,-15.0,1,104.000,0.1173,0.537
kp15 run1.txt,20,-15.0,1,105.000,0.1108,0.439
kp15 run1.txt,20,-15.0,1,106.000,0.1093,0.417
kp15 run1.txt,20,-15.0,1,107.000,0.1115,0.45
kp15 run1.txt,20,-15.0,1,108.000,0.1042,0.34
kp15 run1.txt,20,-15.0,1,109.000,0.1086,0.406
kp15 run1.txt,20,-15.0,1,110.000,0.1137,0.482
kp15 run1.txt,20,-15.0,1,111.000,0.1093,0.417
kp15 run1.txt,20,-15.0,1,112.000,0.1064,0.373
kp15 run1.txt,20,-15.0,1,113.000,0.11,0.428
kp15 run1.txt,20,-15.0,1,114.000,0.1115,0.45
kp15 run1.txt,20,-15.0,1,115.000,0.1111,0.444
kp15 run1.txt,20,-15.0,1,116.000,0.1115,0.45
kp15 run1.txt,20,-15.0,1,117.000,0.1093,0.417
kp15 run1.txt,20,-15.0,1,118.000,0.1133,0.477
kp15 run1.txt,20,-15.0,1,119.000,0.1115,0.45
kp15 run1.txt,20,-15.0,1,120.000,0.1115,0.45
kp15 run1.txt,20,-15.0,1,121.000,0.109,0.411
kp15 run1.txt,20,-15.0,1,122.000,0.1115,0.45
kp15 run1.txt,20,-15.0,1,123.000,0.1053,0.357
kp15 run1.txt,20,-15.0,1,124.000,0.1115,0.45
kp15 run1.txt,20,-15.0,1,125.000,0.1108,0.439
kp15 run1.txt,20,-15.0,1,126.000,0.1126,0.466
kp15 run1.txt,20,-15.0,1,127.000,0.1093,0.417
kp15 run1.txt,20,-15.0,1,128.000,0.1082,0.4
kp15 run1.txt,20,-15.0,1,129.000,0.11,0.428
kp15 run1.txt,20,-15.0,1,130.000,0.1086,0.406
kp15 run1.txt,20,-15.0,1,131.000,0.1115,0.45
kp15 run1.txt,20,-15.0,1,132.000,0.1064,0.373
kp15 run1.txt,20,-15.0,1,133.000,0.1137,0.482
kp15 run1.txt,20,-15.0,1,134.000,0.1126,0.466
kp15 run1.txt,20,-15.0,1,135.000,0.106,0.368
kp15 run1.txt,20,-15.0,1,136.000,0.1035,0.329
kp15 run1.txt,20,-15.0,1,137.000,0.1093,0.417
kp15 run1.txt,20,-15.0,1,138.000,0.1064,0.373
kp15 run1.txt,20,-15.0,1,139.000,0.1093,0.417
kp15 run1.txt,20,-15.0,1,140.000,0.1057,0.362
kp15 run1.txt,20,-15.0,1,141.000,0.1046,0.346
kp15 run1.txt,20,-15.0,1,142.000,0.1075,0.389
kp15 run1.txt,20,-15.0,1,143.000,0.1049,0.351
kp15 run1.txt,20,-15.0,1,144.000,0.1035,0.329
kp15 run1.txt,20,-15.0,1,145.000,0.1079,0.395
kp15 run1.txt,20,-15.0,1,146.000,0.1028,0.318
kp15 run1.txt,20,-15.0,1,147.000,0.102,0.307
kp15 run1.txt,20,-15.0,1,148.000,0.1035,0.329
kp15 run1.txt,20,-15.0,1,149.000,0.1035,0.329
kp15 run1.txt,20,-15.0,1,150.000,0.102,0.307
kp15 run1.txt,20,-15.0,1,151.000,0.1006,0.286
kp15 run1.txt,20,-15.0,1,152.000,0.0991,-0.272
kp15 run1.txt,20,-15.0,1,153.000,0.1013,0.296
kp15 run1.txt,20,-15.0,1,154.000,0.1057,0.362
kp15 run1.txt,20,-15.0,1,155.000,0.102,0.307
kp15 run1.txt,20,-15.0,1,156.000,0.0991,-0.272
kp15 run1.txt,20,-15.0,1,157.000,0.1028,0.318
kp15 run1.txt,20,-15.0,1,158.000,0.1013,0.296
kp15 run1.txt,20,-15.0,1,159.000,0.1028,0.318
kp15 run1.txt,20,-15.0,1,160.000,0.0977,-0.294
kp15 run1.txt,20,-15.0,1,161.000,0.0984,-0.283
kp15 run1.txt,20,-15.0,1,162.000,0.0955,-0.327
kp15 run1.txt,20,-15.0,1,163.000,0.0951,-0.333
kp15 run1.txt,20,-15.0,1,164.000,0.1028,0.318
kp15 run1.txt,20,-15.0,1,165.000,0.0962,-0.316
kp15 run1.txt,20,-15.0,1,166.000,0.0984,-0.283
kp15 run1.txt,20,-15.0,1,167.000,0.0962,-0.316
kp15 run1.txt,20,-15.0,1,168.000,0.0962,-0.316
kp15 run1.txt,20,-15.0,1,169.000,0.0966,-0.311
kp15 run1.txt,20,-15.0,1,170.000,0.1013,0.296
kp15 run1.txt,20,-15.0,1,171.000,0.0969,-0.305
kp15 run1.txt,20,-15.0,1,172.000,0.0958,-0.322
kp15 run1.txt,20,-15.0,1,173.000,0.0977,-0.294
kp15 run1.txt,20,-15.0,1,174.000,0.0984,-0.283
kp15 run1.txt,20,-15.0,1,175.000,0.0958,-0.322
kp15 run1.txt,20,-15.0,1,176.000,0.0984,-0.283
kp15 run1.txt,20,-15.0,1,177.000,0.094,-0.349
kp15 run1.txt,20,-15.0,1,178.000,0.0962,-0.316
kp15 run1.txt,20,-15.0,1,179.000,0.0962,-0.316
kp15 run1.txt,20,-15.0,1,180.000,0.0966,-0.311
kp15 run1.txt,20,-15.0,1,181.000,0.0977,-0.294
kp15 run1.txt,20,-15.0,1,182.000,0.1009,0.291
kp15 run1.txt,20,-15.0,1,183.000,0.0969,-0.305
kp15 run1.txt,20,-15.0,1,184.000,0.0936,-0.354
kp15 run1.txt,20,-15.0,1,185.000,0.0977,-0.294
kp15 run1.txt,20,-15.0,1,186.000,0.0977,-0.294
kp15 run1.txt,20,-15.0,1,187.000,0.0933,-0.36
kp15 run1.txt,20,-15.0,1,188.000,0.0991,-0.272
kp15 run1.txt,20,-15.0,1,189.000,0.0984,-0.283
kp15 run1.txt,20,-15.0,1,190.000,0.1028,0.318
kp15 run1.txt,20,-15.0,1,191.000,0.1093,0.417
kp15 run1.txt,20,-15.0,1,192.000,0.0998,-0.261
kp15 run1.txt,20,-15.0,1,193.000,0.0984,-0.283
kp15 run1.txt,20,-15.0,1,194.000,0.1093,0.417
kp15 run1.txt,20,-15.0,1,195.000,0.0977,-0.294
kp15 run1.txt,20,-15.0,1,196.000,0.0991,-0.272
kp15 run1.txt,20,-15.0,1,197.000,0.0991,-0.272
kp15 run1.txt,20,-15.0,1,198.000,0.0984,-0.283
kp15 run1.txt,20,-15.0,1,199.000,0.0984,-0.283
kp15 run1.txt,20,-15.0,1,200.000,0.0962,-0.316
kp15 run1.txt,20,-15.0,1,201.000,0.0987,-0.278
kp15 run1.txt,20,-15.0,1,202.000,0.0987,-0.278
kp15 run1.txt,20,-15.0,1,203.000,0.1035,0.329
kp15 run1.txt,20,-15.0,1,204.000,0.0969,-0.305
kp15 run1.txt,20,-15.0,1,205.000,0.094,-0.349
kp15 run1.txt,20,-15.0,1,206.000,0.0984,-0.283
kp15 run1.txt,20,-15.0,1,207.000,0.09,-0.409
kp15 run1.txt,20,-15.0,1,208.000,0.0969,-0.305
kp15 run1.txt,20,-15.0,1,209.000,0.098,-0.289
kp15 run1.txt,20,-15.0,1,210.000,0.0958,-0.322
kp15 run1.txt,20,-15.0,1,211.000,0.0991,-0.272
kp15 run1.txt,20,-15.0,1,212.000,0.0918,-0.382
kp15 run1.txt,20,-15.0,1,213.000,0.098,-0.289
kp15 run1.txt,20,-15.0,1,214.000,0.0991,-0.272
kp15 run1.txt,20,-15.0,1,215.000,0.0911,-0.393
kp15 run1.txt,20,-15.0,1,216.000,0.1028,0.318
kp15 run1.txt,20,-15.0,1,217.000,0.0998,-0.261
kp15 run1.txt,20,-15.0,1,218.000,0.0998,-0.261
kp15 run1.txt,20,-15.0,1,219.000,0.0871,-0.453
kp15 run1.txt,20,-15.0,1,220.000,0.0991,-0.272
kp15 run1.txt,20,-15.0,1,221.000,0.0984,-0.283
kp15 run1.txt,20,-15.0,1,222.000,0.0969,-0.305
kp15 run1.txt,20,-15.0,1,223.000,0.0998,-0.261
kp15 run1.txt,20,-15.0,1,224.000,0.1006,0.286
kp15 run1.txt,20,-15.0,1,225.000,0.0969,-0.305
kp15 run1.txt,20,-15.0,1,226.000,0.102,0.307
kp15 run1.txt,20,-15.0,1,227.000,0.0911,-0.393
kp15 run1.txt,20,-15.0,1,228.000,0.1009,0.291
kp15 run1.txt,20,-15.0,1,229.000,0.0998,-0.261
kp15 run1.txt,20,-15.0,1,230.000,0.098,-0.289
kp15 run1.txt,20,-15.0,1,231.000,0.0991,-0.272
kp15 run1.txt,20,-15.0,1,232.000,0.1006,0.286
kp15 run1.txt,20,-15.0,1,233.000,0.1028,0.318
kp15 run1.txt,20,-15.0,1,234.000,0.1009,0.291
kp15 run1.txt,20,-15.0,1,235.000,0.102,0.307
kp15 run1.txt,20,-15.0,1,236.000,0.0977,-0.294
kp15 run1.txt,20,-15.0,1,237.000,0.1006,0.286
kp15 run1.txt,20,-15.0,1,238.000,0.1057,0.362
kp15 run1.txt,20,-15.0,1,239.000,0.1115,0.45
kp15 run1.txt,20,-15.0,1,240.000,0.1049,0.351
kp15 run1.txt,20,-15.0,1,241.000,0.102,0.307
kp15 run1.txt,20,-15.0,1,242.000,0.1006,0.286
kp15 run1.txt,20,-15.0,1,243.000,0.11,0.428
kp15 run1.txt,20,-15.0,1,244.000,0.0995,-0.267
kp15 run1.txt,20,-15.0,1,245.000,0.1017,0.302
kp15 run1.txt,20,-15.0,1,246.000,0.0947,-0.338
kp15 run1.txt,20,-15.0,1,247.000,0.0998,-0.261
kp15 run1.txt,20,-15.0,1,248.000,0.1013,0.296
kp15 run1.txt,20,-15.0,1,249.000,0.1046,0.346
kp15 run1.txt,20,-15.0,1,250.000,0.0973,-0.3
kp15 run1.txt,20,-15.0,1,251.000,0.1017,0.302
kp15 run1.txt,20,-15.0,1,252.000,0.1017,0.302
kp15 run1.txt,20,-15.0,1,253.000,0.1108,0.439
kp15 run1.txt,20,-15.0,1,254.000,0.1017,0.302
kp15 run1.txt,20,-15.0,1,255.000,0.1049,0.351
kp15 run1.txt,20,-15.0,1,256.000,0.0998,-0.261
kp15 run1.txt,20,-15.0,1,257.000,0.1017,0.302
kp15 run1.txt,20,-15.0,1,258.000,0.1006,0.286
kp15 run1.txt,20,-15.0,1,259.000,0.1009,0.291
kp15 run1.txt,20,-15.0,1,260.000,0.1017,0.302
kp15 run1.txt,20,-15.0,1,261.000,0.0998,-0.261
kp15 run1.txt,20,-15.0,1,262.000,0.0998,-0.261
kp15 run1.txt,20,-15.0,1,263.000,0.1057,0.362
kp15 run1.txt,20,-15.0,1,264.000,0.1086,0.406
kp15 run1.txt,20,-15.0,1,265.000,0.1017,0.302
kp15 run1.txt,20,-15.0,1,266.000,0.0969,-0.305
kp15 run1.txt,20,-15.0,1,267.000,0.102,0.307
kp15 run1.txt,20,-15.0,1,268.000,0.1035,0.329
kp15 run1.txt,20,-15.0,1,269.000,0.1035,0.329
kp15 run1.txt,20,-15.0,1,270.000,0.102,0.307
kp15 run1.txt,20,-15.0,1,271.000,0.0995,-0.267
kp15 run1.txt,20,-15.0,1,272.000,0.0991,-0.272
kp15 run1.txt,20,-15.0,1,273.000,0.0991,-0.272
kp15 run1.txt,20,-15.0,1,274.000,0.1028,0.318
kp15 run1.txt,20,-15.0,1,275.000,0.1046,0.346
kp15 run1.txt,20,-15.0,1,276.000,0.1006,0.286
kp15 run1.txt,20,-15.0,1,277.000,0.0969,-0.305
kp15 run1.txt,20,-15.0,1,278.000,0.1031,0.324
kp15 run1.txt,20,-15.0,1,279.000,0.0998,-0.261
kp15 run1.txt,20,-15.0,1,280.000,0.1086,0.406
kp15 run1.txt,20,-15.0,1,281.000,0.1013,0.296
kp15 run1.txt,20,-15.0,1,282.000,0.1024,0.313
kp15 run1.txt,20,-15.0,1,283.000,0.102,0.307
kp15 run1.txt,20,-15.0,1,284.000,0.1038,0.335
kp15 run1.txt,20,-15.0,1,285.000,0.1035,0.329
kp15 run1.txt,20,-15.0,1,286.000,0.1013,0.296
kp15 run1.txt,20,-15.0,1,287.000,0.0998,-0.261
kp15 run1.txt,20,-15.0,1,288.000,0.1013,0.296
kp15 run1.txt,20,-15.0,1,289.000,0.1028,0.318
kp15 run1.txt,20,-15.0,1,290.000,0.098,-0.289
kp15 run1.txt,20,-15.0,1,291.000,0.0977,-0.294
kp15 run1.txt,20,-15.0,1,292.000,0.1006,0.286
kp15 run1.txt,20,-15.0,1,293.000,0.0918,-0.382
kp15 run1.txt,20,-15.0,1,294.000,0.1024,0.313
kp15 run1.txt,20,-15.0,1,295.000,0.1013,0.296
kp15 run1.txt,20,-15.0,1,296.000,0.102,0.307
kp15 run1.txt,20,-15.0,1,297.000,0.1057,0.362
kp15 run1.txt,20,-15.0,1,298.000,0.1046,0.346
kp15 run1.txt,20,-15.0,1,299.000,0.0998,-0.261
kp15 run1.txt,20,-15.0,1,300.000,0.0947,-0.338
kp15 run1.txt,20,-15.0,1,301.000,0.1013,0.296
kp15 run1.txt,20,-15.0,1,302.000,0.102,0.307
kp15 run1.txt,20,-15.0,1,303.000,0.1028,0.318
kp15 run1.txt,20,-15.0,1,304.000,0.102,0.307
kp15 run1.txt,20,-15.0,1,305.000,0.1057,0.362
kp15 run1.txt,20,-15.0,1,306.000,0.0977,-0.294
kp15 run1.txt,20,-15.0,1,307.000,0.102,0.307
kp15 run1.txt,20,-15.0,1,308.000,0.1261,0.668
kp15 run1.txt,20,-15.0,1,309.000,0.1013,0.296
kp15 run1.txt,20,-15.0,1,310.000,0.1057,0.362
kp15 run1.txt,20,-15.0,1,311.000,0.1031,0.324
kp15 run1.txt,20,-15.0,1,312.000,0.0998,-0.261
kp15 run1.txt,20,-15.0,1,313.000,0.0991,-0.272
kp15 run1.txt,20,-15.0,1,314.000,0.1006,0.286
kp15 run1.txt,20,-15.0,1,315.000,0.102,0.307
kp15 run1.txt,20,-15.0,1,316.000,0.1035,0.329
kp15 run1.txt,20,-15.0,1,317.000,0.1217,0.603
kp15 run1.txt,20,-15.0,1,318.000,0.0955,-0.327
kp15 run1.txt,20,-15.0,1,319.000,0.1009,0.291
kp15 run1.txt,20,-15.0,1,320.000,0.0998,-0.261
kp15 run1.txt,20,-15.0,1,321.000,0.0998,-0.261
kp15 run1.txt,20,-15.0,1,322.000,0.1017,0.302
kp15 run1.txt,20,-15.0,1,323.000,0.1013,0.296
kp15 run1.txt,20,-15.0,1,324.000,0.0991,-0.272
kp15 run1.txt,20,-15.0,1,325.000,0.094,-0.349
kp15 run1.txt,20,-15.0,1,326.000,0.0977,-0.294
kp15 run1.txt,20,-15.0,1,327.000,0.0998,-0.261
kp15 run1.txt,20,-15.0,1,328.000,0.1013,0.296
kp15 run1.txt,20,-15.0,1,329.000,0.1017,0.302
kp15 run1.txt,20,-15.0,1,330.000,0.1009,0.291
kp15 run1.txt,20,-15.0,1,331.000,0.1017,0.302
kp15 run1.txt,20,-15.0,1,332.000,0.1017,0.302
kp15 run1.txt,20,-15.0,1,333.000,0.0998,-0.261
kp15 run1.txt,20,-15.0,1,334.000,0.1017,0.302
kp15 run1.txt,20,-15.0,1,335.000,0.1035,0.329
kp15 run1.txt,20,-15.0,1,336.000,0.1013,0.296
kp15 run1.txt,20,-15.0,1,337.000,0.0998,-0.261
kp15 run1.txt,20,-15.0,1,338.000,0.0998,-0.261
kp15 run1.txt,20,-15.0,1,339.000,0.1006,0.286
kp15 run1.txt,20,-15.0,1,340.000,0.1035,0.329
kp15 run1.txt,20,-15.0,1,341.000,0.0991,-0.272
kp15 run1.txt,20,-15.0,1,342.000,0.1013,0.296
kp15 run1.txt,20,-15.0,1,343.000,0.1028,0.318
kp15 run1.txt,20,-15.0,1,344.000,0.1006,0.286
kp15 run1.txt,20,-15.0,1,345.000,0.0998,-0.261
kp15 run1.txt,20,-15.0,1,346.000,0.0991,-0.272
kp15 run1.txt,20,-15.0,1,347.000,0.1086,0.406
kp15 run1.txt,20,-15.0,1,348.000,0.1013,0.296
kp15 run1.txt,20,-15.0,1,349.000,0.1006,0.286
kp15 run1.txt,20,-15.0,1,350.000,0.1173,0.537
kp15 run1.txt,20,-15.0,1,351.000,0.1064,0.373
kp15 run1.txt,20,-15.0,1,352.000,0.0962,-0.316
kp15 run1.txt,20,-15.0,1,353.000,0.1009,0.291
kp15 run1.txt,20,-15.0,1,354.000,0.0991,-0.272
kp15 run1.txt,20,-15.0,1,355.000,0.102,0.307
kp15 run1.txt,20,-15.0,1,356.000,0.0969,-0.305
kp15 run1.txt,20,-15.0,1,357.000,0.0995,-0.267
kp15 run1.txt,20,-15.0,1,358.000,0.0998,-0.261
kp15 run1.txt,20,-15.0,1,359.000,0.1013,0.296
kp15 run1.txt,20,-15.0,1,360.000,0.1028,0.318
kp15 run1.txt,20,-15.0,1,361.000,0.0991,-0.272
kp15 run1.txt,20,-15.0,1,362.000,0.0991,-0.272
kp15 run1.txt,20,-15.0,1,363.000,0.1006,0.286
kp15 run1.txt,20,-15.0,1,364.000,0.0958,-0.322
kp15 run1.txt,20,-15.0,1,365.000,0.0995,-0.267
kp15 run1.txt,20,-15.0,1,366.000,0.0947,-0.338
kp15 run1.txt,20,-15.0,1,367.000,0.0896,-0.415
kp15 run1.txt,20,-15.0,1,368.000,0.0991,-0.272
kp15 run1.txt,20,-15.0,1,369.000,0.0998,-0.261
kp15 run1.txt,20,-15.0,1,370.000,0.0918,-0.382
kp15 run1.txt,20,-15.0,1,371.000,0.0998,-0.261
kp15 run1.txt,20,-15.0,1,372.000,0.0969,-0.305
kp15 run1.txt,20,-15.0,1,373.000,0.1006,0.286
kp15 run1.txt,20,-15.0,1,374.000,0.0991,-0.272
kp15 run1.txt,20,-15.0,1,375.000,0.0991,-0.272
kp15 run1.txt,20,-15.0,1,376.000,0.0969,-0.305
kp15 run1.txt,20,-15.0,1,377.000,0.0998,-0.261
kp15 run1.txt,20,-15.0,1,378.000,0.0995,-0.267
kp15 run1.txt,20,-15.0,1,379.000,0.0987,-0.278
kp15 run1.txt,20,-15.0,1,380.000,0.0991,-0.272
kp15 run1.txt,20,-15.0,1,381.000,0.0998,-0.261
kp15 run1.txt,20,-15.0,1,382.000,0.1006,0.286
kp15 run1.txt,20,-15.0,1,383.000,0.1071,0.384
kp15 run1.txt,20,-15.0,1,384.000,0.1006,0.286
kp15 run1.txt,20,-15.0,1,385.000,0.0998,-0.261
kp15 run1.txt,20,-15.0,1,386.000,0.1009,0.291
kp15 run1.txt,20,-15.0,1,387.000,0.1031,0.324
kp15 run1.txt,20,-15.0,1,388.000,0.0991,-0.272
kp15 run1.txt,20,-15.0,1,389.000,0.0998,-0.261
kp15 run1.txt,20,-15.0,1,390.000,0.0995,-0.267
kp15 run1.txt,20,-15.0,1,391.000,0.1006,0.286
kp15 run1.txt,20,-15.0,1,392.000,0.1049,0.351
kp15 run1.txt,20,-15.0,1,393.000,0.0918,-0.382
kp15 run1.txt,20,-15.0,1,394.000,0.1006,0.286
kp15 run1.txt,20,-15.0,1,395.000,0.1006,0.286
kp15 run1.txt,20,-15.0,1,396.000,0.0962,-0.316
kp15 run1.txt,20,-15.0,1,397.000,0.0991,-0.272
kp15 run1.txt,20,-15.0,1,398.000,0.102,0.307
kp15 run1.txt,20,-15.0,1,399.000,0.1006,0.286
kp15 run1.txt,20,-15.0,1,400.000,0.102,0.307
kp15 run1.txt,20,-15.0,1,401.000,0.1068,0.378
kp15 run1.txt,20,-15.0,1,402.000,0.1042,0.34
kp15 run1.txt,20,-15.0,1,403.000,0.0958,-0.322
kp15 run1.txt,20,-15.0,1,404.000,0.0998,-0.261
kp15 run1.txt,20,-15.0,1,405.000,0.0984,-0.283
kp15 run1.txt,20,-15.0,1,406.000,0.0984,-0.283
kp15 run1.txt,20,-15.0,1,407.000,0.1009,0.291
kp15 run1.txt,20,-15.0,1,408.000,0.0991,-0.272
kp15 run1.txt,20,-15.0,1,409.000,0.0955,-0.327
kp15 run1.txt,20,-15.0,1,410.000,0.1028,0.318
kp15 run1.txt,20,-15.0,1,411.000,0.0991,-0.272
kp15 run1.txt,20,-15.0,1,412.000,0.1046,0.346
kp15 run1.txt,20,-15.0,1,413.000,0.102,0.307
kp15 run1.txt,20,-15.0,1,414.000,0.0984,-0.283
kp15 run1.txt,20,-15.0,1,415.000,0.1006,0.286
kp15 run1.txt,20,-15.0,1,416.000,0.0998,-0.261
kp15 run1.txt,20,-15.0,1,417.000,0.1057,0.362
kp15 run1.txt,20,-15.0,1,418.000,0.0998,-0.261
kp15 run1.txt,20,-15.0,1,419.000,0.1046,0.346
kp15 run1.txt,20,-15.0,1,420.000,0.0987,-0.278
kp15 run1.txt,20,-15.0,1,421.000,0.0998,-0.261
kp15 run1.txt,20,-15.0,1,422.000,0.1028,0.318
kp15 run1.txt,20,-15.0,1,423.000,0.0998,-0.261
kp15 run1.txt,20,-15.0,1,424.000,0.0998,-0.261
kp15 run1.txt,20,-15.0,1,425.000,0.102,0.307
kp15 run1.txt,20,-15.0,1,426.000,0.0995,-0.267
kp15 run1.txt,20,-15.0,1,427.000,0.1006,0.286
kp15 run1.txt,20,-15.0,1,428.000,0.0991,-0.272
kp15 run1.txt,20,-15.0,1,429.000,0.1035,0.329
kp15 run1.txt,20,-15.0,1,430.000,0.0987,-0.278
kp15 run1.txt,20,-15.0,1,431.000,0.094,-0.349
kp15 run1.txt,20,-15.0,1,432.000,0.1075,0.389
kp15 run1.txt,20,-15.0,1,433.000,0.1009,0.291
kp15 run1.txt,20,-15.0,1,434.000,0.102,0.307
kp15 run1.txt,20,-15.0,1,435.000,0.0991,-0.272
kp15 run1.txt,20,-15.0,1,436.000,0.0995,-0.267
kp15 run1.txt,20,-15.0,1,437.000,0.1017,0.302
kp15 run1.txt,20,-15.0,1,438.000,0.0973,-0.3
kp15 run1.txt,20,-15.0,1,439.000,0.0998,-0.261
kp15 run1.txt,20,-15.0,1,440.000,0.1013,0.296
kp15 run1.txt,20,-15.0,1,441.000,0.0991,-0.272
kp15 run1.txt,20,-15.0,1,442.000,0.1013,0.296
kp15 run1.txt,20,-15.0,1,443.000,0.0991,-0.272
kp15 run1.txt,20,-15.0,1,444.000,0.1057,0.362
kp15 run1.txt,20,-15.0,1,445.000,0.1006,0.286
kp15 run1.txt,20,-15.0,1,446.000,0.1028,0.318
kp15 run1.txt,20,-15.0,1,447.000,0.1035,0.329
kp15 run1.txt,20,-15.0,1,448.000,0.0896,-0.415
kp15 run1.txt,20,-15.0,1,449.000,0.0998,-0.261
kp15 run1.txt,20,-15.0,1,450.000,0.0936,-0.354
kp15 run1.txt,20,-15.0,1,451.000,0.1049,0.351
kp15 run1.txt,20,-15.0,1,452.000,0.1031,0.324
kp15 run1.txt,20,-15.0,1,453.000,0.0838,-0.502
kp15 run1.txt,20,-15.0,1,454.000,0.1006,0.286
kp15 run1.txt,20,-15.0,1,455.000,0.1049,0.351
kp15 run1.txt,20,-15.0,1,456.000,0.0991,-0.272
kp15 run1.txt,20,-15.0,1,457.000,0.1006,0.286
kp15 run1.txt,20,-15.0,1,458.000,0.0998,-0.261
kp15 run1.txt,20,-15.0,1,459.000,0.0995,-0.267
kp15 run1.txt,20,-15.0,1,460.000,0.1013,0.296
kp15 run1.txt,20,-15.0,1,461.000,0.0998,-0.261
kp15 run1.txt,20,-15.0,1,462.000,0.0991,-0.272
kp15 run1.txt,20,-15.0,1,463.000,0.0947,-0.338
kp15 run1.txt,20,-15.0,1,464.000,0.0998,-0.261
kp15 run1.txt,20,-15.0,1,465.000,0.0998,-0.261
kp15 run1.txt,20,-15.0,1,466.000,0.1006,0.286
kp15 run1.txt,20,-15.0,1,467.000,0.0991,-0.272
kp15 run1.txt,20,-15.0,1,468.000,0.0998,-0.261
kp15 run1.txt,20,-15.0,1,469.000,0.1006,0.286
kp15 run1.txt,20,-15.0,1,470.000,0.1006,0.286
kp15 run1.txt,20,-15.0,1,471.000,0.0998,-0.261
kp15 run1.txt,20,-15.0,1,472.000,0.0991,-0.272
kp15 run1.txt,20,-15.0,1,473.000,0.102,0.307
kp15 run1.txt,20,-15.0,1,474.000,0.1006,0.286
kp15 run1.txt,20,-15.0,1,475.000,0.0991,-0.272
kp15 run1.txt,20,-15.0,1,476.000,0.1064,0.373
kp15 run1.txt,20,-15.0,1,477.000,0.0878,-0.442
kp15 run1.txt,20,-15.0,1,478.000,0.094,-0.349
kp15 run1.txt,20,-15.0,1,479.000,0.102,0.307
kp15 run1.txt,20,-15.0,1,480.000,0.1028,0.318
kp15 run1.txt,20,-15.0,1,481.000,0.1122,0.46
kp15 run1.txt,20,-15.0,1,482.000,0.0874,-0.447
kp15 run1.txt,20,-15.0,1,483.042,0.0991,-0.272
kp15 run1.txt,20,-15.0,1,484.000,0.1013,0.296
kp15 run1.txt,20,-15.0,1,485.000,0.102,0.307
kp15 run1.txt,20,-15.0,1,486.000,0.1013,0.296
kp15 run1.txt,20,-15.0,1,487.000,0.117,0.532
kp15 run1.txt,20,-15.0,1,488.000,0.1013,0.296
kp15 run1.txt,20,-15.0,1,489.000,0.1017,0.302
kp15 run1.txt,20,-15.0,1,490.000,0.102,0.307
kp15 run1.txt,20,-15.0,1,491.000,0.0991,-0.272
kp15 run1.txt,20,-15.0,1,492.000,0.1017,0.302
kp15 run1.txt,20,-15.0,1,493.000,0.0882,-0.436
kp15 run1.txt,20,-15.0,1,494.000,0.1042,0.34
kp15 run1.txt,20,-15.0,1,495.000,0.0998,-0.261
kp15 run1.txt,20,-15.0,1,496.000,0.1049,0.351
kp15 run1.txt,20,-15.0,1,497.000,0.0998,-0.261
kp15 run1.txt,20,-15.0,1,498.000,0.0995,-0.267
kp15 run1.txt,20,-15.0,1,499.000,0.1006,0.286
kp15 run1.txt,20,-15.0,1,500.000,0.0998,-0.261
kp15 run1.txt,20,-15.0,1,501.000,0.0984,-0.283
kp15 run1.txt,20,-15.0,1,502.000,0.102,0.307
kp15 run1.txt,20,-15.0,1,503.000,0.1028,0.318
kp15 run1.txt,20,-15.0,1,504.000,0.1009,0.291
kp15 run1.txt,20,-15.0,1,505.000,0.0977,-0.294
kp15 run1.txt,20,-15.0,1,506.000,0.0998,-0.261
kp15 run1.txt,20,-15.0,1,507.000,0.0998,-0.261
kp15 run1.txt,20,-15.0,1,508.000,0.0958,-0.322
kp15 run1.txt,20,-15.0,1,509.000,0.0998,-0.261
kp15 run1.txt,20,-15.0,1,510.000,0.1006,0.286
kp15 run1.txt,20,-15.0,1,511.000,0.0998,-0.261
kp15 run1.txt,20,-15.0,1,512.000,0.1075,0.389
kp15 run1.txt,20,-15.0,1,513.000,0.0998,-0.261
kp15 run1.txt,20,-15.0,1,514.000,0.0874,-0.447
kp15 run1.txt,20,-15.0,1,515.000,0.1006,0.286
kp15 run1.txt,20,-15.0,1,516.000,0.1002,0.28
kp15 run1.txt,20,-15.0,1,517.000,0.0998,-0.261
kp15 run1.txt,20,-15.0,1,518.000,0.1006,0.286
kp15 run1.txt,20,-15.0,1,519.000,0.102,0.307
kp15 run1.txt,20,-15.0,1,520.000,0.0998,-0.261
kp15 run1.txt,20,-15.0,1,521.000,0.1046,0.346
kp15 run1.txt,20,-15.0,1,522.000,0.1006,0.286
kp15 run1.txt,20,-15.0,1,523.000,0.0991,-0.272
kp15 run1.txt,20,-15.0,1,524.000,0.0995,-0.267
kp15 run1.txt,20,-15.0,1,525.000,0.1024,0.313
kp15 run1.txt,20,-15.0,1,526.000,0.0933,-0.36
kp15 run1.txt,20,-15.0,1,527.000,0.0977,-0.294
kp15 run1.txt,20,-15.0,1,528.000,0.0991,-0.272
kp15 run1.txt,20,-15.0,1,529.000,0.1042,0.34
kp15 run1.txt,20,-15.0,1,530.000,0.0984,-0.283
kp15 run1.txt,20,-15.0,1,531.000,0.0969,-0.305
kp15 run1.txt,20,-15.0,1,532.000,0.1013,0.296
kp15 run1.txt,20,-15.0,1,533.000,0.0998,-0.261
kp15 run1.txt,20,-15.0,1,534.000,0.1038,0.335
kp15 run1.txt,20,-15.0,1,535.000,0.0991,-0.272
kp15 run1.txt,20,-15.0,1,536.000,0.0977,-0.294
kp15 run1.txt,20,-15.0,1,537.000,0.102,0.307
kp15 run1.txt,20,-15.0,1,538.000,0.0969,-0.305
kp15 run1.txt,20,-15.0,1,539.000,0.0987,-0.278
kp15 run1.txt,20,-15.0,1,540.000,0.1013,0.296
kp15 run1.txt,20,-15.0,1,541.000,0.102,0.307
kp15 run1.txt,20,-15.0,1,542.000,0.0991,-0.272
kp15 run1.txt,20,-15.0,1,543.000,0.0998,-0.261
kp15 run1.txt,20,-15.0,1,544.000,0.1082,0.4
kp15 run1.txt,20,-15.0,1,545.000,0.0987,-0.278
kp15 run1.txt,20,-15.0,1,546.000,0.0991,-0.272
kp15 run1.txt,20,-15.0,1,547.000,0.0991,-0.272
kp15 run1.txt,20,-15.0,1,548.000,0.0984,-0.283
kp15 run1.txt,20,-15.0,1,549.000,0.0998,-0.261
kp15 run1.txt,20,-15.0,1,550.000,0.1017,0.302
kp15 run1.txt,20,-15.0,1,551.000,0.1133,0.477
kp15 run1.txt,20,-15.0,1,552.000,0.0918,-0.382
kp15 run1.txt,20,-15.0,1,553.000,0.1035,0.329
kp15 run1.txt,20,-15.0,1,554.000,0.1017,0.302
kp15 run1.txt,20,-15.0,1,555.000,0.0991,-0.272
kp15 run1.txt,20,-15.0,1,556.000,0.0998,-0.261
kp15 run1.txt,20,-15.0,1,557.000,0.1013,0.296
kp15 run1.txt,20,-15.0,1,558.000,0.0987,-0.278
kp15 run1.txt,20,-15.0,1,559.000,0.0984,-0.283
kp15 run1.txt,20,-15.0,1,560.000,0.0991,-0.272
kp15 run1.txt,20,-15.0,1,561.000,0.0991,-0.272
kp15 run1.txt,20,-15.0,1,562.000,0.0998,-0.261
kp15 run1.txt,20,-15.0,1,563.000,0.0998,-0.261
kp15 run1.txt,20,-15.0,1,564.000,0.1013,0.296
kp15 run1.txt,20,-15.0,1,565.000,0.1035,0.329
kp15 run1.txt,20,-15.0,1,566.000,0.0969,-0.305
kp15 run1.txt,20,-15.0,1,567.000,0.0969,-0.305
kp15 run1.txt,20,-15.0,1,568.000,0.1049,0.351
kp15 run1.txt,20,-15.0,1,569.000,0.102,0.307
kp15 run1.txt,20,-15.0,1,570.000,0.0867,-0.458
kp15 run1.txt,20,-15.0,1,571.000,0.0925,-0.371
kp15 run1.txt,20,-15.0,1,572.000,0.1111,0.444
kp15 run1.txt,20,-15.0,1,573.000,0.0984,-0.283
kp15 run1.txt,20,-15.0,1,574.000,0.1006,0.286
kp15 run1.txt,20,-15.0,1,575.000,0.0991,-0.272
kp15 run1.txt,20,-15.0,1,576.000,0.1013,0.296
kp15 run1.txt,20,-15.0,1,577.000,0.0991,-0.272
kp15 run1.txt,20,-15.0,1,578.000,0.1246,0.646
kp15 run1.txt,20,-15.0,1,579.000,0.094,-0.349
kp15 run1.txt,20,-15.0,1,580.000,0.0987,-0.278
kp15 run1.txt,20,-15.0,1,581.000,0.1028,0.318
kp15 run1.txt,20,-15.0,1,582.000,0.102,0.307
kp15 run1.txt,20,-15.0,1,583.000,0.1028,0.318
kp15 run1.txt,20,-15.0,1,584.000,0.1013,0.296
kp15 run1.txt,20,-15.0,1,585.000,0.102,0.307
kp15 run1.txt,20,-15.0,1,586.000,0.1049,0.351
kp15 run1.txt,20,-15.0,1,587.000,0.1013,0.296
kp15 run1.txt,20,-15.0,1,588.000,0.1006,0.286
kp15 run1.txt,20,-15.0,1,589.000,0.0962,-0.316
kp15 run1.txt,20,-15.0,1,590.000,0.1006,0.286
kp15 run1.txt,20,-15.0,1,591.000,0.0977,-0.294
kp15 run1.txt,20,-15.0,1,592.000,0.102,0.307
kp15 run1.txt,20,-15.0,1,593.000,0.0969,-0.305
kp15 run1.txt,20,-15.0,1,594.000,0.0998,-0.261
kp15 run1.txt,20,-15.0,1,595.000,0.1013,0.296
kp15 run1.txt,20,-15.0,1,596.000,0.0991,-0.272
kp15 run1.txt,20,-15.0,1,597.000,0.1017,0.302
kp15 run1.txt,20,-15.0,1,598.000,0.0998,-0.261
kp15 run1.txt,20,-15.0,1,599.000,0.0998,-0.261
kp20 run1.txt,1,-20.0,1,0.000,-0.0992,-4.243
kp20 run1.txt,1,-20.0,1,1.000,-0.1006,-4.272
kp20 run1.txt,1,-20.0,1,2.000,-0.1014,-4.287
kp20 run1.txt,1,-20.0,1,3.000,-0.1021,-4.301
kp20 run1.txt,1,-20.0,1,4.000,-0.0996,-4.25
kp20 run1.txt,1,-20.0,1,5.000,-0.0729,-3.718
kp20 run1.txt,1,-20.0,1,6.000,-0.1032,-4.323
kp20 run1.txt,1,-20.0,1,7.000,-0.0955,-4.17
kp20 run1.txt,1,-20.0,1,8.000,-0.0963,-4.184
kp20 run1.txt,1,-20.0,1,9.000,-0.0948,-4.155
kp20 run1.txt,1,-20.0,1,10.000,-0.0912,-4.082
kp20 run1.txt,1,-20.0,1,11.000,-0.0886,-4.031
kp20 run1.txt,1,-20.0,1,12.000,-0.089,-4.039
kp20 run1.txt,1,-20.0,1,13.000,-0.0846,-3.951
kp20 run1.txt,1,-20.0,1,14.000,-0.081,-3.878
kp20 run1.txt,1,-20.0,1,15.000,-0.0784,-3.827
kp20 run1.txt,1,-20.0,1,16.000,-0.0751,-3.762
kp20 run1.txt,1,-20.0,1,17.000,-0.0729,-3.718
kp20 run1.txt,1,-20.0,1,18.000,-0.0686,-3.63
kp20 run1.txt,1,-20.0,1,19.000,-0.0631,-3.521
kp20 run1.txt,1,-20.0,1,20.000,-0.0635,-3.528
kp20 run1.txt,1,-20.0,1,21.000,-0.0438,-3.135
kp20 run1.txt,1,-20.0,1,22.000,-0.0482,-3.222
kp20 run1.txt,1,-20.0,1,23.000,-0.0438,-3.135
kp20 run1.txt,1,-20.0,1,24.000,-0.0409,-3.076
kp20 run1.txt,1,-20.0,1,25.000,-0.0383,-3.025
kp20 run1.txt,1,-20.0,1,26.000,-0.0358,-2.974
kp20 run1.txt,1,-20.0,1,27.000,-0.0292,-2.843
kp20 run1.txt,1,-20.0,1,28.000,-0.0292,-2.843
kp20 run1.txt,1,-20.0,1,29.000,-0.0248,-2.756
kp20 run1.txt,1,-20.0,1,30.000,-0.0219,-2.697
kp20 run1.txt,1,-20.0,1,31.000,-0.0168,-2.595
kp20 run1.txt,1,-20.0,1,32.000,-0.0241,-2.741
kp20 run1.txt,1,-20.0,1,33.000,-0.0059,-2.376
kp20 run1.txt,1,-20.0,1,34.000,-0.0051,-2.362
kp20 run1.txt,1,-20.0,1,35.000,0.0007,-2.245
kp20 run1.txt,1,-20.0,1,36.000,0.0029,-2.201
kp20 run1.txt,1,-20.0,1,37.000,0.0087,-2.085
kp20 run1.txt,1,-20.0,1,38.000,0.0131,-1.997
kp20 run1.txt,1,-20.0,1,39.000,0.0167,-1.924
kp20 run1.txt,1,-20.0,1,40.000,0.0211,-1.837
kp20 run1.txt,1,-20.0,1,41.000,0.0233,-1.793
kp20 run1.txt,1,-20.0,1,42.000,0.0284,-1.691
kp20 run1.txt,1,-20.0,1,43.000,0.0262,-1.735
kp20 run1.txt,1,-20.0,1,44.000,0.0357,-1.545
kp20 run1.txt,1,-20.0,1,45.000,0.0393,-1.472
kp20 run1.txt,1,-20.0,1,46.000,0.0426,-1.407
kp20 run1.txt,1,-20.0,1,47.000,0.0473,-1.312
kp20 run1.txt,1,-20.0,1,48.000,0.0495,-1.268
kp20 run1.txt,1,-20.0,1,49.000,0.0554,-1.152
kp20 run1.txt,1,-20.0,1,50.000,0.0579,-1.101
kp20 run1.txt,1,-20.0,1,51.000,0.0612,-1.035
kp20 run1.txt,1,-20.0,1,52.000,0.0619,-1.02
kp20 run1.txt,1,-20.0,1,53.000,0.0678,-0.904
kp20 run1.txt,1,-20.0,1,54.000,0.0699,-0.86
kp20 run1.txt,1,-20.0,1,55.000,0.0729,-0.802
kp20 run1.txt,1,-20.0,1,56.000,0.0772,-0.714
kp20 run1.txt,1,-20.0,1,57.000,0.0787,-0.685
kp20 run1.txt,1,-20.0,1,58.000,0.0834,-0.59
kp20 run1.txt,1,-20.0,1,59.000,0.0845,-0.568
kp20 run1.txt,1,-20.0,1,60.000,0.0889,-0.481
kp20 run1.txt,1,-20.0,1,61.000,0.0929,-0.401
kp20 run1.txt,1,-20.0,1,62.000,0.094,-0.379
kp20 run1.txt,1,-20.0,1,63.000,0.0951,-0.357
kp20 run1.txt,1,-20.0,1,64.000,0.0977,-0.306
kp20 run1.txt,1,-20.0,1,65.000,0.0991,-0.277
kp20 run1.txt,1,-20.0,1,66.000,0.0987,-0.284
kp20 run1.txt,1,-20.0,1,67.000,0.1049,0.376
kp20 run1.txt,1,-20.0,1,68.000,0.102,0.317
kp20 run1.txt,1,-20.0,1,69.000,0.0896,-0.466
kp20 run1.txt,1,-20.0,1,70.000,0.1108,0.492
kp20 run1.txt,1,-20.0,1,71.000,0.1122,0.522
kp20 run1.txt,1,-20.0,1,72.000,0.11,0.478
kp20 run1.txt,1,-20.0,1,73.000,0.1144,0.565
kp20 run1.txt,1,-20.0,1,74.000,0.117,0.616
kp20 run1.txt,1,-20.0,1,75.000,0.1173,0.624
kp20 run1.txt,1,-20.0,1,76.000,0.1159,0.595
kp20 run1.txt,1,-20.0,1,77.000,0.1195,0.667
kp20 run1.txt,1,-20.0,1,78.000,0.1232,0.74
kp20 run1.txt,1,-20.0,1,79.000,0.1173,0.624
kp20 run1.txt,1,-20.0,1,80.000,0.121,0.697
kp20 run1.txt,1,-20.0,1,81.000,0.1232,0.74
kp20 run1.txt,1,-20.0,1,82.000,0.1144,0.565
kp20 run1.txt,1,-20.0,1,83.000,0.1224,0.726
kp20 run1.txt,1,-20.0,1,84.000,0.1224,0.726
kp20 run1.txt,1,-20.0,1,85.000,0.1272,0.821
kp20 run1.txt,1,-20.0,1,86.000,0.1192,0.66
kp20 run1.txt,1,-20.0,1,87.000,0.1224,0.726
kp20 run1.txt,1,-20.0,1,88.000,0.1232,0.74
kp20 run1.txt,1,-20.0,1,89.000,0.1254,0.784
kp20 run1.txt,1,-20.0,1,90.000,0.1261,0.799
kp20 run1.txt,1,-20.0,1,91.000,0.1254,0.784
kp20 run1.txt,1,-20.0,1,92.000,0.1137,0.551
kp20 run1.txt,1,-20.0,1,93.000,0.1217,0.711
kp20 run1.txt,1,-20.0,1,94.000,0.1199,0.675
kp20 run1.txt,1,-20.0,1,95.000,0.1268,0.813
kp20 run1.txt,1,-20.0,1,96.000,0.1224,0.726
kp20 run1.txt,1,-20.0,1,97.000,0.1228,0.733
kp20 run1.txt,1,-20.0,1,98.000,0.1268,0.813
kp20 run1.txt,1,-20.0,1,99.000,0.1228,0.733
kp20 run1.txt,1,-20.0,1,100.000,0.125,0.777
kp20 run1.txt,1,-20.0,1,101.000,0.1243,0.762
kp20 run1.txt,1,-20.0,1,102.000,0.1195,0.667
kp20 run1.txt,1,-20.0,1,103.000,0.1232,0.74
kp20 run1.txt,1,-20.0,1,104.000,0.1195,0.667
kp20 run1.txt,1,-20.0,1,105.000,0.1228,0.733
kp20 run1.txt,1,-20.0,1,106.000,0.1232,0.74
kp20 run1.txt,1,-20.0,1,107.000,0.1217,0.711
kp20 run1.txt,1,-20.0,1,108.000,0.121,0.697
kp20 run1.txt,1,-20.0,1,109.000,0.121,0.697
kp20 run1.txt,1,-20.0,1,110.000,0.117,0.616
kp20 run1.txt,1,-20.0,1,111.000,0.1217,0.711
kp20 run1.txt,1,-20.0,1,112.000,0.1173,0.624
kp20 run1.txt,1,-20.0,1,113.000,0.1162,0.602
kp20 run1.txt,1,-20.0,1,114.000,0.1166,0.609
kp20 run1.txt,1,-20.0,1,115.000,0.117,0.616
kp20 run1.txt,1,-20.0,1,116.000,0.1115,0.507
kp20 run1.txt,1,-20.0,1,117.000,0.1097,0.471
kp20 run1.txt,1,-20.0,1,118.000,0.1141,0.558
kp20 run1.txt,1,-20.0,1,119.000,0.1151,0.58
kp20 run1.txt,1,-20.0,1,120.000,0.1115,0.507
kp20 run1.txt,1,-20.0,1,121.000,0.1111,0.5
kp20 run1.txt,1,-20.0,1,122.000,0.1115,0.507
kp20 run1.txt,1,-20.0,1,123.000,0.1104,0.485
kp20 run1.txt,1,-20.0,1,124.000,0.1108,0.492
kp20 run1.txt,1,-20.0,1,125.000,0.1079,0.434
kp20 run1.txt,1,-20.0,1,126.000,0.1093,0.463
kp20 run1.txt,1,-20.0,1,127.000,0.1082,0.441
kp20 run1.txt,1,-20.0,1,128.000,0.1068,0.412
kp20 run1.txt,1,-20.0,1,129.000,0.1049,0.376
kp20 run1.txt,1,-20.0,1,130.000,0.1064,0.405
kp20 run1.txt,1,-20.0,1,131.000,0.1057,0.39
kp20 run1.txt,1,-20.0,1,132.000,0.1057,0.39
kp20 run1.txt,1,-20.0,1,133.000,0.0874,-0.51
kp20 run1.txt,1,-20.0,1,134.000,0.1013,0.303
kp20 run1.txt,1,-20.0,1,135.000,0.102,0.317
kp20 run1.txt,1,-20.0,1,136.000,0.1017,0.31
kp20 run1.txt,1,-20.0,1,137.000,0.0998,-0.262
kp20 run1.txt,1,-20.0,1,138.000,0.1013,0.303
kp20 run1.txt,1,-20.0,1,139.000,0.1013,0.303
kp20 run1.txt,1,-20.0,1,140.000,0.0998,-0.262
kp20 run1.txt,1,-20.0,1,141.000,0.0998,-0.262
kp20 run1.txt,1,-20.0,1,142.000,0.0998,-0.262
kp20 run1.txt,1,-20.0,1,143.000,0.0991,-0.277
kp20 run1.txt,1,-20.0,1,144.000,0.0998,-0.262
kp20 run1.txt,1,-20.0,1,145.000,0.094,-0.379
kp20 run1.txt,1,-20.0,1,146.000,0.0984,-0.291
kp20 run1.txt,1,-20.0,1,147.000,0.0962,-0.335
kp20 run1.txt,1,-20.0,1,148.000,0.0984,-0.291
kp20 run1.txt,1,-20.0,1,149.000,0.094,-0.379
kp20 run1.txt,1,-20.0,1,150.000,0.0984,-0.291
kp20 run1.txt,1,-20.0,1,151.000,0.0958,-0.342
kp20 run1.txt,1,-20.0,1,152.000,0.0977,-0.306
kp20 run1.txt,1,-20.0,1,153.000,0.0998,-0.262
kp20 run1.txt,1,-20.0,1,154.000,0.0955,-0.35
kp20 run1.txt,1,-20.0,1,155.000,0.0969,-0.321
kp20 run1.txt,1,-20.0,1,156.000,0.0925,-0.408
kp20 run1.txt,1,-20.0,1,157.000,0.0969,-0.321
kp20 run1.txt,1,-20.0,1,158.000,0.0984,-0.291
kp20 run1.txt,1,-20.0,1,159.000,0.094,-0.379
kp20 run1.txt,1,-20.0,1,160.000,0.0987,-0.284
kp20 run1.txt,1,-20.0,1,161.000,0.0991,-0.277
kp20 run1.txt,1,-20.0,1,162.000,0.0977,-0.306
kp20 run1.txt,1,-20.0,1,163.000,0.0987,-0.284
kp20 run1.txt,1,-20.0,1,164.000,0.0962,-0.335
kp20 run1.txt,1,-20.0,1,165.000,0.0984,-0.291
kp20 run1.txt,1,-20.0,1,166.000,0.0977,-0.306
kp20 run1.txt,1,-20.0,1,167.000,0.0984,-0.291
kp20 run1.txt,1,-20.0,1,168.000,0.0995,-0.27
kp20 run1.txt,1,-20.0,1,169.000,0.0998,-0.262
kp20 run1.txt,1,-20.0,1,170.000,0.0907,-0.445
kp20 run1.txt,1,-20.0,1,171.000,0.0991,-0.277
kp20 run1.txt,1,-20.0,1,172.000,0.1093,0.463
kp20 run1.txt,1,-20.0,1,173.000,0.0969,-0.321
kp20 run1.txt,1,-20.0,1,174.000,0.1049,0.376
kp20 run1.txt,1,-20.0,1,175.000,0.11,0.478
kp20 run1.txt,1,-20.0,1,176.000,0.094,-0.379
kp20 run1.txt,1,-20.0,1,177.000,0.1006,0.288
kp20 run1.txt,1,-20.0,1,178.000,0.0816,-0.627
kp20 run1.txt,1,-20.0,1,179.000,0.1086,0.449
kp20 run1.txt,1,-20.0,1,180.000,0.0977,-0.306
kp20 run1.txt,1,-20.0,1,181.000,0.0977,-0.306
kp20 run1.txt,1,-20.0,1,182.000,0.0984,-0.291
kp20 run1.txt,1,-20.0,1,183.000,0.0977,-0.306
kp20 run1.txt,1,-20.0,1,184.000,0.0977,-0.306
kp20 run1.txt,1,-20.0,1,185.000,0.0995,-0.27
kp20 run1.txt,1,-20.0,1,186.000,0.0984,-0.291
kp20 run1.txt,1,-20.0,1,187.000,0.0998,-0.262
kp20 run1.txt,1,-20.0,1,188.000,0.0987,-0.284
kp20 run1.txt,1,-20.0,1,189.000,0.0958,-0.342
kp20 run1.txt,1,-20.0,1,190.000,0.0991,-0.277
kp20 run1.txt,1,-20.0,1,191.000,0.0955,-0.35
kp20 run1.txt,1,-20.0,1,192.000,0.0955,-0.35
kp20 run1.txt,1,-20.0,1,193.000,0.0998,-0.262
kp20 run1.txt,1,-20.0,1,194.000,0.0998,-0.262
kp20 run1.txt,1,-20.0,1,195.000,0.0998,-0.262
kp20 run1.txt,1,-20.0,1,196.000,0.0987,-0.284
kp20 run1.txt,1,-20.0,1,197.000,0.0995,-0.27
kp20 run1.txt,1,-20.0,1,198.000,0.1028,0.332
kp20 run1.txt,1,-20.0,1,199.000,0.0998,-0.262
kp20 run1.txt,1,-20.0,1,200.000,0.1006,0.288
kp20 run1.txt,1,-20.0,1,201.000,0.1009,0.296
kp20 run1.txt,1,-20.0,1,202.000,0.1013,0.303
kp20 run1.txt,1,-20.0,1,203.000,0.0998,-0.262
kp20 run1.txt,1,-20.0,1,204.000,0.0998,-0.262
kp20 run1.txt,1,-20.0,1,205.000,0.0984,-0.291
kp20 run1.txt,1,-20.0,1,206.000,0.1086,0.449
kp20 run1.txt,1,-20.0,1,207.000,0.1028,0.332
kp20 run1.txt,1,-20.0,1,208.000,0.1006,0.288
kp20 run1.txt,1,-20.0,1,209.000,0.1006,0.288
kp20 run1.txt,1,-20.0,1,210.000,0.0969,-0.321
kp20 run1.txt,1,-20.0,1,211.000,0.0984,-0.291
kp20 run1.txt,1,-20.0,1,212.000,0.1028,0.332
kp20 run1.txt,1,-20.0,1,213.000,0.094,-0.379
kp20 run1.txt,1,-20.0,1,214.000,0.1086,0.449
kp20 run1.txt,1,-20.0,1,215.000,0.0998,-0.262
kp20 run1.txt,1,-20.0,1,216.000,0.0998,-0.262
kp20 run1.txt,1,-20.0,1,217.000,0.0998,-0.262
kp20 run1.txt,1,-20.0,1,218.000,0.1006,0.288
kp20 run1.txt,1,-20.0,1,219.000,0.1035,0.347
kp20 run1.txt,1,-20.0,1,220.000,0.1046,0.369
kp20 run1.txt,1,-20.0,1,221.000,0.0984,-0.291
kp20 run1.txt,1,-20.0,1,222.000,0.0995,-0.27
kp20 run1.txt,1,-20.0,1,223.000,0.0998,-0.262
kp20 run1.txt,1,-20.0,1,224.000,0.1013,0.303
kp20 run1.txt,1,-20.0,1,225.000,0.1035,0.347
kp20 run1.txt,1,-20.0,1,226.000,0.1017,0.31
kp20 run1.txt,1,-20.0,1,227.000,0.1009,0.296
kp20 run1.txt,1,-20.0,1,228.000,0.102,0.317
kp20 run1.txt,1,-20.0,1,229.000,0.0984,-0.291
kp20 run1.txt,1,-20.0,1,230.000,0.0991,-0.277
kp20 run1.txt,1,-20.0,1,231.000,0.0896,-0.466
kp20 run1.txt,1,-20.0,1,232.000,0.1035,0.347
kp20 run1.txt,1,-20.0,1,233.000,0.0998,-0.262
kp20 run1.txt,1,-20.0,1,234.000,0.1013,0.303
kp20 run1.txt,1,-20.0,1,235.000,0.0998,-0.262
kp20 run1.txt,1,-20.0,1,236.000,0.102,0.317
kp20 run1.txt,1,-20.0,1,237.000,0.1013,0.303
kp20 run1.txt,1,-20.0,1,238.000,0.0998,-0.262
kp20 run1.txt,1,-20.0,1,239.000,0.1035,0.347
kp20 run1.txt,1,-20.0,1,240.000,0.1009,0.296
kp20 run1.txt,1,-20.0,1,241.000,0.1013,0.303
kp20 run1.txt,1,-20.0,1,242.000,0.0995,-0.27
kp20 run1.txt,1,-20.0,1,243.000,0.1035,0.347
kp20 run1.txt,1,-20.0,1,244.000,0.0933,-0.393
kp20 run1.txt,1,-20.0,1,245.000,0.0823,-0.612
kp20 run1.txt,1,-20.0,1,246.000,0.1028,0.332
kp20 run1.txt,1,-20.0,1,247.000,0.1013,0.303
kp20 run1.txt,1,-20.0,1,248.000,0.1093,0.463
kp20 run1.txt,1,-20.0,1,249.000,0.1006,0.288
kp20 run1.txt,1,-20.0,1,250.000,0.1017,0.31
kp20 run1.txt,1,-20.0,1,251.000,0.1017,0.31
kp20 run1.txt,1,-20.0,1,252.000,0.0998,-0.262
kp20 run1.txt,1,-20.0,1,253.000,0.1064,0.405
kp20 run1.txt,1,-20.0,1,254.000,0.102,0.317
kp20 run1.txt,1,-20.0,1,255.000,0.0998,-0.262
kp20 run1.txt,1,-20.0,1,256.000,0.0998,-0.262
kp20 run1.txt,1,-20.0,1,257.000,0.0987,-0.284
kp20 run1.txt,1,-20.0,1,258.000,0.1013,0.303
kp20 run1.txt,1,-20.0,1,259.000,0.0998,-0.262
kp20 run1.txt,1,-20.0,1,260.000,0.0991,-0.277
kp20 run1.txt,1,-20.0,1,261.000,0.1035,0.347
kp20 run1.txt,1,-20.0,1,262.000,0.0987,-0.284
kp20 run1.txt,1,-20.0,1,263.000,0.0958,-0.342
kp20 run1.txt,1,-20.0,1,264.000,0.0998,-0.262
kp20 run1.txt,1,-20.0,1,265.000,0.0998,-0.262
kp20 run1.txt,1,-20.0,1,266.000,0.1017,0.31
kp20 run1.txt,1,-20.0,1,267.000,0.1017,0.31
kp20 run1.txt,1,-20.0,1,268.000,0.102,0.317
kp20 run1.txt,1,-20.0,1,269.000,0.0991,-0.277
kp20 run1.txt,1,-20.0,1,270.000,0.1035,0.347
kp20 run1.txt,1,-20.0,1,271.000,0.1017,0.31
kp20 run1.txt,1,-20.0,1,272.000,0.1006,0.288
kp20 run1.txt,1,-20.0,1,273.000,0.102,0.317
kp20 run1.txt,1,-20.0,1,274.000,0.1009,0.296
kp20 run1.txt,1,-20.0,1,275.000,0.0969,-0.321
kp20 run1.txt,1,-20.0,1,276.000,0.1009,0.296
kp20 run1.txt,1,-20.0,1,277.000,0.0998,-0.262
kp20 run1.txt,1,-20.0,1,278.000,0.1042,0.361
kp20 run1.txt,1,-20.0,1,279.000,0.1042,0.361
kp20 run1.txt,1,-20.0,1,280.000,0.0998,-0.262
kp20 run1.txt,1,-20.0,1,281.000,0.1013,0.303
kp20 run1.txt,1,-20.0,1,282.000,0.1035,0.347
kp20 run1.txt,1,-20.0,1,283.000,0.0984,-0.291
kp20 run1.txt,1,-20.0,1,284.000,0.1013,0.303
kp20 run1.txt,1,-20.0,1,285.000,0.1006,0.288
kp20 run1.txt,1,-20.0,1,286.000,0.1006,0.288
kp20 run1.txt,1,-20.0,1,287.000,0.1017,0.31
kp20 run1.txt,1,-20.0,1,288.000,0.102,0.317
kp20 run1.txt,1,-20.0,1,289.000,0.102,0.317
kp20 run1.txt,1,-20.0,1,290.000,0.1013,0.303
kp20 run1.txt,1,-20.0,1,291.000,0.1006,0.288
kp20 run1.txt,1,-20.0,1,292.000,0.1006,0.288
kp20 run1.txt,1,-20.0,1,293.000,0.1028,0.332
kp20 run1.txt,1,-20.0,1,294.000,0.102,0.317
kp20 run1.txt,1,-20.0,1,295.000,0.1006,0.288
kp20 run1.txt,1,-20.0,1,296.000,0.0977,-0.306
kp20 run1.txt,1,-20.0,1,297.000,0.102,0.317
kp20 run1.txt,1,-20.0,1,298.000,0.1017,0.31
kp20 run1.txt,1,-20.0,1,299.000,0.102,0.317
kp20 run1.txt,1,-20.0,1,300.000,0.0998,-0.262
kp20 run1.txt,1,-20.0,1,301.000,0.1013,0.303
kp20 run1.txt,1,-20.0,1,302.000,0.1006,0.288
kp20 run1.txt,1,-20.0,1,303.000,0.0998,-0.262
kp20 run1.txt,1,-20.0,1,304.000,0.102,0.317
kp20 run1.txt,1,-20.0,1,305.000,0.0998,-0.262
kp20 run1.txt,1,-20.0,1,306.000,0.1006,0.288
kp20 run1.txt,1,-20.0,1,307.000,0.0991,-0.277
kp20 run1.txt,1,-20.0,1,308.000,0.102,0.317
kp20 run1.txt,1,-20.0,1,309.000,0.1035,0.347
kp20 run1.txt,1,-20.0,1,310.000,0.0915,-0.43
kp20 run1.txt,1,-20.0,1,311.000,0.1009,0.296
kp20 run1.txt,1,-20.0,1,312.000,0.1024,0.325
kp20 run1.txt,1,-20.0,1,313.000,0.0998,-0.262
kp20 run1.txt,1,-20.0,1,314.000,0.1028,0.332
kp20 run1.txt,1,-20.0,1,315.000,0.1006,0.288
kp20 run1.txt,1,-20.0,1,316.000,0.1035,0.347
kp20 run1.txt,1,-20.0,1,317.000,0.1042,0.361
kp20 run1.txt,1,-20.0,1,318.000,0.102,0.317
kp20 run1.txt,1,-20.0,1,319.000,0.0998,-0.262
kp20 run1.txt,1,-20.0,1,320.000,0.0991,-0.277
kp20 run1.txt,1,-20.0,1,321.000,0.1028,0.332
kp20 run1.txt,1,-20.0,1,322.000,0.0998,-0.262
kp20 run1.txt,1,-20.0,1,323.000,0.0998,-0.262
kp20 run1.txt,1,-20.0,1,324.000,0.1028,0.332
kp20 run1.txt,1,-20.0,1,325.000,0.1035,0.347
kp20 run1.txt,1,-20.0,1,326.000,0.0984,-0.291
kp20 run1.txt,1,-20.0,1,327.000,0.1013,0.303
kp20 run1.txt,1,-20.0,1,328.000,0.1013,0.303
kp20 run1.txt,1,-20.0,1,329.000,0.1006,0.288
kp20 run1.txt,1,-20.0,1,330.000,0.1042,0.361
kp20 run1.txt,1,-20.0,1,331.000,0.1002,0.281
kp20 run1.txt,1,-20.0,1,332.000,0.0987,-0.284
kp20 run1.txt,1,-20.0,1,333.000,0.1006,0.288
kp20 run1.txt,1,-20.0,1,334.000,0.1006,0.288
kp20 run1.txt,1,-20.0,1,335.000,0.0998,-0.262
kp20 run1.txt,1,-20.0,1,336.000,0.0998,-0.262
kp20 run1.txt,1,-20.0,1,337.000,0.0998,-0.262
kp20 run1.txt,1,-20.0,1,338.000,0.0991,-0.277
kp20 run1.txt,1,-20.0,1,339.000,0.1028,0.332
kp20 run1.txt,1,-20.0,1,340.000,0.0998,-0.262
kp20 run1.txt,1,-20.0,1,341.000,0.1028,0.332
kp20 run1.txt,1,-20.0,1,342.000,0.102,0.317
kp20 run1.txt,1,-20.0,1,343.000,0.1013,0.303
kp20 run1.txt,1,-20.0,1,344.000,0.0962,-0.335
kp20 run1.txt,1,-20.0,1,345.000,0.094,-0.379
kp20 run1.txt,1,-20.0,1,346.000,0.0977,-0.306
kp20 run1.txt,1,-20.0,1,347.000,0.0998,-0.262
kp20 run1.txt,1,-20.0,1,348.000,0.1108,0.492
kp20 run1.txt,1,-20.0,1,349.000,0.102,0.317
kp20 run1.txt,1,-20.0,1,350.000,0.0991,-0.277
kp20 run1.txt,1,-20.0,1,351.000,0.1006,0.288
kp20 run1.txt,1,-20.0,1,352.000,0.1009,0.296
kp20 run1.txt,1,-20.0,1,353.000,0.1017,0.31
kp20 run1.txt,1,-20.0,1,354.000,0.0998,-0.262
kp20 run1.txt,1,-20.0,1,355.000,0.0998,-0.262
kp20 run1.txt,1,-20.0,1,356.000,0.1006,0.288
kp20 run1.txt,1,-20.0,1,357.000,0.0998,-0.262
kp20 run1.txt,1,-20.0,1,358.000,0.0998,-0.262
kp20 run1.txt,1,-20.0,1,359.000,0.1017,0.31
kp20 run1.txt,1,-20.0,1,360.000,0.102,0.317
kp20 run1.txt,1,-20.0,1,361.000,0.0991,-0.277
kp20 run1.txt,1,-20.0,1,362.000,0.0998,-0.262
kp20 run1.txt,1,-20.0,1,363.000,0.0998,-0.262
kp20 run1.txt,1,-20.0,1,364.000,0.1006,0.288
kp20 run1.txt,1,-20.0,1,365.000,0.1009,0.296
kp20 run1.txt,1,-20.0,1,366.000,0.0933,-0.393
kp20 run1.txt,1,-20.0,1,367.000,0.0984,-0.291
kp20 run1.txt,1,-20.0,1,368.000,0.1006,0.288
kp20 run1.txt,1,-20.0,1,369.000,0.1115,0.507
kp20 run1.txt,1,-20.0,1,370.000,0.0955,-0.35
kp20 run1.txt,1,-20.0,1,371.000,0.0998,-0.262
kp20 run1.txt,1,-20.0,1,372.000,0.1006,0.288
kp20 run1.txt,1,-20.0,1,373.000,0.1024,0.325
kp20 run1.txt,1,-20.0,1,374.000,0.0998,-0.262
kp20 run1.txt,1,-20.0,1,375.000,0.1013,0.303
kp20 run1.txt,1,-20.0,1,376.000,0.1006,0.288
kp20 run1.txt,1,-20.0,1,377.000,0.1009,0.296
kp20 run1.txt,1,-20.0,1,378.000,0.1006,0.288
kp20 run1.txt,1,-20.0,1,379.000,0.1006,0.288
kp20 run1.txt,1,-20.0,1,380.000,0.0998,-0.262
kp20 run1.txt,1,-20.0,1,381.000,0.1006,0.288
kp20 run1.txt,1,-20.0,1,382.000,0.1017,0.31
kp20 run1.txt,1,-20.0,1,383.000,0.0998,-0.262
kp20 run1.txt,1,-20.0,1,384.000,0.0958,-0.342
kp20 run1.txt,1,-20.0,1,385.000,0.1006,0.288
kp20 run1.txt,1,-20.0,1,386.000,0.1009,0.296
kp20 run1.txt,1,-20.0,1,387.000,0.0984,-0.291
kp20 run1.txt,1,-20.0,1,388.000,0.0998,-0.262
kp20 run1.txt,1,-20.0,1,389.000,0.0962,-0.335
kp20 run1.txt,1,-20.0,1,390.000,0.1006,0.288
kp20 run1.txt,1,-20.0,1,391.000,0.1009,0.296
kp20 run1.txt,1,-20.0,1,392.000,0.1057,0.39
kp20 run1.txt,1,-20.0,1,393.000,0.0977,-0.306
kp20 run1.txt,1,-20.0,1,394.000,0.102,0.317
kp20 run1.txt,1,-20.0,1,395.000,0.0987,-0.284
kp20 run1.txt,1,-20.0,1,396.000,0.0998,-0.262
kp20 run1.txt,1,-20.0,1,397.000,0.1017,0.31
kp20 run1.txt,1,-20.0,1,398.000,0.0984,-0.291
kp20 run1.txt,1,-20.0,1,399.000,0.0904,-0.452
kp20 run1.txt,1,-20.0,1,400.000,0.0984,-0.291
kp20 run1.txt,1,-20.0,1,401.000,0.0998,-0.262
kp20 run1.txt,1,-20.0,1,402.000,0.0969,-0.321
kp20 run1.txt,1,-20.0,1,403.000,0.0987,-0.284
kp20 run1.txt,1,-20.0,1,404.000,0.0998,-0.262
kp20 run1.txt,1,-20.0,1,405.000,0.0991,-0.277
kp20 run1.txt,1,-20.0,1,406.000,0.094,-0.379
kp20 run1.txt,1,-20.0,1,407.000,0.0995,-0.27
kp20 run1.txt,1,-20.0,1,408.000,0.1017,0.31
kp20 run1.txt,1,-20.0,1,409.000,0.1006,0.288
kp20 run1.txt,1,-20.0,1,410.000,0.0991,-0.277
kp20 run1.txt,1,-20.0,1,411.000,0.0977,-0.306
kp20 run1.txt,1,-20.0,1,412.000,0.0977,-0.306
kp20 run1.txt,1,-20.0,1,413.000,0.1042,0.361
kp20 run1.txt,1,-20.0,1,414.000,0.1053,0.383
kp20 run1.txt,1,-20.0,1,415.000,0.0991,-0.277
kp20 run1.txt,1,-20.0,1,416.000,0.0995,-0.27
kp20 run1.txt,1,-20.0,1,417.000,0.0991,-0.277
kp20 run1.txt,1,-20.0,1,418.000,0.1057,0.39
kp20 run1.txt,1,-20.0,1,419.000,0.1017,0.31
kp20 run1.txt,1,-20.0,1,420.000,0.1071,0.42
kp20 run1.txt,1,-20.0,1,421.000,0.1013,0.303
kp20 run1.txt,1,-20.0,1,422.000,0.1017,0.31
kp20 run1.txt,1,-20.0,1,423.000,0.0998,-0.262
kp20 run1.txt,1,-20.0,1,424.000,0.0998,-0.262
kp20 run1.txt,1,-20.0,1,425.000,0.0987,-0.284
kp20 run1.txt,1,-20.0,1,426.000,0.0947,-0.364
kp20 run1.txt,1,-20.0,1,427.000,0.0991,-0.277
kp20 run1.txt,1,-20.0,1,428.000,0.0958,-0.342
kp20 run1.txt,1,-20.0,1,429.000,0.0955,-0.35
kp20 run1.txt,1,-20.0,1,430.000,0.0998,-0.262
kp20 run1.txt,1,-20.0,1,431.000,0.0998,-0.262
kp20 run1.txt,1,-20.0,1,432.000,0.1057,0.39
kp20 run1.txt,1,-20.0,1,433.000,0.1002,0.281
kp20 run1.txt,1,-20.0,1,434.000,0.0958,-0.342
kp20 run1.txt,1,-20.0,1,435.000,0.0991,-0.277
kp20 run1.txt,1,-20.0,1,436.000,0.1013,0.303
kp20 run1.txt,1,-20.0,1,437.000,0.1002,0.281
kp20 run1.txt,1,-20.0,1,438.000,0.0991,-0.277
kp20 run1.txt,1,-20.0,1,439.000,0.0991,-0.277
kp20 run1.txt,1,-20.0,1,440.000,0.1009,0.296
kp20 run1.txt,1,-20.0,1,441.000,0.0995,-0.27
kp20 run1.txt,1,-20.0,1,442.000,0.1009,0.296
kp20 run1.txt,1,-20.0,1,443.000,0.0998,-0.262
kp20 run1.txt,1,-20.0,1,444.000,0.0998,-0.262
kp20 run1.txt,1,-20.0,1,445.000,0.0991,-0.277
kp20 run1.txt,1,-20.0,1,446.000,0.1013,0.303
kp20 run1.txt,1,-20.0,1,447.000,0.0998,-0.262
kp20 run1.txt,1,-20.0,1,448.000,0.0991,-0.277
kp20 run1.txt,1,-20.0,1,449.000,0.0998,-0.262
kp20 run1.txt,1,-20.0,1,450.000,0.0998,-0.262
kp20 run1.txt,1,-20.0,1,451.000,0.1017,0.31
kp20 run1.txt,1,-20.0,1,452.000,0.0991,-0.277
kp20 run1.txt,1,-20.0,1,453.000,0.098,-0.299
kp20 run1.txt,1,-20.0,1,454.000,0.0991,-0.277
kp20 run1.txt,1,-20.0,1,455.000,0.1049,0.376
kp20 run1.txt,1,-20.0,1,456.000,0.0998,-0.262
kp20 run1.txt,1,-20.0,1,457.000,0.102,0.317
kp20 run1.txt,1,-20.0,1,458.000,0.0998,-0.262
kp20 run1.txt,1,-20.0,1,459.000,0.0998,-0.262
kp20 run1.txt,1,-20.0,1,460.000,0.1013,0.303
kp20 run1.txt,1,-20.0,1,461.000,0.0998,-0.262
kp20 run1.txt,1,-20.0,1,462.000,0.0874,-0.51
kp20 run1.txt,1,-20.0,1,463.000,0.0998,-0.262
kp20 run1.txt,1,-20.0,1,464.000,0.0962,-0.335
kp20 run1.txt,1,-20.0,1,465.000,0.0987,-0.284
kp20 run1.txt,1,-20.0,1,466.000,0.0998,-0.262
kp20 run1.txt,1,-20.0,1,467.000,0.0998,-0.262
kp20 run1.txt,1,-20.0,1,468.000,0.0998,-0.262
kp20 run1.txt,1,-20.0,1,469.000,0.0984,-0.291
kp20 run1.txt,1,-20.0,1,470.000,0.0998,-0.262
kp20 run1.txt,1,-20.0,1,471.000,0.0998,-0.262
kp20 run1.txt,1,-20.0,1,472.000,0.0987,-0.284
kp20 run1.txt,1,-20.0,1,473.000,0.1006,0.288
kp20 run1.txt,1,-20.0,1,474.000,0.0991,-0.277
kp20 run1.txt,1,-20.0,1,475.000,0.0998,-0.262
kp20 run1.txt,1,-20.0,1,476.000,0.1006,0.288
kp20 run1.txt,1,-20.0,1,477.000,0.0998,-0.262
kp20 run1.txt,1,-20.0,1,478.000,0.1028,0.332
kp20 run1.txt,1,-20.0,1,479.000,0.0998,-0.262
kp20 run1.txt,1,-20.0,1,480.000,0.0991,-0.277
kp20 run1.txt,1,-20.0,1,481.000,0.1006,0.288
kp20 run1.txt,1,-20.0,1,482.000,0.0991,-0.277
kp20 run1.txt,1,-20.0,1,483.000,0.0995,-0.27
kp20 run1.txt,1,-20.0,1,484.000,0.1028,0.332
kp20 run1.txt,1,-20.0,1,485.000,0.094,-0.379
kp20 run1.txt,1,-20.0,1,486.000,0.0991,-0.277
kp20 run1.txt,1,-20.0,1,487.000,0.1013,0.303
kp20 run1.txt,1,-20.0,1,488.000,0.1017,0.31
kp20 run1.txt,1,-20.0,1,489.000,0.1035,0.347
kp20 run1.txt,1,-20.0,1,490.000,0.0998,-0.262
kp20 run1.txt,1,-20.0,1,491.000,0.0933,-0.393
kp20 run1.txt,1,-20.0,1,492.000,0.0969,-0.321
kp20 run1.txt,1,-20.0,1,493.000,0.1031,0.339
kp20 run1.txt,1,-20.0,1,494.000,0.0998,-0.262
kp20 run1.txt,1,-20.0,1,495.000,0.1006,0.288
kp20 run1.txt,1,-20.0,1,496.000,0.1013,0.303
kp20 run1.txt,1,-20.0,1,497.000,0.0998,-0.262
kp20 run1.txt,1,-20.0,1,498.000,0.1017,0.31
kp20 run1.txt,1,-20.0,1,499.000,0.0991,-0.277
kp20 run1.txt,1,-20.0,1,500.000,0.0987,-0.284
kp20 run1.txt,1,-20.0,1,501.000,0.1042,0.361
kp20 run1.txt,1,-20.0,1,502.000,0.0998,-0.262
kp20 run1.txt,1,-20.0,1,503.000,0.0998,-0.262
kp20 run1.txt,1,-20.0,1,504.000,0.1002,0.281
kp20 run1.txt,1,-20.0,1,505.000,0.1006,0.288
kp20 run1.txt,1,-20.0,1,506.000,0.1028,0.332
kp20 run1.txt,1,-20.0,1,507.000,0.0991,-0.277
kp20 run1.txt,1,-20.0,1,508.000,0.1006,0.288
kp20 run1.txt,1,-20.0,1,509.000,0.0991,-0.277
kp20 run1.txt,1,-20.0,1,510.000,0.0991,-0.277
kp20 run1.txt,1,-20.0,1,511.000,0.0987,-0.284
kp20 run1.txt,1,-20.0,1,512.000,0.0969,-0.321
kp20 run1.txt,1,-20.0,1,513.000,0.0998,-0.262
kp20 run1.txt,1,-20.0,1,514.000,0.0998,-0.262
kp20 run1.txt,1,-20.0,1,515.000,0.1006,0.288
kp20 run1.txt,1,-20.0,1,516.000,0.0998,-0.262
kp20 run1.txt,1,-20.0,1,517.000,0.0998,-0.262
kp20 run1.txt,1,-20.0,1,518.000,0.102,0.317
kp20 run1.txt,1,-20.0,1,519.000,0.1049,0.376
kp20 run1.txt,1,-20.0,1,520.000,0.0998,-0.262
kp20 run1.txt,1,-20.0,1,521.000,0.0998,-0.262
kp20 run1.txt,1,-20.0,1,522.000,0.0998,-0.262
kp20 run1.txt,1,-20.0,1,523.000,0.1006,0.288
kp20 run1.txt,1,-20.0,1,524.000,0.0998,-0.262
kp20 run1.txt,1,-20.0,1,525.000,0.0969,-0.321
kp20 run1.txt,1,-20.0,1,526.000,0.0998,-0.262
kp20 run1.txt,1,-20.0,1,527.000,0.1046,0.369
kp20 run1.txt,1,-20.0,1,528.000,0.0998,-0.262
kp20 run1.txt,1,-20.0,1,529.000,0.0984,-0.291
kp20 run1.txt,1,-20.0,1,530.000,0.0998,-0.262
kp20 run1.txt,1,-20.0,1,531.000,0.0998,-0.262
kp20 run1.txt,1,-20.0,1,532.000,0.0995,-0.27
kp20 run1.txt,1,-20.0,1,533.000,0.1035,0.347
kp20 run1.txt,1,-20.0,1,534.000,0.0991,-0.277
kp20 run1.txt,1,-20.0,1,535.000,0.1006,0.288
kp20 run1.txt,1,-20.0,1,536.000,0.0998,-0.262
kp20 run1.txt,1,-20.0,1,537.000,0.0998,-0.262
kp20 run1.txt,1,-20.0,1,538.000,0.0991,-0.277
kp20 run1.txt,1,-20.0,1,539.000,0.1028,0.332
kp20 run1.txt,1,-20.0,1,540.000,0.0998,-0.262
kp20 run1.txt,1,-20.0,1,541.000,0.0998,-0.262
kp20 run1.txt,1,-20.0,1,542.000,0.0998,-0.262
kp20 run1.txt,1,-20.0,1,543.000,0.102,0.317
kp20 run1.txt,1,-20.0,1,544.000,0.0977,-0.306
kp20 run1.txt,1,-20.0,1,545.000,0.0962,-0.335
kp20 run1.txt,1,-20.0,1,546.000,0.0947,-0.364
kp20 run1.txt,1,-20.0,1,547.000,0.0998,-0.262
kp20 run1.txt,1,-20.0,1,548.000,0.0991,-0.277
kp20 run1.txt,1,-20.0,1,549.000,0.0962,-0.335
kp20 run1.txt,1,-20.0,1,550.000,0.094,-0.379
kp20 run1.txt,1,-20.0,1,551.000,0.0955,-0.35
kp20 run1.txt,1,-20.0,1,552.000,0.102,0.317
kp20 run1.txt,1,-20.0,1,553.000,0.0947,-0.364
kp20 run1.txt,1,-20.0,1,554.000,0.102,0.317
kp20 run1.txt,1,-20.0,1,555.000,0.1006,0.288
kp20 run1.txt,1,-20.0,1,556.000,0.1009,0.296
kp20 run1.txt,1,-20.0,1,557.000,0.0991,-0.277
kp20 run1.txt,1,-20.0,1,558.000,0.1028,0.332
kp20 run1.txt,1,-20.0,1,559.000,0.1013,0.303
kp20 run1.txt,1,-20.0,1,560.000,0.1013,0.303
kp20 run1.txt,1,-20.0,1,561.000,0.1006,0.288
kp20 run1.txt,1,-20.0,1,562.000,0.1013,0.303
kp20 run1.txt,1,-20.0,1,563.000,0.098,-0.299
kp20 run1.txt,1,-20.0,1,564.000,0.0998,-0.262
kp20 run1.txt,1,-20.0,1,565.000,0.0984,-0.291
kp20 run1.txt,1,-20.0,1,566.000,0.1006,0.288
kp20 run1.txt,1,-20.0,1,567.000,0.0998,-0.262
kp20 run1.txt,1,-20.0,1,568.000,0.1017,0.31
kp20 run1.txt,1,-20.0,1,569.000,0.102,0.317
kp20 run1.txt,1,-20.0,1,570.000,0.0984,-0.291
kp20 run1.txt,1,-20.0,1,571.000,0.0998,-0.262
kp20 run1.txt,1,-20.0,1,572.000,0.0977,-0.306
kp20 run1.txt,1,-20.0,1,573.000,0.102,0.317
kp20 run1.txt,1,-20.0,1,574.000,0.0991,-0.277
kp20 run1.txt,1,-20.0,1,575.000,0.0977,-0.306
kp20 run1.txt,1,-20.0,1,576.000,0.0947,-0.364
kp20 run1.txt,1,-20.0,1,577.000,0.1028,0.332
kp20 run1.txt,1,-20.0,1,578.000,0.1017,0.31
kp20 run1.txt,1,-20.0,1,579.000,0.102,0.317
kp20 run1.txt,1,-20.0,1,580.000,0.1017,0.31
kp20 run1.txt,1,-20.0,1,581.000,0.1035,0.347
kp20 run1.txt,1,-20.0,1,582.000,0.1017,0.31
kp20 run1.txt,1,-20.0,1,583.000,0.0958,-0.342
kp20 run1.txt,1,-20.0,1,584.000,0.0998,-0.262
kp20 run1.txt,1,-20.0,1,585.000,0.1006,0.288
kp20 run1.txt,1,-20.0,1,586.000,0.0991,-0.277
kp20 run1.txt,1,-20.0,1,587.000,0.11,0.478
kp20 run1.txt,1,-20.0,1,588.000,0.1028,0.332
kp20 run1.txt,1,-20.0,1,589.000,0.0933,-0.393
kp20 run1.txt,1,-20.0,1,590.000,0.1013,0.303
kp20 run1.txt,1,-20.0,1,591.000,0.1028,0.332
kp20 run1.txt,1,-20.0,1,592.000,0.0998,-0.262
kp20 run1.txt,1,-20.0,1,593.000,0.102,0.317
kp20 run1.txt,1,-20.0,1,594.000,0.0962,-0.335
kp20 run1.txt,1,-20.0,1,595.000,0.1108,0.492
kp20 run1.txt,1,-20.0,1,596.000,0.1013,0.303
kp20 run1.txt,1,-20.0,1,597.000,0.1006,0.288
kp20 run1.txt,1,-20.0,1,598.000,0.0991,-0.277
kp20 run1.txt,1,-20.0,1,599.000,0.0998,-0.262
kp20 run1.txt,2,-20.0,-1,0.000,0.0991,4.259
kp20 run1.txt,2,-20.0,-1,1.000,0.1038,4.354
kp20 run1.txt,2,-20.0,-1,2.000,0.0998,4.274
kp20 run1.txt,2,-20.0,-1,3.000,0.1013,4.303
kp20 run1.txt,2,-20.0,-1,4.000,0.1006,4.288
kp20 run1.txt,2,-20.0,-1,5.000,0.1017,4.31
kp20 run1.txt,2,-20.0,-1,6.000,0.0998,4.274
kp20 run1.txt,2,-20.0,-1,7.000,0.0977,4.23
kp20 run1.txt,2,-20.0,-1,8.000,0.0962,4.201
kp20 run1.txt,2,-20.0,-1,9.000,0.094,4.157
kp20 run1.txt,2,-20.0,-1,10.000,0.0889,4.055
kp20 run1.txt,2,-20.0,-1,11.000,0.0845,3.968
kp20 run1.txt,2,-20.0,-1,12.000,0.0853,3.982
kp20 run1.txt,2,-20.0,-1,13.000,0.0853,3.982
kp20 run1.txt,2,-20.0,-1,14.000,0.0787,3.851
kp20 run1.txt,2,-20.0,-1,15.000,0.0765,3.807
kp20 run1.txt,2,-20.0,-1,16.000,0.0743,3.763
kp20 run1.txt,2,-20.0,-1,17.000,0.067,3.618
kp20 run1.txt,2,-20.0,-1,18.000,0.0656,3.588
kp20 run1.txt,2,-20.0,-1,19.000,0.0627,3.53
kp20 run1.txt,2,-20.0,-1,20.000,0.059,3.457
kp20 run1.txt,2,-20.0,-1,21.000,0.0648,3.574
kp20 run1.txt,2,-20.0,-1,22.000,0.0525,3.326
kp20 run1.txt,2,-20.0,-1,23.000,0.0597,3.472
kp20 run1.txt,2,-20.0,-1,24.000,0.0473,3.224
kp20 run1.txt,2,-20.0,-1,25.000,0.0473,3.224
kp20 run1.txt,2,-20.0,-1,26.000,0.0459,3.195
kp20 run1.txt,2,-20.0,-1,27.000,0.0452,3.18
kp20 run1.txt,2,-20.0,-1,28.000,0.0379,3.034
kp20 run1.txt,2,-20.0,-1,29.000,0.0247,2.772
kp20 run1.txt,2,-20.0,-1,30.000,0.0182,2.641
kp20 run1.txt,2,-20.0,-1,31.000,0.0167,2.612
kp20 run1.txt,2,-20.0,-1,32.000,0.0102,2.48
kp20 run1.txt,2,-20.0,-1,33.000,0.0058,2.393
kp20 run1.txt,2,-20.0,-1,34.000,0.0014,2.305
kp20 run1.txt,2,-20.0,-1,35.000,-0.0033,2.211
kp20 run1.txt,2,-20.0,-1,36.000,-0.0073,2.13
kp20 run1.txt,2,-20.0,-1,37.000,-0.0037,2.203
kp20 run1.txt,2,-20.0,-1,38.000,-0.0146,1.985
kp20 run1.txt,2,-20.0,-1,39.000,-0.0197,1.883
kp20 run1.txt,2,-20.0,-1,40.000,-0.0266,1.744
kp20 run1.txt,2,-20.0,-1,41.000,-0.027,1.737
kp20 run1.txt,2,-20.0,-1,42.000,-0.0321,1.635
kp20 run1.txt,2,-20.0,-1,43.000,-0.0354,1.569
kp20 run1.txt,2,-20.0,-1,44.000,-0.0372,1.533
kp20 run1.txt,2,-20.0,-1,45.000,-0.0431,1.416
kp20 run1.txt,2,-20.0,-1,46.000,-0.046,1.358
kp20 run1.txt,2,-20.0,-1,47.000,-0.05,1.277
kp20 run1.txt,2,-20.0,-1,48.000,-0.0547,1.183
kp20 run1.txt,2,-20.0,-1,49.000,-0.0558,1.161
kp20 run1.txt,2,-20.0,-1,50.000,-0.0646,0.986
kp20 run1.txt,2,-20.0,-1,51.000,-0.0682,0.913
kp20 run1.txt,2,-20.0,-1,52.000,-0.0678,0.92
kp20 run1.txt,2,-20.0,-1,53.000,-0.0722,0.833
kp20 run1.txt,2,-20.0,-1,54.000,-0.0733,0.811
kp20 run1.txt,2,-20.0,-1,55.000,-0.0788,0.701
kp20 run1.txt,2,-20.0,-1,56.000,-0.078,0.716
kp20 run1.txt,2,-20.0,-1,57.000,-0.0817,0.643
kp20 run1.txt,2,-20.0,-1,58.000,-0.0846,0.585
kp20 run1.txt,2,-20.0,-1,59.000,-0.0868,0.541
kp20 run1.txt,2,-20.0,-1,60.000,-0.0912,0.454
kp20 run1.txt,2,-20.0,-1,61.000,-0.0934,0.41
kp20 run1.txt,2,-20.0,-1,62.000,-0.0955,0.366
kp20 run1.txt,2,-20.0,-1,63.000,-0.1006,-0.272
kp20 run1.txt,2,-20.0,-1,64.000,-0.097,0.337
kp20 run1.txt,2,-20.0,-1,65.000,-0.1043,-0.345
kp20 run1.txt,2,-20.0,-1,66.000,-0.1065,-0.389
kp20 run1.txt,2,-20.0,-1,67.000,-0.1072,-0.403
kp20 run1.txt,2,-20.0,-1,68.000,-0.1101,-0.461
kp20 run1.txt,2,-20.0,-1,69.000,-0.1189,-0.636
kp20 run1.txt,2,-20.0,-1,70.000,-0.113,-0.52
kp20 run1.txt,2,-20.0,-1,71.000,-0.1152,-0.564
kp20 run1.txt,2,-20.0,-1,72.000,-0.1178,-0.615
kp20 run1.txt,2,-20.0,-1,73.000,-0.1167,-0.593
kp20 run1.txt,2,-20.0,-1,74.000,-0.1174,-0.607
kp20 run1.txt,2,-20.0,-1,75.000,-0.1196,-0.651
kp20 run1.txt,2,-20.0,-1,76.000,-0.1211,-0.68
kp20 run1.txt,2,-20.0,-1,77.000,-0.1211,-0.68
kp20 run1.txt,2,-20.0,-1,78.000,-0.1167,-0.593
kp20 run1.txt,2,-20.0,-1,79.000,-0.1444,-1.147
kp20 run1.txt,2,-20.0,-1,80.000,-0.1167,-0.593
kp20 run1.txt,2,-20.0,-1,81.000,-0.1247,-0.753
kp20 run1.txt,2,-20.0,-1,82.000,-0.124,-0.739
kp20 run1.txt,2,-20.0,-1,83.000,-0.1258,-0.775
kp20 run1.txt,2,-20.0,-1,84.000,-0.1258,-0.775
kp20 run1.txt,2,-20.0,-1,85.000,-0.1269,-0.797
kp20 run1.txt,2,-20.0,-1,86.000,-0.1254,-0.768
kp20 run1.txt,2,-20.0,-1,87.000,-0.1254,-0.768
kp20 run1.txt,2,-20.0,-1,88.000,-0.1254,-0.768
kp20 run1.txt,2,-20.0,-1,89.000,-0.1189,-0.636
kp20 run1.txt,2,-20.0,-1,90.000,-0.1232,-0.724
kp20 run1.txt,2,-20.0,-1,91.000,-0.1247,-0.753
kp20 run1.txt,2,-20.0,-1,92.000,-0.1258,-0.775
kp20 run1.txt,2,-20.0,-1,93.000,-0.1313,-0.884
kp20 run1.txt,2,-20.0,-1,94.000,-0.113,-0.52
kp20 run1.txt,2,-20.0,-1,95.000,-0.1254,-0.768
kp20 run1.txt,2,-20.0,-1,96.000,-0.1247,-0.753
kp20 run1.txt,2,-20.0,-1,97.000,-0.1258,-0.775
kp20 run1.txt,2,-20.0,-1,98.000,-0.1254,-0.768
kp20 run1.txt,2,-20.0,-1,99.000,-0.1262,-0.782
kp20 run1.txt,2,-20.0,-1,100.000,-0.1254,-0.768
kp20 run1.txt,2,-20.0,-1,101.000,-0.1225,-0.709
kp20 run1.txt,2,-20.0,-1,102.000,-0.1262,-0.782
kp20 run1.txt,2,-20.0,-1,103.000,-0.1254,-0.768
kp20 run1.txt,2,-20.0,-1,104.000,-0.1254,-0.768
kp20 run1.txt,2,-20.0,-1,105.000,-0.1229,-0.717
kp20 run1.txt,2,-20.0,-1,106.000,-0.1218,-0.695
kp20 run1.txt,2,-20.0,-1,107.000,-0.1211,-0.68
kp20 run1.txt,2,-20.0,-1,108.000,-0.1218,-0.695
kp20 run1.txt,2,-20.0,-1,109.000,-0.1203,-0.666
kp20 run1.txt,2,-20.0,-1,110.000,-0.1203,-0.666
kp20 run1.txt,2,-20.0,-1,111.000,-0.1211,-0.68
kp20 run1.txt,2,-20.0,-1,112.000,-0.1218,-0.695
kp20 run1.txt,2,-20.0,-1,113.000,-0.1196,-0.651
kp20 run1.txt,2,-20.0,-1,114.000,-0.1145,-0.549
kp20 run1.txt,2,-20.0,-1,115.000,-0.116,-0.578
kp20 run1.txt,2,-20.0,-1,116.000,-0.1174,-0.607
kp20 run1.txt,2,-20.0,-1,117.000,-0.1152,-0.564
kp20 run1.txt,2,-20.0,-1,118.000,-0.1138,-0.534
kp20 run1.txt,2,-20.0,-1,119.000,-0.1123,-0.505
kp20 run1.txt,2,-20.0,-1,120.000,-0.1141,-0.542
kp20 run1.txt,2,-20.0,-1,121.000,-0.1141,-0.542
kp20 run1.txt,2,-20.0,-1,122.000,-0.1101,-0.461
kp20 run1.txt,2,-20.0,-1,123.000,-0.1094,-0.447
kp20 run1.txt,2,-20.0,-1,124.000,-0.1101,-0.461
kp20 run1.txt,2,-20.0,-1,125.000,-0.1087,-0.432
kp20 run1.txt,2,-20.0,-1,126.000,-0.1101,-0.461
kp20 run1.txt,2,-20.0,-1,127.000,-0.1072,-0.403
kp20 run1.txt,2,-20.0,-1,128.000,-0.1079,-0.418
kp20 run1.txt,2,-20.0,-1,129.000,-0.1072,-0.403
kp20 run1.txt,2,-20.0,-1,130.000,-0.1043,-0.345
kp20 run1.txt,2,-20.0,-1,131.000,-0.1065,-0.389
kp20 run1.txt,2,-20.0,-1,132.000,-0.1028,-0.316
kp20 run1.txt,2,-20.0,-1,133.000,-0.1036,-0.33
kp20 run1.txt,2,-20.0,-1,134.000,-0.1017,-0.294
kp20 run1.txt,2,-20.0,-1,135.000,-0.0992,0.293
kp20 run1.txt,2,-20.0,-1,136.000,-0.1043,-0.345
kp20 run1.txt,2,-20.0,-1,137.000,-0.1017,-0.294
kp20 run1.txt,2,-20.0,-1,138.000,-0.1021,-0.301
kp20 run1.txt,2,-20.0,-1,139.000,-0.0992,0.293
kp20 run1.txt,2,-20.0,-1,140.000,-0.0985,0.308
kp20 run1.txt,2,-20.0,-1,141.000,-0.105,-0.359
kp20 run1.txt,2,-20.0,-1,142.000,-0.0996,0.286
kp20 run1.txt,2,-20.0,-1,143.000,-0.0955,0.366
kp20 run1.txt,2,-20.0,-1,144.000,-0.0912,0.454
kp20 run1.txt,2,-20.0,-1,145.000,-0.097,0.337
kp20 run1.txt,2,-20.0,-1,146.000,-0.0985,0.308
kp20 run1.txt,2,-20.0,-1,147.000,-0.0985,0.308
kp20 run1.txt,2,-20.0,-1,148.000,-0.0904,0.468
kp20 run1.txt,2,-20.0,-1,149.000,-0.1021,-0.301
kp20 run1.txt,2,-20.0,-1,150.000,-0.0985,0.308
kp20 run1.txt,2,-20.0,-1,151.000,-0.0941,0.395
kp20 run1.txt,2,-20.0,-1,152.000,-0.0977,0.322
kp20 run1.txt,2,-20.0,-1,153.000,-0.0948,0.381
kp20 run1.txt,2,-20.0,-1,154.000,-0.0926,0.424
kp20 run1.txt,2,-20.0,-1,155.000,-0.0992,0.293
kp20 run1.txt,2,-20.0,-1,156.000,-0.097,0.337
kp20 run1.txt,2,-20.0,-1,157.000,-0.0955,0.366
kp20 run1.txt,2,-20.0,-1,158.000,-0.0955,0.366
kp20 run1.txt,2,-20.0,-1,159.000,-0.0955,0.366
kp20 run1.txt,2,-20.0,-1,160.000,-0.0955,0.366
kp20 run1.txt,2,-20.0,-1,161.000,-0.0996,0.286
kp20 run1.txt,2,-20.0,-1,162.000,-0.0977,0.322
kp20 run1.txt,2,-20.0,-1,163.000,-0.0948,0.381
kp20 run1.txt,2,-20.0,-1,164.000,-0.0966,0.344
kp20 run1.txt,2,-20.0,-1,165.000,-0.0966,0.344
kp20 run1.txt,2,-20.0,-1,166.000,-0.0963,0.352
kp20 run1.txt,2,-20.0,-1,167.000,-0.0955,0.366
kp20 run1.txt,2,-20.0,-1,168.000,-0.0966,0.344
kp20 run1.txt,2,-20.0,-1,169.000,-0.0926,0.424
kp20 run1.txt,2,-20.0,-1,170.000,-0.0919,0.439
kp20 run1.txt,2,-20.0,-1,171.000,-0.0985,0.308
kp20 run1.txt,2,-20.0,-1,172.000,-0.097,0.337
kp20 run1.txt,2,-20.0,-1,173.000,-0.0941,0.395
kp20 run1.txt,2,-20.0,-1,174.000,-0.0959,0.359
kp20 run1.txt,2,-20.0,-1,175.000,-0.0977,0.322
kp20 run1.txt,2,-20.0,-1,176.000,-0.0948,0.381
kp20 run1.txt,2,-20.0,-1,177.000,-0.0996,0.286
kp20 run1.txt,2,-20.0,-1,178.000,-0.0934,0.41
kp20 run1.txt,2,-20.0,-1,179.000,-0.097,0.337
kp20 run1.txt,2,-20.0,-1,180.000,-0.0963,0.352
kp20 run1.txt,2,-20.0,-1,181.000,-0.0985,0.308
kp20 run1.txt,2,-20.0,-1,182.000,-0.0985,0.308
kp20 run1.txt,2,-20.0,-1,183.000,-0.1101,-0.461
kp20 run1.txt,2,-20.0,-1,184.000,-0.0985,0.308
kp20 run1.txt,2,-20.0,-1,185.000,-0.0963,0.352
kp20 run1.txt,2,-20.0,-1,186.000,-0.0985,0.308
kp20 run1.txt,2,-20.0,-1,187.000,-0.0974,0.33
kp20 run1.txt,2,-20.0,-1,188.000,-0.0985,0.308
kp20 run1.txt,2,-20.0,-1,189.000,-0.0941,0.395
kp20 run1.txt,2,-20.0,-1,190.000,-0.0985,0.308
kp20 run1.txt,2,-20.0,-1,191.000,-0.105,-0.359
kp20 run1.txt,2,-20.0,-1,192.000,-0.1014,-0.287
kp20 run1.txt,2,-20.0,-1,193.000,-0.1014,-0.287
kp20 run1.txt,2,-20.0,-1,194.000,-0.1014,-0.287
kp20 run1.txt,2,-20.0,-1,195.000,-0.0985,0.308
kp20 run1.txt,2,-20.0,-1,196.000,-0.1036,-0.33
kp20 run1.txt,2,-20.0,-1,197.000,-0.1006,-0.272
kp20 run1.txt,2,-20.0,-1,198.000,-0.0955,0.366
kp20 run1.txt,2,-20.0,-1,199.000,-0.0919,0.439
kp20 run1.txt,2,-20.0,-1,200.000,-0.1043,-0.345
kp20 run1.txt,2,-20.0,-1,201.000,-0.1043,-0.345
kp20 run1.txt,2,-20.0,-1,202.000,-0.1025,-0.308
kp20 run1.txt,2,-20.0,-1,203.000,-0.1036,-0.33
kp20 run1.txt,2,-20.0,-1,204.000,-0.0992,0.293
kp20 run1.txt,2,-20.0,-1,205.000,-0.1094,-0.447
kp20 run1.txt,2,-20.0,-1,206.000,-0.1014,-0.287
kp20 run1.txt,2,-20.0,-1,207.000,-0.1021,-0.301
kp20 run1.txt,2,-20.0,-1,208.000,-0.0996,0.286
kp20 run1.txt,2,-20.0,-1,209.000,-0.1014,-0.287
kp20 run1.txt,2,-20.0,-1,210.000,-0.0999,0.279
kp20 run1.txt,2,-20.0,-1,211.000,-0.1006,-0.272
kp20 run1.txt,2,-20.0,-1,212.000,-0.1021,-0.301
kp20 run1.txt,2,-20.0,-1,213.000,-0.1014,-0.287
kp20 run1.txt,2,-20.0,-1,214.000,-0.1028,-0.316
kp20 run1.txt,2,-20.0,-1,215.000,-0.0963,0.352
kp20 run1.txt,2,-20.0,-1,216.000,-0.0992,0.293
kp20 run1.txt,2,-20.0,-1,217.000,-0.1028,-0.316
kp20 run1.txt,2,-20.0,-1,218.000,-0.1025,-0.308
kp20 run1.txt,2,-20.0,-1,219.000,-0.1025,-0.308
kp20 run1.txt,2,-20.0,-1,220.000,-0.1021,-0.301
kp20 run1.txt,2,-20.0,-1,221.000,-0.1006,-0.272
kp20 run1.txt,2,-20.0,-1,222.000,-0.1017,-0.294
kp20 run1.txt,2,-20.0,-1,223.000,-0.1006,-0.272
kp20 run1.txt,2,-20.0,-1,224.000,-0.0999,0.279
kp20 run1.txt,2,-20.0,-1,225.000,-0.1043,-0.345
kp20 run1.txt,2,-20.0,-1,226.000,-0.1006,-0.272
kp20 run1.txt,2,-20.0,-1,227.000,-0.1014,-0.287
kp20 run1.txt,2,-20.0,-1,228.000,-0.0996,0.286
kp20 run1.txt,2,-20.0,-1,229.000,-0.1036,-0.33
kp20 run1.txt,2,-20.0,-1,230.000,-0.1021,-0.301
kp20 run1.txt,2,-20.0,-1,231.000,-0.0999,0.279
kp20 run1.txt,2,-20.0,-1,232.000,-0.1003,-0.265
kp20 run1.txt,2,-20.0,-1,233.000,-0.0999,0.279
kp20 run1.txt,2,-20.0,-1,234.000,-0.1025,-0.308
kp20 run1.txt,2,-20.0,-1,235.000,-0.0999,0.279
kp20 run1.txt,2,-20.0,-1,236.000,-0.1145,-0.549
kp20 run1.txt,2,-20.0,-1,237.000,-0.113,-0.52
kp20 run1.txt,2,-20.0,-1,238.000,-0.1014,-0.287
kp20 run1.txt,2,-20.0,-1,239.000,-0.0996,0.286
kp20 run1.txt,2,-20.0,-1,240.000,-0.0992,0.293
kp20 run1.txt,2,-20.0,-1,241.000,-0.1028,-0.316
kp20 run1.txt,2,-20.0,-1,242.000,-0.089,0.497
kp20 run1.txt,2,-20.0,-1,243.000,-0.1017,-0.294
kp20 run1.txt,2,-20.0,-1,244.000,-0.0992,0.293
kp20 run1.txt,2,-20.0,-1,245.000,-0.0992,0.293
kp20 run1.txt,2,-20.0,-1,246.000,-0.1006,-0.272
kp20 run1.txt,2,-20.0,-1,247.000,-0.1014,-0.287
kp20 run1.txt,2,-20.0,-1,248.000,-0.1006,-0.272
kp20 run1.txt,2,-20.0,-1,249.000,-0.1021,-0.301
kp20 run1.txt,2,-20.0,-1,250.000,-0.1014,-0.287
kp20 run1.txt,2,-20.0,-1,251.000,-0.1028,-0.316
kp20 run1.txt,2,-20.0,-1,252.000,-0.1006,-0.272
kp20 run1.txt,2,-20.0,-1,253.000,-0.1138,-0.534
kp20 run1.txt,2,-20.0,-1,254.000,-0.1021,-0.301
kp20 run1.txt,2,-20.0,-1,255.000,-0.1021,-0.301
kp20 run1.txt,2,-20.0,-1,256.000,-0.1025,-0.308
kp20 run1.txt,2,-20.0,-1,257.000,-0.1028,-0.316
kp20 run1.txt,2,-20.0,-1,258.000,-0.1036,-0.33
kp20 run1.txt,2,-20.0,-1,259.000,-0.1006,-0.272
kp20 run1.txt,2,-20.0,-1,260.000,-0.0999,0.279
kp20 run1.txt,2,-20.0,-1,261.000,-0.1028,-0.316
kp20 run1.txt,2,-20.0,-1,262.000,-0.1006,-0.272
kp20 run1.txt,2,-20.0,-1,263.000,-0.1021,-0.301
kp20 run1.txt,2,-20.0,-1,264.000,-0.0985,0.308
kp20 run1.txt,2,-20.0,-1,265.000,-0.1014,-0.287
kp20 run1.txt,2,-20.0,-1,266.000,-0.105,-0.359
kp20 run1.txt,2,-20.0,-1,267.000,-0.1036,-0.33
kp20 run1.txt,2,-20.0,-1,268.000,-0.1006,-0.272
kp20 run1.txt,2,-20.0,-1,269.000,-0.1112,-0.483
kp20 run1.txt,2,-20.0,-1,270.000,-0.1006,-0.272
kp20 run1.txt,2,-20.0,-1,271.000,-0.1025,-0.308
kp20 run1.txt,2,-20.0,-1,272.000,-0.1036,-0.33
kp20 run1.txt,2,-20.0,-1,273.000,-0.1021,-0.301
kp20 run1.txt,2,-20.0,-1,274.000,-0.1014,-0.287
kp20 run1.txt,2,-20.0,-1,275.000,-0.1006,-0.272
kp20 run1.txt,2,-20.0,-1,276.000,-0.0955,0.366
kp20 run1.txt,2,-20.0,-1,277.000,-0.1021,-0.301
kp20 run1.txt,2,-20.0,-1,278.000,-0.0999,0.279
kp20 run1.txt,2,-20.0,-1,279.000,-0.1025,-0.308
kp20 run1.txt,2,-20.0,-1,280.000,-0.1014,-0.287
kp20 run1.txt,2,-20.0,-1,281.000,-0.0999,0.279
kp20 run1.txt,2,-20.0,-1,282.000,-0.0955,0.366
kp20 run1.txt,2,-20.0,-1,283.000,-0.0996,0.286
kp20 run1.txt,2,-20.0,-1,284.000,-0.097,0.337
kp20 run1.txt,2,-20.0,-1,285.000,-0.1043,-0.345
kp20 run1.txt,2,-20.0,-1,286.000,-0.0999,0.279
kp20 run1.txt,2,-20.0,-1,287.000,-0.0999,0.279
kp20 run1.txt,2,-20.0,-1,288.000,-0.0955,0.366
kp20 run1.txt,2,-20.0,-1,289.000,-0.0977,0.322
kp20 run1.txt,2,-20.0,-1,290.000,-0.0992,0.293
kp20 run1.txt,2,-20.0,-1,291.000,-0.0985,0.308
kp20 run1.txt,2,-20.0,-1,292.000,-0.0999,0.279
kp20 run1.txt,2,-20.0,-1,293.000,-0.1021,-0.301
kp20 run1.txt,2,-20.0,-1,294.000,-0.1006,-0.272
kp20 run1.txt,2,-20.0,-1,295.000,-0.1006,-0.272
kp20 run1.txt,2,-20.0,-1,296.000,-0.0992,0.293
kp20 run1.txt,2,-20.0,-1,297.000,-0.0999,0.279
kp20 run1.txt,2,-20.0,-1,298.000,-0.1014,-0.287
kp20 run1.txt,2,-20.0,-1,299.000,-0.1017,-0.294
kp20 run1.txt,2,-20.0,-1,300.000,-0.1058,-0.374
kp20 run1.txt,2,-20.0,-1,301.000,-0.1043,-0.345
kp20 run1.txt,2,-20.0,-1,302.000,-0.1014,-0.287
kp20 run1.txt,2,-20.0,-1,303.000,-0.0966,0.344
kp20 run1.txt,2,-20.0,-1,304.000,-0.1006,-0.272
kp20 run1.txt,2,-20.0,-1,305.000,-0.0992,0.293
kp20 run1.txt,2,-20.0,-1,306.000,-0.0999,0.279
kp20 run1.txt,2,-20.0,-1,307.000,-0.0955,0.366
kp20 run1.txt,2,-20.0,-1,308.000,-0.1058,-0.374
kp20 run1.txt,2,-20.0,-1,309.000,-0.1032,-0.323
kp20 run1.txt,2,-20.0,-1,310.000,-0.0908,0.461
kp20 run1.txt,2,-20.0,-1,311.000,-0.1014,-0.287
kp20 run1.txt,2,-20.0,-1,312.000,-0.097,0.337
kp20 run1.txt,2,-20.0,-1,313.000,-0.1014,-0.287
kp20 run1.txt,2,-20.0,-1,314.000,-0.0999,0.279
kp20 run1.txt,2,-20.0,-1,315.000,-0.0992,0.293
kp20 run1.txt,2,-20.0,-1,316.000,-0.0992,0.293
kp20 run1.txt,2,-20.0,-1,317.000,-0.1043,-0.345
kp20 run1.txt,2,-20.0,-1,318.000,-0.1006,-0.272
kp20 run1.txt,2,-20.0,-1,319.000,-0.0992,0.293
kp20 run1.txt,2,-20.0,-1,320.000,-0.1006,-0.272
kp20 run1.txt,2,-20.0,-1,321.000,-0.0948,0.381
kp20 run1.txt,2,-20.0,-1,322.000,-0.0992,0.293
kp20 run1.txt,2,-20.0,-1,323.000,-0.097,0.337
kp20 run1.txt,2,-20.0,-1,324.000,-0.1003,-0.265
kp20 run1.txt,2,-20.0,-1,325.000,-0.1014,-0.287
kp20 run1.txt,2,-20.0,-1,326.000,-0.0963,0.352
kp20 run1.txt,2,-20.0,-1,327.000,-0.1006,-0.272
kp20 run1.txt,2,-20.0,-1,328.000,-0.0996,0.286
kp20 run1.txt,2,-20.0,-1,329.000,-0.0985,0.308
kp20 run1.txt,2,-20.0,-1,330.000,-0.1006,-0.272
kp20 run1.txt,2,-20.0,-1,331.000,-0.1006,-0.272
kp20 run1.txt,2,-20.0,-1,332.000,-0.0992,0.293
kp20 run1.txt,2,-20.0,-1,333.000,-0.0992,0.293
kp20 run1.txt,2,-20.0,-1,334.000,-0.0948,0.381
kp20 run1.txt,2,-20.0,-1,335.000,-0.0992,0.293
kp20 run1.txt,2,-20.0,-1,336.000,-0.0977,0.322
kp20 run1.txt,2,-20.0,-1,337.000,-0.1021,-0.301
kp20 run1.txt,2,-20.0,-1,338.000,-0.1006,-0.272
kp20 run1.txt,2,-20.0,-1,339.000,-0.0977,0.322
kp20 run1.txt,2,-20.0,-1,340.000,-0.0992,0.293
kp20 run1.txt,2,-20.0,-1,341.000,-0.0996,0.286
kp20 run1.txt,2,-20.0,-1,342.000,-0.089,0.497
kp20 run1.txt,2,-20.0,-1,343.000,-0.0912,0.454
kp20 run1.txt,2,-20.0,-1,344.000,-0.0999,0.279
kp20 run1.txt,2,-20.0,-1,345.000,-0.1006,-0.272
kp20 run1.txt,2,-20.0,-1,346.000,-0.0992,0.293
kp20 run1.txt,2,-20.0,-1,347.000,-0.0999,0.279
kp20 run1.txt,2,-20.0,-1,348.000,-0.0992,0.293
kp20 run1.txt,2,-20.0,-1,349.000,-0.1047,-0.352
kp20 run1.txt,2,-20.0,-1,350.000,-0.1006,-0.272
kp20 run1.txt,2,-20.0,-1,351.000,-0.1021,-0.301
kp20 run1.txt,2,-20.0,-1,352.000,-0.1028,-0.316
kp20 run1.txt,2,-20.0,-1,353.000,-0.0985,0.308
kp20 run1.txt,2,-20.0,-1,354.000,-0.1006,-0.272
kp20 run1.txt,2,-20.0,-1,355.000,-0.0966,0.344
kp20 run1.txt,2,-20.0,-1,356.000,-0.0985,0.308
kp20 run1.txt,2,-20.0,-1,357.000,-0.0977,0.322
kp20 run1.txt,2,-20.0,-1,358.000,-0.0999,0.279
kp20 run1.txt,2,-20.0,-1,359.000,-0.0996,0.286
kp20 run1.txt,2,-20.0,-1,360.000,-0.0846,0.585
kp20 run1.txt,2,-20.0,-1,361.000,-0.1043,-0.345
kp20 run1.txt,2,-20.0,-1,362.000,-0.0992,0.293
kp20 run1.txt,2,-20.0,-1,363.000,-0.1006,-0.272
kp20 run1.txt,2,-20.0,-1,364.000,-0.1014,-0.287
kp20 run1.txt,2,-20.0,-1,365.000,-0.1014,-0.287
kp20 run1.txt,2,-20.0,-1,366.000,-0.0999,0.279
kp20 run1.txt,2,-20.0,-1,367.000,-0.1017,-0.294
kp20 run1.txt,2,-20.0,-1,368.000,-0.1079,-0.418
kp20 run1.txt,2,-20.0,-1,369.000,-0.0985,0.308
kp20 run1.txt,2,-20.0,-1,370.000,-0.0999,0.279
kp20 run1.txt,2,-20.0,-1,371.000,-0.0992,0.293
kp20 run1.txt,2,-20.0,-1,372.000,-0.0977,0.322
kp20 run1.txt,2,-20.0,-1,373.000,-0.1014,-0.287
kp20 run1.txt,2,-20.0,-1,374.000,-0.0985,0.308
kp20 run1.txt,2,-20.0,-1,375.000,-0.1006,-0.272
kp20 run1.txt,2,-20.0,-1,376.000,-0.0992,0.293
kp20 run1.txt,2,-20.0,-1,377.000,-0.1014,-0.287
kp20 run1.txt,2,-20.0,-1,378.000,-0.0999,0.279
kp20 run1.txt,2,-20.0,-1,379.000,-0.1006,-0.272
kp20 run1.txt,2,-20.0,-1,380.000,-0.0999,0.279
kp20 run1.txt,2,-20.0,-1,381.000,-0.1065,-0.389
kp20 run1.txt,2,-20.0,-1,382.000,-0.0996,0.286
kp20 run1.txt,2,-20.0,-1,383.000,-0.1006,-0.272
kp20 run1.txt,2,-20.0,-1,384.000,-0.0999,0.279
kp20 run1.txt,2,-20.0,-1,385.000,-0.0992,0.293
kp20 run1.txt,2,-20.0,-1,386.000,-0.097,0.337
kp20 run1.txt,2,-20.0,-1,387.000,-0.0999,0.279
kp20 run1.txt,2,-20.0,-1,388.000,-0.0999,0.279
kp20 run1.txt,2,-20.0,-1,389.000,-0.0999,0.279
kp20 run1.txt,2,-20.0,-1,390.000,-0.0992,0.293
kp20 run1.txt,2,-20.0,-1,391.000,-0.1006,-0.272
kp20 run1.txt,2,-20.0,-1,392.000,-0.1006,-0.272
kp20 run1.txt,2,-20.0,-1,393.000,-0.0974,0.33
kp20 run1.txt,2,-20.0,-1,394.000,-0.0977,0.322
kp20 run1.txt,2,-20.0,-1,395.000,-0.1043,-0.345
kp20 run1.txt,2,-20.0,-1,396.000,-0.1003,-0.265
kp20 run1.txt,2,-20.0,-1,397.000,-0.0996,0.286
kp20 run1.txt,2,-20.0,-1,398.000,-0.0996,0.286
kp20 run1.txt,2,-20.0,-1,399.000,-0.0992,0.293
kp20 run1.txt,2,-20.0,-1,400.000,-0.0996,0.286
kp20 run1.txt,2,-20.0,-1,401.000,-0.1006,-0.272
kp20 run1.txt,2,-20.0,-1,402.000,-0.0992,0.293
kp20 run1.txt,2,-20.0,-1,403.000,-0.0985,0.308
kp20 run1.txt,2,-20.0,-1,404.000,-0.0992,0.293
kp20 run1.txt,2,-20.0,-1,405.000,-0.1003,-0.265
kp20 run1.txt,2,-20.0,-1,406.000,-0.0999,0.279
kp20 run1.txt,2,-20.0,-1,407.000,-0.0985,0.308
kp20 run1.txt,2,-20.0,-1,408.000,-0.1058,-0.374
kp20 run1.txt,2,-20.0,-1,409.000,-0.1006,-0.272
kp20 run1.txt,2,-20.0,-1,410.000,-0.1003,-0.265
kp20 run1.txt,2,-20.0,-1,411.000,-0.0992,0.293
kp20 run1.txt,2,-20.0,-1,412.000,-0.105,-0.359
kp20 run1.txt,2,-20.0,-1,413.000,-0.0926,0.424
kp20 run1.txt,2,-20.0,-1,414.000,-0.0996,0.286
kp20 run1.txt,2,-20.0,-1,415.000,-0.0992,0.293
kp20 run1.txt,2,-20.0,-1,416.000,-0.0996,0.286
kp20 run1.txt,2,-20.0,-1,417.000,-0.0992,0.293
kp20 run1.txt,2,-20.0,-1,418.000,-0.0992,0.293
kp20 run1.txt,2,-20.0,-1,419.000,-0.0974,0.33
kp20 run1.txt,2,-20.0,-1,420.000,-0.0992,0.293
kp20 run1.txt,2,-20.0,-1,421.000,-0.1014,-0.287
kp20 run1.txt,2,-20.0,-1,422.000,-0.0985,0.308
kp20 run1.txt,2,-20.0,-1,423.000,-0.0996,0.286
kp20 run1.txt,2,-20.0,-1,424.000,-0.0999,0.279
kp20 run1.txt,2,-20.0,-1,425.000,-0.0985,0.308
kp20 run1.txt,2,-20.0,-1,426.000,-0.0985,0.308
kp20 run1.txt,2,-20.0,-1,427.000,-0.0992,0.293
kp20 run1.txt,2,-20.0,-1,428.000,-0.0992,0.293
kp20 run1.txt,2,-20.0,-1,429.000,-0.0996,0.286
kp20 run1.txt,2,-20.0,-1,430.000,-0.0999,0.279
kp20 run1.txt,2,-20.0,-1,431.000,-0.0992,0.293
kp20 run1.txt,2,-20.0,-1,432.000,-0.0985,0.308
kp20 run1.txt,2,-20.0,-1,433.000,-0.1028,-0.316
kp20 run1.txt,2,-20.0,-1,434.000,-0.1025,-0.308
kp20 run1.txt,2,-20.0,-1,435.000,-0.0985,0.308
kp20 run1.txt,2,-20.0,-1,436.000,-0.1065,-0.389
kp20 run1.txt,2,-20.0,-1,437.000,-0.0996,0.286
kp20 run1.txt,2,-20.0,-1,438.000,-0.1021,-0.301
kp20 run1.txt,2,-20.0,-1,439.000,-0.0977,0.322
kp20 run1.txt,2,-20.0,-1,440.000,-0.0992,0.293
kp20 run1.txt,2,-20.0,-1,441.000,-0.0985,0.308
kp20 run1.txt,2,-20.0,-1,442.000,-0.1021,-0.301
kp20 run1.txt,2,-20.0,-1,443.000,-0.1014,-0.287
kp20 run1.txt,2,-20.0,-1,444.000,-0.1006,-0.272
kp20 run1.txt,2,-20.0,-1,445.000,-0.1006,-0.272
kp20 run1.txt,2,-20.0,-1,446.000,-0.1014,-0.287
kp20 run1.txt,2,-20.0,-1,447.000,-0.1021,-0.301
kp20 run1.txt,2,-20.0,-1,448.000,-0.1006,-0.272
kp20 run1.txt,2,-20.0,-1,449.000,-0.0992,0.293
kp20 run1.txt,2,-20.0,-1,450.000,-0.0999,0.279
kp20 run1.txt,2,-20.0,-1,451.000,-0.0996,0.286
kp20 run1.txt,2,-20.0,-1,452.000,-0.1014,-0.287
kp20 run1.txt,2,-20.0,-1,453.000,-0.1006,-0.272
kp20 run1.txt,2,-20.0,-1,454.000,-0.1014,-0.287
kp20 run1.txt,2,-20.0,-1,455.000,-0.0992,0.293
kp20 run1.txt,2,-20.0,-1,456.000,-0.0999,0.279
kp20 run1.txt,2,-20.0,-1,457.000,-0.0948,0.381
kp20 run1.txt,2,-20.0,-1,458.000,-0.0992,0.293
kp20 run1.txt,2,-20.0,-1,459.000,-0.0999,0.279
kp20 run1.txt,2,-20.0,-1,460.000,-0.1014,-0.287
kp20 run1.txt,2,-20.0,-1,461.000,-0.1014,-0.287
kp20 run1.txt,2,-20.0,-1,462.000,-0.0977,0.322
kp20 run1.txt,2,-20.0,-1,463.000,-0.0996,0.286
kp20 run1.txt,2,-20.0,-1,464.000,-0.1006,-0.272
kp20 run1.txt,2,-20.0,-1,465.000,-0.1021,-0.301
kp20 run1.txt,2,-20.0,-1,466.000,-0.0977,0.322
kp20 run1.txt,2,-20.0,-1,467.000,-0.0996,0.286
kp20 run1.txt,2,-20.0,-1,468.000,-0.1112,-0.483
kp20 run1.txt,2,-20.0,-1,469.000,-0.0999,0.279
kp20 run1.txt,2,-20.0,-1,470.000,-0.0985,0.308
kp20 run1.txt,2,-20.0,-1,471.000,-0.1014,-0.287
kp20 run1.txt,2,-20.0,-1,472.000,-0.0992,0.293
kp20 run1.txt,2,-20.0,-1,473.000,-0.0992,0.293
kp20 run1.txt,2,-20.0,-1,474.000,-0.0985,0.308
kp20 run1.txt,2,-20.0,-1,475.000,-0.0996,0.286
kp20 run1.txt,2,-20.0,-1,476.000,-0.0985,0.308
kp20 run1.txt,2,-20.0,-1,477.000,-0.1047,-0.352
kp20 run1.txt,2,-20.0,-1,478.000,-0.0999,0.279
kp20 run1.txt,2,-20.0,-1,479.000,-0.1014,-0.287
kp20 run1.txt,2,-20.0,-1,480.000,-0.1021,-0.301
kp20 run1.txt,2,-20.0,-1,481.000,-0.105,-0.359
kp20 run1.txt,2,-20.0,-1,482.000,-0.0977,0.322
kp20 run1.txt,2,-20.0,-1,483.000,-0.097,0.337
kp20 run1.txt,2,-20.0,-1,484.000,-0.0985,0.308
kp20 run1.txt,2,-20.0,-1,485.000,-0.0992,0.293
kp20 run1.txt,2,-20.0,-1,486.000,-0.0817,0.643
kp20 run1.txt,2,-20.0,-1,487.000,-0.0996,0.286
kp20 run1.txt,2,-20.0,-1,488.000,-0.1036,-0.33
kp20 run1.txt,2,-20.0,-1,489.000,-0.0963,0.352
kp20 run1.txt,2,-20.0,-1,490.000,-0.1006,-0.272
kp20 run1.txt,2,-20.0,-1,491.000,-0.1021,-0.301
kp20 run1.txt,2,-20.0,-1,492.000,-0.0999,0.279
kp20 run1.txt,2,-20.0,-1,493.000,-0.0999,0.279
kp20 run1.txt,2,-20.0,-1,494.000,-0.0999,0.279
kp20 run1.txt,2,-20.0,-1,495.000,-0.1036,-0.33
kp20 run1.txt,2,-20.0,-1,496.000,-0.0999,0.279
kp20 run1.txt,2,-20.0,-1,497.000,-0.1014,-0.287
kp20 run1.txt,2,-20.0,-1,498.000,-0.1025,-0.308
kp20 run1.txt,2,-20.0,-1,499.000,-0.116,-0.578
kp20 run1.txt,2,-20.0,-1,500.000,-0.0985,0.308
kp20 run1.txt,2,-20.0,-1,501.000,-0.093,0.417
kp20 run1.txt,2,-20.0,-1,502.000,-0.1014,-0.287
kp20 run1.txt,2,-20.0,-1,503.000,-0.1079,-0.418
kp20 run1.txt,2,-20.0,-1,504.000,-0.1006,-0.272
kp20 run1.txt,2,-20.0,-1,505.000,-0.1006,-0.272
kp20 run1.txt,2,-20.0,-1,506.000,-0.1014,-0.287
kp20 run1.txt,2,-20.0,-1,507.000,-0.0999,0.279
kp20 run1.txt,2,-20.0,-1,508.000,-0.0992,0.293
kp20 run1.txt,2,-20.0,-1,509.000,-0.1014,-0.287
kp20 run1.txt,2,-20.0,-1,510.000,-0.0992,0.293
kp20 run1.txt,2,-20.0,-1,511.000,-0.1006,-0.272
kp20 run1.txt,2,-20.0,-1,512.000,-0.0999,0.279
kp20 run1.txt,2,-20.0,-1,513.000,-0.1014,-0.287
kp20 run1.txt,2,-20.0,-1,514.000,-0.1021,-0.301
kp20 run1.txt,2,-20.0,-1,515.000,-0.0992,0.293
kp20 run1.txt,2,-20.0,-1,516.000,-0.1003,-0.265
kp20 run1.txt,2,-20.0,-1,517.000,-0.1043,-0.345
kp20 run1.txt,2,-20.0,-1,518.000,-0.1014,-0.287
kp20 run1.txt,2,-20.0,-1,519.000,-0.116,-0.578
kp20 run1.txt,2,-20.0,-1,520.000,-0.1014,-0.287
kp20 run1.txt,2,-20.0,-1,521.000,-0.1028,-0.316
kp20 run1.txt,2,-20.0,-1,522.000,-0.0992,0.293
kp20 run1.txt,2,-20.0,-1,523.000,-0.0996,0.286
kp20 run1.txt,2,-20.0,-1,524.000,-0.0999,0.279
kp20 run1.txt,2,-20.0,-1,525.000,-0.1123,-0.505
kp20 run1.txt,2,-20.0,-1,526.000,-0.0963,0.352
kp20 run1.txt,2,-20.0,-1,527.000,-0.1021,-0.301
kp20 run1.txt,2,-20.0,-1,528.000,-0.1006,-0.272
kp20 run1.txt,2,-20.0,-1,529.000,-0.1028,-0.316
kp20 run1.txt,2,-20.0,-1,530.000,-0.1021,-0.301
kp20 run1.txt,2,-20.0,-1,531.000,-0.0999,0.279
kp20 run1.txt,2,-20.0,-1,532.000,-0.101,-0.279
kp20 run1.txt,2,-20.0,-1,533.000,-0.0996,0.286
kp20 run1.txt,2,-20.0,-1,534.000,-0.0977,0.322
kp20 run1.txt,2,-20.0,-1,535.000,-0.105,-0.359
kp20 run1.txt,2,-20.0,-1,536.000,-0.0996,0.286
kp20 run1.txt,2,-20.0,-1,537.000,-0.1036,-0.33
kp20 run1.txt,2,-20.0,-1,538.000,-0.0999,0.279
kp20 run1.txt,2,-20.0,-1,539.000,-0.1028,-0.316
kp20 run1.txt,2,-20.0,-1,540.000,-0.1014,-0.287
kp20 run1.txt,2,-20.0,-1,541.000,-0.1109,-0.476
kp20 run1.txt,2,-20.0,-1,542.000,-0.0985,0.308
kp20 run1.txt,2,-20.0,-1,543.000,-0.0955,0.366
kp20 run1.txt,2,-20.0,-1,544.000,-0.1003,-0.265
kp20 run1.txt,2,-20.0,-1,545.000,-0.0996,0.286
kp20 run1.txt,2,-20.0,-1,546.000,-0.1021,-0.301
kp20 run1.txt,2,-20.0,-1,547.000,-0.0985,0.308
kp20 run1.txt,2,-20.0,-1,548.000,-0.0992,0.293
kp20 run1.txt,2,-20.0,-1,549.000,-0.0992,0.293
kp20 run1.txt,2,-20.0,-1,550.000,-0.1014,-0.287
kp20 run1.txt,2,-20.0,-1,551.000,-0.0985,0.308
kp20 run1.txt,2,-20.0,-1,552.000,-0.0999,0.279
kp20 run1.txt,2,-20.0,-1,553.000,-0.1003,-0.265
kp20 run1.txt,2,-20.0,-1,554.000,-0.0977,0.322
kp20 run1.txt,2,-20.0,-1,555.000,-0.1006,-0.272
kp20 run1.txt,2,-20.0,-1,556.000,-0.1006,-0.272
kp20 run1.txt,2,-20.0,-1,557.000,-0.1043,-0.345
kp20 run1.txt,2,-20.0,-1,558.000,-0.0992,0.293
kp20 run1.txt,2,-20.0,-1,559.000,-0.1036,-0.33
kp20 run1.txt,2,-20.0,-1,560.000,-0.1014,-0.287
kp20 run1.txt,2,-20.0,-1,561.000,-0.0959,0.359
kp20 run1.txt,2,-20.0,-1,562.000,-0.097,0.337
kp20 run1.txt,2,-20.0,-1,563.000,-0.0992,0.293
kp20 run1.txt,2,-20.0,-1,564.000,-0.1006,-0.272
kp20 run1.txt,2,-20.0,-1,565.000,-0.1006,-0.272
kp20 run1.txt,2,-20.0,-1,566.000,-0.0996,0.286
kp20 run1.txt,2,-20.0,-1,567.000,-0.1028,-0.316
kp20 run1.txt,2,-20.0,-1,568.000,-0.0999,0.279
kp20 run1.txt,2,-20.0,-1,569.000,-0.0999,0.279
kp20 run1.txt,2,-20.0,-1,570.000,-0.1014,-0.287
kp20 run1.txt,2,-20.0,-1,571.000,-0.0985,0.308
kp20 run1.txt,2,-20.0,-1,572.000,-0.0985,0.308
kp20 run1.txt,2,-20.0,-1,573.000,-0.1032,-0.323
kp20 run1.txt,2,-20.0,-1,574.000,-0.0999,0.279
kp20 run1.txt,2,-20.0,-1,575.000,-0.0992,0.293
kp20 run1.txt,2,-20.0,-1,576.000,-0.0999,0.279
kp20 run1.txt,2,-20.0,-1,577.000,-0.1006,-0.272
kp20 run1.txt,2,-20.0,-1,578.000,-0.0992,0.293
kp20 run1.txt,2,-20.0,-1,579.000,-0.1003,-0.265
kp20 run1.txt,2,-20.0,-1,580.000,-0.0788,0.701
kp20 run1.txt,2,-20.0,-1,581.000,-0.0999,0.279
kp20 run1.txt,2,-20.0,-1,582.000,-0.1036,-0.33
kp20 run1.txt,2,-20.0,-1,583.000,-0.1006,-0.272
kp20 run1.txt,2,-20.0,-1,584.000,-0.0996,0.286
kp20 run1.txt,2,-20.0,-1,585.000,-0.0985,0.308
kp20 run1.txt,2,-20.0,-1,586.000,-0.1025,-0.308
kp20 run1.txt,2,-20.0,-1,587.000,-0.0985,0.308
kp20 run1.txt,2,-20.0,-1,588.000,-0.1014,-0.287
kp20 run1.txt,2,-20.0,-1,589.000,-0.0846,0.585
kp20 run1.txt,2,-20.0,-1,590.000,-0.0977,0.322
kp20 run1.txt,2,-20.0,-1,591.000,-0.1043,-0.345
kp20 run1.txt,2,-20.0,-1,592.000,-0.1006,-0.272
kp20 run1.txt,2,-20.0,-1,593.000,-0.0992,0.293
kp20 run1.txt,2,-20.0,-1,594.000,-0.0985,0.308
kp20 run1.txt,2,-20.0,-1,595.000,-0.1014,-0.287
kp20 run1.txt,2,-20.0,-1,596.000,-0.1006,-0.272
kp20 run1.txt,2,-20.0,-1,597.000,-0.1014,-0.287
kp20 run1.txt,2,-20.0,-1,598.000,-0.0952,0.373
kp20 run1.txt,2,-20.0,-1,599.000,-0.1014,-0.287
kp20 run1.txt,3,-20.0,1,0.000,-0.0977,-4.214
kp20 run1.txt,3,-20.0,1,1.000,-0.0999,-4.257
kp20 run1.txt,3,-20.0,1,2.000,-0.1094,-4.447
kp20 run1.txt,3,-20.0,1,3.000,-0.1025,-4.308
kp20 run1.txt,3,-20.0,1,4.000,-0.0992,-4.243
kp20 run1.txt,3,-20.0,1,5.000,-0.0996,-4.25
kp20 run1.txt,3,-20.0,1,6.000,-0.105,-4.359
kp20 run1.txt,3,-20.0,1,7.000,-0.0985,-4.228
kp20 run1.txt,3,-20.0,1,8.000,-0.0948,-4.155
kp20 run1.txt,3,-20.0,1,9.000,-0.0937,-4.133
kp20 run1.txt,3,-20.0,1,10.000,-0.0883,-4.024
kp20 run1.txt,3,-20.0,1,11.000,-0.0908,-4.075
kp20 run1.txt,3,-20.0,1,12.000,-0.0846,-3.951
kp20 run1.txt,3,-20.0,1,13.000,-0.0846,-3.951
kp20 run1.txt,3,-20.0,1,14.000,-0.0762,-3.783
kp20 run1.txt,3,-20.0,1,15.000,-0.0791,-3.842
kp20 run1.txt,3,-20.0,1,16.000,-0.0748,-3.754
kp20 run1.txt,3,-20.0,1,17.000,-0.0697,-3.652
kp20 run1.txt,3,-20.0,1,18.000,-0.0616,-3.492
kp20 run1.txt,3,-20.0,1,19.000,-0.0722,-3.703
kp20 run1.txt,3,-20.0,1,20.000,-0.0576,-3.412
kp20 run1.txt,3,-20.0,1,21.000,-0.0394,-3.047
kp20 run1.txt,3,-20.0,1,22.000,-0.0518,-3.295
kp20 run1.txt,3,-20.0,1,23.000,-0.0387,-3.033
kp20 run1.txt,3,-20.0,1,24.000,-0.0409,-3.076
kp20 run1.txt,3,-20.0,1,25.000,-0.0365,-2.989
kp20 run1.txt,3,-20.0,1,26.000,-0.0321,-2.901
kp20 run1.txt,3,-20.0,1,27.000,-0.0307,-2.872
kp20 run1.txt,3,-20.0,1,28.000,-0.0266,-2.792
kp20 run1.txt,3,-20.0,1,29.000,-0.0237,-2.734
kp20 run1.txt,3,-20.0,1,30.000,-0.0146,-2.551
kp20 run1.txt,3,-20.0,1,31.000,-0.0146,-2.551
kp20 run1.txt,3,-20.0,1,32.000,-0.0092,-2.442
kp20 run1.txt,3,-20.0,1,33.000,-0.0059,-2.376
kp20 run1.txt,3,-20.0,1,34.000,-0.0037,-2.333
kp20 run1.txt,3,-20.0,1,35.000,-0.0022,-2.304
kp20 run1.txt,3,-20.0,1,36.000,0.008,-2.099
kp20 run1.txt,3,-20.0,1,37.000,0.0124,-2.012
kp20 run1.txt,3,-20.0,1,38.000,0.0134,-1.99
kp20 run1.txt,3,-20.0,1,39.000,0.0171,-1.917
kp20 run1.txt,3,-20.0,1,40.000,0.0207,-1.844
kp20 run1.txt,3,-20.0,1,41.000,0.0328,-1.604
kp20 run1.txt,3,-20.0,1,42.000,0.0247,-1.764
kp20 run1.txt,3,-20.0,1,43.000,0.0328,-1.604
kp20 run1.txt,3,-20.0,1,44.000,0.0386,-1.487
kp20 run1.txt,3,-20.0,1,45.000,0.0386,-1.487
kp20 run1.txt,3,-20.0,1,46.000,0.0422,-1.414
kp20 run1.txt,3,-20.0,1,47.000,0.0466,-1.327
kp20 run1.txt,3,-20.0,1,48.000,0.051,-1.239
kp20 run1.txt,3,-20.0,1,49.000,0.0546,-1.166
kp20 run1.txt,3,-20.0,1,50.000,0.0554,-1.152
kp20 run1.txt,3,-20.0,1,51.000,0.0616,-1.028
kp20 run1.txt,3,-20.0,1,52.000,0.0597,-1.064
kp20 run1.txt,3,-20.0,1,53.000,0.0699,-0.86
kp20 run1.txt,3,-20.0,1,54.000,0.0707,-0.845
kp20 run1.txt,3,-20.0,1,55.000,0.0725,-0.809
kp20 run1.txt,3,-20.0,1,56.000,0.0732,-0.794
kp20 run1.txt,3,-20.0,1,57.000,0.0809,-0.641
kp20 run1.txt,3,-20.0,1,58.000,0.0885,-0.488
kp20 run1.txt,3,-20.0,1,59.000,0.0809,-0.641
kp20 run1.txt,3,-20.0,1,60.000,0.0867,-0.525
kp20 run1.txt,3,-20.0,1,61.000,0.0962,-0.335
kp20 run1.txt,3,-20.0,1,62.000,0.0882,-0.496
kp20 run1.txt,3,-20.0,1,63.000,0.0962,-0.335
kp20 run1.txt,3,-20.0,1,64.000,0.0977,-0.306
kp20 run1.txt,3,-20.0,1,65.000,0.0991,-0.277
kp20 run1.txt,3,-20.0,1,66.000,0.1031,0.339
kp20 run1.txt,3,-20.0,1,67.000,0.1046,0.369
kp20 run1.txt,3,-20.0,1,68.000,0.1086,0.449
kp20 run1.txt,3,-20.0,1,69.000,0.1075,0.427
kp20 run1.txt,3,-20.0,1,70.000,0.1079,0.434
kp20 run1.txt,3,-20.0,1,71.000,0.1108,0.492
kp20 run1.txt,3,-20.0,1,72.000,0.1137,0.551
kp20 run1.txt,3,-20.0,1,73.000,0.1108,0.492
kp20 run1.txt,3,-20.0,1,74.000,0.1115,0.507
kp20 run1.txt,3,-20.0,1,75.000,0.1173,0.624
kp20 run1.txt,3,-20.0,1,76.000,0.1173,0.624
kp20 run1.txt,3,-20.0,1,77.000,0.1144,0.565
kp20 run1.txt,3,-20.0,1,78.000,0.1181,0.638
kp20 run1.txt,3,-20.0,1,79.000,0.1195,0.667
kp20 run1.txt,3,-20.0,1,80.000,0.1224,0.726
kp20 run1.txt,3,-20.0,1,81.000,0.1243,0.762
kp20 run1.txt,3,-20.0,1,82.000,0.1173,0.624
kp20 run1.txt,3,-20.0,1,83.000,0.121,0.697
kp20 run1.txt,3,-20.0,1,84.000,0.1203,0.682
kp20 run1.txt,3,-20.0,1,85.000,0.121,0.697
kp20 run1.txt,3,-20.0,1,86.000,0.1261,0.799
kp20 run1.txt,3,-20.0,1,87.000,0.1224,0.726
kp20 run1.txt,3,-20.0,1,88.000,0.1203,0.682
kp20 run1.txt,3,-20.0,1,89.000,0.1224,0.726
kp20 run1.txt,3,-20.0,1,90.000,0.1232,0.74
kp20 run1.txt,3,-20.0,1,91.000,0.1203,0.682
kp20 run1.txt,3,-20.0,1,92.000,0.1203,0.682
kp20 run1.txt,3,-20.0,1,93.000,0.121,0.697
kp20 run1.txt,3,-20.0,1,94.000,0.121,0.697
kp20 run1.txt,3,-20.0,1,95.000,0.1151,0.58
kp20 run1.txt,3,-20.0,1,96.000,0.121,0.697
kp20 run1.txt,3,-20.0,1,97.000,0.1243,0.762
kp20 run1.txt,3,-20.0,1,98.000,0.1487,1.251
kp20 run1.txt,3,-20.0,1,99.000,0.1239,0.755
kp20 run1.txt,3,-20.0,1,100.000,0.1239,0.755
kp20 run1.txt,3,-20.0,1,101.000,0.1181,0.638
kp20 run1.txt,3,-20.0,1,102.000,0.1224,0.726
kp20 run1.txt,3,-20.0,1,103.000,0.1254,0.784
kp20 run1.txt,3,-20.0,1,104.000,0.1232,0.74
kp20 run1.txt,3,-20.0,1,105.000,0.1221,0.718
kp20 run1.txt,3,-20.0,1,106.000,0.1166,0.609
kp20 run1.txt,3,-20.0,1,107.000,0.1224,0.726
kp20 run1.txt,3,-20.0,1,108.000,0.1195,0.667
kp20 run1.txt,3,-20.0,1,109.000,0.1224,0.726
kp20 run1.txt,3,-20.0,1,110.000,0.1203,0.682
kp20 run1.txt,3,-20.0,1,111.000,0.1173,0.624
kp20 run1.txt,3,-20.0,1,112.000,0.1181,0.638
kp20 run1.txt,3,-20.0,1,113.000,0.1151,0.58
kp20 run1.txt,3,-20.0,1,114.000,0.1108,0.492
kp20 run1.txt,3,-20.0,1,115.000,0.1137,0.551
kp20 run1.txt,3,-20.0,1,116.000,0.1162,0.602
kp20 run1.txt,3,-20.0,1,117.000,0.1119,0.514
kp20 run1.txt,3,-20.0,1,118.000,0.1104,0.485
kp20 run1.txt,3,-20.0,1,119.000,0.1133,0.544
kp20 run1.txt,3,-20.0,1,120.000,0.1086,0.449
kp20 run1.txt,3,-20.0,1,121.000,0.113,0.536
kp20 run1.txt,3,-20.0,1,122.000,0.1115,0.507
kp20 run1.txt,3,-20.0,1,123.000,0.1075,0.427
kp20 run1.txt,3,-20.0,1,124.000,0.1173,0.624
kp20 run1.txt,3,-20.0,1,125.000,0.1093,0.463
kp20 run1.txt,3,-20.0,1,126.000,0.1075,0.427
kp20 run1.txt,3,-20.0,1,127.000,0.1104,0.485
kp20 run1.txt,3,-20.0,1,128.000,0.1057,0.39
kp20 run1.txt,3,-20.0,1,129.000,0.1035,0.347
kp20 run1.txt,3,-20.0,1,130.000,0.102,0.317
kp20 run1.txt,3,-20.0,1,131.000,0.1035,0.347
kp20 run1.txt,3,-20.0,1,132.000,0.1042,0.361
kp20 run1.txt,3,-20.0,1,133.000,0.1006,0.288
kp20 run1.txt,3,-20.0,1,134.000,0.0984,-0.291
kp20 run1.txt,3,-20.0,1,135.000,0.1009,0.296
kp20 run1.txt,3,-20.0,1,136.000,0.1006,0.288
kp20 run1.txt,3,-20.0,1,137.000,0.102,0.317
kp20 run1.txt,3,-20.0,1,138.000,0.0998,-0.262
kp20 run1.txt,3,-20.0,1,139.000,0.0998,-0.262
kp20 run1.txt,3,-20.0,1,140.000,0.0998,-0.262
kp20 run1.txt,3,-20.0,1,141.000,0.0973,-0.313
kp20 run1.txt,3,-20.0,1,142.000,0.0977,-0.306
kp20 run1.txt,3,-20.0,1,143.000,0.0987,-0.284
kp20 run1.txt,3,-20.0,1,144.000,0.094,-0.379
kp20 run1.txt,3,-20.0,1,145.000,0.102,0.317
kp20 run1.txt,3,-20.0,1,146.000,0.0973,-0.313
kp20 run1.txt,3,-20.0,1,147.000,0.1035,0.347
kp20 run1.txt,3,-20.0,1,148.000,0.0987,-0.284
kp20 run1.txt,3,-20.0,1,149.000,0.0962,-0.335
kp20 run1.txt,3,-20.0,1,150.000,0.0933,-0.393
kp20 run1.txt,3,-20.0,1,151.000,0.1013,0.303
kp20 run1.txt,3,-20.0,1,152.000,0.0984,-0.291
kp20 run1.txt,3,-20.0,1,153.000,0.102,0.317
kp20 run1.txt,3,-20.0,1,154.000,0.0969,-0.321
kp20 run1.txt,3,-20.0,1,155.000,0.1086,0.449
kp20 run1.txt,3,-20.0,1,156.000,0.0969,-0.321
kp20 run1.txt,3,-20.0,1,157.000,0.0958,-0.342
kp20 run1.txt,3,-20.0,1,158.000,0.0962,-0.335
kp20 run1.txt,3,-20.0,1,159.000,0.0969,-0.321
kp20 run1.txt,3,-20.0,1,160.000,0.0962,-0.335
kp20 run1.txt,3,-20.0,1,161.000,0.0955,-0.35
kp20 run1.txt,3,-20.0,1,162.000,0.0947,-0.364
kp20 run1.txt,3,-20.0,1,163.000,0.094,-0.379
kp20 run1.txt,3,-20.0,1,164.000,0.0955,-0.35
kp20 run1.txt,3,-20.0,1,165.000,0.0955,-0.35
kp20 run1.txt,3,-20.0,1,166.000,0.094,-0.379
kp20 run1.txt,3,-20.0,1,167.000,0.0977,-0.306
kp20 run1.txt,3,-20.0,1,168.000,0.0958,-0.342
kp20 run1.txt,3,-20.0,1,169.000,0.0958,-0.342
kp20 run1.txt,3,-20.0,1,170.000,0.0962,-0.335
kp20 run1.txt,3,-20.0,1,171.000,0.0969,-0.321
kp20 run1.txt,3,-20.0,1,172.000,0.0966,-0.328
kp20 run1.txt,3,-20.0,1,173.000,0.1006,0.288
kp20 run1.txt,3,-20.0,1,174.000,0.0936,-0.386
kp20 run1.txt,3,-20.0,1,175.000,0.0962,-0.335
kp20 run1.txt,3,-20.0,1,176.000,0.0969,-0.321
kp20 run1.txt,3,-20.0,1,177.000,0.0904,-0.452
kp20 run1.txt,3,-20.0,1,178.000,0.0955,-0.35
kp20 run1.txt,3,-20.0,1,179.000,0.0969,-0.321
kp20 run1.txt,3,-20.0,1,180.000,0.094,-0.379
kp20 run1.txt,3,-20.0,1,181.000,0.0962,-0.335
kp20 run1.txt,3,-20.0,1,182.000,0.0867,-0.525
kp20 run1.txt,3,-20.0,1,183.000,0.1013,0.303
kp20 run1.txt,3,-20.0,1,184.000,0.0962,-0.335
kp20 run1.txt,3,-20.0,1,185.000,0.0947,-0.364
kp20 run1.txt,3,-20.0,1,186.000,0.0933,-0.393
kp20 run1.txt,3,-20.0,1,187.000,0.0977,-0.306
kp20 run1.txt,3,-20.0,1,188.000,0.094,-0.379
kp20 run1.txt,3,-20.0,1,189.000,0.0958,-0.342
kp20 run1.txt,3,-20.0,1,190.000,0.0977,-0.306
kp20 run1.txt,3,-20.0,1,191.000,0.1017,0.31
kp20 run1.txt,3,-20.0,1,192.000,0.0984,-0.291
kp20 run1.txt,3,-20.0,1,193.000,0.0987,-0.284
kp20 run1.txt,3,-20.0,1,194.000,0.0977,-0.306
kp20 run1.txt,3,-20.0,1,195.000,0.0991,-0.277
kp20 run1.txt,3,-20.0,1,196.000,0.0977,-0.306
kp20 run1.txt,3,-20.0,1,197.000,0.0882,-0.496
kp20 run1.txt,3,-20.0,1,198.000,0.1049,0.376
kp20 run1.txt,3,-20.0,1,199.000,0.0987,-0.284
kp20 run1.txt,3,-20.0,1,200.000,0.102,0.317
kp20 run1.txt,3,-20.0,1,201.000,0.0995,-0.27
kp20 run1.txt,3,-20.0,1,202.000,0.1144,0.565
kp20 run1.txt,3,-20.0,1,203.000,0.1017,0.31
kp20 run1.txt,3,-20.0,1,204.000,0.1028,0.332
kp20 run1.txt,3,-20.0,1,205.000,0.0969,-0.321
kp20 run1.txt,3,-20.0,1,206.000,0.1017,0.31
kp20 run1.txt,3,-20.0,1,207.000,0.102,0.317
kp20 run1.txt,3,-20.0,1,208.000,0.1035,0.347
kp20 run1.txt,3,-20.0,1,209.000,0.0991,-0.277
kp20 run1.txt,3,-20.0,1,210.000,0.0955,-0.35
kp20 run1.txt,3,-20.0,1,211.000,0.1042,0.361
kp20 run1.txt,3,-20.0,1,212.000,0.1006,0.288
kp20 run1.txt,3,-20.0,1,213.000,0.0962,-0.335
kp20 run1.txt,3,-20.0,1,214.000,0.1009,0.296
kp20 run1.txt,3,-20.0,1,215.000,0.0969,-0.321
kp20 run1.txt,3,-20.0,1,216.000,0.1115,0.507
kp20 run1.txt,3,-20.0,1,217.000,0.0958,-0.342
kp20 run1.txt,3,-20.0,1,218.000,0.1006,0.288
kp20 run1.txt,3,-20.0,1,219.000,0.1024,0.325
kp20 run1.txt,3,-20.0,1,220.000,0.102,0.317
kp20 run1.txt,3,-20.0,1,221.000,0.1009,0.296
kp20 run1.txt,3,-20.0,1,222.000,0.0998,-0.262
kp20 run1.txt,3,-20.0,1,223.000,0.102,0.317
kp20 run1.txt,3,-20.0,1,224.000,0.0969,-0.321
kp20 run1.txt,3,-20.0,1,225.000,0.1028,0.332
kp20 run1.txt,3,-20.0,1,226.000,0.1144,0.565
kp20 run1.txt,3,-20.0,1,227.000,0.1151,0.58
kp20 run1.txt,3,-20.0,1,228.000,0.1028,0.332
kp20 run1.txt,3,-20.0,1,229.000,0.0991,-0.277
kp20 run1.txt,3,-20.0,1,230.000,0.1009,0.296
kp20 run1.txt,3,-20.0,1,231.000,0.1086,0.449
kp20 run1.txt,3,-20.0,1,232.000,0.0995,-0.27
kp20 run1.txt,3,-20.0,1,233.000,0.1013,0.303
kp20 run1.txt,3,-20.0,1,234.000,0.1013,0.303
kp20 run1.txt,3,-20.0,1,235.000,0.0998,-0.262
kp20 run1.txt,3,-20.0,1,236.000,0.1013,0.303
kp20 run1.txt,3,-20.0,1,237.000,0.0991,-0.277
kp20 run1.txt,3,-20.0,1,238.000,0.1028,0.332
kp20 run1.txt,3,-20.0,1,239.000,0.1028,0.332
kp20 run1.txt,3,-20.0,1,240.000,0.0991,-0.277
kp20 run1.txt,3,-20.0,1,241.000,0.0987,-0.284
kp20 run1.txt,3,-20.0,1,242.000,0.0998,-0.262
kp20 run1.txt,3,-20.0,1,243.000,0.0998,-0.262
kp20 run1.txt,3,-20.0,1,244.000,0.1028,0.332
kp20 run1.txt,3,-20.0,1,245.000,0.0998,-0.262
kp20 run1.txt,3,-20.0,1,246.000,0.1028,0.332
kp20 run1.txt,3,-20.0,1,247.000,0.1075,0.427
kp20 run1.txt,3,-20.0,1,248.000,0.1017,0.31
kp20 run1.txt,3,-20.0,1,249.000,0.1057,0.39
kp20 run1.txt,3,-20.0,1,250.000,0.0889,-0.481
kp20 run1.txt,3,-20.0,1,251.000,0.1009,0.296
kp20 run1.txt,3,-20.0,1,252.000,0.0998,-0.262
kp20 run1.txt,3,-20.0,1,253.000,0.1013,0.303
kp20 run1.txt,3,-20.0,1,254.000,0.1053,0.383
kp20 run1.txt,3,-20.0,1,255.000,0.0933,-0.393
kp20 run1.txt,3,-20.0,1,256.000,0.0977,-0.306
kp20 run1.txt,3,-20.0,1,257.000,0.0998,-0.262
kp20 run1.txt,3,-20.0,1,258.000,0.1173,0.624
kp20 run1.txt,3,-20.0,1,259.000,0.0925,-0.408
kp20 run1.txt,3,-20.0,1,260.000,0.1013,0.303
kp20 run1.txt,3,-20.0,1,261.000,0.1006,0.288
kp20 run1.txt,3,-20.0,1,262.000,0.0962,-0.335
kp20 run1.txt,3,-20.0,1,263.000,0.1017,0.31
kp20 run1.txt,3,-20.0,1,264.000,0.1046,0.369
kp20 run1.txt,3,-20.0,1,265.000,0.1006,0.288
kp20 run1.txt,3,-20.0,1,266.000,0.1086,0.449
kp20 run1.txt,3,-20.0,1,267.000,0.102,0.317
kp20 run1.txt,3,-20.0,1,268.000,0.1042,0.361
kp20 run1.txt,3,-20.0,1,269.000,0.0907,-0.445
kp20 run1.txt,3,-20.0,1,270.000,0.1006,0.288
kp20 run1.txt,3,-20.0,1,271.000,0.1122,0.522
kp20 run1.txt,3,-20.0,1,272.000,0.0998,-0.262
kp20 run1.txt,3,-20.0,1,273.000,0.1006,0.288
kp20 run1.txt,3,-20.0,1,274.000,0.1024,0.325
kp20 run1.txt,3,-20.0,1,275.000,0.0958,-0.342
kp20 run1.txt,3,-20.0,1,276.000,0.1028,0.332
kp20 run1.txt,3,-20.0,1,277.000,0.0998,-0.262
kp20 run1.txt,3,-20.0,1,278.000,0.1017,0.31
kp20 run1.txt,3,-20.0,1,279.000,0.1006,0.288
kp20 run1.txt,3,-20.0,1,280.000,0.1028,0.332
kp20 run1.txt,3,-20.0,1,281.000,0.1042,0.361
kp20 run1.txt,3,-20.0,1,282.000,0.1009,0.296
kp20 run1.txt,3,-20.0,1,283.000,0.1049,0.376
kp20 run1.txt,3,-20.0,1,284.000,0.0969,-0.321
kp20 run1.txt,3,-20.0,1,285.000,0.1006,0.288
kp20 run1.txt,3,-20.0,1,286.000,0.1028,0.332
kp20 run1.txt,3,-20.0,1,287.000,0.1024,0.325
kp20 run1.txt,3,-20.0,1,288.000,0.102,0.317
kp20 run1.txt,3,-20.0,1,289.000,0.0977,-0.306
kp20 run1.txt,3,-20.0,1,290.000,0.1006,0.288
kp20 run1.txt,3,-20.0,1,291.000,0.0955,-0.35
kp20 run1.txt,3,-20.0,1,292.000,0.1028,0.332
kp20 run1.txt,3,-20.0,1,293.000,0.0991,-0.277
kp20 run1.txt,3,-20.0,1,294.000,0.0998,-0.262
kp20 run1.txt,3,-20.0,1,295.000,0.1017,0.31
kp20 run1.txt,3,-20.0,1,296.000,0.1013,0.303
kp20 run1.txt,3,-20.0,1,297.000,0.0998,-0.262
kp20 run1.txt,3,-20.0,1,298.000,0.0998,-0.262
kp20 run1.txt,3,-20.0,1,299.000,0.0998,-0.262
kp20 run1.txt,3,-20.0,1,300.000,0.0998,-0.262
kp20 run1.txt,3,-20.0,1,301.000,0.1035,0.347
kp20 run1.txt,3,-20.0,1,302.000,0.0998,-0.262
kp20 run1.txt,3,-20.0,1,303.000,0.102,0.317
kp20 run1.txt,3,-20.0,1,304.000,0.1013,0.303
kp20 run1.txt,3,-20.0,1,305.000,0.1028,0.332
kp20 run1.txt,3,-20.0,1,306.000,0.1017,0.31
kp20 run1.txt,3,-20.0,1,307.000,0.1035,0.347
kp20 run1.txt,3,-20.0,1,308.000,0.1017,0.31
kp20 run1.txt,3,-20.0,1,309.000,0.102,0.317
kp20 run1.txt,3,-20.0,1,310.000,0.1017,0.31
kp20 run1.txt,3,-20.0,1,311.000,0.1013,0.303
kp20 run1.txt,3,-20.0,1,312.000,0.0998,-0.262
kp20 run1.txt,3,-20.0,1,313.000,0.0984,-0.291
kp20 run1.txt,3,-20.0,1,314.000,0.1017,0.31
kp20 run1.txt,3,-20.0,1,315.000,0.1006,0.288
kp20 run1.txt,3,-20.0,1,316.000,0.1013,0.303
kp20 run1.txt,3,-20.0,1,317.000,0.1006,0.288
kp20 run1.txt,3,-20.0,1,318.000,0.0998,-0.262
kp20 run1.txt,3,-20.0,1,319.000,0.0991,-0.277
kp20 run1.txt,3,-20.0,1,320.000,0.1017,0.31
kp20 run1.txt,3,-20.0,1,321.000,0.0998,-0.262
kp20 run1.txt,3,-20.0,1,322.000,0.0987,-0.284
kp20 run1.txt,3,-20.0,1,323.000,0.1038,0.354
kp20 run1.txt,3,-20.0,1,324.000,0.1006,0.288
kp20 run1.txt,3,-20.0,1,325.000,0.1006,0.288
kp20 run1.txt,3,-20.0,1,326.000,0.0991,-0.277
kp20 run1.txt,3,-20.0,1,327.000,0.1028,0.332
kp20 run1.txt,3,-20.0,1,328.000,0.0998,-0.262
kp20 run1.txt,3,-20.0,1,329.000,0.1057,0.39
kp20 run1.txt,3,-20.0,1,330.000,0.0977,-0.306
kp20 run1.txt,3,-20.0,1,331.000,0.0998,-0.262
kp20 run1.txt,3,-20.0,1,332.000,0.0998,-0.262
kp20 run1.txt,3,-20.0,1,333.000,0.1028,0.332
kp20 run1.txt,3,-20.0,1,334.000,0.0962,-0.335
kp20 run1.txt,3,-20.0,1,335.000,0.0853,-0.554
kp20 run1.txt,3,-20.0,1,336.000,0.1028,0.332
kp20 run1.txt,3,-20.0,1,337.000,0.1013,0.303
kp20 run1.txt,3,-20.0,1,338.000,0.0969,-0.321
kp20 run1.txt,3,-20.0,1,339.000,0.0998,-0.262
kp20 run1.txt,3,-20.0,1,340.000,0.1057,0.39
kp20 run1.txt,3,-20.0,1,341.000,0.0831,-0.598
kp20 run1.txt,3,-20.0,1,342.000,0.094,-0.379
kp20 run1.txt,3,-20.0,1,343.000,0.1006,0.288
kp20 run1.txt,3,-20.0,1,344.000,0.0977,-0.306
kp20 run1.txt,3,-20.0,1,345.000,0.1006,0.288
kp20 run1.txt,3,-20.0,1,346.000,0.1053,0.383
kp20 run1.txt,3,-20.0,1,347.000,0.1035,0.347
kp20 run1.txt,3,-20.0,1,348.000,0.0874,-0.51
kp20 run1.txt,3,-20.0,1,349.000,0.1013,0.303
kp20 run1.txt,3,-20.0,1,350.000,0.0958,-0.342
kp20 run1.txt,3,-20.0,1,351.020,0.0918,-0.423
kp20 run1.txt,3,-20.0,1,352.000,0.0991,-0.277
kp20 run1.txt,3,-20.0,1,353.000,0.0969,-0.321
kp20 run1.txt,3,-20.0,1,354.000,0.1028,0.332
kp20 run1.txt,3,-20.0,1,355.000,0.0882,-0.496
kp20 run1.txt,3,-20.0,1,356.000,0.1006,0.288
kp20 run1.txt,3,-20.0,1,357.000,0.0998,-0.262
kp20 run1.txt,3,-20.0,1,358.000,0.0958,-0.342
kp20 run1.txt,3,-20.0,1,359.000,0.1006,0.288
kp20 run1.txt,3,-20.0,1,360.000,0.1028,0.332
kp20 run1.txt,3,-20.0,1,361.000,0.1009,0.296
kp20 run1.txt,3,-20.0,1,362.000,0.094,-0.379
kp20 run1.txt,3,-20.0,1,363.000,0.0977,-0.306
kp20 run1.txt,3,-20.0,1,364.000,0.0984,-0.291
kp20 run1.txt,3,-20.0,1,365.000,0.0998,-0.262
kp20 run1.txt,3,-20.0,1,366.000,0.1006,0.288
kp20 run1.txt,3,-20.0,1,367.000,0.0995,-0.27
kp20 run1.txt,3,-20.0,1,368.000,0.1017,0.31
kp20 run1.txt,3,-20.0,1,369.000,0.1013,0.303
kp20 run1.txt,3,-20.0,1,370.000,0.0969,-0.321
kp20 run1.txt,3,-20.0,1,371.000,0.0998,-0.262
kp20 run1.txt,3,-20.0,1,372.000,0.1064,0.405
kp20 run1.txt,3,-20.0,1,373.000,0.0991,-0.277
kp20 run1.txt,3,-20.0,1,374.000,0.0998,-0.262
kp20 run1.txt,3,-20.0,1,375.000,0.0998,-0.262
kp20 run1.txt,3,-20.0,1,376.000,0.0998,-0.262
kp20 run1.txt,3,-20.0,1,377.000,0.1046,0.369
kp20 run1.txt,3,-20.0,1,378.000,0.1013,0.303
kp20 run1.txt,3,-20.0,1,379.000,0.0998,-0.262
kp20 run1.txt,3,-20.0,1,380.000,0.1006,0.288
kp20 run1.txt,3,-20.0,1,381.000,0.0998,-0.262
kp20 run1.txt,3,-20.0,1,382.000,0.0998,-0.262
kp20 run1.txt,3,-20.0,1,383.000,0.1013,0.303
kp20 run1.txt,3,-20.0,1,384.000,0.0998,-0.262
kp20 run1.txt,3,-20.0,1,385.000,0.1017,0.31
kp20 run1.txt,3,-20.0,1,386.000,0.0991,-0.277
kp20 run1.txt,3,-20.0,1,387.000,0.1006,0.288
kp20 run1.txt,3,-20.0,1,388.000,0.0995,-0.27
kp20 run1.txt,3,-20.0,1,389.000,0.1002,0.281
kp20 run1.txt,3,-20.0,1,390.000,0.1017,0.31
kp20 run1.txt,3,-20.0,1,391.000,0.102,0.317
kp20 run1.txt,3,-20.0,1,392.000,0.0991,-0.277
kp20 run1.txt,3,-20.0,1,393.000,0.0998,-0.262
kp20 run1.txt,3,-20.0,1,394.000,0.0987,-0.284
kp20 run1.txt,3,-20.0,1,395.000,0.1035,0.347
kp20 run1.txt,3,-20.0,1,396.000,0.0998,-0.262
kp20 run1.txt,3,-20.0,1,397.000,0.0991,-0.277
kp20 run1.txt,3,-20.0,1,398.000,0.1006,0.288
kp20 run1.txt,3,-20.0,1,399.000,0.0977,-0.306
kp20 run1.txt,3,-20.0,1,400.000,0.1049,0.376
kp20 run1.txt,3,-20.0,1,401.000,0.1006,0.288
kp20 run1.txt,3,-20.0,1,402.000,0.1082,0.441
kp20 run1.txt,3,-20.0,1,403.000,0.1013,0.303
kp20 run1.txt,3,-20.0,1,404.000,0.0951,-0.357
kp20 run1.txt,3,-20.0,1,405.000,0.0998,-0.262
kp20 run1.txt,3,-20.0,1,406.000,0.0962,-0.335
kp20 run1.txt,3,-20.0,1,407.000,0.1038,0.354
kp20 run1.txt,3,-20.0,1,408.000,0.102,0.317
kp20 run1.txt,3,-20.0,1,409.000,0.1006,0.288
kp20 run1.txt,3,-20.0,1,410.000,0.1013,0.303
kp20 run1.txt,3,-20.0,1,411.000,0.0987,-0.284
kp20 run1.txt,3,-20.0,1,412.000,0.0995,-0.27
kp20 run1.txt,3,-20.0,1,413.000,0.113,0.536
kp20 run1.txt,3,-20.0,1,414.000,0.1006,0.288
kp20 run1.txt,3,-20.0,1,415.000,0.0969,-0.321
kp20 run1.txt,3,-20.0,1,416.000,0.1261,0.799
kp20 run1.txt,3,-20.0,1,417.000,0.0991,-0.277
kp20 run1.txt,3,-20.0,1,418.000,0.1013,0.303
kp20 run1.txt,3,-20.0,1,419.000,0.1009,0.296
kp20 run1.txt,3,-20.0,1,420.000,0.1122,0.522
kp20 run1.txt,3,-20.0,1,421.000,0.1042,0.361
kp20 run1.txt,3,-20.0,1,422.000,0.1006,0.288
kp20 run1.txt,3,-20.0,1,423.000,0.0998,-0.262
kp20 run1.txt,3,-20.0,1,424.000,0.0998,-0.262
kp20 run1.txt,3,-20.0,1,425.000,0.0991,-0.277
kp20 run1.txt,3,-20.0,1,426.000,0.0969,-0.321
kp20 run1.txt,3,-20.0,1,427.000,0.1122,0.522
kp20 run1.txt,3,-20.0,1,428.000,0.1006,0.288
kp20 run1.txt,3,-20.0,1,429.000,0.1013,0.303
kp20 run1.txt,3,-20.0,1,430.000,0.1006,0.288
kp20 run1.txt,3,-20.0,1,431.000,0.1017,0.31
kp20 run1.txt,3,-20.0,1,432.000,0.0951,-0.357
kp20 run1.txt,3,-20.0,1,433.000,0.1006,0.288
kp20 run1.txt,3,-20.0,1,434.000,0.0984,-0.291
kp20 run1.txt,3,-20.0,1,435.000,0.0991,-0.277
kp20 run1.txt,3,-20.0,1,436.000,0.1013,0.303
kp20 run1.txt,3,-20.0,1,437.000,0.1006,0.288
kp20 run1.txt,3,-20.0,1,438.000,0.1009,0.296
kp20 run1.txt,3,-20.0,1,439.000,0.0998,-0.262
kp20 run1.txt,3,-20.0,1,440.000,0.0998,-0.262
kp20 run1.txt,3,-20.0,1,441.000,0.1028,0.332
kp20 run1.txt,3,-20.0,1,442.000,0.1017,0.31
kp20 run1.txt,3,-20.0,1,443.000,0.0984,-0.291
kp20 run1.txt,3,-20.0,1,444.000,0.1049,0.376
kp20 run1.txt,3,-20.0,1,445.000,0.1028,0.332
kp20 run1.txt,3,-20.0,1,446.000,0.1006,0.288
kp20 run1.txt,3,-20.0,1,447.000,0.0998,-0.262
kp20 run1.txt,3,-20.0,1,448.000,0.0991,-0.277
kp20 run1.txt,3,-20.0,1,449.000,0.0998,-0.262
kp20 run1.txt,3,-20.0,1,450.000,0.0991,-0.277
kp20 run1.txt,3,-20.0,1,451.000,0.1006,0.288
kp20 run1.txt,3,-20.0,1,452.000,0.0998,-0.262
kp20 run1.txt,3,-20.0,1,453.000,0.0998,-0.262
kp20 run1.txt,3,-20.0,1,454.000,0.1006,0.288
kp20 run1.txt,3,-20.0,1,455.000,0.0962,-0.335
kp20 run1.txt,3,-20.0,1,456.000,0.1006,0.288
kp20 run1.txt,3,-20.0,1,457.000,0.0998,-0.262
kp20 run1.txt,3,-20.0,1,458.000,0.0929,-0.401
kp20 run1.txt,3,-20.0,1,459.000,0.1035,0.347
kp20 run1.txt,3,-20.0,1,460.000,0.1017,0.31
kp20 run1.txt,3,-20.0,1,461.000,0.0955,-0.35
kp20 run1.txt,3,-20.0,1,462.000,0.0987,-0.284
kp20 run1.txt,3,-20.0,1,463.000,0.1017,0.31
kp20 run1.txt,3,-20.0,1,464.000,0.0958,-0.342
kp20 run1.txt,3,-20.0,1,465.000,0.0998,-0.262
kp20 run1.txt,3,-20.0,1,466.000,0.1031,0.339
kp20 run1.txt,3,-20.0,1,467.000,0.0969,-0.321
kp20 run1.txt,3,-20.0,1,468.000,0.102,0.317
kp20 run1.txt,3,-20.0,1,469.000,0.0977,-0.306
kp20 run1.txt,3,-20.0,1,470.000,0.102,0.317
kp20 run1.txt,3,-20.0,1,471.000,0.1017,0.31
kp20 run1.txt,3,-20.0,1,472.000,0.0998,-0.262
kp20 run1.txt,3,-20.0,1,473.000,0.1028,0.332
kp20 run1.txt,3,-20.0,1,474.000,0.094,-0.379
kp20 run1.txt,3,-20.0,1,475.000,0.0977,-0.306
kp20 run1.txt,3,-20.0,1,476.000,0.0995,-0.27
kp20 run1.txt,3,-20.0,1,477.000,0.102,0.317
kp20 run1.txt,3,-20.0,1,478.000,0.1017,0.31
kp20 run1.txt,3,-20.0,1,479.000,0.0998,-0.262
kp20 run1.txt,3,-20.0,1,480.000,0.0991,-0.277
kp20 run1.txt,3,-20.0,1,481.000,0.0966,-0.328
kp20 run1.txt,3,-20.0,1,482.000,0.1006,0.288
kp20 run1.txt,3,-20.0,1,483.000,0.0998,-0.262
kp20 run1.txt,3,-20.0,1,484.000,0.0962,-0.335
kp20 run1.txt,3,-20.0,1,485.000,0.1006,0.288
kp20 run1.txt,3,-20.0,1,486.000,0.1006,0.288
kp20 run1.txt,3,-20.0,1,487.000,0.1013,0.303
kp20 run1.txt,3,-20.0,1,488.000,0.0998,-0.262
kp20 run1.txt,3,-20.0,1,489.000,0.0998,-0.262
kp20 run1.txt,3,-20.0,1,490.000,0.0977,-0.306
kp20 run1.txt,3,-20.0,1,491.000,0.1075,0.427
kp20 run1.txt,3,-20.0,1,492.000,0.0991,-0.277
kp20 run1.txt,3,-20.0,1,493.000,0.1006,0.288
kp20 run1.txt,3,-20.0,1,494.000,0.0969,-0.321
kp20 run1.txt,3,-20.0,1,495.000,0.102,0.317
kp20 run1.txt,3,-20.0,1,496.000,0.1028,0.332
kp20 run1.txt,3,-20.0,1,497.000,0.0947,-0.364
kp20 run1.txt,3,-20.0,1,498.000,0.0991,-0.277
kp20 run1.txt,3,-20.0,1,499.000,0.1049,0.376
kp20 run1.txt,3,-20.0,1,500.000,0.0998,-0.262
kp20 run1.txt,3,-20.0,1,501.000,0.0998,-0.262
kp20 run1.txt,3,-20.0,1,502.000,0.1013,0.303
kp20 run1.txt,3,-20.0,1,503.000,0.1086,0.449
kp20 run1.txt,3,-20.0,1,504.000,0.0977,-0.306
kp20 run1.txt,3,-20.0,1,505.000,0.1002,0.281
kp20 run1.txt,3,-20.0,1,506.000,0.0889,-0.481
kp20 run1.txt,3,-20.0,1,507.000,0.1057,0.39
kp20 run1.txt,3,-20.0,1,508.000,0.0962,-0.335
kp20 run1.txt,3,-20.0,1,509.000,0.0998,-0.262
kp20 run1.txt,3,-20.0,1,510.000,0.0998,-0.262
kp20 run1.txt,3,-20.0,1,511.000,0.0958,-0.342
kp20 run1.txt,3,-20.0,1,512.000,0.0991,-0.277
kp20 run1.txt,3,-20.0,1,513.000,0.1086,0.449
kp20 run1.txt,3,-20.0,1,514.000,0.1006,0.288
kp20 run1.txt,3,-20.0,1,515.000,0.1013,0.303
kp20 run1.txt,3,-20.0,1,516.000,0.0991,-0.277
kp20 run1.txt,3,-20.0,1,517.000,0.0998,-0.262
kp20 run1.txt,3,-20.0,1,518.000,0.0991,-0.277
kp20 run1.txt,3,-20.0,1,519.000,0.0998,-0.262
kp20 run1.txt,3,-20.0,1,520.000,0.0984,-0.291
kp20 run1.txt,3,-20.0,1,521.000,0.1017,0.31
kp20 run1.txt,3,-20.0,1,522.000,0.1035,0.347
kp20 run1.txt,3,-20.0,1,523.000,0.0998,-0.262
kp20 run1.txt,3,-20.0,1,524.000,0.1006,0.288
kp20 run1.txt,3,-20.0,1,525.000,0.1115,0.507
kp20 run1.txt,3,-20.0,1,526.000,0.102,0.317
kp20 run1.txt,3,-20.0,1,527.000,0.1009,0.296
kp20 run1.txt,3,-20.0,1,528.000,0.1013,0.303
kp20 run1.txt,3,-20.0,1,529.000,0.0998,-0.262
kp20 run1.txt,3,-20.0,1,530.000,0.1013,0.303
kp20 run1.txt,3,-20.0,1,531.000,0.1261,0.799
kp20 run1.txt,3,-20.0,1,532.000,0.0969,-0.321
kp20 run1.txt,3,-20.0,1,533.000,0.0991,-0.277
kp20 run1.txt,3,-20.0,1,534.000,0.0991,-0.277
kp20 run1.txt,3,-20.0,1,535.000,0.1035,0.347
kp20 run1.txt,3,-20.0,1,536.000,0.1028,0.332
kp20 run1.txt,3,-20.0,1,537.000,0.0991,-0.277
kp20 run1.txt,3,-20.0,1,538.000,0.0998,-0.262
kp20 run1.txt,3,-20.0,1,539.000,0.0998,-0.262
kp20 run1.txt,3,-20.0,1,540.000,0.1013,0.303
kp20 run1.txt,3,-20.0,1,541.000,0.0991,-0.277
kp20 run1.txt,3,-20.0,1,542.000,0.1006,0.288
kp20 run1.txt,3,-20.0,1,543.000,0.0998,-0.262
kp20 run1.txt,3,-20.0,1,544.000,0.0998,-0.262
kp20 run1.txt,3,-20.0,1,545.000,0.0995,-0.27
kp20 run1.txt,3,-20.0,1,546.000,0.102,0.317
kp20 run1.txt,3,-20.0,1,547.000,0.1017,0.31
kp20 run1.txt,3,-20.0,1,548.000,0.0998,-0.262
kp20 run1.txt,3,-20.0,1,549.000,0.1017,0.31
kp20 run1.txt,3,-20.0,1,550.000,0.0998,-0.262
kp20 run1.txt,3,-20.0,1,551.000,0.1013,0.303
kp20 run1.txt,3,-20.0,1,552.000,0.0958,-0.342
kp20 run1.txt,3,-20.0,1,553.000,0.0998,-0.262
kp20 run1.txt,3,-20.0,1,554.000,0.0998,-0.262
kp20 run1.txt,3,-20.0,1,555.000,0.0998,-0.262
kp20 run1.txt,3,-20.0,1,556.000,0.1028,0.332
kp20 run1.txt,3,-20.0,1,557.000,0.0991,-0.277
kp20 run1.txt,3,-20.0,1,558.000,0.1013,0.303
kp20 run1.txt,3,-20.0,1,559.000,0.0969,-0.321
kp20 run1.txt,3,-20.0,1,560.000,0.1028,0.332
kp20 run1.txt,3,-20.0,1,561.000,0.102,0.317
kp20 run1.txt,3,-20.0,1,562.000,0.0991,-0.277
kp20 run1.txt,3,-20.0,1,563.000,0.0998,-0.262
kp20 run1.txt,3,-20.0,1,564.000,0.0991,-0.277
kp20 run1.txt,3,-20.0,1,565.000,0.0998,-0.262
kp20 run1.txt,3,-20.0,1,566.000,0.1017,0.31
kp20 run1.txt,3,-20.0,1,567.000,0.0998,-0.262
kp20 run1.txt,3,-20.0,1,568.000,0.0998,-0.262
kp20 run1.txt,3,-20.0,1,569.000,0.0977,-0.306
kp20 run1.txt,3,-20.0,1,570.000,0.102,0.317
kp20 run1.txt,3,-20.0,1,571.000,0.0995,-0.27
kp20 run1.txt,3,-20.0,1,572.000,0.0893,-0.474
kp20 run1.txt,3,-20.0,1,573.000,0.0874,-0.51
kp20 run1.txt,3,-20.0,1,574.000,0.0995,-0.27
kp20 run1.txt,3,-20.0,1,575.000,0.1009,0.296
kp20 run1.txt,3,-20.0,1,576.000,0.1013,0.303
kp20 run1.txt,3,-20.0,1,577.000,0.1035,0.347
kp20 run1.txt,3,-20.0,1,578.000,0.1006,0.288
kp20 run1.txt,3,-20.0,1,579.000,0.102,0.317
kp20 run1.txt,3,-20.0,1,580.000,0.1028,0.332
kp20 run1.txt,3,-20.0,1,581.000,0.0998,-0.262
kp20 run1.txt,3,-20.0,1,582.000,0.0969,-0.321
kp20 run1.txt,3,-20.0,1,583.000,0.0987,-0.284
kp20 run1.txt,3,-20.0,1,584.000,0.0991,-0.277
kp20 run1.txt,3,-20.0,1,585.000,0.1028,0.332
kp20 run1.txt,3,-20.0,1,586.000,0.0991,-0.277
kp20 run1.txt,3,-20.0,1,587.000,0.0998,-0.262
kp20 run1.txt,3,-20.0,1,588.000,0.1013,0.303
kp20 run1.txt,3,-20.0,1,589.000,0.1006,0.288
kp20 run1.txt,3,-20.0,1,590.000,0.0991,-0.277
kp20 run1.txt,3,-20.0,1,591.000,0.0998,-0.262
kp20 run1.txt,3,-20.0,1,592.000,0.0991,-0.277
kp20 run1.txt,3,-20.0,1,593.000,0.0896,-0.466
kp20 run1.txt,3,-20.0,1,594.000,0.1013,0.303
kp20 run1.txt,3,-20.0,1,595.000,0.1017,0.31
kp20 run1.txt,3,-20.0,1,596.000,0.0998,-0.262
kp20 run1.txt,3,-20.0,1,597.000,0.0966,-0.328
kp20 run1.txt,3,-20.0,1,598.000,0.1013,0.303
kp20 run1.txt,3,-20.0,1,599.000,0.0933,-0.393
kp20 run1.txt,4,-20.0,-1,0.000,0.094,4.157
kp20 run1.txt,4,-20.0,-1,1.000,0.1013,4.303
kp20 run1.txt,4,-20.0,-1,2.000,0.1028,4.332
kp20 run1.txt,4,-20.0,-1,3.000,0.1006,4.288
kp20 run1.txt,4,-20.0,-1,4.000,0.1006,4.288
kp20 run1.txt,4,-20.0,-1,5.000,0.1086,4.449
kp20 run1.txt,4,-20.0,-1,6.000,0.1017,4.31
kp20 run1.txt,4,-20.0,-1,7.000,0.0991,4.259
kp20 run1.txt,4,-20.0,-1,8.000,0.0969,4.215
kp20 run1.txt,4,-20.0,-1,9.000,0.0947,4.172
kp20 run1.txt,4,-20.0,-1,10.000,0.0911,4.099
kp20 run1.txt,4,-20.0,-1,11.000,0.0889,4.055
kp20 run1.txt,4,-20.0,-1,12.000,0.086,3.997
kp20 run1.txt,4,-20.0,-1,13.000,0.0842,3.96
kp20 run1.txt,4,-20.0,-1,14.000,0.0823,3.924
kp20 run1.txt,4,-20.0,-1,15.000,0.078,3.836
kp20 run1.txt,4,-20.0,-1,16.000,0.0718,3.712
kp20 run1.txt,4,-20.0,-1,17.000,0.0699,3.676
kp20 run1.txt,4,-20.0,-1,18.000,0.0678,3.632
kp20 run1.txt,4,-20.0,-1,19.000,0.0638,3.552
kp20 run1.txt,4,-20.0,-1,20.000,0.0605,3.486
kp20 run1.txt,4,-20.0,-1,21.000,0.078,3.836
kp20 run1.txt,4,-20.0,-1,22.000,0.051,3.297
kp20 run1.txt,4,-20.0,-1,23.000,0.0561,3.399
kp20 run1.txt,4,-20.0,-1,24.000,0.0612,3.501
kp20 run1.txt,4,-20.0,-1,25.000,0.0441,3.158
kp20 run1.txt,4,-20.0,-1,26.000,0.0386,3.049
kp20 run1.txt,4,-20.0,-1,27.000,0.035,2.976
kp20 run1.txt,4,-20.0,-1,28.000,0.0299,2.874
kp20 run1.txt,4,-20.0,-1,29.000,0.0204,2.684
kp20 run1.txt,4,-20.0,-1,30.000,0.0171,2.619
kp20 run1.txt,4,-20.0,-1,31.000,0.0255,2.787
kp20 run1.txt,4,-20.0,-1,32.000,0.0116,2.509
kp20 run1.txt,4,-20.0,-1,33.000,0.0065,2.407
kp20 run1.txt,4,-20.0,-1,34.000,0.0021,2.32
kp20 run1.txt,4,-20.0,-1,35.000,-0.003,2.218
kp20 run1.txt,4,-20.0,-1,36.000,-0.0081,2.116
kp20 run1.txt,4,-20.0,-1,37.000,-0.0117,2.043
kp20 run1.txt,4,-20.0,-1,38.000,-0.0132,2.014
kp20 run1.txt,4,-20.0,-1,39.000,-0.0194,1.89
kp20 run1.txt,4,-20.0,-1,40.000,-0.0241,1.795
kp20 run1.txt,4,-20.0,-1,41.000,-0.0277,1.722
kp20 run1.txt,4,-20.0,-1,42.000,-0.0314,1.649
kp20 run1.txt,4,-20.0,-1,43.000,-0.0365,1.547
kp20 run1.txt,4,-20.0,-1,44.000,-0.0401,1.474
kp20 run1.txt,4,-20.0,-1,45.000,-0.0409,1.46
kp20 run1.txt,4,-20.0,-1,46.000,-0.0478,1.321
kp20 run1.txt,4,-20.0,-1,47.000,-0.05,1.277
kp20 run1.txt,4,-20.0,-1,48.000,-0.0554,1.168
kp20 run1.txt,4,-20.0,-1,49.000,-0.0569,1.139
kp20 run1.txt,4,-20.0,-1,50.000,-0.0635,1.008
kp20 run1.txt,4,-20.0,-1,51.000,-0.0642,0.993
kp20 run1.txt,4,-20.0,-1,52.000,-0.0766,0.745
kp20 run1.txt,4,-20.0,-1,53.000,-0.0708,0.862
kp20 run1.txt,4,-20.0,-1,54.000,-0.0751,0.774
kp20 run1.txt,4,-20.0,-1,55.000,-0.0766,0.745
kp20 run1.txt,4,-20.0,-1,56.000,-0.0817,0.643
kp20 run1.txt,4,-20.0,-1,57.000,-0.0868,0.541
kp20 run1.txt,4,-20.0,-1,58.000,-0.0791,0.694
kp20 run1.txt,4,-20.0,-1,59.000,-0.0868,0.541
kp20 run1.txt,4,-20.0,-1,60.000,-0.0919,0.439
kp20 run1.txt,4,-20.0,-1,61.000,-0.097,0.337
kp20 run1.txt,4,-20.0,-1,62.000,-0.0966,0.344
kp20 run1.txt,4,-20.0,-1,63.000,-0.0985,0.308
kp20 run1.txt,4,-20.0,-1,64.000,-0.1021,-0.301
kp20 run1.txt,4,-20.0,-1,65.000,-0.1021,-0.301
kp20 run1.txt,4,-20.0,-1,66.000,-0.1065,-0.389
kp20 run1.txt,4,-20.0,-1,67.000,-0.1054,-0.367
kp20 run1.txt,4,-20.0,-1,68.000,-0.1101,-0.461
kp20 run1.txt,4,-20.0,-1,69.000,-0.1152,-0.564
kp20 run1.txt,4,-20.0,-1,70.000,-0.1138,-0.534
kp20 run1.txt,4,-20.0,-1,71.000,-0.1145,-0.549
kp20 run1.txt,4,-20.0,-1,72.000,-0.1123,-0.505
kp20 run1.txt,4,-20.0,-1,73.000,-0.1181,-0.622
kp20 run1.txt,4,-20.0,-1,74.000,-0.1211,-0.68
kp20 run1.txt,4,-20.0,-1,75.000,-0.1203,-0.666
kp20 run1.txt,4,-20.0,-1,76.000,-0.1189,-0.636
kp20 run1.txt,4,-20.0,-1,77.000,-0.0937,0.403
kp20 run1.txt,4,-20.0,-1,78.000,-0.1225,-0.709
kp20 run1.txt,4,-20.0,-1,79.000,-0.1232,-0.724
kp20 run1.txt,4,-20.0,-1,80.000,-0.1232,-0.724
kp20 run1.txt,4,-20.0,-1,81.000,-0.124,-0.739
kp20 run1.txt,4,-20.0,-1,82.000,-0.128,-0.819
kp20 run1.txt,4,-20.0,-1,83.000,-0.1313,-0.884
kp20 run1.txt,4,-20.0,-1,84.000,-0.1211,-0.68
kp20 run1.txt,4,-20.0,-1,85.000,-0.1371,-1.001
kp20 run1.txt,4,-20.0,-1,86.000,-0.1316,-0.892
kp20 run1.txt,4,-20.0,-1,87.000,-0.1229,-0.717
kp20 run1.txt,4,-20.0,-1,88.000,-0.132,-0.899
kp20 run1.txt,4,-20.0,-1,89.000,-0.1243,-0.746
kp20 run1.txt,4,-20.0,-1,90.000,-0.1247,-0.753
kp20 run1.txt,4,-20.0,-1,91.000,-0.1258,-0.775
kp20 run1.txt,4,-20.0,-1,92.000,-0.1291,-0.841
kp20 run1.txt,4,-20.0,-1,93.000,-0.1287,-0.833
kp20 run1.txt,4,-20.0,-1,94.000,-0.1254,-0.768
kp20 run1.txt,4,-20.0,-1,95.000,-0.1262,-0.782
kp20 run1.txt,4,-20.0,-1,96.000,-0.1269,-0.797
kp20 run1.txt,4,-20.0,-1,97.000,-0.1258,-0.775
kp20 run1.txt,4,-20.0,-1,98.000,-0.1247,-0.753
kp20 run1.txt,4,-20.0,-1,99.000,-0.1287,-0.833
kp20 run1.txt,4,-20.0,-1,100.000,-0.1265,-0.79
kp20 run1.txt,4,-20.0,-1,101.000,-0.1254,-0.768
kp20 run1.txt,4,-20.0,-1,102.000,-0.1269,-0.797
kp20 run1.txt,4,-20.0,-1,103.000,-0.1254,-0.768
kp20 run1.txt,4,-20.0,-1,104.000,-0.1225,-0.709
kp20 run1.txt,4,-20.0,-1,105.000,-0.124,-0.739
kp20 run1.txt,4,-20.0,-1,106.000,-0.1229,-0.717
kp20 run1.txt,4,-20.0,-1,107.000,-0.1218,-0.695
kp20 run1.txt,4,-20.0,-1,108.000,-0.1163,-0.585
kp20 run1.txt,4,-20.0,-1,109.000,-0.116,-0.578
kp20 run1.txt,4,-20.0,-1,110.000,-0.1141,-0.542
kp20 run1.txt,4,-20.0,-1,111.000,-0.1196,-0.651
kp20 run1.txt,4,-20.0,-1,112.000,-0.1196,-0.651
kp20 run1.txt,4,-20.0,-1,113.000,-0.1178,-0.615
kp20 run1.txt,4,-20.0,-1,114.000,-0.116,-0.578
kp20 run1.txt,4,-20.0,-1,115.000,-0.1167,-0.593
kp20 run1.txt,4,-20.0,-1,116.000,-0.113,-0.52
kp20 run1.txt,4,-20.0,-1,117.000,-0.1167,-0.593
kp20 run1.txt,4,-20.0,-1,118.000,-0.1101,-0.461
kp20 run1.txt,4,-20.0,-1,119.000,-0.1123,-0.505
kp20 run1.txt,4,-20.0,-1,120.000,-0.1145,-0.549
kp20 run1.txt,4,-20.0,-1,121.000,-0.1101,-0.461
kp20 run1.txt,4,-20.0,-1,122.000,-0.1116,-0.491
kp20 run1.txt,4,-20.0,-1,123.000,-0.1167,-0.593
kp20 run1.txt,4,-20.0,-1,124.000,-0.1079,-0.418
kp20 run1.txt,4,-20.0,-1,125.000,-0.1072,-0.403
kp20 run1.txt,4,-20.0,-1,126.000,-0.1058,-0.374
kp20 run1.txt,4,-20.0,-1,127.000,-0.1014,-0.287
kp20 run1.txt,4,-20.0,-1,128.000,-0.1101,-0.461
kp20 run1.txt,4,-20.0,-1,129.000,-0.1032,-0.323
kp20 run1.txt,4,-20.0,-1,130.000,-0.1058,-0.374
kp20 run1.txt,4,-20.0,-1,131.000,-0.1032,-0.323
kp20 run1.txt,4,-20.0,-1,132.000,-0.1043,-0.345
kp20 run1.txt,4,-20.0,-1,133.000,-0.1043,-0.345
kp20 run1.txt,4,-20.0,-1,134.000,-0.1043,-0.345
kp20 run1.txt,4,-20.0,-1,135.000,-0.1025,-0.308
kp20 run1.txt,4,-20.0,-1,136.000,-0.0966,0.344
kp20 run1.txt,4,-20.0,-1,137.000,-0.1014,-0.287
kp20 run1.txt,4,-20.0,-1,138.000,-0.0992,0.293
kp20 run1.txt,4,-20.0,-1,139.000,-0.0963,0.352
kp20 run1.txt,4,-20.0,-1,140.000,-0.1006,-0.272
kp20 run1.txt,4,-20.0,-1,141.000,-0.1021,-0.301
kp20 run1.txt,4,-20.0,-1,142.000,-0.1065,-0.389
kp20 run1.txt,4,-20.0,-1,143.000,-0.0996,0.286
kp20 run1.txt,4,-20.0,-1,144.000,-0.0988,0.301
kp20 run1.txt,4,-20.0,-1,145.000,-0.0992,0.293
kp20 run1.txt,4,-20.0,-1,146.000,-0.0985,0.308
kp20 run1.txt,4,-20.0,-1,147.000,-0.1014,-0.287
kp20 run1.txt,4,-20.0,-1,148.000,-0.0955,0.366
kp20 run1.txt,4,-20.0,-1,149.000,-0.0937,0.403
kp20 run1.txt,4,-20.0,-1,150.000,-0.0963,0.352
kp20 run1.txt,4,-20.0,-1,151.000,-0.0963,0.352
kp20 run1.txt,4,-20.0,-1,152.000,-0.0992,0.293
kp20 run1.txt,4,-20.0,-1,153.000,-0.0955,0.366
kp20 run1.txt,4,-20.0,-1,154.000,-0.0963,0.352
kp20 run1.txt,4,-20.0,-1,155.000,-0.0985,0.308
kp20 run1.txt,4,-20.0,-1,156.000,-0.1036,-0.33
kp20 run1.txt,4,-20.0,-1,157.000,-0.0839,0.599
kp20 run1.txt,4,-20.0,-1,158.000,-0.0985,0.308
kp20 run1.txt,4,-20.0,-1,159.000,-0.1006,-0.272
kp20 run1.txt,4,-20.0,-1,160.000,-0.0963,0.352
kp20 run1.txt,4,-20.0,-1,161.000,-0.0977,0.322
kp20 run1.txt,4,-20.0,-1,162.000,-0.0955,0.366
kp20 run1.txt,4,-20.0,-1,163.000,-0.0966,0.344
kp20 run1.txt,4,-20.0,-1,164.000,-0.097,0.337
kp20 run1.txt,4,-20.0,-1,165.000,-0.0966,0.344
kp20 run1.txt,4,-20.0,-1,166.000,-0.0963,0.352
kp20 run1.txt,4,-20.0,-1,167.000,-0.0941,0.395
kp20 run1.txt,4,-20.0,-1,168.000,-0.0955,0.366
kp20 run1.txt,4,-20.0,-1,169.000,-0.1021,-0.301
kp20 run1.txt,4,-20.0,-1,170.000,-0.0901,0.475
kp20 run1.txt,4,-20.0,-1,171.000,-0.0948,0.381
kp20 run1.txt,4,-20.0,-1,172.000,-0.0955,0.366
kp20 run1.txt,4,-20.0,-1,173.000,-0.0966,0.344
kp20 run1.txt,4,-20.0,-1,174.000,-0.0966,0.344
kp20 run1.txt,4,-20.0,-1,175.000,-0.0955,0.366
kp20 run1.txt,4,-20.0,-1,176.000,-0.0963,0.352
kp20 run1.txt,4,-20.0,-1,177.000,-0.0985,0.308
kp20 run1.txt,4,-20.0,-1,178.000,-0.097,0.337
kp20 run1.txt,4,-20.0,-1,179.000,-0.0977,0.322
kp20 run1.txt,4,-20.0,-1,180.000,-0.0948,0.381
kp20 run1.txt,4,-20.0,-1,181.000,-0.0966,0.344
kp20 run1.txt,4,-20.0,-1,182.000,-0.0966,0.344
kp20 run1.txt,4,-20.0,-1,183.000,-0.0985,0.308
kp20 run1.txt,4,-20.0,-1,184.000,-0.0963,0.352
kp20 run1.txt,4,-20.0,-1,185.000,-0.0985,0.308
kp20 run1.txt,4,-20.0,-1,186.000,-0.0963,0.352
kp20 run1.txt,4,-20.0,-1,187.000,-0.0974,0.33
kp20 run1.txt,4,-20.0,-1,188.000,-0.0977,0.322
kp20 run1.txt,4,-20.0,-1,189.000,-0.0999,0.279
kp20 run1.txt,4,-20.0,-1,190.000,-0.097,0.337
kp20 run1.txt,4,-20.0,-1,191.000,-0.0985,0.308
kp20 run1.txt,4,-20.0,-1,192.000,-0.0952,0.373
kp20 run1.txt,4,-20.0,-1,193.000,-0.0963,0.352
kp20 run1.txt,4,-20.0,-1,194.000,-0.0992,0.293
kp20 run1.txt,4,-20.0,-1,195.000,-0.1006,-0.272
kp20 run1.txt,4,-20.0,-1,196.000,-0.105,-0.359
kp20 run1.txt,4,-20.0,-1,197.000,-0.1014,-0.287
kp20 run1.txt,4,-20.0,-1,198.000,-0.1028,-0.316
kp20 run1.txt,4,-20.0,-1,199.000,-0.0992,0.293
kp20 run1.txt,4,-20.0,-1,200.000,-0.0999,0.279
kp20 run1.txt,4,-20.0,-1,201.000,-0.0926,0.424
kp20 run1.txt,4,-20.0,-1,202.000,-0.1003,-0.265
kp20 run1.txt,4,-20.0,-1,203.000,-0.1028,-0.316
kp20 run1.txt,4,-20.0,-1,204.000,-0.1014,-0.287
kp20 run1.txt,4,-20.0,-1,205.000,-0.0791,0.694
kp20 run1.txt,4,-20.0,-1,206.000,-0.1014,-0.287
kp20 run1.txt,4,-20.0,-1,207.000,-0.0999,0.279
kp20 run1.txt,4,-20.0,-1,208.000,-0.1072,-0.403
kp20 run1.txt,4,-20.0,-1,209.000,-0.0963,0.352
kp20 run1.txt,4,-20.0,-1,210.000,-0.1014,-0.287
kp20 run1.txt,4,-20.0,-1,211.000,-0.0999,0.279
kp20 run1.txt,4,-20.0,-1,212.000,-0.0934,0.41
kp20 run1.txt,4,-20.0,-1,213.000,-0.1014,-0.287
kp20 run1.txt,4,-20.0,-1,214.000,-0.0977,0.322
kp20 run1.txt,4,-20.0,-1,215.000,-0.1014,-0.287
kp20 run1.txt,4,-20.0,-1,216.000,-0.1021,-0.301
kp20 run1.txt,4,-20.0,-1,217.000,-0.1014,-0.287
kp20 run1.txt,4,-20.0,-1,218.000,-0.1072,-0.403
kp20 run1.txt,4,-20.0,-1,219.000,-0.1014,-0.287
kp20 run1.txt,4,-20.0,-1,220.000,-0.1014,-0.287
kp20 run1.txt,4,-20.0,-1,221.000,-0.1021,-0.301
kp20 run1.txt,4,-20.0,-1,222.000,-0.1036,-0.33
kp20 run1.txt,4,-20.0,-1,223.000,-0.1043,-0.345
kp20 run1.txt,4,-20.0,-1,224.000,-0.1021,-0.301
kp20 run1.txt,4,-20.0,-1,225.000,-0.0988,0.301
kp20 run1.txt,4,-20.0,-1,226.000,-0.0875,0.527
kp20 run1.txt,4,-20.0,-1,227.000,-0.0966,0.344
kp20 run1.txt,4,-20.0,-1,228.000,-0.0988,0.301
kp20 run1.txt,4,-20.0,-1,229.000,-0.1021,-0.301
kp20 run1.txt,4,-20.0,-1,230.000,-0.1014,-0.287
kp20 run1.txt,4,-20.0,-1,231.000,-0.0999,0.279
kp20 run1.txt,4,-20.0,-1,232.000,-0.1028,-0.316
kp20 run1.txt,4,-20.0,-1,233.000,-0.0985,0.308
kp20 run1.txt,4,-20.0,-1,234.000,-0.1014,-0.287
kp20 run1.txt,4,-20.0,-1,235.000,-0.1036,-0.33
kp20 run1.txt,4,-20.0,-1,236.000,-0.1025,-0.308
kp20 run1.txt,4,-20.0,-1,237.000,-0.0853,0.57
kp20 run1.txt,4,-20.0,-1,238.000,-0.1025,-0.308
kp20 run1.txt,4,-20.0,-1,239.000,-0.0992,0.293
kp20 run1.txt,4,-20.0,-1,240.000,-0.1032,-0.323
kp20 run1.txt,4,-20.0,-1,241.000,-0.1006,-0.272
kp20 run1.txt,4,-20.0,-1,242.000,-0.1036,-0.33
kp20 run1.txt,4,-20.0,-1,243.000,-0.0999,0.279
kp20 run1.txt,4,-20.0,-1,244.000,-0.1021,-0.301
kp20 run1.txt,4,-20.0,-1,245.000,-0.1006,-0.272
kp20 run1.txt,4,-20.0,-1,246.000,-0.1003,-0.265
kp20 run1.txt,4,-20.0,-1,247.000,-0.1014,-0.287
kp20 run1.txt,4,-20.0,-1,248.000,-0.1094,-0.447
kp20 run1.txt,4,-20.0,-1,249.000,-0.1054,-0.367
kp20 run1.txt,4,-20.0,-1,250.000,-0.1006,-0.272
kp20 run1.txt,4,-20.0,-1,251.000,-0.105,-0.359
kp20 run1.txt,4,-20.0,-1,252.000,-0.1036,-0.33
kp20 run1.txt,4,-20.0,-1,253.000,-0.0941,0.395
kp20 run1.txt,4,-20.0,-1,254.000,-0.1014,-0.287
kp20 run1.txt,4,-20.0,-1,255.000,-0.1006,-0.272
kp20 run1.txt,4,-20.0,-1,256.000,-0.1021,-0.301
kp20 run1.txt,4,-20.0,-1,257.000,-0.0992,0.293
kp20 run1.txt,4,-20.0,-1,258.000,-0.1021,-0.301
kp20 run1.txt,4,-20.0,-1,259.000,-0.1006,-0.272
kp20 run1.txt,4,-20.0,-1,260.000,-0.0948,0.381
kp20 run1.txt,4,-20.0,-1,261.000,-0.1079,-0.418
kp20 run1.txt,4,-20.0,-1,262.000,-0.1006,-0.272
kp20 run1.txt,4,-20.0,-1,263.000,-0.1014,-0.287
kp20 run1.txt,4,-20.0,-1,264.000,-0.0996,0.286
kp20 run1.txt,4,-20.0,-1,265.000,-0.0992,0.293
kp20 run1.txt,4,-20.0,-1,266.000,-0.0985,0.308
kp20 run1.txt,4,-20.0,-1,267.000,-0.1014,-0.287
kp20 run1.txt,4,-20.0,-1,268.000,-0.1021,-0.301
kp20 run1.txt,4,-20.0,-1,269.000,-0.1014,-0.287
kp20 run1.txt,4,-20.0,-1,270.000,-0.1014,-0.287
kp20 run1.txt,4,-20.0,-1,271.000,-0.1014,-0.287
kp20 run1.txt,4,-20.0,-1,272.000,-0.1017,-0.294
kp20 run1.txt,4,-20.0,-1,273.000,-0.0992,0.293
kp20 run1.txt,4,-20.0,-1,274.000,-0.1021,-0.301
kp20 run1.txt,4,-20.0,-1,275.000,-0.1036,-0.33
kp20 run1.txt,4,-20.0,-1,276.000,-0.1014,-0.287
kp20 run1.txt,4,-20.0,-1,277.000,-0.1017,-0.294
kp20 run1.txt,4,-20.0,-1,278.000,-0.1014,-0.287
kp20 run1.txt,4,-20.0,-1,279.000,-0.1036,-0.33
kp20 run1.txt,4,-20.0,-1,280.000,-0.1025,-0.308
kp20 run1.txt,4,-20.0,-1,281.000,-0.0919,0.439
kp20 run1.txt,4,-20.0,-1,282.000,-0.1006,-0.272
kp20 run1.txt,4,-20.0,-1,283.000,-0.116,-0.578
kp20 run1.txt,4,-20.0,-1,284.000,-0.1021,-0.301
kp20 run1.txt,4,-20.0,-1,285.000,-0.0948,0.381
kp20 run1.txt,4,-20.0,-1,286.000,-0.1174,-0.607
kp20 run1.txt,4,-20.0,-1,287.000,-0.097,0.337
kp20 run1.txt,4,-20.0,-1,288.000,-0.1021,-0.301
kp20 run1.txt,4,-20.0,-1,289.000,-0.1014,-0.287
kp20 run1.txt,4,-20.0,-1,290.000,-0.1021,-0.301
kp20 run1.txt,4,-20.0,-1,291.000,-0.1021,-0.301
kp20 run1.txt,4,-20.0,-1,292.000,-0.097,0.337
kp20 run1.txt,4,-20.0,-1,293.000,-0.1021,-0.301
kp20 run1.txt,4,-20.0,-1,294.000,-0.1014,-0.287
kp20 run1.txt,4,-20.0,-1,295.000,-0.0999,0.279
kp20 run1.txt,4,-20.0,-1,296.000,-0.1014,-0.287
kp20 run1.txt,4,-20.0,-1,297.000,-0.0996,0.286
kp20 run1.txt,4,-20.0,-1,298.000,-0.0963,0.352
kp20 run1.txt,4,-20.0,-1,299.000,-0.1014,-0.287
kp20 run1.txt,4,-20.0,-1,300.000,-0.1014,-0.287
kp20 run1.txt,4,-20.0,-1,301.000,-0.1054,-0.367
kp20 run1.txt,4,-20.0,-1,302.000,-0.1025,-0.308
kp20 run1.txt,4,-20.0,-1,303.000,-0.0999,0.279
kp20 run1.txt,4,-20.0,-1,304.000,-0.1014,-0.287
kp20 run1.txt,4,-20.0,-1,305.000,-0.097,0.337
kp20 run1.txt,4,-20.0,-1,306.000,-0.1101,-0.461
kp20 run1.txt,4,-20.0,-1,307.000,-0.0999,0.279
kp20 run1.txt,4,-20.0,-1,308.000,-0.1014,-0.287
kp20 run1.txt,4,-20.0,-1,309.000,-0.1014,-0.287
kp20 run1.txt,4,-20.0,-1,310.000,-0.0999,0.279
kp20 run1.txt,4,-20.0,-1,311.000,-0.105,-0.359
kp20 run1.txt,4,-20.0,-1,312.000,-0.1021,-0.301
kp20 run1.txt,4,-20.0,-1,313.000,-0.0999,0.279
kp20 run1.txt,4,-20.0,-1,314.000,-0.1014,-0.287
kp20 run1.txt,4,-20.0,-1,315.000,-0.1014,-0.287
kp20 run1.txt,4,-20.0,-1,316.000,-0.0992,0.293
kp20 run1.txt,4,-20.0,-1,317.000,-0.1014,-0.287
kp20 run1.txt,4,-20.0,-1,318.000,-0.1014,-0.287
kp20 run1.txt,4,-20.0,-1,319.000,-0.1006,-0.272
kp20 run1.txt,4,-20.0,-1,320.000,-0.0985,0.308
kp20 run1.txt,4,-20.0,-1,321.000,-0.0992,0.293
kp20 run1.txt,4,-20.0,-1,322.000,-0.1014,-0.287
kp20 run1.txt,4,-20.0,-1,323.000,-0.0985,0.308
kp20 run1.txt,4,-20.0,-1,324.000,-0.1006,-0.272
kp20 run1.txt,4,-20.0,-1,325.000,-0.0992,0.293
kp20 run1.txt,4,-20.0,-1,326.000,-0.1021,-0.301
kp20 run1.txt,4,-20.0,-1,327.000,-0.1025,-0.308
kp20 run1.txt,4,-20.0,-1,328.000,-0.0999,0.279
kp20 run1.txt,4,-20.0,-1,329.000,-0.1006,-0.272
kp20 run1.txt,4,-20.0,-1,330.000,-0.1043,-0.345
kp20 run1.txt,4,-20.0,-1,331.000,-0.0977,0.322
kp20 run1.txt,4,-20.0,-1,332.000,-0.1014,-0.287
kp20 run1.txt,4,-20.0,-1,333.000,-0.0999,0.279
kp20 run1.txt,4,-20.0,-1,334.000,-0.0999,0.279
kp20 run1.txt,4,-20.0,-1,335.000,-0.0977,0.322
kp20 run1.txt,4,-20.0,-1,336.000,-0.0941,0.395
kp20 run1.txt,4,-20.0,-1,337.000,-0.0985,0.308
kp20 run1.txt,4,-20.0,-1,338.000,-0.1006,-0.272
kp20 run1.txt,4,-20.0,-1,339.000,-0.1014,-0.287
kp20 run1.txt,4,-20.0,-1,340.000,-0.1028,-0.316
kp20 run1.txt,4,-20.0,-1,341.000,-0.0985,0.308
kp20 run1.txt,4,-20.0,-1,342.000,-0.1021,-0.301
kp20 run1.txt,4,-20.0,-1,343.000,-0.097,0.337
kp20 run1.txt,4,-20.0,-1,344.000,-0.0988,0.301
kp20 run1.txt,4,-20.0,-1,345.000,-0.0999,0.279
kp20 run1.txt,4,-20.0,-1,346.000,-0.1014,-0.287
kp20 run1.txt,4,-20.0,-1,347.000,-0.1006,-0.272
kp20 run1.txt,4,-20.0,-1,348.000,-0.1054,-0.367
kp20 run1.txt,4,-20.0,-1,349.000,-0.1043,-0.345
kp20 run1.txt,4,-20.0,-1,350.000,-0.1014,-0.287
kp20 run1.txt,4,-20.0,-1,351.000,-0.1014,-0.287
kp20 run1.txt,4,-20.0,-1,352.000,-0.1014,-0.287
kp20 run1.txt,4,-20.0,-1,353.000,-0.1006,-0.272
kp20 run1.txt,4,-20.0,-1,354.000,-0.0992,0.293
kp20 run1.txt,4,-20.0,-1,355.000,-0.0992,0.293
kp20 run1.txt,4,-20.0,-1,356.000,-0.1028,-0.316
kp20 run1.txt,4,-20.0,-1,357.000,-0.0992,0.293
kp20 run1.txt,4,-20.0,-1,358.000,-0.1014,-0.287
kp20 run1.txt,4,-20.0,-1,359.000,-0.1003,-0.265
kp20 run1.txt,4,-20.0,-1,360.000,-0.0868,0.541
kp20 run1.txt,4,-20.0,-1,361.000,-0.1043,-0.345
kp20 run1.txt,4,-20.0,-1,362.000,-0.1021,-0.301
kp20 run1.txt,4,-20.0,-1,363.000,-0.1065,-0.389
kp20 run1.txt,4,-20.0,-1,364.000,-0.1014,-0.287
kp20 run1.txt,4,-20.0,-1,365.000,-0.1032,-0.323
kp20 run1.txt,4,-20.0,-1,366.000,-0.0999,0.279
kp20 run1.txt,4,-20.0,-1,367.000,-0.1006,-0.272
kp20 run1.txt,4,-20.0,-1,368.000,-0.1014,-0.287
kp20 run1.txt,4,-20.0,-1,369.000,-0.1014,-0.287
kp20 run1.txt,4,-20.0,-1,370.000,-0.1014,-0.287
kp20 run1.txt,4,-20.0,-1,371.000,-0.1006,-0.272
kp20 run1.txt,4,-20.0,-1,372.000,-0.0999,0.279
kp20 run1.txt,4,-20.0,-1,373.000,-0.0992,0.293
kp20 run1.txt,4,-20.0,-1,374.000,-0.1006,-0.272
kp20 run1.txt,4,-20.0,-1,375.000,-0.0955,0.366
kp20 run1.txt,4,-20.0,-1,376.000,-0.1006,-0.272
kp20 run1.txt,4,-20.0,-1,377.000,-0.1006,-0.272
kp20 run1.txt,4,-20.0,-1,378.000,-0.1072,-0.403
kp20 run1.txt,4,-20.0,-1,379.000,-0.0985,0.308
kp20 run1.txt,4,-20.0,-1,380.000,-0.0992,0.293
kp20 run1.txt,4,-20.0,-1,381.000,-0.1006,-0.272
kp20 run1.txt,4,-20.0,-1,382.000,-0.1006,-0.272
kp20 run1.txt,4,-20.0,-1,383.000,-0.1006,-0.272
kp20 run1.txt,4,-20.0,-1,384.000,-0.1072,-0.403
kp20 run1.txt,4,-20.0,-1,385.000,-0.0999,0.279
kp20 run1.txt,4,-20.0,-1,386.000,-0.1025,-0.308
kp20 run1.txt,4,-20.0,-1,387.000,-0.0926,0.424
kp20 run1.txt,4,-20.0,-1,388.000,-0.0963,0.352
kp20 run1.txt,4,-20.0,-1,389.000,-0.0963,0.352
kp20 run1.txt,4,-20.0,-1,390.000,-0.1006,-0.272
kp20 run1.txt,4,-20.0,-1,391.000,-0.0999,0.279
kp20 run1.txt,4,-20.0,-1,392.000,-0.0999,0.279
kp20 run1.txt,4,-20.0,-1,393.000,-0.1014,-0.287
kp20 run1.txt,4,-20.0,-1,394.000,-0.0992,0.293
kp20 run1.txt,4,-20.0,-1,395.000,-0.1006,-0.272
kp20 run1.txt,4,-20.0,-1,396.000,-0.1014,-0.287
kp20 run1.txt,4,-20.0,-1,397.000,-0.1021,-0.301
kp20 run1.txt,4,-20.0,-1,398.000,-0.0999,0.279
kp20 run1.txt,4,-20.0,-1,399.000,-0.1065,-0.389
kp20 run1.txt,4,-20.0,-1,400.000,-0.0992,0.293
kp20 run1.txt,4,-20.0,-1,401.000,-0.1006,-0.272
kp20 run1.txt,4,-20.0,-1,402.000,-0.0985,0.308
kp20 run1.txt,4,-20.0,-1,403.000,-0.1006,-0.272
kp20 run1.txt,4,-20.0,-1,404.000,-0.0996,0.286
kp20 run1.txt,4,-20.0,-1,405.000,-0.0992,0.293
kp20 run1.txt,4,-20.0,-1,406.000,-0.0985,0.308
kp20 run1.txt,4,-20.0,-1,407.000,-0.0992,0.293
kp20 run1.txt,4,-20.0,-1,408.000,-0.1006,-0.272
kp20 run1.txt,4,-20.0,-1,409.000,-0.0966,0.344
kp20 run1.txt,4,-20.0,-1,410.000,-0.0996,0.286
kp20 run1.txt,4,-20.0,-1,411.000,-0.1014,-0.287
kp20 run1.txt,4,-20.0,-1,412.000,-0.0985,0.308
kp20 run1.txt,4,-20.0,-1,413.000,-0.1006,-0.272
kp20 run1.txt,4,-20.0,-1,414.000,-0.0996,0.286
kp20 run1.txt,4,-20.0,-1,415.000,-0.0988,0.301
kp20 run1.txt,4,-20.0,-1,416.000,-0.101,-0.279
kp20 run1.txt,4,-20.0,-1,417.000,-0.0985,0.308
kp20 run1.txt,4,-20.0,-1,418.000,-0.0996,0.286
kp20 run1.txt,4,-20.0,-1,419.000,-0.0963,0.352
kp20 run1.txt,4,-20.0,-1,420.000,-0.1006,-0.272
kp20 run1.txt,4,-20.0,-1,421.000,-0.1021,-0.301
kp20 run1.txt,4,-20.0,-1,422.000,-0.0999,0.279
kp20 run1.txt,4,-20.0,-1,423.000,-0.1014,-0.287
kp20 run1.txt,4,-20.0,-1,424.000,-0.0992,0.293
kp20 run1.txt,4,-20.0,-1,425.000,-0.0992,0.293
kp20 run1.txt,4,-20.0,-1,426.000,-0.1021,-0.301
kp20 run1.txt,4,-20.0,-1,427.000,-0.0992,0.293
kp20 run1.txt,4,-20.0,-1,428.000,-0.0941,0.395
kp20 run1.txt,4,-20.0,-1,429.000,-0.0985,0.308
kp20 run1.txt,4,-20.0,-1,430.000,-0.1014,-0.287
kp20 run1.txt,4,-20.0,-1,431.000,-0.1006,-0.272
kp20 run1.txt,4,-20.0,-1,432.000,-0.1028,-0.316
kp20 run1.txt,4,-20.0,-1,433.000,-0.0985,0.308
kp20 run1.txt,4,-20.0,-1,434.000,-0.1006,-0.272
kp20 run1.txt,4,-20.0,-1,435.000,-0.1006,-0.272
kp20 run1.txt,4,-20.0,-1,436.000,-0.0985,0.308
kp20 run1.txt,4,-20.0,-1,437.000,-0.1006,-0.272
kp20 run1.txt,4,-20.0,-1,438.000,-0.0999,0.279
kp20 run1.txt,4,-20.0,-1,439.000,-0.0992,0.293
kp20 run1.txt,4,-20.0,-1,440.000,-0.0985,0.308
kp20 run1.txt,4,-20.0,-1,441.000,-0.1006,-0.272
kp20 run1.txt,4,-20.0,-1,442.000,-0.1014,-0.287
kp20 run1.txt,4,-20.0,-1,443.000,-0.1003,-0.265
kp20 run1.txt,4,-20.0,-1,444.000,-0.0999,0.279
kp20 run1.txt,4,-20.0,-1,445.000,-0.1006,-0.272
kp20 run1.txt,4,-20.0,-1,446.000,-0.0996,0.286
kp20 run1.txt,4,-20.0,-1,447.000,-0.0985,0.308
kp20 run1.txt,4,-20.0,-1,448.000,-0.0985,0.308
kp20 run1.txt,4,-20.0,-1,449.000,-0.0977,0.322
kp20 run1.txt,4,-20.0,-1,450.000,-0.1006,-0.272
kp20 run1.txt,4,-20.0,-1,451.000,-0.0985,0.308
kp20 run1.txt,4,-20.0,-1,452.000,-0.1043,-0.345
kp20 run1.txt,4,-20.0,-1,453.000,-0.1006,-0.272
kp20 run1.txt,4,-20.0,-1,454.000,-0.0985,0.308
kp20 run1.txt,4,-20.0,-1,455.000,-0.0977,0.322
kp20 run1.txt,4,-20.0,-1,456.000,-0.1003,-0.265
kp20 run1.txt,4,-20.0,-1,457.000,-0.0934,0.41
kp20 run1.txt,4,-20.0,-1,458.000,-0.1021,-0.301
kp20 run1.txt,4,-20.0,-1,459.000,-0.1014,-0.287
kp20 run1.txt,4,-20.0,-1,460.000,-0.0999,0.279
kp20 run1.txt,4,-20.0,-1,461.000,-0.0846,0.585
kp20 run1.txt,4,-20.0,-1,462.000,-0.1123,-0.505
kp20 run1.txt,4,-20.0,-1,463.000,-0.0999,0.279
kp20 run1.txt,4,-20.0,-1,464.000,-0.0985,0.308
kp20 run1.txt,4,-20.0,-1,465.000,-0.0996,0.286
kp20 run1.txt,4,-20.0,-1,466.000,-0.1025,-0.308
kp20 run1.txt,4,-20.0,-1,467.000,-0.0999,0.279
kp20 run1.txt,4,-20.0,-1,468.000,-0.0992,0.293
kp20 run1.txt,4,-20.0,-1,469.000,-0.0992,0.293
kp20 run1.txt,4,-20.0,-1,470.000,-0.1138,-0.534
kp20 run1.txt,4,-20.0,-1,471.000,-0.0904,0.468
kp20 run1.txt,4,-20.0,-1,472.000,-0.1021,-0.301
kp20 run1.txt,4,-20.0,-1,473.000,-0.1006,-0.272
kp20 run1.txt,4,-20.0,-1,474.000,-0.1006,-0.272
kp20 run1.txt,4,-20.0,-1,475.000,-0.0999,0.279
kp20 run1.txt,4,-20.0,-1,476.000,-0.1079,-0.418
kp20 run1.txt,4,-20.0,-1,477.000,-0.0948,0.381
kp20 run1.txt,4,-20.0,-1,478.000,-0.1006,-0.272
kp20 run1.txt,4,-20.0,-1,479.000,-0.1036,-0.33
kp20 run1.txt,4,-20.0,-1,480.000,-0.1028,-0.316
kp20 run1.txt,4,-20.0,-1,481.000,-0.0985,0.308
kp20 run1.txt,4,-20.0,-1,482.000,-0.1028,-0.316
kp20 run1.txt,4,-20.0,-1,483.000,-0.0977,0.322
kp20 run1.txt,4,-20.0,-1,484.000,-0.0996,0.286
kp20 run1.txt,4,-20.0,-1,485.000,-0.1014,-0.287
kp20 run1.txt,4,-20.0,-1,486.000,-0.1028,-0.316
kp20 run1.txt,4,-20.0,-1,487.000,-0.1025,-0.308
kp20 run1.txt,4,-20.0,-1,488.000,-0.0996,0.286
kp20 run1.txt,4,-20.0,-1,489.000,-0.0985,0.308
kp20 run1.txt,4,-20.0,-1,490.000,-0.1021,-0.301
kp20 run1.txt,4,-20.0,-1,491.000,-0.0992,0.293
kp20 run1.txt,4,-20.0,-1,492.000,-0.0977,0.322
kp20 run1.txt,4,-20.0,-1,493.000,-0.1006,-0.272
kp20 run1.txt,4,-20.0,-1,494.000,-0.0985,0.308
kp20 run1.txt,4,-20.0,-1,495.000,-0.1003,-0.265
kp20 run1.txt,4,-20.0,-1,496.000,-0.101,-0.279
kp20 run1.txt,4,-20.0,-1,497.000,-0.0999,0.279
kp20 run1.txt,4,-20.0,-1,498.000,-0.0999,0.279
kp20 run1.txt,4,-20.0,-1,499.000,-0.1006,-0.272
kp20 run1.txt,4,-20.0,-1,500.000,-0.1021,-0.301
kp20 run1.txt,4,-20.0,-1,501.000,-0.0941,0.395
kp20 run1.txt,4,-20.0,-1,502.000,-0.0985,0.308
kp20 run1.txt,4,-20.0,-1,503.000,-0.1003,-0.265
kp20 run1.txt,4,-20.0,-1,504.000,-0.0999,0.279
kp20 run1.txt,4,-20.0,-1,505.000,-0.1006,-0.272
kp20 run1.txt,4,-20.0,-1,506.000,-0.0985,0.308
kp20 run1.txt,4,-20.0,-1,507.000,-0.1006,-0.272
kp20 run1.txt,4,-20.0,-1,508.000,-0.1006,-0.272
kp20 run1.txt,4,-20.0,-1,509.000,-0.078,0.716
kp20 run1.txt,4,-20.0,-1,510.000,-0.1014,-0.287
kp20 run1.txt,4,-20.0,-1,511.000,-0.1014,-0.287
kp20 run1.txt,4,-20.0,-1,512.000,-0.0992,0.293
kp20 run1.txt,4,-20.0,-1,513.000,-0.0904,0.468
kp20 run1.txt,4,-20.0,-1,514.000,-0.0999,0.279
kp20 run1.txt,4,-20.0,-1,515.000,-0.0996,0.286
kp20 run1.txt,4,-20.0,-1,516.000,-0.1006,-0.272
kp20 run1.txt,4,-20.0,-1,517.000,-0.1006,-0.272
kp20 run1.txt,4,-20.0,-1,518.000,-0.0992,0.293
kp20 run1.txt,4,-20.0,-1,519.000,-0.1006,-0.272
kp20 run1.txt,4,-20.0,-1,520.000,-0.0992,0.293
kp20 run1.txt,4,-20.0,-1,521.000,-0.0992,0.293
kp20 run1.txt,4,-20.0,-1,522.000,-0.0985,0.308
kp20 run1.txt,4,-20.0,-1,523.000,-0.1006,-0.272
kp20 run1.txt,4,-20.0,-1,524.000,-0.0934,0.41
kp20 run1.txt,4,-20.0,-1,525.000,-0.0985,0.308
kp20 run1.txt,4,-20.0,-1,526.000,-0.105,-0.359
kp20 run1.txt,4,-20.0,-1,527.000,-0.1014,-0.287
kp20 run1.txt,4,-20.0,-1,528.000,-0.1014,-0.287
kp20 run1.txt,4,-20.0,-1,529.000,-0.1006,-0.272
kp20 run1.txt,4,-20.0,-1,530.000,-0.1025,-0.308
kp20 run1.txt,4,-20.0,-1,531.000,-0.0992,0.293
kp20 run1.txt,4,-20.0,-1,532.000,-0.097,0.337
kp20 run1.txt,4,-20.0,-1,533.000,-0.1006,-0.272
kp20 run1.txt,4,-20.0,-1,534.000,-0.097,0.337
kp20 run1.txt,4,-20.0,-1,535.000,-0.0996,0.286
kp20 run1.txt,4,-20.0,-1,536.000,-0.0992,0.293
kp20 run1.txt,4,-20.0,-1,537.000,-0.0985,0.308
kp20 run1.txt,4,-20.0,-1,538.000,-0.1014,-0.287
kp20 run1.txt,4,-20.0,-1,539.000,-0.1006,-0.272
kp20 run1.txt,4,-20.0,-1,540.000,-0.0992,0.293
kp20 run1.txt,4,-20.0,-1,541.000,-0.1014,-0.287
kp20 run1.txt,4,-20.0,-1,542.000,-0.0963,0.352
kp20 run1.txt,4,-20.0,-1,543.000,-0.1021,-0.301
kp20 run1.txt,4,-20.0,-1,544.000,-0.105,-0.359
kp20 run1.txt,4,-20.0,-1,545.000,-0.1006,-0.272
kp20 run1.txt,4,-20.0,-1,546.000,-0.0999,0.279
kp20 run1.txt,4,-20.0,-1,547.000,-0.1006,-0.272
kp20 run1.txt,4,-20.0,-1,548.000,-0.0963,0.352
kp20 run1.txt,4,-20.0,-1,549.000,-0.1014,-0.287
kp20 run1.txt,4,-20.0,-1,550.000,-0.0992,0.293
kp20 run1.txt,4,-20.0,-1,551.000,-0.1003,-0.265
kp20 run1.txt,4,-20.0,-1,552.000,-0.1006,-0.272
kp20 run1.txt,4,-20.0,-1,553.000,-0.0948,0.381
kp20 run1.txt,4,-20.0,-1,554.000,-0.1247,-0.753
kp20 run1.txt,4,-20.0,-1,555.000,-0.0955,0.366
kp20 run1.txt,4,-20.0,-1,556.000,-0.0996,0.286
kp20 run1.txt,4,-20.0,-1,557.000,-0.1065,-0.389
kp20 run1.txt,4,-20.0,-1,558.000,-0.1021,-0.301
kp20 run1.txt,4,-20.0,-1,559.000,-0.0992,0.293
kp20 run1.txt,4,-20.0,-1,560.000,-0.097,0.337
kp20 run1.txt,4,-20.0,-1,561.000,-0.0977,0.322
kp20 run1.txt,4,-20.0,-1,562.000,-0.0996,0.286
kp20 run1.txt,4,-20.0,-1,563.000,-0.1017,-0.294
kp20 run1.txt,4,-20.0,-1,564.000,-0.0999,0.279
kp20 run1.txt,4,-20.0,-1,565.000,-0.0955,0.366
kp20 run1.txt,4,-20.0,-1,566.000,-0.1025,-0.308
kp20 run1.txt,4,-20.0,-1,567.000,-0.1021,-0.301
kp20 run1.txt,4,-20.0,-1,568.000,-0.0992,0.293
kp20 run1.txt,4,-20.0,-1,569.000,-0.0985,0.308
kp20 run1.txt,4,-20.0,-1,570.000,-0.1021,-0.301
kp20 run1.txt,4,-20.0,-1,571.000,-0.0985,0.308
kp20 run1.txt,4,-20.0,-1,572.000,-0.1014,-0.287
kp20 run1.txt,4,-20.0,-1,573.000,-0.1014,-0.287
kp20 run1.txt,4,-20.0,-1,574.000,-0.1043,-0.345
kp20 run1.txt,4,-20.0,-1,575.000,-0.1006,-0.272
kp20 run1.txt,4,-20.0,-1,576.000,-0.1021,-0.301
kp20 run1.txt,4,-20.0,-1,577.000,-0.1006,-0.272
kp20 run1.txt,4,-20.0,-1,578.000,-0.0999,0.279
kp20 run1.txt,4,-20.0,-1,579.000,-0.0992,0.293
kp20 run1.txt,4,-20.0,-1,580.000,-0.1021,-0.301
kp20 run1.txt,4,-20.0,-1,581.000,-0.1014,-0.287
kp20 run1.txt,4,-20.0,-1,582.000,-0.0992,0.293
kp20 run1.txt,4,-20.0,-1,583.000,-0.0985,0.308
kp20 run1.txt,4,-20.0,-1,584.000,-0.1006,-0.272
kp20 run1.txt,4,-20.0,-1,585.000,-0.1014,-0.287
kp20 run1.txt,4,-20.0,-1,586.000,-0.0955,0.366
kp20 run1.txt,4,-20.0,-1,587.000,-0.0985,0.308
kp20 run1.txt,4,-20.0,-1,588.000,-0.1028,-0.316
kp20 run1.txt,4,-20.0,-1,589.000,-0.1021,-0.301
kp20 run1.txt,4,-20.0,-1,590.000,-0.1006,-0.272
kp20 run1.txt,4,-20.0,-1,591.000,-0.1043,-0.345
kp20 run1.txt,4,-20.0,-1,592.000,-0.0996,0.286
kp20 run1.txt,4,-20.0,-1,593.000,-0.0999,0.279
kp20 run1.txt,4,-20.0,-1,594.000,-0.0992,0.293
kp20 run1.txt,4,-20.0,-1,595.000,-0.101,-0.279
kp20 run1.txt,4,-20.0,-1,596.000,-0.0992,0.293
kp20 run1.txt,4,-20.0,-1,597.000,-0.1014,-0.287
kp20 run1.txt,4,-20.0,-1,598.000,-0.0999,0.279
kp20 run1.txt,4,-20.0,-1,599.000,-0.0996,0.286
kp20 run1.txt,5,-20.0,1,0.000,-0.1014,-4.287
kp20 run1.txt,5,-20.0,1,1.000,-0.0996,-4.25
kp20 run1.txt,5,-20.0,1,2.000,-0.1006,-4.272
kp20 run1.txt,5,-20.0,1,3.000,-0.0992,-4.243
kp20 run1.txt,5,-20.0,1,4.000,-0.0999,-4.257
kp20 run1.txt,5,-20.0,1,5.000,-0.1014,-4.287
kp20 run1.txt,5,-20.0,1,6.000,-0.0963,-4.184
kp20 run1.txt,5,-20.0,1,7.000,-0.0955,-4.17
kp20 run1.txt,5,-20.0,1,8.000,-0.0963,-4.184
kp20 run1.txt,5,-20.0,1,9.000,-0.093,-4.119
kp20 run1.txt,5,-20.0,1,10.000,-0.0853,-3.966
kp20 run1.txt,5,-20.0,1,11.000,-0.085,-3.958
kp20 run1.txt,5,-20.0,1,12.000,-0.0839,-3.937
kp20 run1.txt,5,-20.0,1,13.000,-0.0802,-3.864
kp20 run1.txt,5,-20.0,1,14.000,-0.0773,-3.805
kp20 run1.txt,5,-20.0,1,15.000,-0.0722,-3.703
kp20 run1.txt,5,-20.0,1,16.000,-0.0755,-3.769
kp20 run1.txt,5,-20.0,1,17.000,-0.07,-3.66
kp20 run1.txt,5,-20.0,1,18.000,-0.0646,-3.55
kp20 run1.txt,5,-20.0,1,19.000,-0.0602,-3.463
kp20 run1.txt,5,-20.0,1,20.000,-0.027,-2.799
kp20 run1.txt,5,-20.0,1,21.000,-0.0482,-3.222
kp20 run1.txt,5,-20.0,1,22.000,-0.0471,-3.2
kp20 run1.txt,5,-20.0,1,23.000,-0.0383,-3.025
kp20 run1.txt,5,-20.0,1,24.000,-0.0412,-3.084
kp20 run1.txt,5,-20.0,1,25.000,-0.0372,-3.003
kp20 run1.txt,5,-20.0,1,26.000,-0.0343,-2.945
kp20 run1.txt,5,-20.0,1,27.000,-0.027,-2.799
kp20 run1.txt,5,-20.0,1,28.000,-0.0208,-2.675
kp20 run1.txt,5,-20.0,1,29.000,-0.0205,-2.668
kp20 run1.txt,5,-20.0,1,30.000,-0.0197,-2.653
kp20 run1.txt,5,-20.0,1,31.000,-0.0205,-2.668
kp20 run1.txt,5,-20.0,1,32.000,-0.0128,-2.515
kp20 run1.txt,5,-20.0,1,33.000,-0.0081,-2.42
kp20 run1.txt,5,-20.0,1,34.000,0.0131,-1.997
kp20 run1.txt,5,-20.0,1,35.000,0.0003,-2.253
kp20 run1.txt,5,-20.0,1,36.000,0.0058,-2.143
kp20 run1.txt,5,-20.0,1,37.000,0.0058,-2.143
kp20 run1.txt,5,-20.0,1,38.000,0.0131,-1.997
kp20 run1.txt,5,-20.0,1,39.000,0.0189,-1.881
kp20 run1.txt,5,-20.0,1,40.000,0.024,-1.779
kp20 run1.txt,5,-20.0,1,41.000,0.0262,-1.735
kp20 run1.txt,5,-20.0,1,42.000,0.0284,-1.691
kp20 run1.txt,5,-20.0,1,43.000,0.0393,-1.472
kp20 run1.txt,5,-20.0,1,44.000,0.0375,-1.509
kp20 run1.txt,5,-20.0,1,45.000,0.0408,-1.443
kp20 run1.txt,5,-20.0,1,46.000,0.032,-1.618
kp20 run1.txt,5,-20.0,1,47.000,0.0707,-0.845
kp20 run1.txt,5,-20.0,1,48.000,0.0495,-1.268
kp20 run1.txt,5,-20.0,1,49.000,0.0699,-0.86
kp20 run1.txt,5,-20.0,1,50.000,0.0568,-1.123
kp20 run1.txt,5,-20.0,1,51.000,0.0546,-1.166
kp20 run1.txt,5,-20.0,1,52.000,0.0641,-0.977
kp20 run1.txt,5,-20.0,1,53.000,0.0699,-0.86
kp20 run1.txt,5,-20.0,1,54.000,0.0718,-0.824
kp20 run1.txt,5,-20.0,1,55.000,0.0707,-0.845
kp20 run1.txt,5,-20.0,1,56.000,0.0754,-0.751
kp20 run1.txt,5,-20.0,1,57.000,0.0834,-0.59
kp20 run1.txt,5,-20.0,1,58.000,0.0812,-0.634
kp20 run1.txt,5,-20.0,1,59.000,0.0845,-0.568
kp20 run1.txt,5,-20.0,1,60.000,0.0729,-0.802
kp20 run1.txt,5,-20.0,1,61.000,0.0907,-0.445
kp20 run1.txt,5,-20.0,1,62.000,0.0958,-0.342
kp20 run1.txt,5,-20.0,1,63.000,0.0955,-0.35
kp20 run1.txt,5,-20.0,1,64.000,0.0977,-0.306
kp20 run1.txt,5,-20.0,1,65.000,0.0969,-0.321
kp20 run1.txt,5,-20.0,1,66.000,0.1024,0.325
kp20 run1.txt,5,-20.0,1,67.000,0.1002,0.281
kp20 run1.txt,5,-20.0,1,68.000,0.1115,0.507
kp20 run1.txt,5,-20.0,1,69.000,0.1079,0.434
kp20 run1.txt,5,-20.0,1,70.000,0.1086,0.449
kp20 run1.txt,5,-20.0,1,71.000,0.1133,0.544
kp20 run1.txt,5,-20.0,1,72.000,0.11,0.478
kp20 run1.txt,5,-20.0,1,73.000,0.1159,0.595
kp20 run1.txt,5,-20.0,1,74.000,0.1144,0.565
kp20 run1.txt,5,-20.0,1,75.000,0.1151,0.58
kp20 run1.txt,5,-20.0,1,76.000,0.1159,0.595
kp20 run1.txt,5,-20.0,1,77.000,0.1166,0.609
kp20 run1.txt,5,-20.0,1,78.000,0.1181,0.638
kp20 run1.txt,5,-20.0,1,79.000,0.1195,0.667
kp20 run1.txt,5,-20.0,1,80.000,0.1195,0.667
kp20 run1.txt,5,-20.0,1,81.000,0.1203,0.682
kp20 run1.txt,5,-20.0,1,82.000,0.121,0.697
kp20 run1.txt,5,-20.0,1,83.000,0.1195,0.667
kp20 run1.txt,5,-20.0,1,84.000,0.1217,0.711
kp20 run1.txt,5,-20.0,1,85.000,0.1188,0.653
kp20 run1.txt,5,-20.0,1,86.000,0.1232,0.74
kp20 run1.txt,5,-20.0,1,87.000,0.1108,0.492
kp20 run1.txt,5,-20.0,1,88.000,0.1195,0.667
kp20 run1.txt,5,-20.0,1,89.000,0.1203,0.682
kp20 run1.txt,5,-20.0,1,90.000,0.1195,0.667
kp20 run1.txt,5,-20.0,1,91.000,0.1232,0.74
kp20 run1.txt,5,-20.0,1,92.000,0.1217,0.711
kp20 run1.txt,5,-20.0,1,93.000,0.1064,0.405
kp20 run1.txt,5,-20.0,1,94.000,0.1181,0.638
kp20 run1.txt,5,-20.0,1,95.000,0.1166,0.609
kp20 run1.txt,5,-20.0,1,96.000,0.1203,0.682
kp20 run1.txt,5,-20.0,1,97.000,0.121,0.697
kp20 run1.txt,5,-20.0,1,98.000,0.1195,0.667
kp20 run1.txt,5,-20.0,1,99.000,0.1228,0.733
kp20 run1.txt,5,-20.0,1,100.000,0.125,0.777
kp20 run1.txt,5,-20.0,1,101.000,0.1181,0.638
kp20 run1.txt,5,-20.0,1,102.000,0.1195,0.667
kp20 run1.txt,5,-20.0,1,103.000,0.1228,0.733
kp20 run1.txt,5,-20.0,1,104.000,0.1232,0.74
kp20 run1.txt,5,-20.0,1,105.000,0.121,0.697
kp20 run1.txt,5,-20.0,1,106.000,0.1243,0.762
kp20 run1.txt,5,-20.0,1,107.000,0.1115,0.507
kp20 run1.txt,5,-20.0,1,108.000,0.1108,0.492
kp20 run1.txt,5,-20.0,1,109.000,0.1319,0.915
kp20 run1.txt,5,-20.0,1,110.000,0.1195,0.667
kp20 run1.txt,5,-20.0,1,111.000,0.1195,0.667
kp20 run1.txt,5,-20.0,1,112.000,0.1217,0.711
kp20 run1.txt,5,-20.0,1,113.000,0.1035,0.347
kp20 run1.txt,5,-20.0,1,114.000,0.1151,0.58
kp20 run1.txt,5,-20.0,1,115.000,0.1144,0.565
kp20 run1.txt,5,-20.0,1,116.000,0.1111,0.5
kp20 run1.txt,5,-20.0,1,117.000,0.1115,0.507
kp20 run1.txt,5,-20.0,1,118.000,0.1137,0.551
kp20 run1.txt,5,-20.0,1,119.000,0.1137,0.551
kp20 run1.txt,5,-20.0,1,120.000,0.1093,0.463
kp20 run1.txt,5,-20.0,1,121.000,0.1115,0.507
kp20 run1.txt,5,-20.0,1,122.000,0.1108,0.492
kp20 run1.txt,5,-20.0,1,123.000,0.1049,0.376
kp20 run1.txt,5,-20.0,1,124.000,0.1115,0.507
kp20 run1.txt,5,-20.0,1,125.000,0.1071,0.42
kp20 run1.txt,5,-20.0,1,126.000,0.1086,0.449
kp20 run1.txt,5,-20.0,1,127.000,0.1075,0.427
kp20 run1.txt,5,-20.0,1,128.000,0.1086,0.449
kp20 run1.txt,5,-20.0,1,129.000,0.109,0.456
kp20 run1.txt,5,-20.0,1,130.000,0.1042,0.361
kp20 run1.txt,5,-20.0,1,131.000,0.1057,0.39
kp20 run1.txt,5,-20.0,1,132.000,0.1057,0.39
kp20 run1.txt,5,-20.0,1,133.000,0.1049,0.376
kp20 run1.txt,5,-20.0,1,134.000,0.1028,0.332
kp20 run1.txt,5,-20.0,1,135.000,0.1115,0.507
kp20 run1.txt,5,-20.0,1,136.000,0.1035,0.347
kp20 run1.txt,5,-20.0,1,137.000,0.1049,0.376
kp20 run1.txt,5,-20.0,1,138.000,0.1006,0.288
kp20 run1.txt,5,-20.0,1,139.000,0.0984,-0.291
kp20 run1.txt,5,-20.0,1,140.000,0.1035,0.347
kp20 run1.txt,5,-20.0,1,141.000,0.0995,-0.27
kp20 run1.txt,5,-20.0,1,142.000,0.0984,-0.291
kp20 run1.txt,5,-20.0,1,143.000,0.0998,-0.262
kp20 run1.txt,5,-20.0,1,144.000,0.094,-0.379
kp20 run1.txt,5,-20.0,1,145.000,0.0977,-0.306
kp20 run1.txt,5,-20.0,1,146.000,0.0984,-0.291
kp20 run1.txt,5,-20.0,1,147.000,0.0998,-0.262
kp20 run1.txt,5,-20.0,1,148.000,0.0977,-0.306
kp20 run1.txt,5,-20.0,1,149.000,0.0977,-0.306
kp20 run1.txt,5,-20.0,1,150.000,0.1079,0.434
kp20 run1.txt,5,-20.0,1,151.000,0.0977,-0.306
kp20 run1.txt,5,-20.0,1,152.000,0.0969,-0.321
kp20 run1.txt,5,-20.0,1,153.000,0.1046,0.369
kp20 run1.txt,5,-20.0,1,154.000,0.0977,-0.306
kp20 run1.txt,5,-20.0,1,155.000,0.0962,-0.335
kp20 run1.txt,5,-20.0,1,156.000,0.0998,-0.262
kp20 run1.txt,5,-20.0,1,157.000,0.0984,-0.291
kp20 run1.txt,5,-20.0,1,158.000,0.0977,-0.306
kp20 run1.txt,5,-20.0,1,159.000,0.0925,-0.408
kp20 run1.txt,5,-20.0,1,160.000,0.0998,-0.262
kp20 run1.txt,5,-20.0,1,161.000,0.094,-0.379
kp20 run1.txt,5,-20.0,1,162.000,0.0962,-0.335
kp20 run1.txt,5,-20.0,1,163.000,0.0969,-0.321
kp20 run1.txt,5,-20.0,1,164.000,0.0987,-0.284
kp20 run1.txt,5,-20.0,1,165.000,0.1013,0.303
kp20 run1.txt,5,-20.0,1,166.000,0.0969,-0.321
kp20 run1.txt,5,-20.0,1,167.000,0.0951,-0.357
kp20 run1.txt,5,-20.0,1,168.000,0.0969,-0.321
kp20 run1.txt,5,-20.0,1,169.000,0.0984,-0.291
kp20 run1.txt,5,-20.0,1,170.000,0.0995,-0.27
kp20 run1.txt,5,-20.0,1,171.000,0.0936,-0.386
kp20 run1.txt,5,-20.0,1,172.000,0.1031,0.339
kp20 run1.txt,5,-20.0,1,173.000,0.0962,-0.335
kp20 run1.txt,5,-20.0,1,174.000,0.1049,0.376
kp20 run1.txt,5,-20.0,1,175.000,0.0977,-0.306
kp20 run1.txt,5,-20.0,1,176.000,0.0962,-0.335
kp20 run1.txt,5,-20.0,1,177.000,0.0969,-0.321
kp20 run1.txt,5,-20.0,1,178.000,0.0969,-0.321
kp20 run1.txt,5,-20.0,1,179.000,0.0947,-0.364
kp20 run1.txt,5,-20.0,1,180.000,0.0977,-0.306
kp20 run1.txt,5,-20.0,1,181.000,0.0962,-0.335
kp20 run1.txt,5,-20.0,1,182.000,0.1013,0.303
kp20 run1.txt,5,-20.0,1,183.000,0.0969,-0.321
kp20 run1.txt,5,-20.0,1,184.000,0.0969,-0.321
kp20 run1.txt,5,-20.0,1,185.000,0.0998,-0.262
kp20 run1.txt,5,-20.0,1,186.000,0.0977,-0.306
kp20 run1.txt,5,-20.0,1,187.000,0.094,-0.379
kp20 run1.txt,5,-20.0,1,188.000,0.0969,-0.321
kp20 run1.txt,5,-20.0,1,189.000,0.098,-0.299
kp20 run1.txt,5,-20.0,1,190.000,0.0969,-0.321
kp20 run1.txt,5,-20.0,1,191.000,0.094,-0.379
kp20 run1.txt,5,-20.0,1,192.000,0.0977,-0.306
kp20 run1.txt,5,-20.0,1,193.000,0.1006,0.288
kp20 run1.txt,5,-20.0,1,194.000,0.1035,0.347
kp20 run1.txt,5,-20.0,1,195.000,0.102,0.317
kp20 run1.txt,5,-20.0,1,196.000,0.0984,-0.291
kp20 run1.txt,5,-20.0,1,197.000,0.0984,-0.291
kp20 run1.txt,5,-20.0,1,198.000,0.1002,0.281
kp20 run1.txt,5,-20.0,1,199.000,0.0998,-0.262
kp20 run1.txt,5,-20.0,1,200.000,0.0977,-0.306
kp20 run1.txt,5,-20.0,1,201.000,0.0969,-0.321
kp20 run1.txt,5,-20.0,1,202.000,0.0987,-0.284
kp20 run1.txt,5,-20.0,1,203.000,0.1013,0.303
kp20 run1.txt,5,-20.0,1,204.000,0.1093,0.463
kp20 run1.txt,5,-20.0,1,205.000,0.1049,0.376
kp20 run1.txt,5,-20.0,1,206.000,0.0998,-0.262
kp20 run1.txt,5,-20.0,1,207.000,0.0977,-0.306
kp20 run1.txt,5,-20.0,1,208.000,0.0977,-0.306
kp20 run1.txt,5,-20.0,1,209.000,0.0969,-0.321
kp20 run1.txt,5,-20.0,1,210.000,0.0991,-0.277
kp20 run1.txt,5,-20.0,1,211.000,0.0984,-0.291
kp20 run1.txt,5,-20.0,1,212.000,0.0991,-0.277
kp20 run1.txt,5,-20.0,1,213.000,0.0947,-0.364
kp20 run1.txt,5,-20.0,1,214.000,0.0998,-0.262
kp20 run1.txt,5,-20.0,1,215.000,0.0998,-0.262
kp20 run1.txt,5,-20.0,1,216.000,0.0991,-0.277
kp20 run1.txt,5,-20.0,1,217.000,0.1024,0.325
kp20 run1.txt,5,-20.0,1,218.000,0.1028,0.332
kp20 run1.txt,5,-20.0,1,219.000,0.1006,0.288
kp20 run1.txt,5,-20.0,1,220.000,0.0998,-0.262
kp20 run1.txt,5,-20.0,1,221.000,0.102,0.317
kp20 run1.txt,5,-20.0,1,222.000,0.0969,-0.321
kp20 run1.txt,5,-20.0,1,223.000,0.1028,0.332
kp20 run1.txt,5,-20.0,1,224.000,0.0991,-0.277
kp20 run1.txt,5,-20.0,1,225.000,0.1028,0.332
kp20 run1.txt,5,-20.0,1,226.000,0.1006,0.288
kp20 run1.txt,5,-20.0,1,227.000,0.0936,-0.386
kp20 run1.txt,5,-20.0,1,228.000,0.0998,-0.262
kp20 run1.txt,5,-20.0,1,229.000,0.0998,-0.262
kp20 run1.txt,5,-20.0,1,230.000,0.0998,-0.262
kp20 run1.txt,5,-20.0,1,231.000,0.0984,-0.291
kp20 run1.txt,5,-20.0,1,232.000,0.1006,0.288
kp20 run1.txt,5,-20.0,1,233.000,0.1006,0.288
kp20 run1.txt,5,-20.0,1,234.000,0.0998,-0.262
kp20 run1.txt,5,-20.0,1,235.000,0.0998,-0.262
kp20 run1.txt,5,-20.0,1,236.000,0.1028,0.332
kp20 run1.txt,5,-20.0,1,237.000,0.0947,-0.364
kp20 run1.txt,5,-20.0,1,238.000,0.0991,-0.277
kp20 run1.txt,5,-20.0,1,239.000,0.102,0.317
kp20 run1.txt,5,-20.0,1,240.000,0.1254,0.784
kp20 run1.txt,5,-20.0,1,241.000,0.1006,0.288
kp20 run1.txt,5,-20.0,1,242.000,0.098,-0.299
kp20 run1.txt,5,-20.0,1,243.000,0.0962,-0.335
kp20 run1.txt,5,-20.0,1,244.000,0.1006,0.288
kp20 run1.txt,5,-20.0,1,245.000,0.0998,-0.262
kp20 run1.txt,5,-20.0,1,246.000,0.1006,0.288
kp20 run1.txt,5,-20.0,1,247.000,0.0987,-0.284
kp20 run1.txt,5,-20.0,1,248.000,0.0947,-0.364
kp20 run1.txt,5,-20.0,1,249.000,0.0998,-0.262
kp20 run1.txt,5,-20.0,1,250.000,0.0977,-0.306
kp20 run1.txt,5,-20.0,1,251.000,0.0998,-0.262
kp20 run1.txt,5,-20.0,1,252.000,0.0911,-0.437
kp20 run1.txt,5,-20.0,1,253.000,0.0998,-0.262
kp20 run1.txt,5,-20.0,1,254.000,0.0998,-0.262
kp20 run1.txt,5,-20.0,1,255.000,0.0998,-0.262
kp20 run1.txt,5,-20.0,1,256.000,0.1093,0.463
kp20 run1.txt,5,-20.0,1,257.000,0.1009,0.296
kp20 run1.txt,5,-20.0,1,258.000,0.0969,-0.321
kp20 run1.txt,5,-20.0,1,259.000,0.102,0.317
kp20 run1.txt,5,-20.0,1,260.000,0.1042,0.361
kp20 run1.txt,5,-20.0,1,261.000,0.0995,-0.27
kp20 run1.txt,5,-20.0,1,262.000,0.1002,0.281
kp20 run1.txt,5,-20.0,1,263.000,0.098,-0.299
kp20 run1.txt,5,-20.0,1,264.000,0.0955,-0.35
kp20 run1.txt,5,-20.0,1,265.000,0.0998,-0.262
kp20 run1.txt,5,-20.0,1,266.000,0.0918,-0.423
kp20 run1.txt,5,-20.0,1,267.000,0.0984,-0.291
kp20 run1.txt,5,-20.0,1,268.000,0.0984,-0.291
kp20 run1.txt,5,-20.0,1,269.000,0.1115,0.507
kp20 run1.txt,5,-20.0,1,270.000,0.0991,-0.277
kp20 run1.txt,5,-20.0,1,271.000,0.1006,0.288
kp20 run1.txt,5,-20.0,1,272.000,0.0995,-0.27
kp20 run1.txt,5,-20.0,1,273.000,0.1028,0.332
kp20 run1.txt,5,-20.0,1,274.000,0.0998,-0.262
kp20 run1.txt,5,-20.0,1,275.000,0.102,0.317
kp20 run1.txt,5,-20.0,1,276.000,0.102,0.317
kp20 run1.txt,5,-20.0,1,277.000,0.102,0.317
kp20 run1.txt,5,-20.0,1,278.000,0.0991,-0.277
kp20 run1.txt,5,-20.0,1,279.000,0.0998,-0.262
kp20 run1.txt,5,-20.0,1,280.000,0.0998,-0.262
kp20 run1.txt,5,-20.0,1,281.000,0.0998,-0.262
kp20 run1.txt,5,-20.0,1,282.000,0.0998,-0.262
kp20 run1.txt,5,-20.0,1,283.000,0.0995,-0.27
kp20 run1.txt,5,-20.0,1,284.000,0.1006,0.288
kp20 run1.txt,5,-20.0,1,285.000,0.0998,-0.262
kp20 run1.txt,5,-20.0,1,286.000,0.0998,-0.262
kp20 run1.txt,5,-20.0,1,287.000,0.1006,0.288
kp20 run1.txt,5,-20.0,1,288.000,0.1017,0.31
kp20 run1.txt,5,-20.0,1,289.000,0.1046,0.369
kp20 run1.txt,5,-20.0,1,290.000,0.0998,-0.262
kp20 run1.txt,5,-20.0,1,291.000,0.1064,0.405
kp20 run1.txt,5,-20.0,1,292.000,0.1042,0.361
kp20 run1.txt,5,-20.0,1,293.000,0.0987,-0.284
kp20 run1.txt,5,-20.0,1,294.000,0.1013,0.303
kp20 run1.txt,5,-20.0,1,295.000,0.1035,0.347
kp20 run1.txt,5,-20.0,1,296.000,0.0962,-0.335
kp20 run1.txt,5,-20.0,1,297.000,0.0991,-0.277
kp20 run1.txt,5,-20.0,1,298.000,0.1028,0.332
kp20 run1.txt,5,-20.0,1,299.000,0.0998,-0.262
kp20 run1.txt,5,-20.0,1,300.000,0.102,0.317
kp20 run1.txt,5,-20.0,1,301.000,0.0973,-0.313
kp20 run1.txt,5,-20.0,1,302.000,0.0998,-0.262
kp20 run1.txt,5,-20.0,1,303.000,0.0984,-0.291
kp20 run1.txt,5,-20.0,1,304.000,0.1049,0.376
kp20 run1.txt,5,-20.0,1,305.000,0.1009,0.296
kp20 run1.txt,5,-20.0,1,306.000,0.0962,-0.335
kp20 run1.txt,5,-20.0,1,307.000,0.1115,0.507
kp20 run1.txt,5,-20.0,1,308.000,0.0962,-0.335
kp20 run1.txt,5,-20.0,1,309.000,0.1006,0.288
kp20 run1.txt,5,-20.0,1,310.000,0.0991,-0.277
kp20 run1.txt,5,-20.0,1,311.000,0.094,-0.379
kp20 run1.txt,5,-20.0,1,312.000,0.0998,-0.262
kp20 run1.txt,5,-20.0,1,313.000,0.0998,-0.262
kp20 run1.txt,5,-20.0,1,314.000,0.1006,0.288
kp20 run1.txt,5,-20.0,1,315.000,0.1017,0.31
kp20 run1.txt,5,-20.0,1,316.000,0.0998,-0.262
kp20 run1.txt,5,-20.0,1,317.000,0.1006,0.288
kp20 run1.txt,5,-20.0,1,318.000,0.0977,-0.306
kp20 run1.txt,5,-20.0,1,319.000,0.113,0.536
kp20 run1.txt,5,-20.0,1,320.000,0.0955,-0.35
kp20 run1.txt,5,-20.0,1,321.000,0.1006,0.288
kp20 run1.txt,5,-20.0,1,322.000,0.0991,-0.277
kp20 run1.txt,5,-20.0,1,323.000,0.1028,0.332
kp20 run1.txt,5,-20.0,1,324.000,0.1006,0.288
kp20 run1.txt,5,-20.0,1,325.000,0.1035,0.347
kp20 run1.txt,5,-20.0,1,326.000,0.0925,-0.408
kp20 run1.txt,5,-20.0,1,327.000,0.0991,-0.277
kp20 run1.txt,5,-20.0,1,328.000,0.1006,0.288
kp20 run1.txt,5,-20.0,1,329.000,0.1013,0.303
kp20 run1.txt,5,-20.0,1,330.000,0.1006,0.288
kp20 run1.txt,5,-20.0,1,331.000,0.0955,-0.35
kp20 run1.txt,5,-20.0,1,332.000,0.0933,-0.393
kp20 run1.txt,5,-20.0,1,333.000,0.0998,-0.262
kp20 run1.txt,5,-20.0,1,334.000,0.1028,0.332
kp20 run1.txt,5,-20.0,1,335.000,0.1006,0.288
kp20 run1.txt,5,-20.0,1,336.000,0.0998,-0.262
kp20 run1.txt,5,-20.0,1,337.000,0.0998,-0.262
kp20 run1.txt,5,-20.0,1,338.000,0.1017,0.31
kp20 run1.txt,5,-20.0,1,339.000,0.1064,0.405
kp20 run1.txt,5,-20.0,1,340.000,0.0889,-0.481
kp20 run1.txt,5,-20.0,1,341.000,0.0984,-0.291
kp20 run1.txt,5,-20.0,1,342.000,0.1108,0.492
kp20 run1.txt,5,-20.0,1,343.000,0.0998,-0.262
kp20 run1.txt,5,-20.0,1,344.000,0.0962,-0.335
kp20 run1.txt,5,-20.0,1,345.000,0.0984,-0.291
kp20 run1.txt,5,-20.0,1,346.000,0.1082,0.441
kp20 run1.txt,5,-20.0,1,347.000,0.1006,0.288
kp20 run1.txt,5,-20.0,1,348.000,0.1046,0.369
kp20 run1.txt,5,-20.0,1,349.000,0.1006,0.288
kp20 run1.txt,5,-20.0,1,350.000,0.1079,0.434
kp20 run1.txt,5,-20.0,1,351.000,0.0991,-0.277
kp20 run1.txt,5,-20.0,1,352.000,0.102,0.317
kp20 run1.txt,5,-20.0,1,353.000,0.1006,0.288
kp20 run1.txt,5,-20.0,1,354.000,0.0984,-0.291
kp20 run1.txt,5,-20.0,1,355.000,0.0958,-0.342
kp20 run1.txt,5,-20.0,1,356.000,0.0998,-0.262
kp20 run1.txt,5,-20.0,1,357.000,0.0998,-0.262
kp20 run1.txt,5,-20.0,1,358.000,0.1086,0.449
kp20 run1.txt,5,-20.0,1,359.000,0.1071,0.42
kp20 run1.txt,5,-20.0,1,360.000,0.094,-0.379
kp20 run1.txt,5,-20.0,1,361.000,0.0991,-0.277
kp20 run1.txt,5,-20.0,1,362.000,0.0998,-0.262
kp20 run1.txt,5,-20.0,1,363.000,0.102,0.317
kp20 run1.txt,5,-20.0,1,364.000,0.0998,-0.262
kp20 run1.txt,5,-20.0,1,365.000,0.0998,-0.262
kp20 run1.txt,5,-20.0,1,366.000,0.0962,-0.335
kp20 run1.txt,5,-20.0,1,367.000,0.1017,0.31
kp20 run1.txt,5,-20.0,1,368.000,0.0882,-0.496
kp20 run1.txt,5,-20.0,1,369.000,0.1028,0.332
kp20 run1.txt,5,-20.0,1,370.000,0.1006,0.288
kp20 run1.txt,5,-20.0,1,371.000,0.1017,0.31
kp20 run1.txt,5,-20.0,1,372.000,0.0991,-0.277
kp20 run1.txt,5,-20.0,1,373.000,0.0998,-0.262
kp20 run1.txt,5,-20.0,1,374.000,0.0991,-0.277
kp20 run1.txt,5,-20.0,1,375.000,0.1009,0.296
kp20 run1.txt,5,-20.0,1,376.000,0.0853,-0.554
kp20 run1.txt,5,-20.0,1,377.000,0.0995,-0.27
kp20 run1.txt,5,-20.0,1,378.000,0.098,-0.299
kp20 run1.txt,5,-20.0,1,379.000,0.0991,-0.277
kp20 run1.txt,5,-20.0,1,380.000,0.0998,-0.262
kp20 run1.txt,5,-20.0,1,381.000,0.1013,0.303
kp20 run1.txt,5,-20.0,1,382.000,0.0969,-0.321
kp20 run1.txt,5,-20.0,1,383.000,0.0998,-0.262
kp20 run1.txt,5,-20.0,1,384.000,0.0991,-0.277
kp20 run1.txt,5,-20.0,1,385.000,0.1006,0.288
kp20 run1.txt,5,-20.0,1,386.000,0.1006,0.288
kp20 run1.txt,5,-20.0,1,387.000,0.0987,-0.284
kp20 run1.txt,5,-20.0,1,388.000,0.0998,-0.262
kp20 run1.txt,5,-20.0,1,389.000,0.1057,0.39
kp20 run1.txt,5,-20.0,1,390.000,0.0991,-0.277
kp20 run1.txt,5,-20.0,1,391.000,0.0998,-0.262
kp20 run1.txt,5,-20.0,1,392.000,0.0987,-0.284
kp20 run1.txt,5,-20.0,1,393.000,0.1013,0.303
kp20 run1.txt,5,-20.0,1,394.000,0.1046,0.369
kp20 run1.txt,5,-20.0,1,395.000,0.1042,0.361
kp20 run1.txt,5,-20.0,1,396.000,0.0998,-0.262
kp20 run1.txt,5,-20.0,1,397.000,0.0998,-0.262
kp20 run1.txt,5,-20.0,1,398.000,0.1079,0.434
kp20 run1.txt,5,-20.0,1,399.000,0.1013,0.303
kp20 run1.txt,5,-20.0,1,400.000,0.0991,-0.277
kp20 run1.txt,5,-20.0,1,401.000,0.1006,0.288
kp20 run1.txt,5,-20.0,1,402.000,0.1013,0.303
kp20 run1.txt,5,-20.0,1,403.000,0.1028,0.332
kp20 run1.txt,5,-20.0,1,404.000,0.0995,-0.27
kp20 run1.txt,5,-20.0,1,405.000,0.1006,0.288
kp20 run1.txt,5,-20.0,1,406.000,0.0995,-0.27
kp20 run1.txt,5,-20.0,1,407.000,0.0987,-0.284
kp20 run1.txt,5,-20.0,1,408.000,0.0969,-0.321
kp20 run1.txt,5,-20.0,1,409.000,0.102,0.317
kp20 run1.txt,5,-20.0,1,410.000,0.1013,0.303
kp20 run1.txt,5,-20.0,1,411.000,0.1006,0.288
kp20 run1.txt,5,-20.0,1,412.000,0.0998,-0.262
kp20 run1.txt,5,-20.0,1,413.000,0.1035,0.347
kp20 run1.txt,5,-20.0,1,414.000,0.0962,-0.335
kp20 run1.txt,5,-20.0,1,415.000,0.1017,0.31
kp20 run1.txt,5,-20.0,1,416.000,0.0977,-0.306
kp20 run1.txt,5,-20.0,1,417.000,0.102,0.317
kp20 run1.txt,5,-20.0,1,418.000,0.0969,-0.321
kp20 run1.txt,5,-20.0,1,419.000,0.0874,-0.51
kp20 run1.txt,5,-20.0,1,420.000,0.0998,-0.262
kp20 run1.txt,5,-20.0,1,421.000,0.1013,0.303
kp20 run1.txt,5,-20.0,1,422.000,0.1006,0.288
kp20 run1.txt,5,-20.0,1,423.000,0.0998,-0.262
kp20 run1.txt,5,-20.0,1,424.000,0.0991,-0.277
kp20 run1.txt,5,-20.0,1,425.000,0.0969,-0.321
kp20 run1.txt,5,-20.0,1,426.000,0.0995,-0.27
kp20 run1.txt,5,-20.0,1,427.000,0.0998,-0.262
kp20 run1.txt,5,-20.0,1,428.000,0.0987,-0.284
kp20 run1.txt,5,-20.0,1,429.000,0.1111,0.5
kp20 run1.txt,5,-20.0,1,430.000,0.1013,0.303
kp20 run1.txt,5,-20.0,1,431.000,0.1009,0.296
kp20 run1.txt,5,-20.0,1,432.000,0.0933,-0.393
kp20 run1.txt,5,-20.0,1,433.000,0.102,0.317
kp20 run1.txt,5,-20.0,1,434.000,0.1017,0.31
kp20 run1.txt,5,-20.0,1,435.000,0.0998,-0.262
kp20 run1.txt,5,-20.0,1,436.000,0.0991,-0.277
kp20 run1.txt,5,-20.0,1,437.000,0.1006,0.288
kp20 run1.txt,5,-20.0,1,438.000,0.0991,-0.277
kp20 run1.txt,5,-20.0,1,439.000,0.1119,0.514
kp20 run1.txt,5,-20.0,1,440.000,0.0998,-0.262
kp20 run1.txt,5,-20.0,1,441.000,0.0977,-0.306
kp20 run1.txt,5,-20.0,1,442.000,0.0969,-0.321
kp20 run1.txt,5,-20.0,1,443.000,0.1006,0.288
kp20 run1.txt,5,-20.0,1,444.000,0.1006,0.288
kp20 run1.txt,5,-20.0,1,445.000,0.1013,0.303
kp20 run1.txt,5,-20.0,1,446.000,0.1017,0.31
kp20 run1.txt,5,-20.0,1,447.000,0.1049,0.376
kp20 run1.txt,5,-20.0,1,448.000,0.094,-0.379
kp20 run1.txt,5,-20.0,1,449.000,0.1013,0.303
kp20 run1.txt,5,-20.0,1,450.000,0.1038,0.354
kp20 run1.txt,5,-20.0,1,451.000,0.0984,-0.291
kp20 run1.txt,5,-20.0,1,452.000,0.1006,0.288
kp20 run1.txt,5,-20.0,1,453.000,0.0991,-0.277
kp20 run1.txt,5,-20.0,1,454.000,0.1017,0.31
kp20 run1.txt,5,-20.0,1,455.000,0.1006,0.288
kp20 run1.txt,5,-20.0,1,456.000,0.0904,-0.452
kp20 run1.txt,5,-20.0,1,457.000,0.0991,-0.277
kp20 run1.txt,5,-20.0,1,458.000,0.1141,0.558
kp20 run1.txt,5,-20.0,1,459.000,0.1009,0.296
kp20 run1.txt,5,-20.0,1,460.000,0.1079,0.434
kp20 run1.txt,5,-20.0,1,461.000,0.1049,0.376
kp20 run1.txt,5,-20.0,1,462.000,0.1009,0.296
kp20 run1.txt,5,-20.0,1,463.000,0.0998,-0.262
kp20 run1.txt,5,-20.0,1,464.000,0.1006,0.288
kp20 run1.txt,5,-20.0,1,465.000,0.1013,0.303
kp20 run1.txt,5,-20.0,1,466.000,0.0991,-0.277
kp20 run1.txt,5,-20.0,1,467.000,0.0998,-0.262
kp20 run1.txt,5,-20.0,1,468.000,0.0998,-0.262
kp20 run1.txt,5,-20.0,1,469.000,0.0962,-0.335
kp20 run1.txt,5,-20.0,1,470.000,0.1017,0.31
kp20 run1.txt,5,-20.0,1,471.000,0.1013,0.303
kp20 run1.txt,5,-20.0,1,472.000,0.0998,-0.262
kp20 run1.txt,5,-20.0,1,473.000,0.1028,0.332
kp20 run1.txt,5,-20.0,1,474.000,0.102,0.317
kp20 run1.txt,5,-20.0,1,475.000,0.0991,-0.277
kp20 run1.txt,5,-20.0,1,476.000,0.1006,0.288
kp20 run1.txt,5,-20.0,1,477.000,0.102,0.317
kp20 run1.txt,5,-20.0,1,478.000,0.0998,-0.262
kp20 run1.txt,5,-20.0,1,479.000,0.1006,0.288
kp20 run1.txt,5,-20.0,1,480.000,0.1028,0.332
kp20 run1.txt,5,-20.0,1,481.000,0.0962,-0.335
kp20 run1.txt,5,-20.0,1,482.000,0.0998,-0.262
kp20 run1.txt,5,-20.0,1,483.000,0.1035,0.347
kp20 run1.txt,5,-20.0,1,484.000,0.0933,-0.393
kp20 run1.txt,5,-20.0,1,485.000,0.1038,0.354
kp20 run1.txt,5,-20.0,1,486.000,0.1006,0.288
kp20 run1.txt,5,-20.0,1,487.000,0.1006,0.288
kp20 run1.txt,5,-20.0,1,488.000,0.1009,0.296
kp20 run1.txt,5,-20.0,1,489.000,0.1049,0.376
kp20 run1.txt,5,-20.0,1,490.000,0.0991,-0.277
kp20 run1.txt,5,-20.0,1,491.000,0.0889,-0.481
kp20 run1.txt,5,-20.0,1,492.000,0.1049,0.376
kp20 run1.txt,5,-20.0,1,493.000,0.0998,-0.262
kp20 run1.txt,5,-20.0,1,494.000,0.0998,-0.262
kp20 run1.txt,5,-20.0,1,495.000,0.1028,0.332
kp20 run1.txt,5,-20.0,1,496.000,0.0969,-0.321
kp20 run1.txt,5,-20.0,1,497.000,0.1006,0.288
kp20 run1.txt,5,-20.0,1,498.000,0.0998,-0.262
kp20 run1.txt,5,-20.0,1,499.000,0.0991,-0.277
kp20 run1.txt,5,-20.0,1,500.000,0.1006,0.288
kp20 run1.txt,5,-20.0,1,501.000,0.1028,0.332
kp20 run1.txt,5,-20.0,1,502.000,0.0998,-0.262
kp20 run1.txt,5,-20.0,1,503.000,0.1009,0.296
kp20 run1.txt,5,-20.0,1,504.000,0.1071,0.42
kp20 run1.txt,5,-20.0,1,505.000,0.1017,0.31
kp20 run1.txt,5,-20.0,1,506.000,0.102,0.317
kp20 run1.txt,5,-20.0,1,507.000,0.1009,0.296
kp20 run1.txt,5,-20.0,1,508.000,0.1031,0.339
kp20 run1.txt,5,-20.0,1,509.000,0.0966,-0.328
kp20 run1.txt,5,-20.0,1,510.000,0.1122,0.522
kp20 run1.txt,5,-20.0,1,511.000,0.106,0.398
kp20 run1.txt,5,-20.0,1,512.000,0.0998,-0.262
kp20 run1.txt,5,-20.0,1,513.000,0.1013,0.303
kp20 run1.txt,5,-20.0,1,514.000,0.1028,0.332
kp20 run1.txt,5,-20.0,1,515.000,0.0998,-0.262
kp20 run1.txt,5,-20.0,1,516.000,0.1013,0.303
kp20 run1.txt,5,-20.0,1,517.000,0.1013,0.303
kp20 run1.txt,5,-20.0,1,518.000,0.0874,-0.51
kp20 run1.txt,5,-20.0,1,519.000,0.1028,0.332
kp20 run1.txt,5,-20.0,1,520.000,0.102,0.317
kp20 run1.txt,5,-20.0,1,521.000,0.0991,-0.277
kp20 run1.txt,5,-20.0,1,522.000,0.094,-0.379
kp20 run1.txt,5,-20.0,1,523.000,0.1013,0.303
kp20 run1.txt,5,-20.0,1,524.000,0.0962,-0.335
kp20 run1.txt,5,-20.0,1,525.000,0.0955,-0.35
kp20 run1.txt,5,-20.0,1,526.000,0.1006,0.288
kp20 run1.txt,5,-20.0,1,527.000,0.1028,0.332
kp20 run1.txt,5,-20.0,1,528.000,0.1024,0.325
kp20 run1.txt,5,-20.0,1,529.000,0.0871,-0.517
kp20 run1.txt,5,-20.0,1,530.000,0.0984,-0.291
kp20 run1.txt,5,-20.0,1,531.000,0.0991,-0.277
kp20 run1.txt,5,-20.0,1,532.000,0.0998,-0.262
kp20 run1.txt,5,-20.0,1,533.000,0.1002,0.281
kp20 run1.txt,5,-20.0,1,534.000,0.1057,0.39
kp20 run1.txt,5,-20.0,1,535.000,0.102,0.317
kp20 run1.txt,5,-20.0,1,536.000,0.0969,-0.321
kp20 run1.txt,5,-20.0,1,537.000,0.1337,0.952
kp20 run1.txt,5,-20.0,1,538.000,0.1013,0.303
kp20 run1.txt,5,-20.0,1,539.000,0.0977,-0.306
kp20 run1.txt,5,-20.0,1,540.000,0.1028,0.332
kp20 run1.txt,5,-20.0,1,541.000,0.0842,-0.576
kp20 run1.txt,5,-20.0,1,542.000,0.0933,-0.393
kp20 run1.txt,5,-20.0,1,543.000,0.0998,-0.262
kp20 run1.txt,5,-20.0,1,544.000,0.0991,-0.277
kp20 run1.txt,5,-20.0,1,545.000,0.0998,-0.262
kp20 run1.txt,5,-20.0,1,546.000,0.1013,0.303
kp20 run1.txt,5,-20.0,1,547.000,0.0991,-0.277
kp20 run1.txt,5,-20.0,1,548.000,0.1024,0.325
kp20 run1.txt,5,-20.0,1,549.000,0.0995,-0.27
kp20 run1.txt,5,-20.0,1,550.000,0.1042,0.361
kp20 run1.txt,5,-20.0,1,551.000,0.0947,-0.364
kp20 run1.txt,5,-20.0,1,552.000,0.0998,-0.262
kp20 run1.txt,5,-20.0,1,553.000,0.0998,-0.262
kp20 run1.txt,5,-20.0,1,554.000,0.1035,0.347
kp20 run1.txt,5,-20.0,1,555.000,0.0991,-0.277
kp20 run1.txt,5,-20.0,1,556.000,0.0998,-0.262
kp20 run1.txt,5,-20.0,1,557.000,0.0962,-0.335
kp20 run1.txt,5,-20.0,1,558.000,0.102,0.317
kp20 run1.txt,5,-20.0,1,559.000,0.0987,-0.284
kp20 run1.txt,5,-20.0,1,560.000,0.0984,-0.291
kp20 run1.txt,5,-20.0,1,561.000,0.0998,-0.262
kp20 run1.txt,5,-20.0,1,562.000,0.0998,-0.262
kp20 run1.txt,5,-20.0,1,563.000,0.0998,-0.262
kp20 run1.txt,5,-20.0,1,564.000,0.0984,-0.291
kp20 run1.txt,5,-20.0,1,565.000,0.0987,-0.284
kp20 run1.txt,5,-20.0,1,566.000,0.094,-0.379
kp20 run1.txt,5,-20.0,1,567.000,0.102,0.317
kp20 run1.txt,5,-20.0,1,568.000,0.0987,-0.284
kp20 run1.txt,5,-20.0,1,569.000,0.1013,0.303
kp20 run1.txt,5,-20.0,1,570.000,0.1064,0.405
kp20 run1.txt,5,-20.0,1,571.000,0.1024,0.325
kp20 run1.txt,5,-20.0,1,572.000,0.1017,0.31
kp20 run1.txt,5,-20.0,1,573.000,0.1006,0.288
kp20 run1.txt,5,-20.0,1,574.000,0.0998,-0.262
kp20 run1.txt,5,-20.0,1,575.000,0.0991,-0.277
kp20 run1.txt,5,-20.0,1,576.000,0.1013,0.303
kp20 run1.txt,5,-20.0,1,577.000,0.0991,-0.277
kp20 run1.txt,5,-20.0,1,578.000,0.0991,-0.277
kp20 run1.txt,5,-20.0,1,579.000,0.0987,-0.284
kp20 run1.txt,5,-20.0,1,580.000,0.1013,0.303
kp20 run1.txt,5,-20.0,1,581.000,0.0955,-0.35
kp20 run1.txt,5,-20.0,1,582.000,0.0962,-0.335
kp20 run1.txt,5,-20.0,1,583.000,0.1006,0.288
kp20 run1.txt,5,-20.0,1,584.000,0.102,0.317
kp20 run1.txt,5,-20.0,1,585.000,0.102,0.317
kp20 run1.txt,5,-20.0,1,586.000,0.0977,-0.306
kp20 run1.txt,5,-20.0,1,587.000,0.0958,-0.342
kp20 run1.txt,5,-20.0,1,588.000,0.1024,0.325
kp20 run1.txt,5,-20.0,1,589.000,0.1013,0.303
kp20 run1.txt,5,-20.0,1,590.000,0.0955,-0.35
kp20 run1.txt,5,-20.0,1,591.000,0.102,0.317
kp20 run1.txt,5,-20.0,1,592.000,0.0998,-0.262
kp20 run1.txt,5,-20.0,1,593.000,0.0998,-0.262
kp20 run1.txt,5,-20.0,1,594.000,0.0998,-0.262
kp20 run1.txt,5,-20.0,1,595.000,0.1221,0.718
kp20 run1.txt,5,-20.0,1,596.000,0.1013,0.303
kp20 run1.txt,5,-20.0,1,597.000,0.0995,-0.27
kp20 run1.txt,5,-20.0,1,598.000,0.0998,-0.262
kp20 run1.txt,5,-20.0,1,599.000,0.1086,0.449
kp20 run1.txt,6,-20.0,-1,0.000,0.1035,4.347
kp20 run1.txt,6,-20.0,-1,1.000,0.1297,4.872
kp20 run1.txt,6,-20.0,-1,2.000,0.0984,4.245
kp20 run1.txt,6,-20.0,-1,3.000,0.1006,4.288
kp20 run1.txt,6,-20.0,-1,4.000,0.102,4.317
kp20 run1.txt,6,-20.0,-1,5.000,0.102,4.317
kp20 run1.txt,6,-20.0,-1,6.000,0.098,4.237
kp20 run1.txt,6,-20.0,-1,7.000,0.0958,4.194
kp20 run1.txt,6,-20.0,-1,8.000,0.0925,4.128
kp20 run1.txt,6,-20.0,-1,9.000,0.0896,4.07
kp20 run1.txt,6,-20.0,-1,10.000,0.09,4.077
kp20 run1.txt,6,-20.0,-1,11.000,0.0871,4.019
kp20 run1.txt,6,-20.0,-1,12.000,0.0823,3.924
kp20 run1.txt,6,-20.0,-1,13.000,0.0816,3.909
kp20 run1.txt,6,-20.0,-1,14.000,0.0765,3.807
kp20 run1.txt,6,-20.0,-1,15.000,0.0736,3.749
kp20 run1.txt,6,-20.0,-1,16.000,0.0714,3.705
kp20 run1.txt,6,-20.0,-1,17.000,0.0736,3.749
kp20 run1.txt,6,-20.0,-1,18.000,0.0699,3.676
kp20 run1.txt,6,-20.0,-1,19.000,0.0608,3.494
kp20 run1.txt,6,-20.0,-1,20.000,0.0729,3.734
kp20 run1.txt,6,-20.0,-1,21.000,0.0525,3.326
kp20 run1.txt,6,-20.0,-1,22.000,0.0597,3.472
kp20 run1.txt,6,-20.0,-1,23.000,0.0503,3.282
kp20 run1.txt,6,-20.0,-1,24.000,0.0499,3.275
kp20 run1.txt,6,-20.0,-1,25.000,0.0466,3.209
kp20 run1.txt,6,-20.0,-1,26.000,0.0419,3.115
kp20 run1.txt,6,-20.0,-1,27.000,0.032,2.918
kp20 run1.txt,6,-20.0,-1,28.000,0.0255,2.787
kp20 run1.txt,6,-20.0,-1,29.000,0.0189,2.655
kp20 run1.txt,6,-20.0,-1,30.000,0.0116,2.509
kp20 run1.txt,6,-20.0,-1,31.000,0.0127,2.531
kp20 run1.txt,6,-20.0,-1,32.000,0.0073,2.422
kp20 run1.txt,6,-20.0,-1,33.000,0.0007,2.291
kp20 run1.txt,6,-20.0,-1,34.000,0.0076,2.429
kp20 run1.txt,6,-20.0,-1,35.000,-0.0051,2.174
kp20 run1.txt,6,-20.0,-1,36.000,-0.011,2.057
kp20 run1.txt,6,-20.0,-1,37.000,-0.0117,2.043
kp20 run1.txt,6,-20.0,-1,38.000,-0.0179,1.919
kp20 run1.txt,6,-20.0,-1,39.000,-0.0212,1.853
kp20 run1.txt,6,-20.0,-1,40.000,-0.0241,1.795
kp20 run1.txt,6,-20.0,-1,41.000,-0.0256,1.766
kp20 run1.txt,6,-20.0,-1,42.000,-0.031,1.657
kp20 run1.txt,6,-20.0,-1,43.000,-0.0372,1.533
kp20 run1.txt,6,-20.0,-1,44.000,-0.0401,1.474
kp20 run1.txt,6,-20.0,-1,45.000,-0.0471,1.336
kp20 run1.txt,6,-20.0,-1,46.000,-0.0489,1.299
kp20 run1.txt,6,-20.0,-1,47.000,-0.0533,1.212
kp20 run1.txt,6,-20.0,-1,48.000,-0.0591,1.095
kp20 run1.txt,6,-20.0,-1,49.000,-0.0598,1.081
kp20 run1.txt,6,-20.0,-1,50.000,-0.0649,0.979
kp20 run1.txt,6,-20.0,-1,51.000,-0.0584,1.11
kp20 run1.txt,6,-20.0,-1,52.000,-0.0664,0.949
kp20 run1.txt,6,-20.0,-1,53.000,-0.0722,0.833
kp20 run1.txt,6,-20.0,-1,54.000,-0.0627,1.022
kp20 run1.txt,6,-20.0,-1,55.000,-0.089,0.497
kp20 run1.txt,6,-20.0,-1,56.000,-0.081,0.658
kp20 run1.txt,6,-20.0,-1,57.000,-0.113,-0.52
kp20 run1.txt,6,-20.0,-1,58.000,-0.0853,0.57
kp20 run1.txt,6,-20.0,-1,59.000,-0.0868,0.541
kp20 run1.txt,6,-20.0,-1,60.000,-0.0937,0.403
kp20 run1.txt,6,-20.0,-1,61.000,-0.0955,0.366
kp20 run1.txt,6,-20.0,-1,62.000,-0.1141,-0.542
kp20 run1.txt,6,-20.0,-1,63.000,-0.1017,-0.294
kp20 run1.txt,6,-20.0,-1,64.000,-0.1014,-0.287
kp20 run1.txt,6,-20.0,-1,65.000,-0.1098,-0.454
kp20 run1.txt,6,-20.0,-1,66.000,-0.1058,-0.374
kp20 run1.txt,6,-20.0,-1,67.000,-0.1072,-0.403
kp20 run1.txt,6,-20.0,-1,68.000,-0.1112,-0.483
kp20 run1.txt,6,-20.0,-1,69.000,-0.1116,-0.491
kp20 run1.txt,6,-20.0,-1,70.000,-0.1138,-0.534
kp20 run1.txt,6,-20.0,-1,71.000,-0.1196,-0.651
kp20 run1.txt,6,-20.0,-1,72.000,-0.1174,-0.607
kp20 run1.txt,6,-20.0,-1,73.000,-0.1141,-0.542
kp20 run1.txt,6,-20.0,-1,74.000,-0.1232,-0.724
kp20 run1.txt,6,-20.0,-1,75.000,-0.1196,-0.651
kp20 run1.txt,6,-20.0,-1,76.000,-0.12,-0.658
kp20 run1.txt,6,-20.0,-1,77.000,-0.1364,-0.986
kp20 run1.txt,6,-20.0,-1,78.000,-0.1203,-0.666
kp20 run1.txt,6,-20.0,-1,79.000,-0.1196,-0.651
kp20 run1.txt,6,-20.0,-1,80.000,-0.1294,-0.848
kp20 run1.txt,6,-20.0,-1,81.000,-0.1203,-0.666
kp20 run1.txt,6,-20.0,-1,82.000,-0.1189,-0.636
kp20 run1.txt,6,-20.0,-1,83.000,-0.1218,-0.695
kp20 run1.txt,6,-20.0,-1,84.000,-0.1229,-0.717
kp20 run1.txt,6,-20.0,-1,85.000,-0.1163,-0.585
kp20 run1.txt,6,-20.0,-1,86.000,-0.124,-0.739
kp20 run1.txt,6,-20.0,-1,87.000,-0.1254,-0.768
kp20 run1.txt,6,-20.0,-1,88.000,-0.1232,-0.724
kp20 run1.txt,6,-20.0,-1,89.000,-0.1342,-0.943
kp20 run1.txt,6,-20.0,-1,90.000,-0.1225,-0.709
kp20 run1.txt,6,-20.0,-1,91.000,-0.1232,-0.724
kp20 run1.txt,6,-20.0,-1,92.000,-0.1236,-0.731
kp20 run1.txt,6,-20.0,-1,93.000,-0.1218,-0.695
kp20 run1.txt,6,-20.0,-1,94.000,-0.1258,-0.775
kp20 run1.txt,6,-20.0,-1,95.000,-0.124,-0.739
kp20 run1.txt,6,-20.0,-1,96.000,-0.1232,-0.724
kp20 run1.txt,6,-20.0,-1,97.000,-0.1254,-0.768
kp20 run1.txt,6,-20.0,-1,98.000,-0.1254,-0.768
kp20 run1.txt,6,-20.0,-1,99.000,-0.1181,-0.622
kp20 run1.txt,6,-20.0,-1,100.000,-0.1222,-0.702
kp20 run1.txt,6,-20.0,-1,101.000,-0.1232,-0.724
kp20 run1.txt,6,-20.0,-1,102.000,-0.1276,-0.811
kp20 run1.txt,6,-20.0,-1,103.000,-0.1218,-0.695
kp20 run1.txt,6,-20.0,-1,104.000,-0.12,-0.658
kp20 run1.txt,6,-20.0,-1,105.000,-0.1203,-0.666
kp20 run1.txt,6,-20.0,-1,106.000,-0.1203,-0.666
kp20 run1.txt,6,-20.0,-1,107.000,-0.1196,-0.651
kp20 run1.txt,6,-20.0,-1,108.000,-0.1145,-0.549
kp20 run1.txt,6,-20.0,-1,109.000,-0.1181,-0.622
kp20 run1.txt,6,-20.0,-1,110.000,-0.1192,-0.644
kp20 run1.txt,6,-20.0,-1,111.000,-0.1171,-0.6
kp20 run1.txt,6,-20.0,-1,112.000,-0.113,-0.52
kp20 run1.txt,6,-20.0,-1,113.000,-0.1167,-0.593
kp20 run1.txt,6,-20.0,-1,114.000,-0.1105,-0.469
kp20 run1.txt,6,-20.0,-1,115.000,-0.1138,-0.534
kp20 run1.txt,6,-20.0,-1,116.000,-0.1123,-0.505
kp20 run1.txt,6,-20.0,-1,117.000,-0.1138,-0.534
kp20 run1.txt,6,-20.0,-1,118.000,-0.1138,-0.534
kp20 run1.txt,6,-20.0,-1,119.000,-0.1123,-0.505
kp20 run1.txt,6,-20.0,-1,120.000,-0.1109,-0.476
kp20 run1.txt,6,-20.0,-1,121.000,-0.1101,-0.461
kp20 run1.txt,6,-20.0,-1,122.000,-0.1072,-0.403
kp20 run1.txt,6,-20.0,-1,123.000,-0.1094,-0.447
kp20 run1.txt,6,-20.0,-1,124.000,-0.1036,-0.33
kp20 run1.txt,6,-20.0,-1,125.000,-0.1072,-0.403
kp20 run1.txt,6,-20.0,-1,126.000,-0.1061,-0.381
kp20 run1.txt,6,-20.0,-1,127.000,-0.105,-0.359
kp20 run1.txt,6,-20.0,-1,128.000,-0.1112,-0.483
kp20 run1.txt,6,-20.0,-1,129.000,-0.1021,-0.301
kp20 run1.txt,6,-20.0,-1,130.000,-0.1025,-0.308
kp20 run1.txt,6,-20.0,-1,131.000,-0.1025,-0.308
kp20 run1.txt,6,-20.0,-1,132.000,-0.1006,-0.272
kp20 run1.txt,6,-20.0,-1,133.000,-0.1028,-0.316
kp20 run1.txt,6,-20.0,-1,134.000,-0.0912,0.454
kp20 run1.txt,6,-20.0,-1,135.000,-0.1021,-0.301
kp20 run1.txt,6,-20.0,-1,136.000,-0.1014,-0.287
kp20 run1.txt,6,-20.0,-1,137.000,-0.1036,-0.33
kp20 run1.txt,6,-20.0,-1,138.000,-0.0985,0.308
kp20 run1.txt,6,-20.0,-1,139.000,-0.1006,-0.272
kp20 run1.txt,6,-20.0,-1,140.000,-0.0999,0.279
kp20 run1.txt,6,-20.0,-1,141.000,-0.0985,0.308
kp20 run1.txt,6,-20.0,-1,142.000,-0.1025,-0.308
kp20 run1.txt,6,-20.0,-1,143.000,-0.0992,0.293
kp20 run1.txt,6,-20.0,-1,144.000,-0.093,0.417
kp20 run1.txt,6,-20.0,-1,145.000,-0.097,0.337
kp20 run1.txt,6,-20.0,-1,146.000,-0.1014,-0.287
kp20 run1.txt,6,-20.0,-1,147.000,-0.0963,0.352
kp20 run1.txt,6,-20.0,-1,148.000,-0.0985,0.308
kp20 run1.txt,6,-20.0,-1,149.000,-0.0977,0.322
kp20 run1.txt,6,-20.0,-1,150.000,-0.0977,0.322
kp20 run1.txt,6,-20.0,-1,151.000,-0.0963,0.352
kp20 run1.txt,6,-20.0,-1,152.000,-0.0974,0.33
kp20 run1.txt,6,-20.0,-1,153.000,-0.101,-0.279
kp20 run1.txt,6,-20.0,-1,154.000,-0.0934,0.41
kp20 run1.txt,6,-20.0,-1,155.000,-0.0963,0.352
kp20 run1.txt,6,-20.0,-1,156.000,-0.0952,0.373
kp20 run1.txt,6,-20.0,-1,157.000,-0.0977,0.322
kp20 run1.txt,6,-20.0,-1,158.000,-0.0966,0.344
kp20 run1.txt,6,-20.0,-1,159.000,-0.097,0.337
kp20 run1.txt,6,-20.0,-1,160.000,-0.0959,0.359
kp20 run1.txt,6,-20.0,-1,161.000,-0.081,0.658
kp20 run1.txt,6,-20.0,-1,162.000,-0.0977,0.322
kp20 run1.txt,6,-20.0,-1,163.000,-0.0963,0.352
kp20 run1.txt,6,-20.0,-1,164.000,-0.0977,0.322
kp20 run1.txt,6,-20.0,-1,165.000,-0.097,0.337
kp20 run1.txt,6,-20.0,-1,166.000,-0.0955,0.366
kp20 run1.txt,6,-20.0,-1,167.000,-0.097,0.337
kp20 run1.txt,6,-20.0,-1,168.000,-0.0963,0.352
kp20 run1.txt,6,-20.0,-1,169.000,-0.0955,0.366
kp20 run1.txt,6,-20.0,-1,170.000,-0.0981,0.315
kp20 run1.txt,6,-20.0,-1,171.000,-0.0963,0.352
kp20 run1.txt,6,-20.0,-1,172.000,-0.097,0.337
kp20 run1.txt,6,-20.0,-1,173.000,-0.0963,0.352
kp20 run1.txt,6,-20.0,-1,174.000,-0.0817,0.643
kp20 run1.txt,6,-20.0,-1,175.000,-0.0999,0.279
kp20 run1.txt,6,-20.0,-1,176.000,-0.0948,0.381
kp20 run1.txt,6,-20.0,-1,177.000,-0.105,-0.359
kp20 run1.txt,6,-20.0,-1,178.000,-0.0992,0.293
kp20 run1.txt,6,-20.0,-1,179.000,-0.0846,0.585
kp20 run1.txt,6,-20.0,-1,180.000,-0.0941,0.395
kp20 run1.txt,6,-20.0,-1,181.000,-0.0934,0.41
kp20 run1.txt,6,-20.0,-1,182.000,-0.0966,0.344
kp20 run1.txt,6,-20.0,-1,183.000,-0.105,-0.359
kp20 run1.txt,6,-20.0,-1,184.000,-0.1014,-0.287
kp20 run1.txt,6,-20.0,-1,185.000,-0.1047,-0.352
kp20 run1.txt,6,-20.0,-1,186.000,-0.0992,0.293
kp20 run1.txt,6,-20.0,-1,187.000,-0.0963,0.352
kp20 run1.txt,6,-20.0,-1,188.000,-0.0977,0.322
kp20 run1.txt,6,-20.0,-1,189.000,-0.0992,0.293
kp20 run1.txt,6,-20.0,-1,190.000,-0.1006,-0.272
kp20 run1.txt,6,-20.0,-1,191.000,-0.0963,0.352
kp20 run1.txt,6,-20.0,-1,192.000,-0.0992,0.293
kp20 run1.txt,6,-20.0,-1,193.000,-0.1021,-0.301
kp20 run1.txt,6,-20.0,-1,194.000,-0.1138,-0.534
kp20 run1.txt,6,-20.0,-1,195.000,-0.1043,-0.345
kp20 run1.txt,6,-20.0,-1,196.000,-0.0992,0.293
kp20 run1.txt,6,-20.0,-1,197.000,-0.1123,-0.505
kp20 run1.txt,6,-20.0,-1,198.000,-0.1021,-0.301
kp20 run1.txt,6,-20.0,-1,199.000,-0.1036,-0.33
kp20 run1.txt,6,-20.0,-1,200.000,-0.0999,0.279
kp20 run1.txt,6,-20.0,-1,201.000,-0.1025,-0.308
kp20 run1.txt,6,-20.0,-1,202.000,-0.0999,0.279
kp20 run1.txt,6,-20.0,-1,203.000,-0.1079,-0.418
kp20 run1.txt,6,-20.0,-1,204.000,-0.1006,-0.272
kp20 run1.txt,6,-20.0,-1,205.000,-0.1043,-0.345
kp20 run1.txt,6,-20.0,-1,206.000,-0.0868,0.541
kp20 run1.txt,6,-20.0,-1,207.000,-0.1028,-0.316
kp20 run1.txt,6,-20.0,-1,208.000,-0.0955,0.366
kp20 run1.txt,6,-20.0,-1,209.000,-0.1021,-0.301
kp20 run1.txt,6,-20.0,-1,210.000,-0.0988,0.301
kp20 run1.txt,6,-20.0,-1,211.000,-0.0992,0.293
kp20 run1.txt,6,-20.0,-1,212.000,-0.097,0.337
kp20 run1.txt,6,-20.0,-1,213.000,-0.1094,-0.447
kp20 run1.txt,6,-20.0,-1,214.000,-0.1072,-0.403
kp20 run1.txt,6,-20.0,-1,215.000,-0.0999,0.279
kp20 run1.txt,6,-20.0,-1,216.000,-0.1006,-0.272
kp20 run1.txt,6,-20.0,-1,217.000,-0.0985,0.308
kp20 run1.txt,6,-20.0,-1,218.000,-0.0974,0.33
kp20 run1.txt,6,-20.0,-1,219.000,-0.1014,-0.287
kp20 run1.txt,6,-20.0,-1,220.000,-0.1032,-0.323
kp20 run1.txt,6,-20.0,-1,221.000,-0.0996,0.286
kp20 run1.txt,6,-20.0,-1,222.000,-0.1025,-0.308
kp20 run1.txt,6,-20.0,-1,223.000,-0.1014,-0.287
kp20 run1.txt,6,-20.0,-1,224.000,-0.0904,0.468
kp20 run1.txt,6,-20.0,-1,225.000,-0.0999,0.279
kp20 run1.txt,6,-20.0,-1,226.000,-0.1021,-0.301
kp20 run1.txt,6,-20.0,-1,227.000,-0.1006,-0.272
kp20 run1.txt,6,-20.0,-1,228.000,-0.0992,0.293
kp20 run1.txt,6,-20.0,-1,229.000,-0.1014,-0.287
kp20 run1.txt,6,-20.0,-1,230.000,-0.0912,0.454
kp20 run1.txt,6,-20.0,-1,231.000,-0.0992,0.293
kp20 run1.txt,6,-20.0,-1,232.000,-0.0992,0.293
kp20 run1.txt,6,-20.0,-1,233.000,-0.0868,0.541
kp20 run1.txt,6,-20.0,-1,234.000,-0.0948,0.381
kp20 run1.txt,6,-20.0,-1,235.000,-0.0988,0.301
kp20 run1.txt,6,-20.0,-1,236.000,-0.0985,0.308
kp20 run1.txt,6,-20.0,-1,237.000,-0.0941,0.395
kp20 run1.txt,6,-20.0,-1,238.000,-0.1021,-0.301
kp20 run1.txt,6,-20.0,-1,239.000,-0.0999,0.279
kp20 run1.txt,6,-20.0,-1,240.000,-0.0999,0.279
kp20 run1.txt,6,-20.0,-1,241.000,-0.1014,-0.287
kp20 run1.txt,6,-20.0,-1,242.000,-0.1014,-0.287
kp20 run1.txt,6,-20.0,-1,243.000,-0.1043,-0.345
kp20 run1.txt,6,-20.0,-1,244.000,-0.0934,0.41
kp20 run1.txt,6,-20.0,-1,245.000,-0.0985,0.308
kp20 run1.txt,6,-20.0,-1,246.000,-0.105,-0.359
kp20 run1.txt,6,-20.0,-1,247.000,-0.0992,0.293
kp20 run1.txt,6,-20.0,-1,248.000,-0.0996,0.286
kp20 run1.txt,6,-20.0,-1,249.000,-0.0999,0.279
kp20 run1.txt,6,-20.0,-1,250.000,-0.1039,-0.338
kp20 run1.txt,6,-20.0,-1,251.000,-0.0992,0.293
kp20 run1.txt,6,-20.0,-1,252.000,-0.1058,-0.374
kp20 run1.txt,6,-20.0,-1,253.000,-0.0992,0.293
kp20 run1.txt,6,-20.0,-1,254.000,-0.1043,-0.345
kp20 run1.txt,6,-20.0,-1,255.000,-0.1014,-0.287
kp20 run1.txt,6,-20.0,-1,256.000,-0.0992,0.293
kp20 run1.txt,6,-20.0,-1,257.000,-0.0996,0.286
kp20 run1.txt,6,-20.0,-1,258.000,-0.1006,-0.272
kp20 run1.txt,6,-20.0,-1,259.000,-0.1072,-0.403
kp20 run1.txt,6,-20.0,-1,260.000,-0.1014,-0.287
kp20 run1.txt,6,-20.0,-1,261.000,-0.1021,-0.301
kp20 run1.txt,6,-20.0,-1,262.000,-0.1021,-0.301
kp20 run1.txt,6,-20.0,-1,263.000,-0.1036,-0.33
kp20 run1.txt,6,-20.0,-1,264.000,-0.0992,0.293
kp20 run1.txt,6,-20.0,-1,265.000,-0.1036,-0.33
kp20 run1.txt,6,-20.0,-1,266.000,-0.0835,0.607
kp20 run1.txt,6,-20.0,-1,267.000,-0.0999,0.279
kp20 run1.txt,6,-20.0,-1,268.000,-0.1006,-0.272
kp20 run1.txt,6,-20.0,-1,269.000,-0.105,-0.359
kp20 run1.txt,6,-20.0,-1,270.000,-0.0985,0.308
kp20 run1.txt,6,-20.0,-1,271.000,-0.0999,0.279
kp20 run1.txt,6,-20.0,-1,272.000,-0.1021,-0.301
kp20 run1.txt,6,-20.0,-1,273.000,-0.1014,-0.287
kp20 run1.txt,6,-20.0,-1,274.000,-0.0992,0.293
kp20 run1.txt,6,-20.0,-1,275.000,-0.1014,-0.287
kp20 run1.txt,6,-20.0,-1,276.000,-0.0963,0.352
kp20 run1.txt,6,-20.0,-1,277.000,-0.0992,0.293
kp20 run1.txt,6,-20.0,-1,278.000,-0.1006,-0.272
kp20 run1.txt,6,-20.0,-1,279.000,-0.0992,0.293
kp20 run1.txt,6,-20.0,-1,280.000,-0.1105,-0.469
kp20 run1.txt,6,-20.0,-1,281.000,-0.1032,-0.323
kp20 run1.txt,6,-20.0,-1,282.000,-0.1021,-0.301
kp20 run1.txt,6,-20.0,-1,283.000,-0.097,0.337
kp20 run1.txt,6,-20.0,-1,284.000,-0.1025,-0.308
kp20 run1.txt,6,-20.0,-1,285.000,-0.1043,-0.345
kp20 run1.txt,6,-20.0,-1,286.000,-0.1014,-0.287
kp20 run1.txt,6,-20.0,-1,287.000,-0.0992,0.293
kp20 run1.txt,6,-20.0,-1,288.000,-0.1006,-0.272
kp20 run1.txt,6,-20.0,-1,289.000,-0.0977,0.322
kp20 run1.txt,6,-20.0,-1,290.000,-0.1028,-0.316
kp20 run1.txt,6,-20.0,-1,291.000,-0.105,-0.359
kp20 run1.txt,6,-20.0,-1,292.000,-0.1025,-0.308
kp20 run1.txt,6,-20.0,-1,293.000,-0.0977,0.322
kp20 run1.txt,6,-20.0,-1,294.000,-0.0992,0.293
kp20 run1.txt,6,-20.0,-1,295.000,-0.0992,0.293
kp20 run1.txt,6,-20.0,-1,296.000,-0.0999,0.279
kp20 run1.txt,6,-20.0,-1,297.000,-0.1123,-0.505
kp20 run1.txt,6,-20.0,-1,298.000,-0.0977,0.322
kp20 run1.txt,6,-20.0,-1,299.000,-0.0963,0.352
kp20 run1.txt,6,-20.0,-1,300.000,-0.1003,-0.265
kp20 run1.txt,6,-20.0,-1,301.000,-0.1021,-0.301
kp20 run1.txt,6,-20.0,-1,302.000,-0.0999,0.279
kp20 run1.txt,6,-20.0,-1,303.000,-0.0999,0.279
kp20 run1.txt,6,-20.0,-1,304.000,-0.0977,0.322
kp20 run1.txt,6,-20.0,-1,305.000,-0.1036,-0.33
kp20 run1.txt,6,-20.0,-1,306.000,-0.1021,-0.301
kp20 run1.txt,6,-20.0,-1,307.000,-0.0992,0.293
kp20 run1.txt,6,-20.0,-1,308.000,-0.1014,-0.287
kp20 run1.txt,6,-20.0,-1,309.000,-0.0992,0.293
kp20 run1.txt,6,-20.0,-1,310.000,-0.1006,-0.272
kp20 run1.txt,6,-20.0,-1,311.000,-0.0959,0.359
kp20 run1.txt,6,-20.0,-1,312.000,-0.0996,0.286
kp20 run1.txt,6,-20.0,-1,313.000,-0.0992,0.293
kp20 run1.txt,6,-20.0,-1,314.000,-0.1021,-0.301
kp20 run1.txt,6,-20.0,-1,315.000,-0.1006,-0.272
kp20 run1.txt,6,-20.0,-1,316.000,-0.1061,-0.381
kp20 run1.txt,6,-20.0,-1,317.000,-0.0999,0.279
kp20 run1.txt,6,-20.0,-1,318.000,-0.0996,0.286
kp20 run1.txt,6,-20.0,-1,319.000,-0.0941,0.395
kp20 run1.txt,6,-20.0,-1,320.000,-0.1003,-0.265
kp20 run1.txt,6,-20.0,-1,321.000,-0.1036,-0.33
kp20 run1.txt,6,-20.0,-1,322.000,-0.0963,0.352
kp20 run1.txt,6,-20.0,-1,323.000,-0.1021,-0.301
kp20 run1.txt,6,-20.0,-1,324.000,-0.1028,-0.316
kp20 run1.txt,6,-20.0,-1,325.000,-0.1021,-0.301
kp20 run1.txt,6,-20.0,-1,326.000,-0.1058,-0.374
kp20 run1.txt,6,-20.0,-1,327.000,-0.0934,0.41
kp20 run1.txt,6,-20.0,-1,328.000,-0.0999,0.279
kp20 run1.txt,6,-20.0,-1,329.000,-0.1025,-0.308
kp20 run1.txt,6,-20.0,-1,330.000,-0.0948,0.381
kp20 run1.txt,6,-20.0,-1,331.000,-0.105,-0.359
kp20 run1.txt,6,-20.0,-1,332.000,-0.12,-0.658
kp20 run1.txt,6,-20.0,-1,333.000,-0.1014,-0.287
kp20 run1.txt,6,-20.0,-1,334.000,-0.1006,-0.272
kp20 run1.txt,6,-20.0,-1,335.000,-0.1123,-0.505
kp20 run1.txt,6,-20.0,-1,336.000,-0.0992,0.293
kp20 run1.txt,6,-20.0,-1,337.000,-0.105,-0.359
kp20 run1.txt,6,-20.0,-1,338.000,-0.1021,-0.301
kp20 run1.txt,6,-20.0,-1,339.000,-0.1014,-0.287
kp20 run1.txt,6,-20.0,-1,340.000,-0.0992,0.293
kp20 run1.txt,6,-20.0,-1,341.000,-0.0985,0.308
kp20 run1.txt,6,-20.0,-1,342.000,-0.1014,-0.287
kp20 run1.txt,6,-20.0,-1,343.000,-0.1006,-0.272
kp20 run1.txt,6,-20.0,-1,344.000,-0.1021,-0.301
kp20 run1.txt,6,-20.0,-1,345.000,-0.0999,0.279
kp20 run1.txt,6,-20.0,-1,346.000,-0.0985,0.308
kp20 run1.txt,6,-20.0,-1,347.000,-0.0992,0.293
kp20 run1.txt,6,-20.0,-1,348.000,-0.0992,0.293
kp20 run1.txt,6,-20.0,-1,349.000,-0.1014,-0.287
kp20 run1.txt,6,-20.0,-1,350.000,-0.1036,-0.33
kp20 run1.txt,6,-20.0,-1,351.000,-0.1014,-0.287
kp20 run1.txt,6,-20.0,-1,352.000,-0.0996,0.286
kp20 run1.txt,6,-20.0,-1,353.000,-0.1014,-0.287
kp20 run1.txt,6,-20.0,-1,354.000,-0.1061,-0.381
kp20 run1.txt,6,-20.0,-1,355.000,-0.0963,0.352
kp20 run1.txt,6,-20.0,-1,356.000,-0.089,0.497
kp20 run1.txt,6,-20.0,-1,357.000,-0.0985,0.308
kp20 run1.txt,6,-20.0,-1,358.000,-0.0977,0.322
kp20 run1.txt,6,-20.0,-1,359.000,-0.0977,0.322
kp20 run1.txt,6,-20.0,-1,360.000,-0.101,-0.279
kp20 run1.txt,6,-20.0,-1,361.000,-0.1006,-0.272
kp20 run1.txt,6,-20.0,-1,362.000,-0.1036,-0.33
kp20 run1.txt,6,-20.0,-1,363.000,-0.1036,-0.33
kp20 run1.txt,6,-20.0,-1,364.000,-0.1021,-0.301
kp20 run1.txt,6,-20.0,-1,365.000,-0.0992,0.293
kp20 run1.txt,6,-20.0,-1,366.000,-0.0999,0.279
kp20 run1.txt,6,-20.0,-1,367.000,-0.1014,-0.287
kp20 run1.txt,6,-20.0,-1,368.000,-0.1017,-0.294
kp20 run1.txt,6,-20.0,-1,369.000,-0.0999,0.279
kp20 run1.txt,6,-20.0,-1,370.000,-0.0977,0.322
kp20 run1.txt,6,-20.0,-1,371.000,-0.0926,0.424
kp20 run1.txt,6,-20.0,-1,372.000,-0.1014,-0.287
kp20 run1.txt,6,-20.0,-1,373.000,-0.0992,0.293
kp20 run1.txt,6,-20.0,-1,374.000,-0.0992,0.293
kp20 run1.txt,6,-20.0,-1,375.000,-0.0966,0.344
kp20 run1.txt,6,-20.0,-1,376.000,-0.1014,-0.287
kp20 run1.txt,6,-20.0,-1,377.000,-0.0963,0.352
kp20 run1.txt,6,-20.0,-1,378.000,-0.0992,0.293
kp20 run1.txt,6,-20.0,-1,379.000,-0.0955,0.366
kp20 run1.txt,6,-20.0,-1,380.000,-0.1025,-0.308
kp20 run1.txt,6,-20.0,-1,381.000,-0.1025,-0.308
kp20 run1.txt,6,-20.0,-1,382.000,-0.1006,-0.272
kp20 run1.txt,6,-20.0,-1,383.000,-0.0992,0.293
kp20 run1.txt,6,-20.0,-1,384.000,-0.1014,-0.287
kp20 run1.txt,6,-20.0,-1,385.000,-0.1065,-0.389
kp20 run1.txt,6,-20.0,-1,386.000,-0.1003,-0.265
kp20 run1.txt,6,-20.0,-1,387.000,-0.0985,0.308
kp20 run1.txt,6,-20.0,-1,388.000,-0.0999,0.279
kp20 run1.txt,6,-20.0,-1,389.000,-0.1058,-0.374
kp20 run1.txt,6,-20.0,-1,390.000,-0.1036,-0.33
kp20 run1.txt,6,-20.0,-1,391.000,-0.0963,0.352
kp20 run1.txt,6,-20.0,-1,392.000,-0.0985,0.308
kp20 run1.txt,6,-20.0,-1,393.000,-0.0955,0.366
kp20 run1.txt,6,-20.0,-1,394.000,-0.0992,0.293
kp20 run1.txt,6,-20.0,-1,395.000,-0.1028,-0.316
kp20 run1.txt,6,-20.0,-1,396.000,-0.1028,-0.316
kp20 run1.txt,6,-20.0,-1,397.000,-0.1021,-0.301
kp20 run1.txt,6,-20.0,-1,398.000,-0.0966,0.344
kp20 run1.txt,6,-20.0,-1,399.000,-0.1014,-0.287
kp20 run1.txt,6,-20.0,-1,400.000,-0.0992,0.293
kp20 run1.txt,6,-20.0,-1,401.000,-0.1006,-0.272
kp20 run1.txt,6,-20.0,-1,402.000,-0.1014,-0.287
kp20 run1.txt,6,-20.0,-1,403.000,-0.1003,-0.265
kp20 run1.txt,6,-20.0,-1,404.000,-0.1021,-0.301
kp20 run1.txt,6,-20.0,-1,405.000,-0.0908,0.461
kp20 run1.txt,6,-20.0,-1,406.000,-0.0955,0.366
kp20 run1.txt,6,-20.0,-1,407.000,-0.1014,-0.287
kp20 run1.txt,6,-20.0,-1,408.000,-0.1043,-0.345
kp20 run1.txt,6,-20.0,-1,409.000,-0.1014,-0.287
kp20 run1.txt,6,-20.0,-1,410.000,-0.0977,0.322
kp20 run1.txt,6,-20.0,-1,411.000,-0.0996,0.286
kp20 run1.txt,6,-20.0,-1,412.000,-0.1014,-0.287
kp20 run1.txt,6,-20.0,-1,413.000,-0.1006,-0.272
kp20 run1.txt,6,-20.0,-1,414.000,-0.1014,-0.287
kp20 run1.txt,6,-20.0,-1,415.000,-0.1021,-0.301
kp20 run1.txt,6,-20.0,-1,416.000,-0.0999,0.279
kp20 run1.txt,6,-20.0,-1,417.000,-0.1036,-0.33
kp20 run1.txt,6,-20.0,-1,418.000,-0.1014,-0.287
kp20 run1.txt,6,-20.0,-1,419.000,-0.1043,-0.345
kp20 run1.txt,6,-20.0,-1,420.000,-0.0985,0.308
kp20 run1.txt,6,-20.0,-1,421.000,-0.109,-0.44
kp20 run1.txt,6,-20.0,-1,422.000,-0.1021,-0.301
kp20 run1.txt,6,-20.0,-1,423.000,-0.0955,0.366
kp20 run1.txt,6,-20.0,-1,424.000,-0.1006,-0.272
kp20 run1.txt,6,-20.0,-1,425.000,-0.0992,0.293
kp20 run1.txt,6,-20.0,-1,426.000,-0.0996,0.286
kp20 run1.txt,6,-20.0,-1,427.000,-0.1025,-0.308
kp20 run1.txt,6,-20.0,-1,428.000,-0.1021,-0.301
kp20 run1.txt,6,-20.0,-1,429.000,-0.1014,-0.287
kp20 run1.txt,6,-20.0,-1,430.000,-0.0988,0.301
kp20 run1.txt,6,-20.0,-1,431.000,-0.1072,-0.403
kp20 run1.txt,6,-20.0,-1,432.000,-0.1014,-0.287
kp20 run1.txt,6,-20.0,-1,433.000,-0.0996,0.286
kp20 run1.txt,6,-20.0,-1,434.000,-0.1006,-0.272
kp20 run1.txt,6,-20.0,-1,435.000,-0.1006,-0.272
kp20 run1.txt,6,-20.0,-1,436.000,-0.0996,0.286
kp20 run1.txt,6,-20.0,-1,437.000,-0.0955,0.366
kp20 run1.txt,6,-20.0,-1,438.000,-0.0988,0.301
kp20 run1.txt,6,-20.0,-1,439.000,-0.0904,0.468
kp20 run1.txt,6,-20.0,-1,440.000,-0.1025,-0.308
kp20 run1.txt,6,-20.0,-1,441.000,-0.1017,-0.294
kp20 run1.txt,6,-20.0,-1,442.000,-0.1014,-0.287
kp20 run1.txt,6,-20.0,-1,443.000,-0.1028,-0.316
kp20 run1.txt,6,-20.0,-1,444.000,-0.1006,-0.272
kp20 run1.txt,6,-20.0,-1,445.000,-0.0992,0.293
kp20 run1.txt,6,-20.0,-1,446.000,-0.1006,-0.272
kp20 run1.txt,6,-20.0,-1,447.000,-0.1014,-0.287
kp20 run1.txt,6,-20.0,-1,448.000,-0.1025,-0.308
kp20 run1.txt,6,-20.0,-1,449.000,-0.1047,-0.352
kp20 run1.txt,6,-20.0,-1,450.000,-0.105,-0.359
kp20 run1.txt,6,-20.0,-1,451.000,-0.0977,0.322
kp20 run1.txt,6,-20.0,-1,452.000,-0.0985,0.308
kp20 run1.txt,6,-20.0,-1,453.000,-0.0985,0.308
kp20 run1.txt,6,-20.0,-1,454.000,-0.1043,-0.345
kp20 run1.txt,6,-20.0,-1,455.000,-0.0992,0.293
kp20 run1.txt,6,-20.0,-1,456.000,-0.0996,0.286
kp20 run1.txt,6,-20.0,-1,457.000,-0.0875,0.527
kp20 run1.txt,6,-20.0,-1,458.000,-0.1006,-0.272
kp20 run1.txt,6,-20.0,-1,459.000,-0.1065,-0.389
kp20 run1.txt,6,-20.0,-1,460.000,-0.101,-0.279
kp20 run1.txt,6,-20.0,-1,461.000,-0.1021,-0.301
kp20 run1.txt,6,-20.0,-1,462.000,-0.0992,0.293
kp20 run1.txt,6,-20.0,-1,463.000,-0.1006,-0.272
kp20 run1.txt,6,-20.0,-1,464.000,-0.1076,-0.41
kp20 run1.txt,6,-20.0,-1,465.000,-0.0999,0.279
kp20 run1.txt,6,-20.0,-1,466.000,-0.0999,0.279
kp20 run1.txt,6,-20.0,-1,467.000,-0.1028,-0.316
kp20 run1.txt,6,-20.0,-1,468.000,-0.1006,-0.272
kp20 run1.txt,6,-20.0,-1,469.000,-0.1006,-0.272
kp20 run1.txt,6,-20.0,-1,470.000,-0.0992,0.293
kp20 run1.txt,6,-20.0,-1,471.000,-0.0934,0.41
kp20 run1.txt,6,-20.0,-1,472.000,-0.0919,0.439
kp20 run1.txt,6,-20.0,-1,473.000,-0.0996,0.286
kp20 run1.txt,6,-20.0,-1,474.000,-0.1043,-0.345
kp20 run1.txt,6,-20.0,-1,475.000,-0.1014,-0.287
kp20 run1.txt,6,-20.0,-1,476.000,-0.0985,0.308
kp20 run1.txt,6,-20.0,-1,477.000,-0.1065,-0.389
kp20 run1.txt,6,-20.0,-1,478.000,-0.0999,0.279
kp20 run1.txt,6,-20.0,-1,479.000,-0.1021,-0.301
kp20 run1.txt,6,-20.0,-1,480.000,-0.1006,-0.272
kp20 run1.txt,6,-20.0,-1,481.000,-0.0992,0.293
kp20 run1.txt,6,-20.0,-1,482.000,-0.1028,-0.316
kp20 run1.txt,6,-20.0,-1,483.000,-0.1006,-0.272
kp20 run1.txt,6,-20.0,-1,484.000,-0.1028,-0.316
kp20 run1.txt,6,-20.0,-1,485.000,-0.1014,-0.287
kp20 run1.txt,6,-20.0,-1,486.000,-0.1006,-0.272
kp20 run1.txt,6,-20.0,-1,487.000,-0.1006,-0.272
kp20 run1.txt,6,-20.0,-1,488.000,-0.0985,0.308
kp20 run1.txt,6,-20.0,-1,489.000,-0.1014,-0.287
kp20 run1.txt,6,-20.0,-1,490.000,-0.1021,-0.301
kp20 run1.txt,6,-20.0,-1,491.000,-0.0999,0.279
kp20 run1.txt,6,-20.0,-1,492.000,-0.0868,0.541
kp20 run1.txt,6,-20.0,-1,493.000,-0.0992,0.293
kp20 run1.txt,6,-20.0,-1,494.000,-0.0999,0.279
kp20 run1.txt,6,-20.0,-1,495.000,-0.101,-0.279
kp20 run1.txt,6,-20.0,-1,496.000,-0.1006,-0.272
kp20 run1.txt,6,-20.0,-1,497.000,-0.1083,-0.425
kp20 run1.txt,6,-20.0,-1,498.000,-0.0963,0.352
kp20 run1.txt,6,-20.0,-1,499.000,-0.1006,-0.272
kp20 run1.txt,6,-20.0,-1,500.000,-0.1021,-0.301
kp20 run1.txt,6,-20.0,-1,501.000,-0.1043,-0.345
kp20 run1.txt,6,-20.0,-1,502.000,-0.0955,0.366
kp20 run1.txt,6,-20.0,-1,503.000,-0.0952,0.373
kp20 run1.txt,6,-20.0,-1,504.000,-0.0996,0.286
kp20 run1.txt,6,-20.0,-1,505.000,-0.1006,-0.272
kp20 run1.txt,6,-20.0,-1,506.000,-0.0985,0.308
kp20 run1.txt,6,-20.0,-1,507.000,-0.1014,-0.287
kp20 run1.txt,6,-20.0,-1,508.000,-0.0966,0.344
kp20 run1.txt,6,-20.0,-1,509.000,-0.0992,0.293
kp20 run1.txt,6,-20.0,-1,510.000,-0.0963,0.352
kp20 run1.txt,6,-20.0,-1,511.000,-0.0999,0.279
kp20 run1.txt,6,-20.0,-1,512.000,-0.0992,0.293
kp20 run1.txt,6,-20.0,-1,513.000,-0.0985,0.308
kp20 run1.txt,6,-20.0,-1,514.000,-0.0985,0.308
kp20 run1.txt,6,-20.0,-1,515.000,-0.1021,-0.301
kp20 run1.txt,6,-20.0,-1,516.000,-0.1006,-0.272
kp20 run1.txt,6,-20.0,-1,517.000,-0.1006,-0.272
kp20 run1.txt,6,-20.0,-1,518.000,-0.1014,-0.287
kp20 run1.txt,6,-20.0,-1,519.000,-0.1006,-0.272
kp20 run1.txt,6,-20.0,-1,520.000,-0.0926,0.424
kp20 run1.txt,6,-20.0,-1,521.000,-0.1028,-0.316
kp20 run1.txt,6,-20.0,-1,522.000,-0.0996,0.286
kp20 run1.txt,6,-20.0,-1,523.000,-0.1014,-0.287
kp20 run1.txt,6,-20.0,-1,524.000,-0.1006,-0.272
kp20 run1.txt,6,-20.0,-1,525.000,-0.0999,0.279
kp20 run1.txt,6,-20.0,-1,526.000,-0.1028,-0.316
kp20 run1.txt,6,-20.0,-1,527.000,-0.0963,0.352
kp20 run1.txt,6,-20.0,-1,528.000,-0.0999,0.279
kp20 run1.txt,6,-20.0,-1,529.000,-0.1017,-0.294
kp20 run1.txt,6,-20.0,-1,530.000,-0.1014,-0.287
kp20 run1.txt,6,-20.0,-1,531.000,-0.1006,-0.272
kp20 run1.txt,6,-20.0,-1,532.000,-0.1028,-0.316
kp20 run1.txt,6,-20.0,-1,533.000,-0.1094,-0.447
kp20 run1.txt,6,-20.0,-1,534.000,-0.1021,-0.301
kp20 run1.txt,6,-20.0,-1,535.000,-0.105,-0.359
kp20 run1.txt,6,-20.0,-1,536.000,-0.1065,-0.389
kp20 run1.txt,6,-20.0,-1,537.000,-0.1006,-0.272
kp20 run1.txt,6,-20.0,-1,538.000,-0.1006,-0.272
kp20 run1.txt,6,-20.0,-1,539.000,-0.1021,-0.301
kp20 run1.txt,6,-20.0,-1,540.000,-0.1079,-0.418
kp20 run1.txt,6,-20.0,-1,541.000,-0.0791,0.694
kp20 run1.txt,6,-20.0,-1,542.000,-0.1014,-0.287
kp20 run1.txt,6,-20.0,-1,543.000,-0.0992,0.293
kp20 run1.txt,6,-20.0,-1,544.000,-0.1021,-0.301
kp20 run1.txt,6,-20.0,-1,545.000,-0.1025,-0.308
kp20 run1.txt,6,-20.0,-1,546.000,-0.1021,-0.301
kp20 run1.txt,6,-20.0,-1,547.000,-0.1014,-0.287
kp20 run1.txt,6,-20.0,-1,548.000,-0.0985,0.308
kp20 run1.txt,6,-20.0,-1,549.000,-0.0992,0.293
kp20 run1.txt,6,-20.0,-1,550.000,-0.1021,-0.301
kp20 run1.txt,6,-20.0,-1,551.000,-0.1006,-0.272
kp20 run1.txt,6,-20.0,-1,552.000,-0.1083,-0.425
kp20 run1.txt,6,-20.0,-1,553.000,-0.1014,-0.287
kp20 run1.txt,6,-20.0,-1,554.000,-0.0988,0.301
kp20 run1.txt,6,-20.0,-1,555.000,-0.0974,0.33
kp20 run1.txt,6,-20.0,-1,556.000,-0.0963,0.352
kp20 run1.txt,6,-20.0,-1,557.000,-0.1087,-0.432
kp20 run1.txt,6,-20.0,-1,558.000,-0.1025,-0.308
kp20 run1.txt,6,-20.0,-1,559.000,-0.1014,-0.287
kp20 run1.txt,6,-20.0,-1,560.000,-0.0977,0.322
kp20 run1.txt,6,-20.0,-1,561.000,-0.0934,0.41
kp20 run1.txt,6,-20.0,-1,562.000,-0.0992,0.293
kp20 run1.txt,6,-20.0,-1,563.000,-0.1021,-0.301
kp20 run1.txt,6,-20.0,-1,564.000,-0.1014,-0.287
kp20 run1.txt,6,-20.0,-1,565.000,-0.1072,-0.403
kp20 run1.txt,6,-20.0,-1,566.000,-0.1003,-0.265
kp20 run1.txt,6,-20.0,-1,567.000,-0.0985,0.308
kp20 run1.txt,6,-20.0,-1,568.000,-0.0996,0.286
kp20 run1.txt,6,-20.0,-1,569.000,-0.101,-0.279
kp20 run1.txt,6,-20.0,-1,570.000,-0.1028,-0.316
kp20 run1.txt,6,-20.0,-1,571.000,-0.0955,0.366
kp20 run1.txt,6,-20.0,-1,572.000,-0.1006,-0.272
kp20 run1.txt,6,-20.0,-1,573.000,-0.0996,0.286
kp20 run1.txt,6,-20.0,-1,574.000,-0.1061,-0.381
kp20 run1.txt,6,-20.0,-1,575.000,-0.0999,0.279
kp20 run1.txt,6,-20.0,-1,576.000,-0.1079,-0.418
kp20 run1.txt,6,-20.0,-1,577.000,-0.1006,-0.272
kp20 run1.txt,6,-20.0,-1,578.000,-0.1006,-0.272
kp20 run1.txt,6,-20.0,-1,579.000,-0.1006,-0.272
kp20 run1.txt,6,-20.0,-1,580.000,-0.0985,0.308
kp20 run1.txt,6,-20.0,-1,581.000,-0.1006,-0.272
kp20 run1.txt,6,-20.0,-1,582.000,-0.1028,-0.316
kp20 run1.txt,6,-20.0,-1,583.000,-0.1028,-0.316
kp20 run1.txt,6,-20.0,-1,584.000,-0.0999,0.279
kp20 run1.txt,6,-20.0,-1,585.000,-0.1006,-0.272
kp20 run1.txt,6,-20.0,-1,586.000,-0.1036,-0.33
kp20 run1.txt,6,-20.0,-1,587.000,-0.105,-0.359
kp20 run1.txt,6,-20.0,-1,588.000,-0.0999,0.279
kp20 run1.txt,6,-20.0,-1,589.000,-0.1006,-0.272
kp20 run1.txt,6,-20.0,-1,590.000,-0.0999,0.279
kp20 run1.txt,6,-20.0,-1,591.000,-0.1101,-0.461
kp20 run1.txt,6,-20.0,-1,592.000,-0.0985,0.308
kp20 run1.txt,6,-20.0,-1,593.000,-0.1021,-0.301
kp20 run1.txt,6,-20.0,-1,594.000,-0.0992,0.293
kp20 run1.txt,6,-20.0,-1,595.000,-0.0996,0.286
kp20 run1.txt,6,-20.0,-1,596.000,-0.0996,0.286
kp20 run1.txt,6,-20.0,-1,597.000,-0.0996,0.286
kp20 run1.txt,6,-20.0,-1,598.000,-0.0999,0.279
kp20 run1.txt,6,-20.0,-1,599.000,-0.0996,0.286
kp20 run1.txt,7,-20.0,1,0.000,-0.1014,-4.287
kp20 run1.txt,7,-20.0,1,1.000,-0.0861,-3.98
kp20 run1.txt,7,-20.0,1,2.000,-0.0992,-4.243
kp20 run1.txt,7,-20.0,1,3.000,-0.0985,-4.228
kp20 run1.txt,7,-20.0,1,4.000,-0.1003,-4.265
kp20 run1.txt,7,-20.0,1,5.000,-0.1072,-4.403
kp20 run1.txt,7,-20.0,1,6.000,-0.0996,-4.25
kp20 run1.txt,7,-20.0,1,7.000,-0.0985,-4.228
kp20 run1.txt,7,-20.0,1,8.000,-0.0934,-4.126
kp20 run1.txt,7,-20.0,1,9.000,-0.0926,-4.112
kp20 run1.txt,7,-20.0,1,10.000,-0.0897,-4.053
kp20 run1.txt,7,-20.0,1,11.000,-0.0846,-3.951
kp20 run1.txt,7,-20.0,1,12.000,-0.0868,-3.995
kp20 run1.txt,7,-20.0,1,13.000,-0.0839,-3.937
kp20 run1.txt,7,-20.0,1,14.000,-0.0824,-3.907
kp20 run1.txt,7,-20.0,1,15.000,-0.0773,-3.805
kp20 run1.txt,7,-20.0,1,16.000,-0.074,-3.74
kp20 run1.txt,7,-20.0,1,17.000,-0.07,-3.66
kp20 run1.txt,7,-20.0,1,18.000,-0.0657,-3.572
kp20 run1.txt,7,-20.0,1,19.000,-0.0598,-3.455
kp20 run1.txt,7,-20.0,1,20.000,-0.042,-3.098
kp20 run1.txt,7,-20.0,1,21.000,-0.0503,-3.266
kp20 run1.txt,7,-20.0,1,22.000,-0.0445,-3.149
kp20 run1.txt,7,-20.0,1,23.000,-0.0412,-3.084
kp20 run1.txt,7,-20.0,1,24.000,-0.0401,-3.062
kp20 run1.txt,7,-20.0,1,25.000,-0.0372,-3.003
kp20 run1.txt,7,-20.0,1,26.000,-0.0332,-2.923
kp20 run1.txt,7,-20.0,1,27.000,-0.0299,-2.858
kp20 run1.txt,7,-20.0,1,28.000,-0.0256,-2.77
kp20 run1.txt,7,-20.0,1,29.000,-0.0226,-2.712
kp20 run1.txt,7,-20.0,1,30.000,-0.0117,-2.493
kp20 run1.txt,7,-20.0,1,31.000,-0.0088,-2.435
kp20 run1.txt,7,-20.0,1,32.000,-0.011,-2.479
kp20 run1.txt,7,-20.0,1,33.000,-0.003,-2.318
kp20 run1.txt,7,-20.0,1,34.000,-0.0022,-2.304
kp20 run1.txt,7,-20.0,1,35.000,0.0014,-2.231
kp20 run1.txt,7,-20.0,1,36.000,-0.0197,-2.653
kp20 run1.txt,7,-20.0,1,37.000,0.0124,-2.012
kp20 run1.txt,7,-20.0,1,38.000,0.0116,-2.027
kp20 run1.txt,7,-20.0,1,39.000,0.016,-1.939
kp20 run1.txt,7,-20.0,1,40.000,0.0218,-1.822
kp20 run1.txt,7,-20.0,1,41.000,0.0262,-1.735
kp20 run1.txt,7,-20.0,1,42.000,0.0284,-1.691
kp20 run1.txt,7,-20.0,1,43.000,0.032,-1.618
kp20 run1.txt,7,-20.0,1,44.000,0.0364,-1.531
kp20 run1.txt,7,-20.0,1,45.000,0.0412,-1.436
kp20 run1.txt,7,-20.0,1,46.000,0.0437,-1.385
kp20 run1.txt,7,-20.0,1,47.000,0.0488,-1.283
kp20 run1.txt,7,-20.0,1,48.000,0.0473,-1.312
kp20 run1.txt,7,-20.0,1,49.000,0.0543,-1.174
kp20 run1.txt,7,-20.0,1,50.000,0.0554,-1.152
kp20 run1.txt,7,-20.0,1,51.000,0.0616,-1.028
kp20 run1.txt,7,-20.0,1,52.000,0.0517,-1.225
kp20 run1.txt,7,-20.0,1,53.000,0.067,-0.918
kp20 run1.txt,7,-20.0,1,54.000,0.0714,-0.831
kp20 run1.txt,7,-20.0,1,55.000,0.0641,-0.977
kp20 run1.txt,7,-20.0,1,56.000,0.0805,-0.649
kp20 run1.txt,7,-20.0,1,57.000,0.0794,-0.671
kp20 run1.txt,7,-20.0,1,58.000,0.0823,-0.612
kp20 run1.txt,7,-20.0,1,59.000,0.0867,-0.525
kp20 run1.txt,7,-20.0,1,60.000,0.0984,-0.291
kp20 run1.txt,7,-20.0,1,61.000,0.0911,-0.437
kp20 run1.txt,7,-20.0,1,62.000,0.0918,-0.423
kp20 run1.txt,7,-20.0,1,63.000,0.0962,-0.335
kp20 run1.txt,7,-20.0,1,64.000,0.0911,-0.437
kp20 run1.txt,7,-20.0,1,65.000,0.098,-0.299
kp20 run1.txt,7,-20.0,1,66.000,0.102,0.317
kp20 run1.txt,7,-20.0,1,67.000,0.1086,0.449
kp20 run1.txt,7,-20.0,1,68.000,0.1064,0.405
kp20 run1.txt,7,-20.0,1,69.000,0.102,0.317
kp20 run1.txt,7,-20.0,1,70.000,0.1115,0.507
kp20 run1.txt,7,-20.0,1,71.000,0.113,0.536
kp20 run1.txt,7,-20.0,1,72.000,0.1224,0.726
kp20 run1.txt,7,-20.0,1,73.000,0.113,0.536
kp20 run1.txt,7,-20.0,1,74.000,0.1122,0.522
kp20 run1.txt,7,-20.0,1,75.000,0.1151,0.58
kp20 run1.txt,7,-20.0,1,76.000,0.1203,0.682
kp20 run1.txt,7,-20.0,1,77.000,0.1199,0.675
kp20 run1.txt,7,-20.0,1,78.000,0.1203,0.682
kp20 run1.txt,7,-20.0,1,79.000,0.1203,0.682
kp20 run1.txt,7,-20.0,1,80.000,0.1203,0.682
kp20 run1.txt,7,-20.0,1,81.000,0.1217,0.711
kp20 run1.txt,7,-20.0,1,82.000,0.121,0.697
kp20 run1.txt,7,-20.0,1,83.000,0.1232,0.74
kp20 run1.txt,7,-20.0,1,84.000,0.1166,0.609
kp20 run1.txt,7,-20.0,1,85.000,0.1261,0.799
kp20 run1.txt,7,-20.0,1,86.000,0.1217,0.711
kp20 run1.txt,7,-20.0,1,87.000,0.1195,0.667
kp20 run1.txt,7,-20.0,1,88.000,0.1203,0.682
kp20 run1.txt,7,-20.0,1,89.000,0.1199,0.675
kp20 run1.txt,7,-20.0,1,90.000,0.1224,0.726
kp20 run1.txt,7,-20.0,1,91.000,0.1224,0.726
kp20 run1.txt,7,-20.0,1,92.000,0.1279,0.835
kp20 run1.txt,7,-20.0,1,93.000,0.1221,0.718
kp20 run1.txt,7,-20.0,1,94.000,0.1232,0.74
kp20 run1.txt,7,-20.0,1,95.000,0.1228,0.733
kp20 run1.txt,7,-20.0,1,96.000,0.121,0.697
kp20 run1.txt,7,-20.0,1,97.000,0.1254,0.784
kp20 run1.txt,7,-20.0,1,98.000,0.1232,0.74
kp20 run1.txt,7,-20.0,1,99.000,0.1275,0.828
kp20 run1.txt,7,-20.0,1,100.000,0.1297,0.872
kp20 run1.txt,7,-20.0,1,101.000,0.1221,0.718
kp20 run1.txt,7,-20.0,1,102.000,0.1181,0.638
kp20 run1.txt,7,-20.0,1,103.000,0.1239,0.755
kp20 run1.txt,7,-20.0,1,104.000,0.1224,0.726
kp20 run1.txt,7,-20.0,1,105.000,0.1228,0.733
kp20 run1.txt,7,-20.0,1,106.000,0.1203,0.682
kp20 run1.txt,7,-20.0,1,107.000,0.1199,0.675
kp20 run1.txt,7,-20.0,1,108.000,0.1192,0.66
kp20 run1.txt,7,-20.0,1,109.000,0.1181,0.638
kp20 run1.txt,7,-20.0,1,110.000,0.121,0.697
kp20 run1.txt,7,-20.0,1,111.000,0.1133,0.544
kp20 run1.txt,7,-20.0,1,112.000,0.1181,0.638
kp20 run1.txt,7,-20.0,1,113.000,0.1192,0.66
kp20 run1.txt,7,-20.0,1,114.000,0.1159,0.595
kp20 run1.txt,7,-20.0,1,115.000,0.1148,0.573
kp20 run1.txt,7,-20.0,1,116.000,0.1148,0.573
kp20 run1.txt,7,-20.0,1,117.000,0.1151,0.58
kp20 run1.txt,7,-20.0,1,118.000,0.1162,0.602
kp20 run1.txt,7,-20.0,1,119.000,0.1049,0.376
kp20 run1.txt,7,-20.0,1,120.000,0.1115,0.507
kp20 run1.txt,7,-20.0,1,121.000,0.1122,0.522
kp20 run1.txt,7,-20.0,1,122.000,0.1104,0.485
kp20 run1.txt,7,-20.0,1,123.000,0.1111,0.5
kp20 run1.txt,7,-20.0,1,124.000,0.1075,0.427
kp20 run1.txt,7,-20.0,1,125.000,0.1093,0.463
kp20 run1.txt,7,-20.0,1,126.000,0.1068,0.412
kp20 run1.txt,7,-20.0,1,127.000,0.1162,0.602
kp20 run1.txt,7,-20.0,1,128.000,0.1028,0.332
kp20 run1.txt,7,-20.0,1,129.000,0.1057,0.39
kp20 run1.txt,7,-20.0,1,130.000,0.1046,0.369
kp20 run1.txt,7,-20.0,1,131.000,0.1068,0.412
kp20 run1.txt,7,-20.0,1,132.000,0.1002,0.281
kp20 run1.txt,7,-20.0,1,133.000,0.1035,0.347
kp20 run1.txt,7,-20.0,1,134.000,0.1035,0.347
kp20 run1.txt,7,-20.0,1,135.000,0.1046,0.369
kp20 run1.txt,7,-20.0,1,136.000,0.113,0.536
kp20 run1.txt,7,-20.0,1,137.000,0.1006,0.288
kp20 run1.txt,7,-20.0,1,138.000,0.0896,-0.466
kp20 run1.txt,7,-20.0,1,139.000,0.0998,-0.262
kp20 run1.txt,7,-20.0,1,140.000,0.098,-0.299
kp20 run1.txt,7,-20.0,1,141.000,0.0969,-0.321
kp20 run1.txt,7,-20.0,1,142.000,0.098,-0.299
kp20 run1.txt,7,-20.0,1,143.000,0.0984,-0.291
kp20 run1.txt,7,-20.0,1,144.000,0.0969,-0.321
kp20 run1.txt,7,-20.0,1,145.000,0.0973,-0.313
kp20 run1.txt,7,-20.0,1,146.000,0.0962,-0.335
kp20 run1.txt,7,-20.0,1,147.000,0.0969,-0.321
kp20 run1.txt,7,-20.0,1,148.000,0.0907,-0.445
kp20 run1.txt,7,-20.0,1,149.000,0.0969,-0.321
kp20 run1.txt,7,-20.0,1,150.000,0.0969,-0.321
kp20 run1.txt,7,-20.0,1,151.000,0.0991,-0.277
kp20 run1.txt,7,-20.0,1,152.000,0.0966,-0.328
kp20 run1.txt,7,-20.0,1,153.000,0.0977,-0.306
kp20 run1.txt,7,-20.0,1,154.000,0.1009,0.296
kp20 run1.txt,7,-20.0,1,155.000,0.0984,-0.291
kp20 run1.txt,7,-20.0,1,156.000,0.0947,-0.364
kp20 run1.txt,7,-20.0,1,157.000,0.1006,0.288
kp20 run1.txt,7,-20.0,1,158.000,0.0896,-0.466
kp20 run1.txt,7,-20.0,1,159.000,0.086,-0.539
kp20 run1.txt,7,-20.0,1,160.000,0.0904,-0.452
kp20 run1.txt,7,-20.0,1,161.000,0.1082,0.441
kp20 run1.txt,7,-20.0,1,162.000,0.0955,-0.35
kp20 run1.txt,7,-20.0,1,163.000,0.0962,-0.335
kp20 run1.txt,7,-20.0,1,164.000,0.0998,-0.262
kp20 run1.txt,7,-20.0,1,165.000,0.0969,-0.321
kp20 run1.txt,7,-20.0,1,166.000,0.0925,-0.408
kp20 run1.txt,7,-20.0,1,167.000,0.0987,-0.284
kp20 run1.txt,7,-20.0,1,168.000,0.1079,0.434
kp20 run1.txt,7,-20.0,1,169.000,0.0984,-0.291
kp20 run1.txt,7,-20.0,1,170.000,0.0969,-0.321
kp20 run1.txt,7,-20.0,1,171.000,0.0951,-0.357
kp20 run1.txt,7,-20.0,1,172.000,0.0955,-0.35
kp20 run1.txt,7,-20.0,1,173.000,0.0977,-0.306
kp20 run1.txt,7,-20.0,1,174.000,0.0962,-0.335
kp20 run1.txt,7,-20.0,1,175.000,0.0969,-0.321
kp20 run1.txt,7,-20.0,1,176.000,0.0962,-0.335
kp20 run1.txt,7,-20.0,1,177.000,0.0969,-0.321
kp20 run1.txt,7,-20.0,1,178.000,0.1013,0.303
kp20 run1.txt,7,-20.0,1,179.000,0.0925,-0.408
kp20 run1.txt,7,-20.0,1,180.000,0.1006,0.288
kp20 run1.txt,7,-20.0,1,181.000,0.0998,-0.262
kp20 run1.txt,7,-20.0,1,182.000,0.0969,-0.321
kp20 run1.txt,7,-20.0,1,183.000,0.0969,-0.321
kp20 run1.txt,7,-20.0,1,184.000,0.0958,-0.342
kp20 run1.txt,7,-20.0,1,185.000,0.0787,-0.685
kp20 run1.txt,7,-20.0,1,186.000,0.0925,-0.408
kp20 run1.txt,7,-20.0,1,187.000,0.0969,-0.321
kp20 run1.txt,7,-20.0,1,188.000,0.0977,-0.306
kp20 run1.txt,7,-20.0,1,189.000,0.0977,-0.306
kp20 run1.txt,7,-20.0,1,190.000,0.0977,-0.306
kp20 run1.txt,7,-20.0,1,191.000,0.0969,-0.321
kp20 run1.txt,7,-20.0,1,192.000,0.0984,-0.291
kp20 run1.txt,7,-20.0,1,193.000,0.0958,-0.342
kp20 run1.txt,7,-20.0,1,194.000,0.0969,-0.321
kp20 run1.txt,7,-20.0,1,195.000,0.0984,-0.291
kp20 run1.txt,7,-20.0,1,196.000,0.0977,-0.306
kp20 run1.txt,7,-20.0,1,197.000,0.1017,0.31
kp20 run1.txt,7,-20.0,1,198.000,0.0969,-0.321
kp20 run1.txt,7,-20.0,1,199.000,0.0998,-0.262
kp20 run1.txt,7,-20.0,1,200.000,0.1035,0.347
kp20 run1.txt,7,-20.0,1,201.000,0.0995,-0.27
kp20 run1.txt,7,-20.0,1,202.000,0.0998,-0.262
kp20 run1.txt,7,-20.0,1,203.000,0.1013,0.303
kp20 run1.txt,7,-20.0,1,204.000,0.0987,-0.284
kp20 run1.txt,7,-20.0,1,205.000,0.1006,0.288
kp20 run1.txt,7,-20.0,1,206.000,0.0812,-0.634
kp20 run1.txt,7,-20.0,1,207.000,0.0998,-0.262
kp20 run1.txt,7,-20.0,1,208.000,0.0977,-0.306
kp20 run1.txt,7,-20.0,1,209.000,0.1013,0.303
kp20 run1.txt,7,-20.0,1,210.000,0.1013,0.303
kp20 run1.txt,7,-20.0,1,211.000,0.0998,-0.262
kp20 run1.txt,7,-20.0,1,212.000,0.1035,0.347
kp20 run1.txt,7,-20.0,1,213.000,0.1013,0.303
kp20 run1.txt,7,-20.0,1,214.000,0.0973,-0.313
kp20 run1.txt,7,-20.0,1,215.000,0.0998,-0.262
kp20 run1.txt,7,-20.0,1,216.000,0.1017,0.31
kp20 run1.txt,7,-20.0,1,217.000,0.1017,0.31
kp20 run1.txt,7,-20.0,1,218.000,0.1035,0.347
kp20 run1.txt,7,-20.0,1,219.000,0.1035,0.347
kp20 run1.txt,7,-20.0,1,220.000,0.1028,0.332
kp20 run1.txt,7,-20.0,1,221.000,0.102,0.317
kp20 run1.txt,7,-20.0,1,222.000,0.1009,0.296
kp20 run1.txt,7,-20.0,1,223.000,0.102,0.317
kp20 run1.txt,7,-20.0,1,224.000,0.1013,0.303
kp20 run1.txt,7,-20.0,1,225.000,0.1017,0.31
kp20 run1.txt,7,-20.0,1,226.000,0.1013,0.303
kp20 run1.txt,7,-20.0,1,227.000,0.1028,0.332
kp20 run1.txt,7,-20.0,1,228.000,0.1006,0.288
kp20 run1.txt,7,-20.0,1,229.000,0.1017,0.31
kp20 run1.txt,7,-20.0,1,230.000,0.1017,0.31
kp20 run1.txt,7,-20.0,1,231.000,0.1024,0.325
kp20 run1.txt,7,-20.0,1,232.000,0.0907,-0.445
kp20 run1.txt,7,-20.0,1,233.000,0.102,0.317
kp20 run1.txt,7,-20.0,1,234.000,0.102,0.317
kp20 run1.txt,7,-20.0,1,235.000,0.0984,-0.291
kp20 run1.txt,7,-20.0,1,236.000,0.1028,0.332
kp20 run1.txt,7,-20.0,1,237.000,0.1006,0.288
kp20 run1.txt,7,-20.0,1,238.000,0.0947,-0.364
kp20 run1.txt,7,-20.0,1,239.000,0.1028,0.332
kp20 run1.txt,7,-20.0,1,240.000,0.0998,-0.262
kp20 run1.txt,7,-20.0,1,241.000,0.1017,0.31
kp20 run1.txt,7,-20.0,1,242.000,0.1017,0.31
kp20 run1.txt,7,-20.0,1,243.000,0.1049,0.376
kp20 run1.txt,7,-20.0,1,244.000,0.0969,-0.321
kp20 run1.txt,7,-20.0,1,245.000,0.1024,0.325
kp20 run1.txt,7,-20.0,1,246.000,0.0987,-0.284
kp20 run1.txt,7,-20.0,1,247.000,0.1035,0.347
kp20 run1.txt,7,-20.0,1,248.000,0.1017,0.31
kp20 run1.txt,7,-20.0,1,249.000,0.1038,0.354
kp20 run1.txt,7,-20.0,1,250.000,0.0969,-0.321
kp20 run1.txt,7,-20.0,1,251.000,0.0995,-0.27
kp20 run1.txt,7,-20.0,1,252.000,0.1013,0.303
kp20 run1.txt,7,-20.0,1,253.000,0.0984,-0.291
kp20 run1.txt,7,-20.0,1,254.000,0.1046,0.369
kp20 run1.txt,7,-20.0,1,255.000,0.1013,0.303
kp20 run1.txt,7,-20.0,1,256.000,0.1035,0.347
kp20 run1.txt,7,-20.0,1,257.000,0.1006,0.288
kp20 run1.txt,7,-20.0,1,258.000,0.1035,0.347
kp20 run1.txt,7,-20.0,1,259.000,0.1009,0.296
kp20 run1.txt,7,-20.0,1,260.000,0.1071,0.42
kp20 run1.txt,7,-20.0,1,261.000,0.1046,0.369
kp20 run1.txt,7,-20.0,1,262.000,0.1108,0.492
kp20 run1.txt,7,-20.0,1,263.000,0.1017,0.31
kp20 run1.txt,7,-20.0,1,264.000,0.1017,0.31
kp20 run1.txt,7,-20.0,1,265.000,0.1013,0.303
kp20 run1.txt,7,-20.0,1,266.000,0.102,0.317
kp20 run1.txt,7,-20.0,1,267.000,0.0991,-0.277
kp20 run1.txt,7,-20.0,1,268.000,0.1002,0.281
kp20 run1.txt,7,-20.0,1,269.000,0.102,0.317
kp20 run1.txt,7,-20.0,1,270.000,0.0998,-0.262
kp20 run1.txt,7,-20.0,1,271.000,0.1006,0.288
kp20 run1.txt,7,-20.0,1,272.000,0.1017,0.31
kp20 run1.txt,7,-20.0,1,273.000,0.1013,0.303
kp20 run1.txt,7,-20.0,1,274.000,0.0998,-0.262
kp20 run1.txt,7,-20.0,1,275.000,0.094,-0.379
kp20 run1.txt,7,-20.0,1,276.000,0.1017,0.31
kp20 run1.txt,7,-20.0,1,277.000,0.0998,-0.262
kp20 run1.txt,7,-20.0,1,278.000,0.1009,0.296
kp20 run1.txt,7,-20.0,1,279.000,0.1049,0.376
kp20 run1.txt,7,-20.0,1,280.000,0.0904,-0.452
kp20 run1.txt,7,-20.0,1,281.000,0.0915,-0.43
kp20 run1.txt,7,-20.0,1,282.000,0.0991,-0.277
kp20 run1.txt,7,-20.0,1,283.000,0.1006,0.288
kp20 run1.txt,7,-20.0,1,284.000,0.0991,-0.277
kp20 run1.txt,7,-20.0,1,285.000,0.0991,-0.277
kp20 run1.txt,7,-20.0,1,286.000,0.102,0.317
kp20 run1.txt,7,-20.0,1,287.000,0.0991,-0.277
kp20 run1.txt,7,-20.0,1,288.000,0.1017,0.31
kp20 run1.txt,7,-20.0,1,289.000,0.1013,0.303
kp20 run1.txt,7,-20.0,1,290.000,0.098,-0.299
kp20 run1.txt,7,-20.0,1,291.000,0.1006,0.288
kp20 run1.txt,7,-20.0,1,292.000,0.0969,-0.321
kp20 run1.txt,7,-20.0,1,293.000,0.0987,-0.284
kp20 run1.txt,7,-20.0,1,294.000,0.0998,-0.262
kp20 run1.txt,7,-20.0,1,295.000,0.0991,-0.277
kp20 run1.txt,7,-20.0,1,296.000,0.0998,-0.262
kp20 run1.txt,7,-20.0,1,297.000,0.0991,-0.277
kp20 run1.txt,7,-20.0,1,298.000,0.1009,0.296
kp20 run1.txt,7,-20.0,1,299.000,0.0958,-0.342
kp20 run1.txt,7,-20.0,1,300.000,0.1028,0.332
kp20 run1.txt,7,-20.0,1,301.000,0.0998,-0.262
kp20 run1.txt,7,-20.0,1,302.000,0.1028,0.332
kp20 run1.txt,7,-20.0,1,303.000,0.1006,0.288
kp20 run1.txt,7,-20.0,1,304.000,0.1035,0.347
kp20 run1.txt,7,-20.0,1,305.000,0.0987,-0.284
kp20 run1.txt,7,-20.0,1,306.000,0.0984,-0.291
kp20 run1.txt,7,-20.0,1,307.000,0.0998,-0.262
kp20 run1.txt,7,-20.0,1,308.000,0.0991,-0.277
kp20 run1.txt,7,-20.0,1,309.000,0.0998,-0.262
kp20 run1.txt,7,-20.0,1,310.000,0.0962,-0.335
kp20 run1.txt,7,-20.0,1,311.000,0.1006,0.288
kp20 run1.txt,7,-20.0,1,312.000,0.0991,-0.277
kp20 run1.txt,7,-20.0,1,313.000,0.0969,-0.321
kp20 run1.txt,7,-20.0,1,314.000,0.0995,-0.27
kp20 run1.txt,7,-20.0,1,315.000,0.094,-0.379
kp20 run1.txt,7,-20.0,1,316.000,0.0991,-0.277
kp20 run1.txt,7,-20.0,1,317.000,0.0998,-0.262
kp20 run1.txt,7,-20.0,1,318.000,0.0984,-0.291
kp20 run1.txt,7,-20.0,1,319.000,0.0984,-0.291
kp20 run1.txt,7,-20.0,1,320.000,0.1013,0.303
kp20 run1.txt,7,-20.0,1,321.000,0.0998,-0.262
kp20 run1.txt,7,-20.0,1,322.000,0.0984,-0.291
kp20 run1.txt,7,-20.0,1,323.000,0.0969,-0.321
kp20 run1.txt,7,-20.0,1,324.000,0.0955,-0.35
kp20 run1.txt,7,-20.0,1,325.000,0.0998,-0.262
kp20 run1.txt,7,-20.0,1,326.000,0.0984,-0.291
kp20 run1.txt,7,-20.0,1,327.000,0.0962,-0.335
kp20 run1.txt,7,-20.0,1,328.000,0.102,0.317
kp20 run1.txt,7,-20.0,1,329.000,0.1009,0.296
kp20 run1.txt,7,-20.0,1,330.000,0.0969,-0.321
kp20 run1.txt,7,-20.0,1,331.000,0.1006,0.288
kp20 run1.txt,7,-20.0,1,332.000,0.0998,-0.262
kp20 run1.txt,7,-20.0,1,333.000,0.0998,-0.262
kp20 run1.txt,7,-20.0,1,334.000,0.0991,-0.277
kp20 run1.txt,7,-20.0,1,335.000,0.0984,-0.291
kp20 run1.txt,7,-20.0,1,336.000,0.0998,-0.262
kp20 run1.txt,7,-20.0,1,337.000,0.0977,-0.306
kp20 run1.txt,7,-20.0,1,338.000,0.0984,-0.291
kp20 run1.txt,7,-20.0,1,339.000,0.0998,-0.262
kp20 run1.txt,7,-20.0,1,340.000,0.102,0.317
kp20 run1.txt,7,-20.0,1,341.000,0.0969,-0.321
kp20 run1.txt,7,-20.0,1,342.000,0.0998,-0.262
kp20 run1.txt,7,-20.0,1,343.000,0.0998,-0.262
kp20 run1.txt,7,-20.0,1,344.000,0.0998,-0.262
kp20 run1.txt,7,-20.0,1,345.000,0.0998,-0.262
kp20 run1.txt,7,-20.0,1,346.000,0.0984,-0.291
kp20 run1.txt,7,-20.0,1,347.000,0.0998,-0.262
kp20 run1.txt,7,-20.0,1,348.000,0.0998,-0.262
kp20 run1.txt,7,-20.0,1,349.000,0.0998,-0.262
kp20 run1.txt,7,-20.0,1,350.000,0.1006,0.288
kp20 run1.txt,7,-20.0,1,351.000,0.0998,-0.262
kp20 run1.txt,7,-20.0,1,352.000,0.1006,0.288
kp20 run1.txt,7,-20.0,1,353.000,0.0991,-0.277
kp20 run1.txt,7,-20.0,1,354.000,0.0933,-0.393
kp20 run1.txt,7,-20.0,1,355.000,0.1049,0.376
kp20 run1.txt,7,-20.0,1,356.000,0.0991,-0.277
kp20 run1.txt,7,-20.0,1,357.000,0.0995,-0.27
kp20 run1.txt,7,-20.0,1,358.000,0.1017,0.31
kp20 run1.txt,7,-20.0,1,359.000,0.1017,0.31
kp20 run1.txt,7,-20.0,1,360.000,0.1006,0.288
kp20 run1.txt,7,-20.0,1,361.000,0.1009,0.296
kp20 run1.txt,7,-20.0,1,362.000,0.1006,0.288
kp20 run1.txt,7,-20.0,1,363.000,0.0998,-0.262
kp20 run1.txt,7,-20.0,1,364.000,0.1013,0.303
kp20 run1.txt,7,-20.0,1,365.000,0.1013,0.303
kp20 run1.txt,7,-20.0,1,366.000,0.0947,-0.364
kp20 run1.txt,7,-20.0,1,367.000,0.1013,0.303
kp20 run1.txt,7,-20.0,1,368.000,0.102,0.317
kp20 run1.txt,7,-20.0,1,369.000,0.1013,0.303
kp20 run1.txt,7,-20.0,1,370.000,0.0998,-0.262
kp20 run1.txt,7,-20.0,1,371.000,0.098,-0.299
kp20 run1.txt,7,-20.0,1,372.000,0.102,0.317
kp20 run1.txt,7,-20.0,1,373.000,0.1028,0.332
kp20 run1.txt,7,-20.0,1,374.000,0.0958,-0.342
kp20 run1.txt,7,-20.0,1,375.000,0.0896,-0.466
kp20 run1.txt,7,-20.0,1,376.000,0.102,0.317
kp20 run1.txt,7,-20.0,1,377.000,0.1006,0.288
kp20 run1.txt,7,-20.0,1,378.000,0.0991,-0.277
kp20 run1.txt,7,-20.0,1,379.000,0.0977,-0.306
kp20 run1.txt,7,-20.0,1,380.000,0.0969,-0.321
kp20 run1.txt,7,-20.0,1,381.000,0.1013,0.303
kp20 run1.txt,7,-20.0,1,382.000,0.1006,0.288
kp20 run1.txt,7,-20.0,1,383.000,0.0896,-0.466
kp20 run1.txt,7,-20.0,1,384.000,0.1013,0.303
kp20 run1.txt,7,-20.0,1,385.000,0.1035,0.347
kp20 run1.txt,7,-20.0,1,386.000,0.1038,0.354
kp20 run1.txt,7,-20.0,1,387.000,0.1009,0.296
kp20 run1.txt,7,-20.0,1,388.000,0.1064,0.405
kp20 run1.txt,7,-20.0,1,389.000,0.1079,0.434
kp20 run1.txt,7,-20.0,1,390.000,0.1028,0.332
kp20 run1.txt,7,-20.0,1,391.000,0.0998,-0.262
kp20 run1.txt,7,-20.0,1,392.000,0.102,0.317
kp20 run1.txt,7,-20.0,1,393.000,0.0973,-0.313
kp20 run1.txt,7,-20.0,1,394.000,0.1017,0.31
kp20 run1.txt,7,-20.0,1,395.000,0.102,0.317
kp20 run1.txt,7,-20.0,1,396.000,0.1108,0.492
kp20 run1.txt,7,-20.0,1,397.000,0.1006,0.288
kp20 run1.txt,7,-20.0,1,398.000,0.1017,0.31
kp20 run1.txt,7,-20.0,1,399.000,0.1024,0.325
kp20 run1.txt,7,-20.0,1,400.000,0.1006,0.288
kp20 run1.txt,7,-20.0,1,401.000,0.1017,0.31
kp20 run1.txt,7,-20.0,1,402.000,0.1035,0.347
kp20 run1.txt,7,-20.0,1,403.000,0.0936,-0.386
kp20 run1.txt,7,-20.0,1,404.000,0.102,0.317
kp20 run1.txt,7,-20.0,1,405.000,0.0998,-0.262
kp20 run1.txt,7,-20.0,1,406.000,0.0998,-0.262
kp20 run1.txt,7,-20.0,1,407.000,0.1013,0.303
kp20 run1.txt,7,-20.0,1,408.000,0.1028,0.332
kp20 run1.txt,7,-20.0,1,409.000,0.0998,-0.262
kp20 run1.txt,7,-20.0,1,410.000,0.1009,0.296
kp20 run1.txt,7,-20.0,1,411.000,0.0969,-0.321
kp20 run1.txt,7,-20.0,1,412.000,0.1006,0.288
kp20 run1.txt,7,-20.0,1,413.000,0.1035,0.347
kp20 run1.txt,7,-20.0,1,414.000,0.102,0.317
kp20 run1.txt,7,-20.0,1,415.000,0.0998,-0.262
kp20 run1.txt,7,-20.0,1,416.000,0.1009,0.296
kp20 run1.txt,7,-20.0,1,417.000,0.1035,0.347
kp20 run1.txt,7,-20.0,1,418.000,0.1057,0.39
kp20 run1.txt,7,-20.0,1,419.000,0.1006,0.288
kp20 run1.txt,7,-20.0,1,420.000,0.102,0.317
kp20 run1.txt,7,-20.0,1,421.000,0.1013,0.303
kp20 run1.txt,7,-20.0,1,422.000,0.0991,-0.277
kp20 run1.txt,7,-20.0,1,423.000,0.1013,0.303
kp20 run1.txt,7,-20.0,1,424.000,0.1009,0.296
kp20 run1.txt,7,-20.0,1,425.000,0.0991,-0.277
kp20 run1.txt,7,-20.0,1,426.000,0.1006,0.288
kp20 run1.txt,7,-20.0,1,427.000,0.102,0.317
kp20 run1.txt,7,-20.0,1,428.000,0.1024,0.325
kp20 run1.txt,7,-20.0,1,429.000,0.1049,0.376
kp20 run1.txt,7,-20.0,1,430.000,0.1013,0.303
kp20 run1.txt,7,-20.0,1,431.000,0.1028,0.332
kp20 run1.txt,7,-20.0,1,432.000,0.1006,0.288
kp20 run1.txt,7,-20.0,1,433.000,0.1006,0.288
kp20 run1.txt,7,-20.0,1,434.000,0.1009,0.296
kp20 run1.txt,7,-20.0,1,435.000,0.1006,0.288
kp20 run1.txt,7,-20.0,1,436.000,0.0998,-0.262
kp20 run1.txt,7,-20.0,1,437.000,0.0933,-0.393
kp20 run1.txt,7,-20.0,1,438.000,0.1013,0.303
kp20 run1.txt,7,-20.0,1,439.000,0.0984,-0.291
kp20 run1.txt,7,-20.0,1,440.000,0.1017,0.31
kp20 run1.txt,7,-20.0,1,441.000,0.0998,-0.262
kp20 run1.txt,7,-20.0,1,442.000,0.102,0.317
kp20 run1.txt,7,-20.0,1,443.000,0.1006,0.288
kp20 run1.txt,7,-20.0,1,444.000,0.0991,-0.277
kp20 run1.txt,7,-20.0,1,445.000,0.0987,-0.284
kp20 run1.txt,7,-20.0,1,446.000,0.1046,0.369
kp20 run1.txt,7,-20.0,1,447.000,0.1057,0.39
kp20 run1.txt,7,-20.0,1,448.000,0.0987,-0.284
kp20 run1.txt,7,-20.0,1,449.000,0.0977,-0.306
kp20 run1.txt,7,-20.0,1,450.000,0.0998,-0.262
kp20 run1.txt,7,-20.0,1,451.000,0.102,0.317
kp20 run1.txt,7,-20.0,1,452.000,0.0853,-0.554
kp20 run1.txt,7,-20.0,1,453.000,0.1024,0.325
kp20 run1.txt,7,-20.0,1,454.000,0.0969,-0.321
kp20 run1.txt,7,-20.0,1,455.000,0.0998,-0.262
kp20 run1.txt,7,-20.0,1,456.000,0.0995,-0.27
kp20 run1.txt,7,-20.0,1,457.000,0.0984,-0.291
kp20 run1.txt,7,-20.0,1,458.000,0.0987,-0.284
kp20 run1.txt,7,-20.0,1,459.000,0.0998,-0.262
kp20 run1.txt,7,-20.0,1,460.000,0.0969,-0.321
kp20 run1.txt,7,-20.0,1,461.000,0.1006,0.288
kp20 run1.txt,7,-20.0,1,462.000,0.0958,-0.342
kp20 run1.txt,7,-20.0,1,463.000,0.0998,-0.262
kp20 run1.txt,7,-20.0,1,464.000,0.0969,-0.321
kp20 run1.txt,7,-20.0,1,465.000,0.1006,0.288
kp20 run1.txt,7,-20.0,1,466.000,0.1009,0.296
kp20 run1.txt,7,-20.0,1,467.000,0.1115,0.507
kp20 run1.txt,7,-20.0,1,468.000,0.0969,-0.321
kp20 run1.txt,7,-20.0,1,469.000,0.0987,-0.284
kp20 run1.txt,7,-20.0,1,470.000,0.0955,-0.35
kp20 run1.txt,7,-20.0,1,471.000,0.0998,-0.262
kp20 run1.txt,7,-20.0,1,472.000,0.102,0.317
kp20 run1.txt,7,-20.0,1,473.000,0.0991,-0.277
kp20 run1.txt,7,-20.0,1,474.000,0.0998,-0.262
kp20 run1.txt,7,-20.0,1,475.000,0.0998,-0.262
kp20 run1.txt,7,-20.0,1,476.000,0.1013,0.303
kp20 run1.txt,7,-20.0,1,477.000,0.0984,-0.291
kp20 run1.txt,7,-20.0,1,478.000,0.0998,-0.262
kp20 run1.txt,7,-20.0,1,479.000,0.0991,-0.277
kp20 run1.txt,7,-20.0,1,480.000,0.0991,-0.277
kp20 run1.txt,7,-20.0,1,481.000,0.1006,0.288
kp20 run1.txt,7,-20.0,1,482.000,0.0991,-0.277
kp20 run1.txt,7,-20.0,1,483.000,0.0998,-0.262
kp20 run1.txt,7,-20.0,1,484.000,0.0958,-0.342
kp20 run1.txt,7,-20.0,1,485.000,0.0987,-0.284
kp20 run1.txt,7,-20.0,1,486.000,0.1006,0.288
kp20 run1.txt,7,-20.0,1,487.000,0.0969,-0.321
kp20 run1.txt,7,-20.0,1,488.000,0.0947,-0.364
kp20 run1.txt,7,-20.0,1,489.000,0.1108,0.492
kp20 run1.txt,7,-20.0,1,490.000,0.1009,0.296
kp20 run1.txt,7,-20.0,1,491.000,0.0987,-0.284
kp20 run1.txt,7,-20.0,1,492.000,0.0998,-0.262
kp20 run1.txt,7,-20.0,1,493.000,0.1002,0.281
kp20 run1.txt,7,-20.0,1,494.000,0.0962,-0.335
kp20 run1.txt,7,-20.0,1,495.000,0.09,-0.459
kp20 run1.txt,7,-20.0,1,496.000,0.0987,-0.284
kp20 run1.txt,7,-20.0,1,497.000,0.0998,-0.262
kp20 run1.txt,7,-20.0,1,498.000,0.1006,0.288
kp20 run1.txt,7,-20.0,1,499.000,0.0987,-0.284
kp20 run1.txt,7,-20.0,1,500.000,0.0882,-0.496
kp20 run1.txt,7,-20.0,1,501.000,0.0991,-0.277
kp20 run1.txt,7,-20.0,1,502.000,0.0955,-0.35
kp20 run1.txt,7,-20.0,1,503.000,0.1013,0.303
kp20 run1.txt,7,-20.0,1,504.000,0.0984,-0.291
kp20 run1.txt,7,-20.0,1,505.000,0.102,0.317
kp20 run1.txt,7,-20.0,1,506.000,0.1013,0.303
kp20 run1.txt,7,-20.0,1,507.000,0.0969,-0.321
kp20 run1.txt,7,-20.0,1,508.000,0.0962,-0.335
kp20 run1.txt,7,-20.0,1,509.000,0.1006,0.288
kp20 run1.txt,7,-20.0,1,510.000,0.0987,-0.284
kp20 run1.txt,7,-20.0,1,511.000,0.0966,-0.328
kp20 run1.txt,7,-20.0,1,512.000,0.0947,-0.364
kp20 run1.txt,7,-20.0,1,513.000,0.1028,0.332
kp20 run1.txt,7,-20.0,1,514.000,0.1028,0.332
kp20 run1.txt,7,-20.0,1,515.000,0.0987,-0.284
kp20 run1.txt,7,-20.0,1,516.000,0.0987,-0.284
kp20 run1.txt,7,-20.0,1,517.000,0.0991,-0.277
kp20 run1.txt,7,-20.0,1,518.000,0.0969,-0.321
kp20 run1.txt,7,-20.0,1,519.000,0.102,0.317
kp20 run1.txt,7,-20.0,1,520.000,0.0991,-0.277
kp20 run1.txt,7,-20.0,1,521.000,0.1009,0.296
kp20 run1.txt,7,-20.0,1,522.000,0.0991,-0.277
kp20 run1.txt,7,-20.0,1,523.000,0.0991,-0.277
kp20 run1.txt,7,-20.0,1,524.000,0.0991,-0.277
kp20 run1.txt,7,-20.0,1,525.000,0.0977,-0.306
kp20 run1.txt,7,-20.0,1,526.000,0.0998,-0.262
kp20 run1.txt,7,-20.0,1,527.000,0.1006,0.288
kp20 run1.txt,7,-20.0,1,528.000,0.0998,-0.262
kp20 run1.txt,7,-20.0,1,529.000,0.1006,0.288
kp20 run1.txt,7,-20.0,1,530.000,0.1046,0.369
kp20 run1.txt,7,-20.0,1,531.000,0.0998,-0.262
kp20 run1.txt,7,-20.0,1,532.000,0.0998,-0.262
kp20 run1.txt,7,-20.0,1,533.000,0.0987,-0.284
kp20 run1.txt,7,-20.0,1,534.000,0.0991,-0.277
kp20 run1.txt,7,-20.0,1,535.000,0.0991,-0.277
kp20 run1.txt,7,-20.0,1,536.000,0.1057,0.39
kp20 run1.txt,7,-20.0,1,537.000,0.0991,-0.277
kp20 run1.txt,7,-20.0,1,538.000,0.0969,-0.321
kp20 run1.txt,7,-20.0,1,539.000,0.0998,-0.262
kp20 run1.txt,7,-20.0,1,540.000,0.0977,-0.306
kp20 run1.txt,7,-20.0,1,541.000,0.1006,0.288
kp20 run1.txt,7,-20.0,1,542.000,0.0984,-0.291
kp20 run1.txt,7,-20.0,1,543.000,0.1006,0.288
kp20 run1.txt,7,-20.0,1,544.000,0.1013,0.303
kp20 run1.txt,7,-20.0,1,545.000,0.1049,0.376
kp20 run1.txt,7,-20.0,1,546.000,0.102,0.317
kp20 run1.txt,7,-20.0,1,547.000,0.0998,-0.262
kp20 run1.txt,7,-20.0,1,548.000,0.0998,-0.262
kp20 run1.txt,7,-20.0,1,549.000,0.1024,0.325
kp20 run1.txt,7,-20.0,1,550.000,0.0991,-0.277
kp20 run1.txt,7,-20.0,1,551.000,0.0987,-0.284
kp20 run1.txt,7,-20.0,1,552.000,0.0998,-0.262
kp20 run1.txt,7,-20.0,1,553.000,0.0998,-0.262
kp20 run1.txt,7,-20.0,1,554.000,0.1013,0.303
kp20 run1.txt,7,-20.0,1,555.000,0.0998,-0.262
kp20 run1.txt,7,-20.0,1,556.000,0.0991,-0.277
kp20 run1.txt,7,-20.0,1,557.000,0.0998,-0.262
kp20 run1.txt,7,-20.0,1,558.000,0.1013,0.303
kp20 run1.txt,7,-20.0,1,559.000,0.0969,-0.321
kp20 run1.txt,7,-20.0,1,560.000,0.0998,-0.262
kp20 run1.txt,7,-20.0,1,561.000,0.0987,-0.284
kp20 run1.txt,7,-20.0,1,562.000,0.0991,-0.277
kp20 run1.txt,7,-20.0,1,563.000,0.1006,0.288
kp20 run1.txt,7,-20.0,1,564.000,0.1006,0.288
kp20 run1.txt,7,-20.0,1,565.000,0.125,0.777
kp20 run1.txt,7,-20.0,1,566.000,0.0984,-0.291
kp20 run1.txt,7,-20.0,1,567.000,0.0991,-0.277
kp20 run1.txt,7,-20.0,1,568.000,0.0995,-0.27
kp20 run1.txt,7,-20.0,1,569.000,0.0991,-0.277
kp20 run1.txt,7,-20.0,1,570.000,0.1006,0.288
kp20 run1.txt,7,-20.0,1,571.000,0.094,-0.379
kp20 run1.txt,7,-20.0,1,572.000,0.0991,-0.277
kp20 run1.txt,7,-20.0,1,573.000,0.1006,0.288
kp20 run1.txt,7,-20.0,1,574.000,0.1035,0.347
kp20 run1.txt,7,-20.0,1,575.000,0.0987,-0.284
kp20 run1.txt,7,-20.0,1,576.000,0.0987,-0.284
kp20 run1.txt,7,-20.0,1,577.000,0.0991,-0.277
kp20 run1.txt,7,-20.0,1,578.000,0.1024,0.325
kp20 run1.txt,7,-20.0,1,579.000,0.1006,0.288
kp20 run1.txt,7,-20.0,1,580.000,0.0987,-0.284
kp20 run1.txt,7,-20.0,1,581.000,0.0998,-0.262
kp20 run1.txt,7,-20.0,1,582.000,0.0998,-0.262
kp20 run1.txt,7,-20.0,1,583.000,0.0991,-0.277
kp20 run1.txt,7,-20.0,1,584.000,0.1006,0.288
kp20 run1.txt,7,-20.0,1,585.000,0.0929,-0.401
kp20 run1.txt,7,-20.0,1,586.000,0.0977,-0.306
kp20 run1.txt,7,-20.0,1,587.000,0.0998,-0.262
kp20 run1.txt,7,-20.0,1,588.000,0.0991,-0.277
kp20 run1.txt,7,-20.0,1,589.000,0.0998,-0.262
kp20 run1.txt,7,-20.0,1,590.000,0.0998,-0.262
kp20 run1.txt,7,-20.0,1,591.000,0.0991,-0.277
kp20 run1.txt,7,-20.0,1,592.000,0.0991,-0.277
kp20 run1.txt,7,-20.0,1,593.000,0.0998,-0.262
kp20 run1.txt,7,-20.0,1,594.000,0.0991,-0.277
kp20 run1.txt,7,-20.0,1,595.000,0.0977,-0.306
kp20 run1.txt,7,-20.0,1,596.000,0.0998,-0.262
kp20 run1.txt,7,-20.0,1,597.000,0.1017,0.31
kp20 run1.txt,7,-20.0,1,598.000,0.102,0.317
kp20 run1.txt,7,-20.0,1,599.000,0.102,0.317
kp20 run1.txt,8,-20.0,-1,0.000,0.0998,4.274
kp20 run1.txt,8,-20.0,-1,1.000,0.0984,4.245
kp20 run1.txt,8,-20.0,-1,2.000,0.0998,4.274
kp20 run1.txt,8,-20.0,-1,3.000,0.1035,4.347
kp20 run1.txt,8,-20.0,-1,4.000,0.1028,4.332
kp20 run1.txt,8,-20.0,-1,5.000,0.0984,4.245
kp20 run1.txt,8,-20.0,-1,6.000,0.0947,4.172
kp20 run1.txt,8,-20.0,-1,7.000,0.094,4.157
kp20 run1.txt,8,-20.0,-1,8.000,0.0933,4.143
kp20 run1.txt,8,-20.0,-1,9.000,0.0853,3.982
kp20 run1.txt,8,-20.0,-1,10.000,0.0896,4.07
kp20 run1.txt,8,-20.0,-1,11.000,0.0874,4.026
kp20 run1.txt,8,-20.0,-1,12.000,0.0838,3.953
kp20 run1.txt,8,-20.0,-1,13.000,0.0736,3.749
kp20 run1.txt,8,-20.0,-1,14.000,0.0765,3.807
kp20 run1.txt,8,-20.0,-1,15.000,0.0721,3.72
kp20 run1.txt,8,-20.0,-1,16.000,0.0729,3.734
kp20 run1.txt,8,-20.0,-1,17.000,0.0689,3.654
kp20 run1.txt,8,-20.0,-1,18.000,0.0648,3.574
kp20 run1.txt,8,-20.0,-1,19.000,0.0583,3.443
kp20 run1.txt,8,-20.0,-1,20.000,0.0678,3.632
kp20 run1.txt,8,-20.0,-1,21.000,0.0532,3.341
kp20 run1.txt,8,-20.0,-1,22.000,0.0597,3.472
kp20 run1.txt,8,-20.0,-1,23.000,0.0481,3.239
kp20 run1.txt,8,-20.0,-1,24.000,0.0499,3.275
kp20 run1.txt,8,-20.0,-1,25.000,0.0488,3.253
kp20 run1.txt,8,-20.0,-1,26.000,0.0459,3.195
kp20 run1.txt,8,-20.0,-1,27.000,0.032,2.918
kp20 run1.txt,8,-20.0,-1,28.000,0.0277,2.83
kp20 run1.txt,8,-20.0,-1,29.000,0.024,2.757
kp20 run1.txt,8,-20.0,-1,30.000,0.0153,2.582
kp20 run1.txt,8,-20.0,-1,31.000,0.0124,2.524
kp20 run1.txt,8,-20.0,-1,32.000,0.0083,2.444
kp20 run1.txt,8,-20.0,-1,33.000,0.0102,2.48
kp20 run1.txt,8,-20.0,-1,34.000,0.0007,2.291
kp20 run1.txt,8,-20.0,-1,35.000,-0.003,2.218
kp20 run1.txt,8,-20.0,-1,36.000,-0.0092,2.094
kp20 run1.txt,8,-20.0,-1,37.000,-0.0121,2.036
kp20 run1.txt,8,-20.0,-1,38.000,-0.0161,1.955
kp20 run1.txt,8,-20.0,-1,39.000,-0.0226,1.824
kp20 run1.txt,8,-20.0,-1,40.000,-0.0237,1.802
kp20 run1.txt,8,-20.0,-1,41.000,-0.027,1.737
kp20 run1.txt,8,-20.0,-1,42.000,-0.0321,1.635
kp20 run1.txt,8,-20.0,-1,43.000,-0.0358,1.562
kp20 run1.txt,8,-20.0,-1,44.000,-0.0518,1.241
kp20 run1.txt,8,-20.0,-1,45.000,-0.0431,1.416
kp20 run1.txt,8,-20.0,-1,46.000,-0.0496,1.285
kp20 run1.txt,8,-20.0,-1,47.000,-0.0416,1.445
kp20 run1.txt,8,-20.0,-1,48.000,-0.0569,1.139
kp20 run1.txt,8,-20.0,-1,49.000,-0.0642,0.993
kp20 run1.txt,8,-20.0,-1,50.000,-0.0616,1.044
kp20 run1.txt,8,-20.0,-1,51.000,-0.0664,0.949
kp20 run1.txt,8,-20.0,-1,52.000,-0.0693,0.891
kp20 run1.txt,8,-20.0,-1,53.000,-0.0711,0.855
kp20 run1.txt,8,-20.0,-1,54.000,-0.0722,0.833
kp20 run1.txt,8,-20.0,-1,55.000,-0.078,0.716
kp20 run1.txt,8,-20.0,-1,56.000,-0.081,0.658
kp20 run1.txt,8,-20.0,-1,57.000,-0.0842,0.592
kp20 run1.txt,8,-20.0,-1,58.000,-0.0868,0.541
kp20 run1.txt,8,-20.0,-1,59.000,-0.0897,0.483
kp20 run1.txt,8,-20.0,-1,60.000,-0.0992,0.293
kp20 run1.txt,8,-20.0,-1,61.000,-0.0963,0.352
kp20 run1.txt,8,-20.0,-1,62.000,-0.0934,0.41
kp20 run1.txt,8,-20.0,-1,63.000,-0.0985,0.308
kp20 run1.txt,8,-20.0,-1,64.000,-0.1006,-0.272
kp20 run1.txt,8,-20.0,-1,65.000,-0.1028,-0.316
kp20 run1.txt,8,-20.0,-1,66.000,-0.105,-0.359
kp20 run1.txt,8,-20.0,-1,67.000,-0.1072,-0.403
kp20 run1.txt,8,-20.0,-1,68.000,-0.1112,-0.483
kp20 run1.txt,8,-20.0,-1,69.000,-0.113,-0.52
kp20 run1.txt,8,-20.0,-1,70.000,-0.1123,-0.505
kp20 run1.txt,8,-20.0,-1,71.000,-0.105,-0.359
kp20 run1.txt,8,-20.0,-1,72.000,-0.1138,-0.534
kp20 run1.txt,8,-20.0,-1,73.000,-0.1189,-0.636
kp20 run1.txt,8,-20.0,-1,74.000,-0.1181,-0.622
kp20 run1.txt,8,-20.0,-1,75.000,-0.1189,-0.636
kp20 run1.txt,8,-20.0,-1,76.000,-0.1298,-0.855
kp20 run1.txt,8,-20.0,-1,77.000,-0.1211,-0.68
kp20 run1.txt,8,-20.0,-1,78.000,-0.1189,-0.636
kp20 run1.txt,8,-20.0,-1,79.000,-0.1207,-0.673
kp20 run1.txt,8,-20.0,-1,80.000,-0.12,-0.658
kp20 run1.txt,8,-20.0,-1,81.000,-0.1222,-0.702
kp20 run1.txt,8,-20.0,-1,82.000,-0.1225,-0.709
kp20 run1.txt,8,-20.0,-1,83.000,-0.1232,-0.724
kp20 run1.txt,8,-20.0,-1,84.000,-0.1222,-0.702
kp20 run1.txt,8,-20.0,-1,85.000,-0.124,-0.739
kp20 run1.txt,8,-20.0,-1,86.000,-0.1225,-0.709
kp20 run1.txt,8,-20.0,-1,87.000,-0.124,-0.739
kp20 run1.txt,8,-20.0,-1,88.000,-0.1247,-0.753
kp20 run1.txt,8,-20.0,-1,89.000,-0.1276,-0.811
kp20 run1.txt,8,-20.0,-1,90.000,-0.1247,-0.753
kp20 run1.txt,8,-20.0,-1,91.000,-0.1254,-0.768
kp20 run1.txt,8,-20.0,-1,92.000,-0.1247,-0.753
kp20 run1.txt,8,-20.0,-1,93.000,-0.124,-0.739
kp20 run1.txt,8,-20.0,-1,94.000,-0.1229,-0.717
kp20 run1.txt,8,-20.0,-1,95.000,-0.1284,-0.826
kp20 run1.txt,8,-20.0,-1,96.000,-0.1225,-0.709
kp20 run1.txt,8,-20.0,-1,97.000,-0.1247,-0.753
kp20 run1.txt,8,-20.0,-1,98.000,-0.1181,-0.622
kp20 run1.txt,8,-20.0,-1,99.000,-0.1269,-0.797
kp20 run1.txt,8,-20.0,-1,100.000,-0.1225,-0.709
kp20 run1.txt,8,-20.0,-1,101.000,-0.1254,-0.768
kp20 run1.txt,8,-20.0,-1,102.000,-0.1232,-0.724
kp20 run1.txt,8,-20.0,-1,103.000,-0.1218,-0.695
kp20 run1.txt,8,-20.0,-1,104.000,-0.1232,-0.724
kp20 run1.txt,8,-20.0,-1,105.000,-0.1262,-0.782
kp20 run1.txt,8,-20.0,-1,106.000,-0.1305,-0.87
kp20 run1.txt,8,-20.0,-1,107.000,-0.1211,-0.68
kp20 run1.txt,8,-20.0,-1,108.000,-0.1189,-0.636
kp20 run1.txt,8,-20.0,-1,109.000,-0.1232,-0.724
kp20 run1.txt,8,-20.0,-1,110.000,-0.1229,-0.717
kp20 run1.txt,8,-20.0,-1,111.000,-0.1189,-0.636
kp20 run1.txt,8,-20.0,-1,112.000,-0.1181,-0.622
kp20 run1.txt,8,-20.0,-1,113.000,-0.1181,-0.622
kp20 run1.txt,8,-20.0,-1,114.000,-0.1167,-0.593
kp20 run1.txt,8,-20.0,-1,115.000,-0.1145,-0.549
kp20 run1.txt,8,-20.0,-1,116.000,-0.1152,-0.564
kp20 run1.txt,8,-20.0,-1,117.000,-0.1167,-0.593
kp20 run1.txt,8,-20.0,-1,118.000,-0.113,-0.52
kp20 run1.txt,8,-20.0,-1,119.000,-0.1116,-0.491
kp20 run1.txt,8,-20.0,-1,120.000,-0.1123,-0.505
kp20 run1.txt,8,-20.0,-1,121.000,-0.113,-0.52
kp20 run1.txt,8,-20.0,-1,122.000,-0.1123,-0.505
kp20 run1.txt,8,-20.0,-1,123.000,-0.1079,-0.418
kp20 run1.txt,8,-20.0,-1,124.000,-0.1349,-0.957
kp20 run1.txt,8,-20.0,-1,125.000,-0.105,-0.359
kp20 run1.txt,8,-20.0,-1,126.000,-0.0937,0.403
kp20 run1.txt,8,-20.0,-1,127.000,-0.1065,-0.389
kp20 run1.txt,8,-20.0,-1,128.000,-0.1054,-0.367
kp20 run1.txt,8,-20.0,-1,129.000,-0.1094,-0.447
kp20 run1.txt,8,-20.0,-1,130.000,-0.1054,-0.367
kp20 run1.txt,8,-20.0,-1,131.000,-0.1043,-0.345
kp20 run1.txt,8,-20.0,-1,132.000,-0.1025,-0.308
kp20 run1.txt,8,-20.0,-1,133.000,-0.1021,-0.301
kp20 run1.txt,8,-20.0,-1,134.000,-0.1021,-0.301
kp20 run1.txt,8,-20.0,-1,135.000,-0.1028,-0.316
kp20 run1.txt,8,-20.0,-1,136.000,-0.1021,-0.301
kp20 run1.txt,8,-20.0,-1,137.000,-0.1006,-0.272
kp20 run1.txt,8,-20.0,-1,138.000,-0.1021,-0.301
kp20 run1.txt,8,-20.0,-1,139.000,-0.0992,0.293
kp20 run1.txt,8,-20.0,-1,140.000,-0.0992,0.293
kp20 run1.txt,8,-20.0,-1,141.000,-0.1014,-0.287
kp20 run1.txt,8,-20.0,-1,142.000,-0.0992,0.293
kp20 run1.txt,8,-20.0,-1,143.000,-0.097,0.337
kp20 run1.txt,8,-20.0,-1,144.000,-0.0966,0.344
kp20 run1.txt,8,-20.0,-1,145.000,-0.0999,0.279
kp20 run1.txt,8,-20.0,-1,146.000,-0.0977,0.322
kp20 run1.txt,8,-20.0,-1,147.000,-0.0996,0.286
kp20 run1.txt,8,-20.0,-1,148.000,-0.0963,0.352
kp20 run1.txt,8,-20.0,-1,149.000,-0.0948,0.381
kp20 run1.txt,8,-20.0,-1,150.000,-0.0963,0.352
kp20 run1.txt,8,-20.0,-1,151.000,-0.0948,0.381
kp20 run1.txt,8,-20.0,-1,152.000,-0.0941,0.395
kp20 run1.txt,8,-20.0,-1,153.000,-0.0948,0.381
kp20 run1.txt,8,-20.0,-1,154.000,-0.0934,0.41
kp20 run1.txt,8,-20.0,-1,155.000,-0.0846,0.585
kp20 run1.txt,8,-20.0,-1,156.000,-0.1036,-0.33
kp20 run1.txt,8,-20.0,-1,157.000,-0.097,0.337
kp20 run1.txt,8,-20.0,-1,158.000,-0.097,0.337
kp20 run1.txt,8,-20.0,-1,159.000,-0.0985,0.308
kp20 run1.txt,8,-20.0,-1,160.000,-0.0948,0.381
kp20 run1.txt,8,-20.0,-1,161.000,-0.0977,0.322
kp20 run1.txt,8,-20.0,-1,162.000,-0.1043,-0.345
kp20 run1.txt,8,-20.0,-1,163.000,-0.0959,0.359
kp20 run1.txt,8,-20.0,-1,164.000,-0.0963,0.352
kp20 run1.txt,8,-20.0,-1,165.000,-0.0937,0.403
kp20 run1.txt,8,-20.0,-1,166.000,-0.0955,0.366
kp20 run1.txt,8,-20.0,-1,167.000,-0.0934,0.41
kp20 run1.txt,8,-20.0,-1,168.000,-0.0941,0.395
kp20 run1.txt,8,-20.0,-1,169.000,-0.0985,0.308
kp20 run1.txt,8,-20.0,-1,170.000,-0.0941,0.395
kp20 run1.txt,8,-20.0,-1,171.000,-0.097,0.337
kp20 run1.txt,8,-20.0,-1,172.000,-0.0963,0.352
kp20 run1.txt,8,-20.0,-1,173.000,-0.0934,0.41
kp20 run1.txt,8,-20.0,-1,174.000,-0.0966,0.344
kp20 run1.txt,8,-20.0,-1,175.000,-0.0937,0.403
kp20 run1.txt,8,-20.0,-1,176.000,-0.0974,0.33
kp20 run1.txt,8,-20.0,-1,177.000,-0.0963,0.352
kp20 run1.txt,8,-20.0,-1,178.000,-0.0977,0.322
kp20 run1.txt,8,-20.0,-1,179.000,-0.0955,0.366
kp20 run1.txt,8,-20.0,-1,180.000,-0.0963,0.352
kp20 run1.txt,8,-20.0,-1,181.000,-0.097,0.337
kp20 run1.txt,8,-20.0,-1,182.000,-0.097,0.337
kp20 run1.txt,8,-20.0,-1,183.000,-0.0985,0.308
kp20 run1.txt,8,-20.0,-1,184.000,-0.0977,0.322
kp20 run1.txt,8,-20.0,-1,185.000,-0.0985,0.308
kp20 run1.txt,8,-20.0,-1,186.000,-0.1072,-0.403
kp20 run1.txt,8,-20.0,-1,187.000,-0.0977,0.322
kp20 run1.txt,8,-20.0,-1,188.000,-0.0992,0.293
kp20 run1.txt,8,-20.0,-1,189.000,-0.0977,0.322
kp20 run1.txt,8,-20.0,-1,190.000,-0.0999,0.279
kp20 run1.txt,8,-20.0,-1,191.000,-0.0941,0.395
kp20 run1.txt,8,-20.0,-1,192.000,-0.1006,-0.272
kp20 run1.txt,8,-20.0,-1,193.000,-0.1014,-0.287
kp20 run1.txt,8,-20.0,-1,194.000,-0.1021,-0.301
kp20 run1.txt,8,-20.0,-1,195.000,-0.0992,0.293
kp20 run1.txt,8,-20.0,-1,196.000,-0.0996,0.286
kp20 run1.txt,8,-20.0,-1,197.000,-0.1006,-0.272
kp20 run1.txt,8,-20.0,-1,198.000,-0.1021,-0.301
kp20 run1.txt,8,-20.0,-1,199.000,-0.0996,0.286
kp20 run1.txt,8,-20.0,-1,200.000,-0.0985,0.308
kp20 run1.txt,8,-20.0,-1,201.000,-0.1025,-0.308
kp20 run1.txt,8,-20.0,-1,202.000,-0.0996,0.286
kp20 run1.txt,8,-20.0,-1,203.000,-0.105,-0.359
kp20 run1.txt,8,-20.0,-1,204.000,-0.1254,-0.768
kp20 run1.txt,8,-20.0,-1,205.000,-0.1065,-0.389
kp20 run1.txt,8,-20.0,-1,206.000,-0.1021,-0.301
kp20 run1.txt,8,-20.0,-1,207.000,-0.1014,-0.287
kp20 run1.txt,8,-20.0,-1,208.000,-0.1021,-0.301
kp20 run1.txt,8,-20.0,-1,209.000,-0.1043,-0.345
kp20 run1.txt,8,-20.0,-1,210.000,-0.1006,-0.272
kp20 run1.txt,8,-20.0,-1,211.000,-0.0999,0.279
kp20 run1.txt,8,-20.0,-1,212.000,-0.1014,-0.287
kp20 run1.txt,8,-20.0,-1,213.000,-0.1014,-0.287
kp20 run1.txt,8,-20.0,-1,214.000,-0.0977,0.322
kp20 run1.txt,8,-20.0,-1,215.000,-0.1028,-0.316
kp20 run1.txt,8,-20.0,-1,216.000,-0.1014,-0.287
kp20 run1.txt,8,-20.0,-1,217.000,-0.0999,0.279
kp20 run1.txt,8,-20.0,-1,218.000,-0.1036,-0.33
kp20 run1.txt,8,-20.0,-1,219.000,-0.1036,-0.33
kp20 run1.txt,8,-20.0,-1,220.000,-0.0977,0.322
kp20 run1.txt,8,-20.0,-1,221.000,-0.1021,-0.301
kp20 run1.txt,8,-20.0,-1,222.000,-0.1003,-0.265
kp20 run1.txt,8,-20.0,-1,223.000,-0.105,-0.359
kp20 run1.txt,8,-20.0,-1,224.000,-0.1028,-0.316
kp20 run1.txt,8,-20.0,-1,225.000,-0.097,0.337
kp20 run1.txt,8,-20.0,-1,226.000,-0.101,-0.279
kp20 run1.txt,8,-20.0,-1,227.000,-0.0948,0.381
kp20 run1.txt,8,-20.0,-1,228.000,-0.0999,0.279
kp20 run1.txt,8,-20.0,-1,229.000,-0.0992,0.293
kp20 run1.txt,8,-20.0,-1,230.000,-0.0992,0.293
kp20 run1.txt,8,-20.0,-1,231.000,-0.0875,0.527
kp20 run1.txt,8,-20.0,-1,232.000,-0.0977,0.322
kp20 run1.txt,8,-20.0,-1,233.000,-0.0977,0.322
kp20 run1.txt,8,-20.0,-1,234.000,-0.1014,-0.287
kp20 run1.txt,8,-20.0,-1,235.000,-0.1025,-0.308
kp20 run1.txt,8,-20.0,-1,236.000,-0.1021,-0.301
kp20 run1.txt,8,-20.0,-1,237.000,-0.0985,0.308
kp20 run1.txt,8,-20.0,-1,238.000,-0.1014,-0.287
kp20 run1.txt,8,-20.0,-1,239.000,-0.1043,-0.345
kp20 run1.txt,8,-20.0,-1,240.000,-0.101,-0.279
kp20 run1.txt,8,-20.0,-1,241.000,-0.1006,-0.272
kp20 run1.txt,8,-20.0,-1,242.000,-0.1014,-0.287
kp20 run1.txt,8,-20.0,-1,243.000,-0.1017,-0.294
kp20 run1.txt,8,-20.0,-1,244.000,-0.0999,0.279
kp20 run1.txt,8,-20.0,-1,245.000,-0.0974,0.33
kp20 run1.txt,8,-20.0,-1,246.000,-0.0985,0.308
kp20 run1.txt,8,-20.0,-1,247.000,-0.1021,-0.301
kp20 run1.txt,8,-20.0,-1,248.000,-0.0999,0.279
kp20 run1.txt,8,-20.0,-1,249.000,-0.1006,-0.272
kp20 run1.txt,8,-20.0,-1,250.000,-0.105,-0.359
kp20 run1.txt,8,-20.0,-1,251.000,-0.1006,-0.272
kp20 run1.txt,8,-20.0,-1,252.000,-0.1006,-0.272
kp20 run1.txt,8,-20.0,-1,253.000,-0.1014,-0.287
kp20 run1.txt,8,-20.0,-1,254.000,-0.1006,-0.272
kp20 run1.txt,8,-20.0,-1,255.000,-0.1006,-0.272
kp20 run1.txt,8,-20.0,-1,256.000,-0.0999,0.279
kp20 run1.txt,8,-20.0,-1,257.000,-0.0912,0.454
kp20 run1.txt,8,-20.0,-1,258.000,-0.1006,-0.272
kp20 run1.txt,8,-20.0,-1,259.000,-0.1006,-0.272
kp20 run1.txt,8,-20.0,-1,260.000,-0.1014,-0.287
kp20 run1.txt,8,-20.0,-1,261.000,-0.0977,0.322
kp20 run1.txt,8,-20.0,-1,262.000,-0.1036,-0.33
kp20 run1.txt,8,-20.0,-1,263.000,-0.0908,0.461
kp20 run1.txt,8,-20.0,-1,264.000,-0.1032,-0.323
kp20 run1.txt,8,-20.0,-1,265.000,-0.1065,-0.389
kp20 run1.txt,8,-20.0,-1,266.000,-0.1036,-0.33
kp20 run1.txt,8,-20.0,-1,267.000,-0.1006,-0.272
kp20 run1.txt,8,-20.0,-1,268.000,-0.0992,0.293
kp20 run1.txt,8,-20.0,-1,269.000,-0.0977,0.322
kp20 run1.txt,8,-20.0,-1,270.000,-0.0999,0.279
kp20 run1.txt,8,-20.0,-1,271.000,-0.105,-0.359
kp20 run1.txt,8,-20.0,-1,272.000,-0.0985,0.308
kp20 run1.txt,8,-20.0,-1,273.000,-0.101,-0.279
kp20 run1.txt,8,-20.0,-1,274.000,-0.1025,-0.308
kp20 run1.txt,8,-20.0,-1,275.000,-0.1003,-0.265
kp20 run1.txt,8,-20.0,-1,276.000,-0.0999,0.279
kp20 run1.txt,8,-20.0,-1,277.000,-0.1021,-0.301
kp20 run1.txt,8,-20.0,-1,278.000,-0.0875,0.527
kp20 run1.txt,8,-20.0,-1,279.000,-0.1014,-0.287
kp20 run1.txt,8,-20.0,-1,280.000,-0.1021,-0.301
kp20 run1.txt,8,-20.0,-1,281.000,-0.1017,-0.294
kp20 run1.txt,8,-20.0,-1,282.000,-0.1021,-0.301
kp20 run1.txt,8,-20.0,-1,283.000,-0.1006,-0.272
kp20 run1.txt,8,-20.0,-1,284.000,-0.0985,0.308
kp20 run1.txt,8,-20.0,-1,285.000,-0.0999,0.279
kp20 run1.txt,8,-20.0,-1,286.000,-0.1021,-0.301
kp20 run1.txt,8,-20.0,-1,287.000,-0.0999,0.279
kp20 run1.txt,8,-20.0,-1,288.000,-0.1021,-0.301
kp20 run1.txt,8,-20.0,-1,289.000,-0.0996,0.286
kp20 run1.txt,8,-20.0,-1,290.000,-0.1021,-0.301
kp20 run1.txt,8,-20.0,-1,291.000,-0.1003,-0.265
kp20 run1.txt,8,-20.0,-1,292.000,-0.1014,-0.287
kp20 run1.txt,8,-20.0,-1,293.000,-0.1003,-0.265
kp20 run1.txt,8,-20.0,-1,294.000,-0.0985,0.308
kp20 run1.txt,8,-20.0,-1,295.000,-0.1021,-0.301
kp20 run1.txt,8,-20.0,-1,296.000,-0.1003,-0.265
kp20 run1.txt,8,-20.0,-1,297.000,-0.1058,-0.374
kp20 run1.txt,8,-20.0,-1,298.000,-0.1006,-0.272
kp20 run1.txt,8,-20.0,-1,299.000,-0.1014,-0.287
kp20 run1.txt,8,-20.0,-1,300.000,-0.097,0.337
kp20 run1.txt,8,-20.0,-1,301.000,-0.1043,-0.345
kp20 run1.txt,8,-20.0,-1,302.000,-0.1021,-0.301
kp20 run1.txt,8,-20.0,-1,303.000,-0.1058,-0.374
kp20 run1.txt,8,-20.0,-1,304.000,-0.1003,-0.265
kp20 run1.txt,8,-20.0,-1,305.000,-0.1014,-0.287
kp20 run1.txt,8,-20.0,-1,306.000,-0.0897,0.483
kp20 run1.txt,8,-20.0,-1,307.000,-0.0992,0.293
kp20 run1.txt,8,-20.0,-1,308.000,-0.1006,-0.272
kp20 run1.txt,8,-20.0,-1,309.000,-0.081,0.658
kp20 run1.txt,8,-20.0,-1,310.000,-0.0992,0.293
kp20 run1.txt,8,-20.0,-1,311.000,-0.1072,-0.403
kp20 run1.txt,8,-20.0,-1,312.000,-0.0992,0.293
kp20 run1.txt,8,-20.0,-1,313.000,-0.1006,-0.272
kp20 run1.txt,8,-20.0,-1,314.000,-0.1021,-0.301
kp20 run1.txt,8,-20.0,-1,315.000,-0.0999,0.279
kp20 run1.txt,8,-20.0,-1,316.000,-0.1006,-0.272
kp20 run1.txt,8,-20.0,-1,317.000,-0.0926,0.424
kp20 run1.txt,8,-20.0,-1,318.000,-0.097,0.337
kp20 run1.txt,8,-20.0,-1,319.000,-0.0999,0.279
kp20 run1.txt,8,-20.0,-1,320.000,-0.0934,0.41
kp20 run1.txt,8,-20.0,-1,321.000,-0.1006,-0.272
kp20 run1.txt,8,-20.0,-1,322.000,-0.1014,-0.287
kp20 run1.txt,8,-20.0,-1,323.000,-0.1006,-0.272
kp20 run1.txt,8,-20.0,-1,324.000,-0.1079,-0.418
kp20 run1.txt,8,-20.0,-1,325.000,-0.1028,-0.316
kp20 run1.txt,8,-20.0,-1,326.000,-0.1025,-0.308
kp20 run1.txt,8,-20.0,-1,327.000,-0.1006,-0.272
kp20 run1.txt,8,-20.0,-1,328.000,-0.0977,0.322
kp20 run1.txt,8,-20.0,-1,329.000,-0.1014,-0.287
kp20 run1.txt,8,-20.0,-1,330.000,-0.097,0.337
kp20 run1.txt,8,-20.0,-1,331.000,-0.0992,0.293
kp20 run1.txt,8,-20.0,-1,332.000,-0.1123,-0.505
kp20 run1.txt,8,-20.0,-1,333.000,-0.1006,-0.272
kp20 run1.txt,8,-20.0,-1,334.000,-0.1014,-0.287
kp20 run1.txt,8,-20.0,-1,335.000,-0.1006,-0.272
kp20 run1.txt,8,-20.0,-1,336.000,-0.0999,0.279
kp20 run1.txt,8,-20.0,-1,337.000,-0.0996,0.286
kp20 run1.txt,8,-20.0,-1,338.000,-0.1006,-0.272
kp20 run1.txt,8,-20.0,-1,339.000,-0.1025,-0.308
kp20 run1.txt,8,-20.0,-1,340.000,-0.1043,-0.345
kp20 run1.txt,8,-20.0,-1,341.000,-0.0999,0.279
kp20 run1.txt,8,-20.0,-1,342.000,-0.0996,0.286
kp20 run1.txt,8,-20.0,-1,343.000,-0.1006,-0.272
kp20 run1.txt,8,-20.0,-1,344.000,-0.1036,-0.33
kp20 run1.txt,8,-20.0,-1,345.000,-0.0996,0.286
kp20 run1.txt,8,-20.0,-1,346.000,-0.1065,-0.389
kp20 run1.txt,8,-20.0,-1,347.000,-0.0985,0.308
kp20 run1.txt,8,-20.0,-1,348.000,-0.0996,0.286
kp20 run1.txt,8,-20.0,-1,349.000,-0.1014,-0.287
kp20 run1.txt,8,-20.0,-1,350.000,-0.1014,-0.287
kp20 run1.txt,8,-20.0,-1,351.000,-0.0996,0.286
kp20 run1.txt,8,-20.0,-1,352.000,-0.1014,-0.287
kp20 run1.txt,8,-20.0,-1,353.000,-0.1036,-0.33
kp20 run1.txt,8,-20.0,-1,354.000,-0.1036,-0.33
kp20 run1.txt,8,-20.0,-1,355.000,-0.0999,0.279
kp20 run1.txt,8,-20.0,-1,356.000,-0.0985,0.308
kp20 run1.txt,8,-20.0,-1,357.000,-0.1014,-0.287
kp20 run1.txt,8,-20.0,-1,358.000,-0.1017,-0.294
kp20 run1.txt,8,-20.0,-1,359.000,-0.0992,0.293
kp20 run1.txt,8,-20.0,-1,360.000,-0.1014,-0.287
kp20 run1.txt,8,-20.0,-1,361.000,-0.1025,-0.308
kp20 run1.txt,8,-20.0,-1,362.000,-0.1006,-0.272
kp20 run1.txt,8,-20.0,-1,363.000,-0.1006,-0.272
kp20 run1.txt,8,-20.0,-1,364.000,-0.097,0.337
kp20 run1.txt,8,-20.0,-1,365.000,-0.1006,-0.272
kp20 run1.txt,8,-20.0,-1,366.000,-0.0992,0.293
kp20 run1.txt,8,-20.0,-1,367.000,-0.1014,-0.287
kp20 run1.txt,8,-20.0,-1,368.000,-0.1006,-0.272
kp20 run1.txt,8,-20.0,-1,369.000,-0.1079,-0.418
kp20 run1.txt,8,-20.0,-1,370.000,-0.1003,-0.265
kp20 run1.txt,8,-20.0,-1,371.000,-0.0996,0.286
kp20 run1.txt,8,-20.0,-1,372.000,-0.1043,-0.345
kp20 run1.txt,8,-20.0,-1,373.000,-0.1021,-0.301
kp20 run1.txt,8,-20.0,-1,374.000,-0.1006,-0.272
kp20 run1.txt,8,-20.0,-1,375.000,-0.1028,-0.316
kp20 run1.txt,8,-20.0,-1,376.000,-0.1043,-0.345
kp20 run1.txt,8,-20.0,-1,377.000,-0.101,-0.279
kp20 run1.txt,8,-20.0,-1,378.000,-0.1006,-0.272
kp20 run1.txt,8,-20.0,-1,379.000,-0.1021,-0.301
kp20 run1.txt,8,-20.0,-1,380.000,-0.1054,-0.367
kp20 run1.txt,8,-20.0,-1,381.000,-0.0966,0.344
kp20 run1.txt,8,-20.0,-1,382.000,-0.0985,0.308
kp20 run1.txt,8,-20.0,-1,383.000,-0.1014,-0.287
kp20 run1.txt,8,-20.0,-1,384.000,-0.1006,-0.272
kp20 run1.txt,8,-20.0,-1,385.000,-0.0992,0.293
kp20 run1.txt,8,-20.0,-1,386.000,-0.0999,0.279
kp20 run1.txt,8,-20.0,-1,387.000,-0.0999,0.279
kp20 run1.txt,8,-20.0,-1,388.000,-0.097,0.337
kp20 run1.txt,8,-20.0,-1,389.000,-0.1098,-0.454
kp20 run1.txt,8,-20.0,-1,390.000,-0.1006,-0.272
kp20 run1.txt,8,-20.0,-1,391.000,-0.0999,0.279
kp20 run1.txt,8,-20.0,-1,392.000,-0.0999,0.279
kp20 run1.txt,8,-20.0,-1,393.000,-0.1006,-0.272
kp20 run1.txt,8,-20.0,-1,394.000,-0.1006,-0.272
kp20 run1.txt,8,-20.0,-1,395.000,-0.0919,0.439
kp20 run1.txt,8,-20.0,-1,396.000,-0.0985,0.308
kp20 run1.txt,8,-20.0,-1,397.000,-0.0999,0.279
kp20 run1.txt,8,-20.0,-1,398.000,-0.1021,-0.301
kp20 run1.txt,8,-20.0,-1,399.000,-0.1021,-0.301
kp20 run1.txt,8,-20.0,-1,400.000,-0.1021,-0.301
kp20 run1.txt,8,-20.0,-1,401.000,-0.1006,-0.272
kp20 run1.txt,8,-20.0,-1,402.000,-0.0999,0.279
kp20 run1.txt,8,-20.0,-1,403.000,-0.0996,0.286
kp20 run1.txt,8,-20.0,-1,404.000,-0.1021,-0.301
kp20 run1.txt,8,-20.0,-1,405.000,-0.1014,-0.287
kp20 run1.txt,8,-20.0,-1,406.000,-0.1021,-0.301
kp20 run1.txt,8,-20.0,-1,407.000,-0.1043,-0.345
kp20 run1.txt,8,-20.0,-1,408.000,-0.0966,0.344
kp20 run1.txt,8,-20.0,-1,409.000,-0.1021,-0.301
kp20 run1.txt,8,-20.0,-1,410.000,-0.1006,-0.272
kp20 run1.txt,8,-20.0,-1,411.000,-0.1021,-0.301
kp20 run1.txt,8,-20.0,-1,412.000,-0.1116,-0.491
kp20 run1.txt,8,-20.0,-1,413.000,-0.0999,0.279
kp20 run1.txt,8,-20.0,-1,414.000,-0.0985,0.308
kp20 run1.txt,8,-20.0,-1,415.000,-0.1006,-0.272
kp20 run1.txt,8,-20.0,-1,416.000,-0.1014,-0.287
kp20 run1.txt,8,-20.0,-1,417.000,-0.101,-0.279
kp20 run1.txt,8,-20.0,-1,418.000,-0.1006,-0.272
kp20 run1.txt,8,-20.0,-1,419.000,-0.1006,-0.272
kp20 run1.txt,8,-20.0,-1,420.000,-0.0985,0.308
kp20 run1.txt,8,-20.0,-1,421.000,-0.0999,0.279
kp20 run1.txt,8,-20.0,-1,422.000,-0.1014,-0.287
kp20 run1.txt,8,-20.0,-1,423.000,-0.1014,-0.287
kp20 run1.txt,8,-20.0,-1,424.000,-0.0999,0.279
kp20 run1.txt,8,-20.0,-1,425.000,-0.0992,0.293
kp20 run1.txt,8,-20.0,-1,426.000,-0.1006,-0.272
kp20 run1.txt,8,-20.0,-1,427.000,-0.0996,0.286
kp20 run1.txt,8,-20.0,-1,428.000,-0.1006,-0.272
kp20 run1.txt,8,-20.0,-1,429.000,-0.0992,0.293
kp20 run1.txt,8,-20.0,-1,430.000,-0.1014,-0.287
kp20 run1.txt,8,-20.0,-1,431.000,-0.1014,-0.287
kp20 run1.txt,8,-20.0,-1,432.000,-0.1006,-0.272
kp20 run1.txt,8,-20.0,-1,433.000,-0.0977,0.322
kp20 run1.txt,8,-20.0,-1,434.000,-0.0992,0.293
kp20 run1.txt,8,-20.0,-1,435.000,-0.1014,-0.287
kp20 run1.txt,8,-20.0,-1,436.000,-0.0974,0.33
kp20 run1.txt,8,-20.0,-1,437.000,-0.1003,-0.265
kp20 run1.txt,8,-20.0,-1,438.000,-0.1006,-0.272
kp20 run1.txt,8,-20.0,-1,439.000,-0.0985,0.308
kp20 run1.txt,8,-20.0,-1,440.000,-0.0941,0.395
kp20 run1.txt,8,-20.0,-1,441.000,-0.0985,0.308
kp20 run1.txt,8,-20.0,-1,442.000,-0.1014,-0.287
kp20 run1.txt,8,-20.0,-1,443.000,-0.1036,-0.33
kp20 run1.txt,8,-20.0,-1,444.000,-0.1014,-0.287
kp20 run1.txt,8,-20.0,-1,445.000,-0.1006,-0.272
kp20 run1.txt,8,-20.0,-1,446.000,-0.1014,-0.287
kp20 run1.txt,8,-20.0,-1,447.000,-0.1006,-0.272
kp20 run1.txt,8,-20.0,-1,448.000,-0.1014,-0.287
kp20 run1.txt,8,-20.0,-1,449.000,-0.0992,0.293
kp20 run1.txt,8,-20.0,-1,450.000,-0.1021,-0.301
kp20 run1.txt,8,-20.0,-1,451.000,-0.1014,-0.287
kp20 run1.txt,8,-20.0,-1,452.000,-0.1054,-0.367
kp20 run1.txt,8,-20.0,-1,453.000,-0.0992,0.293
kp20 run1.txt,8,-20.0,-1,454.000,-0.1014,-0.287
kp20 run1.txt,8,-20.0,-1,455.000,-0.0999,0.279
kp20 run1.txt,8,-20.0,-1,456.000,-0.1021,-0.301
kp20 run1.txt,8,-20.0,-1,457.000,-0.0985,0.308
kp20 run1.txt,8,-20.0,-1,458.000,-0.1006,-0.272
kp20 run1.txt,8,-20.0,-1,459.000,-0.0992,0.293
kp20 run1.txt,8,-20.0,-1,460.000,-0.0999,0.279
kp20 run1.txt,8,-20.0,-1,461.000,-0.0981,0.315
kp20 run1.txt,8,-20.0,-1,462.000,-0.0996,0.286
kp20 run1.txt,8,-20.0,-1,463.000,-0.0981,0.315
kp20 run1.txt,8,-20.0,-1,464.000,-0.0996,0.286
kp20 run1.txt,8,-20.0,-1,465.000,-0.0926,0.424
kp20 run1.txt,8,-20.0,-1,466.000,-0.0999,0.279
kp20 run1.txt,8,-20.0,-1,467.000,-0.0996,0.286
kp20 run1.txt,8,-20.0,-1,468.000,-0.0977,0.322
kp20 run1.txt,8,-20.0,-1,469.000,-0.1006,-0.272
kp20 run1.txt,8,-20.0,-1,470.000,-0.1006,-0.272
kp20 run1.txt,8,-20.0,-1,471.000,-0.0853,0.57
kp20 run1.txt,8,-20.0,-1,472.000,-0.0999,0.279
kp20 run1.txt,8,-20.0,-1,473.000,-0.1003,-0.265
kp20 run1.txt,8,-20.0,-1,474.000,-0.0999,0.279
kp20 run1.txt,8,-20.0,-1,475.000,-0.0996,0.286
kp20 run1.txt,8,-20.0,-1,476.000,-0.1054,-0.367
kp20 run1.txt,8,-20.0,-1,477.000,-0.1036,-0.33
kp20 run1.txt,8,-20.0,-1,478.000,-0.1039,-0.338
kp20 run1.txt,8,-20.0,-1,479.000,-0.1021,-0.301
kp20 run1.txt,8,-20.0,-1,480.000,-0.105,-0.359
kp20 run1.txt,8,-20.0,-1,481.000,-0.0985,0.308
kp20 run1.txt,8,-20.0,-1,482.000,-0.0992,0.293
kp20 run1.txt,8,-20.0,-1,483.000,-0.1014,-0.287
kp20 run1.txt,8,-20.0,-1,484.000,-0.1006,-0.272
kp20 run1.txt,8,-20.0,-1,485.000,-0.1021,-0.301
kp20 run1.txt,8,-20.0,-1,486.000,-0.0992,0.293
kp20 run1.txt,8,-20.0,-1,487.000,-0.0999,0.279
kp20 run1.txt,8,-20.0,-1,488.000,-0.1181,-0.622
kp20 run1.txt,8,-20.0,-1,489.000,-0.0985,0.308
kp20 run1.txt,8,-20.0,-1,490.000,-0.0992,0.293
kp20 run1.txt,8,-20.0,-1,491.000,-0.1014,-0.287
kp20 run1.txt,8,-20.0,-1,492.000,-0.1167,-0.593
kp20 run1.txt,8,-20.0,-1,493.000,-0.101,-0.279
kp20 run1.txt,8,-20.0,-1,494.000,-0.0992,0.293
kp20 run1.txt,8,-20.0,-1,495.000,-0.1006,-0.272
kp20 run1.txt,8,-20.0,-1,496.000,-0.0992,0.293
kp20 run1.txt,8,-20.0,-1,497.000,-0.1014,-0.287
kp20 run1.txt,8,-20.0,-1,498.000,-0.1003,-0.265
kp20 run1.txt,8,-20.0,-1,499.000,-0.0992,0.293
kp20 run1.txt,8,-20.0,-1,500.000,-0.0992,0.293
kp20 run1.txt,8,-20.0,-1,501.000,-0.1014,-0.287
kp20 run1.txt,8,-20.0,-1,502.000,-0.0992,0.293
kp20 run1.txt,8,-20.0,-1,503.000,-0.1014,-0.287
kp20 run1.txt,8,-20.0,-1,504.000,-0.1025,-0.308
kp20 run1.txt,8,-20.0,-1,505.000,-0.1014,-0.287
kp20 run1.txt,8,-20.0,-1,506.000,-0.1021,-0.301
kp20 run1.txt,8,-20.0,-1,507.000,-0.097,0.337
kp20 run1.txt,8,-20.0,-1,508.000,-0.1021,-0.301
kp20 run1.txt,8,-20.0,-1,509.000,-0.1043,-0.345
kp20 run1.txt,8,-20.0,-1,510.000,-0.0926,0.424
kp20 run1.txt,8,-20.0,-1,511.000,-0.0992,0.293
kp20 run1.txt,8,-20.0,-1,512.000,-0.0992,0.293
kp20 run1.txt,8,-20.0,-1,513.000,-0.1006,-0.272
kp20 run1.txt,8,-20.0,-1,514.000,-0.0996,0.286
kp20 run1.txt,8,-20.0,-1,515.000,-0.1003,-0.265
kp20 run1.txt,8,-20.0,-1,516.000,-0.1006,-0.272
kp20 run1.txt,8,-20.0,-1,517.000,-0.0996,0.286
kp20 run1.txt,8,-20.0,-1,518.000,-0.0985,0.308
kp20 run1.txt,8,-20.0,-1,519.000,-0.097,0.337
kp20 run1.txt,8,-20.0,-1,520.000,-0.0992,0.293
kp20 run1.txt,8,-20.0,-1,521.000,-0.0985,0.308
kp20 run1.txt,8,-20.0,-1,522.000,-0.0992,0.293
kp20 run1.txt,8,-20.0,-1,523.000,-0.1036,-0.33
kp20 run1.txt,8,-20.0,-1,524.000,-0.0824,0.629
kp20 run1.txt,8,-20.0,-1,525.000,-0.1021,-0.301
kp20 run1.txt,8,-20.0,-1,526.000,-0.1025,-0.308
kp20 run1.txt,8,-20.0,-1,527.000,-0.0985,0.308
kp20 run1.txt,8,-20.0,-1,528.000,-0.0963,0.352
kp20 run1.txt,8,-20.0,-1,529.000,-0.0992,0.293
kp20 run1.txt,8,-20.0,-1,530.000,-0.1006,-0.272
kp20 run1.txt,8,-20.0,-1,531.000,-0.0992,0.293
kp20 run1.txt,8,-20.0,-1,532.000,-0.0966,0.344
kp20 run1.txt,8,-20.0,-1,533.000,-0.0992,0.293
kp20 run1.txt,8,-20.0,-1,534.000,-0.0996,0.286
kp20 run1.txt,8,-20.0,-1,535.000,-0.1036,-0.33
kp20 run1.txt,8,-20.0,-1,536.000,-0.1006,-0.272
kp20 run1.txt,8,-20.0,-1,537.000,-0.1014,-0.287
kp20 run1.txt,8,-20.0,-1,538.000,-0.0992,0.293
kp20 run1.txt,8,-20.0,-1,539.000,-0.0955,0.366
kp20 run1.txt,8,-20.0,-1,540.000,-0.1072,-0.403
kp20 run1.txt,8,-20.0,-1,541.000,-0.1006,-0.272
kp20 run1.txt,8,-20.0,-1,542.000,-0.105,-0.359
kp20 run1.txt,8,-20.0,-1,543.000,-0.0992,0.293
kp20 run1.txt,8,-20.0,-1,544.000,-0.0992,0.293
kp20 run1.txt,8,-20.0,-1,545.000,-0.0977,0.322
kp20 run1.txt,8,-20.0,-1,546.000,-0.1003,-0.265
kp20 run1.txt,8,-20.0,-1,547.000,-0.105,-0.359
kp20 run1.txt,8,-20.0,-1,548.000,-0.1006,-0.272
kp20 run1.txt,8,-20.0,-1,549.000,-0.1036,-0.33
kp20 run1.txt,8,-20.0,-1,550.000,-0.0985,0.308
kp20 run1.txt,8,-20.0,-1,551.000,-0.0963,0.352
kp20 run1.txt,8,-20.0,-1,552.000,-0.0999,0.279
kp20 run1.txt,8,-20.0,-1,553.000,-0.097,0.337
kp20 run1.txt,8,-20.0,-1,554.000,-0.0992,0.293
kp20 run1.txt,8,-20.0,-1,555.000,-0.1079,-0.418
kp20 run1.txt,8,-20.0,-1,556.000,-0.1006,-0.272
kp20 run1.txt,8,-20.0,-1,557.000,-0.1072,-0.403
kp20 run1.txt,8,-20.0,-1,558.000,-0.0985,0.308
kp20 run1.txt,8,-20.0,-1,559.000,-0.0992,0.293
kp20 run1.txt,8,-20.0,-1,560.000,-0.0988,0.301
kp20 run1.txt,8,-20.0,-1,561.000,-0.0963,0.352
kp20 run1.txt,8,-20.0,-1,562.000,-0.1014,-0.287
kp20 run1.txt,8,-20.0,-1,563.000,-0.1006,-0.272
kp20 run1.txt,8,-20.0,-1,564.000,-0.0985,0.308
kp20 run1.txt,8,-20.0,-1,565.000,-0.1003,-0.265
kp20 run1.txt,8,-20.0,-1,566.000,-0.0992,0.293
kp20 run1.txt,8,-20.0,-1,567.000,-0.1043,-0.345
kp20 run1.txt,8,-20.0,-1,568.000,-0.0977,0.322
kp20 run1.txt,8,-20.0,-1,569.000,-0.0912,0.454
kp20 run1.txt,8,-20.0,-1,570.000,-0.1006,-0.272
kp20 run1.txt,8,-20.0,-1,571.000,-0.1036,-0.33
kp20 run1.txt,8,-20.0,-1,572.000,-0.1101,-0.461
kp20 run1.txt,8,-20.0,-1,573.000,-0.1021,-0.301
kp20 run1.txt,8,-20.0,-1,574.000,-0.0999,0.279
kp20 run1.txt,8,-20.0,-1,575.000,-0.1006,-0.272
kp20 run1.txt,8,-20.0,-1,576.000,-0.105,-0.359
kp20 run1.txt,8,-20.0,-1,577.000,-0.0985,0.308
kp20 run1.txt,8,-20.0,-1,578.000,-0.0955,0.366
kp20 run1.txt,8,-20.0,-1,579.000,-0.0992,0.293
kp20 run1.txt,8,-20.0,-1,580.000,-0.0992,0.293
kp20 run1.txt,8,-20.0,-1,581.000,-0.0999,0.279
kp20 run1.txt,8,-20.0,-1,582.000,-0.0999,0.279
kp20 run1.txt,8,-20.0,-1,583.000,-0.0985,0.308
kp20 run1.txt,8,-20.0,-1,584.000,-0.1006,-0.272
kp20 run1.txt,8,-20.0,-1,585.000,-0.0992,0.293
kp20 run1.txt,8,-20.0,-1,586.000,-0.1006,-0.272
kp20 run1.txt,8,-20.0,-1,587.000,-0.0846,0.585
kp20 run1.txt,8,-20.0,-1,588.000,-0.1047,-0.352
kp20 run1.txt,8,-20.0,-1,589.000,-0.1112,-0.483
kp20 run1.txt,8,-20.0,-1,590.000,-0.1021,-0.301
kp20 run1.txt,8,-20.0,-1,591.000,-0.1025,-0.308
kp20 run1.txt,8,-20.0,-1,592.000,-0.0992,0.293
kp20 run1.txt,8,-20.0,-1,593.000,-0.0977,0.322
kp20 run1.txt,8,-20.0,-1,594.000,-0.0948,0.381
kp20 run1.txt,8,-20.0,-1,595.000,-0.0963,0.352
kp20 run1.txt,8,-20.0,-1,596.000,-0.1014,-0.287
kp20 run1.txt,8,-20.0,-1,597.000,-0.1036,-0.33
kp20 run1.txt,8,-20.0,-1,598.000,-0.0977,0.322
kp20 run1.txt,8,-20.0,-1,599.000,-0.0977,0.322
kp20 run1.txt,9,-20.0,1,0.000,-0.1006,-4.272
kp20 run1.txt,9,-20.0,1,1.000,-0.1014,-4.287
kp20 run1.txt,9,-20.0,1,2.000,-0.0948,-4.155
kp20 run1.txt,9,-20.0,1,3.000,-0.1025,-4.308
kp20 run1.txt,9,-20.0,1,4.000,-0.1006,-4.272
kp20 run1.txt,9,-20.0,1,5.000,-0.1014,-4.287
kp20 run1.txt,9,-20.0,1,6.000,-0.1021,-4.301
kp20 run1.txt,9,-20.0,1,7.000,-0.0999,-4.257
kp20 run1.txt,9,-20.0,1,8.000,-0.0966,-4.192
kp20 run1.txt,9,-20.0,1,9.000,-0.0904,-4.068
kp20 run1.txt,9,-20.0,1,10.000,-0.0908,-4.075
kp20 run1.txt,9,-20.0,1,11.000,-0.0846,-3.951
kp20 run1.txt,9,-20.0,1,12.000,-0.0883,-4.024
kp20 run1.txt,9,-20.0,1,13.000,-0.0868,-3.995
kp20 run1.txt,9,-20.0,1,14.000,-0.0802,-3.864
kp20 run1.txt,9,-20.0,1,15.000,-0.0773,-3.805
kp20 run1.txt,9,-20.0,1,16.000,-0.0737,-3.732
kp20 run1.txt,9,-20.0,1,17.000,-0.0678,-3.616
kp20 run1.txt,9,-20.0,1,18.000,-0.0657,-3.572
kp20 run1.txt,9,-20.0,1,19.000,-0.0383,-3.025
kp20 run1.txt,9,-20.0,1,20.000,-0.0591,-3.441
kp20 run1.txt,9,-20.0,1,21.000,-0.0576,-3.412
kp20 run1.txt,9,-20.0,1,22.000,-0.0365,-2.989
kp20 run1.txt,9,-20.0,1,23.000,-0.046,-3.178
kp20 run1.txt,9,-20.0,1,24.000,-0.0401,-3.062
kp20 run1.txt,9,-20.0,1,25.000,-0.0379,-3.018
kp20 run1.txt,9,-20.0,1,26.000,-0.0365,-2.989
kp20 run1.txt,9,-20.0,1,27.000,-0.0277,-2.814
kp20 run1.txt,9,-20.0,1,28.000,-0.0285,-2.828
kp20 run1.txt,9,-20.0,1,29.000,-0.0197,-2.653
kp20 run1.txt,9,-20.0,1,30.000,-0.0208,-2.675
kp20 run1.txt,9,-20.0,1,31.000,-0.019,-2.639
kp20 run1.txt,9,-20.0,1,32.000,-0.0117,-2.493
kp20 run1.txt,9,-20.0,1,33.000,-0.0088,-2.435
kp20 run1.txt,9,-20.0,1,34.000,-0.0044,-2.347
kp20 run1.txt,9,-20.0,1,35.000,-0.0,-2.26
kp20 run1.txt,9,-20.0,1,36.000,0.0036,-2.187
kp20 run1.txt,9,-20.0,1,37.000,0.0065,-2.129
kp20 run1.txt,9,-20.0,1,38.000,0.0131,-1.997
kp20 run1.txt,9,-20.0,1,39.000,0.0113,-2.034
kp20 run1.txt,9,-20.0,1,40.000,0.0065,-2.129
kp20 run1.txt,9,-20.0,1,41.000,0.024,-1.779
kp20 run1.txt,9,-20.0,1,42.000,0.024,-1.779
kp20 run1.txt,9,-20.0,1,43.000,0.0313,-1.633
kp20 run1.txt,9,-20.0,1,44.000,0.0328,-1.604
kp20 run1.txt,9,-20.0,1,45.000,0.0386,-1.487
kp20 run1.txt,9,-20.0,1,46.000,0.0408,-1.443
kp20 run1.txt,9,-20.0,1,47.000,0.0452,-1.356
kp20 run1.txt,9,-20.0,1,48.000,0.0473,-1.312
kp20 run1.txt,9,-20.0,1,49.000,0.0525,-1.21
kp20 run1.txt,9,-20.0,1,50.000,0.0641,-0.977
kp20 run1.txt,9,-20.0,1,51.000,0.0601,-1.057
kp20 run1.txt,9,-20.0,1,52.000,0.0623,-1.013
kp20 run1.txt,9,-20.0,1,53.000,0.0641,-0.977
kp20 run1.txt,9,-20.0,1,54.000,0.0685,-0.889
kp20 run1.txt,9,-20.0,1,55.000,0.0758,-0.743
kp20 run1.txt,9,-20.0,1,56.000,0.0758,-0.743
kp20 run1.txt,9,-20.0,1,57.000,0.0758,-0.743
kp20 run1.txt,9,-20.0,1,58.000,0.0707,-0.845
kp20 run1.txt,9,-20.0,1,59.000,0.0853,-0.554
kp20 run1.txt,9,-20.0,1,60.000,0.0867,-0.525
kp20 run1.txt,9,-20.0,1,61.000,0.0911,-0.437
kp20 run1.txt,9,-20.0,1,62.000,0.0794,-0.671
kp20 run1.txt,9,-20.0,1,63.000,0.0947,-0.364
kp20 run1.txt,9,-20.0,1,64.000,0.0969,-0.321
kp20 run1.txt,9,-20.0,1,65.000,0.1064,0.405
kp20 run1.txt,9,-20.0,1,66.000,0.1017,0.31
kp20 run1.txt,9,-20.0,1,67.000,0.1028,0.332
kp20 run1.txt,9,-20.0,1,68.000,0.1057,0.39
kp20 run1.txt,9,-20.0,1,69.000,0.1053,0.383
kp20 run1.txt,9,-20.0,1,70.000,0.1086,0.449
kp20 run1.txt,9,-20.0,1,71.000,0.1097,0.471
kp20 run1.txt,9,-20.0,1,72.000,0.1126,0.529
kp20 run1.txt,9,-20.0,1,73.000,0.1086,0.449
kp20 run1.txt,9,-20.0,1,74.000,0.1093,0.463
kp20 run1.txt,9,-20.0,1,75.000,0.094,-0.379
kp20 run1.txt,9,-20.0,1,76.000,0.1141,0.558
kp20 run1.txt,9,-20.0,1,77.000,0.1144,0.565
kp20 run1.txt,9,-20.0,1,78.000,0.1173,0.624
kp20 run1.txt,9,-20.0,1,79.000,0.1173,0.624
kp20 run1.txt,9,-20.0,1,80.000,0.1166,0.609
kp20 run1.txt,9,-20.0,1,81.000,0.1115,0.507
kp20 run1.txt,9,-20.0,1,82.000,0.1195,0.667
kp20 run1.txt,9,-20.0,1,83.000,0.1151,0.58
kp20 run1.txt,9,-20.0,1,84.000,0.1195,0.667
kp20 run1.txt,9,-20.0,1,85.000,0.121,0.697
kp20 run1.txt,9,-20.0,1,86.000,0.1195,0.667
kp20 run1.txt,9,-20.0,1,87.000,0.1148,0.573
kp20 run1.txt,9,-20.0,1,88.000,0.1203,0.682
kp20 run1.txt,9,-20.0,1,89.000,0.121,0.697
kp20 run1.txt,9,-20.0,1,90.000,0.1181,0.638
kp20 run1.txt,9,-20.0,1,91.000,0.1166,0.609
kp20 run1.txt,9,-20.0,1,92.000,0.1203,0.682
kp20 run1.txt,9,-20.0,1,93.000,0.121,0.697
kp20 run1.txt,9,-20.0,1,94.000,0.1224,0.726
kp20 run1.txt,9,-20.0,1,95.000,0.1243,0.762
kp20 run1.txt,9,-20.0,1,96.000,0.1221,0.718
kp20 run1.txt,9,-20.0,1,97.000,0.1203,0.682
kp20 run1.txt,9,-20.0,1,98.000,0.125,0.777
kp20 run1.txt,9,-20.0,1,99.000,0.1232,0.74
kp20 run1.txt,9,-20.0,1,100.000,0.121,0.697
kp20 run1.txt,9,-20.0,1,101.000,0.1239,0.755
kp20 run1.txt,9,-20.0,1,102.000,0.125,0.777
kp20 run1.txt,9,-20.0,1,103.000,0.1192,0.66
kp20 run1.txt,9,-20.0,1,104.000,0.1275,0.828
kp20 run1.txt,9,-20.0,1,105.000,0.1217,0.711
kp20 run1.txt,9,-20.0,1,106.000,0.1213,0.704
kp20 run1.txt,9,-20.0,1,107.000,0.1203,0.682
kp20 run1.txt,9,-20.0,1,108.000,0.1181,0.638
kp20 run1.txt,9,-20.0,1,109.000,0.1049,0.376
kp20 run1.txt,9,-20.0,1,110.000,0.121,0.697
kp20 run1.txt,9,-20.0,1,111.000,0.1195,0.667
kp20 run1.txt,9,-20.0,1,112.000,0.1199,0.675
kp20 run1.txt,9,-20.0,1,113.000,0.117,0.616
kp20 run1.txt,9,-20.0,1,114.000,0.1155,0.587
kp20 run1.txt,9,-20.0,1,115.000,0.1188,0.653
kp20 run1.txt,9,-20.0,1,116.000,0.1155,0.587
kp20 run1.txt,9,-20.0,1,117.000,0.1151,0.58
kp20 run1.txt,9,-20.0,1,118.000,0.1144,0.565
kp20 run1.txt,9,-20.0,1,119.000,0.1144,0.565
kp20 run1.txt,9,-20.0,1,120.000,0.1126,0.529
kp20 run1.txt,9,-20.0,1,121.000,0.1115,0.507
kp20 run1.txt,9,-20.0,1,122.000,0.1122,0.522
kp20 run1.txt,9,-20.0,1,123.000,0.1115,0.507
kp20 run1.txt,9,-20.0,1,124.000,0.11,0.478
kp20 run1.txt,9,-20.0,1,125.000,0.1079,0.434
kp20 run1.txt,9,-20.0,1,126.000,0.1057,0.39
kp20 run1.txt,9,-20.0,1,127.000,0.1079,0.434
kp20 run1.txt,9,-20.0,1,128.000,0.1079,0.434
kp20 run1.txt,9,-20.0,1,129.000,0.1064,0.405
kp20 run1.txt,9,-20.0,1,130.000,0.1057,0.39
kp20 run1.txt,9,-20.0,1,131.000,0.1049,0.376
kp20 run1.txt,9,-20.0,1,132.000,0.1079,0.434
kp20 run1.txt,9,-20.0,1,133.000,0.0998,-0.262
kp20 run1.txt,9,-20.0,1,134.000,0.0907,-0.445
kp20 run1.txt,9,-20.0,1,135.000,0.0998,-0.262
kp20 run1.txt,9,-20.0,1,136.000,0.1006,0.288
kp20 run1.txt,9,-20.0,1,137.000,0.1013,0.303
kp20 run1.txt,9,-20.0,1,138.000,0.1009,0.296
kp20 run1.txt,9,-20.0,1,139.000,0.1013,0.303
kp20 run1.txt,9,-20.0,1,140.000,0.102,0.317
kp20 run1.txt,9,-20.0,1,141.000,0.0962,-0.335
kp20 run1.txt,9,-20.0,1,142.000,0.0998,-0.262
kp20 run1.txt,9,-20.0,1,143.000,0.1104,0.485
kp20 run1.txt,9,-20.0,1,144.000,0.0998,-0.262
kp20 run1.txt,9,-20.0,1,145.000,0.0984,-0.291
kp20 run1.txt,9,-20.0,1,146.000,0.0995,-0.27
kp20 run1.txt,9,-20.0,1,147.000,0.0962,-0.335
kp20 run1.txt,9,-20.0,1,148.000,0.1042,0.361
kp20 run1.txt,9,-20.0,1,149.000,0.0984,-0.291
kp20 run1.txt,9,-20.0,1,150.000,0.0977,-0.306
kp20 run1.txt,9,-20.0,1,151.000,0.0969,-0.321
kp20 run1.txt,9,-20.0,1,152.000,0.0984,-0.291
kp20 run1.txt,9,-20.0,1,153.000,0.094,-0.379
kp20 run1.txt,9,-20.0,1,154.000,0.0998,-0.262
kp20 run1.txt,9,-20.0,1,155.000,0.0977,-0.306
kp20 run1.txt,9,-20.0,1,156.000,0.1009,0.296
kp20 run1.txt,9,-20.0,1,157.000,0.0987,-0.284
kp20 run1.txt,9,-20.0,1,158.000,0.0966,-0.328
kp20 run1.txt,9,-20.0,1,159.000,0.0947,-0.364
kp20 run1.txt,9,-20.0,1,160.000,0.1217,0.711
kp20 run1.txt,9,-20.0,1,161.000,0.102,0.317
kp20 run1.txt,9,-20.0,1,162.000,0.1049,0.376
kp20 run1.txt,9,-20.0,1,163.000,0.1221,0.718
kp20 run1.txt,9,-20.0,1,164.000,0.0984,-0.291
kp20 run1.txt,9,-20.0,1,165.000,0.0969,-0.321
kp20 run1.txt,9,-20.0,1,166.000,0.0969,-0.321
kp20 run1.txt,9,-20.0,1,167.000,0.0977,-0.306
kp20 run1.txt,9,-20.0,1,168.000,0.0991,-0.277
kp20 run1.txt,9,-20.0,1,169.000,0.0929,-0.401
kp20 run1.txt,9,-20.0,1,170.000,0.0987,-0.284
kp20 run1.txt,9,-20.0,1,171.000,0.0998,-0.262
kp20 run1.txt,9,-20.0,1,172.000,0.0962,-0.335
kp20 run1.txt,9,-20.0,1,173.000,0.0977,-0.306
kp20 run1.txt,9,-20.0,1,174.000,0.0977,-0.306
kp20 run1.txt,9,-20.0,1,175.000,0.0962,-0.335
kp20 run1.txt,9,-20.0,1,176.000,0.0991,-0.277
kp20 run1.txt,9,-20.0,1,177.000,0.0918,-0.423
kp20 run1.txt,9,-20.0,1,178.000,0.0991,-0.277
kp20 run1.txt,9,-20.0,1,179.000,0.0977,-0.306
kp20 run1.txt,9,-20.0,1,180.000,0.0969,-0.321
kp20 run1.txt,9,-20.0,1,181.000,0.0991,-0.277
kp20 run1.txt,9,-20.0,1,182.000,0.0977,-0.306
kp20 run1.txt,9,-20.0,1,183.000,0.0969,-0.321
kp20 run1.txt,9,-20.0,1,184.000,0.0969,-0.321
kp20 run1.txt,9,-20.0,1,185.000,0.0969,-0.321
kp20 run1.txt,9,-20.0,1,186.000,0.0955,-0.35
kp20 run1.txt,9,-20.0,1,187.000,0.0984,-0.291
kp20 run1.txt,9,-20.0,1,188.000,0.0962,-0.335
kp20 run1.txt,9,-20.0,1,189.000,0.0998,-0.262
kp20 run1.txt,9,-20.0,1,190.000,0.1035,0.347
kp20 run1.txt,9,-20.0,1,191.000,0.0977,-0.306
kp20 run1.txt,9,-20.0,1,192.000,0.0984,-0.291
kp20 run1.txt,9,-20.0,1,193.000,0.0969,-0.321
kp20 run1.txt,9,-20.0,1,194.000,0.0977,-0.306
kp20 run1.txt,9,-20.0,1,195.000,0.1028,0.332
kp20 run1.txt,9,-20.0,1,196.000,0.0987,-0.284
kp20 run1.txt,9,-20.0,1,197.000,0.0987,-0.284
kp20 run1.txt,9,-20.0,1,198.000,0.0969,-0.321
kp20 run1.txt,9,-20.0,1,199.000,0.1049,0.376
kp20 run1.txt,9,-20.0,1,200.000,0.0991,-0.277
kp20 run1.txt,9,-20.0,1,201.000,0.0991,-0.277
kp20 run1.txt,9,-20.0,1,202.000,0.0984,-0.291
kp20 run1.txt,9,-20.0,1,203.000,0.0969,-0.321
kp20 run1.txt,9,-20.0,1,204.000,0.106,0.398
kp20 run1.txt,9,-20.0,1,205.000,0.0987,-0.284
kp20 run1.txt,9,-20.0,1,206.000,0.1053,0.383
kp20 run1.txt,9,-20.0,1,207.000,0.1013,0.303
kp20 run1.txt,9,-20.0,1,208.000,0.0969,-0.321
kp20 run1.txt,9,-20.0,1,209.000,0.0955,-0.35
kp20 run1.txt,9,-20.0,1,210.000,0.1046,0.369
kp20 run1.txt,9,-20.0,1,211.000,0.1006,0.288
kp20 run1.txt,9,-20.0,1,212.000,0.1009,0.296
kp20 run1.txt,9,-20.0,1,213.000,0.0812,-0.634
kp20 run1.txt,9,-20.0,1,214.000,0.1006,0.288
kp20 run1.txt,9,-20.0,1,215.000,0.1017,0.31
kp20 run1.txt,9,-20.0,1,216.000,0.0991,-0.277
kp20 run1.txt,9,-20.0,1,217.000,0.0998,-0.262
kp20 run1.txt,9,-20.0,1,218.000,0.0998,-0.262
kp20 run1.txt,9,-20.0,1,219.000,0.102,0.317
kp20 run1.txt,9,-20.0,1,220.000,0.1009,0.296
kp20 run1.txt,9,-20.0,1,221.000,0.0977,-0.306
kp20 run1.txt,9,-20.0,1,222.000,0.0998,-0.262
kp20 run1.txt,9,-20.0,1,223.000,0.0998,-0.262
kp20 run1.txt,9,-20.0,1,224.000,0.0995,-0.27
kp20 run1.txt,9,-20.0,1,225.000,0.0991,-0.277
kp20 run1.txt,9,-20.0,1,226.000,0.1028,0.332
kp20 run1.txt,9,-20.0,1,227.000,0.0991,-0.277
kp20 run1.txt,9,-20.0,1,228.000,0.0995,-0.27
kp20 run1.txt,9,-20.0,1,229.000,0.0966,-0.328
kp20 run1.txt,9,-20.0,1,230.000,0.0998,-0.262
kp20 run1.txt,9,-20.0,1,231.000,0.1009,0.296
kp20 run1.txt,9,-20.0,1,232.000,0.1006,0.288
kp20 run1.txt,9,-20.0,1,233.000,0.0998,-0.262
kp20 run1.txt,9,-20.0,1,234.000,0.1006,0.288
kp20 run1.txt,9,-20.0,1,235.000,0.0958,-0.342
kp20 run1.txt,9,-20.0,1,236.000,0.1031,0.339
kp20 run1.txt,9,-20.0,1,237.000,0.1042,0.361
kp20 run1.txt,9,-20.0,1,238.000,0.102,0.317
kp20 run1.txt,9,-20.0,1,239.000,0.1013,0.303
kp20 run1.txt,9,-20.0,1,240.000,0.1006,0.288
kp20 run1.txt,9,-20.0,1,241.000,0.102,0.317
kp20 run1.txt,9,-20.0,1,242.000,0.0969,-0.321
kp20 run1.txt,9,-20.0,1,243.000,0.0995,-0.27
kp20 run1.txt,9,-20.0,1,244.000,0.0991,-0.277
kp20 run1.txt,9,-20.0,1,245.000,0.1046,0.369
kp20 run1.txt,9,-20.0,1,246.000,0.0991,-0.277
kp20 run1.txt,9,-20.0,1,247.000,0.1006,0.288
kp20 run1.txt,9,-20.0,1,248.000,0.1006,0.288
kp20 run1.txt,9,-20.0,1,249.000,0.1013,0.303
kp20 run1.txt,9,-20.0,1,250.000,0.1049,0.376
kp20 run1.txt,9,-20.0,1,251.000,0.1002,0.281
kp20 run1.txt,9,-20.0,1,252.000,0.0984,-0.291
kp20 run1.txt,9,-20.0,1,253.000,0.0958,-0.342
kp20 run1.txt,9,-20.0,1,254.000,0.1006,0.288
kp20 run1.txt,9,-20.0,1,255.000,0.1028,0.332
kp20 run1.txt,9,-20.0,1,256.000,0.1013,0.303
kp20 run1.txt,9,-20.0,1,257.000,0.0998,-0.262
kp20 run1.txt,9,-20.0,1,258.000,0.0969,-0.321
kp20 run1.txt,9,-20.0,1,259.000,0.0958,-0.342
kp20 run1.txt,9,-20.0,1,260.000,0.0998,-0.262
kp20 run1.txt,9,-20.0,1,261.000,0.0977,-0.306
kp20 run1.txt,9,-20.0,1,262.000,0.0998,-0.262
kp20 run1.txt,9,-20.0,1,263.000,0.1031,0.339
kp20 run1.txt,9,-20.0,1,264.000,0.0962,-0.335
kp20 run1.txt,9,-20.0,1,265.000,0.1017,0.31
kp20 run1.txt,9,-20.0,1,266.000,0.1006,0.288
kp20 run1.txt,9,-20.0,1,267.000,0.1035,0.347
kp20 run1.txt,9,-20.0,1,268.000,0.0893,-0.474
kp20 run1.txt,9,-20.0,1,269.000,0.1017,0.31
kp20 run1.txt,9,-20.0,1,270.000,0.0998,-0.262
kp20 run1.txt,9,-20.0,1,271.000,0.1013,0.303
kp20 run1.txt,9,-20.0,1,272.000,0.0933,-0.393
kp20 run1.txt,9,-20.0,1,273.000,0.1024,0.325
kp20 run1.txt,9,-20.0,1,274.000,0.1006,0.288
kp20 run1.txt,9,-20.0,1,275.000,0.0947,-0.364
kp20 run1.txt,9,-20.0,1,276.000,0.1108,0.492
kp20 run1.txt,9,-20.0,1,277.000,0.0998,-0.262
kp20 run1.txt,9,-20.0,1,278.000,0.0998,-0.262
kp20 run1.txt,9,-20.0,1,279.000,0.102,0.317
kp20 run1.txt,9,-20.0,1,280.000,0.1006,0.288
kp20 run1.txt,9,-20.0,1,281.000,0.0987,-0.284
kp20 run1.txt,9,-20.0,1,282.000,0.0958,-0.342
kp20 run1.txt,9,-20.0,1,283.000,0.0969,-0.321
kp20 run1.txt,9,-20.0,1,284.000,0.1035,0.347
kp20 run1.txt,9,-20.0,1,285.000,0.1006,0.288
kp20 run1.txt,9,-20.0,1,286.000,0.1006,0.288
kp20 run1.txt,9,-20.0,1,287.000,0.1006,0.288
kp20 run1.txt,9,-20.0,1,288.000,0.0991,-0.277
kp20 run1.txt,9,-20.0,1,289.000,0.1013,0.303
kp20 run1.txt,9,-20.0,1,290.000,0.0991,-0.277
kp20 run1.txt,9,-20.0,1,291.000,0.1115,0.507
kp20 run1.txt,9,-20.0,1,292.000,0.1093,0.463
kp20 run1.txt,9,-20.0,1,293.000,0.0998,-0.262
kp20 run1.txt,9,-20.0,1,294.000,0.102,0.317
kp20 run1.txt,9,-20.0,1,295.000,0.0969,-0.321
kp20 run1.txt,9,-20.0,1,296.000,0.0998,-0.262
kp20 run1.txt,9,-20.0,1,297.000,0.0998,-0.262
kp20 run1.txt,9,-20.0,1,298.000,0.1046,0.369
kp20 run1.txt,9,-20.0,1,299.000,0.1006,0.288
kp20 run1.txt,9,-20.0,1,300.000,0.1006,0.288
kp20 run1.txt,9,-20.0,1,301.000,0.0998,-0.262
kp20 run1.txt,9,-20.0,1,302.000,0.0991,-0.277
kp20 run1.txt,9,-20.0,1,303.000,0.0998,-0.262
kp20 run1.txt,9,-20.0,1,304.000,0.1006,0.288
kp20 run1.txt,9,-20.0,1,305.000,0.1006,0.288
kp20 run1.txt,9,-20.0,1,306.000,0.0933,-0.393
kp20 run1.txt,9,-20.0,1,307.000,0.0962,-0.335
kp20 run1.txt,9,-20.0,1,308.000,0.0987,-0.284
kp20 run1.txt,9,-20.0,1,309.000,0.0998,-0.262
kp20 run1.txt,9,-20.0,1,310.000,0.1035,0.347
kp20 run1.txt,9,-20.0,1,311.000,0.0969,-0.321
kp20 run1.txt,9,-20.0,1,312.000,0.1009,0.296
kp20 run1.txt,9,-20.0,1,313.000,0.0998,-0.262
kp20 run1.txt,9,-20.0,1,314.000,0.1009,0.296
kp20 run1.txt,9,-20.0,1,315.000,0.1111,0.5
kp20 run1.txt,9,-20.0,1,316.000,0.102,0.317
kp20 run1.txt,9,-20.0,1,317.000,0.0998,-0.262
kp20 run1.txt,9,-20.0,1,318.000,0.102,0.317
kp20 run1.txt,9,-20.0,1,319.000,0.0991,-0.277
kp20 run1.txt,9,-20.0,1,320.000,0.0998,-0.262
kp20 run1.txt,9,-20.0,1,321.000,0.1028,0.332
kp20 run1.txt,9,-20.0,1,322.000,0.1049,0.376
kp20 run1.txt,9,-20.0,1,323.000,0.1028,0.332
kp20 run1.txt,9,-20.0,1,324.000,0.0991,-0.277
kp20 run1.txt,9,-20.0,1,325.000,0.1006,0.288
kp20 run1.txt,9,-20.0,1,326.000,0.0977,-0.306
kp20 run1.txt,9,-20.0,1,327.000,0.1071,0.42
kp20 run1.txt,9,-20.0,1,328.000,0.0998,-0.262
kp20 run1.txt,9,-20.0,1,329.000,0.1049,0.376
kp20 run1.txt,9,-20.0,1,330.000,0.0991,-0.277
kp20 run1.txt,9,-20.0,1,331.000,0.0984,-0.291
kp20 run1.txt,9,-20.0,1,332.000,0.1017,0.31
kp20 run1.txt,9,-20.0,1,333.000,0.102,0.317
kp20 run1.txt,9,-20.0,1,334.000,0.0977,-0.306
kp20 run1.txt,9,-20.0,1,335.000,0.1108,0.492
kp20 run1.txt,9,-20.0,1,336.000,0.0977,-0.306
kp20 run1.txt,9,-20.0,1,337.000,0.1013,0.303
kp20 run1.txt,9,-20.0,1,338.000,0.1115,0.507
kp20 run1.txt,9,-20.0,1,339.000,0.0995,-0.27
kp20 run1.txt,9,-20.0,1,340.000,0.0991,-0.277
kp20 run1.txt,9,-20.0,1,341.000,0.1013,0.303
kp20 run1.txt,9,-20.0,1,342.000,0.0947,-0.364
kp20 run1.txt,9,-20.0,1,343.000,0.1013,0.303
kp20 run1.txt,9,-20.0,1,344.000,0.1086,0.449
kp20 run1.txt,9,-20.0,1,345.000,0.0991,-0.277
kp20 run1.txt,9,-20.0,1,346.000,0.1013,0.303
kp20 run1.txt,9,-20.0,1,347.000,0.0987,-0.284
kp20 run1.txt,9,-20.0,1,348.000,0.1035,0.347
kp20 run1.txt,9,-20.0,1,349.000,0.1017,0.31
kp20 run1.txt,9,-20.0,1,350.000,0.1013,0.303
kp20 run1.txt,9,-20.0,1,351.000,0.1006,0.288
kp20 run1.txt,9,-20.0,1,352.000,0.0998,-0.262
kp20 run1.txt,9,-20.0,1,353.000,0.102,0.317
kp20 run1.txt,9,-20.0,1,354.000,0.0911,-0.437
kp20 run1.txt,9,-20.0,1,355.000,0.1024,0.325
kp20 run1.txt,9,-20.0,1,356.000,0.1006,0.288
kp20 run1.txt,9,-20.0,1,357.000,0.1009,0.296
kp20 run1.txt,9,-20.0,1,358.000,0.102,0.317
kp20 run1.txt,9,-20.0,1,359.000,0.1075,0.427
kp20 run1.txt,9,-20.0,1,360.000,0.0995,-0.27
kp20 run1.txt,9,-20.0,1,361.000,0.0998,-0.262
kp20 run1.txt,9,-20.0,1,362.000,0.0962,-0.335
kp20 run1.txt,9,-20.0,1,363.000,0.1017,0.31
kp20 run1.txt,9,-20.0,1,364.000,0.1035,0.347
kp20 run1.txt,9,-20.0,1,365.000,0.0998,-0.262
kp20 run1.txt,9,-20.0,1,366.000,0.0998,-0.262
kp20 run1.txt,9,-20.0,1,367.000,0.1035,0.347
kp20 run1.txt,9,-20.0,1,368.000,0.0969,-0.321
kp20 run1.txt,9,-20.0,1,369.000,0.0969,-0.321
kp20 run1.txt,9,-20.0,1,370.000,0.1013,0.303
kp20 run1.txt,9,-20.0,1,371.000,0.0991,-0.277
kp20 run1.txt,9,-20.0,1,372.000,0.1006,0.288
kp20 run1.txt,9,-20.0,1,373.000,0.0984,-0.291
kp20 run1.txt,9,-20.0,1,374.000,0.1013,0.303
kp20 run1.txt,9,-20.0,1,375.000,0.1006,0.288
kp20 run1.txt,9,-20.0,1,376.000,0.1028,0.332
kp20 run1.txt,9,-20.0,1,377.000,0.1006,0.288
kp20 run1.txt,9,-20.0,1,378.000,0.1009,0.296
kp20 run1.txt,9,-20.0,1,379.000,0.1017,0.31
kp20 run1.txt,9,-20.0,1,380.000,0.1002,0.281
kp20 run1.txt,9,-20.0,1,381.000,0.1042,0.361
kp20 run1.txt,9,-20.0,1,382.000,0.1013,0.303
kp20 run1.txt,9,-20.0,1,383.000,0.1006,0.288
kp20 run1.txt,9,-20.0,1,384.000,0.106,0.398
kp20 run1.txt,9,-20.0,1,385.000,0.1009,0.296
kp20 run1.txt,9,-20.0,1,386.000,0.0962,-0.335
kp20 run1.txt,9,-20.0,1,387.000,0.0977,-0.306
kp20 run1.txt,9,-20.0,1,388.000,0.0991,-0.277
kp20 run1.txt,9,-20.0,1,389.000,0.1017,0.31
kp20 run1.txt,9,-20.0,1,390.000,0.0991,-0.277
kp20 run1.txt,9,-20.0,1,391.000,0.0998,-0.262
kp20 run1.txt,9,-20.0,1,392.000,0.0991,-0.277
kp20 run1.txt,9,-20.0,1,393.000,0.1017,0.31
kp20 run1.txt,9,-20.0,1,394.000,0.0977,-0.306
kp20 run1.txt,9,-20.0,1,395.000,0.0995,-0.27
kp20 run1.txt,9,-20.0,1,396.000,0.102,0.317
kp20 run1.txt,9,-20.0,1,397.000,0.0998,-0.262
kp20 run1.txt,9,-20.0,1,398.000,0.1013,0.303
kp20 run1.txt,9,-20.0,1,399.000,0.1017,0.31
kp20 run1.txt,9,-20.0,1,400.000,0.0998,-0.262
kp20 run1.txt,9,-20.0,1,401.000,0.0969,-0.321
kp20 run1.txt,9,-20.0,1,402.000,0.1017,0.31
kp20 run1.txt,9,-20.0,1,403.000,0.0991,-0.277
kp20 run1.txt,9,-20.0,1,404.000,0.0998,-0.262
kp20 run1.txt,9,-20.0,1,405.000,0.0969,-0.321
kp20 run1.txt,9,-20.0,1,406.000,0.0998,-0.262
kp20 run1.txt,9,-20.0,1,407.000,0.0977,-0.306
kp20 run1.txt,9,-20.0,1,408.000,0.102,0.317
kp20 run1.txt,9,-20.0,1,409.000,0.0867,-0.525
kp20 run1.txt,9,-20.0,1,410.000,0.1013,0.303
kp20 run1.txt,9,-20.0,1,411.000,0.0969,-0.321
kp20 run1.txt,9,-20.0,1,412.000,0.1017,0.31
kp20 run1.txt,9,-20.0,1,413.000,0.0998,-0.262
kp20 run1.txt,9,-20.0,1,414.000,0.1013,0.303
kp20 run1.txt,9,-20.0,1,415.000,0.1017,0.31
kp20 run1.txt,9,-20.0,1,416.000,0.1017,0.31
kp20 run1.txt,9,-20.0,1,417.000,0.1006,0.288
kp20 run1.txt,9,-20.0,1,418.000,0.102,0.317
kp20 run1.txt,9,-20.0,1,419.000,0.0933,-0.393
kp20 run1.txt,9,-20.0,1,420.000,0.1035,0.347
kp20 run1.txt,9,-20.0,1,421.000,0.0998,-0.262
kp20 run1.txt,9,-20.0,1,422.000,0.0998,-0.262
kp20 run1.txt,9,-20.0,1,423.000,0.1042,0.361
kp20 run1.txt,9,-20.0,1,424.000,0.1049,0.376
kp20 run1.txt,9,-20.0,1,425.000,0.1017,0.31
kp20 run1.txt,9,-20.0,1,426.000,0.0955,-0.35
kp20 run1.txt,9,-20.0,1,427.000,0.1006,0.288
kp20 run1.txt,9,-20.0,1,428.000,0.0991,-0.277
kp20 run1.txt,9,-20.0,1,429.000,0.0991,-0.277
kp20 run1.txt,9,-20.0,1,430.000,0.0998,-0.262
kp20 run1.txt,9,-20.0,1,431.000,0.0977,-0.306
kp20 run1.txt,9,-20.0,1,432.000,0.1006,0.288
kp20 run1.txt,9,-20.0,1,433.000,0.1035,0.347
kp20 run1.txt,9,-20.0,1,434.000,0.1093,0.463
kp20 run1.txt,9,-20.0,1,435.000,0.1042,0.361
kp20 run1.txt,9,-20.0,1,436.000,0.0998,-0.262
kp20 run1.txt,9,-20.0,1,437.000,0.1006,0.288
kp20 run1.txt,9,-20.0,1,438.000,0.1013,0.303
kp20 run1.txt,9,-20.0,1,439.000,0.1049,0.376
kp20 run1.txt,9,-20.0,1,440.000,0.1006,0.288
kp20 run1.txt,9,-20.0,1,441.000,0.0991,-0.277
kp20 run1.txt,9,-20.0,1,442.000,0.1006,0.288
kp20 run1.txt,9,-20.0,1,443.000,0.0991,-0.277
kp20 run1.txt,9,-20.0,1,444.000,0.1028,0.332
kp20 run1.txt,9,-20.0,1,445.000,0.0984,-0.291
kp20 run1.txt,9,-20.0,1,446.000,0.102,0.317
kp20 run1.txt,9,-20.0,1,447.000,0.0998,-0.262
kp20 run1.txt,9,-20.0,1,448.000,0.1013,0.303
kp20 run1.txt,9,-20.0,1,449.000,0.1068,0.412
kp20 run1.txt,9,-20.0,1,450.000,0.0998,-0.262
kp20 run1.txt,9,-20.0,1,451.000,0.0987,-0.284
kp20 run1.txt,9,-20.0,1,452.000,0.1035,0.347
kp20 run1.txt,9,-20.0,1,453.000,0.1013,0.303
kp20 run1.txt,9,-20.0,1,454.000,0.1006,0.288
kp20 run1.txt,9,-20.0,1,455.000,0.0998,-0.262
kp20 run1.txt,9,-20.0,1,456.000,0.098,-0.299
kp20 run1.txt,9,-20.0,1,457.000,0.1006,0.288
kp20 run1.txt,9,-20.0,1,458.000,0.0962,-0.335
kp20 run1.txt,9,-20.0,1,459.000,0.102,0.317
kp20 run1.txt,9,-20.0,1,460.000,0.0998,-0.262
kp20 run1.txt,9,-20.0,1,461.000,0.0998,-0.262
kp20 run1.txt,9,-20.0,1,462.000,0.1013,0.303
kp20 run1.txt,9,-20.0,1,463.000,0.1017,0.31
kp20 run1.txt,9,-20.0,1,464.000,0.1017,0.31
kp20 run1.txt,9,-20.0,1,465.000,0.102,0.317
kp20 run1.txt,9,-20.0,1,466.000,0.102,0.317
kp20 run1.txt,9,-20.0,1,467.000,0.1006,0.288
kp20 run1.txt,9,-20.0,1,468.000,0.0998,-0.262
kp20 run1.txt,9,-20.0,1,469.000,0.1013,0.303
kp20 run1.txt,9,-20.0,1,470.000,0.1002,0.281
kp20 run1.txt,9,-20.0,1,471.000,0.0998,-0.262
kp20 run1.txt,9,-20.0,1,472.000,0.1017,0.31
kp20 run1.txt,9,-20.0,1,473.000,0.1028,0.332
kp20 run1.txt,9,-20.0,1,474.000,0.1009,0.296
kp20 run1.txt,9,-20.0,1,475.000,0.0977,-0.306
kp20 run1.txt,9,-20.0,1,476.000,0.0969,-0.321
kp20 run1.txt,9,-20.0,1,477.000,0.0962,-0.335
kp20 run1.txt,9,-20.0,1,478.000,0.102,0.317
kp20 run1.txt,9,-20.0,1,479.000,0.11,0.478
kp20 run1.txt,9,-20.0,1,480.000,0.0933,-0.393
kp20 run1.txt,9,-20.0,1,481.000,0.1057,0.39
kp20 run1.txt,9,-20.0,1,482.000,0.0991,-0.277
kp20 run1.txt,9,-20.0,1,483.000,0.102,0.317
kp20 run1.txt,9,-20.0,1,484.000,0.0995,-0.27
kp20 run1.txt,9,-20.0,1,485.000,0.1035,0.347
kp20 run1.txt,9,-20.0,1,486.000,0.1028,0.332
kp20 run1.txt,9,-20.0,1,487.000,0.0911,-0.437
kp20 run1.txt,9,-20.0,1,488.000,0.0984,-0.291
kp20 run1.txt,9,-20.0,1,489.000,0.0998,-0.262
kp20 run1.txt,9,-20.0,1,490.000,0.0995,-0.27
kp20 run1.txt,9,-20.0,1,491.000,0.1013,0.303
kp20 run1.txt,9,-20.0,1,492.000,0.0998,-0.262
kp20 run1.txt,9,-20.0,1,493.000,0.1024,0.325
kp20 run1.txt,9,-20.0,1,494.000,0.0991,-0.277
kp20 run1.txt,9,-20.0,1,495.000,0.0951,-0.357
kp20 run1.txt,9,-20.0,1,496.000,0.1028,0.332
kp20 run1.txt,9,-20.0,1,497.000,0.1028,0.332
kp20 run1.txt,9,-20.0,1,498.000,0.102,0.317
kp20 run1.txt,9,-20.0,1,499.000,0.0925,-0.408
kp20 run1.txt,9,-20.0,1,500.000,0.1006,0.288
kp20 run1.txt,9,-20.0,1,501.000,0.0991,-0.277
kp20 run1.txt,9,-20.0,1,502.000,0.0977,-0.306
kp20 run1.txt,9,-20.0,1,503.000,0.1057,0.39
kp20 run1.txt,9,-20.0,1,504.000,0.0962,-0.335
kp20 run1.txt,9,-20.0,1,505.000,0.102,0.317
kp20 run1.txt,9,-20.0,1,506.000,0.0991,-0.277
kp20 run1.txt,9,-20.0,1,507.000,0.0991,-0.277
kp20 run1.txt,9,-20.0,1,508.000,0.0995,-0.27
kp20 run1.txt,9,-20.0,1,509.000,0.1013,0.303
kp20 run1.txt,9,-20.0,1,510.000,0.1017,0.31
kp20 run1.txt,9,-20.0,1,511.000,0.0984,-0.291
kp20 run1.txt,9,-20.0,1,512.000,0.1024,0.325
kp20 run1.txt,9,-20.0,1,513.000,0.0998,-0.262
kp20 run1.txt,9,-20.0,1,514.000,0.102,0.317
kp20 run1.txt,9,-20.0,1,515.000,0.0962,-0.335
kp20 run1.txt,9,-20.0,1,516.000,0.1006,0.288
kp20 run1.txt,9,-20.0,1,517.000,0.0991,-0.277
kp20 run1.txt,9,-20.0,1,518.000,0.0962,-0.335
kp20 run1.txt,9,-20.0,1,519.000,0.0998,-0.262
kp20 run1.txt,9,-20.0,1,520.000,0.1017,0.31
kp20 run1.txt,9,-20.0,1,521.000,0.09,-0.459
kp20 run1.txt,9,-20.0,1,522.000,0.0998,-0.262
kp20 run1.txt,9,-20.0,1,523.000,0.1013,0.303
kp20 run1.txt,9,-20.0,1,524.000,0.0991,-0.277
kp20 run1.txt,9,-20.0,1,525.000,0.1009,0.296
kp20 run1.txt,9,-20.0,1,526.000,0.0998,-0.262
kp20 run1.txt,9,-20.0,1,527.000,0.0998,-0.262
kp20 run1.txt,9,-20.0,1,528.000,0.1002,0.281
kp20 run1.txt,9,-20.0,1,529.000,0.0969,-0.321
kp20 run1.txt,9,-20.0,1,530.000,0.1028,0.332
kp20 run1.txt,9,-20.0,1,531.000,0.1009,0.296
kp20 run1.txt,9,-20.0,1,532.000,0.0991,-0.277
kp20 run1.txt,9,-20.0,1,533.000,0.1049,0.376
kp20 run1.txt,9,-20.0,1,534.000,0.102,0.317
kp20 run1.txt,9,-20.0,1,535.000,0.1013,0.303
kp20 run1.txt,9,-20.0,1,536.000,0.0998,-0.262
kp20 run1.txt,9,-20.0,1,537.000,0.0998,-0.262
kp20 run1.txt,9,-20.0,1,538.000,0.1013,0.303
kp20 run1.txt,9,-20.0,1,539.000,0.1009,0.296
kp20 run1.txt,9,-20.0,1,540.000,0.0998,-0.262
kp20 run1.txt,9,-20.0,1,541.000,0.0962,-0.335
kp20 run1.txt,9,-20.0,1,542.000,0.0845,-0.568
kp20 run1.txt,9,-20.0,1,543.000,0.0969,-0.321
kp20 run1.txt,9,-20.0,1,544.000,0.1035,0.347
kp20 run1.txt,9,-20.0,1,545.000,0.0977,-0.306
kp20 run1.txt,9,-20.0,1,546.000,0.1013,0.303
kp20 run1.txt,9,-20.0,1,547.000,0.0991,-0.277
kp20 run1.txt,9,-20.0,1,548.000,0.0984,-0.291
kp20 run1.txt,9,-20.0,1,549.000,0.0998,-0.262
kp20 run1.txt,9,-20.0,1,550.000,0.1013,0.303
kp20 run1.txt,9,-20.0,1,551.000,0.102,0.317
kp20 run1.txt,9,-20.0,1,552.000,0.102,0.317
kp20 run1.txt,9,-20.0,1,553.000,0.1017,0.31
kp20 run1.txt,9,-20.0,1,554.000,0.1017,0.31
kp20 run1.txt,9,-20.0,1,555.000,0.0998,-0.262
kp20 run1.txt,9,-20.0,1,556.000,0.1035,0.347
kp20 run1.txt,9,-20.0,1,557.000,0.1006,0.288
kp20 run1.txt,9,-20.0,1,558.000,0.0991,-0.277
kp20 run1.txt,9,-20.0,1,559.000,0.113,0.536
kp20 run1.txt,9,-20.0,1,560.000,0.1079,0.434
kp20 run1.txt,9,-20.0,1,561.000,0.0962,-0.335
kp20 run1.txt,9,-20.0,1,562.000,0.1017,0.31
kp20 run1.txt,9,-20.0,1,563.000,0.1017,0.31
kp20 run1.txt,9,-20.0,1,564.000,0.102,0.317
kp20 run1.txt,9,-20.0,1,565.000,0.1013,0.303
kp20 run1.txt,9,-20.0,1,566.000,0.102,0.317
kp20 run1.txt,9,-20.0,1,567.000,0.1086,0.449
kp20 run1.txt,9,-20.0,1,568.000,0.1035,0.347
kp20 run1.txt,9,-20.0,1,569.000,0.1006,0.288
kp20 run1.txt,9,-20.0,1,570.000,0.1013,0.303
kp20 run1.txt,9,-20.0,1,571.000,0.1006,0.288
kp20 run1.txt,9,-20.0,1,572.000,0.1006,0.288
kp20 run1.txt,9,-20.0,1,573.000,0.0987,-0.284
kp20 run1.txt,9,-20.0,1,574.000,0.1006,0.288
kp20 run1.txt,9,-20.0,1,575.000,0.0998,-0.262
kp20 run1.txt,9,-20.0,1,576.000,0.1035,0.347
kp20 run1.txt,9,-20.0,1,577.000,0.1006,0.288
kp20 run1.txt,9,-20.0,1,578.000,0.1028,0.332
kp20 run1.txt,9,-20.0,1,579.000,0.1049,0.376
kp20 run1.txt,9,-20.0,1,580.000,0.0998,-0.262
kp20 run1.txt,9,-20.0,1,581.000,0.1006,0.288
kp20 run1.txt,9,-20.0,1,582.000,0.098,-0.299
kp20 run1.txt,9,-20.0,1,583.000,0.0977,-0.306
kp20 run1.txt,9,-20.0,1,584.000,0.0995,-0.27
kp20 run1.txt,9,-20.0,1,585.000,0.0962,-0.335
kp20 run1.txt,9,-20.0,1,586.000,0.0991,-0.277
kp20 run1.txt,9,-20.0,1,587.000,0.0918,-0.423
kp20 run1.txt,9,-20.0,1,588.000,0.0984,-0.291
kp20 run1.txt,9,-20.0,1,589.000,0.102,0.317
kp20 run1.txt,9,-20.0,1,590.000,0.0991,-0.277
kp20 run1.txt,9,-20.0,1,591.000,0.0977,-0.306
kp20 run1.txt,9,-20.0,1,592.000,0.098,-0.299
kp20 run1.txt,9,-20.0,1,593.000,0.0998,-0.262
kp20 run1.txt,9,-20.0,1,594.000,0.0933,-0.393
kp20 run1.txt,9,-20.0,1,595.000,0.094,-0.379
kp20 run1.txt,9,-20.0,1,596.000,0.0998,-0.262
kp20 run1.txt,9,-20.0,1,597.000,0.0991,-0.277
kp20 run1.txt,9,-20.0,1,598.000,0.0987,-0.284
kp20 run1.txt,9,-20.0,1,599.000,0.0998,-0.262
kp20 run1.txt,10,-20.0,-1,0.000,0.0969,4.215
kp20 run1.txt,10,-20.0,-1,1.000,0.1006,4.288
kp20 run1.txt,10,-20.0,-1,2.000,0.1049,4.376
kp20 run1.txt,10,-20.0,-1,3.000,0.0998,4.274
kp20 run1.txt,10,-20.0,-1,4.000,0.0987,4.252
kp20 run1.txt,10,-20.0,-1,5.000,0.1035,4.347
kp20 run1.txt,10,-20.0,-1,6.000,0.0991,4.259
kp20 run1.txt,10,-20.0,-1,7.000,0.0933,4.143
kp20 run1.txt,10,-20.0,-1,8.000,0.0918,4.113
kp20 run1.txt,10,-20.0,-1,9.000,0.0904,4.084
kp20 run1.txt,10,-20.0,-1,10.000,0.0882,4.04
kp20 run1.txt,10,-20.0,-1,11.000,0.086,3.997
kp20 run1.txt,10,-20.0,-1,12.000,0.0816,3.909
kp20 run1.txt,10,-20.0,-1,13.000,0.0802,3.88
kp20 run1.txt,10,-20.0,-1,14.000,0.0791,3.858
kp20 run1.txt,10,-20.0,-1,15.000,0.0747,3.771
kp20 run1.txt,10,-20.0,-1,16.000,0.0685,3.647
kp20 run1.txt,10,-20.0,-1,17.000,0.0667,3.61
kp20 run1.txt,10,-20.0,-1,18.000,0.059,3.457
kp20 run1.txt,10,-20.0,-1,19.000,0.0612,3.501
kp20 run1.txt,10,-20.0,-1,20.000,0.0576,3.428
kp20 run1.txt,10,-20.0,-1,21.000,0.0473,3.224
kp20 run1.txt,10,-20.0,-1,22.000,0.0543,3.362
kp20 run1.txt,10,-20.0,-1,23.000,0.0481,3.239
kp20 run1.txt,10,-20.0,-1,24.000,0.0466,3.209
kp20 run1.txt,10,-20.0,-1,25.000,0.0277,2.83
kp20 run1.txt,10,-20.0,-1,26.000,0.0328,2.932
kp20 run1.txt,10,-20.0,-1,27.000,0.0277,2.83
kp20 run1.txt,10,-20.0,-1,28.000,0.0262,2.801
kp20 run1.txt,10,-20.0,-1,29.000,0.0218,2.714
kp20 run1.txt,10,-20.0,-1,30.000,0.0182,2.641
kp20 run1.txt,10,-20.0,-1,31.000,0.0178,2.633
kp20 run1.txt,10,-20.0,-1,32.000,0.0087,2.451
kp20 run1.txt,10,-20.0,-1,33.000,0.0025,2.327
kp20 run1.txt,10,-20.0,-1,34.000,-0.0051,2.174
kp20 run1.txt,10,-20.0,-1,35.000,-0.003,2.218
kp20 run1.txt,10,-20.0,-1,36.000,-0.0088,2.101
kp20 run1.txt,10,-20.0,-1,37.000,-0.0183,1.912
kp20 run1.txt,10,-20.0,-1,38.000,-0.0168,1.941
kp20 run1.txt,10,-20.0,-1,39.000,-0.0121,2.036
kp20 run1.txt,10,-20.0,-1,40.000,-0.0234,1.81
kp20 run1.txt,10,-20.0,-1,41.000,-0.0299,1.678
kp20 run1.txt,10,-20.0,-1,42.000,-0.0292,1.693
kp20 run1.txt,10,-20.0,-1,43.000,-0.0354,1.569
kp20 run1.txt,10,-20.0,-1,44.000,-0.0409,1.46
kp20 run1.txt,10,-20.0,-1,45.000,-0.0496,1.285
kp20 run1.txt,10,-20.0,-1,46.000,-0.0482,1.314
kp20 run1.txt,10,-20.0,-1,47.000,-0.0496,1.285
kp20 run1.txt,10,-20.0,-1,48.000,-0.0533,1.212
kp20 run1.txt,10,-20.0,-1,49.000,-0.0584,1.11
kp20 run1.txt,10,-20.0,-1,50.000,-0.0657,0.964
kp20 run1.txt,10,-20.0,-1,51.000,-0.0635,1.008
kp20 run1.txt,10,-20.0,-1,52.000,-0.0675,0.927
kp20 run1.txt,10,-20.0,-1,53.000,-0.07,0.876
kp20 run1.txt,10,-20.0,-1,54.000,-0.0762,0.753
kp20 run1.txt,10,-20.0,-1,55.000,-0.078,0.716
kp20 run1.txt,10,-20.0,-1,56.000,-0.0839,0.599
kp20 run1.txt,10,-20.0,-1,57.000,-0.0832,0.614
kp20 run1.txt,10,-20.0,-1,58.000,-0.0853,0.57
kp20 run1.txt,10,-20.0,-1,59.000,-0.0875,0.527
kp20 run1.txt,10,-20.0,-1,60.000,-0.0883,0.512
kp20 run1.txt,10,-20.0,-1,61.000,-0.1028,-0.316
kp20 run1.txt,10,-20.0,-1,62.000,-0.0948,0.381
kp20 run1.txt,10,-20.0,-1,63.000,-0.0974,0.33
kp20 run1.txt,10,-20.0,-1,64.000,-0.0992,0.293
kp20 run1.txt,10,-20.0,-1,65.000,-0.1021,-0.301
kp20 run1.txt,10,-20.0,-1,66.000,-0.1079,-0.418
kp20 run1.txt,10,-20.0,-1,67.000,-0.105,-0.359
kp20 run1.txt,10,-20.0,-1,68.000,-0.1101,-0.461
kp20 run1.txt,10,-20.0,-1,69.000,-0.1101,-0.461
kp20 run1.txt,10,-20.0,-1,70.000,-0.1109,-0.476
kp20 run1.txt,10,-20.0,-1,71.000,-0.1094,-0.447
kp20 run1.txt,10,-20.0,-1,72.000,-0.1145,-0.549
kp20 run1.txt,10,-20.0,-1,73.000,-0.1171,-0.6
kp20 run1.txt,10,-20.0,-1,74.000,-0.1298,-0.855
kp20 run1.txt,10,-20.0,-1,75.000,-0.1178,-0.615
kp20 run1.txt,10,-20.0,-1,76.000,-0.1181,-0.622
kp20 run1.txt,10,-20.0,-1,77.000,-0.1196,-0.651
kp20 run1.txt,10,-20.0,-1,78.000,-0.1218,-0.695
kp20 run1.txt,10,-20.0,-1,79.000,-0.1225,-0.709
kp20 run1.txt,10,-20.0,-1,80.000,-0.1247,-0.753
kp20 run1.txt,10,-20.0,-1,81.000,-0.1218,-0.695
kp20 run1.txt,10,-20.0,-1,82.000,-0.1229,-0.717
kp20 run1.txt,10,-20.0,-1,83.000,-0.1203,-0.666
kp20 run1.txt,10,-20.0,-1,84.000,-0.124,-0.739
kp20 run1.txt,10,-20.0,-1,85.000,-0.1276,-0.811
kp20 run1.txt,10,-20.0,-1,86.000,-0.1236,-0.731
kp20 run1.txt,10,-20.0,-1,87.000,-0.1247,-0.753
kp20 run1.txt,10,-20.0,-1,88.000,-0.1254,-0.768
kp20 run1.txt,10,-20.0,-1,89.000,-0.1232,-0.724
kp20 run1.txt,10,-20.0,-1,90.000,-0.1254,-0.768
kp20 run1.txt,10,-20.0,-1,91.000,-0.1225,-0.709
kp20 run1.txt,10,-20.0,-1,92.000,-0.1262,-0.782
kp20 run1.txt,10,-20.0,-1,93.000,-0.1254,-0.768
kp20 run1.txt,10,-20.0,-1,94.000,-0.1247,-0.753
kp20 run1.txt,10,-20.0,-1,95.000,-0.1112,-0.483
kp20 run1.txt,10,-20.0,-1,96.000,-0.124,-0.739
kp20 run1.txt,10,-20.0,-1,97.000,-0.1211,-0.68
kp20 run1.txt,10,-20.0,-1,98.000,-0.1225,-0.709
kp20 run1.txt,10,-20.0,-1,99.000,-0.1181,-0.622
kp20 run1.txt,10,-20.0,-1,100.000,-0.1247,-0.753
kp20 run1.txt,10,-20.0,-1,101.000,-0.1276,-0.811
kp20 run1.txt,10,-20.0,-1,102.000,-0.1189,-0.636
kp20 run1.txt,10,-20.0,-1,103.000,-0.1232,-0.724
kp20 run1.txt,10,-20.0,-1,104.000,-0.1247,-0.753
kp20 run1.txt,10,-20.0,-1,105.000,-0.1189,-0.636
kp20 run1.txt,10,-20.0,-1,106.000,-0.1196,-0.651
kp20 run1.txt,10,-20.0,-1,107.000,-0.124,-0.739
kp20 run1.txt,10,-20.0,-1,108.000,-0.1232,-0.724
kp20 run1.txt,10,-20.0,-1,109.000,-0.1276,-0.811
kp20 run1.txt,10,-20.0,-1,110.000,-0.1181,-0.622
kp20 run1.txt,10,-20.0,-1,111.000,-0.1174,-0.607
kp20 run1.txt,10,-20.0,-1,112.000,-0.1189,-0.636
kp20 run1.txt,10,-20.0,-1,113.000,-0.1203,-0.666
kp20 run1.txt,10,-20.0,-1,114.000,-0.1152,-0.564
kp20 run1.txt,10,-20.0,-1,115.000,-0.116,-0.578
kp20 run1.txt,10,-20.0,-1,116.000,-0.113,-0.52
kp20 run1.txt,10,-20.0,-1,117.000,-0.1152,-0.564
kp20 run1.txt,10,-20.0,-1,118.000,-0.116,-0.578
kp20 run1.txt,10,-20.0,-1,119.000,-0.1123,-0.505
kp20 run1.txt,10,-20.0,-1,120.000,-0.1152,-0.564
kp20 run1.txt,10,-20.0,-1,121.000,-0.113,-0.52
kp20 run1.txt,10,-20.0,-1,122.000,-0.1043,-0.345
kp20 run1.txt,10,-20.0,-1,123.000,-0.1145,-0.549
kp20 run1.txt,10,-20.0,-1,124.000,-0.1141,-0.542
kp20 run1.txt,10,-20.0,-1,125.000,-0.1094,-0.447
kp20 run1.txt,10,-20.0,-1,126.000,-0.1058,-0.374
kp20 run1.txt,10,-20.0,-1,127.000,-0.1072,-0.403
kp20 run1.txt,10,-20.0,-1,128.000,-0.113,-0.52
kp20 run1.txt,10,-20.0,-1,129.000,-0.1043,-0.345
kp20 run1.txt,10,-20.0,-1,130.000,-0.1021,-0.301
kp20 run1.txt,10,-20.0,-1,131.000,-0.1109,-0.476
kp20 run1.txt,10,-20.0,-1,132.000,-0.1025,-0.308
kp20 run1.txt,10,-20.0,-1,133.000,-0.105,-0.359
kp20 run1.txt,10,-20.0,-1,134.000,-0.1021,-0.301
kp20 run1.txt,10,-20.0,-1,135.000,-0.1043,-0.345
kp20 run1.txt,10,-20.0,-1,136.000,-0.0996,0.286
kp20 run1.txt,10,-20.0,-1,137.000,-0.0996,0.286
kp20 run1.txt,10,-20.0,-1,138.000,-0.0985,0.308
kp20 run1.txt,10,-20.0,-1,139.000,-0.0875,0.527
kp20 run1.txt,10,-20.0,-1,140.000,-0.0963,0.352
kp20 run1.txt,10,-20.0,-1,141.000,-0.0985,0.308
kp20 run1.txt,10,-20.0,-1,142.000,-0.0985,0.308
kp20 run1.txt,10,-20.0,-1,143.000,-0.089,0.497
kp20 run1.txt,10,-20.0,-1,144.000,-0.0868,0.541
kp20 run1.txt,10,-20.0,-1,145.000,-0.0974,0.33
kp20 run1.txt,10,-20.0,-1,146.000,-0.0966,0.344
kp20 run1.txt,10,-20.0,-1,147.000,-0.0966,0.344
kp20 run1.txt,10,-20.0,-1,148.000,-0.097,0.337
kp20 run1.txt,10,-20.0,-1,149.000,-0.0955,0.366
kp20 run1.txt,10,-20.0,-1,150.000,-0.1021,-0.301
kp20 run1.txt,10,-20.0,-1,151.000,-0.0977,0.322
kp20 run1.txt,10,-20.0,-1,152.000,-0.097,0.337
kp20 run1.txt,10,-20.0,-1,153.000,-0.0985,0.308
kp20 run1.txt,10,-20.0,-1,154.000,-0.0963,0.352
kp20 run1.txt,10,-20.0,-1,155.000,-0.1119,-0.498
kp20 run1.txt,10,-20.0,-1,156.000,-0.1058,-0.374
kp20 run1.txt,10,-20.0,-1,157.000,-0.0963,0.352
kp20 run1.txt,10,-20.0,-1,158.000,-0.0974,0.33
kp20 run1.txt,10,-20.0,-1,159.000,-0.0985,0.308
kp20 run1.txt,10,-20.0,-1,160.000,-0.1036,-0.33
kp20 run1.txt,10,-20.0,-1,161.000,-0.0941,0.395
kp20 run1.txt,10,-20.0,-1,162.000,-0.0985,0.308
kp20 run1.txt,10,-20.0,-1,163.000,-0.0985,0.308
kp20 run1.txt,10,-20.0,-1,164.000,-0.0926,0.424
kp20 run1.txt,10,-20.0,-1,165.000,-0.0985,0.308
kp20 run1.txt,10,-20.0,-1,166.000,-0.0985,0.308
kp20 run1.txt,10,-20.0,-1,167.000,-0.0966,0.344
kp20 run1.txt,10,-20.0,-1,168.000,-0.0963,0.352
kp20 run1.txt,10,-20.0,-1,169.000,-0.0996,0.286
kp20 run1.txt,10,-20.0,-1,170.000,-0.0992,0.293
kp20 run1.txt,10,-20.0,-1,171.000,-0.0977,0.322
kp20 run1.txt,10,-20.0,-1,172.000,-0.0985,0.308
kp20 run1.txt,10,-20.0,-1,173.000,-0.0955,0.366
kp20 run1.txt,10,-20.0,-1,174.000,-0.0999,0.279
kp20 run1.txt,10,-20.0,-1,175.000,-0.1025,-0.308
kp20 run1.txt,10,-20.0,-1,176.000,-0.0977,0.322
kp20 run1.txt,10,-20.0,-1,177.000,-0.0985,0.308
kp20 run1.txt,10,-20.0,-1,178.000,-0.0945,0.388
kp20 run1.txt,10,-20.0,-1,179.000,-0.0985,0.308
kp20 run1.txt,10,-20.0,-1,180.000,-0.0985,0.308
kp20 run1.txt,10,-20.0,-1,181.000,-0.0952,0.373
kp20 run1.txt,10,-20.0,-1,182.000,-0.0955,0.366
kp20 run1.txt,10,-20.0,-1,183.000,-0.0977,0.322
kp20 run1.txt,10,-20.0,-1,184.000,-0.0963,0.352
kp20 run1.txt,10,-20.0,-1,185.000,-0.1043,-0.345
kp20 run1.txt,10,-20.0,-1,186.000,-0.0985,0.308
kp20 run1.txt,10,-20.0,-1,187.000,-0.0985,0.308
kp20 run1.txt,10,-20.0,-1,188.000,-0.0977,0.322
kp20 run1.txt,10,-20.0,-1,189.000,-0.0985,0.308
kp20 run1.txt,10,-20.0,-1,190.000,-0.0985,0.308
kp20 run1.txt,10,-20.0,-1,191.000,-0.0966,0.344
kp20 run1.txt,10,-20.0,-1,192.000,-0.1054,-0.367
kp20 run1.txt,10,-20.0,-1,193.000,-0.105,-0.359
kp20 run1.txt,10,-20.0,-1,194.000,-0.0861,0.556
kp20 run1.txt,10,-20.0,-1,195.000,-0.0832,0.614
kp20 run1.txt,10,-20.0,-1,196.000,-0.0996,0.286
kp20 run1.txt,10,-20.0,-1,197.000,-0.0948,0.381
kp20 run1.txt,10,-20.0,-1,198.000,-0.0923,0.432
kp20 run1.txt,10,-20.0,-1,199.000,-0.1014,-0.287
kp20 run1.txt,10,-20.0,-1,200.000,-0.1036,-0.33
kp20 run1.txt,10,-20.0,-1,201.000,-0.0996,0.286
kp20 run1.txt,10,-20.0,-1,202.000,-0.0904,0.468
kp20 run1.txt,10,-20.0,-1,203.000,-0.1094,-0.447
kp20 run1.txt,10,-20.0,-1,204.000,-0.0992,0.293
kp20 run1.txt,10,-20.0,-1,205.000,-0.0999,0.279
kp20 run1.txt,10,-20.0,-1,206.000,-0.0955,0.366
kp20 run1.txt,10,-20.0,-1,207.000,-0.105,-0.359
kp20 run1.txt,10,-20.0,-1,208.000,-0.1021,-0.301
kp20 run1.txt,10,-20.0,-1,209.000,-0.0937,0.403
kp20 run1.txt,10,-20.0,-1,210.000,-0.1014,-0.287
kp20 run1.txt,10,-20.0,-1,211.000,-0.0963,0.352
kp20 run1.txt,10,-20.0,-1,212.000,-0.1014,-0.287
kp20 run1.txt,10,-20.0,-1,213.000,-0.1006,-0.272
kp20 run1.txt,10,-20.0,-1,214.000,-0.1021,-0.301
kp20 run1.txt,10,-20.0,-1,215.000,-0.1021,-0.301
kp20 run1.txt,10,-20.0,-1,216.000,-0.1006,-0.272
kp20 run1.txt,10,-20.0,-1,217.000,-0.1036,-0.33
kp20 run1.txt,10,-20.0,-1,218.000,-0.1043,-0.345
kp20 run1.txt,10,-20.0,-1,219.000,-0.0963,0.352
kp20 run1.txt,10,-20.0,-1,220.000,-0.1032,-0.323
kp20 run1.txt,10,-20.0,-1,221.000,-0.1014,-0.287
kp20 run1.txt,10,-20.0,-1,222.000,-0.1087,-0.432
kp20 run1.txt,10,-20.0,-1,223.000,-0.1021,-0.301
kp20 run1.txt,10,-20.0,-1,224.000,-0.0985,0.308
kp20 run1.txt,10,-20.0,-1,225.000,-0.0985,0.308
kp20 run1.txt,10,-20.0,-1,226.000,-0.1014,-0.287
kp20 run1.txt,10,-20.0,-1,227.000,-0.1014,-0.287
kp20 run1.txt,10,-20.0,-1,228.000,-0.1021,-0.301
kp20 run1.txt,10,-20.0,-1,229.000,-0.1028,-0.316
kp20 run1.txt,10,-20.0,-1,230.000,-0.1006,-0.272
kp20 run1.txt,10,-20.0,-1,231.000,-0.1036,-0.33
kp20 run1.txt,10,-20.0,-1,232.000,-0.097,0.337
kp20 run1.txt,10,-20.0,-1,233.000,-0.0955,0.366
kp20 run1.txt,10,-20.0,-1,234.000,-0.0915,0.446
kp20 run1.txt,10,-20.0,-1,235.000,-0.0977,0.322
kp20 run1.txt,10,-20.0,-1,236.000,-0.1021,-0.301
kp20 run1.txt,10,-20.0,-1,237.000,-0.1021,-0.301
kp20 run1.txt,10,-20.0,-1,238.000,-0.1014,-0.287
kp20 run1.txt,10,-20.0,-1,239.000,-0.0992,0.293
kp20 run1.txt,10,-20.0,-1,240.000,-0.1065,-0.389
kp20 run1.txt,10,-20.0,-1,241.000,-0.1014,-0.287
kp20 run1.txt,10,-20.0,-1,242.000,-0.0996,0.286
kp20 run1.txt,10,-20.0,-1,243.000,-0.1025,-0.308
kp20 run1.txt,10,-20.0,-1,244.000,-0.0996,0.286
kp20 run1.txt,10,-20.0,-1,245.000,-0.1025,-0.308
kp20 run1.txt,10,-20.0,-1,246.000,-0.1006,-0.272
kp20 run1.txt,10,-20.0,-1,247.000,-0.1021,-0.301
kp20 run1.txt,10,-20.0,-1,248.000,-0.1079,-0.418
kp20 run1.txt,10,-20.0,-1,249.000,-0.1014,-0.287
kp20 run1.txt,10,-20.0,-1,250.000,-0.1072,-0.403
kp20 run1.txt,10,-20.0,-1,251.000,-0.1021,-0.301
kp20 run1.txt,10,-20.0,-1,252.000,-0.1025,-0.308
kp20 run1.txt,10,-20.0,-1,253.000,-0.1028,-0.316
kp20 run1.txt,10,-20.0,-1,254.000,-0.1021,-0.301
kp20 run1.txt,10,-20.0,-1,255.000,-0.1006,-0.272
kp20 run1.txt,10,-20.0,-1,256.000,-0.1014,-0.287
kp20 run1.txt,10,-20.0,-1,257.000,-0.105,-0.359
kp20 run1.txt,10,-20.0,-1,258.000,-0.1006,-0.272
kp20 run1.txt,10,-20.0,-1,259.000,-0.1036,-0.33
kp20 run1.txt,10,-20.0,-1,260.000,-0.0996,0.286
kp20 run1.txt,10,-20.0,-1,261.000,-0.1021,-0.301
kp20 run1.txt,10,-20.0,-1,262.000,-0.1058,-0.374
kp20 run1.txt,10,-20.0,-1,263.000,-0.1021,-0.301
kp20 run1.txt,10,-20.0,-1,264.000,-0.1025,-0.308
kp20 run1.txt,10,-20.0,-1,265.000,-0.1014,-0.287
kp20 run1.txt,10,-20.0,-1,266.000,-0.1072,-0.403
kp20 run1.txt,10,-20.0,-1,267.000,-0.1025,-0.308
kp20 run1.txt,10,-20.0,-1,268.000,-0.1014,-0.287
kp20 run1.txt,10,-20.0,-1,269.000,-0.1032,-0.323
kp20 run1.txt,10,-20.0,-1,270.000,-0.1083,-0.425
kp20 run1.txt,10,-20.0,-1,271.000,-0.1043,-0.345
kp20 run1.txt,10,-20.0,-1,272.000,-0.1025,-0.308
kp20 run1.txt,10,-20.0,-1,273.000,-0.1006,-0.272
kp20 run1.txt,10,-20.0,-1,274.000,-0.1021,-0.301
kp20 run1.txt,10,-20.0,-1,275.000,-0.1014,-0.287
kp20 run1.txt,10,-20.0,-1,276.000,-0.1006,-0.272
kp20 run1.txt,10,-20.0,-1,277.000,-0.0999,0.279
kp20 run1.txt,10,-20.0,-1,278.000,-0.0992,0.293
kp20 run1.txt,10,-20.0,-1,279.000,-0.101,-0.279
kp20 run1.txt,10,-20.0,-1,280.000,-0.1014,-0.287
kp20 run1.txt,10,-20.0,-1,281.000,-0.0945,0.388
kp20 run1.txt,10,-20.0,-1,282.000,-0.1043,-0.345
kp20 run1.txt,10,-20.0,-1,283.000,-0.0992,0.293
kp20 run1.txt,10,-20.0,-1,284.000,-0.0992,0.293
kp20 run1.txt,10,-20.0,-1,285.000,-0.0963,0.352
kp20 run1.txt,10,-20.0,-1,286.000,-0.0992,0.293
kp20 run1.txt,10,-20.0,-1,287.000,-0.0996,0.286
kp20 run1.txt,10,-20.0,-1,288.000,-0.1014,-0.287
kp20 run1.txt,10,-20.0,-1,289.000,-0.1014,-0.287
kp20 run1.txt,10,-20.0,-1,290.000,-0.1043,-0.345
kp20 run1.txt,10,-20.0,-1,291.000,-0.0992,0.293
kp20 run1.txt,10,-20.0,-1,292.000,-0.0985,0.308
kp20 run1.txt,10,-20.0,-1,293.000,-0.0948,0.381
kp20 run1.txt,10,-20.0,-1,294.000,-0.1014,-0.287
kp20 run1.txt,10,-20.0,-1,295.000,-0.0963,0.352
kp20 run1.txt,10,-20.0,-1,296.000,-0.1006,-0.272
kp20 run1.txt,10,-20.0,-1,297.000,-0.0985,0.308
kp20 run1.txt,10,-20.0,-1,298.000,-0.0999,0.279
kp20 run1.txt,10,-20.0,-1,299.000,-0.1083,-0.425
kp20 run1.txt,10,-20.0,-1,300.000,-0.0999,0.279
kp20 run1.txt,10,-20.0,-1,301.000,-0.1028,-0.316
kp20 run1.txt,10,-20.0,-1,302.000,-0.0992,0.293
kp20 run1.txt,10,-20.0,-1,303.000,-0.0985,0.308
kp20 run1.txt,10,-20.0,-1,304.000,-0.0955,0.366
kp20 run1.txt,10,-20.0,-1,305.000,-0.1014,-0.287
kp20 run1.txt,10,-20.0,-1,306.000,-0.0985,0.308
kp20 run1.txt,10,-20.0,-1,307.000,-0.0934,0.41
kp20 run1.txt,10,-20.0,-1,308.000,-0.0977,0.322
kp20 run1.txt,10,-20.0,-1,309.000,-0.0992,0.293
kp20 run1.txt,10,-20.0,-1,310.000,-0.0992,0.293
kp20 run1.txt,10,-20.0,-1,311.000,-0.0985,0.308
kp20 run1.txt,10,-20.0,-1,312.000,-0.0948,0.381
kp20 run1.txt,10,-20.0,-1,313.000,-0.0985,0.308
kp20 run1.txt,10,-20.0,-1,314.000,-0.097,0.337
kp20 run1.txt,10,-20.0,-1,315.000,-0.0992,0.293
kp20 run1.txt,10,-20.0,-1,316.000,-0.0992,0.293
kp20 run1.txt,10,-20.0,-1,317.000,-0.1021,-0.301
kp20 run1.txt,10,-20.0,-1,318.000,-0.1028,-0.316
kp20 run1.txt,10,-20.0,-1,319.000,-0.1006,-0.272
kp20 run1.txt,10,-20.0,-1,320.000,-0.1014,-0.287
kp20 run1.txt,10,-20.0,-1,321.000,-0.0992,0.293
kp20 run1.txt,10,-20.0,-1,322.000,-0.0996,0.286
kp20 run1.txt,10,-20.0,-1,323.000,-0.0977,0.322
kp20 run1.txt,10,-20.0,-1,324.000,-0.1043,-0.345
kp20 run1.txt,10,-20.0,-1,325.000,-0.0992,0.293
kp20 run1.txt,10,-20.0,-1,326.000,-0.1006,-0.272
kp20 run1.txt,10,-20.0,-1,327.000,-0.0992,0.293
kp20 run1.txt,10,-20.0,-1,328.000,-0.1006,-0.272
kp20 run1.txt,10,-20.0,-1,329.000,-0.0992,0.293
kp20 run1.txt,10,-20.0,-1,330.000,-0.097,0.337
kp20 run1.txt,10,-20.0,-1,331.000,-0.0992,0.293
kp20 run1.txt,10,-20.0,-1,332.000,-0.1014,-0.287
kp20 run1.txt,10,-20.0,-1,333.000,-0.0999,0.279
kp20 run1.txt,10,-20.0,-1,334.000,-0.105,-0.359
kp20 run1.txt,10,-20.0,-1,335.000,-0.0996,0.286
kp20 run1.txt,10,-20.0,-1,336.000,-0.0996,0.286
kp20 run1.txt,10,-20.0,-1,337.000,-0.0985,0.308
kp20 run1.txt,10,-20.0,-1,338.000,-0.1014,-0.287
kp20 run1.txt,10,-20.0,-1,339.000,-0.1006,-0.272
kp20 run1.txt,10,-20.0,-1,340.000,-0.0992,0.293
kp20 run1.txt,10,-20.0,-1,341.000,-0.0985,0.308
kp20 run1.txt,10,-20.0,-1,342.000,-0.1028,-0.316
kp20 run1.txt,10,-20.0,-1,343.000,-0.0985,0.308
kp20 run1.txt,10,-20.0,-1,344.000,-0.0992,0.293
kp20 run1.txt,10,-20.0,-1,345.000,-0.0988,0.301
kp20 run1.txt,10,-20.0,-1,346.000,-0.0941,0.395
kp20 run1.txt,10,-20.0,-1,347.000,-0.0992,0.293
kp20 run1.txt,10,-20.0,-1,348.000,-0.1021,-0.301
kp20 run1.txt,10,-20.0,-1,349.000,-0.0992,0.293
kp20 run1.txt,10,-20.0,-1,350.000,-0.0992,0.293
kp20 run1.txt,10,-20.0,-1,351.000,-0.0988,0.301
kp20 run1.txt,10,-20.0,-1,352.000,-0.1006,-0.272
kp20 run1.txt,10,-20.0,-1,353.000,-0.0992,0.293
kp20 run1.txt,10,-20.0,-1,354.000,-0.0996,0.286
kp20 run1.txt,10,-20.0,-1,355.000,-0.0985,0.308
kp20 run1.txt,10,-20.0,-1,356.000,-0.1014,-0.287
kp20 run1.txt,10,-20.0,-1,357.000,-0.0981,0.315
kp20 run1.txt,10,-20.0,-1,358.000,-0.1006,-0.272
kp20 run1.txt,10,-20.0,-1,359.000,-0.1149,-0.556
kp20 run1.txt,10,-20.0,-1,360.000,-0.0996,0.286
kp20 run1.txt,10,-20.0,-1,361.000,-0.0977,0.322
kp20 run1.txt,10,-20.0,-1,362.000,-0.0985,0.308
kp20 run1.txt,10,-20.0,-1,363.000,-0.1014,-0.287
kp20 run1.txt,10,-20.0,-1,364.000,-0.1006,-0.272
kp20 run1.txt,10,-20.0,-1,365.000,-0.1006,-0.272
kp20 run1.txt,10,-20.0,-1,366.000,-0.0974,0.33
kp20 run1.txt,10,-20.0,-1,367.000,-0.0955,0.366
kp20 run1.txt,10,-20.0,-1,368.000,-0.1021,-0.301
kp20 run1.txt,10,-20.0,-1,369.000,-0.0988,0.301
kp20 run1.txt,10,-20.0,-1,370.000,-0.0992,0.293
kp20 run1.txt,10,-20.0,-1,371.000,-0.1036,-0.33
kp20 run1.txt,10,-20.0,-1,372.000,-0.0948,0.381
kp20 run1.txt,10,-20.0,-1,373.000,-0.0992,0.293
kp20 run1.txt,10,-20.0,-1,374.000,-0.0977,0.322
kp20 run1.txt,10,-20.0,-1,375.000,-0.0879,0.519
kp20 run1.txt,10,-20.0,-1,376.000,-0.1014,-0.287
kp20 run1.txt,10,-20.0,-1,377.000,-0.097,0.337
kp20 run1.txt,10,-20.0,-1,378.000,-0.0992,0.293
kp20 run1.txt,10,-20.0,-1,379.000,-0.0955,0.366
kp20 run1.txt,10,-20.0,-1,380.000,-0.1014,-0.287
kp20 run1.txt,10,-20.0,-1,381.000,-0.0996,0.286
kp20 run1.txt,10,-20.0,-1,382.000,-0.097,0.337
kp20 run1.txt,10,-20.0,-1,383.000,-0.0996,0.286
kp20 run1.txt,10,-20.0,-1,384.000,-0.0985,0.308
kp20 run1.txt,10,-20.0,-1,385.000,-0.0996,0.286
kp20 run1.txt,10,-20.0,-1,386.000,-0.0992,0.293
kp20 run1.txt,10,-20.0,-1,387.000,-0.1006,-0.272
kp20 run1.txt,10,-20.0,-1,388.000,-0.0999,0.279
kp20 run1.txt,10,-20.0,-1,389.000,-0.0999,0.279
kp20 run1.txt,10,-20.0,-1,390.000,-0.0977,0.322
kp20 run1.txt,10,-20.0,-1,391.000,-0.0966,0.344
kp20 run1.txt,10,-20.0,-1,392.000,-0.0985,0.308
kp20 run1.txt,10,-20.0,-1,393.000,-0.0992,0.293
kp20 run1.txt,10,-20.0,-1,394.000,-0.0992,0.293
kp20 run1.txt,10,-20.0,-1,395.000,-0.1021,-0.301
kp20 run1.txt,10,-20.0,-1,396.000,-0.1021,-0.301
kp20 run1.txt,10,-20.0,-1,397.000,-0.1006,-0.272
kp20 run1.txt,10,-20.0,-1,398.000,-0.0992,0.293
kp20 run1.txt,10,-20.0,-1,399.000,-0.0999,0.279
kp20 run1.txt,10,-20.0,-1,400.000,-0.0897,0.483
kp20 run1.txt,10,-20.0,-1,401.000,-0.0985,0.308
kp20 run1.txt,10,-20.0,-1,402.000,-0.0996,0.286
kp20 run1.txt,10,-20.0,-1,403.000,-0.0985,0.308
kp20 run1.txt,10,-20.0,-1,404.000,-0.0966,0.344
kp20 run1.txt,10,-20.0,-1,405.000,-0.0996,0.286
kp20 run1.txt,10,-20.0,-1,406.000,-0.0985,0.308
kp20 run1.txt,10,-20.0,-1,407.000,-0.0926,0.424
kp20 run1.txt,10,-20.0,-1,408.000,-0.0992,0.293
kp20 run1.txt,10,-20.0,-1,409.000,-0.0966,0.344
kp20 run1.txt,10,-20.0,-1,410.000,-0.0955,0.366
kp20 run1.txt,10,-20.0,-1,411.000,-0.105,-0.359
kp20 run1.txt,10,-20.0,-1,412.000,-0.0992,0.293
kp20 run1.txt,10,-20.0,-1,413.000,-0.0966,0.344
kp20 run1.txt,10,-20.0,-1,414.000,-0.1079,-0.418
kp20 run1.txt,10,-20.0,-1,415.000,-0.1014,-0.287
kp20 run1.txt,10,-20.0,-1,416.000,-0.1043,-0.345
kp20 run1.txt,10,-20.0,-1,417.000,-0.0992,0.293
kp20 run1.txt,10,-20.0,-1,418.000,-0.0955,0.366
kp20 run1.txt,10,-20.0,-1,419.000,-0.0985,0.308
kp20 run1.txt,10,-20.0,-1,420.000,-0.1021,-0.301
kp20 run1.txt,10,-20.0,-1,421.000,-0.1014,-0.287
kp20 run1.txt,10,-20.0,-1,422.000,-0.1036,-0.33
kp20 run1.txt,10,-20.0,-1,423.000,-0.1021,-0.301
kp20 run1.txt,10,-20.0,-1,424.000,-0.1021,-0.301
kp20 run1.txt,10,-20.0,-1,425.000,-0.1036,-0.33
kp20 run1.txt,10,-20.0,-1,426.000,-0.1043,-0.345
kp20 run1.txt,10,-20.0,-1,427.000,-0.089,0.497
kp20 run1.txt,10,-20.0,-1,428.000,-0.0999,0.279
kp20 run1.txt,10,-20.0,-1,429.000,-0.1021,-0.301
kp20 run1.txt,10,-20.0,-1,430.000,-0.0963,0.352
kp20 run1.txt,10,-20.0,-1,431.000,-0.1014,-0.287
kp20 run1.txt,10,-20.0,-1,432.000,-0.1014,-0.287
kp20 run1.txt,10,-20.0,-1,433.000,-0.0955,0.366
kp20 run1.txt,10,-20.0,-1,434.000,-0.1014,-0.287
kp20 run1.txt,10,-20.0,-1,435.000,-0.1017,-0.294
kp20 run1.txt,10,-20.0,-1,436.000,-0.1014,-0.287
kp20 run1.txt,10,-20.0,-1,437.000,-0.0966,0.344
kp20 run1.txt,10,-20.0,-1,438.000,-0.0996,0.286
kp20 run1.txt,10,-20.0,-1,439.000,-0.0992,0.293
kp20 run1.txt,10,-20.0,-1,440.000,-0.0999,0.279
kp20 run1.txt,10,-20.0,-1,441.000,-0.1025,-0.308
kp20 run1.txt,10,-20.0,-1,442.000,-0.1079,-0.418
kp20 run1.txt,10,-20.0,-1,443.000,-0.1006,-0.272
kp20 run1.txt,10,-20.0,-1,444.000,-0.0999,0.279
kp20 run1.txt,10,-20.0,-1,445.000,-0.1014,-0.287
kp20 run1.txt,10,-20.0,-1,446.000,-0.0977,0.322
kp20 run1.txt,10,-20.0,-1,447.000,-0.1006,-0.272
kp20 run1.txt,10,-20.0,-1,448.000,-0.1109,-0.476
kp20 run1.txt,10,-20.0,-1,449.000,-0.1025,-0.308
kp20 run1.txt,10,-20.0,-1,450.000,-0.1003,-0.265
kp20 run1.txt,10,-20.0,-1,451.000,-0.1014,-0.287
kp20 run1.txt,10,-20.0,-1,452.000,-0.1021,-0.301
kp20 run1.txt,10,-20.0,-1,453.000,-0.1028,-0.316
kp20 run1.txt,10,-20.0,-1,454.000,-0.1006,-0.272
kp20 run1.txt,10,-20.0,-1,455.000,-0.1028,-0.316
kp20 run1.txt,10,-20.0,-1,456.000,-0.1025,-0.308
kp20 run1.txt,10,-20.0,-1,457.000,-0.1036,-0.33
kp20 run1.txt,10,-20.0,-1,458.000,-0.1058,-0.374
kp20 run1.txt,10,-20.0,-1,459.000,-0.1025,-0.308
kp20 run1.txt,10,-20.0,-1,460.000,-0.0992,0.293
kp20 run1.txt,10,-20.0,-1,461.000,-0.1028,-0.316
kp20 run1.txt,10,-20.0,-1,462.000,-0.0977,0.322
kp20 run1.txt,10,-20.0,-1,463.000,-0.1025,-0.308
kp20 run1.txt,10,-20.0,-1,464.000,-0.1014,-0.287
kp20 run1.txt,10,-20.0,-1,465.000,-0.1006,-0.272
kp20 run1.txt,10,-20.0,-1,466.000,-0.1021,-0.301
kp20 run1.txt,10,-20.0,-1,467.000,-0.1021,-0.301
kp20 run1.txt,10,-20.0,-1,468.000,-0.1171,-0.6
kp20 run1.txt,10,-20.0,-1,469.000,-0.1006,-0.272
kp20 run1.txt,10,-20.0,-1,470.000,-0.105,-0.359
kp20 run1.txt,10,-20.0,-1,471.000,-0.0985,0.308
kp20 run1.txt,10,-20.0,-1,472.000,-0.1014,-0.287
kp20 run1.txt,10,-20.0,-1,473.000,-0.1014,-0.287
kp20 run1.txt,10,-20.0,-1,474.000,-0.1036,-0.33
kp20 run1.txt,10,-20.0,-1,475.000,-0.1014,-0.287
kp20 run1.txt,10,-20.0,-1,476.000,-0.1101,-0.461
kp20 run1.txt,10,-20.0,-1,477.000,-0.1043,-0.345
kp20 run1.txt,10,-20.0,-1,478.000,-0.0992,0.293
kp20 run1.txt,10,-20.0,-1,479.000,-0.105,-0.359
kp20 run1.txt,10,-20.0,-1,480.000,-0.1021,-0.301
kp20 run1.txt,10,-20.0,-1,481.000,-0.1014,-0.287
kp20 run1.txt,10,-20.0,-1,482.000,-0.097,0.337
kp20 run1.txt,10,-20.0,-1,483.000,-0.1014,-0.287
kp20 run1.txt,10,-20.0,-1,484.000,-0.1006,-0.272
kp20 run1.txt,10,-20.0,-1,485.000,-0.1072,-0.403
kp20 run1.txt,10,-20.0,-1,486.000,-0.0977,0.322
kp20 run1.txt,10,-20.0,-1,487.000,-0.0963,0.352
kp20 run1.txt,10,-20.0,-1,488.000,-0.1043,-0.345
kp20 run1.txt,10,-20.0,-1,489.000,-0.0992,0.293
kp20 run1.txt,10,-20.0,-1,490.000,-0.1058,-0.374
kp20 run1.txt,10,-20.0,-1,491.000,-0.1017,-0.294
kp20 run1.txt,10,-20.0,-1,492.000,-0.1014,-0.287
kp20 run1.txt,10,-20.0,-1,493.000,-0.0992,0.293
kp20 run1.txt,10,-20.0,-1,494.000,-0.089,0.497
kp20 run1.txt,10,-20.0,-1,495.000,-0.0988,0.301
kp20 run1.txt,10,-20.0,-1,496.000,-0.1006,-0.272
kp20 run1.txt,10,-20.0,-1,497.000,-0.1006,-0.272
kp20 run1.txt,10,-20.0,-1,498.000,-0.1017,-0.294
kp20 run1.txt,10,-20.0,-1,499.000,-0.0985,0.308
kp20 run1.txt,10,-20.0,-1,500.000,-0.0985,0.308
kp20 run1.txt,10,-20.0,-1,501.000,-0.1043,-0.345
kp20 run1.txt,10,-20.0,-1,502.000,-0.0999,0.279
kp20 run1.txt,10,-20.0,-1,503.000,-0.1014,-0.287
kp20 run1.txt,10,-20.0,-1,504.000,-0.0977,0.322
kp20 run1.txt,10,-20.0,-1,505.000,-0.1014,-0.287
kp20 run1.txt,10,-20.0,-1,506.000,-0.1006,-0.272
kp20 run1.txt,10,-20.0,-1,507.000,-0.1079,-0.418
kp20 run1.txt,10,-20.0,-1,508.000,-0.0996,0.286
kp20 run1.txt,10,-20.0,-1,509.000,-0.1006,-0.272
kp20 run1.txt,10,-20.0,-1,510.000,-0.1021,-0.301
kp20 run1.txt,10,-20.0,-1,511.000,-0.0999,0.279
kp20 run1.txt,10,-20.0,-1,512.000,-0.1006,-0.272
kp20 run1.txt,10,-20.0,-1,513.000,-0.097,0.337
kp20 run1.txt,10,-20.0,-1,514.000,-0.1003,-0.265
kp20 run1.txt,10,-20.0,-1,515.000,-0.1006,-0.272
kp20 run1.txt,10,-20.0,-1,516.000,-0.0999,0.279
kp20 run1.txt,10,-20.0,-1,517.000,-0.1003,-0.265
kp20 run1.txt,10,-20.0,-1,518.000,-0.0985,0.308
kp20 run1.txt,10,-20.0,-1,519.000,-0.1006,-0.272
kp20 run1.txt,10,-20.0,-1,520.000,-0.0996,0.286
kp20 run1.txt,10,-20.0,-1,521.000,-0.0999,0.279
kp20 run1.txt,10,-20.0,-1,522.000,-0.1006,-0.272
kp20 run1.txt,10,-20.0,-1,523.000,-0.1003,-0.265
kp20 run1.txt,10,-20.0,-1,524.000,-0.1065,-0.389
kp20 run1.txt,10,-20.0,-1,525.000,-0.0963,0.352
kp20 run1.txt,10,-20.0,-1,526.000,-0.0985,0.308
kp20 run1.txt,10,-20.0,-1,527.000,-0.0988,0.301
kp20 run1.txt,10,-20.0,-1,528.000,-0.1014,-0.287
kp20 run1.txt,10,-20.0,-1,529.000,-0.0948,0.381
kp20 run1.txt,10,-20.0,-1,530.000,-0.0996,0.286
kp20 run1.txt,10,-20.0,-1,531.000,-0.0999,0.279
kp20 run1.txt,10,-20.0,-1,532.000,-0.1006,-0.272
kp20 run1.txt,10,-20.0,-1,533.000,-0.1021,-0.301
kp20 run1.txt,10,-20.0,-1,534.000,-0.1021,-0.301
kp20 run1.txt,10,-20.0,-1,535.000,-0.1014,-0.287
kp20 run1.txt,10,-20.0,-1,536.000,-0.0996,0.286
kp20 run1.txt,10,-20.0,-1,537.000,-0.116,-0.578
kp20 run1.txt,10,-20.0,-1,538.000,-0.1006,-0.272
kp20 run1.txt,10,-20.0,-1,539.000,-0.1036,-0.33
kp20 run1.txt,10,-20.0,-1,540.000,-0.1014,-0.287
kp20 run1.txt,10,-20.0,-1,541.000,-0.0992,0.293
kp20 run1.txt,10,-20.0,-1,542.000,-0.1014,-0.287
kp20 run1.txt,10,-20.0,-1,543.000,-0.0934,0.41
kp20 run1.txt,10,-20.0,-1,544.000,-0.1006,-0.272
kp20 run1.txt,10,-20.0,-1,545.000,-0.1006,-0.272
kp20 run1.txt,10,-20.0,-1,546.000,-0.1014,-0.287
kp20 run1.txt,10,-20.0,-1,547.000,-0.0985,0.308
kp20 run1.txt,10,-20.0,-1,548.000,-0.1006,-0.272
kp20 run1.txt,10,-20.0,-1,549.000,-0.0985,0.308
kp20 run1.txt,10,-20.0,-1,550.000,-0.1017,-0.294
kp20 run1.txt,10,-20.0,-1,551.000,-0.1017,-0.294
kp20 run1.txt,10,-20.0,-1,552.000,-0.0999,0.279
kp20 run1.txt,10,-20.0,-1,553.000,-0.1021,-0.301
kp20 run1.txt,10,-20.0,-1,554.000,-0.1006,-0.272
kp20 run1.txt,10,-20.0,-1,555.000,-0.1021,-0.301
kp20 run1.txt,10,-20.0,-1,556.000,-0.1054,-0.367
kp20 run1.txt,10,-20.0,-1,557.000,-0.1021,-0.301
kp20 run1.txt,10,-20.0,-1,558.000,-0.1006,-0.272
kp20 run1.txt,10,-20.0,-1,559.000,-0.1014,-0.287
kp20 run1.txt,10,-20.0,-1,560.000,-0.0934,0.41
kp20 run1.txt,10,-20.0,-1,561.000,-0.0996,0.286
kp20 run1.txt,10,-20.0,-1,562.000,-0.0992,0.293
kp20 run1.txt,10,-20.0,-1,563.000,-0.1006,-0.272
kp20 run1.txt,10,-20.0,-1,564.000,-0.0992,0.293
kp20 run1.txt,10,-20.0,-1,565.000,-0.1021,-0.301
kp20 run1.txt,10,-20.0,-1,566.000,-0.1006,-0.272
kp20 run1.txt,10,-20.0,-1,567.000,-0.1006,-0.272
kp20 run1.txt,10,-20.0,-1,568.000,-0.1006,-0.272
kp20 run1.txt,10,-20.0,-1,569.000,-0.1014,-0.287
kp20 run1.txt,10,-20.0,-1,570.000,-0.0963,0.352
kp20 run1.txt,10,-20.0,-1,571.000,-0.0992,0.293
kp20 run1.txt,10,-20.0,-1,572.000,-0.0945,0.388
kp20 run1.txt,10,-20.0,-1,573.000,-0.0999,0.279
kp20 run1.txt,10,-20.0,-1,574.000,-0.0992,0.293
kp20 run1.txt,10,-20.0,-1,575.000,-0.0992,0.293
kp20 run1.txt,10,-20.0,-1,576.000,-0.105,-0.359
kp20 run1.txt,10,-20.0,-1,577.000,-0.0985,0.308
kp20 run1.txt,10,-20.0,-1,578.000,-0.0897,0.483
kp20 run1.txt,10,-20.0,-1,579.000,-0.1116,-0.491
kp20 run1.txt,10,-20.0,-1,580.000,-0.1003,-0.265
kp20 run1.txt,10,-20.0,-1,581.000,-0.1043,-0.345
kp20 run1.txt,10,-20.0,-1,582.000,-0.1006,-0.272
kp20 run1.txt,10,-20.0,-1,583.000,-0.0999,0.279
kp20 run1.txt,10,-20.0,-1,584.000,-0.113,-0.52
kp20 run1.txt,10,-20.0,-1,585.000,-0.1072,-0.403
kp20 run1.txt,10,-20.0,-1,586.000,-0.0955,0.366
kp20 run1.txt,10,-20.0,-1,587.000,-0.0992,0.293
kp20 run1.txt,10,-20.0,-1,588.000,-0.0966,0.344
kp20 run1.txt,10,-20.0,-1,589.000,-0.0955,0.366
kp20 run1.txt,10,-20.0,-1,590.000,-0.1014,-0.287
kp20 run1.txt,10,-20.0,-1,591.000,-0.0977,0.322
kp20 run1.txt,10,-20.0,-1,592.000,-0.1043,-0.345
kp20 run1.txt,10,-20.0,-1,593.000,-0.0992,0.293
kp20 run1.txt,10,-20.0,-1,594.000,-0.0999,0.279
kp20 run1.txt,10,-20.0,-1,595.000,-0.097,0.337
kp20 run1.txt,10,-20.0,-1,596.000,-0.0996,0.286
kp20 run1.txt,10,-20.0,-1,597.000,-0.0992,0.293
kp20 run1.txt,10,-20.0,-1,598.000,-0.0985,0.308
kp20 run1.txt,10,-20.0,-1,599.000,-0.0988,0.301
kp25 run1.txt,21,-25.0,1,0.000,-0.0992,-5.239
kp25 run1.txt,21,-25.0,1,1.000,-0.1065,-5.421
kp25 run1.txt,21,-25.0,1,2.000,-0.0992,-5.239
kp25 run1.txt,21,-25.0,1,3.000,-0.0941,-5.111
kp25 run1.txt,21,-25.0,1,4.000,-0.0985,-5.22
kp25 run1.txt,21,-25.0,1,5.000,-0.0996,-5.248
kp25 run1.txt,21,-25.0,1,6.000,-0.0996,-5.248
kp25 run1.txt,21,-25.0,1,7.000,-0.0934,-5.093
kp25 run1.txt,21,-25.0,1,8.000,-0.0963,-5.166
kp25 run1.txt,21,-25.0,1,9.000,-0.0897,-5.002
kp25 run1.txt,21,-25.0,1,10.000,-0.0879,-4.956
kp25 run1.txt,21,-25.0,1,11.000,-0.0832,-4.838
kp25 run1.txt,21,-25.0,1,12.000,-0.0868,-4.929
kp25 run1.txt,21,-25.0,1,13.000,-0.0733,-4.592
kp25 run1.txt,21,-25.0,1,14.000,-0.0744,-4.619
kp25 run1.txt,21,-25.0,1,15.000,-0.0671,-4.437
kp25 run1.txt,21,-25.0,1,16.000,-0.0635,-4.346
kp25 run1.txt,21,-25.0,1,17.000,-0.0646,-4.373
kp25 run1.txt,21,-25.0,1,18.000,-0.0547,-4.127
kp25 run1.txt,21,-25.0,1,19.000,-0.05,-4.008
kp25 run1.txt,21,-25.0,1,20.000,-0.0423,-3.817
kp25 run1.txt,21,-25.0,1,21.000,-0.0416,-3.799
kp25 run1.txt,21,-25.0,1,22.000,-0.0365,-3.671
kp25 run1.txt,21,-25.0,1,23.000,-0.0314,-3.544
kp25 run1.txt,21,-25.0,1,24.000,-0.0263,-3.416
kp25 run1.txt,21,-25.0,1,25.000,0.0007,-2.742
kp25 run1.txt,21,-25.0,1,26.000,-0.0179,-3.207
kp25 run1.txt,21,-25.0,1,27.000,-0.0059,-2.906
kp25 run1.txt,21,-25.0,1,28.000,-0.0059,-2.906
kp25 run1.txt,21,-25.0,1,29.000,-0.003,-2.833
kp25 run1.txt,21,-25.0,1,30.000,0.004,-2.66
kp25 run1.txt,21,-25.0,1,31.000,0.0102,-2.505
kp25 run1.txt,21,-25.0,1,32.000,0.0138,-2.414
kp25 run1.txt,21,-25.0,1,33.000,0.0204,-2.25
kp25 run1.txt,21,-25.0,1,34.000,0.0291,-2.031
kp25 run1.txt,21,-25.0,1,35.000,0.0262,-2.104
kp25 run1.txt,21,-25.0,1,36.000,0.0339,-1.912
kp25 run1.txt,21,-25.0,1,37.000,0.0386,-1.794
kp25 run1.txt,21,-25.0,1,38.000,0.039,-1.785
kp25 run1.txt,21,-25.0,1,39.000,0.0452,-1.63
kp25 run1.txt,21,-25.0,1,40.000,0.051,-1.484
kp25 run1.txt,21,-25.0,1,41.000,0.0554,-1.375
kp25 run1.txt,21,-25.0,1,42.000,0.0608,-1.238
kp25 run1.txt,21,-25.0,1,43.000,0.0641,-1.156
kp25 run1.txt,21,-25.0,1,44.000,0.0663,-1.101
kp25 run1.txt,21,-25.0,1,45.000,0.0707,-0.992
kp25 run1.txt,21,-25.0,1,46.000,0.0699,-1.01
kp25 run1.txt,21,-25.0,1,47.000,0.0783,-0.801
kp25 run1.txt,21,-25.0,1,48.000,0.0838,-0.664
kp25 run1.txt,21,-25.0,1,49.000,0.0882,-0.555
kp25 run1.txt,21,-25.0,1,50.000,0.0904,-0.5
kp25 run1.txt,21,-25.0,1,51.000,0.0955,-0.372
kp25 run1.txt,21,-25.0,1,52.000,0.0958,-0.363
kp25 run1.txt,21,-25.0,1,53.000,0.1071,0.455
kp25 run1.txt,21,-25.0,1,54.000,0.0929,-0.436
kp25 run1.txt,21,-25.0,1,55.000,0.1071,0.455
kp25 run1.txt,21,-25.0,1,56.000,0.1159,0.674
kp25 run1.txt,21,-25.0,1,57.000,0.1137,0.619
kp25 run1.txt,21,-25.0,1,58.000,0.1283,0.984
kp25 run1.txt,21,-25.0,1,59.000,0.1181,0.729
kp25 run1.txt,21,-25.0,1,60.000,0.1166,0.692
kp25 run1.txt,21,-25.0,1,61.000,0.1232,0.856
kp25 run1.txt,21,-25.0,1,62.000,0.1224,0.838
kp25 run1.txt,21,-25.0,1,63.000,0.125,0.902
kp25 run1.txt,21,-25.0,1,64.000,0.1254,0.911
kp25 run1.txt,21,-25.0,1,65.000,0.1268,0.947
kp25 run1.txt,21,-25.0,1,66.000,0.1326,1.093
kp25 run1.txt,21,-25.0,1,67.000,0.129,1.002
kp25 run1.txt,21,-25.0,1,68.000,0.1403,1.284
kp25 run1.txt,21,-25.0,1,69.000,0.1323,1.084
kp25 run1.txt,21,-25.0,1,70.000,0.1305,1.038
kp25 run1.txt,21,-25.0,1,71.000,0.1367,1.193
kp25 run1.txt,21,-25.0,1,72.000,0.1377,1.221
kp25 run1.txt,21,-25.0,1,73.000,0.1348,1.148
kp25 run1.txt,21,-25.0,1,74.000,0.1326,1.093
kp25 run1.txt,21,-25.0,1,75.000,0.133,1.102
kp25 run1.txt,21,-25.0,1,76.000,0.133,1.102
kp25 run1.txt,21,-25.0,1,77.000,0.1337,1.12
kp25 run1.txt,21,-25.0,1,78.000,0.1392,1.257
kp25 run1.txt,21,-25.0,1,79.000,0.1312,1.057
kp25 run1.txt,21,-25.0,1,80.000,0.1341,1.13
kp25 run1.txt,21,-25.0,1,81.000,0.1341,1.13
kp25 run1.txt,21,-25.0,1,82.000,0.1316,1.066
kp25 run1.txt,21,-25.0,1,83.000,0.1341,1.13
kp25 run1.txt,21,-25.0,1,84.000,0.133,1.102
kp25 run1.txt,21,-25.0,1,85.000,0.1283,0.984
kp25 run1.txt,21,-25.0,1,86.000,0.1348,1.148
kp25 run1.txt,21,-25.0,1,87.000,0.1341,1.13
kp25 run1.txt,21,-25.0,1,88.000,0.129,1.002
kp25 run1.txt,21,-25.0,1,89.000,0.1399,1.275
kp25 run1.txt,21,-25.0,1,90.000,0.1312,1.057
kp25 run1.txt,21,-25.0,1,91.000,0.1326,1.093
kp25 run1.txt,21,-25.0,1,92.000,0.1297,1.02
kp25 run1.txt,21,-25.0,1,93.000,0.1275,0.966
kp25 run1.txt,21,-25.0,1,94.000,0.1232,0.856
kp25 run1.txt,21,-25.0,1,95.000,0.1254,0.911
kp25 run1.txt,21,-25.0,1,96.000,0.1261,0.929
kp25 run1.txt,21,-25.0,1,97.000,0.1133,0.61
kp25 run1.txt,21,-25.0,1,98.000,0.1221,0.829
kp25 run1.txt,21,-25.0,1,99.000,0.1224,0.838
kp25 run1.txt,21,-25.0,1,100.000,0.1203,0.783
kp25 run1.txt,21,-25.0,1,101.000,0.1195,0.765
kp25 run1.txt,21,-25.0,1,102.000,0.1224,0.838
kp25 run1.txt,21,-25.0,1,103.000,0.1173,0.71
kp25 run1.txt,21,-25.0,1,104.000,0.1173,0.71
kp25 run1.txt,21,-25.0,1,105.000,0.1203,0.783
kp25 run1.txt,21,-25.0,1,106.000,0.1111,0.555
kp25 run1.txt,21,-25.0,1,107.000,0.113,0.601
kp25 run1.txt,21,-25.0,1,108.000,0.1137,0.619
kp25 run1.txt,21,-25.0,1,109.000,0.1144,0.637
kp25 run1.txt,21,-25.0,1,110.000,0.1079,0.473
kp25 run1.txt,21,-25.0,1,111.000,0.1079,0.473
kp25 run1.txt,21,-25.0,1,112.000,0.1028,0.346
kp25 run1.txt,21,-25.0,1,113.000,0.1057,0.419
kp25 run1.txt,21,-25.0,1,114.000,0.0772,-0.828
kp25 run1.txt,21,-25.0,1,115.000,0.1068,0.446
kp25 run1.txt,21,-25.0,1,116.000,0.1079,0.473
kp25 run1.txt,21,-25.0,1,117.000,0.1028,0.346
kp25 run1.txt,21,-25.0,1,118.000,0.1046,0.391
kp25 run1.txt,21,-25.0,1,119.000,0.1031,0.355
kp25 run1.txt,21,-25.0,1,120.000,0.1173,0.71
kp25 run1.txt,21,-25.0,1,121.000,0.1006,0.291
kp25 run1.txt,21,-25.0,1,122.000,0.0998,-0.263
kp25 run1.txt,21,-25.0,1,123.000,0.0922,-0.454
kp25 run1.txt,21,-25.0,1,124.000,0.0969,-0.336
kp25 run1.txt,21,-25.0,1,125.000,0.0882,-0.555
kp25 run1.txt,21,-25.0,1,126.000,0.1006,0.291
kp25 run1.txt,21,-25.0,1,127.000,0.0995,-0.272
kp25 run1.txt,21,-25.0,1,128.000,0.0977,-0.318
kp25 run1.txt,21,-25.0,1,129.000,0.0955,-0.372
kp25 run1.txt,21,-25.0,1,130.000,0.0973,-0.327
kp25 run1.txt,21,-25.0,1,131.000,0.0958,-0.363
kp25 run1.txt,21,-25.0,1,132.000,0.094,-0.409
kp25 run1.txt,21,-25.0,1,133.000,0.0995,-0.272
kp25 run1.txt,21,-25.0,1,134.000,0.0958,-0.363
kp25 run1.txt,21,-25.0,1,135.000,0.094,-0.409
kp25 run1.txt,21,-25.0,1,136.000,0.0955,-0.372
kp25 run1.txt,21,-25.0,1,137.000,0.0955,-0.372
kp25 run1.txt,21,-25.0,1,138.000,0.0845,-0.646
kp25 run1.txt,21,-25.0,1,139.000,0.0911,-0.482
kp25 run1.txt,21,-25.0,1,140.000,0.0882,-0.555
kp25 run1.txt,21,-25.0,1,141.000,0.0933,-0.427
kp25 run1.txt,21,-25.0,1,142.000,0.0787,-0.792
kp25 run1.txt,21,-25.0,1,143.000,0.0933,-0.427
kp25 run1.txt,21,-25.0,1,144.000,0.094,-0.409
kp25 run1.txt,21,-25.0,1,145.000,0.0933,-0.427
kp25 run1.txt,21,-25.0,1,146.000,0.0998,-0.263
kp25 run1.txt,21,-25.0,1,147.000,0.0918,-0.464
kp25 run1.txt,21,-25.0,1,148.000,0.0933,-0.427
kp25 run1.txt,21,-25.0,1,149.000,0.0947,-0.391
kp25 run1.txt,21,-25.0,1,150.000,0.0969,-0.336
kp25 run1.txt,21,-25.0,1,151.000,0.0904,-0.5
kp25 run1.txt,21,-25.0,1,152.000,0.0947,-0.391
kp25 run1.txt,21,-25.0,1,153.000,0.0893,-0.527
kp25 run1.txt,21,-25.0,1,154.000,0.0947,-0.391
kp25 run1.txt,21,-25.0,1,155.000,0.0969,-0.336
kp25 run1.txt,21,-25.0,1,156.000,0.0904,-0.5
kp25 run1.txt,21,-25.0,1,157.000,0.0845,-0.646
kp25 run1.txt,21,-25.0,1,158.000,0.0947,-0.391
kp25 run1.txt,21,-25.0,1,159.000,0.0947,-0.391
kp25 run1.txt,21,-25.0,1,160.000,0.0947,-0.391
kp25 run1.txt,21,-25.0,1,161.000,0.0962,-0.354
kp25 run1.txt,21,-25.0,1,162.000,0.1108,0.546
kp25 run1.txt,21,-25.0,1,163.000,0.0904,-0.5
kp25 run1.txt,21,-25.0,1,164.000,0.0955,-0.372
kp25 run1.txt,21,-25.0,1,165.000,0.0918,-0.464
kp25 run1.txt,21,-25.0,1,166.000,0.0973,-0.327
kp25 run1.txt,21,-25.0,1,167.000,0.0933,-0.427
kp25 run1.txt,21,-25.0,1,168.000,0.0969,-0.336
kp25 run1.txt,21,-25.0,1,169.000,0.0977,-0.318
kp25 run1.txt,21,-25.0,1,170.000,0.0998,-0.263
kp25 run1.txt,21,-25.0,1,171.000,0.102,0.328
kp25 run1.txt,21,-25.0,1,172.000,0.0977,-0.318
kp25 run1.txt,21,-25.0,1,173.000,0.1068,0.446
kp25 run1.txt,21,-25.0,1,174.000,0.1028,0.346
kp25 run1.txt,21,-25.0,1,175.000,0.102,0.328
kp25 run1.txt,21,-25.0,1,176.000,0.1031,0.355
kp25 run1.txt,21,-25.0,1,177.000,0.0977,-0.318
kp25 run1.txt,21,-25.0,1,178.000,0.0871,-0.582
kp25 run1.txt,21,-25.0,1,179.000,0.0998,-0.263
kp25 run1.txt,21,-25.0,1,180.000,0.102,0.328
kp25 run1.txt,21,-25.0,1,181.000,0.0998,-0.263
kp25 run1.txt,21,-25.0,1,182.000,0.0969,-0.336
kp25 run1.txt,21,-25.0,1,183.000,0.1013,0.309
kp25 run1.txt,21,-25.0,1,184.000,0.1013,0.309
kp25 run1.txt,21,-25.0,1,185.000,0.1028,0.346
kp25 run1.txt,21,-25.0,1,186.000,0.1006,0.291
kp25 run1.txt,21,-25.0,1,187.000,0.102,0.328
kp25 run1.txt,21,-25.0,1,188.000,0.1057,0.419
kp25 run1.txt,21,-25.0,1,189.000,0.0991,-0.281
kp25 run1.txt,21,-25.0,1,190.000,0.102,0.328
kp25 run1.txt,21,-25.0,1,191.000,0.1006,0.291
kp25 run1.txt,21,-25.0,1,192.000,0.1002,0.282
kp25 run1.txt,21,-25.0,1,193.000,0.1028,0.346
kp25 run1.txt,21,-25.0,1,194.000,0.0998,-0.263
kp25 run1.txt,21,-25.0,1,195.000,0.1009,0.3
kp25 run1.txt,21,-25.0,1,196.000,0.1017,0.319
kp25 run1.txt,21,-25.0,1,197.000,0.0998,-0.263
kp25 run1.txt,21,-25.0,1,198.000,0.1017,0.319
kp25 run1.txt,21,-25.0,1,199.000,0.1028,0.346
kp25 run1.txt,21,-25.0,1,200.000,0.1013,0.309
kp25 run1.txt,21,-25.0,1,201.000,0.0991,-0.281
kp25 run1.txt,21,-25.0,1,202.000,0.102,0.328
kp25 run1.txt,21,-25.0,1,203.000,0.1017,0.319
kp25 run1.txt,21,-25.0,1,204.000,0.1017,0.319
kp25 run1.txt,21,-25.0,1,205.000,0.1097,0.519
kp25 run1.txt,21,-25.0,1,206.000,0.0998,-0.263
kp25 run1.txt,21,-25.0,1,207.000,0.0882,-0.555
kp25 run1.txt,21,-25.0,1,208.000,0.1035,0.364
kp25 run1.txt,21,-25.0,1,209.000,0.1028,0.346
kp25 run1.txt,21,-25.0,1,210.000,0.102,0.328
kp25 run1.txt,21,-25.0,1,211.000,0.1155,0.665
kp25 run1.txt,21,-25.0,1,212.000,0.102,0.328
kp25 run1.txt,21,-25.0,1,213.000,0.1013,0.309
kp25 run1.txt,21,-25.0,1,214.000,0.1064,0.437
kp25 run1.txt,21,-25.0,1,215.000,0.1006,0.291
kp25 run1.txt,21,-25.0,1,216.000,0.1028,0.346
kp25 run1.txt,21,-25.0,1,217.000,0.1013,0.309
kp25 run1.txt,21,-25.0,1,218.000,0.102,0.328
kp25 run1.txt,21,-25.0,1,219.000,0.1028,0.346
kp25 run1.txt,21,-25.0,1,220.000,0.102,0.328
kp25 run1.txt,21,-25.0,1,221.000,0.0977,-0.318
kp25 run1.txt,21,-25.0,1,222.000,0.1028,0.346
kp25 run1.txt,21,-25.0,1,223.000,0.0998,-0.263
kp25 run1.txt,21,-25.0,1,224.000,0.1028,0.346
kp25 run1.txt,21,-25.0,1,225.000,0.0991,-0.281
kp25 run1.txt,21,-25.0,1,226.000,0.0977,-0.318
kp25 run1.txt,21,-25.0,1,227.000,0.1013,0.309
kp25 run1.txt,21,-25.0,1,228.000,0.1035,0.364
kp25 run1.txt,21,-25.0,1,229.000,0.1013,0.309
kp25 run1.txt,21,-25.0,1,230.000,0.1071,0.455
kp25 run1.txt,21,-25.0,1,231.000,0.1013,0.309
kp25 run1.txt,21,-25.0,1,232.000,0.1028,0.346
kp25 run1.txt,21,-25.0,1,233.000,0.0998,-0.263
kp25 run1.txt,21,-25.0,1,234.000,0.102,0.328
kp25 run1.txt,21,-25.0,1,235.000,0.0933,-0.427
kp25 run1.txt,21,-25.0,1,236.000,0.102,0.328
kp25 run1.txt,21,-25.0,1,237.000,0.0998,-0.263
kp25 run1.txt,21,-25.0,1,238.000,0.0984,-0.3
kp25 run1.txt,21,-25.0,1,239.000,0.0991,-0.281
kp25 run1.txt,21,-25.0,1,240.000,0.1006,0.291
kp25 run1.txt,21,-25.0,1,241.000,0.0991,-0.281
kp25 run1.txt,21,-25.0,1,242.000,0.1064,0.437
kp25 run1.txt,21,-25.0,1,243.000,0.0991,-0.281
kp25 run1.txt,21,-25.0,1,244.000,0.0969,-0.336
kp25 run1.txt,21,-25.0,1,245.000,0.1013,0.309
kp25 run1.txt,21,-25.0,1,246.000,0.0998,-0.263
kp25 run1.txt,21,-25.0,1,247.000,0.1006,0.291
kp25 run1.txt,21,-25.0,1,248.000,0.1028,0.346
kp25 run1.txt,21,-25.0,1,249.000,0.102,0.328
kp25 run1.txt,21,-25.0,1,250.000,0.094,-0.409
kp25 run1.txt,21,-25.0,1,251.000,0.0995,-0.272
kp25 run1.txt,21,-25.0,1,252.000,0.1009,0.3
kp25 run1.txt,21,-25.0,1,253.000,0.1013,0.309
kp25 run1.txt,21,-25.0,1,254.000,0.1028,0.346
kp25 run1.txt,21,-25.0,1,255.000,0.0998,-0.263
kp25 run1.txt,21,-25.0,1,256.000,0.0984,-0.3
kp25 run1.txt,21,-25.0,1,257.000,0.0987,-0.29
kp25 run1.txt,21,-25.0,1,258.000,0.0977,-0.318
kp25 run1.txt,21,-25.0,1,259.000,0.0998,-0.263
kp25 run1.txt,21,-25.0,1,260.000,0.1042,0.382
kp25 run1.txt,21,-25.0,1,261.000,0.0991,-0.281
kp25 run1.txt,21,-25.0,1,262.000,0.1079,0.473
kp25 run1.txt,21,-25.0,1,263.000,0.1166,0.692
kp25 run1.txt,21,-25.0,1,264.000,0.1006,0.291
kp25 run1.txt,21,-25.0,1,265.000,0.1006,0.291
kp25 run1.txt,21,-25.0,1,266.000,0.102,0.328
kp25 run1.txt,21,-25.0,1,267.000,0.1009,0.3
kp25 run1.txt,21,-25.0,1,268.000,0.1006,0.291
kp25 run1.txt,21,-25.0,1,269.000,0.0998,-0.263
kp25 run1.txt,21,-25.0,1,270.000,0.1093,0.51
kp25 run1.txt,21,-25.0,1,271.000,0.0991,-0.281
kp25 run1.txt,21,-25.0,1,272.000,0.0998,-0.263
kp25 run1.txt,21,-25.0,1,273.000,0.1013,0.309
kp25 run1.txt,21,-25.0,1,274.000,0.0991,-0.281
kp25 run1.txt,21,-25.0,1,275.000,0.1006,0.291
kp25 run1.txt,21,-25.0,1,276.000,0.0998,-0.263
kp25 run1.txt,21,-25.0,1,277.000,0.0998,-0.263
kp25 run1.txt,21,-25.0,1,278.000,0.0987,-0.29
kp25 run1.txt,21,-25.0,1,279.000,0.0998,-0.263
kp25 run1.txt,21,-25.0,1,280.000,0.1104,0.537
kp25 run1.txt,21,-25.0,1,281.000,0.0998,-0.263
kp25 run1.txt,21,-25.0,1,282.000,0.0998,-0.263
kp25 run1.txt,21,-25.0,1,283.000,0.0987,-0.29
kp25 run1.txt,21,-25.0,1,284.000,0.0991,-0.281
kp25 run1.txt,21,-25.0,1,285.000,0.0984,-0.3
kp25 run1.txt,21,-25.0,1,286.000,0.1049,0.401
kp25 run1.txt,21,-25.0,1,287.000,0.1035,0.364
kp25 run1.txt,21,-25.0,1,288.000,0.0998,-0.263
kp25 run1.txt,21,-25.0,1,289.000,0.0962,-0.354
kp25 run1.txt,21,-25.0,1,290.000,0.0984,-0.3
kp25 run1.txt,21,-25.0,1,291.000,0.0955,-0.372
kp25 run1.txt,21,-25.0,1,292.000,0.1009,0.3
kp25 run1.txt,21,-25.0,1,293.000,0.1013,0.309
kp25 run1.txt,21,-25.0,1,294.000,0.0987,-0.29
kp25 run1.txt,21,-25.0,1,295.000,0.0998,-0.263
kp25 run1.txt,21,-25.0,1,296.000,0.0998,-0.263
kp25 run1.txt,21,-25.0,1,297.000,0.0882,-0.555
kp25 run1.txt,21,-25.0,1,298.000,0.1028,0.346
kp25 run1.txt,21,-25.0,1,299.000,0.1017,0.319
kp25 run1.txt,21,-25.0,1,300.000,0.0984,-0.3
kp25 run1.txt,21,-25.0,1,301.000,0.1013,0.309
kp25 run1.txt,21,-25.0,1,302.000,0.0984,-0.3
kp25 run1.txt,21,-25.0,1,303.000,0.094,-0.409
kp25 run1.txt,21,-25.0,1,304.000,0.1028,0.346
kp25 run1.txt,21,-25.0,1,305.000,0.1009,0.3
kp25 run1.txt,21,-25.0,1,306.000,0.0969,-0.336
kp25 run1.txt,21,-25.0,1,307.000,0.1006,0.291
kp25 run1.txt,21,-25.0,1,308.000,0.0991,-0.281
kp25 run1.txt,21,-25.0,1,309.000,0.0977,-0.318
kp25 run1.txt,21,-25.0,1,310.000,0.0987,-0.29
kp25 run1.txt,21,-25.0,1,311.000,0.102,0.328
kp25 run1.txt,21,-25.0,1,312.000,0.0991,-0.281
kp25 run1.txt,21,-25.0,1,313.000,0.1024,0.337
kp25 run1.txt,21,-25.0,1,314.000,0.1013,0.309
kp25 run1.txt,21,-25.0,1,315.000,0.1042,0.382
kp25 run1.txt,21,-25.0,1,316.000,0.1013,0.309
kp25 run1.txt,21,-25.0,1,317.000,0.1017,0.319
kp25 run1.txt,21,-25.0,1,318.000,0.1031,0.355
kp25 run1.txt,21,-25.0,1,319.000,0.0991,-0.281
kp25 run1.txt,21,-25.0,1,320.000,0.0998,-0.263
kp25 run1.txt,21,-25.0,1,321.000,0.1006,0.291
kp25 run1.txt,21,-25.0,1,322.000,0.1071,0.455
kp25 run1.txt,21,-25.0,1,323.000,0.1028,0.346
kp25 run1.txt,21,-25.0,1,324.000,0.1035,0.364
kp25 run1.txt,21,-25.0,1,325.000,0.0991,-0.281
kp25 run1.txt,21,-25.0,1,326.000,0.0998,-0.263
kp25 run1.txt,21,-25.0,1,327.000,0.1006,0.291
kp25 run1.txt,21,-25.0,1,328.000,0.0998,-0.263
kp25 run1.txt,21,-25.0,1,329.000,0.0991,-0.281
kp25 run1.txt,21,-25.0,1,330.000,0.0991,-0.281
kp25 run1.txt,21,-25.0,1,331.000,0.0867,-0.591
kp25 run1.txt,21,-25.0,1,332.000,0.1006,0.291
kp25 run1.txt,21,-25.0,1,333.000,0.0947,-0.391
kp25 run1.txt,21,-25.0,1,334.000,0.0991,-0.281
kp25 run1.txt,21,-25.0,1,335.000,0.1013,0.309
kp25 run1.txt,21,-25.0,1,336.000,0.1017,0.319
kp25 run1.txt,21,-25.0,1,337.000,0.082,-0.71
kp25 run1.txt,21,-25.0,1,338.000,0.0969,-0.336
kp25 run1.txt,21,-25.0,1,339.000,0.1122,0.583
kp25 run1.txt,21,-25.0,1,340.000,0.1017,0.319
kp25 run1.txt,21,-25.0,1,341.000,0.1006,0.291
kp25 run1.txt,21,-25.0,1,342.000,0.1006,0.291
kp25 run1.txt,21,-25.0,1,343.000,0.0998,-0.263
kp25 run1.txt,21,-25.0,1,344.000,0.1013,0.309
kp25 run1.txt,21,-25.0,1,345.000,0.0998,-0.263
kp25 run1.txt,21,-25.0,1,346.000,0.1013,0.309
kp25 run1.txt,21,-25.0,1,347.000,0.0987,-0.29
kp25 run1.txt,21,-25.0,1,348.000,0.0998,-0.263
kp25 run1.txt,21,-25.0,1,349.000,0.1006,0.291
kp25 run1.txt,21,-25.0,1,350.000,0.0998,-0.263
kp25 run1.txt,21,-25.0,1,351.000,0.0984,-0.3
kp25 run1.txt,21,-25.0,1,352.000,0.0984,-0.3
kp25 run1.txt,21,-25.0,1,353.000,0.1013,0.309
kp25 run1.txt,21,-25.0,1,354.000,0.0984,-0.3
kp25 run1.txt,21,-25.0,1,355.000,0.1017,0.319
kp25 run1.txt,21,-25.0,1,356.000,0.1006,0.291
kp25 run1.txt,21,-25.0,1,357.000,0.1006,0.291
kp25 run1.txt,21,-25.0,1,358.000,0.1006,0.291
kp25 run1.txt,21,-25.0,1,359.000,0.102,0.328
kp25 run1.txt,21,-25.0,1,360.000,0.0998,-0.263
kp25 run1.txt,21,-25.0,1,361.000,0.1006,0.291
kp25 run1.txt,21,-25.0,1,362.000,0.0845,-0.646
kp25 run1.txt,21,-25.0,1,363.000,0.0998,-0.263
kp25 run1.txt,21,-25.0,1,364.000,0.0998,-0.263
kp25 run1.txt,21,-25.0,1,365.000,0.0998,-0.263
kp25 run1.txt,21,-25.0,1,366.000,0.0998,-0.263
kp25 run1.txt,21,-25.0,1,367.000,0.1035,0.364
kp25 run1.txt,21,-25.0,1,368.000,0.1009,0.3
kp25 run1.txt,21,-25.0,1,369.000,0.0947,-0.391
kp25 run1.txt,21,-25.0,1,370.000,0.0991,-0.281
kp25 run1.txt,21,-25.0,1,371.000,0.1006,0.291
kp25 run1.txt,21,-25.0,1,372.000,0.0882,-0.555
kp25 run1.txt,21,-25.0,1,373.000,0.0984,-0.3
kp25 run1.txt,21,-25.0,1,374.000,0.1006,0.291
kp25 run1.txt,21,-25.0,1,375.000,0.102,0.328
kp25 run1.txt,21,-25.0,1,376.000,0.1002,0.282
kp25 run1.txt,21,-25.0,1,377.000,0.1017,0.319
kp25 run1.txt,21,-25.0,1,378.000,0.0998,-0.263
kp25 run1.txt,21,-25.0,1,379.000,0.1006,0.291
kp25 run1.txt,21,-25.0,1,380.000,0.1042,0.382
kp25 run1.txt,21,-25.0,1,381.000,0.0991,-0.281
kp25 run1.txt,21,-25.0,1,382.000,0.1006,0.291
kp25 run1.txt,21,-25.0,1,383.000,0.1006,0.291
kp25 run1.txt,21,-25.0,1,384.000,0.0918,-0.464
kp25 run1.txt,21,-25.0,1,385.000,0.0998,-0.263
kp25 run1.txt,21,-25.0,1,386.000,0.0955,-0.372
kp25 run1.txt,21,-25.0,1,387.000,0.1013,0.309
kp25 run1.txt,21,-25.0,1,388.000,0.0998,-0.263
kp25 run1.txt,21,-25.0,1,389.000,0.0998,-0.263
kp25 run1.txt,21,-25.0,1,390.000,0.1082,0.483
kp25 run1.txt,21,-25.0,1,391.000,0.1006,0.291
kp25 run1.txt,21,-25.0,1,392.000,0.0998,-0.263
kp25 run1.txt,21,-25.0,1,393.000,0.102,0.328
kp25 run1.txt,21,-25.0,1,394.000,0.0845,-0.646
kp25 run1.txt,21,-25.0,1,395.000,0.0962,-0.354
kp25 run1.txt,21,-25.0,1,396.000,0.0962,-0.354
kp25 run1.txt,21,-25.0,1,397.000,0.1013,0.309
kp25 run1.txt,21,-25.0,1,398.000,0.0998,-0.263
kp25 run1.txt,21,-25.0,1,399.000,0.0998,-0.263
kp25 run1.txt,21,-25.0,1,400.000,0.0958,-0.363
kp25 run1.txt,21,-25.0,1,401.000,0.1006,0.291
kp25 run1.txt,21,-25.0,1,402.000,0.0991,-0.281
kp25 run1.txt,21,-25.0,1,403.000,0.1006,0.291
kp25 run1.txt,21,-25.0,1,404.000,0.1049,0.401
kp25 run1.txt,21,-25.0,1,405.000,0.0991,-0.281
kp25 run1.txt,21,-25.0,1,406.000,0.0998,-0.263
kp25 run1.txt,21,-25.0,1,407.000,0.0998,-0.263
kp25 run1.txt,21,-25.0,1,408.000,0.1013,0.309
kp25 run1.txt,21,-25.0,1,409.000,0.0991,-0.281
kp25 run1.txt,21,-25.0,1,410.000,0.0977,-0.318
kp25 run1.txt,21,-25.0,1,411.000,0.1013,0.309
kp25 run1.txt,21,-25.0,1,412.000,0.0991,-0.281
kp25 run1.txt,21,-25.0,1,413.000,0.0991,-0.281
kp25 run1.txt,21,-25.0,1,414.000,0.1017,0.319
kp25 run1.txt,21,-25.0,1,415.000,0.0864,-0.6
kp25 run1.txt,21,-25.0,1,416.000,0.0991,-0.281
kp25 run1.txt,21,-25.0,1,417.000,0.1024,0.337
kp25 run1.txt,21,-25.0,1,418.000,0.1013,0.309
kp25 run1.txt,21,-25.0,1,419.000,0.0998,-0.263
kp25 run1.txt,21,-25.0,1,420.000,0.0991,-0.281
kp25 run1.txt,21,-25.0,1,421.000,0.1006,0.291
kp25 run1.txt,21,-25.0,1,422.000,0.102,0.328
kp25 run1.txt,21,-25.0,1,423.000,0.1006,0.291
kp25 run1.txt,21,-25.0,1,424.000,0.0977,-0.318
kp25 run1.txt,21,-25.0,1,425.000,0.0991,-0.281
kp25 run1.txt,21,-25.0,1,426.000,0.1006,0.291
kp25 run1.txt,21,-25.0,1,427.000,0.1006,0.291
kp25 run1.txt,21,-25.0,1,428.000,0.0991,-0.281
kp25 run1.txt,21,-25.0,1,429.000,0.0998,-0.263
kp25 run1.txt,21,-25.0,1,430.000,0.1035,0.364
kp25 run1.txt,21,-25.0,1,431.000,0.1006,0.291
kp25 run1.txt,21,-25.0,1,432.000,0.0987,-0.29
kp25 run1.txt,21,-25.0,1,433.000,0.0984,-0.3
kp25 run1.txt,21,-25.0,1,434.016,0.1017,0.319
kp25 run1.txt,21,-25.0,1,435.000,0.1006,0.291
kp25 run1.txt,21,-25.0,1,436.000,0.0998,-0.263
kp25 run1.txt,21,-25.0,1,437.000,0.1038,0.373
kp25 run1.txt,21,-25.0,1,438.000,0.1006,0.291
kp25 run1.txt,21,-25.0,1,439.000,0.1006,0.291
kp25 run1.txt,21,-25.0,1,440.000,0.0991,-0.281
kp25 run1.txt,21,-25.0,1,441.000,0.0991,-0.281
kp25 run1.txt,21,-25.0,1,442.000,0.0977,-0.318
kp25 run1.txt,21,-25.0,1,443.000,0.1009,0.3
kp25 run1.txt,21,-25.0,1,444.000,0.0998,-0.263
kp25 run1.txt,21,-25.0,1,445.000,0.1064,0.437
kp25 run1.txt,21,-25.0,1,446.000,0.0918,-0.464
kp25 run1.txt,21,-25.0,1,447.000,0.0991,-0.281
kp25 run1.txt,21,-25.0,1,448.000,0.0998,-0.263
kp25 run1.txt,21,-25.0,1,449.000,0.1046,0.391
kp25 run1.txt,21,-25.0,1,450.000,0.0998,-0.263
kp25 run1.txt,21,-25.0,1,451.000,0.0998,-0.263
kp25 run1.txt,21,-25.0,1,452.000,0.1017,0.319
kp25 run1.txt,21,-25.0,1,453.000,0.1009,0.3
kp25 run1.txt,21,-25.0,1,454.000,0.1006,0.291
kp25 run1.txt,21,-25.0,1,455.000,0.0998,-0.263
kp25 run1.txt,21,-25.0,1,456.000,0.0998,-0.263
kp25 run1.txt,21,-25.0,1,457.000,0.1013,0.309
kp25 run1.txt,21,-25.0,1,458.000,0.0998,-0.263
kp25 run1.txt,21,-25.0,1,459.000,0.0984,-0.3
kp25 run1.txt,21,-25.0,1,460.000,0.1006,0.291
kp25 run1.txt,21,-25.0,1,461.000,0.1028,0.346
kp25 run1.txt,21,-25.0,1,462.000,0.0962,-0.354
kp25 run1.txt,21,-25.0,1,463.000,0.1006,0.291
kp25 run1.txt,21,-25.0,1,464.000,0.0998,-0.263
kp25 run1.txt,21,-25.0,1,465.000,0.1031,0.355
kp25 run1.txt,21,-25.0,1,466.000,0.0995,-0.272
kp25 run1.txt,21,-25.0,1,467.000,0.0984,-0.3
kp25 run1.txt,21,-25.0,1,468.000,0.0998,-0.263
kp25 run1.txt,21,-25.0,1,469.000,0.0991,-0.281
kp25 run1.txt,21,-25.0,1,470.000,0.1009,0.3
kp25 run1.txt,21,-25.0,1,471.000,0.0998,-0.263
kp25 run1.txt,21,-25.0,1,472.000,0.1024,0.337
kp25 run1.txt,21,-25.0,1,473.000,0.0998,-0.263
kp25 run1.txt,21,-25.0,1,474.000,0.0998,-0.263
kp25 run1.txt,21,-25.0,1,475.000,0.1017,0.319
kp25 run1.txt,21,-25.0,1,476.000,0.0998,-0.263
kp25 run1.txt,21,-25.0,1,477.000,0.0991,-0.281
kp25 run1.txt,21,-25.0,1,478.000,0.0907,-0.491
kp25 run1.txt,21,-25.0,1,479.000,0.0925,-0.445
kp25 run1.txt,21,-25.0,1,480.000,0.0998,-0.263
kp25 run1.txt,21,-25.0,1,481.000,0.102,0.328
kp25 run1.txt,21,-25.0,1,482.000,0.1181,0.729
kp25 run1.txt,21,-25.0,1,483.000,0.0998,-0.263
kp25 run1.txt,21,-25.0,1,484.000,0.0991,-0.281
kp25 run1.txt,21,-25.0,1,485.000,0.0933,-0.427
kp25 run1.txt,21,-25.0,1,486.000,0.1006,0.291
kp25 run1.txt,21,-25.0,1,487.000,0.1013,0.309
kp25 run1.txt,21,-25.0,1,488.000,0.1086,0.492
kp25 run1.txt,21,-25.0,1,489.000,0.1009,0.3
kp25 run1.txt,21,-25.0,1,490.000,0.0977,-0.318
kp25 run1.txt,21,-25.0,1,491.000,0.0998,-0.263
kp25 run1.txt,21,-25.0,1,492.000,0.1017,0.319
kp25 run1.txt,21,-25.0,1,493.000,0.0904,-0.5
kp25 run1.txt,21,-25.0,1,494.000,0.0966,-0.345
kp25 run1.txt,21,-25.0,1,495.000,0.102,0.328
kp25 run1.txt,21,-25.0,1,496.000,0.0984,-0.3
kp25 run1.txt,21,-25.0,1,497.000,0.102,0.328
kp25 run1.txt,21,-25.0,1,498.000,0.0998,-0.263
kp25 run1.txt,21,-25.0,1,499.000,0.102,0.328
kp25 run1.txt,21,-25.0,1,500.000,0.1009,0.3
kp25 run1.txt,21,-25.0,1,501.000,0.1013,0.309
kp25 run1.txt,21,-25.0,1,502.000,0.0969,-0.336
kp25 run1.txt,21,-25.0,1,503.000,0.0991,-0.281
kp25 run1.txt,21,-25.0,1,504.000,0.0995,-0.272
kp25 run1.txt,21,-25.0,1,505.000,0.1006,0.291
kp25 run1.txt,21,-25.0,1,506.000,0.0962,-0.354
kp25 run1.txt,21,-25.0,1,507.000,0.0991,-0.281
kp25 run1.txt,21,-25.0,1,508.000,0.0991,-0.281
kp25 run1.txt,21,-25.0,1,509.000,0.1009,0.3
kp25 run1.txt,21,-25.0,1,510.000,0.0987,-0.29
kp25 run1.txt,21,-25.0,1,511.000,0.0998,-0.263
kp25 run1.txt,21,-25.0,1,512.000,0.1057,0.419
kp25 run1.txt,21,-25.0,1,513.000,0.0987,-0.29
kp25 run1.txt,21,-25.0,1,514.000,0.0987,-0.29
kp25 run1.txt,21,-25.0,1,515.000,0.1013,0.309
kp25 run1.txt,21,-25.0,1,516.000,0.0998,-0.263
kp25 run1.txt,21,-25.0,1,517.000,0.1006,0.291
kp25 run1.txt,21,-25.0,1,518.000,0.1006,0.291
kp25 run1.txt,21,-25.0,1,519.000,0.1017,0.319
kp25 run1.txt,21,-25.0,1,520.000,0.102,0.328
kp25 run1.txt,21,-25.0,1,521.000,0.1017,0.319
kp25 run1.txt,21,-25.0,1,522.000,0.1013,0.309
kp25 run1.txt,21,-25.0,1,523.000,0.0962,-0.354
kp25 run1.txt,21,-25.0,1,524.000,0.0998,-0.263
kp25 run1.txt,21,-25.0,1,525.000,0.0991,-0.281
kp25 run1.txt,21,-25.0,1,526.000,0.0991,-0.281
kp25 run1.txt,21,-25.0,1,527.000,0.0998,-0.263
kp25 run1.txt,21,-25.0,1,528.000,0.0998,-0.263
kp25 run1.txt,21,-25.0,1,529.000,0.1013,0.309
kp25 run1.txt,21,-25.0,1,530.000,0.1006,0.291
kp25 run1.txt,21,-25.0,1,531.000,0.1028,0.346
kp25 run1.txt,21,-25.0,1,532.000,0.0991,-0.281
kp25 run1.txt,21,-25.0,1,533.000,0.1006,0.291
kp25 run1.txt,21,-25.0,1,534.000,0.0998,-0.263
kp25 run1.txt,21,-25.0,1,535.000,0.1035,0.364
kp25 run1.txt,21,-25.0,1,536.000,0.102,0.328
kp25 run1.txt,21,-25.0,1,537.000,0.102,0.328
kp25 run1.txt,21,-25.0,1,538.000,0.102,0.328
kp25 run1.txt,21,-25.0,1,539.000,0.0962,-0.354
kp25 run1.txt,21,-25.0,1,540.000,0.1006,0.291
kp25 run1.txt,21,-25.0,1,541.000,0.0998,-0.263
kp25 run1.txt,21,-25.0,1,542.000,0.1006,0.291
kp25 run1.txt,21,-25.0,1,543.000,0.0977,-0.318
kp25 run1.txt,21,-25.0,1,544.000,0.0955,-0.372
kp25 run1.txt,21,-25.0,1,545.000,0.0969,-0.336
kp25 run1.txt,21,-25.0,1,546.000,0.0998,-0.263
kp25 run1.txt,21,-25.0,1,547.000,0.0991,-0.281
kp25 run1.txt,21,-25.0,1,548.000,0.1006,0.291
kp25 run1.txt,21,-25.0,1,549.000,0.0991,-0.281
kp25 run1.txt,21,-25.0,1,550.000,0.0998,-0.263
kp25 run1.txt,21,-25.0,1,551.000,0.1028,0.346
kp25 run1.txt,21,-25.0,1,552.000,0.0984,-0.3
kp25 run1.txt,21,-25.0,1,553.000,0.1006,0.291
kp25 run1.txt,21,-25.0,1,554.000,0.102,0.328
kp25 run1.txt,21,-25.0,1,555.000,0.0977,-0.318
kp25 run1.txt,21,-25.0,1,556.000,0.1006,0.291
kp25 run1.txt,21,-25.0,1,557.000,0.0995,-0.272
kp25 run1.txt,21,-25.0,1,558.000,0.1028,0.346
kp25 run1.txt,21,-25.0,1,559.000,0.102,0.328
kp25 run1.txt,21,-25.0,1,560.000,0.0998,-0.263
kp25 run1.txt,21,-25.0,1,561.000,0.0987,-0.29
kp25 run1.txt,21,-25.0,1,562.000,0.0947,-0.391
kp25 run1.txt,21,-25.0,1,563.000,0.0995,-0.272
kp25 run1.txt,21,-25.0,1,564.000,0.0998,-0.263
kp25 run1.txt,21,-25.0,1,565.000,0.1017,0.319
kp25 run1.txt,21,-25.0,1,566.000,0.1009,0.3
kp25 run1.txt,21,-25.0,1,567.000,0.1006,0.291
kp25 run1.txt,21,-25.0,1,568.000,0.0998,-0.263
kp25 run1.txt,21,-25.0,1,569.000,0.0955,-0.372
kp25 run1.txt,21,-25.0,1,570.000,0.0984,-0.3
kp25 run1.txt,21,-25.0,1,571.000,0.102,0.328
kp25 run1.txt,21,-25.0,1,572.000,0.0998,-0.263
kp25 run1.txt,21,-25.0,1,573.000,0.0958,-0.363
kp25 run1.txt,21,-25.0,1,574.000,0.0998,-0.263
kp25 run1.txt,21,-25.0,1,575.000,0.0987,-0.29
kp25 run1.txt,21,-25.0,1,576.000,0.1013,0.309
kp25 run1.txt,21,-25.0,1,577.000,0.1006,0.291
kp25 run1.txt,21,-25.0,1,578.000,0.0969,-0.336
kp25 run1.txt,21,-25.0,1,579.000,0.0969,-0.336
kp25 run1.txt,21,-25.0,1,580.000,0.1035,0.364
kp25 run1.txt,21,-25.0,1,581.000,0.1006,0.291
kp25 run1.txt,21,-25.0,1,582.000,0.0969,-0.336
kp25 run1.txt,21,-25.0,1,583.000,0.102,0.328
kp25 run1.txt,21,-25.0,1,584.000,0.0991,-0.281
kp25 run1.txt,21,-25.0,1,585.000,0.0995,-0.272
kp25 run1.txt,21,-25.0,1,586.000,0.1028,0.346
kp25 run1.txt,21,-25.0,1,587.000,0.1017,0.319
kp25 run1.txt,21,-25.0,1,588.000,0.1006,0.291
kp25 run1.txt,21,-25.0,1,589.000,0.1013,0.309
kp25 run1.txt,21,-25.0,1,590.000,0.0987,-0.29
kp25 run1.txt,21,-25.0,1,591.000,0.0998,-0.263
kp25 run1.txt,21,-25.0,1,592.000,0.1006,0.291
kp25 run1.txt,21,-25.0,1,593.000,0.0998,-0.263
kp25 run1.txt,21,-25.0,1,594.000,0.1035,0.364
kp25 run1.txt,21,-25.0,1,595.000,0.0998,-0.263
kp25 run1.txt,21,-25.0,1,596.000,0.102,0.328
kp25 run1.txt,21,-25.0,1,597.000,0.1017,0.319
kp25 run1.txt,21,-25.0,1,598.000,0.0998,-0.263
kp25 run1.txt,21,-25.0,1,599.000,0.1013,0.309
kp25 run1.txt,22,-25.0,-1,0.000,0.1006,5.291
kp25 run1.txt,22,-25.0,-1,1.000,0.1049,5.401
kp25 run1.txt,22,-25.0,-1,2.000,0.1013,5.309
kp25 run1.txt,22,-25.0,-1,3.000,0.086,4.927
kp25 run1.txt,22,-25.0,-1,4.000,0.0998,5.273
kp25 run1.txt,22,-25.0,-1,5.000,0.0998,5.273
kp25 run1.txt,22,-25.0,-1,6.000,0.0969,5.2
kp25 run1.txt,22,-25.0,-1,7.000,0.0947,5.145
kp25 run1.txt,22,-25.0,-1,8.000,0.0922,5.082
kp25 run1.txt,22,-25.0,-1,9.000,0.0874,4.963
kp25 run1.txt,22,-25.0,-1,10.000,0.0612,4.307
kp25 run1.txt,22,-25.0,-1,11.000,0.0816,4.817
kp25 run1.txt,22,-25.0,-1,12.000,0.0787,4.744
kp25 run1.txt,22,-25.0,-1,13.000,0.0736,4.617
kp25 run1.txt,22,-25.0,-1,14.000,0.0699,4.526
kp25 run1.txt,22,-25.0,-1,15.000,0.067,4.453
kp25 run1.txt,22,-25.0,-1,16.000,0.0725,4.589
kp25 run1.txt,22,-25.0,-1,17.000,0.0586,4.243
kp25 run1.txt,22,-25.0,-1,18.000,0.0532,4.106
kp25 run1.txt,22,-25.0,-1,19.000,0.0503,4.034
kp25 run1.txt,22,-25.0,-1,20.000,0.0452,3.906
kp25 run1.txt,22,-25.0,-1,21.000,0.0218,3.323
kp25 run1.txt,22,-25.0,-1,22.000,0.0433,3.86
kp25 run1.txt,22,-25.0,-1,23.000,0.0218,3.323
kp25 run1.txt,22,-25.0,-1,24.000,0.0335,3.614
kp25 run1.txt,22,-25.0,-1,25.000,0.0182,3.232
kp25 run1.txt,22,-25.0,-1,26.000,0.0218,3.323
kp25 run1.txt,22,-25.0,-1,27.000,0.0211,3.305
kp25 run1.txt,22,-25.0,-1,28.000,0.0171,3.204
kp25 run1.txt,22,-25.0,-1,29.000,0.0098,3.022
kp25 run1.txt,22,-25.0,-1,30.000,0.0094,3.013
kp25 run1.txt,22,-25.0,-1,31.000,-0.0066,2.612
kp25 run1.txt,22,-25.0,-1,32.000,-0.0132,2.448
kp25 run1.txt,22,-25.0,-1,33.000,-0.0175,2.339
kp25 run1.txt,22,-25.0,-1,34.000,-0.0248,2.156
kp25 run1.txt,22,-25.0,-1,35.000,-0.0285,2.065
kp25 run1.txt,22,-25.0,-1,36.000,-0.0343,1.919
kp25 run1.txt,22,-25.0,-1,37.000,-0.0416,1.737
kp25 run1.txt,22,-25.0,-1,38.000,-0.0482,1.573
kp25 run1.txt,22,-25.0,-1,39.000,-0.0525,1.464
kp25 run1.txt,22,-25.0,-1,40.000,-0.0518,1.482
kp25 run1.txt,22,-25.0,-1,41.000,-0.0576,1.336
kp25 run1.txt,22,-25.0,-1,42.000,-0.0616,1.236
kp25 run1.txt,22,-25.0,-1,43.000,-0.0649,1.154
kp25 run1.txt,22,-25.0,-1,44.000,-0.0693,1.045
kp25 run1.txt,22,-25.0,-1,45.000,-0.0762,0.871
kp25 run1.txt,22,-25.0,-1,46.000,-0.0842,0.671
kp25 run1.txt,22,-25.0,-1,47.000,-0.0839,0.68
kp25 run1.txt,22,-25.0,-1,48.000,-0.0875,0.589
kp25 run1.txt,22,-25.0,-1,49.000,-0.1014,-0.293
kp25 run1.txt,22,-25.0,-1,50.000,-0.0966,0.361
kp25 run1.txt,22,-25.0,-1,51.000,-0.0999,0.279
kp25 run1.txt,22,-25.0,-1,52.000,-0.1036,-0.348
kp25 run1.txt,22,-25.0,-1,53.000,-0.105,-0.385
kp25 run1.txt,22,-25.0,-1,54.000,-0.1065,-0.421
kp25 run1.txt,22,-25.0,-1,55.000,-0.1087,-0.476
kp25 run1.txt,22,-25.0,-1,56.000,-0.1167,-0.676
kp25 run1.txt,22,-25.0,-1,57.000,-0.116,-0.658
kp25 run1.txt,22,-25.0,-1,58.000,-0.1378,-1.205
kp25 run1.txt,22,-25.0,-1,59.000,-0.1211,-0.785
kp25 run1.txt,22,-25.0,-1,60.000,-0.1218,-0.804
kp25 run1.txt,22,-25.0,-1,61.000,-0.1276,-0.95
kp25 run1.txt,22,-25.0,-1,62.000,-0.1269,-0.931
kp25 run1.txt,22,-25.0,-1,63.000,-0.1313,-1.041
kp25 run1.txt,22,-25.0,-1,64.000,-0.1298,-1.004
kp25 run1.txt,22,-25.0,-1,65.000,-0.1327,-1.077
kp25 run1.txt,22,-25.0,-1,66.000,-0.1276,-0.95
kp25 run1.txt,22,-25.0,-1,67.000,-0.1284,-0.968
kp25 run1.txt,22,-25.0,-1,68.000,-0.132,-1.059
kp25 run1.txt,22,-25.0,-1,69.000,-0.1375,-1.196
kp25 run1.txt,22,-25.0,-1,70.000,-0.1524,-1.569
kp25 run1.txt,22,-25.0,-1,71.000,-0.1364,-1.168
kp25 run1.txt,22,-25.0,-1,72.000,-0.1335,-1.095
kp25 run1.txt,22,-25.0,-1,73.000,-0.1367,-1.177
kp25 run1.txt,22,-25.0,-1,74.000,-0.1342,-1.114
kp25 run1.txt,22,-25.0,-1,75.000,-0.1364,-1.168
kp25 run1.txt,22,-25.0,-1,76.000,-0.1364,-1.168
kp25 run1.txt,22,-25.0,-1,77.000,-0.1371,-1.186
kp25 run1.txt,22,-25.0,-1,78.000,-0.1342,-1.114
kp25 run1.txt,22,-25.0,-1,79.000,-0.1327,-1.077
kp25 run1.txt,22,-25.0,-1,80.000,-0.1342,-1.114
kp25 run1.txt,22,-25.0,-1,81.000,-0.1342,-1.114
kp25 run1.txt,22,-25.0,-1,82.000,-0.1342,-1.114
kp25 run1.txt,22,-25.0,-1,83.000,-0.1342,-1.114
kp25 run1.txt,22,-25.0,-1,84.000,-0.1356,-1.15
kp25 run1.txt,22,-25.0,-1,85.000,-0.1335,-1.095
kp25 run1.txt,22,-25.0,-1,86.000,-0.1364,-1.168
kp25 run1.txt,22,-25.0,-1,87.000,-0.1247,-0.877
kp25 run1.txt,22,-25.0,-1,88.000,-0.124,-0.858
kp25 run1.txt,22,-25.0,-1,89.000,-0.132,-1.059
kp25 run1.txt,22,-25.0,-1,90.000,-0.1294,-0.995
kp25 run1.txt,22,-25.0,-1,91.000,-0.1298,-1.004
kp25 run1.txt,22,-25.0,-1,92.000,-0.1284,-0.968
kp25 run1.txt,22,-25.0,-1,93.000,-0.1251,-0.886
kp25 run1.txt,22,-25.0,-1,94.000,-0.1335,-1.095
kp25 run1.txt,22,-25.0,-1,95.000,-0.1251,-0.886
kp25 run1.txt,22,-25.0,-1,96.000,-0.1247,-0.877
kp25 run1.txt,22,-25.0,-1,97.000,-0.1229,-0.831
kp25 run1.txt,22,-25.0,-1,98.000,-0.1167,-0.676
kp25 run1.txt,22,-25.0,-1,99.000,-0.1218,-0.804
kp25 run1.txt,22,-25.0,-1,100.000,-0.1152,-0.64
kp25 run1.txt,22,-25.0,-1,101.000,-0.1181,-0.713
kp25 run1.txt,22,-25.0,-1,102.000,-0.1163,-0.667
kp25 run1.txt,22,-25.0,-1,103.000,-0.1141,-0.612
kp25 run1.txt,22,-25.0,-1,104.000,-0.1196,-0.749
kp25 run1.txt,22,-25.0,-1,105.000,-0.1138,-0.603
kp25 run1.txt,22,-25.0,-1,106.000,-0.0883,0.571
kp25 run1.txt,22,-25.0,-1,107.000,-0.1101,-0.512
kp25 run1.txt,22,-25.0,-1,108.000,-0.1112,-0.539
kp25 run1.txt,22,-25.0,-1,109.000,-0.1116,-0.549
kp25 run1.txt,22,-25.0,-1,110.000,-0.1116,-0.549
kp25 run1.txt,22,-25.0,-1,111.000,-0.0966,0.361
kp25 run1.txt,22,-25.0,-1,112.000,-0.109,-0.485
kp25 run1.txt,22,-25.0,-1,113.000,-0.1065,-0.421
kp25 run1.txt,22,-25.0,-1,114.000,-0.1065,-0.421
kp25 run1.txt,22,-25.0,-1,115.000,-0.1043,-0.366
kp25 run1.txt,22,-25.0,-1,116.000,-0.1014,-0.293
kp25 run1.txt,22,-25.0,-1,117.000,-0.1058,-0.403
kp25 run1.txt,22,-25.0,-1,118.000,-0.1043,-0.366
kp25 run1.txt,22,-25.0,-1,119.000,-0.1021,-0.312
kp25 run1.txt,22,-25.0,-1,120.000,-0.1021,-0.312
kp25 run1.txt,22,-25.0,-1,121.000,-0.1014,-0.293
kp25 run1.txt,22,-25.0,-1,122.000,-0.0963,0.37
kp25 run1.txt,22,-25.0,-1,123.000,-0.1006,-0.275
kp25 run1.txt,22,-25.0,-1,124.000,-0.1043,-0.366
kp25 run1.txt,22,-25.0,-1,125.000,-0.0934,0.443
kp25 run1.txt,22,-25.0,-1,126.000,-0.0985,0.316
kp25 run1.txt,22,-25.0,-1,127.000,-0.0992,0.297
kp25 run1.txt,22,-25.0,-1,128.000,-0.0966,0.361
kp25 run1.txt,22,-25.0,-1,129.000,-0.0959,0.379
kp25 run1.txt,22,-25.0,-1,130.000,-0.105,-0.385
kp25 run1.txt,22,-25.0,-1,131.000,-0.0908,0.507
kp25 run1.txt,22,-25.0,-1,132.000,-0.0948,0.407
kp25 run1.txt,22,-25.0,-1,133.000,-0.0941,0.425
kp25 run1.txt,22,-25.0,-1,134.000,-0.0926,0.461
kp25 run1.txt,22,-25.0,-1,135.000,-0.0955,0.388
kp25 run1.txt,22,-25.0,-1,136.000,-0.0926,0.461
kp25 run1.txt,22,-25.0,-1,137.000,-0.0919,0.48
kp25 run1.txt,22,-25.0,-1,138.000,-0.1014,-0.293
kp25 run1.txt,22,-25.0,-1,139.000,-0.0963,0.37
kp25 run1.txt,22,-25.0,-1,140.000,-0.0966,0.361
kp25 run1.txt,22,-25.0,-1,141.000,-0.0948,0.407
kp25 run1.txt,22,-25.0,-1,142.000,-0.0948,0.407
kp25 run1.txt,22,-25.0,-1,143.000,-0.1014,-0.293
kp25 run1.txt,22,-25.0,-1,144.000,-0.0955,0.388
kp25 run1.txt,22,-25.0,-1,145.000,-0.0937,0.434
kp25 run1.txt,22,-25.0,-1,146.000,-0.0948,0.407
kp25 run1.txt,22,-25.0,-1,147.000,-0.0948,0.407
kp25 run1.txt,22,-25.0,-1,148.000,-0.0955,0.388
kp25 run1.txt,22,-25.0,-1,149.000,-0.093,0.452
kp25 run1.txt,22,-25.0,-1,150.000,-0.0955,0.388
kp25 run1.txt,22,-25.0,-1,151.000,-0.0955,0.388
kp25 run1.txt,22,-25.0,-1,152.000,-0.0926,0.461
kp25 run1.txt,22,-25.0,-1,153.000,-0.0945,0.416
kp25 run1.txt,22,-25.0,-1,154.000,-0.0926,0.461
kp25 run1.txt,22,-25.0,-1,155.000,-0.0955,0.388
kp25 run1.txt,22,-25.0,-1,156.000,-0.0955,0.388
kp25 run1.txt,22,-25.0,-1,157.000,-0.0926,0.461
kp25 run1.txt,22,-25.0,-1,158.000,-0.0955,0.388
kp25 run1.txt,22,-25.0,-1,159.000,-0.0934,0.443
kp25 run1.txt,22,-25.0,-1,160.000,-0.0977,0.334
kp25 run1.txt,22,-25.0,-1,161.000,-0.0948,0.407
kp25 run1.txt,22,-25.0,-1,162.000,-0.0948,0.407
kp25 run1.txt,22,-25.0,-1,163.000,-0.0941,0.425
kp25 run1.txt,22,-25.0,-1,164.000,-0.0959,0.379
kp25 run1.txt,22,-25.0,-1,165.000,-0.0934,0.443
kp25 run1.txt,22,-25.0,-1,166.000,-0.0948,0.407
kp25 run1.txt,22,-25.0,-1,167.000,-0.0955,0.388
kp25 run1.txt,22,-25.0,-1,168.000,-0.0948,0.407
kp25 run1.txt,22,-25.0,-1,169.000,-0.0948,0.407
kp25 run1.txt,22,-25.0,-1,170.000,-0.0853,0.644
kp25 run1.txt,22,-25.0,-1,171.000,-0.0974,0.343
kp25 run1.txt,22,-25.0,-1,172.000,-0.1014,-0.293
kp25 run1.txt,22,-25.0,-1,173.000,-0.1065,-0.421
kp25 run1.txt,22,-25.0,-1,174.000,-0.1043,-0.366
kp25 run1.txt,22,-25.0,-1,175.000,-0.1006,-0.275
kp25 run1.txt,22,-25.0,-1,176.000,-0.0992,0.297
kp25 run1.txt,22,-25.0,-1,177.000,-0.0999,0.279
kp25 run1.txt,22,-25.0,-1,178.000,-0.097,0.352
kp25 run1.txt,22,-25.0,-1,179.000,-0.0999,0.279
kp25 run1.txt,22,-25.0,-1,180.000,-0.1006,-0.275
kp25 run1.txt,22,-25.0,-1,181.000,-0.0937,0.434
kp25 run1.txt,22,-25.0,-1,182.000,-0.0985,0.316
kp25 run1.txt,22,-25.0,-1,183.000,-0.1028,-0.33
kp25 run1.txt,22,-25.0,-1,184.000,-0.1014,-0.293
kp25 run1.txt,22,-25.0,-1,185.000,-0.0992,0.297
kp25 run1.txt,22,-25.0,-1,186.000,-0.0992,0.297
kp25 run1.txt,22,-25.0,-1,187.000,-0.0992,0.297
kp25 run1.txt,22,-25.0,-1,188.000,-0.1014,-0.293
kp25 run1.txt,22,-25.0,-1,189.000,-0.1021,-0.312
kp25 run1.txt,22,-25.0,-1,190.000,-0.1014,-0.293
kp25 run1.txt,22,-25.0,-1,191.000,-0.1014,-0.293
kp25 run1.txt,22,-25.0,-1,192.000,-0.1014,-0.293
kp25 run1.txt,22,-25.0,-1,193.000,-0.1021,-0.312
kp25 run1.txt,22,-25.0,-1,194.000,-0.0999,0.279
kp25 run1.txt,22,-25.0,-1,195.000,-0.0999,0.279
kp25 run1.txt,22,-25.0,-1,196.000,-0.1101,-0.512
kp25 run1.txt,22,-25.0,-1,197.000,-0.1006,-0.275
kp25 run1.txt,22,-25.0,-1,198.000,-0.0996,0.288
kp25 run1.txt,22,-25.0,-1,199.000,-0.1112,-0.539
kp25 run1.txt,22,-25.0,-1,200.000,-0.1043,-0.366
kp25 run1.txt,22,-25.0,-1,201.000,-0.1006,-0.275
kp25 run1.txt,22,-25.0,-1,202.000,-0.0996,0.288
kp25 run1.txt,22,-25.0,-1,203.000,-0.1014,-0.293
kp25 run1.txt,22,-25.0,-1,204.000,-0.0985,0.316
kp25 run1.txt,22,-25.0,-1,205.000,-0.116,-0.658
kp25 run1.txt,22,-25.0,-1,206.000,-0.1014,-0.293
kp25 run1.txt,22,-25.0,-1,207.000,-0.0999,0.279
kp25 run1.txt,22,-25.0,-1,208.000,-0.101,-0.284
kp25 run1.txt,22,-25.0,-1,209.000,-0.1043,-0.366
kp25 run1.txt,22,-25.0,-1,210.000,-0.1025,-0.321
kp25 run1.txt,22,-25.0,-1,211.000,-0.105,-0.385
kp25 run1.txt,22,-25.0,-1,212.000,-0.1025,-0.321
kp25 run1.txt,22,-25.0,-1,213.000,-0.1021,-0.312
kp25 run1.txt,22,-25.0,-1,214.000,-0.1006,-0.275
kp25 run1.txt,22,-25.0,-1,215.000,-0.1021,-0.312
kp25 run1.txt,22,-25.0,-1,216.000,-0.101,-0.284
kp25 run1.txt,22,-25.0,-1,217.000,-0.0999,0.279
kp25 run1.txt,22,-25.0,-1,218.000,-0.1079,-0.457
kp25 run1.txt,22,-25.0,-1,219.000,-0.1014,-0.293
kp25 run1.txt,22,-25.0,-1,220.000,-0.1014,-0.293
kp25 run1.txt,22,-25.0,-1,221.000,-0.1006,-0.275
kp25 run1.txt,22,-25.0,-1,222.000,-0.1021,-0.312
kp25 run1.txt,22,-25.0,-1,223.000,-0.1014,-0.293
kp25 run1.txt,22,-25.0,-1,224.000,-0.0996,0.288
kp25 run1.txt,22,-25.0,-1,225.000,-0.1017,-0.303
kp25 run1.txt,22,-25.0,-1,226.000,-0.1006,-0.275
kp25 run1.txt,22,-25.0,-1,227.000,-0.1028,-0.33
kp25 run1.txt,22,-25.0,-1,228.000,-0.1028,-0.33
kp25 run1.txt,22,-25.0,-1,229.000,-0.1014,-0.293
kp25 run1.txt,22,-25.0,-1,230.000,-0.0985,0.316
kp25 run1.txt,22,-25.0,-1,231.000,-0.1032,-0.339
kp25 run1.txt,22,-25.0,-1,232.000,-0.0966,0.361
kp25 run1.txt,22,-25.0,-1,233.000,-0.1028,-0.33
kp25 run1.txt,22,-25.0,-1,234.000,-0.1014,-0.293
kp25 run1.txt,22,-25.0,-1,235.000,-0.0992,0.297
kp25 run1.txt,22,-25.0,-1,236.000,-0.1014,-0.293
kp25 run1.txt,22,-25.0,-1,237.000,-0.1006,-0.275
kp25 run1.txt,22,-25.0,-1,238.000,-0.0955,0.388
kp25 run1.txt,22,-25.0,-1,239.000,-0.1021,-0.312
kp25 run1.txt,22,-25.0,-1,240.000,-0.0999,0.279
kp25 run1.txt,22,-25.0,-1,241.000,-0.0999,0.279
kp25 run1.txt,22,-25.0,-1,242.000,-0.1043,-0.366
kp25 run1.txt,22,-25.0,-1,243.000,-0.1065,-0.421
kp25 run1.txt,22,-25.0,-1,244.000,-0.1006,-0.275
kp25 run1.txt,22,-25.0,-1,245.000,-0.1021,-0.312
kp25 run1.txt,22,-25.0,-1,246.000,-0.0992,0.297
kp25 run1.txt,22,-25.0,-1,247.000,-0.1006,-0.275
kp25 run1.txt,22,-25.0,-1,248.000,-0.1119,-0.558
kp25 run1.txt,22,-25.0,-1,249.000,-0.1006,-0.275
kp25 run1.txt,22,-25.0,-1,250.000,-0.1014,-0.293
kp25 run1.txt,22,-25.0,-1,251.000,-0.1043,-0.366
kp25 run1.txt,22,-25.0,-1,252.000,-0.1021,-0.312
kp25 run1.txt,22,-25.0,-1,253.000,-0.1003,-0.266
kp25 run1.txt,22,-25.0,-1,254.000,-0.0996,0.288
kp25 run1.txt,22,-25.0,-1,255.000,-0.0988,0.306
kp25 run1.txt,22,-25.0,-1,256.000,-0.0977,0.334
kp25 run1.txt,22,-25.0,-1,257.000,-0.1036,-0.348
kp25 run1.txt,22,-25.0,-1,258.000,-0.105,-0.385
kp25 run1.txt,22,-25.0,-1,259.000,-0.1014,-0.293
kp25 run1.txt,22,-25.0,-1,260.000,-0.1028,-0.33
kp25 run1.txt,22,-25.0,-1,261.000,-0.1014,-0.293
kp25 run1.txt,22,-25.0,-1,262.000,-0.1021,-0.312
kp25 run1.txt,22,-25.0,-1,263.000,-0.0959,0.379
kp25 run1.txt,22,-25.0,-1,264.000,-0.1021,-0.312
kp25 run1.txt,22,-25.0,-1,265.000,-0.097,0.352
kp25 run1.txt,22,-25.0,-1,266.000,-0.0955,0.388
kp25 run1.txt,22,-25.0,-1,267.000,-0.0999,0.279
kp25 run1.txt,22,-25.0,-1,268.000,-0.1006,-0.275
kp25 run1.txt,22,-25.0,-1,269.000,-0.0992,0.297
kp25 run1.txt,22,-25.0,-1,270.000,-0.0999,0.279
kp25 run1.txt,22,-25.0,-1,271.000,-0.1006,-0.275
kp25 run1.txt,22,-25.0,-1,272.000,-0.1014,-0.293
kp25 run1.txt,22,-25.0,-1,273.000,-0.1006,-0.275
kp25 run1.txt,22,-25.0,-1,274.000,-0.0926,0.461
kp25 run1.txt,22,-25.0,-1,275.000,-0.0992,0.297
kp25 run1.txt,22,-25.0,-1,276.000,-0.1014,-0.293
kp25 run1.txt,22,-25.0,-1,277.000,-0.0992,0.297
kp25 run1.txt,22,-25.0,-1,278.000,-0.0992,0.297
kp25 run1.txt,22,-25.0,-1,279.000,-0.0988,0.306
kp25 run1.txt,22,-25.0,-1,280.000,-0.0996,0.288
kp25 run1.txt,22,-25.0,-1,281.000,-0.1003,-0.266
kp25 run1.txt,22,-25.0,-1,282.000,-0.1006,-0.275
kp25 run1.txt,22,-25.0,-1,283.000,-0.1006,-0.275
kp25 run1.txt,22,-25.0,-1,284.000,-0.0963,0.37
kp25 run1.txt,22,-25.0,-1,285.000,-0.109,-0.485
kp25 run1.txt,22,-25.0,-1,286.000,-0.1006,-0.275
kp25 run1.txt,22,-25.0,-1,287.000,-0.0912,0.498
kp25 run1.txt,22,-25.0,-1,288.000,-0.0992,0.297
kp25 run1.txt,22,-25.0,-1,289.000,-0.1006,-0.275
kp25 run1.txt,22,-25.0,-1,290.000,-0.0985,0.316
kp25 run1.txt,22,-25.0,-1,291.000,-0.1014,-0.293
kp25 run1.txt,22,-25.0,-1,292.000,-0.1006,-0.275
kp25 run1.txt,22,-25.0,-1,293.000,-0.0999,0.279
kp25 run1.txt,22,-25.0,-1,294.000,-0.0999,0.279
kp25 run1.txt,22,-25.0,-1,295.000,-0.1006,-0.275
kp25 run1.txt,22,-25.0,-1,296.000,-0.1021,-0.312
kp25 run1.txt,22,-25.0,-1,297.000,-0.0966,0.361
kp25 run1.txt,22,-25.0,-1,298.000,-0.0992,0.297
kp25 run1.txt,22,-25.0,-1,299.000,-0.0981,0.325
kp25 run1.txt,22,-25.0,-1,300.000,-0.1021,-0.312
kp25 run1.txt,22,-25.0,-1,301.000,-0.1109,-0.53
kp25 run1.txt,22,-25.0,-1,302.000,-0.1014,-0.293
kp25 run1.txt,22,-25.0,-1,303.000,-0.1021,-0.312
kp25 run1.txt,22,-25.0,-1,304.000,-0.0992,0.297
kp25 run1.txt,22,-25.0,-1,305.000,-0.0999,0.279
kp25 run1.txt,22,-25.0,-1,306.000,-0.1058,-0.403
kp25 run1.txt,22,-25.0,-1,307.000,-0.1006,-0.275
kp25 run1.txt,22,-25.0,-1,308.000,-0.0985,0.316
kp25 run1.txt,22,-25.0,-1,309.000,-0.0999,0.279
kp25 run1.txt,22,-25.0,-1,310.000,-0.097,0.352
kp25 run1.txt,22,-25.0,-1,311.000,-0.0999,0.279
kp25 run1.txt,22,-25.0,-1,312.000,-0.1028,-0.33
kp25 run1.txt,22,-25.0,-1,313.000,-0.0999,0.279
kp25 run1.txt,22,-25.0,-1,314.000,-0.0977,0.334
kp25 run1.txt,22,-25.0,-1,315.000,-0.0992,0.297
kp25 run1.txt,22,-25.0,-1,316.000,-0.0751,0.899
kp25 run1.txt,22,-25.0,-1,317.000,-0.1043,-0.366
kp25 run1.txt,22,-25.0,-1,318.000,-0.1021,-0.312
kp25 run1.txt,22,-25.0,-1,319.000,-0.1006,-0.275
kp25 run1.txt,22,-25.0,-1,320.000,-0.1006,-0.275
kp25 run1.txt,22,-25.0,-1,321.000,-0.0985,0.316
kp25 run1.txt,22,-25.0,-1,322.000,-0.1006,-0.275
kp25 run1.txt,22,-25.0,-1,323.000,-0.0977,0.334
kp25 run1.txt,22,-25.0,-1,324.000,-0.0959,0.379
kp25 run1.txt,22,-25.0,-1,325.000,-0.0996,0.288
kp25 run1.txt,22,-25.0,-1,326.000,-0.0985,0.316
kp25 run1.txt,22,-25.0,-1,327.000,-0.1025,-0.321
kp25 run1.txt,22,-25.0,-1,328.000,-0.0985,0.316
kp25 run1.txt,22,-25.0,-1,329.000,-0.0963,0.37
kp25 run1.txt,22,-25.0,-1,330.000,-0.0996,0.288
kp25 run1.txt,22,-25.0,-1,331.000,-0.0977,0.334
kp25 run1.txt,22,-25.0,-1,332.000,-0.0926,0.461
kp25 run1.txt,22,-25.0,-1,333.000,-0.0963,0.37
kp25 run1.txt,22,-25.0,-1,334.000,-0.0999,0.279
kp25 run1.txt,22,-25.0,-1,335.000,-0.0985,0.316
kp25 run1.txt,22,-25.0,-1,336.000,-0.0992,0.297
kp25 run1.txt,22,-25.0,-1,337.000,-0.1017,-0.303
kp25 run1.txt,22,-25.0,-1,338.000,-0.1036,-0.348
kp25 run1.txt,22,-25.0,-1,339.000,-0.0985,0.316
kp25 run1.txt,22,-25.0,-1,340.000,-0.1006,-0.275
kp25 run1.txt,22,-25.0,-1,341.000,-0.0996,0.288
kp25 run1.txt,22,-25.0,-1,342.000,-0.1014,-0.293
kp25 run1.txt,22,-25.0,-1,343.000,-0.0963,0.37
kp25 run1.txt,22,-25.0,-1,344.000,-0.1079,-0.457
kp25 run1.txt,22,-25.0,-1,345.000,-0.1094,-0.494
kp25 run1.txt,22,-25.0,-1,346.000,-0.1036,-0.348
kp25 run1.txt,22,-25.0,-1,347.000,-0.0992,0.297
kp25 run1.txt,22,-25.0,-1,348.000,-0.1036,-0.348
kp25 run1.txt,22,-25.0,-1,349.000,-0.1014,-0.293
kp25 run1.txt,22,-25.0,-1,350.000,-0.0996,0.288
kp25 run1.txt,22,-25.0,-1,351.000,-0.1021,-0.312
kp25 run1.txt,22,-25.0,-1,352.000,-0.0992,0.297
kp25 run1.txt,22,-25.0,-1,353.000,-0.0974,0.343
kp25 run1.txt,22,-25.0,-1,354.000,-0.0996,0.288
kp25 run1.txt,22,-25.0,-1,355.000,-0.0999,0.279
kp25 run1.txt,22,-25.0,-1,356.000,-0.0992,0.297
kp25 run1.txt,22,-25.0,-1,357.000,-0.1028,-0.33
kp25 run1.txt,22,-25.0,-1,358.000,-0.1014,-0.293
kp25 run1.txt,22,-25.0,-1,359.000,-0.1021,-0.312
kp25 run1.txt,22,-25.0,-1,360.000,-0.0996,0.288
kp25 run1.txt,22,-25.0,-1,361.000,-0.1017,-0.303
kp25 run1.txt,22,-25.0,-1,362.000,-0.0985,0.316
kp25 run1.txt,22,-25.0,-1,363.000,-0.0963,0.37
kp25 run1.txt,22,-25.0,-1,364.000,-0.1006,-0.275
kp25 run1.txt,22,-25.0,-1,365.000,-0.0985,0.316
kp25 run1.txt,22,-25.0,-1,366.000,-0.097,0.352
kp25 run1.txt,22,-25.0,-1,367.000,-0.1039,-0.357
kp25 run1.txt,22,-25.0,-1,368.000,-0.0996,0.288
kp25 run1.txt,22,-25.0,-1,369.000,-0.1003,-0.266
kp25 run1.txt,22,-25.0,-1,370.000,-0.0985,0.316
kp25 run1.txt,22,-25.0,-1,371.000,-0.1006,-0.275
kp25 run1.txt,22,-25.0,-1,372.000,-0.0985,0.316
kp25 run1.txt,22,-25.0,-1,373.000,-0.1006,-0.275
kp25 run1.txt,22,-25.0,-1,374.000,-0.1014,-0.293
kp25 run1.txt,22,-25.0,-1,375.000,-0.1032,-0.339
kp25 run1.txt,22,-25.0,-1,376.000,-0.1017,-0.303
kp25 run1.txt,22,-25.0,-1,377.000,-0.0999,0.279
kp25 run1.txt,22,-25.0,-1,378.000,-0.0966,0.361
kp25 run1.txt,22,-25.0,-1,379.000,-0.1021,-0.312
kp25 run1.txt,22,-25.0,-1,380.000,-0.0992,0.297
kp25 run1.txt,22,-25.0,-1,381.000,-0.0963,0.37
kp25 run1.txt,22,-25.0,-1,382.000,-0.0988,0.306
kp25 run1.txt,22,-25.0,-1,383.000,-0.1036,-0.348
kp25 run1.txt,22,-25.0,-1,384.000,-0.1006,-0.275
kp25 run1.txt,22,-25.0,-1,385.000,-0.0992,0.297
kp25 run1.txt,22,-25.0,-1,386.000,-0.0985,0.316
kp25 run1.txt,22,-25.0,-1,387.000,-0.1036,-0.348
kp25 run1.txt,22,-25.0,-1,388.000,-0.1036,-0.348
kp25 run1.txt,22,-25.0,-1,389.000,-0.0996,0.288
kp25 run1.txt,22,-25.0,-1,390.000,-0.1006,-0.275
kp25 run1.txt,22,-25.0,-1,391.000,-0.1006,-0.275
kp25 run1.txt,22,-25.0,-1,392.000,-0.0992,0.297
kp25 run1.txt,22,-25.0,-1,393.000,-0.0996,0.288
kp25 run1.txt,22,-25.0,-1,394.000,-0.0897,0.534
kp25 run1.txt,22,-25.0,-1,395.000,-0.1087,-0.476
kp25 run1.txt,22,-25.0,-1,396.000,-0.1006,-0.275
kp25 run1.txt,22,-25.0,-1,397.000,-0.0996,0.288
kp25 run1.txt,22,-25.0,-1,398.000,-0.0985,0.316
kp25 run1.txt,22,-25.0,-1,399.000,-0.1014,-0.293
kp25 run1.txt,22,-25.0,-1,400.000,-0.0999,0.279
kp25 run1.txt,22,-25.0,-1,401.000,-0.0992,0.297
kp25 run1.txt,22,-25.0,-1,402.000,-0.0996,0.288
kp25 run1.txt,22,-25.0,-1,403.000,-0.0992,0.297
kp25 run1.txt,22,-25.0,-1,404.000,-0.1003,-0.266
kp25 run1.txt,22,-25.0,-1,405.000,-0.105,-0.385
kp25 run1.txt,22,-25.0,-1,406.000,-0.0985,0.316
kp25 run1.txt,22,-25.0,-1,407.000,-0.0999,0.279
kp25 run1.txt,22,-25.0,-1,408.000,-0.1014,-0.293
kp25 run1.txt,22,-25.0,-1,409.000,-0.105,-0.385
kp25 run1.txt,22,-25.0,-1,410.000,-0.1025,-0.321
kp25 run1.txt,22,-25.0,-1,411.000,-0.0977,0.334
kp25 run1.txt,22,-25.0,-1,412.000,-0.1006,-0.275
kp25 run1.txt,22,-25.0,-1,413.000,-0.0948,0.407
kp25 run1.txt,22,-25.0,-1,414.000,-0.0992,0.297
kp25 run1.txt,22,-25.0,-1,415.000,-0.0955,0.388
kp25 run1.txt,22,-25.0,-1,416.000,-0.0999,0.279
kp25 run1.txt,22,-25.0,-1,417.000,-0.1006,-0.275
kp25 run1.txt,22,-25.0,-1,418.000,-0.1003,-0.266
kp25 run1.txt,22,-25.0,-1,419.000,-0.0966,0.361
kp25 run1.txt,22,-25.0,-1,420.000,-0.1054,-0.394
kp25 run1.txt,22,-25.0,-1,421.000,-0.0985,0.316
kp25 run1.txt,22,-25.0,-1,422.000,-0.0992,0.297
kp25 run1.txt,22,-25.0,-1,423.000,-0.1021,-0.312
kp25 run1.txt,22,-25.0,-1,424.000,-0.0948,0.407
kp25 run1.txt,22,-25.0,-1,425.000,-0.1014,-0.293
kp25 run1.txt,22,-25.0,-1,426.000,-0.0977,0.334
kp25 run1.txt,22,-25.0,-1,427.000,-0.0985,0.316
kp25 run1.txt,22,-25.0,-1,428.000,-0.1043,-0.366
kp25 run1.txt,22,-25.0,-1,429.000,-0.0999,0.279
kp25 run1.txt,22,-25.0,-1,430.000,-0.1025,-0.321
kp25 run1.txt,22,-25.0,-1,431.000,-0.0985,0.316
kp25 run1.txt,22,-25.0,-1,432.000,-0.101,-0.284
kp25 run1.txt,22,-25.0,-1,433.000,-0.0996,0.288
kp25 run1.txt,22,-25.0,-1,434.000,-0.1003,-0.266
kp25 run1.txt,22,-25.0,-1,435.000,-0.0992,0.297
kp25 run1.txt,22,-25.0,-1,436.000,-0.1006,-0.275
kp25 run1.txt,22,-25.0,-1,437.000,-0.0996,0.288
kp25 run1.txt,22,-25.0,-1,438.000,-0.0992,0.297
kp25 run1.txt,22,-25.0,-1,439.000,-0.1014,-0.293
kp25 run1.txt,22,-25.0,-1,440.000,-0.1014,-0.293
kp25 run1.txt,22,-25.0,-1,441.000,-0.0963,0.37
kp25 run1.txt,22,-25.0,-1,442.000,-0.0955,0.388
kp25 run1.txt,22,-25.0,-1,443.000,-0.0992,0.297
kp25 run1.txt,22,-25.0,-1,444.000,-0.0999,0.279
kp25 run1.txt,22,-25.0,-1,445.000,-0.1043,-0.366
kp25 run1.txt,22,-25.0,-1,446.000,-0.1014,-0.293
kp25 run1.txt,22,-25.0,-1,447.000,-0.0955,0.388
kp25 run1.txt,22,-25.0,-1,448.000,-0.1014,-0.293
kp25 run1.txt,22,-25.0,-1,449.000,-0.0999,0.279
kp25 run1.txt,22,-25.0,-1,450.000,-0.1014,-0.293
kp25 run1.txt,22,-25.0,-1,451.000,-0.1028,-0.33
kp25 run1.txt,22,-25.0,-1,452.000,-0.1006,-0.275
kp25 run1.txt,22,-25.0,-1,453.000,-0.0985,0.316
kp25 run1.txt,22,-25.0,-1,454.000,-0.0999,0.279
kp25 run1.txt,22,-25.0,-1,455.000,-0.097,0.352
kp25 run1.txt,22,-25.0,-1,456.000,-0.1025,-0.321
kp25 run1.txt,22,-25.0,-1,457.000,-0.0996,0.288
kp25 run1.txt,22,-25.0,-1,458.000,-0.0992,0.297
kp25 run1.txt,22,-25.0,-1,459.000,-0.0996,0.288
kp25 run1.txt,22,-25.0,-1,460.000,-0.0996,0.288
kp25 run1.txt,22,-25.0,-1,461.000,-0.1003,-0.266
kp25 run1.txt,22,-25.0,-1,462.000,-0.0992,0.297
kp25 run1.txt,22,-25.0,-1,463.000,-0.0992,0.297
kp25 run1.txt,22,-25.0,-1,464.000,-0.0985,0.316
kp25 run1.txt,22,-25.0,-1,465.000,-0.0992,0.297
kp25 run1.txt,22,-25.0,-1,466.000,-0.1043,-0.366
kp25 run1.txt,22,-25.0,-1,467.000,-0.0992,0.297
kp25 run1.txt,22,-25.0,-1,468.000,-0.1058,-0.403
kp25 run1.txt,22,-25.0,-1,469.000,-0.1025,-0.321
kp25 run1.txt,22,-25.0,-1,470.000,-0.0985,0.316
kp25 run1.txt,22,-25.0,-1,471.000,-0.0985,0.316
kp25 run1.txt,22,-25.0,-1,472.000,-0.0988,0.306
kp25 run1.txt,22,-25.0,-1,473.000,-0.1014,-0.293
kp25 run1.txt,22,-25.0,-1,474.000,-0.0992,0.297
kp25 run1.txt,22,-25.0,-1,475.000,-0.1036,-0.348
kp25 run1.txt,22,-25.0,-1,476.000,-0.1003,-0.266
kp25 run1.txt,22,-25.0,-1,477.000,-0.0999,0.279
kp25 run1.txt,22,-25.0,-1,478.000,-0.0985,0.316
kp25 run1.txt,22,-25.0,-1,479.000,-0.0948,0.407
kp25 run1.txt,22,-25.0,-1,480.000,-0.1003,-0.266
kp25 run1.txt,22,-25.0,-1,481.000,-0.0992,0.297
kp25 run1.txt,22,-25.0,-1,482.000,-0.1006,-0.275
kp25 run1.txt,22,-25.0,-1,483.000,-0.1043,-0.366
kp25 run1.txt,22,-25.0,-1,484.000,-0.0992,0.297
kp25 run1.txt,22,-25.0,-1,485.000,-0.1021,-0.312
kp25 run1.txt,22,-25.0,-1,486.000,-0.0919,0.48
kp25 run1.txt,22,-25.0,-1,487.000,-0.0996,0.288
kp25 run1.txt,22,-25.0,-1,488.000,-0.0999,0.279
kp25 run1.txt,22,-25.0,-1,489.000,-0.0992,0.297
kp25 run1.txt,22,-25.0,-1,490.000,-0.1028,-0.33
kp25 run1.txt,22,-25.0,-1,491.000,-0.1006,-0.275
kp25 run1.txt,22,-25.0,-1,492.000,-0.0992,0.297
kp25 run1.txt,22,-25.0,-1,493.000,-0.1006,-0.275
kp25 run1.txt,22,-25.0,-1,494.000,-0.0992,0.297
kp25 run1.txt,22,-25.0,-1,495.000,-0.0985,0.316
kp25 run1.txt,22,-25.0,-1,496.000,-0.0977,0.334
kp25 run1.txt,22,-25.0,-1,497.000,-0.0948,0.407
kp25 run1.txt,22,-25.0,-1,498.000,-0.0999,0.279
kp25 run1.txt,22,-25.0,-1,499.000,-0.1014,-0.293
kp25 run1.txt,22,-25.0,-1,500.000,-0.1003,-0.266
kp25 run1.txt,22,-25.0,-1,501.000,-0.0992,0.297
kp25 run1.txt,22,-25.0,-1,502.000,-0.0966,0.361
kp25 run1.txt,22,-25.0,-1,503.000,-0.0992,0.297
kp25 run1.txt,22,-25.0,-1,504.000,-0.1006,-0.275
kp25 run1.txt,22,-25.0,-1,505.000,-0.0985,0.316
kp25 run1.txt,22,-25.0,-1,506.000,-0.0963,0.37
kp25 run1.txt,22,-25.0,-1,507.000,-0.0934,0.443
kp25 run1.txt,22,-25.0,-1,508.000,-0.1003,-0.266
kp25 run1.txt,22,-25.0,-1,509.000,-0.1036,-0.348
kp25 run1.txt,22,-25.0,-1,510.000,-0.0992,0.297
kp25 run1.txt,22,-25.0,-1,511.000,-0.0999,0.279
kp25 run1.txt,22,-25.0,-1,512.000,-0.0992,0.297
kp25 run1.txt,22,-25.0,-1,513.000,-0.1021,-0.312
kp25 run1.txt,22,-25.0,-1,514.000,-0.1021,-0.312
kp25 run1.txt,22,-25.0,-1,515.000,-0.097,0.352
kp25 run1.txt,22,-25.0,-1,516.000,-0.0992,0.297
kp25 run1.txt,22,-25.0,-1,517.000,-0.0992,0.297
kp25 run1.txt,22,-25.0,-1,518.000,-0.1065,-0.421
kp25 run1.txt,22,-25.0,-1,519.000,-0.0999,0.279
kp25 run1.txt,22,-25.0,-1,520.000,-0.1021,-0.312
kp25 run1.txt,22,-25.0,-1,521.000,-0.0999,0.279
kp25 run1.txt,22,-25.0,-1,522.000,-0.0985,0.316
kp25 run1.txt,22,-25.0,-1,523.000,-0.1021,-0.312
kp25 run1.txt,22,-25.0,-1,524.000,-0.1014,-0.293
kp25 run1.txt,22,-25.0,-1,525.000,-0.0985,0.316
kp25 run1.txt,22,-25.0,-1,526.000,-0.1025,-0.321
kp25 run1.txt,22,-25.0,-1,527.000,-0.105,-0.385
kp25 run1.txt,22,-25.0,-1,528.000,-0.1006,-0.275
kp25 run1.txt,22,-25.0,-1,529.000,-0.0963,0.37
kp25 run1.txt,22,-25.0,-1,530.000,-0.097,0.352
kp25 run1.txt,22,-25.0,-1,531.000,-0.0952,0.398
kp25 run1.txt,22,-25.0,-1,532.000,-0.1028,-0.33
kp25 run1.txt,22,-25.0,-1,533.000,-0.1072,-0.439
kp25 run1.txt,22,-25.0,-1,534.000,-0.0992,0.297
kp25 run1.txt,22,-25.0,-1,535.000,-0.0996,0.288
kp25 run1.txt,22,-25.0,-1,536.000,-0.0999,0.279
kp25 run1.txt,22,-25.0,-1,537.000,-0.0985,0.316
kp25 run1.txt,22,-25.0,-1,538.000,-0.105,-0.385
kp25 run1.txt,22,-25.0,-1,539.000,-0.0985,0.316
kp25 run1.txt,22,-25.0,-1,540.000,-0.0992,0.297
kp25 run1.txt,22,-25.0,-1,541.000,-0.0996,0.288
kp25 run1.txt,22,-25.0,-1,542.000,-0.0992,0.297
kp25 run1.txt,22,-25.0,-1,543.000,-0.0992,0.297
kp25 run1.txt,22,-25.0,-1,544.000,-0.0985,0.316
kp25 run1.txt,22,-25.0,-1,545.000,-0.097,0.352
kp25 run1.txt,22,-25.0,-1,546.000,-0.0996,0.288
kp25 run1.txt,22,-25.0,-1,547.000,-0.1043,-0.366
kp25 run1.txt,22,-25.0,-1,548.000,-0.1006,-0.275
kp25 run1.txt,22,-25.0,-1,549.000,-0.0992,0.297
kp25 run1.txt,22,-25.0,-1,550.000,-0.0996,0.288
kp25 run1.txt,22,-25.0,-1,551.000,-0.1014,-0.293
kp25 run1.txt,22,-25.0,-1,552.000,-0.1006,-0.275
kp25 run1.txt,22,-25.0,-1,553.000,-0.0992,0.297
kp25 run1.txt,22,-25.0,-1,554.000,-0.0992,0.297
kp25 run1.txt,22,-25.0,-1,555.000,-0.1014,-0.293
kp25 run1.txt,22,-25.0,-1,556.000,-0.1006,-0.275
kp25 run1.txt,22,-25.0,-1,557.000,-0.0999,0.279
kp25 run1.txt,22,-25.0,-1,558.000,-0.1087,-0.476
kp25 run1.txt,22,-25.0,-1,559.000,-0.0977,0.334
kp25 run1.txt,22,-25.0,-1,560.000,-0.101,-0.284
kp25 run1.txt,22,-25.0,-1,561.000,-0.0999,0.279
kp25 run1.txt,22,-25.0,-1,562.000,-0.0985,0.316
kp25 run1.txt,22,-25.0,-1,563.000,-0.0996,0.288
kp25 run1.txt,22,-25.0,-1,564.000,-0.1043,-0.366
kp25 run1.txt,22,-25.0,-1,565.000,-0.1006,-0.275
kp25 run1.txt,22,-25.0,-1,566.000,-0.0966,0.361
kp25 run1.txt,22,-25.0,-1,567.000,-0.0999,0.279
kp25 run1.txt,22,-25.0,-1,568.000,-0.0992,0.297
kp25 run1.txt,22,-25.0,-1,569.000,-0.0985,0.316
kp25 run1.txt,22,-25.0,-1,570.000,-0.0985,0.316
kp25 run1.txt,22,-25.0,-1,571.000,-0.1006,-0.275
kp25 run1.txt,22,-25.0,-1,572.000,-0.0985,0.316
kp25 run1.txt,22,-25.0,-1,573.000,-0.1054,-0.394
kp25 run1.txt,22,-25.0,-1,574.000,-0.0992,0.297
kp25 run1.txt,22,-25.0,-1,575.000,-0.1006,-0.275
kp25 run1.txt,22,-25.0,-1,576.000,-0.1072,-0.439
kp25 run1.txt,22,-25.0,-1,577.000,-0.0996,0.288
kp25 run1.txt,22,-25.0,-1,578.000,-0.1006,-0.275
kp25 run1.txt,22,-25.0,-1,579.000,-0.0963,0.37
kp25 run1.txt,22,-25.0,-1,580.000,-0.1021,-0.312
kp25 run1.txt,22,-25.0,-1,581.000,-0.1028,-0.33
kp25 run1.txt,22,-25.0,-1,582.000,-0.0985,0.316
kp25 run1.txt,22,-25.0,-1,583.000,-0.0985,0.316
kp25 run1.txt,22,-25.0,-1,584.000,-0.0963,0.37
kp25 run1.txt,22,-25.0,-1,585.000,-0.1123,-0.567
kp25 run1.txt,22,-25.0,-1,586.000,-0.0996,0.288
kp25 run1.txt,22,-25.0,-1,587.000,-0.1006,-0.275
kp25 run1.txt,22,-25.0,-1,588.000,-0.1025,-0.321
kp25 run1.txt,22,-25.0,-1,589.000,-0.1032,-0.339
kp25 run1.txt,22,-25.0,-1,590.000,-0.0996,0.288
kp25 run1.txt,22,-25.0,-1,591.000,-0.1006,-0.275
kp25 run1.txt,22,-25.0,-1,592.000,-0.0992,0.297
kp25 run1.txt,22,-25.0,-1,593.000,-0.0996,0.288
kp25 run1.txt,22,-25.0,-1,594.000,-0.1014,-0.293
kp25 run1.txt,22,-25.0,-1,595.000,-0.0919,0.48
kp25 run1.txt,22,-25.0,-1,596.000,-0.1006,-0.275
kp25 run1.txt,22,-25.0,-1,597.000,-0.1006,-0.275
kp25 run1.txt,22,-25.0,-1,598.000,-0.1036,-0.348
kp25 run1.txt,22,-25.0,-1,599.000,-0.1021,-0.312
kp25 run1.txt,23,-25.0,-1,0.000,0.094,5.127
kp25 run1.txt,23,-25.0,-1,1.000,0.0998,5.273
kp25 run1.txt,23,-25.0,-1,2.000,0.0984,5.236
kp25 run1.txt,23,-25.0,-1,3.000,0.0874,4.963
kp25 run1.txt,23,-25.0,-1,4.000,0.0998,5.273
kp25 run1.txt,23,-25.0,-1,5.000,0.0991,5.255
kp25 run1.txt,23,-25.0,-1,6.000,0.098,5.227
kp25 run1.txt,23,-25.0,-1,7.000,0.0951,5.154
kp25 run1.txt,23,-25.0,-1,8.000,0.0911,5.054
kp25 run1.txt,23,-25.0,-1,9.000,0.0867,4.945
kp25 run1.txt,23,-25.0,-1,10.000,0.0969,5.2
kp25 run1.txt,23,-25.0,-1,11.000,0.0823,4.836
kp25 run1.txt,23,-25.0,-1,12.000,0.0707,4.544
kp25 run1.txt,23,-25.0,-1,13.000,0.0743,4.635
kp25 run1.txt,23,-25.0,-1,14.000,0.0714,4.562
kp25 run1.txt,23,-25.0,-1,15.000,0.0663,4.435
kp25 run1.txt,23,-25.0,-1,16.000,0.0648,4.398
kp25 run1.txt,23,-25.0,-1,17.000,0.0583,4.234
kp25 run1.txt,23,-25.0,-1,18.000,0.0554,4.161
kp25 run1.txt,23,-25.0,-1,19.000,0.0525,4.088
kp25 run1.txt,23,-25.0,-1,20.000,0.0426,3.842
kp25 run1.txt,23,-25.0,-1,21.000,0.0408,3.797
kp25 run1.txt,23,-25.0,-1,22.000,0.035,3.651
kp25 run1.txt,23,-25.0,-1,23.000,0.0291,3.505
kp25 run1.txt,23,-25.0,-1,24.000,0.0299,3.523
kp25 run1.txt,23,-25.0,-1,25.000,0.0196,3.268
kp25 run1.txt,23,-25.0,-1,26.000,0.0299,3.523
kp25 run1.txt,23,-25.0,-1,27.000,0.0116,3.068
kp25 run1.txt,23,-25.0,-1,28.000,0.0087,2.995
kp25 run1.txt,23,-25.0,-1,29.000,0.0029,2.849
kp25 run1.txt,23,-25.0,-1,30.000,-0.0033,2.694
kp25 run1.txt,23,-25.0,-1,31.000,-0.0124,2.466
kp25 run1.txt,23,-25.0,-1,32.000,-0.0168,2.357
kp25 run1.txt,23,-25.0,-1,33.000,-0.0183,2.32
kp25 run1.txt,23,-25.0,-1,34.000,-0.0248,2.156
kp25 run1.txt,23,-25.0,-1,35.000,-0.0303,2.02
kp25 run1.txt,23,-25.0,-1,36.000,-0.0343,1.919
kp25 run1.txt,23,-25.0,-1,37.000,-0.0387,1.81
kp25 run1.txt,23,-25.0,-1,38.000,-0.0445,1.664
kp25 run1.txt,23,-25.0,-1,39.000,-0.0482,1.573
kp25 run1.txt,23,-25.0,-1,40.000,-0.054,1.427
kp25 run1.txt,23,-25.0,-1,41.000,-0.0547,1.409
kp25 run1.txt,23,-25.0,-1,42.000,-0.0657,1.136
kp25 run1.txt,23,-25.0,-1,43.000,-0.0657,1.136
kp25 run1.txt,23,-25.0,-1,44.000,-0.0635,1.19
kp25 run1.txt,23,-25.0,-1,45.000,-0.0664,1.117
kp25 run1.txt,23,-25.0,-1,46.000,-0.0828,0.707
kp25 run1.txt,23,-25.0,-1,47.000,-0.0832,0.698
kp25 run1.txt,23,-25.0,-1,48.000,-0.089,0.552
kp25 run1.txt,23,-25.0,-1,49.000,-0.089,0.552
kp25 run1.txt,23,-25.0,-1,50.000,-0.1094,-0.494
kp25 run1.txt,23,-25.0,-1,51.000,-0.097,0.352
kp25 run1.txt,23,-25.0,-1,52.000,-0.1021,-0.312
kp25 run1.txt,23,-25.0,-1,53.000,-0.1079,-0.457
kp25 run1.txt,23,-25.0,-1,54.000,-0.1087,-0.476
kp25 run1.txt,23,-25.0,-1,55.000,-0.1101,-0.512
kp25 run1.txt,23,-25.0,-1,56.000,-0.1265,-0.922
kp25 run1.txt,23,-25.0,-1,57.000,-0.113,-0.585
kp25 run1.txt,23,-25.0,-1,58.000,-0.1167,-0.676
kp25 run1.txt,23,-25.0,-1,59.000,-0.1218,-0.804
kp25 run1.txt,23,-25.0,-1,60.000,-0.1232,-0.84
kp25 run1.txt,23,-25.0,-1,61.000,-0.1313,-1.041
kp25 run1.txt,23,-25.0,-1,62.000,-0.1276,-0.95
kp25 run1.txt,23,-25.0,-1,63.000,-0.1298,-1.004
kp25 run1.txt,23,-25.0,-1,64.000,-0.1276,-0.95
kp25 run1.txt,23,-25.0,-1,65.000,-0.1305,-1.022
kp25 run1.txt,23,-25.0,-1,66.000,-0.1287,-0.977
kp25 run1.txt,23,-25.0,-1,67.000,-0.1305,-1.022
kp25 run1.txt,23,-25.0,-1,68.000,-0.1335,-1.095
kp25 run1.txt,23,-25.0,-1,69.000,-0.1345,-1.123
kp25 run1.txt,23,-25.0,-1,70.000,-0.1342,-1.114
kp25 run1.txt,23,-25.0,-1,71.000,-0.1335,-1.095
kp25 run1.txt,23,-25.0,-1,72.000,-0.1294,-0.995
kp25 run1.txt,23,-25.0,-1,73.000,-0.1364,-1.168
kp25 run1.txt,23,-25.0,-1,74.000,-0.1342,-1.114
kp25 run1.txt,23,-25.0,-1,75.000,-0.1364,-1.168
kp25 run1.txt,23,-25.0,-1,76.000,-0.1335,-1.095
kp25 run1.txt,23,-25.0,-1,77.000,-0.1345,-1.123
kp25 run1.txt,23,-25.0,-1,78.000,-0.1342,-1.114
kp25 run1.txt,23,-25.0,-1,79.000,-0.1342,-1.114
kp25 run1.txt,23,-25.0,-1,80.000,-0.1364,-1.168
kp25 run1.txt,23,-25.0,-1,81.000,-0.1353,-1.141
kp25 run1.txt,23,-25.0,-1,82.000,-0.1342,-1.114
kp25 run1.txt,23,-25.0,-1,83.000,-0.132,-1.059
kp25 run1.txt,23,-25.0,-1,84.000,-0.1356,-1.15
kp25 run1.txt,23,-25.0,-1,85.000,-0.1356,-1.15
kp25 run1.txt,23,-25.0,-1,86.000,-0.1371,-1.186
kp25 run1.txt,23,-25.0,-1,87.000,-0.1254,-0.895
kp25 run1.txt,23,-25.0,-1,88.000,-0.1335,-1.095
kp25 run1.txt,23,-25.0,-1,89.000,-0.1313,-1.041
kp25 run1.txt,23,-25.0,-1,90.000,-0.1269,-0.931
kp25 run1.txt,23,-25.0,-1,91.000,-0.1269,-0.931
kp25 run1.txt,23,-25.0,-1,92.000,-0.132,-1.059
kp25 run1.txt,23,-25.0,-1,93.000,-0.1254,-0.895
kp25 run1.txt,23,-25.0,-1,94.000,-0.1287,-0.977
kp25 run1.txt,23,-25.0,-1,95.000,-0.1276,-0.95
kp25 run1.txt,23,-25.0,-1,96.000,-0.124,-0.858
kp25 run1.txt,23,-25.0,-1,97.000,-0.1211,-0.785
kp25 run1.txt,23,-25.0,-1,98.000,-0.124,-0.858
kp25 run1.txt,23,-25.0,-1,99.000,-0.1196,-0.749
kp25 run1.txt,23,-25.0,-1,100.000,-0.1189,-0.731
kp25 run1.txt,23,-25.0,-1,101.000,-0.1167,-0.676
kp25 run1.txt,23,-25.0,-1,102.000,-0.1225,-0.822
kp25 run1.txt,23,-25.0,-1,103.000,-0.12,-0.758
kp25 run1.txt,23,-25.0,-1,104.000,-0.116,-0.658
kp25 run1.txt,23,-25.0,-1,105.000,-0.1145,-0.621
kp25 run1.txt,23,-25.0,-1,106.000,-0.1152,-0.64
kp25 run1.txt,23,-25.0,-1,107.000,-0.1138,-0.603
kp25 run1.txt,23,-25.0,-1,108.000,-0.1116,-0.549
kp25 run1.txt,23,-25.0,-1,109.000,-0.1112,-0.539
kp25 run1.txt,23,-25.0,-1,110.000,-0.1218,-0.804
kp25 run1.txt,23,-25.0,-1,111.000,-0.1109,-0.53
kp25 run1.txt,23,-25.0,-1,112.000,-0.1072,-0.439
kp25 run1.txt,23,-25.0,-1,113.000,-0.1043,-0.366
kp25 run1.txt,23,-25.0,-1,114.000,-0.105,-0.385
kp25 run1.txt,23,-25.0,-1,115.000,-0.1021,-0.312
kp25 run1.txt,23,-25.0,-1,116.000,-0.1036,-0.348
kp25 run1.txt,23,-25.0,-1,117.000,-0.1021,-0.312
kp25 run1.txt,23,-25.0,-1,118.000,-0.1017,-0.303
kp25 run1.txt,23,-25.0,-1,119.000,-0.1043,-0.366
kp25 run1.txt,23,-25.0,-1,120.000,-0.0999,0.279
kp25 run1.txt,23,-25.0,-1,121.000,-0.089,0.552
kp25 run1.txt,23,-25.0,-1,122.000,-0.1072,-0.439
kp25 run1.txt,23,-25.0,-1,123.000,-0.1006,-0.275
kp25 run1.txt,23,-25.0,-1,124.000,-0.0963,0.37
kp25 run1.txt,23,-25.0,-1,125.000,-0.0959,0.379
kp25 run1.txt,23,-25.0,-1,126.000,-0.1101,-0.512
kp25 run1.txt,23,-25.0,-1,127.000,-0.0963,0.37
kp25 run1.txt,23,-25.0,-1,128.000,-0.0966,0.361
kp25 run1.txt,23,-25.0,-1,129.000,-0.0937,0.434
kp25 run1.txt,23,-25.0,-1,130.000,-0.0941,0.425
kp25 run1.txt,23,-25.0,-1,131.000,-0.093,0.452
kp25 run1.txt,23,-25.0,-1,132.000,-0.1079,-0.457
kp25 run1.txt,23,-25.0,-1,133.000,-0.089,0.552
kp25 run1.txt,23,-25.0,-1,134.000,-0.0937,0.434
kp25 run1.txt,23,-25.0,-1,135.000,-0.093,0.452
kp25 run1.txt,23,-25.0,-1,136.000,-0.0904,0.516
kp25 run1.txt,23,-25.0,-1,137.000,-0.1014,-0.293
kp25 run1.txt,23,-25.0,-1,138.000,-0.0919,0.48
kp25 run1.txt,23,-25.0,-1,139.000,-0.0912,0.498
kp25 run1.txt,23,-25.0,-1,140.000,-0.1014,-0.293
kp25 run1.txt,23,-25.0,-1,141.000,-0.0934,0.443
kp25 run1.txt,23,-25.0,-1,142.000,-0.0966,0.361
kp25 run1.txt,23,-25.0,-1,143.000,-0.0926,0.461
kp25 run1.txt,23,-25.0,-1,144.000,-0.0941,0.425
kp25 run1.txt,23,-25.0,-1,145.000,-0.0897,0.534
kp25 run1.txt,23,-25.0,-1,146.000,-0.0904,0.516
kp25 run1.txt,23,-25.0,-1,147.000,-0.0926,0.461
kp25 run1.txt,23,-25.0,-1,148.000,-0.0963,0.37
kp25 run1.txt,23,-25.0,-1,149.000,-0.0915,0.489
kp25 run1.txt,23,-25.0,-1,150.000,-0.0926,0.461
kp25 run1.txt,23,-25.0,-1,151.000,-0.0963,0.37
kp25 run1.txt,23,-25.0,-1,152.000,-0.0948,0.407
kp25 run1.txt,23,-25.0,-1,153.000,-0.0934,0.443
kp25 run1.txt,23,-25.0,-1,154.000,-0.0937,0.434
kp25 run1.txt,23,-25.0,-1,155.000,-0.0955,0.388
kp25 run1.txt,23,-25.0,-1,156.000,-0.0926,0.461
kp25 run1.txt,23,-25.0,-1,157.000,-0.0926,0.461
kp25 run1.txt,23,-25.0,-1,158.000,-0.0934,0.443
kp25 run1.txt,23,-25.0,-1,159.000,-0.0919,0.48
kp25 run1.txt,23,-25.0,-1,160.000,-0.0934,0.443
kp25 run1.txt,23,-25.0,-1,161.000,-0.0912,0.498
kp25 run1.txt,23,-25.0,-1,162.000,-0.0934,0.443
kp25 run1.txt,23,-25.0,-1,163.000,-0.0948,0.407
kp25 run1.txt,23,-25.0,-1,164.000,-0.0912,0.498
kp25 run1.txt,23,-25.0,-1,165.000,-0.0977,0.334
kp25 run1.txt,23,-25.0,-1,166.000,-0.0937,0.434
kp25 run1.txt,23,-25.0,-1,167.000,-0.0926,0.461
kp25 run1.txt,23,-25.0,-1,168.000,-0.0955,0.388
kp25 run1.txt,23,-25.0,-1,169.000,-0.0985,0.316
kp25 run1.txt,23,-25.0,-1,170.000,-0.0955,0.388
kp25 run1.txt,23,-25.0,-1,171.000,-0.0955,0.388
kp25 run1.txt,23,-25.0,-1,172.000,-0.0985,0.316
kp25 run1.txt,23,-25.0,-1,173.000,-0.0948,0.407
kp25 run1.txt,23,-25.0,-1,174.000,-0.0974,0.343
kp25 run1.txt,23,-25.0,-1,175.000,-0.0966,0.361
kp25 run1.txt,23,-25.0,-1,176.000,-0.0985,0.316
kp25 run1.txt,23,-25.0,-1,177.000,-0.0992,0.297
kp25 run1.txt,23,-25.0,-1,178.000,-0.0992,0.297
kp25 run1.txt,23,-25.0,-1,179.000,-0.1043,-0.366
kp25 run1.txt,23,-25.0,-1,180.000,-0.0996,0.288
kp25 run1.txt,23,-25.0,-1,181.000,-0.0992,0.297
kp25 run1.txt,23,-25.0,-1,182.000,-0.0985,0.316
kp25 run1.txt,23,-25.0,-1,183.000,-0.0963,0.37
kp25 run1.txt,23,-25.0,-1,184.000,-0.1006,-0.275
kp25 run1.txt,23,-25.0,-1,185.000,-0.1006,-0.275
kp25 run1.txt,23,-25.0,-1,186.000,-0.097,0.352
kp25 run1.txt,23,-25.0,-1,187.000,-0.1017,-0.303
kp25 run1.txt,23,-25.0,-1,188.000,-0.1025,-0.321
kp25 run1.txt,23,-25.0,-1,189.000,-0.1036,-0.348
kp25 run1.txt,23,-25.0,-1,190.000,-0.1043,-0.366
kp25 run1.txt,23,-25.0,-1,191.000,-0.1003,-0.266
kp25 run1.txt,23,-25.0,-1,192.000,-0.1028,-0.33
kp25 run1.txt,23,-25.0,-1,193.000,-0.1006,-0.275
kp25 run1.txt,23,-25.0,-1,194.000,-0.0996,0.288
kp25 run1.txt,23,-25.0,-1,195.000,-0.1014,-0.293
kp25 run1.txt,23,-25.0,-1,196.000,-0.1036,-0.348
kp25 run1.txt,23,-25.0,-1,197.000,-0.1025,-0.321
kp25 run1.txt,23,-25.0,-1,198.000,-0.0996,0.288
kp25 run1.txt,23,-25.0,-1,199.000,-0.1014,-0.293
kp25 run1.txt,23,-25.0,-1,200.000,-0.0977,0.334
kp25 run1.txt,23,-25.0,-1,201.000,-0.1058,-0.403
kp25 run1.txt,23,-25.0,-1,202.000,-0.0977,0.334
kp25 run1.txt,23,-25.0,-1,203.000,-0.1043,-0.366
kp25 run1.txt,23,-25.0,-1,204.000,-0.113,-0.585
kp25 run1.txt,23,-25.0,-1,205.000,-0.0985,0.316
kp25 run1.txt,23,-25.0,-1,206.000,-0.1072,-0.439
kp25 run1.txt,23,-25.0,-1,207.000,-0.105,-0.385
kp25 run1.txt,23,-25.0,-1,208.000,-0.1054,-0.394
kp25 run1.txt,23,-25.0,-1,209.000,-0.1014,-0.293
kp25 run1.txt,23,-25.0,-1,210.000,-0.1025,-0.321
kp25 run1.txt,23,-25.0,-1,211.000,-0.1025,-0.321
kp25 run1.txt,23,-25.0,-1,212.000,-0.0999,0.279
kp25 run1.txt,23,-25.0,-1,213.000,-0.1021,-0.312
kp25 run1.txt,23,-25.0,-1,214.000,-0.1014,-0.293
kp25 run1.txt,23,-25.0,-1,215.000,-0.1014,-0.293
kp25 run1.txt,23,-25.0,-1,216.000,-0.1021,-0.312
kp25 run1.txt,23,-25.0,-1,217.000,-0.1025,-0.321
kp25 run1.txt,23,-25.0,-1,218.000,-0.0985,0.316
kp25 run1.txt,23,-25.0,-1,219.000,-0.1021,-0.312
kp25 run1.txt,23,-25.0,-1,220.000,-0.1065,-0.421
kp25 run1.txt,23,-25.0,-1,221.000,-0.1025,-0.321
kp25 run1.txt,23,-25.0,-1,222.000,-0.1079,-0.457
kp25 run1.txt,23,-25.0,-1,223.000,-0.1021,-0.312
kp25 run1.txt,23,-25.0,-1,224.000,-0.097,0.352
kp25 run1.txt,23,-25.0,-1,225.000,-0.1036,-0.348
kp25 run1.txt,23,-25.0,-1,226.000,-0.1021,-0.312
kp25 run1.txt,23,-25.0,-1,227.000,-0.1025,-0.321
kp25 run1.txt,23,-25.0,-1,228.000,-0.109,-0.485
kp25 run1.txt,23,-25.0,-1,229.000,-0.1054,-0.394
kp25 run1.txt,23,-25.0,-1,230.000,-0.1021,-0.312
kp25 run1.txt,23,-25.0,-1,231.000,-0.1025,-0.321
kp25 run1.txt,23,-25.0,-1,232.000,-0.1043,-0.366
kp25 run1.txt,23,-25.0,-1,233.000,-0.1021,-0.312
kp25 run1.txt,23,-25.0,-1,234.000,-0.1021,-0.312
kp25 run1.txt,23,-25.0,-1,235.000,-0.1079,-0.457
kp25 run1.txt,23,-25.0,-1,236.000,-0.1021,-0.312
kp25 run1.txt,23,-25.0,-1,237.000,-0.1043,-0.366
kp25 run1.txt,23,-25.0,-1,238.000,-0.1032,-0.339
kp25 run1.txt,23,-25.0,-1,239.000,-0.1014,-0.293
kp25 run1.txt,23,-25.0,-1,240.000,-0.1021,-0.312
kp25 run1.txt,23,-25.0,-1,241.000,-0.101,-0.284
kp25 run1.txt,23,-25.0,-1,242.000,-0.1006,-0.275
kp25 run1.txt,23,-25.0,-1,243.000,-0.1058,-0.403
kp25 run1.txt,23,-25.0,-1,244.000,-0.1025,-0.321
kp25 run1.txt,23,-25.0,-1,245.000,-0.097,0.352
kp25 run1.txt,23,-25.0,-1,246.000,-0.0992,0.297
kp25 run1.txt,23,-25.0,-1,247.000,-0.0999,0.279
kp25 run1.txt,23,-25.0,-1,248.000,-0.0992,0.297
kp25 run1.txt,23,-25.0,-1,249.000,-0.0992,0.297
kp25 run1.txt,23,-25.0,-1,250.000,-0.0839,0.68
kp25 run1.txt,23,-25.0,-1,251.000,-0.0985,0.316
kp25 run1.txt,23,-25.0,-1,252.000,-0.1021,-0.312
kp25 run1.txt,23,-25.0,-1,253.000,-0.0992,0.297
kp25 run1.txt,23,-25.0,-1,254.000,-0.0985,0.316
kp25 run1.txt,23,-25.0,-1,255.000,-0.1032,-0.339
kp25 run1.txt,23,-25.0,-1,256.000,-0.1021,-0.312
kp25 run1.txt,23,-25.0,-1,257.000,-0.1006,-0.275
kp25 run1.txt,23,-25.0,-1,258.000,-0.0985,0.316
kp25 run1.txt,23,-25.0,-1,259.000,-0.0992,0.297
kp25 run1.txt,23,-25.0,-1,260.000,-0.0999,0.279
kp25 run1.txt,23,-25.0,-1,261.000,-0.0985,0.316
kp25 run1.txt,23,-25.0,-1,262.000,-0.0988,0.306
kp25 run1.txt,23,-25.0,-1,263.000,-0.0985,0.316
kp25 run1.txt,23,-25.0,-1,264.000,-0.0992,0.297
kp25 run1.txt,23,-25.0,-1,265.000,-0.0996,0.288
kp25 run1.txt,23,-25.0,-1,266.000,-0.1014,-0.293
kp25 run1.txt,23,-25.0,-1,267.000,-0.0992,0.297
kp25 run1.txt,23,-25.0,-1,268.000,-0.1021,-0.312
kp25 run1.txt,23,-25.0,-1,269.000,-0.0941,0.425
kp25 run1.txt,23,-25.0,-1,270.000,-0.0999,0.279
kp25 run1.txt,23,-25.0,-1,271.000,-0.0996,0.288
kp25 run1.txt,23,-25.0,-1,272.000,-0.0999,0.279
kp25 run1.txt,23,-25.0,-1,273.000,-0.1006,-0.275
kp25 run1.txt,23,-25.0,-1,274.000,-0.0999,0.279
kp25 run1.txt,23,-25.0,-1,275.000,-0.0992,0.297
kp25 run1.txt,23,-25.0,-1,276.000,-0.1043,-0.366
kp25 run1.txt,23,-25.0,-1,277.000,-0.1014,-0.293
kp25 run1.txt,23,-25.0,-1,278.000,-0.1021,-0.312
kp25 run1.txt,23,-25.0,-1,279.000,-0.0992,0.297
kp25 run1.txt,23,-25.0,-1,280.000,-0.0992,0.297
kp25 run1.txt,23,-25.0,-1,281.000,-0.0992,0.297
kp25 run1.txt,23,-25.0,-1,282.000,-0.0974,0.343
kp25 run1.txt,23,-25.0,-1,283.000,-0.0996,0.288
kp25 run1.txt,23,-25.0,-1,284.000,-0.0992,0.297
kp25 run1.txt,23,-25.0,-1,285.000,-0.1017,-0.303
kp25 run1.txt,23,-25.0,-1,286.000,-0.0992,0.297
kp25 run1.txt,23,-25.0,-1,287.000,-0.0955,0.388
kp25 run1.txt,23,-25.0,-1,288.000,-0.105,-0.385
kp25 run1.txt,23,-25.0,-1,289.000,-0.0992,0.297
kp25 run1.txt,23,-25.0,-1,290.000,-0.0999,0.279
kp25 run1.txt,23,-25.0,-1,291.000,-0.0966,0.361
kp25 run1.txt,23,-25.0,-1,292.000,-0.1006,-0.275
kp25 run1.txt,23,-25.0,-1,293.000,-0.0992,0.297
kp25 run1.txt,23,-25.0,-1,294.000,-0.1006,-0.275
kp25 run1.txt,23,-25.0,-1,295.000,-0.0977,0.334
kp25 run1.txt,23,-25.0,-1,296.000,-0.1028,-0.33
kp25 run1.txt,23,-25.0,-1,297.000,-0.0992,0.297
kp25 run1.txt,23,-25.0,-1,298.000,-0.0992,0.297
kp25 run1.txt,23,-25.0,-1,299.000,-0.0966,0.361
kp25 run1.txt,23,-25.0,-1,300.000,-0.097,0.352
kp25 run1.txt,23,-25.0,-1,301.000,-0.0875,0.589
kp25 run1.txt,23,-25.0,-1,302.000,-0.0999,0.279
kp25 run1.txt,23,-25.0,-1,303.000,-0.0992,0.297
kp25 run1.txt,23,-25.0,-1,304.000,-0.1109,-0.53
kp25 run1.txt,23,-25.0,-1,305.000,-0.1006,-0.275
kp25 run1.txt,23,-25.0,-1,306.000,-0.0996,0.288
kp25 run1.txt,23,-25.0,-1,307.000,-0.097,0.352
kp25 run1.txt,23,-25.0,-1,308.000,-0.1032,-0.339
kp25 run1.txt,23,-25.0,-1,309.000,-0.097,0.352
kp25 run1.txt,23,-25.0,-1,310.000,-0.0996,0.288
kp25 run1.txt,23,-25.0,-1,311.000,-0.0963,0.37
kp25 run1.txt,23,-25.0,-1,312.000,-0.1014,-0.293
kp25 run1.txt,23,-25.0,-1,313.000,-0.1021,-0.312
kp25 run1.txt,23,-25.0,-1,314.000,-0.0926,0.461
kp25 run1.txt,23,-25.0,-1,315.000,-0.0985,0.316
kp25 run1.txt,23,-25.0,-1,316.000,-0.0992,0.297
kp25 run1.txt,23,-25.0,-1,317.000,-0.0966,0.361
kp25 run1.txt,23,-25.0,-1,318.000,-0.0985,0.316
kp25 run1.txt,23,-25.0,-1,319.000,-0.1014,-0.293
kp25 run1.txt,23,-25.0,-1,320.000,-0.0985,0.316
kp25 run1.txt,23,-25.0,-1,321.000,-0.1054,-0.394
kp25 run1.txt,23,-25.0,-1,322.000,-0.0966,0.361
kp25 run1.txt,23,-25.0,-1,323.000,-0.0996,0.288
kp25 run1.txt,23,-25.0,-1,324.000,-0.1006,-0.275
kp25 run1.txt,23,-25.0,-1,325.000,-0.0977,0.334
kp25 run1.txt,23,-25.0,-1,326.000,-0.1014,-0.293
kp25 run1.txt,23,-25.0,-1,327.000,-0.0992,0.297
kp25 run1.txt,23,-25.0,-1,328.000,-0.1006,-0.275
kp25 run1.txt,23,-25.0,-1,329.000,-0.1014,-0.293
kp25 run1.txt,23,-25.0,-1,330.000,-0.0985,0.316
kp25 run1.txt,23,-25.0,-1,331.000,-0.0996,0.288
kp25 run1.txt,23,-25.0,-1,332.000,-0.0977,0.334
kp25 run1.txt,23,-25.0,-1,333.000,-0.0992,0.297
kp25 run1.txt,23,-25.0,-1,334.000,-0.1025,-0.321
kp25 run1.txt,23,-25.0,-1,335.000,-0.0985,0.316
kp25 run1.txt,23,-25.0,-1,336.000,-0.0963,0.37
kp25 run1.txt,23,-25.0,-1,337.000,-0.1014,-0.293
kp25 run1.txt,23,-25.0,-1,338.000,-0.105,-0.385
kp25 run1.txt,23,-25.0,-1,339.000,-0.1006,-0.275
kp25 run1.txt,23,-25.0,-1,340.000,-0.1006,-0.275
kp25 run1.txt,23,-25.0,-1,341.000,-0.0999,0.279
kp25 run1.txt,23,-25.0,-1,342.000,-0.0992,0.297
kp25 run1.txt,23,-25.0,-1,343.000,-0.1006,-0.275
kp25 run1.txt,23,-25.0,-1,344.000,-0.1014,-0.293
kp25 run1.txt,23,-25.0,-1,345.000,-0.0992,0.297
kp25 run1.txt,23,-25.0,-1,346.000,-0.0999,0.279
kp25 run1.txt,23,-25.0,-1,347.000,-0.0955,0.388
kp25 run1.txt,23,-25.0,-1,348.000,-0.1039,-0.357
kp25 run1.txt,23,-25.0,-1,349.000,-0.1006,-0.275
kp25 run1.txt,23,-25.0,-1,350.000,-0.0992,0.297
kp25 run1.txt,23,-25.0,-1,351.000,-0.1006,-0.275
kp25 run1.txt,23,-25.0,-1,352.000,-0.0996,0.288
kp25 run1.txt,23,-25.0,-1,353.000,-0.1021,-0.312
kp25 run1.txt,23,-25.0,-1,354.000,-0.1014,-0.293
kp25 run1.txt,23,-25.0,-1,355.000,-0.1072,-0.439
kp25 run1.txt,23,-25.0,-1,356.000,-0.0985,0.316
kp25 run1.txt,23,-25.0,-1,357.000,-0.1014,-0.293
kp25 run1.txt,23,-25.0,-1,358.000,-0.0996,0.288
kp25 run1.txt,23,-25.0,-1,359.000,-0.1006,-0.275
kp25 run1.txt,23,-25.0,-1,360.000,-0.1123,-0.567
kp25 run1.txt,23,-25.0,-1,361.000,-0.1006,-0.275
kp25 run1.txt,23,-25.0,-1,362.000,-0.1021,-0.312
kp25 run1.txt,23,-25.0,-1,363.000,-0.0996,0.288
kp25 run1.txt,23,-25.0,-1,364.000,-0.1028,-0.33
kp25 run1.txt,23,-25.0,-1,365.000,-0.0992,0.297
kp25 run1.txt,23,-25.0,-1,366.000,-0.0992,0.297
kp25 run1.txt,23,-25.0,-1,367.000,-0.1043,-0.366
kp25 run1.txt,23,-25.0,-1,368.000,-0.0974,0.343
kp25 run1.txt,23,-25.0,-1,369.000,-0.0992,0.297
kp25 run1.txt,23,-25.0,-1,370.000,-0.0948,0.407
kp25 run1.txt,23,-25.0,-1,371.000,-0.0992,0.297
kp25 run1.txt,23,-25.0,-1,372.000,-0.0992,0.297
kp25 run1.txt,23,-25.0,-1,373.000,-0.1006,-0.275
kp25 run1.txt,23,-25.0,-1,374.000,-0.0996,0.288
kp25 run1.txt,23,-25.0,-1,375.000,-0.0999,0.279
kp25 run1.txt,23,-25.0,-1,376.000,-0.0977,0.334
kp25 run1.txt,23,-25.0,-1,377.000,-0.0992,0.297
kp25 run1.txt,23,-25.0,-1,378.000,-0.1006,-0.275
kp25 run1.txt,23,-25.0,-1,379.000,-0.1006,-0.275
kp25 run1.txt,23,-25.0,-1,380.000,-0.0999,0.279
kp25 run1.txt,23,-25.0,-1,381.000,-0.1006,-0.275
kp25 run1.txt,23,-25.0,-1,382.000,-0.0966,0.361
kp25 run1.txt,23,-25.0,-1,383.000,-0.0985,0.316
kp25 run1.txt,23,-25.0,-1,384.000,-0.0992,0.297
kp25 run1.txt,23,-25.0,-1,385.000,-0.0985,0.316
kp25 run1.txt,23,-25.0,-1,386.000,-0.097,0.352
kp25 run1.txt,23,-25.0,-1,387.000,-0.1006,-0.275
kp25 run1.txt,23,-25.0,-1,388.000,-0.0963,0.37
kp25 run1.txt,23,-25.0,-1,389.000,-0.0992,0.297
kp25 run1.txt,23,-25.0,-1,390.000,-0.1006,-0.275
kp25 run1.txt,23,-25.0,-1,391.000,-0.1003,-0.266
kp25 run1.txt,23,-25.0,-1,392.000,-0.0992,0.297
kp25 run1.txt,23,-25.0,-1,393.000,-0.0985,0.316
kp25 run1.txt,23,-25.0,-1,394.000,-0.0985,0.316
kp25 run1.txt,23,-25.0,-1,395.000,-0.0955,0.388
kp25 run1.txt,23,-25.0,-1,396.000,-0.1032,-0.339
kp25 run1.txt,23,-25.0,-1,397.000,-0.0985,0.316
kp25 run1.txt,23,-25.0,-1,398.000,-0.0992,0.297
kp25 run1.txt,23,-25.0,-1,399.000,-0.0992,0.297
kp25 run1.txt,23,-25.0,-1,400.000,-0.0985,0.316
kp25 run1.txt,23,-25.0,-1,401.000,-0.0977,0.334
kp25 run1.txt,23,-25.0,-1,402.000,-0.101,-0.284
kp25 run1.txt,23,-25.0,-1,403.000,-0.0948,0.407
kp25 run1.txt,23,-25.0,-1,404.000,-0.0908,0.507
kp25 run1.txt,23,-25.0,-1,405.000,-0.105,-0.385
kp25 run1.txt,23,-25.0,-1,406.000,-0.1006,-0.275
kp25 run1.txt,23,-25.0,-1,407.000,-0.0992,0.297
kp25 run1.txt,23,-25.0,-1,408.000,-0.1006,-0.275
kp25 run1.txt,23,-25.0,-1,409.000,-0.0977,0.334
kp25 run1.txt,23,-25.0,-1,410.000,-0.1028,-0.33
kp25 run1.txt,23,-25.0,-1,411.000,-0.0926,0.461
kp25 run1.txt,23,-25.0,-1,412.000,-0.0985,0.316
kp25 run1.txt,23,-25.0,-1,413.000,-0.1028,-0.33
kp25 run1.txt,23,-25.0,-1,414.000,-0.1006,-0.275
kp25 run1.txt,23,-25.0,-1,415.000,-0.0985,0.316
kp25 run1.txt,23,-25.0,-1,416.000,-0.1079,-0.457
kp25 run1.txt,23,-25.0,-1,417.000,-0.0992,0.297
kp25 run1.txt,23,-25.0,-1,418.000,-0.0985,0.316
kp25 run1.txt,23,-25.0,-1,419.000,-0.0963,0.37
kp25 run1.txt,23,-25.0,-1,420.000,-0.1043,-0.366
kp25 run1.txt,23,-25.0,-1,421.000,-0.0992,0.297
kp25 run1.txt,23,-25.0,-1,422.000,-0.0992,0.297
kp25 run1.txt,23,-25.0,-1,423.000,-0.1014,-0.293
kp25 run1.txt,23,-25.0,-1,424.000,-0.1006,-0.275
kp25 run1.txt,23,-25.0,-1,425.000,-0.0977,0.334
kp25 run1.txt,23,-25.0,-1,426.000,-0.0996,0.288
kp25 run1.txt,23,-25.0,-1,427.000,-0.1006,-0.275
kp25 run1.txt,23,-25.0,-1,428.000,-0.0992,0.297
kp25 run1.txt,23,-25.0,-1,429.000,-0.0992,0.297
kp25 run1.txt,23,-25.0,-1,430.000,-0.1021,-0.312
kp25 run1.txt,23,-25.0,-1,431.000,-0.0985,0.316
kp25 run1.txt,23,-25.0,-1,432.000,-0.1014,-0.293
kp25 run1.txt,23,-25.0,-1,433.000,-0.1036,-0.348
kp25 run1.txt,23,-25.0,-1,434.000,-0.1014,-0.293
kp25 run1.txt,23,-25.0,-1,435.000,-0.0974,0.343
kp25 run1.txt,23,-25.0,-1,436.000,-0.1006,-0.275
kp25 run1.txt,23,-25.0,-1,437.000,-0.1006,-0.275
kp25 run1.txt,23,-25.0,-1,438.000,-0.0977,0.334
kp25 run1.txt,23,-25.0,-1,439.000,-0.1014,-0.293
kp25 run1.txt,23,-25.0,-1,440.000,-0.0985,0.316
kp25 run1.txt,23,-25.0,-1,441.000,-0.1021,-0.312
kp25 run1.txt,23,-25.0,-1,442.000,-0.1006,-0.275
kp25 run1.txt,23,-25.0,-1,443.000,-0.1006,-0.275
kp25 run1.txt,23,-25.0,-1,444.000,-0.0999,0.279
kp25 run1.txt,23,-25.0,-1,445.000,-0.0897,0.534
kp25 run1.txt,23,-25.0,-1,446.000,-0.0992,0.297
kp25 run1.txt,23,-25.0,-1,447.000,-0.0992,0.297
kp25 run1.txt,23,-25.0,-1,448.000,-0.0992,0.297
kp25 run1.txt,23,-25.0,-1,449.000,-0.1014,-0.293
kp25 run1.txt,23,-25.0,-1,450.000,-0.0992,0.297
kp25 run1.txt,23,-25.0,-1,451.000,-0.0999,0.279
kp25 run1.txt,23,-25.0,-1,452.000,-0.0996,0.288
kp25 run1.txt,23,-25.0,-1,453.000,-0.0992,0.297
kp25 run1.txt,23,-25.0,-1,454.000,-0.0985,0.316
kp25 run1.txt,23,-25.0,-1,455.000,-0.1109,-0.53
kp25 run1.txt,23,-25.0,-1,456.000,-0.1101,-0.512
kp25 run1.txt,23,-25.0,-1,457.000,-0.1014,-0.293
kp25 run1.txt,23,-25.0,-1,458.000,-0.1025,-0.321
kp25 run1.txt,23,-25.0,-1,459.000,-0.1025,-0.321
kp25 run1.txt,23,-25.0,-1,460.000,-0.1014,-0.293
kp25 run1.txt,23,-25.0,-1,461.000,-0.0985,0.316
kp25 run1.txt,23,-25.0,-1,462.000,-0.1021,-0.312
kp25 run1.txt,23,-25.0,-1,463.000,-0.1006,-0.275
kp25 run1.txt,23,-25.0,-1,464.000,-0.0992,0.297
kp25 run1.txt,23,-25.0,-1,465.000,-0.0996,0.288
kp25 run1.txt,23,-25.0,-1,466.000,-0.1006,-0.275
kp25 run1.txt,23,-25.0,-1,467.000,-0.1006,-0.275
kp25 run1.txt,23,-25.0,-1,468.000,-0.1021,-0.312
kp25 run1.txt,23,-25.0,-1,469.000,-0.0999,0.279
kp25 run1.txt,23,-25.0,-1,470.000,-0.0999,0.279
kp25 run1.txt,23,-25.0,-1,471.000,-0.0999,0.279
kp25 run1.txt,23,-25.0,-1,472.000,-0.1006,-0.275
kp25 run1.txt,23,-25.0,-1,473.000,-0.0985,0.316
kp25 run1.txt,23,-25.0,-1,474.000,-0.1079,-0.457
kp25 run1.txt,23,-25.0,-1,475.000,-0.0999,0.279
kp25 run1.txt,23,-25.0,-1,476.000,-0.1014,-0.293
kp25 run1.txt,23,-25.0,-1,477.000,-0.1014,-0.293
kp25 run1.txt,23,-25.0,-1,478.000,-0.1006,-0.275
kp25 run1.txt,23,-25.0,-1,479.000,-0.1006,-0.275
kp25 run1.txt,23,-25.0,-1,480.000,-0.0963,0.37
kp25 run1.txt,23,-25.0,-1,481.000,-0.0897,0.534
kp25 run1.txt,23,-25.0,-1,482.000,-0.1006,-0.275
kp25 run1.txt,23,-25.0,-1,483.000,-0.1014,-0.293
kp25 run1.txt,23,-25.0,-1,484.000,-0.1003,-0.266
kp25 run1.txt,23,-25.0,-1,485.000,-0.1006,-0.275
kp25 run1.txt,23,-25.0,-1,486.000,-0.1028,-0.33
kp25 run1.txt,23,-25.0,-1,487.000,-0.1006,-0.275
kp25 run1.txt,23,-25.0,-1,488.000,-0.0992,0.297
kp25 run1.txt,23,-25.0,-1,489.000,-0.1006,-0.275
kp25 run1.txt,23,-25.0,-1,490.000,-0.0966,0.361
kp25 run1.txt,23,-25.0,-1,491.000,-0.1014,-0.293
kp25 run1.txt,23,-25.0,-1,492.000,-0.0999,0.279
kp25 run1.txt,23,-25.0,-1,493.000,-0.1021,-0.312
kp25 run1.txt,23,-25.0,-1,494.000,-0.1021,-0.312
kp25 run1.txt,23,-25.0,-1,495.000,-0.0926,0.461
kp25 run1.txt,23,-25.0,-1,496.000,-0.0999,0.279
kp25 run1.txt,23,-25.0,-1,497.000,-0.1036,-0.348
kp25 run1.txt,23,-25.0,-1,498.000,-0.1036,-0.348
kp25 run1.txt,23,-25.0,-1,499.000,-0.0999,0.279
kp25 run1.txt,23,-25.0,-1,500.000,-0.0999,0.279
kp25 run1.txt,23,-25.0,-1,501.000,-0.1014,-0.293
kp25 run1.txt,23,-25.0,-1,502.000,-0.0999,0.279
kp25 run1.txt,23,-25.0,-1,503.000,-0.1006,-0.275
kp25 run1.txt,23,-25.0,-1,504.000,-0.1014,-0.293
kp25 run1.txt,23,-25.0,-1,505.000,-0.1116,-0.549
kp25 run1.txt,23,-25.0,-1,506.000,-0.1017,-0.303
kp25 run1.txt,23,-25.0,-1,507.000,-0.1021,-0.312
kp25 run1.txt,23,-25.0,-1,508.000,-0.1021,-0.312
kp25 run1.txt,23,-25.0,-1,509.000,-0.1014,-0.293
kp25 run1.txt,23,-25.0,-1,510.000,-0.0919,0.48
kp25 run1.txt,23,-25.0,-1,511.000,-0.0999,0.279
kp25 run1.txt,23,-25.0,-1,512.000,-0.0977,0.334
kp25 run1.txt,23,-25.0,-1,513.000,-0.1028,-0.33
kp25 run1.txt,23,-25.0,-1,514.000,-0.1006,-0.275
kp25 run1.txt,23,-25.0,-1,515.000,-0.0992,0.297
kp25 run1.txt,23,-25.0,-1,516.000,-0.1079,-0.457
kp25 run1.txt,23,-25.0,-1,517.000,-0.0999,0.279
kp25 run1.txt,23,-25.0,-1,518.000,-0.1043,-0.366
kp25 run1.txt,23,-25.0,-1,519.000,-0.0996,0.288
kp25 run1.txt,23,-25.0,-1,520.000,-0.1014,-0.293
kp25 run1.txt,23,-25.0,-1,521.000,-0.1083,-0.467
kp25 run1.txt,23,-25.0,-1,522.000,-0.1021,-0.312
kp25 run1.txt,23,-25.0,-1,523.000,-0.1021,-0.312
kp25 run1.txt,23,-25.0,-1,524.000,-0.1006,-0.275
kp25 run1.txt,23,-25.0,-1,525.000,-0.1021,-0.312
kp25 run1.txt,23,-25.0,-1,526.000,-0.1065,-0.421
kp25 run1.txt,23,-25.0,-1,527.000,-0.0992,0.297
kp25 run1.txt,23,-25.0,-1,528.000,-0.0999,0.279
kp25 run1.txt,23,-25.0,-1,529.000,-0.0981,0.325
kp25 run1.txt,23,-25.0,-1,530.000,-0.0977,0.334
kp25 run1.txt,23,-25.0,-1,531.000,-0.0992,0.297
kp25 run1.txt,23,-25.0,-1,532.000,-0.1006,-0.275
kp25 run1.txt,23,-25.0,-1,533.000,-0.0992,0.297
kp25 run1.txt,23,-25.0,-1,534.000,-0.1076,-0.448
kp25 run1.txt,23,-25.0,-1,535.000,-0.0988,0.306
kp25 run1.txt,23,-25.0,-1,536.000,-0.0934,0.443
kp25 run1.txt,23,-25.0,-1,537.000,-0.0985,0.316
kp25 run1.txt,23,-25.0,-1,538.000,-0.0963,0.37
kp25 run1.txt,23,-25.0,-1,539.000,-0.1014,-0.293
kp25 run1.txt,23,-25.0,-1,540.000,-0.0999,0.279
kp25 run1.txt,23,-25.0,-1,541.000,-0.0992,0.297
kp25 run1.txt,23,-25.0,-1,542.000,-0.0999,0.279
kp25 run1.txt,23,-25.0,-1,543.000,-0.1014,-0.293
kp25 run1.txt,23,-25.0,-1,544.000,-0.1014,-0.293
kp25 run1.txt,23,-25.0,-1,545.000,-0.0999,0.279
kp25 run1.txt,23,-25.0,-1,546.000,-0.093,0.452
kp25 run1.txt,23,-25.0,-1,547.000,-0.0981,0.325
kp25 run1.txt,23,-25.0,-1,548.000,-0.0996,0.288
kp25 run1.txt,23,-25.0,-1,549.000,-0.0992,0.297
kp25 run1.txt,23,-25.0,-1,550.000,-0.0996,0.288
kp25 run1.txt,23,-25.0,-1,551.000,-0.0963,0.37
kp25 run1.txt,23,-25.0,-1,552.000,-0.1014,-0.293
kp25 run1.txt,23,-25.0,-1,553.000,-0.1021,-0.312
kp25 run1.txt,23,-25.0,-1,554.000,-0.1006,-0.275
kp25 run1.txt,23,-25.0,-1,555.000,-0.1043,-0.366
kp25 run1.txt,23,-25.0,-1,556.000,-0.1014,-0.293
kp25 run1.txt,23,-25.0,-1,557.000,-0.1017,-0.303
kp25 run1.txt,23,-25.0,-1,558.000,-0.1006,-0.275
kp25 run1.txt,23,-25.0,-1,559.000,-0.097,0.352
kp25 run1.txt,23,-25.0,-1,560.000,-0.1014,-0.293
kp25 run1.txt,23,-25.0,-1,561.000,-0.0904,0.516
kp25 run1.txt,23,-25.0,-1,562.000,-0.1014,-0.293
kp25 run1.txt,23,-25.0,-1,563.000,-0.0992,0.297
kp25 run1.txt,23,-25.0,-1,564.000,-0.0999,0.279
kp25 run1.txt,23,-25.0,-1,565.000,-0.113,-0.585
kp25 run1.txt,23,-25.0,-1,566.000,-0.1021,-0.312
kp25 run1.txt,23,-25.0,-1,567.000,-0.0992,0.297
kp25 run1.txt,23,-25.0,-1,568.000,-0.1032,-0.339
kp25 run1.txt,23,-25.0,-1,569.000,-0.1006,-0.275
kp25 run1.txt,23,-25.0,-1,570.000,-0.1021,-0.312
kp25 run1.txt,23,-25.0,-1,571.000,-0.0999,0.279
kp25 run1.txt,23,-25.0,-1,572.000,-0.0985,0.316
kp25 run1.txt,23,-25.0,-1,573.000,-0.1006,-0.275
kp25 run1.txt,23,-25.0,-1,574.000,-0.0992,0.297
kp25 run1.txt,23,-25.0,-1,575.000,-0.1006,-0.275
kp25 run1.txt,23,-25.0,-1,576.000,-0.1014,-0.293
kp25 run1.txt,23,-25.0,-1,577.000,-0.0999,0.279
kp25 run1.txt,23,-25.0,-1,578.000,-0.0996,0.288
kp25 run1.txt,23,-25.0,-1,579.000,-0.0999,0.279
kp25 run1.txt,23,-25.0,-1,580.000,-0.0955,0.388
kp25 run1.txt,23,-25.0,-1,581.000,-0.0999,0.279
kp25 run1.txt,23,-25.0,-1,582.000,-0.1014,-0.293
kp25 run1.txt,23,-25.0,-1,583.000,-0.1006,-0.275
kp25 run1.txt,23,-25.0,-1,584.000,-0.0992,0.297
kp25 run1.txt,23,-25.0,-1,585.000,-0.1028,-0.33
kp25 run1.txt,23,-25.0,-1,586.000,-0.1014,-0.293
kp25 run1.txt,23,-25.0,-1,587.000,-0.1006,-0.275
kp25 run1.txt,23,-25.0,-1,588.000,-0.0999,0.279
kp25 run1.txt,23,-25.0,-1,589.000,-0.0992,0.297
kp25 run1.txt,23,-25.0,-1,590.000,-0.0963,0.37
kp25 run1.txt,23,-25.0,-1,591.000,-0.1006,-0.275
kp25 run1.txt,23,-25.0,-1,592.000,-0.0992,0.297
kp25 run1.txt,23,-25.0,-1,593.000,-0.1014,-0.293
kp25 run1.txt,23,-25.0,-1,594.000,-0.0999,0.279
kp25 run1.txt,23,-25.0,-1,595.000,-0.1105,-0.521
kp25 run1.txt,23,-25.0,-1,596.000,-0.0762,0.871
kp25 run1.txt,23,-25.0,-1,597.000,-0.0963,0.37
kp25 run1.txt,23,-25.0,-1,598.000,-0.1072,-0.439
kp25 run1.txt,23,-25.0,-1,599.000,-0.0904,0.516
kp25 run1.txt,24,-25.0,1,0.000,-0.1014,-5.293
kp25 run1.txt,24,-25.0,1,1.000,-0.0977,-5.202
kp25 run1.txt,24,-25.0,1,2.000,-0.0985,-5.22
kp25 run1.txt,24,-25.0,1,3.000,-0.0992,-5.239
kp25 run1.txt,24,-25.0,1,4.000,-0.0974,-5.193
kp25 run1.txt,24,-25.0,1,5.000,-0.0985,-5.22
kp25 run1.txt,24,-25.0,1,6.000,-0.0955,-5.148
kp25 run1.txt,24,-25.0,1,7.000,-0.0934,-5.093
kp25 run1.txt,24,-25.0,1,8.000,-0.089,-4.984
kp25 run1.txt,24,-25.0,1,9.000,-0.0839,-4.856
kp25 run1.txt,24,-25.0,1,10.000,-0.0846,-4.874
kp25 run1.txt,24,-25.0,1,11.000,-0.085,-4.883
kp25 run1.txt,24,-25.0,1,12.000,-0.0751,-4.637
kp25 run1.txt,24,-25.0,1,13.000,-0.0839,-4.856
kp25 run1.txt,24,-25.0,1,14.000,-0.07,-4.51
kp25 run1.txt,24,-25.0,1,15.000,-0.0642,-4.364
kp25 run1.txt,24,-25.0,1,16.000,-0.0678,-4.455
kp25 run1.txt,24,-25.0,1,17.000,-0.0584,-4.218
kp25 run1.txt,24,-25.0,1,18.000,-0.0547,-4.127
kp25 run1.txt,24,-25.0,1,19.000,-0.0525,-4.072
kp25 run1.txt,24,-25.0,1,20.000,-0.0449,-3.881
kp25 run1.txt,24,-25.0,1,21.000,-0.0365,-3.671
kp25 run1.txt,24,-25.0,1,22.000,-0.035,-3.635
kp25 run1.txt,24,-25.0,1,23.000,-0.0292,-3.489
kp25 run1.txt,24,-25.0,1,24.000,-0.0401,-3.762
kp25 run1.txt,24,-25.0,1,25.000,-0.0175,-3.197
kp25 run1.txt,24,-25.0,1,26.000,0.0047,-2.642
kp25 run1.txt,24,-25.0,1,27.000,-0.0092,-2.988
kp25 run1.txt,24,-25.0,1,28.000,-0.0044,-2.869
kp25 run1.txt,24,-25.0,1,29.000,0.0025,-2.696
kp25 run1.txt,24,-25.0,1,30.000,0.0036,-2.669
kp25 run1.txt,24,-25.0,1,31.000,0.0113,-2.477
kp25 run1.txt,24,-25.0,1,32.000,0.0167,-2.341
kp25 run1.txt,24,-25.0,1,33.000,0.0211,-2.231
kp25 run1.txt,24,-25.0,1,34.000,0.0247,-2.14
kp25 run1.txt,24,-25.0,1,35.000,0.0262,-2.104
kp25 run1.txt,24,-25.0,1,36.000,0.035,-1.885
kp25 run1.txt,24,-25.0,1,37.000,0.0371,-1.83
kp25 run1.txt,24,-25.0,1,38.000,0.0433,-1.676
kp25 run1.txt,24,-25.0,1,39.000,0.0554,-1.375
kp25 run1.txt,24,-25.0,1,40.000,0.0525,-1.448
kp25 run1.txt,24,-25.0,1,41.000,0.0583,-1.302
kp25 run1.txt,24,-25.0,1,42.000,0.0638,-1.165
kp25 run1.txt,24,-25.0,1,43.000,0.0656,-1.12
kp25 run1.txt,24,-25.0,1,44.000,0.0663,-1.101
kp25 run1.txt,24,-25.0,1,45.000,0.0736,-0.919
kp25 run1.txt,24,-25.0,1,46.000,0.0776,-0.819
kp25 run1.txt,24,-25.0,1,47.000,0.0823,-0.7
kp25 run1.txt,24,-25.0,1,48.000,0.0845,-0.646
kp25 run1.txt,24,-25.0,1,49.000,0.086,-0.609
kp25 run1.txt,24,-25.0,1,50.000,0.0933,-0.427
kp25 run1.txt,24,-25.0,1,51.000,0.0882,-0.555
kp25 run1.txt,24,-25.0,1,52.000,0.1006,0.291
kp25 run1.txt,24,-25.0,1,53.000,0.0991,-0.281
kp25 run1.txt,24,-25.0,1,54.000,0.1057,0.419
kp25 run1.txt,24,-25.0,1,55.000,0.1086,0.492
kp25 run1.txt,24,-25.0,1,56.000,0.1093,0.51
kp25 run1.txt,24,-25.0,1,57.000,0.1144,0.637
kp25 run1.txt,24,-25.0,1,58.000,0.1155,0.665
kp25 run1.txt,24,-25.0,1,59.000,0.1166,0.692
kp25 run1.txt,24,-25.0,1,60.000,0.1195,0.765
kp25 run1.txt,24,-25.0,1,61.000,0.1217,0.82
kp25 run1.txt,24,-25.0,1,62.000,0.1235,0.865
kp25 run1.txt,24,-25.0,1,63.000,0.125,0.902
kp25 run1.txt,24,-25.0,1,64.000,0.1254,0.911
kp25 run1.txt,24,-25.0,1,65.000,0.1385,1.239
kp25 run1.txt,24,-25.0,1,66.000,0.129,1.002
kp25 run1.txt,24,-25.0,1,67.000,0.1166,0.692
kp25 run1.txt,24,-25.0,1,68.000,0.1297,1.02
kp25 run1.txt,24,-25.0,1,69.000,0.1319,1.075
kp25 run1.txt,24,-25.0,1,70.000,0.1312,1.057
kp25 run1.txt,24,-25.0,1,71.000,0.1326,1.093
kp25 run1.txt,24,-25.0,1,72.000,0.129,1.002
kp25 run1.txt,24,-25.0,1,73.000,0.1323,1.084
kp25 run1.txt,24,-25.0,1,74.000,0.1348,1.148
kp25 run1.txt,24,-25.0,1,75.000,0.1345,1.139
kp25 run1.txt,24,-25.0,1,76.000,0.1377,1.221
kp25 run1.txt,24,-25.0,1,77.000,0.1261,0.929
kp25 run1.txt,24,-25.0,1,78.000,0.1377,1.221
kp25 run1.txt,24,-25.0,1,79.000,0.1279,0.975
kp25 run1.txt,24,-25.0,1,80.000,0.1341,1.13
kp25 run1.txt,24,-25.0,1,81.000,0.1348,1.148
kp25 run1.txt,24,-25.0,1,82.000,0.1334,1.111
kp25 run1.txt,24,-25.0,1,83.000,0.1301,1.029
kp25 run1.txt,24,-25.0,1,84.000,0.1166,0.692
kp25 run1.txt,24,-25.0,1,85.000,0.1297,1.02
kp25 run1.txt,24,-25.0,1,86.000,0.1337,1.12
kp25 run1.txt,24,-25.0,1,87.000,0.1348,1.148
kp25 run1.txt,24,-25.0,1,88.000,0.1326,1.093
kp25 run1.txt,24,-25.0,1,89.000,0.1312,1.057
kp25 run1.txt,24,-25.0,1,90.000,0.1297,1.02
kp25 run1.txt,24,-25.0,1,91.000,0.1316,1.066
kp25 run1.txt,24,-25.0,1,92.000,0.1283,0.984
kp25 run1.txt,24,-25.0,1,93.000,0.1283,0.984
kp25 run1.txt,24,-25.0,1,94.000,0.1224,0.838
kp25 run1.txt,24,-25.0,1,95.000,0.1246,0.893
kp25 run1.txt,24,-25.0,1,96.000,0.1268,0.947
kp25 run1.txt,24,-25.0,1,97.000,0.1232,0.856
kp25 run1.txt,24,-25.0,1,98.000,0.125,0.902
kp25 run1.txt,24,-25.0,1,99.000,0.121,0.801
kp25 run1.txt,24,-25.0,1,100.000,0.1224,0.838
kp25 run1.txt,24,-25.0,1,101.000,0.1203,0.783
kp25 run1.txt,24,-25.0,1,102.000,0.1199,0.774
kp25 run1.txt,24,-25.0,1,103.000,0.1203,0.783
kp25 run1.txt,24,-25.0,1,104.000,0.1162,0.683
kp25 run1.txt,24,-25.0,1,105.000,0.1232,0.856
kp25 run1.txt,24,-25.0,1,106.000,0.1188,0.747
kp25 run1.txt,24,-25.0,1,107.000,0.1086,0.492
kp25 run1.txt,24,-25.0,1,108.000,0.1133,0.61
kp25 run1.txt,24,-25.0,1,109.000,0.1173,0.71
kp25 run1.txt,24,-25.0,1,110.000,0.1115,0.565
kp25 run1.txt,24,-25.0,1,111.000,0.1133,0.61
kp25 run1.txt,24,-25.0,1,112.000,0.1079,0.473
kp25 run1.txt,24,-25.0,1,113.000,0.1046,0.391
kp25 run1.txt,24,-25.0,1,114.000,0.1046,0.391
kp25 run1.txt,24,-25.0,1,115.000,0.1049,0.401
kp25 run1.txt,24,-25.0,1,116.000,0.0991,-0.281
kp25 run1.txt,24,-25.0,1,117.000,0.1108,0.546
kp25 run1.txt,24,-25.0,1,118.000,0.1049,0.401
kp25 run1.txt,24,-25.0,1,119.000,0.1017,0.319
kp25 run1.txt,24,-25.0,1,120.000,0.1024,0.337
kp25 run1.txt,24,-25.0,1,121.000,0.0998,-0.263
kp25 run1.txt,24,-25.0,1,122.000,0.1151,0.656
kp25 run1.txt,24,-25.0,1,123.000,0.1017,0.319
kp25 run1.txt,24,-25.0,1,124.000,0.0962,-0.354
kp25 run1.txt,24,-25.0,1,125.000,0.0966,-0.345
kp25 run1.txt,24,-25.0,1,126.000,0.0977,-0.318
kp25 run1.txt,24,-25.0,1,127.000,0.0984,-0.3
kp25 run1.txt,24,-25.0,1,128.000,0.0969,-0.336
kp25 run1.txt,24,-25.0,1,129.000,0.0969,-0.336
kp25 run1.txt,24,-25.0,1,130.000,0.0947,-0.391
kp25 run1.txt,24,-25.0,1,131.000,0.0874,-0.573
kp25 run1.txt,24,-25.0,1,132.000,0.094,-0.409
kp25 run1.txt,24,-25.0,1,133.000,0.1017,0.319
kp25 run1.txt,24,-25.0,1,134.000,0.0922,-0.454
kp25 run1.txt,24,-25.0,1,135.000,0.0969,-0.336
kp25 run1.txt,24,-25.0,1,136.000,0.09,-0.509
kp25 run1.txt,24,-25.0,1,137.000,0.0947,-0.391
kp25 run1.txt,24,-25.0,1,138.000,0.0933,-0.427
kp25 run1.txt,24,-25.0,1,139.000,0.094,-0.409
kp25 run1.txt,24,-25.0,1,140.000,0.0933,-0.427
kp25 run1.txt,24,-25.0,1,141.000,0.0918,-0.464
kp25 run1.txt,24,-25.0,1,142.000,0.0925,-0.445
kp25 run1.txt,24,-25.0,1,143.000,0.0962,-0.354
kp25 run1.txt,24,-25.0,1,144.000,0.0955,-0.372
kp25 run1.txt,24,-25.0,1,145.000,0.1082,0.483
kp25 run1.txt,24,-25.0,1,146.000,0.0925,-0.445
kp25 run1.txt,24,-25.0,1,147.000,0.0918,-0.464
kp25 run1.txt,24,-25.0,1,148.000,0.0911,-0.482
kp25 run1.txt,24,-25.0,1,149.000,0.0947,-0.391
kp25 run1.txt,24,-25.0,1,150.000,0.0929,-0.436
kp25 run1.txt,24,-25.0,1,151.000,0.0918,-0.464
kp25 run1.txt,24,-25.0,1,152.000,0.0947,-0.391
kp25 run1.txt,24,-25.0,1,153.000,0.0933,-0.427
kp25 run1.txt,24,-25.0,1,154.000,0.0896,-0.518
kp25 run1.txt,24,-25.0,1,155.000,0.0758,-0.865
kp25 run1.txt,24,-25.0,1,156.000,0.0933,-0.427
kp25 run1.txt,24,-25.0,1,157.000,0.094,-0.409
kp25 run1.txt,24,-25.0,1,158.000,0.09,-0.509
kp25 run1.txt,24,-25.0,1,159.000,0.0933,-0.427
kp25 run1.txt,24,-25.0,1,160.000,0.0955,-0.372
kp25 run1.txt,24,-25.0,1,161.000,0.0958,-0.363
kp25 run1.txt,24,-25.0,1,162.000,0.0933,-0.427
kp25 run1.txt,24,-25.0,1,163.000,0.0969,-0.336
kp25 run1.txt,24,-25.0,1,164.000,0.0955,-0.372
kp25 run1.txt,24,-25.0,1,165.000,0.0911,-0.482
kp25 run1.txt,24,-25.0,1,166.000,0.0951,-0.382
kp25 run1.txt,24,-25.0,1,167.000,0.0955,-0.372
kp25 run1.txt,24,-25.0,1,168.000,0.0904,-0.5
kp25 run1.txt,24,-25.0,1,169.000,0.0969,-0.336
kp25 run1.txt,24,-25.0,1,170.000,0.0962,-0.354
kp25 run1.txt,24,-25.0,1,171.000,0.094,-0.409
kp25 run1.txt,24,-25.0,1,172.000,0.0966,-0.345
kp25 run1.txt,24,-25.0,1,173.000,0.0966,-0.345
kp25 run1.txt,24,-25.0,1,174.000,0.094,-0.409
kp25 run1.txt,24,-25.0,1,175.000,0.0998,-0.263
kp25 run1.txt,24,-25.0,1,176.000,0.094,-0.409
kp25 run1.txt,24,-25.0,1,177.000,0.0958,-0.363
kp25 run1.txt,24,-25.0,1,178.000,0.0969,-0.336
kp25 run1.txt,24,-25.0,1,179.000,0.0998,-0.263
kp25 run1.txt,24,-25.0,1,180.000,0.0933,-0.427
kp25 run1.txt,24,-25.0,1,181.000,0.102,0.328
kp25 run1.txt,24,-25.0,1,182.000,0.102,0.328
kp25 run1.txt,24,-25.0,1,183.000,0.1053,0.41
kp25 run1.txt,24,-25.0,1,184.000,0.0998,-0.263
kp25 run1.txt,24,-25.0,1,185.000,0.0962,-0.354
kp25 run1.txt,24,-25.0,1,186.000,0.0991,-0.281
kp25 run1.txt,24,-25.0,1,187.000,0.102,0.328
kp25 run1.txt,24,-25.0,1,188.000,0.1093,0.51
kp25 run1.txt,24,-25.0,1,189.000,0.1049,0.401
kp25 run1.txt,24,-25.0,1,190.000,0.1046,0.391
kp25 run1.txt,24,-25.0,1,191.000,0.1046,0.391
kp25 run1.txt,24,-25.0,1,192.000,0.1035,0.364
kp25 run1.txt,24,-25.0,1,193.000,0.102,0.328
kp25 run1.txt,24,-25.0,1,194.000,0.0987,-0.29
kp25 run1.txt,24,-25.0,1,195.000,0.1049,0.401
kp25 run1.txt,24,-25.0,1,196.000,0.1064,0.437
kp25 run1.txt,24,-25.0,1,197.000,0.1042,0.382
kp25 run1.txt,24,-25.0,1,198.000,0.102,0.328
kp25 run1.txt,24,-25.0,1,199.000,0.1017,0.319
kp25 run1.txt,24,-25.0,1,200.000,0.1028,0.346
kp25 run1.txt,24,-25.0,1,201.000,0.1046,0.391
kp25 run1.txt,24,-25.0,1,202.000,0.0998,-0.263
kp25 run1.txt,24,-25.0,1,203.000,0.1042,0.382
kp25 run1.txt,24,-25.0,1,204.000,0.1049,0.401
kp25 run1.txt,24,-25.0,1,205.000,0.1009,0.3
kp25 run1.txt,24,-25.0,1,206.000,0.1035,0.364
kp25 run1.txt,24,-25.0,1,207.000,0.1028,0.346
kp25 run1.txt,24,-25.0,1,208.000,0.1042,0.382
kp25 run1.txt,24,-25.0,1,209.000,0.1086,0.492
kp25 run1.txt,24,-25.0,1,210.000,0.102,0.328
kp25 run1.txt,24,-25.0,1,211.000,0.102,0.328
kp25 run1.txt,24,-25.0,1,212.000,0.1035,0.364
kp25 run1.txt,24,-25.0,1,213.000,0.1035,0.364
kp25 run1.txt,24,-25.0,1,214.000,0.1042,0.382
kp25 run1.txt,24,-25.0,1,215.000,0.1057,0.419
kp25 run1.txt,24,-25.0,1,216.000,0.0991,-0.281
kp25 run1.txt,24,-25.0,1,217.000,0.1035,0.364
kp25 run1.txt,24,-25.0,1,218.000,0.1151,0.656
kp25 run1.txt,24,-25.0,1,219.000,0.1028,0.346
kp25 run1.txt,24,-25.0,1,220.000,0.1042,0.382
kp25 run1.txt,24,-25.0,1,221.000,0.0969,-0.336
kp25 run1.txt,24,-25.0,1,222.000,0.0966,-0.345
kp25 run1.txt,24,-25.0,1,223.000,0.1042,0.382
kp25 run1.txt,24,-25.0,1,224.000,0.102,0.328
kp25 run1.txt,24,-25.0,1,225.000,0.1028,0.346
kp25 run1.txt,24,-25.0,1,226.000,0.0991,-0.281
kp25 run1.txt,24,-25.0,1,227.000,0.1024,0.337
kp25 run1.txt,24,-25.0,1,228.000,0.0984,-0.3
kp25 run1.txt,24,-25.0,1,229.000,0.1064,0.437
kp25 run1.txt,24,-25.0,1,230.000,0.0991,-0.281
kp25 run1.txt,24,-25.0,1,231.000,0.1038,0.373
kp25 run1.txt,24,-25.0,1,232.000,0.0998,-0.263
kp25 run1.txt,24,-25.0,1,233.000,0.1013,0.309
kp25 run1.txt,24,-25.0,1,234.000,0.1119,0.574
kp25 run1.txt,24,-25.0,1,235.000,0.0998,-0.263
kp25 run1.txt,24,-25.0,1,236.000,0.1057,0.419
kp25 run1.txt,24,-25.0,1,237.000,0.0998,-0.263
kp25 run1.txt,24,-25.0,1,238.000,0.1013,0.309
kp25 run1.txt,24,-25.0,1,239.000,0.0987,-0.29
kp25 run1.txt,24,-25.0,1,240.000,0.0991,-0.281
kp25 run1.txt,24,-25.0,1,241.000,0.0958,-0.363
kp25 run1.txt,24,-25.0,1,242.000,0.102,0.328
kp25 run1.txt,24,-25.0,1,243.000,0.0998,-0.263
kp25 run1.txt,24,-25.0,1,244.000,0.1024,0.337
kp25 run1.txt,24,-25.0,1,245.000,0.1009,0.3
kp25 run1.txt,24,-25.0,1,246.000,0.0977,-0.318
kp25 run1.txt,24,-25.0,1,247.000,0.1046,0.391
kp25 run1.txt,24,-25.0,1,248.000,0.0998,-0.263
kp25 run1.txt,24,-25.0,1,249.000,0.1013,0.309
kp25 run1.txt,24,-25.0,1,250.000,0.1046,0.391
kp25 run1.txt,24,-25.0,1,251.000,0.0987,-0.29
kp25 run1.txt,24,-25.0,1,252.000,0.1006,0.291
kp25 run1.txt,24,-25.0,1,253.000,0.0991,-0.281
kp25 run1.txt,24,-25.0,1,254.000,0.0918,-0.464
kp25 run1.txt,24,-25.0,1,255.000,0.0918,-0.464
kp25 run1.txt,24,-25.0,1,256.000,0.1017,0.319
kp25 run1.txt,24,-25.0,1,257.000,0.1013,0.309
kp25 run1.txt,24,-25.0,1,258.000,0.1006,0.291
kp25 run1.txt,24,-25.0,1,259.000,0.102,0.328
kp25 run1.txt,24,-25.0,1,260.000,0.0911,-0.482
kp25 run1.txt,24,-25.0,1,261.000,0.1031,0.355
kp25 run1.txt,24,-25.0,1,262.000,0.1035,0.364
kp25 run1.txt,24,-25.0,1,263.000,0.1013,0.309
kp25 run1.txt,24,-25.0,1,264.000,0.0969,-0.336
kp25 run1.txt,24,-25.0,1,265.000,0.1009,0.3
kp25 run1.txt,24,-25.0,1,266.000,0.1013,0.309
kp25 run1.txt,24,-25.0,1,267.000,0.1017,0.319
kp25 run1.txt,24,-25.0,1,268.000,0.1028,0.346
kp25 run1.txt,24,-25.0,1,269.000,0.1017,0.319
kp25 run1.txt,24,-25.0,1,270.000,0.1017,0.319
kp25 run1.txt,24,-25.0,1,271.000,0.1042,0.382
kp25 run1.txt,24,-25.0,1,272.000,0.0962,-0.354
kp25 run1.txt,24,-25.0,1,273.000,0.0991,-0.281
kp25 run1.txt,24,-25.0,1,274.000,0.0998,-0.263
kp25 run1.txt,24,-25.0,1,275.000,0.1006,0.291
kp25 run1.txt,24,-25.0,1,276.000,0.0998,-0.263
kp25 run1.txt,24,-25.0,1,277.000,0.0977,-0.318
kp25 run1.txt,24,-25.0,1,278.000,0.0998,-0.263
kp25 run1.txt,24,-25.0,1,279.000,0.0998,-0.263
kp25 run1.txt,24,-25.0,1,280.000,0.1006,0.291
kp25 run1.txt,24,-25.0,1,281.000,0.1057,0.419
kp25 run1.txt,24,-25.0,1,282.000,0.1013,0.309
kp25 run1.txt,24,-25.0,1,283.000,0.0955,-0.372
kp25 run1.txt,24,-25.0,1,284.000,0.0998,-0.263
kp25 run1.txt,24,-25.0,1,285.000,0.0998,-0.263
kp25 run1.txt,24,-25.0,1,286.000,0.0889,-0.536
kp25 run1.txt,24,-25.0,1,287.000,0.0991,-0.281
kp25 run1.txt,24,-25.0,1,288.000,0.1024,0.337
kp25 run1.txt,24,-25.0,1,289.000,0.0958,-0.363
kp25 run1.txt,24,-25.0,1,290.000,0.0977,-0.318
kp25 run1.txt,24,-25.0,1,291.000,0.102,0.328
kp25 run1.txt,24,-25.0,1,292.000,0.0936,-0.418
kp25 run1.txt,24,-25.0,1,293.000,0.0998,-0.263
kp25 run1.txt,24,-25.0,1,294.000,0.0991,-0.281
kp25 run1.txt,24,-25.0,1,295.000,0.1006,0.291
kp25 run1.txt,24,-25.0,1,296.000,0.1006,0.291
kp25 run1.txt,24,-25.0,1,297.000,0.0962,-0.354
kp25 run1.txt,24,-25.0,1,298.000,0.0969,-0.336
kp25 run1.txt,24,-25.0,1,299.000,0.0998,-0.263
kp25 run1.txt,24,-25.0,1,300.000,0.1006,0.291
kp25 run1.txt,24,-25.0,1,301.000,0.1115,0.565
kp25 run1.txt,24,-25.0,1,302.000,0.098,-0.309
kp25 run1.txt,24,-25.0,1,303.000,0.102,0.328
kp25 run1.txt,24,-25.0,1,304.000,0.0984,-0.3
kp25 run1.txt,24,-25.0,1,305.000,0.1006,0.291
kp25 run1.txt,24,-25.0,1,306.000,0.0977,-0.318
kp25 run1.txt,24,-25.0,1,307.000,0.0962,-0.354
kp25 run1.txt,24,-25.0,1,308.000,0.0991,-0.281
kp25 run1.txt,24,-25.0,1,309.000,0.0991,-0.281
kp25 run1.txt,24,-25.0,1,310.000,0.1049,0.401
kp25 run1.txt,24,-25.0,1,311.000,0.102,0.328
kp25 run1.txt,24,-25.0,1,312.000,0.102,0.328
kp25 run1.txt,24,-25.0,1,313.000,0.1013,0.309
kp25 run1.txt,24,-25.0,1,314.000,0.1017,0.319
kp25 run1.txt,24,-25.0,1,315.000,0.1064,0.437
kp25 run1.txt,24,-25.0,1,316.000,0.0987,-0.29
kp25 run1.txt,24,-25.0,1,317.000,0.1057,0.419
kp25 run1.txt,24,-25.0,1,318.000,0.1013,0.309
kp25 run1.txt,24,-25.0,1,319.000,0.1046,0.391
kp25 run1.txt,24,-25.0,1,320.000,0.0998,-0.263
kp25 run1.txt,24,-25.0,1,321.000,0.0998,-0.263
kp25 run1.txt,24,-25.0,1,322.000,0.1006,0.291
kp25 run1.txt,24,-25.0,1,323.000,0.0969,-0.336
kp25 run1.txt,24,-25.0,1,324.000,0.0995,-0.272
kp25 run1.txt,24,-25.0,1,325.000,0.1006,0.291
kp25 run1.txt,24,-25.0,1,326.000,0.1013,0.309
kp25 run1.txt,24,-25.0,1,327.000,0.0969,-0.336
kp25 run1.txt,24,-25.0,1,328.000,0.1009,0.3
kp25 run1.txt,24,-25.0,1,329.000,0.1028,0.346
kp25 run1.txt,24,-25.0,1,330.000,0.09,-0.509
kp25 run1.txt,24,-25.0,1,331.000,0.0962,-0.354
kp25 run1.txt,24,-25.0,1,332.000,0.1057,0.419
kp25 run1.txt,24,-25.0,1,333.000,0.102,0.328
kp25 run1.txt,24,-25.0,1,334.000,0.102,0.328
kp25 run1.txt,24,-25.0,1,335.000,0.102,0.328
kp25 run1.txt,24,-25.0,1,336.000,0.0998,-0.263
kp25 run1.txt,24,-25.0,1,337.000,0.0991,-0.281
kp25 run1.txt,24,-25.0,1,338.000,0.1028,0.346
kp25 run1.txt,24,-25.0,1,339.000,0.1013,0.309
kp25 run1.txt,24,-25.0,1,340.000,0.102,0.328
kp25 run1.txt,24,-25.0,1,341.000,0.102,0.328
kp25 run1.txt,24,-25.0,1,342.000,0.0991,-0.281
kp25 run1.txt,24,-25.0,1,343.000,0.1028,0.346
kp25 run1.txt,24,-25.0,1,344.000,0.1035,0.364
kp25 run1.txt,24,-25.0,1,345.000,0.0987,-0.29
kp25 run1.txt,24,-25.0,1,346.000,0.0991,-0.281
kp25 run1.txt,24,-25.0,1,347.000,0.1013,0.309
kp25 run1.txt,24,-25.0,1,348.000,0.0969,-0.336
kp25 run1.txt,24,-25.0,1,349.000,0.1002,0.282
kp25 run1.txt,24,-25.0,1,350.000,0.1009,0.3
kp25 run1.txt,24,-25.0,1,351.000,0.0889,-0.536
kp25 run1.txt,24,-25.0,1,352.000,0.1035,0.364
kp25 run1.txt,24,-25.0,1,353.000,0.1035,0.364
kp25 run1.txt,24,-25.0,1,354.000,0.0998,-0.263
kp25 run1.txt,24,-25.0,1,355.000,0.0987,-0.29
kp25 run1.txt,24,-25.0,1,356.000,0.0845,-0.646
kp25 run1.txt,24,-25.0,1,357.000,0.0915,-0.473
kp25 run1.txt,24,-25.0,1,358.000,0.1006,0.291
kp25 run1.txt,24,-25.0,1,359.000,0.1006,0.291
kp25 run1.txt,24,-25.0,1,360.000,0.1057,0.419
kp25 run1.txt,24,-25.0,1,361.000,0.1035,0.364
kp25 run1.txt,24,-25.0,1,362.000,0.0973,-0.327
kp25 run1.txt,24,-25.0,1,363.000,0.0991,-0.281
kp25 run1.txt,24,-25.0,1,364.000,0.0998,-0.263
kp25 run1.txt,24,-25.0,1,365.000,0.0998,-0.263
kp25 run1.txt,24,-25.0,1,366.000,0.1057,0.419
kp25 run1.txt,24,-25.0,1,367.000,0.1042,0.382
kp25 run1.txt,24,-25.0,1,368.000,0.0998,-0.263
kp25 run1.txt,24,-25.0,1,369.000,0.1006,0.291
kp25 run1.txt,24,-25.0,1,370.000,0.1013,0.309
kp25 run1.txt,24,-25.0,1,371.000,0.1006,0.291
kp25 run1.txt,24,-25.0,1,372.000,0.0991,-0.281
kp25 run1.txt,24,-25.0,1,373.000,0.1035,0.364
kp25 run1.txt,24,-25.0,1,374.000,0.1006,0.291
kp25 run1.txt,24,-25.0,1,375.000,0.1028,0.346
kp25 run1.txt,24,-25.0,1,376.000,0.0998,-0.263
kp25 run1.txt,24,-25.0,1,377.000,0.0998,-0.263
kp25 run1.txt,24,-25.0,1,378.000,0.0991,-0.281
kp25 run1.txt,24,-25.0,1,379.000,0.102,0.328
kp25 run1.txt,24,-25.0,1,380.000,0.1006,0.291
kp25 run1.txt,24,-25.0,1,381.000,0.0991,-0.281
kp25 run1.txt,24,-25.0,1,382.000,0.1042,0.382
kp25 run1.txt,24,-25.0,1,383.000,0.0969,-0.336
kp25 run1.txt,24,-25.0,1,384.000,0.1009,0.3
kp25 run1.txt,24,-25.0,1,385.000,0.1028,0.346
kp25 run1.txt,24,-25.0,1,386.000,0.0984,-0.3
kp25 run1.txt,24,-25.0,1,387.000,0.1028,0.346
kp25 run1.txt,24,-25.0,1,388.000,0.0977,-0.318
kp25 run1.txt,24,-25.0,1,389.000,0.0991,-0.281
kp25 run1.txt,24,-25.0,1,390.000,0.1006,0.291
kp25 run1.txt,24,-25.0,1,391.000,0.0998,-0.263
kp25 run1.txt,24,-25.0,1,392.000,0.0984,-0.3
kp25 run1.txt,24,-25.0,1,393.000,0.0969,-0.336
kp25 run1.txt,24,-25.0,1,394.000,0.102,0.328
kp25 run1.txt,24,-25.0,1,395.000,0.102,0.328
kp25 run1.txt,24,-25.0,1,396.000,0.1024,0.337
kp25 run1.txt,24,-25.0,1,397.000,0.1017,0.319
kp25 run1.txt,24,-25.0,1,398.000,0.0998,-0.263
kp25 run1.txt,24,-25.0,1,399.000,0.1013,0.309
kp25 run1.txt,24,-25.0,1,400.000,0.1017,0.319
kp25 run1.txt,24,-25.0,1,401.000,0.094,-0.409
kp25 run1.txt,24,-25.0,1,402.000,0.1028,0.346
kp25 run1.txt,24,-25.0,1,403.000,0.1028,0.346
kp25 run1.txt,24,-25.0,1,404.000,0.1108,0.546
kp25 run1.txt,24,-25.0,1,405.000,0.1057,0.419
kp25 run1.txt,24,-25.0,1,406.000,0.1028,0.346
kp25 run1.txt,24,-25.0,1,407.000,0.086,-0.609
kp25 run1.txt,24,-25.0,1,408.000,0.1006,0.291
kp25 run1.txt,24,-25.0,1,409.000,0.0962,-0.354
kp25 run1.txt,24,-25.0,1,410.000,0.0984,-0.3
kp25 run1.txt,24,-25.0,1,411.000,0.0998,-0.263
kp25 run1.txt,24,-25.0,1,412.000,0.0947,-0.391
kp25 run1.txt,24,-25.0,1,413.000,0.0991,-0.281
kp25 run1.txt,24,-25.0,1,414.000,0.0987,-0.29
kp25 run1.txt,24,-25.0,1,415.000,0.1006,0.291
kp25 run1.txt,24,-25.0,1,416.000,0.1013,0.309
kp25 run1.txt,24,-25.0,1,417.000,0.1199,0.774
kp25 run1.txt,24,-25.0,1,418.000,0.1009,0.3
kp25 run1.txt,24,-25.0,1,419.000,0.102,0.328
kp25 run1.txt,24,-25.0,1,420.000,0.102,0.328
kp25 run1.txt,24,-25.0,1,421.000,0.1035,0.364
kp25 run1.txt,24,-25.0,1,422.000,0.0874,-0.573
kp25 run1.txt,24,-25.0,1,423.000,0.0871,-0.582
kp25 run1.txt,24,-25.0,1,424.000,0.0991,-0.281
kp25 run1.txt,24,-25.0,1,425.000,0.0991,-0.281
kp25 run1.txt,24,-25.0,1,426.000,0.1035,0.364
kp25 run1.txt,24,-25.0,1,427.000,0.1079,0.473
kp25 run1.txt,24,-25.0,1,428.000,0.1006,0.291
kp25 run1.txt,24,-25.0,1,429.000,0.1006,0.291
kp25 run1.txt,24,-25.0,1,430.000,0.1017,0.319
kp25 run1.txt,24,-25.0,1,431.000,0.1013,0.309
kp25 run1.txt,24,-25.0,1,432.000,0.1006,0.291
kp25 run1.txt,24,-25.0,1,433.000,0.1057,0.419
kp25 run1.txt,24,-25.0,1,434.000,0.0984,-0.3
kp25 run1.txt,24,-25.0,1,435.000,0.0998,-0.263
kp25 run1.txt,24,-25.0,1,436.000,0.0962,-0.354
kp25 run1.txt,24,-25.0,1,437.000,0.0991,-0.281
kp25 run1.txt,24,-25.0,1,438.000,0.0998,-0.263
kp25 run1.txt,24,-25.0,1,439.000,0.1013,0.309
kp25 run1.txt,24,-25.0,1,440.000,0.0889,-0.536
kp25 run1.txt,24,-25.0,1,441.000,0.0929,-0.436
kp25 run1.txt,24,-25.0,1,442.000,0.1002,0.282
kp25 run1.txt,24,-25.0,1,443.000,0.1006,0.291
kp25 run1.txt,24,-25.0,1,444.000,0.1057,0.419
kp25 run1.txt,24,-25.0,1,445.000,0.0907,-0.491
kp25 run1.txt,24,-25.0,1,446.000,0.102,0.328
kp25 run1.txt,24,-25.0,1,447.000,0.0987,-0.29
kp25 run1.txt,24,-25.0,1,448.000,0.1006,0.291
kp25 run1.txt,24,-25.0,1,449.000,0.1009,0.3
kp25 run1.txt,24,-25.0,1,450.000,0.0984,-0.3
kp25 run1.txt,24,-25.0,1,451.000,0.1057,0.419
kp25 run1.txt,24,-25.0,1,452.000,0.11,0.528
kp25 run1.txt,24,-25.0,1,453.000,0.1006,0.291
kp25 run1.txt,24,-25.0,1,454.000,0.1038,0.373
kp25 run1.txt,24,-25.0,1,455.000,0.1028,0.346
kp25 run1.txt,24,-25.0,1,456.000,0.102,0.328
kp25 run1.txt,24,-25.0,1,457.000,0.0998,-0.263
kp25 run1.txt,24,-25.0,1,458.000,0.0998,-0.263
kp25 run1.txt,24,-25.0,1,459.000,0.102,0.328
kp25 run1.txt,24,-25.0,1,460.000,0.0962,-0.354
kp25 run1.txt,24,-25.0,1,461.000,0.0969,-0.336
kp25 run1.txt,24,-25.0,1,462.000,0.102,0.328
kp25 run1.txt,24,-25.0,1,463.000,0.0969,-0.336
kp25 run1.txt,24,-25.0,1,464.000,0.0977,-0.318
kp25 run1.txt,24,-25.0,1,465.000,0.0991,-0.281
kp25 run1.txt,24,-25.0,1,466.000,0.0955,-0.372
kp25 run1.txt,24,-25.0,1,467.000,0.0878,-0.564
kp25 run1.txt,24,-25.0,1,468.000,0.0984,-0.3
kp25 run1.txt,24,-25.0,1,469.000,0.0991,-0.281
kp25 run1.txt,24,-25.0,1,470.000,0.1042,0.382
kp25 run1.txt,24,-25.0,1,471.000,0.0991,-0.281
kp25 run1.txt,24,-25.0,1,472.000,0.0987,-0.29
kp25 run1.txt,24,-25.0,1,473.000,0.1006,0.291
kp25 run1.txt,24,-25.0,1,474.000,0.0969,-0.336
kp25 run1.txt,24,-25.0,1,475.000,0.0951,-0.382
kp25 run1.txt,24,-25.0,1,476.000,0.1006,0.291
kp25 run1.txt,24,-25.0,1,477.000,0.0998,-0.263
kp25 run1.txt,24,-25.0,1,478.000,0.0977,-0.318
kp25 run1.txt,24,-25.0,1,479.000,0.0984,-0.3
kp25 run1.txt,24,-25.0,1,480.000,0.0991,-0.281
kp25 run1.txt,24,-25.0,1,481.000,0.0991,-0.281
kp25 run1.txt,24,-25.0,1,482.000,0.1006,0.291
kp25 run1.txt,24,-25.0,1,483.000,0.0958,-0.363
kp25 run1.txt,24,-25.0,1,484.000,0.0977,-0.318
kp25 run1.txt,24,-25.0,1,485.000,0.109,0.501
kp25 run1.txt,24,-25.0,1,486.006,0.0925,-0.445
kp25 run1.txt,24,-25.0,1,487.000,0.098,-0.309
kp25 run1.txt,24,-25.0,1,488.000,0.0987,-0.29
kp25 run1.txt,24,-25.0,1,489.000,0.0984,-0.3
kp25 run1.txt,24,-25.0,1,490.000,0.1071,0.455
kp25 run1.txt,24,-25.0,1,491.000,0.1049,0.401
kp25 run1.txt,24,-25.0,1,492.000,0.0984,-0.3
kp25 run1.txt,24,-25.0,1,493.000,0.0984,-0.3
kp25 run1.txt,24,-25.0,1,494.000,0.0998,-0.263
kp25 run1.txt,24,-25.0,1,495.000,0.0977,-0.318
kp25 run1.txt,24,-25.0,1,496.000,0.0991,-0.281
kp25 run1.txt,24,-25.0,1,497.000,0.0991,-0.281
kp25 run1.txt,24,-25.0,1,498.000,0.0987,-0.29
kp25 run1.txt,24,-25.0,1,499.000,0.102,0.328
kp25 run1.txt,24,-25.0,1,500.000,0.1028,0.346
kp25 run1.txt,24,-25.0,1,501.000,0.098,-0.309
kp25 run1.txt,24,-25.0,1,502.000,0.0987,-0.29
kp25 run1.txt,24,-25.0,1,503.000,0.1042,0.382
kp25 run1.txt,24,-25.0,1,504.000,0.1006,0.291
kp25 run1.txt,24,-25.0,1,505.000,0.0991,-0.281
kp25 run1.txt,24,-25.0,1,506.000,0.0987,-0.29
kp25 run1.txt,24,-25.0,1,507.000,0.0991,-0.281
kp25 run1.txt,24,-25.0,1,508.000,0.0918,-0.464
kp25 run1.txt,24,-25.0,1,509.000,0.098,-0.309
kp25 run1.txt,24,-25.0,1,510.000,0.0998,-0.263
kp25 run1.txt,24,-25.0,1,511.000,0.098,-0.309
kp25 run1.txt,24,-25.0,1,512.000,0.1006,0.291
kp25 run1.txt,24,-25.0,1,513.000,0.1017,0.319
kp25 run1.txt,24,-25.0,1,514.000,0.0991,-0.281
kp25 run1.txt,24,-25.0,1,515.000,0.0984,-0.3
kp25 run1.txt,24,-25.0,1,516.000,0.0991,-0.281
kp25 run1.txt,24,-25.0,1,517.000,0.1006,0.291
kp25 run1.txt,24,-25.0,1,518.000,0.1013,0.309
kp25 run1.txt,24,-25.0,1,519.000,0.0995,-0.272
kp25 run1.txt,24,-25.0,1,520.000,0.0998,-0.263
kp25 run1.txt,24,-25.0,1,521.000,0.0977,-0.318
kp25 run1.txt,24,-25.0,1,522.000,0.0998,-0.263
kp25 run1.txt,24,-25.0,1,523.000,0.0991,-0.281
kp25 run1.txt,24,-25.0,1,524.000,0.098,-0.309
kp25 run1.txt,24,-25.0,1,525.000,0.0991,-0.281
kp25 run1.txt,24,-25.0,1,526.000,0.0984,-0.3
kp25 run1.txt,24,-25.0,1,527.000,0.1009,0.3
kp25 run1.txt,24,-25.0,1,528.000,0.1028,0.346
kp25 run1.txt,24,-25.0,1,529.000,0.0991,-0.281
kp25 run1.txt,24,-25.0,1,530.000,0.1006,0.291
kp25 run1.txt,24,-25.0,1,531.000,0.098,-0.309
kp25 run1.txt,24,-25.0,1,532.000,0.0969,-0.336
kp25 run1.txt,24,-25.0,1,533.000,0.0987,-0.29
kp25 run1.txt,24,-25.0,1,534.000,0.0998,-0.263
kp25 run1.txt,24,-25.0,1,535.000,0.0933,-0.427
kp25 run1.txt,24,-25.0,1,536.000,0.0969,-0.336
kp25 run1.txt,24,-25.0,1,537.000,0.0991,-0.281
kp25 run1.txt,24,-25.0,1,538.000,0.1006,0.291
kp25 run1.txt,24,-25.0,1,539.000,0.0977,-0.318
kp25 run1.txt,24,-25.0,1,540.000,0.0998,-0.263
kp25 run1.txt,24,-25.0,1,541.000,0.0991,-0.281
kp25 run1.txt,24,-25.0,1,542.000,0.1017,0.319
kp25 run1.txt,24,-25.0,1,543.000,0.0987,-0.29
kp25 run1.txt,24,-25.0,1,544.000,0.0998,-0.263
kp25 run1.txt,24,-25.0,1,545.000,0.0984,-0.3
kp25 run1.txt,24,-25.0,1,546.000,0.0995,-0.272
kp25 run1.txt,24,-25.0,1,547.000,0.0998,-0.263
kp25 run1.txt,24,-25.0,1,548.000,0.1031,0.355
kp25 run1.txt,24,-25.0,1,549.000,0.1028,0.346
kp25 run1.txt,24,-25.0,1,550.000,0.0995,-0.272
kp25 run1.txt,24,-25.0,1,551.000,0.1006,0.291
kp25 run1.txt,24,-25.0,1,552.000,0.1006,0.291
kp25 run1.txt,24,-25.0,1,553.000,0.1049,0.401
kp25 run1.txt,24,-25.0,1,554.000,0.0998,-0.263
kp25 run1.txt,24,-25.0,1,555.000,0.1017,0.319
kp25 run1.txt,24,-25.0,1,556.000,0.1006,0.291
kp25 run1.txt,24,-25.0,1,557.000,0.1028,0.346
kp25 run1.txt,24,-25.0,1,558.000,0.102,0.328
kp25 run1.txt,24,-25.0,1,559.000,0.0987,-0.29
kp25 run1.txt,24,-25.0,1,560.000,0.0998,-0.263
kp25 run1.txt,24,-25.0,1,561.000,0.0998,-0.263
kp25 run1.txt,24,-25.0,1,562.000,0.1006,0.291
kp25 run1.txt,24,-25.0,1,563.000,0.102,0.328
kp25 run1.txt,24,-25.0,1,564.000,0.113,0.601
kp25 run1.txt,24,-25.0,1,565.000,0.1006,0.291
kp25 run1.txt,24,-25.0,1,566.000,0.1006,0.291
kp25 run1.txt,24,-25.0,1,567.000,0.0984,-0.3
kp25 run1.txt,24,-25.0,1,568.000,0.0984,-0.3
kp25 run1.txt,24,-25.0,1,569.000,0.0973,-0.327
kp25 run1.txt,24,-25.0,1,570.000,0.0984,-0.3
kp25 run1.txt,24,-25.0,1,571.000,0.102,0.328
kp25 run1.txt,24,-25.0,1,572.000,0.1017,0.319
kp25 run1.txt,24,-25.0,1,573.000,0.0987,-0.29
kp25 run1.txt,24,-25.0,1,574.000,0.1024,0.337
kp25 run1.txt,24,-25.0,1,575.000,0.102,0.328
kp25 run1.txt,24,-25.0,1,576.000,0.1017,0.319
kp25 run1.txt,24,-25.0,1,577.000,0.0955,-0.372
kp25 run1.txt,24,-25.0,1,578.000,0.102,0.328
kp25 run1.txt,24,-25.0,1,579.000,0.0958,-0.363
kp25 run1.txt,24,-25.0,1,580.000,0.1042,0.382
kp25 run1.txt,24,-25.0,1,581.000,0.0998,-0.263
kp25 run1.txt,24,-25.0,1,582.000,0.0977,-0.318
kp25 run1.txt,24,-25.0,1,583.000,0.1017,0.319
kp25 run1.txt,24,-25.0,1,584.000,0.0991,-0.281
kp25 run1.txt,24,-25.0,1,585.000,0.102,0.328
kp25 run1.txt,24,-25.0,1,586.000,0.102,0.328
kp25 run1.txt,24,-25.0,1,587.000,0.1049,0.401
kp25 run1.txt,24,-25.0,1,588.000,0.0991,-0.281
kp25 run1.txt,24,-25.0,1,589.000,0.1042,0.382
kp25 run1.txt,24,-25.0,1,590.000,0.0969,-0.336
kp25 run1.txt,24,-25.0,1,591.000,0.1013,0.309
kp25 run1.txt,24,-25.0,1,592.000,0.1046,0.391
kp25 run1.txt,24,-25.0,1,593.000,0.11,0.528
kp25 run1.txt,24,-25.0,1,594.000,0.1013,0.309
kp25 run1.txt,24,-25.0,1,595.000,0.102,0.328
kp25 run1.txt,24,-25.0,1,596.000,0.1006,0.291
kp25 run1.txt,24,-25.0,1,597.000,0.1017,0.319
kp25 run1.txt,24,-25.0,1,598.000,0.1006,0.291
kp25 run1.txt,24,-25.0,1,599.000,0.1042,0.382
kp25 run1.txt,25,-25.0,-1,0.000,0.0995,5.264
kp25 run1.txt,25,-25.0,-1,1.000,0.102,5.328
kp25 run1.txt,25,-25.0,-1,2.000,0.1006,5.291
kp25 run1.txt,25,-25.0,-1,3.000,0.0991,5.255
kp25 run1.txt,25,-25.0,-1,4.000,0.1042,5.382
kp25 run1.txt,25,-25.0,-1,5.000,0.0958,5.173
kp25 run1.txt,25,-25.0,-1,6.000,0.0958,5.173
kp25 run1.txt,25,-25.0,-1,7.000,0.0955,5.164
kp25 run1.txt,25,-25.0,-1,8.000,0.0838,4.872
kp25 run1.txt,25,-25.0,-1,9.000,0.0882,4.981
kp25 run1.txt,25,-25.0,-1,10.032,0.0882,4.981
kp25 run1.txt,25,-25.0,-1,11.000,0.0845,4.89
kp25 run1.txt,25,-25.0,-1,12.000,0.0809,4.799
kp25 run1.txt,25,-25.0,-1,13.000,0.0736,4.617
kp25 run1.txt,25,-25.0,-1,14.000,0.0721,4.58
kp25 run1.txt,25,-25.0,-1,15.000,0.067,4.453
kp25 run1.txt,25,-25.0,-1,16.000,0.0597,4.271
kp25 run1.txt,25,-25.0,-1,17.000,0.059,4.252
kp25 run1.txt,25,-25.0,-1,18.000,0.0532,4.106
kp25 run1.txt,25,-25.0,-1,19.000,0.0495,4.015
kp25 run1.txt,25,-25.0,-1,20.000,0.0433,3.86
kp25 run1.txt,25,-25.0,-1,21.000,0.0517,4.07
kp25 run1.txt,25,-25.0,-1,22.000,0.0357,3.669
kp25 run1.txt,25,-25.0,-1,23.000,0.0299,3.523
kp25 run1.txt,25,-25.0,-1,24.000,0.0262,3.432
kp25 run1.txt,25,-25.0,-1,25.000,0.0459,3.924
kp25 run1.txt,25,-25.0,-1,26.000,0.0153,3.159
kp25 run1.txt,25,-25.0,-1,27.000,0.0171,3.204
kp25 run1.txt,25,-25.0,-1,28.000,0.0065,2.94
kp25 run1.txt,25,-25.0,-1,29.000,0.0051,2.904
kp25 run1.txt,25,-25.0,-1,30.000,-0.003,2.703
kp25 run1.txt,25,-25.0,-1,31.000,-0.0139,2.43
kp25 run1.txt,25,-25.0,-1,32.000,-0.0153,2.393
kp25 run1.txt,25,-25.0,-1,33.000,-0.019,2.302
kp25 run1.txt,25,-25.0,-1,34.000,-0.0248,2.156
kp25 run1.txt,25,-25.0,-1,35.000,-0.0292,2.047
kp25 run1.txt,25,-25.0,-1,36.000,-0.0354,1.892
kp25 run1.txt,25,-25.0,-1,37.000,-0.0398,1.783
kp25 run1.txt,25,-25.0,-1,38.000,-0.0441,1.673
kp25 run1.txt,25,-25.0,-1,39.000,-0.0496,1.537
kp25 run1.txt,25,-25.0,-1,40.000,-0.0533,1.446
kp25 run1.txt,25,-25.0,-1,41.000,-0.0591,1.3
kp25 run1.txt,25,-25.0,-1,42.000,-0.0664,1.117
kp25 run1.txt,25,-25.0,-1,43.000,-0.0671,1.099
kp25 run1.txt,25,-25.0,-1,44.000,-0.0675,1.09
kp25 run1.txt,25,-25.0,-1,45.000,-0.0751,0.899
kp25 run1.txt,25,-25.0,-1,46.000,-0.0773,0.844
kp25 run1.txt,25,-25.0,-1,47.000,-0.0832,0.698
kp25 run1.txt,25,-25.0,-1,48.000,-0.0864,0.616
kp25 run1.txt,25,-25.0,-1,49.000,-0.0937,0.434
kp25 run1.txt,25,-25.0,-1,50.000,-0.1021,-0.312
kp25 run1.txt,25,-25.0,-1,51.000,-0.097,0.352
kp25 run1.txt,25,-25.0,-1,52.000,-0.1014,-0.293
kp25 run1.txt,25,-25.0,-1,53.000,-0.1072,-0.439
kp25 run1.txt,25,-25.0,-1,54.000,-0.1083,-0.467
kp25 run1.txt,25,-25.0,-1,55.000,-0.1065,-0.421
kp25 run1.txt,25,-25.0,-1,56.000,-0.1072,-0.439
kp25 run1.txt,25,-25.0,-1,57.000,-0.0948,0.407
kp25 run1.txt,25,-25.0,-1,58.000,-0.1196,-0.749
kp25 run1.txt,25,-25.0,-1,59.000,-0.12,-0.758
kp25 run1.txt,25,-25.0,-1,60.000,-0.1203,-0.767
kp25 run1.txt,25,-25.0,-1,61.000,-0.124,-0.858
kp25 run1.txt,25,-25.0,-1,62.000,-0.1349,-1.132
kp25 run1.txt,25,-25.0,-1,63.000,-0.1254,-0.895
kp25 run1.txt,25,-25.0,-1,64.000,-0.1302,-1.013
kp25 run1.txt,25,-25.0,-1,65.000,-0.1324,-1.068
kp25 run1.txt,25,-25.0,-1,66.000,-0.1378,-1.205
kp25 run1.txt,25,-25.0,-1,67.000,-0.1269,-0.931
kp25 run1.txt,25,-25.0,-1,68.000,-0.1335,-1.095
kp25 run1.txt,25,-25.0,-1,69.000,-0.1349,-1.132
kp25 run1.txt,25,-25.0,-1,70.000,-0.1342,-1.114
kp25 run1.txt,25,-25.0,-1,71.000,-0.1342,-1.114
kp25 run1.txt,25,-25.0,-1,72.000,-0.1345,-1.123
kp25 run1.txt,25,-25.0,-1,73.000,-0.136,-1.159
kp25 run1.txt,25,-25.0,-1,74.000,-0.1364,-1.168
kp25 run1.txt,25,-25.0,-1,75.000,-0.1364,-1.168
kp25 run1.txt,25,-25.0,-1,76.000,-0.1364,-1.168
kp25 run1.txt,25,-25.0,-1,77.000,-0.1291,-0.986
kp25 run1.txt,25,-25.0,-1,78.000,-0.1371,-1.186
kp25 run1.txt,25,-25.0,-1,79.000,-0.1349,-1.132
kp25 run1.txt,25,-25.0,-1,80.000,-0.1371,-1.186
kp25 run1.txt,25,-25.0,-1,81.000,-0.1364,-1.168
kp25 run1.txt,25,-25.0,-1,82.000,-0.1356,-1.15
kp25 run1.txt,25,-25.0,-1,83.000,-0.1342,-1.114
kp25 run1.txt,25,-25.0,-1,84.000,-0.1313,-1.041
kp25 run1.txt,25,-25.0,-1,85.000,-0.1371,-1.186
kp25 run1.txt,25,-25.0,-1,86.000,-0.1364,-1.168
kp25 run1.txt,25,-25.0,-1,87.000,-0.1335,-1.095
kp25 run1.txt,25,-25.0,-1,88.000,-0.1342,-1.114
kp25 run1.txt,25,-25.0,-1,89.000,-0.1171,-0.685
kp25 run1.txt,25,-25.0,-1,90.000,-0.1087,-0.476
kp25 run1.txt,25,-25.0,-1,91.000,-0.1455,-1.396
kp25 run1.txt,25,-25.0,-1,92.000,-0.1313,-1.041
kp25 run1.txt,25,-25.0,-1,93.000,-0.1298,-1.004
kp25 run1.txt,25,-25.0,-1,94.000,-0.1305,-1.022
kp25 run1.txt,25,-25.0,-1,95.000,-0.1298,-1.004
kp25 run1.txt,25,-25.0,-1,96.000,-0.1422,-1.314
kp25 run1.txt,25,-25.0,-1,97.000,-0.1138,-0.603
kp25 run1.txt,25,-25.0,-1,98.000,-0.1254,-0.895
kp25 run1.txt,25,-25.0,-1,99.000,-0.124,-0.858
kp25 run1.txt,25,-25.0,-1,100.000,-0.124,-0.858
kp25 run1.txt,25,-25.0,-1,101.000,-0.1218,-0.804
kp25 run1.txt,25,-25.0,-1,102.000,-0.1189,-0.731
kp25 run1.txt,25,-25.0,-1,103.000,-0.1189,-0.731
kp25 run1.txt,25,-25.0,-1,104.000,-0.1167,-0.676
kp25 run1.txt,25,-25.0,-1,105.000,-0.1178,-0.703
kp25 run1.txt,25,-25.0,-1,106.000,-0.113,-0.585
kp25 run1.txt,25,-25.0,-1,107.000,-0.116,-0.658
kp25 run1.txt,25,-25.0,-1,108.000,-0.1138,-0.603
kp25 run1.txt,25,-25.0,-1,109.000,-0.116,-0.658
kp25 run1.txt,25,-25.0,-1,110.000,-0.1101,-0.512
kp25 run1.txt,25,-25.0,-1,111.000,-0.1109,-0.53
kp25 run1.txt,25,-25.0,-1,112.000,-0.1123,-0.567
kp25 run1.txt,25,-25.0,-1,113.000,-0.1087,-0.476
kp25 run1.txt,25,-25.0,-1,114.000,-0.1058,-0.403
kp25 run1.txt,25,-25.0,-1,115.000,-0.1065,-0.421
kp25 run1.txt,25,-25.0,-1,116.000,-0.1065,-0.421
kp25 run1.txt,25,-25.0,-1,117.000,-0.105,-0.385
kp25 run1.txt,25,-25.0,-1,118.000,-0.1043,-0.366
kp25 run1.txt,25,-25.0,-1,119.000,-0.1021,-0.312
kp25 run1.txt,25,-25.0,-1,120.000,-0.1006,-0.275
kp25 run1.txt,25,-25.0,-1,121.000,-0.1065,-0.421
kp25 run1.txt,25,-25.0,-1,122.000,-0.0934,0.443
kp25 run1.txt,25,-25.0,-1,123.000,-0.1014,-0.293
kp25 run1.txt,25,-25.0,-1,124.000,-0.0955,0.388
kp25 run1.txt,25,-25.0,-1,125.000,-0.0992,0.297
kp25 run1.txt,25,-25.0,-1,126.000,-0.105,-0.385
kp25 run1.txt,25,-25.0,-1,127.000,-0.0963,0.37
kp25 run1.txt,25,-25.0,-1,128.000,-0.0941,0.425
kp25 run1.txt,25,-25.0,-1,129.000,-0.0955,0.388
kp25 run1.txt,25,-25.0,-1,130.000,-0.1006,-0.275
kp25 run1.txt,25,-25.0,-1,131.000,-0.0821,0.726
kp25 run1.txt,25,-25.0,-1,132.000,-0.0955,0.388
kp25 run1.txt,25,-25.0,-1,133.000,-0.0934,0.443
kp25 run1.txt,25,-25.0,-1,134.000,-0.0948,0.407
kp25 run1.txt,25,-25.0,-1,135.000,-0.0948,0.407
kp25 run1.txt,25,-25.0,-1,136.000,-0.0948,0.407
kp25 run1.txt,25,-25.0,-1,137.000,-0.0828,0.707
kp25 run1.txt,25,-25.0,-1,138.000,-0.0934,0.443
kp25 run1.txt,25,-25.0,-1,139.000,-0.0955,0.388
kp25 run1.txt,25,-25.0,-1,140.000,-0.0934,0.443
kp25 run1.txt,25,-25.0,-1,141.000,-0.0934,0.443
kp25 run1.txt,25,-25.0,-1,142.000,-0.0897,0.534
kp25 run1.txt,25,-25.0,-1,143.000,-0.0934,0.443
kp25 run1.txt,25,-25.0,-1,144.000,-0.0934,0.443
kp25 run1.txt,25,-25.0,-1,145.000,-0.0934,0.443
kp25 run1.txt,25,-25.0,-1,146.000,-0.0948,0.407
kp25 run1.txt,25,-25.0,-1,147.000,-0.0937,0.434
kp25 run1.txt,25,-25.0,-1,148.000,-0.0904,0.516
kp25 run1.txt,25,-25.0,-1,149.000,-0.0934,0.443
kp25 run1.txt,25,-25.0,-1,150.000,-0.0934,0.443
kp25 run1.txt,25,-25.0,-1,151.000,-0.0875,0.589
kp25 run1.txt,25,-25.0,-1,152.000,-0.0926,0.461
kp25 run1.txt,25,-25.0,-1,153.000,-0.0985,0.316
kp25 run1.txt,25,-25.0,-1,154.000,-0.1036,-0.348
kp25 run1.txt,25,-25.0,-1,155.000,-0.0926,0.461
kp25 run1.txt,25,-25.0,-1,156.000,-0.0934,0.443
kp25 run1.txt,25,-25.0,-1,157.000,-0.0941,0.425
kp25 run1.txt,25,-25.0,-1,158.000,-0.0937,0.434
kp25 run1.txt,25,-25.0,-1,159.000,-0.0966,0.361
kp25 run1.txt,25,-25.0,-1,160.000,-0.0861,0.625
kp25 run1.txt,25,-25.0,-1,161.000,-0.0937,0.434
kp25 run1.txt,25,-25.0,-1,162.000,-0.0948,0.407
kp25 run1.txt,25,-25.0,-1,163.000,-0.0948,0.407
kp25 run1.txt,25,-25.0,-1,164.000,-0.0963,0.37
kp25 run1.txt,25,-25.0,-1,165.000,-0.0963,0.37
kp25 run1.txt,25,-25.0,-1,166.000,-0.0941,0.425
kp25 run1.txt,25,-25.0,-1,167.000,-0.0948,0.407
kp25 run1.txt,25,-25.0,-1,168.000,-0.0966,0.361
kp25 run1.txt,25,-25.0,-1,169.000,-0.0985,0.316
kp25 run1.txt,25,-25.0,-1,170.000,-0.1043,-0.366
kp25 run1.txt,25,-25.0,-1,171.000,-0.097,0.352
kp25 run1.txt,25,-25.0,-1,172.000,-0.0985,0.316
kp25 run1.txt,25,-25.0,-1,173.000,-0.0977,0.334
kp25 run1.txt,25,-25.0,-1,174.000,-0.0926,0.461
kp25 run1.txt,25,-25.0,-1,175.000,-0.0992,0.297
kp25 run1.txt,25,-25.0,-1,176.000,-0.0992,0.297
kp25 run1.txt,25,-25.0,-1,177.000,-0.1006,-0.275
kp25 run1.txt,25,-25.0,-1,178.000,-0.0883,0.571
kp25 run1.txt,25,-25.0,-1,179.000,-0.0999,0.279
kp25 run1.txt,25,-25.0,-1,180.000,-0.1006,-0.275
kp25 run1.txt,25,-25.0,-1,181.000,-0.1043,-0.366
kp25 run1.txt,25,-25.0,-1,182.000,-0.0992,0.297
kp25 run1.txt,25,-25.0,-1,183.000,-0.1014,-0.293
kp25 run1.txt,25,-25.0,-1,184.000,-0.0912,0.498
kp25 run1.txt,25,-25.0,-1,185.000,-0.1006,-0.275
kp25 run1.txt,25,-25.0,-1,186.000,-0.1025,-0.321
kp25 run1.txt,25,-25.0,-1,187.000,-0.1021,-0.312
kp25 run1.txt,25,-25.0,-1,188.000,-0.105,-0.385
kp25 run1.txt,25,-25.0,-1,189.000,-0.1036,-0.348
kp25 run1.txt,25,-25.0,-1,190.000,-0.1036,-0.348
kp25 run1.txt,25,-25.0,-1,191.000,-0.1025,-0.321
kp25 run1.txt,25,-25.0,-1,192.000,-0.1003,-0.266
kp25 run1.txt,25,-25.0,-1,193.000,-0.1025,-0.321
kp25 run1.txt,25,-25.0,-1,194.000,-0.1021,-0.312
kp25 run1.txt,25,-25.0,-1,195.000,-0.0992,0.297
kp25 run1.txt,25,-25.0,-1,196.000,-0.1036,-0.348
kp25 run1.txt,25,-25.0,-1,197.000,-0.1006,-0.275
kp25 run1.txt,25,-25.0,-1,198.000,-0.1014,-0.293
kp25 run1.txt,25,-25.0,-1,199.000,-0.1014,-0.293
kp25 run1.txt,25,-25.0,-1,200.000,-0.1014,-0.293
kp25 run1.txt,25,-25.0,-1,201.000,-0.1006,-0.275
kp25 run1.txt,25,-25.0,-1,202.000,-0.1014,-0.293
kp25 run1.txt,25,-25.0,-1,203.000,-0.1021,-0.312
kp25 run1.txt,25,-25.0,-1,204.000,-0.0992,0.297
kp25 run1.txt,25,-25.0,-1,205.000,-0.1021,-0.312
kp25 run1.txt,25,-25.0,-1,206.000,-0.101,-0.284
kp25 run1.txt,25,-25.0,-1,207.000,-0.1025,-0.321
kp25 run1.txt,25,-25.0,-1,208.000,-0.1079,-0.457
kp25 run1.txt,25,-25.0,-1,209.000,-0.1036,-0.348
kp25 run1.txt,25,-25.0,-1,210.000,-0.1072,-0.439
kp25 run1.txt,25,-25.0,-1,211.000,-0.1021,-0.312
kp25 run1.txt,25,-25.0,-1,212.000,-0.1014,-0.293
kp25 run1.txt,25,-25.0,-1,213.000,-0.1043,-0.366
kp25 run1.txt,25,-25.0,-1,214.000,-0.1014,-0.293
kp25 run1.txt,25,-25.0,-1,215.000,-0.1028,-0.33
kp25 run1.txt,25,-25.0,-1,216.000,-0.1006,-0.275
kp25 run1.txt,25,-25.0,-1,217.000,-0.1021,-0.312
kp25 run1.txt,25,-25.0,-1,218.000,-0.1043,-0.366
kp25 run1.txt,25,-25.0,-1,219.000,-0.1021,-0.312
kp25 run1.txt,25,-25.0,-1,220.000,-0.1028,-0.33
kp25 run1.txt,25,-25.0,-1,221.000,-0.1021,-0.312
kp25 run1.txt,25,-25.0,-1,222.000,-0.1021,-0.312
kp25 run1.txt,25,-25.0,-1,223.000,-0.1021,-0.312
kp25 run1.txt,25,-25.0,-1,224.000,-0.105,-0.385
kp25 run1.txt,25,-25.0,-1,225.000,-0.1025,-0.321
kp25 run1.txt,25,-25.0,-1,226.000,-0.1006,-0.275
kp25 run1.txt,25,-25.0,-1,227.000,-0.1014,-0.293
kp25 run1.txt,25,-25.0,-1,228.000,-0.1036,-0.348
kp25 run1.txt,25,-25.0,-1,229.000,-0.1014,-0.293
kp25 run1.txt,25,-25.0,-1,230.000,-0.0992,0.297
kp25 run1.txt,25,-25.0,-1,231.000,-0.1058,-0.403
kp25 run1.txt,25,-25.0,-1,232.000,-0.1003,-0.266
kp25 run1.txt,25,-25.0,-1,233.000,-0.1021,-0.312
kp25 run1.txt,25,-25.0,-1,234.000,-0.0981,0.325
kp25 run1.txt,25,-25.0,-1,235.000,-0.0992,0.297
kp25 run1.txt,25,-25.0,-1,236.000,-0.0974,0.343
kp25 run1.txt,25,-25.0,-1,237.000,-0.1014,-0.293
kp25 run1.txt,25,-25.0,-1,238.000,-0.1006,-0.275
kp25 run1.txt,25,-25.0,-1,239.000,-0.0992,0.297
kp25 run1.txt,25,-25.0,-1,240.000,-0.0992,0.297
kp25 run1.txt,25,-25.0,-1,241.000,-0.0992,0.297
kp25 run1.txt,25,-25.0,-1,242.000,-0.0985,0.316
kp25 run1.txt,25,-25.0,-1,243.000,-0.0985,0.316
kp25 run1.txt,25,-25.0,-1,244.000,-0.0966,0.361
kp25 run1.txt,25,-25.0,-1,245.000,-0.0977,0.334
kp25 run1.txt,25,-25.0,-1,246.000,-0.0934,0.443
kp25 run1.txt,25,-25.0,-1,247.000,-0.0897,0.534
kp25 run1.txt,25,-25.0,-1,248.000,-0.0977,0.334
kp25 run1.txt,25,-25.0,-1,249.000,-0.0897,0.534
kp25 run1.txt,25,-25.0,-1,250.000,-0.1021,-0.312
kp25 run1.txt,25,-25.0,-1,251.000,-0.0992,0.297
kp25 run1.txt,25,-25.0,-1,252.000,-0.0879,0.58
kp25 run1.txt,25,-25.0,-1,253.000,-0.0992,0.297
kp25 run1.txt,25,-25.0,-1,254.000,-0.1014,-0.293
kp25 run1.txt,25,-25.0,-1,255.000,-0.0985,0.316
kp25 run1.txt,25,-25.0,-1,256.000,-0.1025,-0.321
kp25 run1.txt,25,-25.0,-1,257.000,-0.0948,0.407
kp25 run1.txt,25,-25.0,-1,258.000,-0.0985,0.316
kp25 run1.txt,25,-25.0,-1,259.000,-0.0985,0.316
kp25 run1.txt,25,-25.0,-1,260.000,-0.0992,0.297
kp25 run1.txt,25,-25.0,-1,261.000,-0.0977,0.334
kp25 run1.txt,25,-25.0,-1,262.000,-0.0999,0.279
kp25 run1.txt,25,-25.0,-1,263.000,-0.1141,-0.612
kp25 run1.txt,25,-25.0,-1,264.000,-0.097,0.352
kp25 run1.txt,25,-25.0,-1,265.000,-0.0985,0.316
kp25 run1.txt,25,-25.0,-1,266.000,-0.1006,-0.275
kp25 run1.txt,25,-25.0,-1,267.000,-0.0985,0.316
kp25 run1.txt,25,-25.0,-1,268.000,-0.1006,-0.275
kp25 run1.txt,25,-25.0,-1,269.000,-0.0988,0.306
kp25 run1.txt,25,-25.0,-1,270.000,-0.0963,0.37
kp25 run1.txt,25,-25.0,-1,271.000,-0.0977,0.334
kp25 run1.txt,25,-25.0,-1,272.000,-0.0992,0.297
kp25 run1.txt,25,-25.0,-1,273.000,-0.1006,-0.275
kp25 run1.txt,25,-25.0,-1,274.000,-0.0992,0.297
kp25 run1.txt,25,-25.0,-1,275.000,-0.0981,0.325
kp25 run1.txt,25,-25.0,-1,276.000,-0.0992,0.297
kp25 run1.txt,25,-25.0,-1,277.000,-0.0985,0.316
kp25 run1.txt,25,-25.0,-1,278.000,-0.0985,0.316
kp25 run1.txt,25,-25.0,-1,279.000,-0.0985,0.316
kp25 run1.txt,25,-25.0,-1,280.000,-0.0999,0.279
kp25 run1.txt,25,-25.0,-1,281.000,-0.1021,-0.312
kp25 run1.txt,25,-25.0,-1,282.000,-0.0966,0.361
kp25 run1.txt,25,-25.0,-1,283.000,-0.0996,0.288
kp25 run1.txt,25,-25.0,-1,284.000,-0.0999,0.279
kp25 run1.txt,25,-25.0,-1,285.000,-0.0966,0.361
kp25 run1.txt,25,-25.0,-1,286.000,-0.0999,0.279
kp25 run1.txt,25,-25.0,-1,287.000,-0.1101,-0.512
kp25 run1.txt,25,-25.0,-1,288.000,-0.1014,-0.293
kp25 run1.txt,25,-25.0,-1,289.000,-0.0977,0.334
kp25 run1.txt,25,-25.0,-1,290.000,-0.1036,-0.348
kp25 run1.txt,25,-25.0,-1,291.000,-0.1006,-0.275
kp25 run1.txt,25,-25.0,-1,292.000,-0.1105,-0.521
kp25 run1.txt,25,-25.0,-1,293.000,-0.0985,0.316
kp25 run1.txt,25,-25.0,-1,294.000,-0.1014,-0.293
kp25 run1.txt,25,-25.0,-1,295.000,-0.0992,0.297
kp25 run1.txt,25,-25.0,-1,296.000,-0.1065,-0.421
kp25 run1.txt,25,-25.0,-1,297.000,-0.105,-0.385
kp25 run1.txt,25,-25.0,-1,298.000,-0.0985,0.316
kp25 run1.txt,25,-25.0,-1,299.000,-0.097,0.352
kp25 run1.txt,25,-25.0,-1,300.000,-0.0992,0.297
kp25 run1.txt,25,-25.0,-1,301.000,-0.0992,0.297
kp25 run1.txt,25,-25.0,-1,302.000,-0.0992,0.297
kp25 run1.txt,25,-25.0,-1,303.000,-0.1006,-0.275
kp25 run1.txt,25,-25.0,-1,304.000,-0.0977,0.334
kp25 run1.txt,25,-25.0,-1,305.000,-0.1014,-0.293
kp25 run1.txt,25,-25.0,-1,306.000,-0.0985,0.316
kp25 run1.txt,25,-25.0,-1,307.000,-0.1014,-0.293
kp25 run1.txt,25,-25.0,-1,308.000,-0.1006,-0.275
kp25 run1.txt,25,-25.0,-1,309.000,-0.0977,0.334
kp25 run1.txt,25,-25.0,-1,310.000,-0.1021,-0.312
kp25 run1.txt,25,-25.0,-1,311.000,-0.1021,-0.312
kp25 run1.txt,25,-25.0,-1,312.000,-0.0996,0.288
kp25 run1.txt,25,-25.0,-1,313.000,-0.0992,0.297
kp25 run1.txt,25,-25.0,-1,314.000,-0.0999,0.279
kp25 run1.txt,25,-25.0,-1,315.000,-0.0977,0.334
kp25 run1.txt,25,-25.0,-1,316.000,-0.0992,0.297
kp25 run1.txt,25,-25.0,-1,317.000,-0.1021,-0.312
kp25 run1.txt,25,-25.0,-1,318.000,-0.0926,0.461
kp25 run1.txt,25,-25.0,-1,319.000,-0.1006,-0.275
kp25 run1.txt,25,-25.0,-1,320.000,-0.1006,-0.275
kp25 run1.txt,25,-25.0,-1,321.000,-0.0985,0.316
kp25 run1.txt,25,-25.0,-1,322.000,-0.0992,0.297
kp25 run1.txt,25,-25.0,-1,323.000,-0.1043,-0.366
kp25 run1.txt,25,-25.0,-1,324.000,-0.1072,-0.439
kp25 run1.txt,25,-25.0,-1,325.000,-0.0999,0.279
kp25 run1.txt,25,-25.0,-1,326.000,-0.0955,0.388
kp25 run1.txt,25,-25.0,-1,327.000,-0.1036,-0.348
kp25 run1.txt,25,-25.0,-1,328.000,-0.0985,0.316
kp25 run1.txt,25,-25.0,-1,329.000,-0.101,-0.284
kp25 run1.txt,25,-25.0,-1,330.000,-0.0985,0.316
kp25 run1.txt,25,-25.0,-1,331.000,-0.0992,0.297
kp25 run1.txt,25,-25.0,-1,332.000,-0.0985,0.316
kp25 run1.txt,25,-25.0,-1,333.000,-0.0985,0.316
kp25 run1.txt,25,-25.0,-1,334.000,-0.0985,0.316
kp25 run1.txt,25,-25.0,-1,335.000,-0.0985,0.316
kp25 run1.txt,25,-25.0,-1,336.000,-0.0963,0.37
kp25 run1.txt,25,-25.0,-1,337.000,-0.0992,0.297
kp25 run1.txt,25,-25.0,-1,338.000,-0.1025,-0.321
kp25 run1.txt,25,-25.0,-1,339.000,-0.1014,-0.293
kp25 run1.txt,25,-25.0,-1,340.000,-0.1025,-0.321
kp25 run1.txt,25,-25.0,-1,341.000,-0.1006,-0.275
kp25 run1.txt,25,-25.0,-1,342.000,-0.0955,0.388
kp25 run1.txt,25,-25.0,-1,343.000,-0.1014,-0.293
kp25 run1.txt,25,-25.0,-1,344.000,-0.0999,0.279
kp25 run1.txt,25,-25.0,-1,345.000,-0.1021,-0.312
kp25 run1.txt,25,-25.0,-1,346.000,-0.0766,0.862
kp25 run1.txt,25,-25.0,-1,347.000,-0.1003,-0.266
kp25 run1.txt,25,-25.0,-1,348.000,-0.1043,-0.366
kp25 run1.txt,25,-25.0,-1,349.000,-0.1014,-0.293
kp25 run1.txt,25,-25.0,-1,350.000,-0.0999,0.279
kp25 run1.txt,25,-25.0,-1,351.000,-0.1021,-0.312
kp25 run1.txt,25,-25.0,-1,352.000,-0.1006,-0.275
kp25 run1.txt,25,-25.0,-1,353.000,-0.0996,0.288
kp25 run1.txt,25,-25.0,-1,354.000,-0.1014,-0.293
kp25 run1.txt,25,-25.0,-1,355.000,-0.1043,-0.366
kp25 run1.txt,25,-25.0,-1,356.000,-0.1021,-0.312
kp25 run1.txt,25,-25.0,-1,357.000,-0.1006,-0.275
kp25 run1.txt,25,-25.0,-1,358.000,-0.1014,-0.293
kp25 run1.txt,25,-25.0,-1,359.000,-0.0999,0.279
kp25 run1.txt,25,-25.0,-1,360.000,-0.0992,0.297
kp25 run1.txt,25,-25.0,-1,361.000,-0.1014,-0.293
kp25 run1.txt,25,-25.0,-1,362.000,-0.1014,-0.293
kp25 run1.txt,25,-25.0,-1,363.000,-0.0955,0.388
kp25 run1.txt,25,-25.0,-1,364.000,-0.1006,-0.275
kp25 run1.txt,25,-25.0,-1,365.000,-0.0992,0.297
kp25 run1.txt,25,-25.0,-1,366.000,-0.0955,0.388
kp25 run1.txt,25,-25.0,-1,367.000,-0.1014,-0.293
kp25 run1.txt,25,-25.0,-1,368.000,-0.0996,0.288
kp25 run1.txt,25,-25.0,-1,369.000,-0.1036,-0.348
kp25 run1.txt,25,-25.0,-1,370.000,-0.1028,-0.33
kp25 run1.txt,25,-25.0,-1,371.000,-0.1006,-0.275
kp25 run1.txt,25,-25.0,-1,372.000,-0.1054,-0.394
kp25 run1.txt,25,-25.0,-1,373.000,-0.0999,0.279
kp25 run1.txt,25,-25.0,-1,374.000,-0.1006,-0.275
kp25 run1.txt,25,-25.0,-1,375.000,-0.1014,-0.293
kp25 run1.txt,25,-25.0,-1,376.000,-0.0985,0.316
kp25 run1.txt,25,-25.0,-1,377.000,-0.1014,-0.293
kp25 run1.txt,25,-25.0,-1,378.000,-0.1021,-0.312
kp25 run1.txt,25,-25.0,-1,379.000,-0.1014,-0.293
kp25 run1.txt,25,-25.0,-1,380.000,-0.1014,-0.293
kp25 run1.txt,25,-25.0,-1,381.000,-0.1006,-0.275
kp25 run1.txt,25,-25.0,-1,382.000,-0.089,0.552
kp25 run1.txt,25,-25.0,-1,383.000,-0.0977,0.334
kp25 run1.txt,25,-25.0,-1,384.000,-0.1006,-0.275
kp25 run1.txt,25,-25.0,-1,385.000,-0.0992,0.297
kp25 run1.txt,25,-25.0,-1,386.000,-0.1014,-0.293
kp25 run1.txt,25,-25.0,-1,387.000,-0.1025,-0.321
kp25 run1.txt,25,-25.0,-1,388.000,-0.1014,-0.293
kp25 run1.txt,25,-25.0,-1,389.000,-0.1094,-0.494
kp25 run1.txt,25,-25.0,-1,390.000,-0.0999,0.279
kp25 run1.txt,25,-25.0,-1,391.000,-0.1028,-0.33
kp25 run1.txt,25,-25.0,-1,392.000,-0.1123,-0.567
kp25 run1.txt,25,-25.0,-1,393.000,-0.0996,0.288
kp25 run1.txt,25,-25.0,-1,394.000,-0.1021,-0.312
kp25 run1.txt,25,-25.0,-1,395.000,-0.0981,0.325
kp25 run1.txt,25,-25.0,-1,396.000,-0.0996,0.288
kp25 run1.txt,25,-25.0,-1,397.000,-0.1006,-0.275
kp25 run1.txt,25,-25.0,-1,398.000,-0.0985,0.316
kp25 run1.txt,25,-25.0,-1,399.000,-0.0992,0.297
kp25 run1.txt,25,-25.0,-1,400.000,-0.0999,0.279
kp25 run1.txt,25,-25.0,-1,401.000,-0.0996,0.288
kp25 run1.txt,25,-25.0,-1,402.000,-0.097,0.352
kp25 run1.txt,25,-25.0,-1,403.000,-0.0985,0.316
kp25 run1.txt,25,-25.0,-1,404.000,-0.1036,-0.348
kp25 run1.txt,25,-25.0,-1,405.000,-0.0999,0.279
kp25 run1.txt,25,-25.0,-1,406.000,-0.0999,0.279
kp25 run1.txt,25,-25.0,-1,407.000,-0.0966,0.361
kp25 run1.txt,25,-25.0,-1,408.000,-0.0992,0.297
kp25 run1.txt,25,-25.0,-1,409.000,-0.0948,0.407
kp25 run1.txt,25,-25.0,-1,410.000,-0.1232,-0.84
kp25 run1.txt,25,-25.0,-1,411.000,-0.1006,-0.275
kp25 run1.txt,25,-25.0,-1,412.000,-0.1021,-0.312
kp25 run1.txt,25,-25.0,-1,413.000,-0.1006,-0.275
kp25 run1.txt,25,-25.0,-1,414.000,-0.1014,-0.293
kp25 run1.txt,25,-25.0,-1,415.000,-0.1003,-0.266
kp25 run1.txt,25,-25.0,-1,416.000,-0.1014,-0.293
kp25 run1.txt,25,-25.0,-1,417.000,-0.1043,-0.366
kp25 run1.txt,25,-25.0,-1,418.000,-0.0937,0.434
kp25 run1.txt,25,-25.0,-1,419.000,-0.0985,0.316
kp25 run1.txt,25,-25.0,-1,420.000,-0.1006,-0.275
kp25 run1.txt,25,-25.0,-1,421.000,-0.1028,-0.33
kp25 run1.txt,25,-25.0,-1,422.000,-0.1021,-0.312
kp25 run1.txt,25,-25.0,-1,423.000,-0.1028,-0.33
kp25 run1.txt,25,-25.0,-1,424.000,-0.0999,0.279
kp25 run1.txt,25,-25.0,-1,425.000,-0.1021,-0.312
kp25 run1.txt,25,-25.0,-1,426.000,-0.1036,-0.348
kp25 run1.txt,25,-25.0,-1,427.000,-0.0992,0.297
kp25 run1.txt,25,-25.0,-1,428.000,-0.0992,0.297
kp25 run1.txt,25,-25.0,-1,429.000,-0.0996,0.288
kp25 run1.txt,25,-25.0,-1,430.000,-0.0992,0.297
kp25 run1.txt,25,-25.0,-1,431.000,-0.1006,-0.275
kp25 run1.txt,25,-25.0,-1,432.000,-0.1014,-0.293
kp25 run1.txt,25,-25.0,-1,433.000,-0.105,-0.385
kp25 run1.txt,25,-25.0,-1,434.000,-0.0992,0.297
kp25 run1.txt,25,-25.0,-1,435.000,-0.1028,-0.33
kp25 run1.txt,25,-25.0,-1,436.000,-0.0985,0.316
kp25 run1.txt,25,-25.0,-1,437.000,-0.0992,0.297
kp25 run1.txt,25,-25.0,-1,438.000,-0.1014,-0.293
kp25 run1.txt,25,-25.0,-1,439.000,-0.1014,-0.293
kp25 run1.txt,25,-25.0,-1,440.000,-0.0999,0.279
kp25 run1.txt,25,-25.0,-1,441.000,-0.1006,-0.275
kp25 run1.txt,25,-25.0,-1,442.000,-0.1043,-0.366
kp25 run1.txt,25,-25.0,-1,443.000,-0.101,-0.284
kp25 run1.txt,25,-25.0,-1,444.000,-0.0999,0.279
kp25 run1.txt,25,-25.0,-1,445.000,-0.0999,0.279
kp25 run1.txt,25,-25.0,-1,446.000,-0.113,-0.585
kp25 run1.txt,25,-25.0,-1,447.000,-0.1006,-0.275
kp25 run1.txt,25,-25.0,-1,448.000,-0.0985,0.316
kp25 run1.txt,25,-25.0,-1,449.000,-0.0999,0.279
kp25 run1.txt,25,-25.0,-1,450.000,-0.0977,0.334
kp25 run1.txt,25,-25.0,-1,451.000,-0.0955,0.388
kp25 run1.txt,25,-25.0,-1,452.000,-0.1014,-0.293
kp25 run1.txt,25,-25.0,-1,453.000,-0.1021,-0.312
kp25 run1.txt,25,-25.0,-1,454.000,-0.1116,-0.549
kp25 run1.txt,25,-25.0,-1,455.000,-0.0883,0.571
kp25 run1.txt,25,-25.0,-1,456.000,-0.1014,-0.293
kp25 run1.txt,25,-25.0,-1,457.000,-0.1014,-0.293
kp25 run1.txt,25,-25.0,-1,458.000,-0.1006,-0.275
kp25 run1.txt,25,-25.0,-1,459.000,-0.0992,0.297
kp25 run1.txt,25,-25.0,-1,460.000,-0.0977,0.334
kp25 run1.txt,25,-25.0,-1,461.000,-0.0992,0.297
kp25 run1.txt,25,-25.0,-1,462.000,-0.0992,0.297
kp25 run1.txt,25,-25.0,-1,463.000,-0.1014,-0.293
kp25 run1.txt,25,-25.0,-1,464.000,-0.0985,0.316
kp25 run1.txt,25,-25.0,-1,465.000,-0.1014,-0.293
kp25 run1.txt,25,-25.0,-1,466.000,-0.1006,-0.275
kp25 run1.txt,25,-25.0,-1,467.000,-0.0999,0.279
kp25 run1.txt,25,-25.0,-1,468.000,-0.1021,-0.312
kp25 run1.txt,25,-25.0,-1,469.000,-0.1014,-0.293
kp25 run1.txt,25,-25.0,-1,470.000,-0.0999,0.279
kp25 run1.txt,25,-25.0,-1,471.000,-0.1021,-0.312
kp25 run1.txt,25,-25.0,-1,472.000,-0.1014,-0.293
kp25 run1.txt,25,-25.0,-1,473.000,-0.1025,-0.321
kp25 run1.txt,25,-25.0,-1,474.000,-0.1014,-0.293
kp25 run1.txt,25,-25.0,-1,475.000,-0.1006,-0.275
kp25 run1.txt,25,-25.0,-1,476.000,-0.1021,-0.312
kp25 run1.txt,25,-25.0,-1,477.000,-0.0992,0.297
kp25 run1.txt,25,-25.0,-1,478.000,-0.1006,-0.275
kp25 run1.txt,25,-25.0,-1,479.000,-0.1021,-0.312
kp25 run1.txt,25,-25.0,-1,480.000,-0.1014,-0.293
kp25 run1.txt,25,-25.0,-1,481.000,-0.0966,0.361
kp25 run1.txt,25,-25.0,-1,482.000,-0.0912,0.498
kp25 run1.txt,25,-25.0,-1,483.000,-0.0999,0.279
kp25 run1.txt,25,-25.0,-1,484.000,-0.1006,-0.275
kp25 run1.txt,25,-25.0,-1,485.000,-0.1021,-0.312
kp25 run1.txt,25,-25.0,-1,486.000,-0.0999,0.279
kp25 run1.txt,25,-25.0,-1,487.000,-0.1014,-0.293
kp25 run1.txt,25,-25.0,-1,488.000,-0.0985,0.316
kp25 run1.txt,25,-25.0,-1,489.000,-0.0897,0.534
kp25 run1.txt,25,-25.0,-1,490.000,-0.1021,-0.312
kp25 run1.txt,25,-25.0,-1,491.000,-0.0966,0.361
kp25 run1.txt,25,-25.0,-1,492.000,-0.1014,-0.293
kp25 run1.txt,25,-25.0,-1,493.000,-0.1014,-0.293
kp25 run1.txt,25,-25.0,-1,494.000,-0.0999,0.279
kp25 run1.txt,25,-25.0,-1,495.000,-0.0977,0.334
kp25 run1.txt,25,-25.0,-1,496.000,-0.0996,0.288
kp25 run1.txt,25,-25.0,-1,497.000,-0.0977,0.334
kp25 run1.txt,25,-25.0,-1,498.000,-0.105,-0.385
kp25 run1.txt,25,-25.0,-1,499.000,-0.0934,0.443
kp25 run1.txt,25,-25.0,-1,500.000,-0.0992,0.297
kp25 run1.txt,25,-25.0,-1,501.000,-0.1014,-0.293
kp25 run1.txt,25,-25.0,-1,502.000,-0.0955,0.388
kp25 run1.txt,25,-25.0,-1,503.000,-0.1006,-0.275
kp25 run1.txt,25,-25.0,-1,504.000,-0.1021,-0.312
kp25 run1.txt,25,-25.0,-1,505.000,-0.0999,0.279
kp25 run1.txt,25,-25.0,-1,506.000,-0.105,-0.385
kp25 run1.txt,25,-25.0,-1,507.000,-0.101,-0.284
kp25 run1.txt,25,-25.0,-1,508.000,-0.1036,-0.348
kp25 run1.txt,25,-25.0,-1,509.000,-0.0996,0.288
kp25 run1.txt,25,-25.0,-1,510.000,-0.0992,0.297
kp25 run1.txt,25,-25.0,-1,511.000,-0.097,0.352
kp25 run1.txt,25,-25.0,-1,512.000,-0.1014,-0.293
kp25 run1.txt,25,-25.0,-1,513.000,-0.1006,-0.275
kp25 run1.txt,25,-25.0,-1,514.000,-0.1006,-0.275
kp25 run1.txt,25,-25.0,-1,515.009,-0.1006,-0.275
kp25 run1.txt,25,-25.0,-1,516.000,-0.1003,-0.266
kp25 run1.txt,25,-25.0,-1,517.000,-0.0992,0.297
kp25 run1.txt,25,-25.0,-1,518.000,-0.0963,0.37
kp25 run1.txt,25,-25.0,-1,519.000,-0.1006,-0.275
kp25 run1.txt,25,-25.0,-1,520.000,-0.1021,-0.312
kp25 run1.txt,25,-25.0,-1,521.000,-0.1006,-0.275
kp25 run1.txt,25,-25.0,-1,522.000,-0.1006,-0.275
kp25 run1.txt,25,-25.0,-1,523.000,-0.1014,-0.293
kp25 run1.txt,25,-25.0,-1,524.000,-0.0988,0.306
kp25 run1.txt,25,-25.0,-1,525.000,-0.0999,0.279
kp25 run1.txt,25,-25.0,-1,526.000,-0.0934,0.443
kp25 run1.txt,25,-25.0,-1,527.000,-0.1028,-0.33
kp25 run1.txt,25,-25.0,-1,528.000,-0.1014,-0.293
kp25 run1.txt,25,-25.0,-1,529.000,-0.1028,-0.33
kp25 run1.txt,25,-25.0,-1,530.000,-0.0992,0.297
kp25 run1.txt,25,-25.0,-1,531.000,-0.0985,0.316
kp25 run1.txt,25,-25.0,-1,532.000,-0.1021,-0.312
kp25 run1.txt,25,-25.0,-1,533.000,-0.097,0.352
kp25 run1.txt,25,-25.0,-1,534.000,-0.0992,0.297
kp25 run1.txt,25,-25.0,-1,535.000,-0.1006,-0.275
kp25 run1.txt,25,-25.0,-1,536.000,-0.0999,0.279
kp25 run1.txt,25,-25.0,-1,537.000,-0.1014,-0.293
kp25 run1.txt,25,-25.0,-1,538.000,-0.1036,-0.348
kp25 run1.txt,25,-25.0,-1,539.000,-0.1021,-0.312
kp25 run1.txt,25,-25.0,-1,540.000,-0.1025,-0.321
kp25 run1.txt,25,-25.0,-1,541.000,-0.1014,-0.293
kp25 run1.txt,25,-25.0,-1,542.000,-0.1014,-0.293
kp25 run1.txt,25,-25.0,-1,543.000,-0.0985,0.316
kp25 run1.txt,25,-25.0,-1,544.000,-0.0985,0.316
kp25 run1.txt,25,-25.0,-1,545.000,-0.0985,0.316
kp25 run1.txt,25,-25.0,-1,546.000,-0.1006,-0.275
kp25 run1.txt,25,-25.0,-1,547.000,-0.1036,-0.348
kp25 run1.txt,25,-25.0,-1,548.000,-0.1021,-0.312
kp25 run1.txt,25,-25.0,-1,549.000,-0.097,0.352
kp25 run1.txt,25,-25.0,-1,550.000,-0.0992,0.297
kp25 run1.txt,25,-25.0,-1,551.000,-0.1021,-0.312
kp25 run1.txt,25,-25.0,-1,552.000,-0.0941,0.425
kp25 run1.txt,25,-25.0,-1,553.000,-0.1006,-0.275
kp25 run1.txt,25,-25.0,-1,554.000,-0.1043,-0.366
kp25 run1.txt,25,-25.0,-1,555.000,-0.1006,-0.275
kp25 run1.txt,25,-25.0,-1,556.000,-0.0999,0.279
kp25 run1.txt,25,-25.0,-1,557.000,-0.0996,0.288
kp25 run1.txt,25,-25.0,-1,558.000,-0.0999,0.279
kp25 run1.txt,25,-25.0,-1,559.000,-0.0985,0.316
kp25 run1.txt,25,-25.0,-1,560.000,-0.0996,0.288
kp25 run1.txt,25,-25.0,-1,561.000,-0.0999,0.279
kp25 run1.txt,25,-25.0,-1,562.000,-0.1014,-0.293
kp25 run1.txt,25,-25.0,-1,563.000,-0.1014,-0.293
kp25 run1.txt,25,-25.0,-1,564.000,-0.0999,0.279
kp25 run1.txt,25,-25.0,-1,565.000,-0.1006,-0.275
kp25 run1.txt,25,-25.0,-1,566.000,-0.1112,-0.539
kp25 run1.txt,25,-25.0,-1,567.000,-0.1021,-0.312
kp25 run1.txt,25,-25.0,-1,568.000,-0.0948,0.407
kp25 run1.txt,25,-25.0,-1,569.000,-0.0861,0.625
kp25 run1.txt,25,-25.0,-1,570.000,-0.1079,-0.457
kp25 run1.txt,25,-25.0,-1,571.000,-0.1028,-0.33
kp25 run1.txt,25,-25.0,-1,572.000,-0.1017,-0.303
kp25 run1.txt,25,-25.0,-1,573.000,-0.1061,-0.412
kp25 run1.txt,25,-25.0,-1,574.000,-0.1036,-0.348
kp25 run1.txt,25,-25.0,-1,575.000,-0.1006,-0.275
kp25 run1.txt,25,-25.0,-1,576.000,-0.0992,0.297
kp25 run1.txt,25,-25.0,-1,577.000,-0.0996,0.288
kp25 run1.txt,25,-25.0,-1,578.000,-0.1021,-0.312
kp25 run1.txt,25,-25.0,-1,579.000,-0.1017,-0.303
kp25 run1.txt,25,-25.0,-1,580.000,-0.1028,-0.33
kp25 run1.txt,25,-25.0,-1,581.000,-0.1028,-0.33
kp25 run1.txt,25,-25.0,-1,582.000,-0.1014,-0.293
kp25 run1.txt,25,-25.0,-1,583.000,-0.0992,0.297
kp25 run1.txt,25,-25.0,-1,584.000,-0.0985,0.316
kp25 run1.txt,25,-25.0,-1,585.000,-0.1006,-0.275
kp25 run1.txt,25,-25.0,-1,586.000,-0.1014,-0.293
kp25 run1.txt,25,-25.0,-1,587.000,-0.0955,0.388
kp25 run1.txt,25,-25.0,-1,588.000,-0.1025,-0.321
kp25 run1.txt,25,-25.0,-1,589.000,-0.1014,-0.293
kp25 run1.txt,25,-25.0,-1,590.000,-0.0999,0.279
kp25 run1.txt,25,-25.0,-1,591.000,-0.0985,0.316
kp25 run1.txt,25,-25.0,-1,592.000,-0.1025,-0.321
kp25 run1.txt,25,-25.0,-1,593.000,-0.0992,0.297
kp25 run1.txt,25,-25.0,-1,594.000,-0.0992,0.297
kp25 run1.txt,25,-25.0,-1,595.000,-0.1014,-0.293
kp25 run1.txt,25,-25.0,-1,596.000,-0.1006,-0.275
kp25 run1.txt,25,-25.0,-1,597.000,-0.0992,0.297
kp25 run1.txt,25,-25.0,-1,598.000,-0.1025,-0.321
kp25 run1.txt,25,-25.0,-1,599.000,-0.0992,0.297
kp25 run1.txt,26,-25.0,1,0.000,-0.1003,-5.266
kp25 run1.txt,26,-25.0,1,1.000,-0.0955,-5.148
kp25 run1.txt,26,-25.0,1,2.000,-0.1043,-5.366
kp25 run1.txt,26,-25.0,1,3.000,-0.0999,-5.257
kp25 run1.txt,26,-25.0,1,4.000,-0.1021,-5.312
kp25 run1.txt,26,-25.0,1,5.000,-0.1043,-5.366
kp25 run1.txt,26,-25.0,1,6.000,-0.0948,-5.129
kp25 run1.txt,26,-25.0,1,7.000,-0.0963,-5.166
kp25 run1.txt,26,-25.0,1,8.000,-0.0934,-5.093
kp25 run1.txt,26,-25.0,1,9.000,-0.0904,-5.02
kp25 run1.txt,26,-25.0,1,10.000,-0.0875,-4.947
kp25 run1.txt,26,-25.0,1,11.000,-0.0832,-4.838
kp25 run1.txt,26,-25.0,1,12.000,-0.0802,-4.765
kp25 run1.txt,26,-25.0,1,13.000,-0.0759,-4.655
kp25 run1.txt,26,-25.0,1,14.000,-0.0722,-4.564
kp25 run1.txt,26,-25.0,1,15.000,-0.0686,-4.473
kp25 run1.txt,26,-25.0,1,16.000,-0.0635,-4.346
kp25 run1.txt,26,-25.0,1,17.000,-0.0606,-4.273
kp25 run1.txt,26,-25.0,1,18.000,-0.0511,-4.036
kp25 run1.txt,26,-25.0,1,19.000,-0.0525,-4.072
kp25 run1.txt,26,-25.0,1,20.007,-0.0438,-3.854
kp25 run1.txt,26,-25.0,1,21.000,-0.0441,-3.863
kp25 run1.txt,26,-25.0,1,22.000,-0.0354,-3.644
kp25 run1.txt,26,-25.0,1,23.000,-0.0336,-3.598
kp25 run1.txt,26,-25.0,1,24.000,-0.0292,-3.489
kp25 run1.txt,26,-25.0,1,25.000,-0.0237,-3.352
kp25 run1.txt,26,-25.0,1,26.000,-0.0051,-2.888
kp25 run1.txt,26,-25.0,1,27.000,-0.0073,-2.942
kp25 run1.txt,26,-25.0,1,28.000,-0.0062,-2.915
kp25 run1.txt,26,-25.0,1,29.000,-0.0022,-2.815
kp25 run1.txt,26,-25.0,1,30.000,0.0043,-2.651
kp25 run1.txt,26,-25.0,1,31.000,0.0058,-2.614
kp25 run1.txt,26,-25.0,1,32.000,0.0138,-2.414
kp25 run1.txt,26,-25.0,1,33.000,0.0211,-2.231
kp25 run1.txt,26,-25.0,1,34.000,0.0218,-2.213
kp25 run1.txt,26,-25.0,1,35.000,0.024,-2.159
kp25 run1.txt,26,-25.0,1,36.000,0.0313,-1.976
kp25 run1.txt,26,-25.0,1,37.000,0.0299,-2.013
kp25 run1.txt,26,-25.0,1,38.000,0.0422,-1.703
kp25 run1.txt,26,-25.0,1,39.000,0.0466,-1.594
kp25 run1.txt,26,-25.0,1,40.000,0.0495,-1.521
kp25 run1.txt,26,-25.0,1,41.000,0.0554,-1.375
kp25 run1.txt,26,-25.0,1,42.000,0.0576,-1.32
kp25 run1.txt,26,-25.0,1,43.000,0.0641,-1.156
kp25 run1.txt,26,-25.0,1,44.000,0.067,-1.083
kp25 run1.txt,26,-25.0,1,45.000,0.0729,-0.937
kp25 run1.txt,26,-25.0,1,46.000,0.0765,-0.846
kp25 run1.txt,26,-25.0,1,47.000,0.0812,-0.728
kp25 run1.txt,26,-25.0,1,48.000,0.0842,-0.655
kp25 run1.txt,26,-25.0,1,49.000,0.0893,-0.527
kp25 run1.txt,26,-25.0,1,50.000,0.0951,-0.382
kp25 run1.txt,26,-25.0,1,51.000,0.0889,-0.536
kp25 run1.txt,26,-25.0,1,52.000,0.094,-0.409
kp25 run1.txt,26,-25.0,1,53.000,0.0998,-0.263
kp25 run1.txt,26,-25.0,1,54.000,0.1049,0.401
kp25 run1.txt,26,-25.0,1,55.000,0.1049,0.401
kp25 run1.txt,26,-25.0,1,56.000,0.113,0.601
kp25 run1.txt,26,-25.0,1,57.000,0.1122,0.583
kp25 run1.txt,26,-25.0,1,58.000,0.1133,0.61
kp25 run1.txt,26,-25.0,1,59.000,0.1166,0.692
kp25 run1.txt,26,-25.0,1,60.000,0.117,0.701
kp25 run1.txt,26,-25.0,1,61.000,0.1239,0.874
kp25 run1.txt,26,-25.0,1,62.000,0.129,1.002
kp25 run1.txt,26,-25.0,1,63.000,0.1246,0.893
kp25 run1.txt,26,-25.0,1,64.000,0.1246,0.893
kp25 run1.txt,26,-25.0,1,65.000,0.1283,0.984
kp25 run1.txt,26,-25.0,1,66.000,0.1275,0.966
kp25 run1.txt,26,-25.0,1,67.000,0.129,1.002
kp25 run1.txt,26,-25.0,1,68.000,0.1297,1.02
kp25 run1.txt,26,-25.0,1,69.000,0.1523,1.585
kp25 run1.txt,26,-25.0,1,70.000,0.1319,1.075
kp25 run1.txt,26,-25.0,1,71.000,0.1374,1.212
kp25 run1.txt,26,-25.0,1,72.000,0.1319,1.075
kp25 run1.txt,26,-25.0,1,73.000,0.1326,1.093
kp25 run1.txt,26,-25.0,1,74.000,0.1334,1.111
kp25 run1.txt,26,-25.0,1,75.000,0.1301,1.029
kp25 run1.txt,26,-25.0,1,76.000,0.1337,1.12
kp25 run1.txt,26,-25.0,1,77.000,0.1319,1.075
kp25 run1.txt,26,-25.0,1,78.000,0.1326,1.093
kp25 run1.txt,26,-25.0,1,79.000,0.1312,1.057
kp25 run1.txt,26,-25.0,1,80.000,0.1334,1.111
kp25 run1.txt,26,-25.0,1,81.000,0.1334,1.111
kp25 run1.txt,26,-25.0,1,82.000,0.1283,0.984
kp25 run1.txt,26,-25.0,1,83.000,0.1319,1.075
kp25 run1.txt,26,-25.0,1,84.000,0.1319,1.075
kp25 run1.txt,26,-25.0,1,85.000,0.1429,1.348
kp25 run1.txt,26,-25.0,1,86.000,0.1326,1.093
kp25 run1.txt,26,-25.0,1,87.000,0.1326,1.093
kp25 run1.txt,26,-25.0,1,88.000,0.1283,0.984
kp25 run1.txt,26,-25.0,1,89.000,0.1283,0.984
kp25 run1.txt,26,-25.0,1,90.000,0.1297,1.02
kp25 run1.txt,26,-25.0,1,91.000,0.1297,1.02
kp25 run1.txt,26,-25.0,1,92.000,0.1279,0.975
kp25 run1.txt,26,-25.0,1,93.000,0.1345,1.139
kp25 run1.txt,26,-25.0,1,94.000,0.1232,0.856
kp25 run1.txt,26,-25.0,1,95.000,0.1264,0.938
kp25 run1.txt,26,-25.0,1,96.000,0.1224,0.838
kp25 run1.txt,26,-25.0,1,97.000,0.1264,0.938
kp25 run1.txt,26,-25.0,1,98.000,0.1228,0.847
kp25 run1.txt,26,-25.0,1,99.000,0.1224,0.838
kp25 run1.txt,26,-25.0,1,100.000,0.1213,0.811
kp25 run1.txt,26,-25.0,1,101.000,0.1195,0.765
kp25 run1.txt,26,-25.0,1,102.000,0.1155,0.665
kp25 run1.txt,26,-25.0,1,103.000,0.1173,0.71
kp25 run1.txt,26,-25.0,1,104.000,0.1108,0.546
kp25 run1.txt,26,-25.0,1,105.000,0.1137,0.619
kp25 run1.txt,26,-25.0,1,106.000,0.1166,0.692
kp25 run1.txt,26,-25.0,1,107.000,0.1133,0.61
kp25 run1.txt,26,-25.0,1,108.000,0.1119,0.574
kp25 run1.txt,26,-25.0,1,109.000,0.1093,0.51
kp25 run1.txt,26,-25.0,1,110.000,0.1108,0.546
kp25 run1.txt,26,-25.0,1,111.000,0.1108,0.546
kp25 run1.txt,26,-25.0,1,112.000,0.1122,0.583
kp25 run1.txt,26,-25.0,1,113.000,0.1071,0.455
kp25 run1.txt,26,-25.0,1,114.000,0.0969,-0.336
kp25 run1.txt,26,-25.0,1,115.000,0.1064,0.437
kp25 run1.txt,26,-25.0,1,116.000,0.1057,0.419
kp25 run1.txt,26,-25.0,1,117.000,0.1006,0.291
kp25 run1.txt,26,-25.0,1,118.000,0.102,0.328
kp25 run1.txt,26,-25.0,1,119.000,0.0998,-0.263
kp25 run1.txt,26,-25.0,1,120.000,0.1013,0.309
kp25 run1.txt,26,-25.0,1,121.000,0.0969,-0.336
kp25 run1.txt,26,-25.0,1,122.000,0.0998,-0.263
kp25 run1.txt,26,-25.0,1,123.000,0.0991,-0.281
kp25 run1.txt,26,-25.0,1,124.000,0.0969,-0.336
kp25 run1.txt,26,-25.0,1,125.000,0.1071,0.455
kp25 run1.txt,26,-25.0,1,126.000,0.0977,-0.318
kp25 run1.txt,26,-25.0,1,127.000,0.0991,-0.281
kp25 run1.txt,26,-25.0,1,128.000,0.0962,-0.354
kp25 run1.txt,26,-25.0,1,129.000,0.0962,-0.354
kp25 run1.txt,26,-25.0,1,130.000,0.0955,-0.372
kp25 run1.txt,26,-25.0,1,131.000,0.0962,-0.354
kp25 run1.txt,26,-25.0,1,132.000,0.0958,-0.363
kp25 run1.txt,26,-25.0,1,133.000,0.0947,-0.391
kp25 run1.txt,26,-25.0,1,134.000,0.0955,-0.372
kp25 run1.txt,26,-25.0,1,135.000,0.0991,-0.281
kp25 run1.txt,26,-25.0,1,136.000,0.094,-0.409
kp25 run1.txt,26,-25.0,1,137.000,0.0962,-0.354
kp25 run1.txt,26,-25.0,1,138.000,0.0962,-0.354
kp25 run1.txt,26,-25.0,1,139.000,0.0962,-0.354
kp25 run1.txt,26,-25.0,1,140.000,0.0947,-0.391
kp25 run1.txt,26,-25.0,1,141.000,0.0889,-0.536
kp25 run1.txt,26,-25.0,1,142.000,0.094,-0.409
kp25 run1.txt,26,-25.0,1,143.000,0.0962,-0.354
kp25 run1.txt,26,-25.0,1,144.000,0.0951,-0.382
kp25 run1.txt,26,-25.0,1,145.000,0.0955,-0.372
kp25 run1.txt,26,-25.0,1,146.000,0.0816,-0.719
kp25 run1.txt,26,-25.0,1,147.000,0.0955,-0.372
kp25 run1.txt,26,-25.0,1,148.000,0.094,-0.409
kp25 run1.txt,26,-25.0,1,149.000,0.0874,-0.573
kp25 run1.txt,26,-25.0,1,150.000,0.0991,-0.281
kp25 run1.txt,26,-25.0,1,151.000,0.0955,-0.372
kp25 run1.txt,26,-25.0,1,152.000,0.0918,-0.464
kp25 run1.txt,26,-25.0,1,153.000,0.0958,-0.363
kp25 run1.txt,26,-25.0,1,154.000,0.0911,-0.482
kp25 run1.txt,26,-25.0,1,155.000,0.094,-0.409
kp25 run1.txt,26,-25.0,1,156.000,0.094,-0.409
kp25 run1.txt,26,-25.0,1,157.000,0.0962,-0.354
kp25 run1.txt,26,-25.0,1,158.000,0.094,-0.409
kp25 run1.txt,26,-25.0,1,159.000,0.094,-0.409
kp25 run1.txt,26,-25.0,1,160.000,0.094,-0.409
kp25 run1.txt,26,-25.0,1,161.000,0.0904,-0.5
kp25 run1.txt,26,-25.0,1,162.000,0.094,-0.409
kp25 run1.txt,26,-25.0,1,163.000,0.0955,-0.372
kp25 run1.txt,26,-25.0,1,164.000,0.0958,-0.363
kp25 run1.txt,26,-25.0,1,165.000,0.0984,-0.3
kp25 run1.txt,26,-25.0,1,166.000,0.0998,-0.263
kp25 run1.txt,26,-25.0,1,167.000,0.0987,-0.29
kp25 run1.txt,26,-25.0,1,168.000,0.0969,-0.336
kp25 run1.txt,26,-25.0,1,169.000,0.0977,-0.318
kp25 run1.txt,26,-25.0,1,170.000,0.1017,0.319
kp25 run1.txt,26,-25.0,1,171.000,0.1006,0.291
kp25 run1.txt,26,-25.0,1,172.000,0.0998,-0.263
kp25 run1.txt,26,-25.0,1,173.000,0.0991,-0.281
kp25 run1.txt,26,-25.0,1,174.000,0.0984,-0.3
kp25 run1.txt,26,-25.0,1,175.000,0.1028,0.346
kp25 run1.txt,26,-25.0,1,176.000,0.0984,-0.3
kp25 run1.txt,26,-25.0,1,177.000,0.0998,-0.263
kp25 run1.txt,26,-25.0,1,178.000,0.1042,0.382
kp25 run1.txt,26,-25.0,1,179.000,0.0969,-0.336
kp25 run1.txt,26,-25.0,1,180.000,0.1137,0.619
kp25 run1.txt,26,-25.0,1,181.000,0.1006,0.291
kp25 run1.txt,26,-25.0,1,182.000,0.1017,0.319
kp25 run1.txt,26,-25.0,1,183.000,0.1275,0.966
kp25 run1.txt,26,-25.0,1,184.000,0.0998,-0.263
kp25 run1.txt,26,-25.0,1,185.000,0.0867,-0.591
kp25 run1.txt,26,-25.0,1,186.000,0.1006,0.291
kp25 run1.txt,26,-25.0,1,187.000,0.0998,-0.263
kp25 run1.txt,26,-25.0,1,188.000,0.1028,0.346
kp25 run1.txt,26,-25.0,1,189.000,0.1024,0.337
kp25 run1.txt,26,-25.0,1,190.000,0.1028,0.346
kp25 run1.txt,26,-25.0,1,191.000,0.102,0.328
kp25 run1.txt,26,-25.0,1,192.000,0.1006,0.291
kp25 run1.txt,26,-25.0,1,193.000,0.1028,0.346
kp25 run1.txt,26,-25.0,1,194.000,0.1071,0.455
kp25 run1.txt,26,-25.0,1,195.000,0.1013,0.309
kp25 run1.txt,26,-25.0,1,196.000,0.102,0.328
kp25 run1.txt,26,-25.0,1,197.000,0.1028,0.346
kp25 run1.txt,26,-25.0,1,198.000,0.0962,-0.354
kp25 run1.txt,26,-25.0,1,199.000,0.1031,0.355
kp25 run1.txt,26,-25.0,1,200.000,0.1017,0.319
kp25 run1.txt,26,-25.0,1,201.000,0.1006,0.291
kp25 run1.txt,26,-25.0,1,202.000,0.0969,-0.336
kp25 run1.txt,26,-25.0,1,203.000,0.1009,0.3
kp25 run1.txt,26,-25.0,1,204.000,0.102,0.328
kp25 run1.txt,26,-25.0,1,205.000,0.1017,0.319
kp25 run1.txt,26,-25.0,1,206.000,0.1013,0.309
kp25 run1.txt,26,-25.0,1,207.000,0.1017,0.319
kp25 run1.txt,26,-25.0,1,208.000,0.0998,-0.263
kp25 run1.txt,26,-25.0,1,209.000,0.0955,-0.372
kp25 run1.txt,26,-25.0,1,210.000,0.1028,0.346
kp25 run1.txt,26,-25.0,1,211.000,0.1031,0.355
kp25 run1.txt,26,-25.0,1,212.000,0.1013,0.309
kp25 run1.txt,26,-25.0,1,213.000,0.1013,0.309
kp25 run1.txt,26,-25.0,1,214.000,0.1053,0.41
kp25 run1.txt,26,-25.0,1,215.000,0.0977,-0.318
kp25 run1.txt,26,-25.0,1,216.000,0.1038,0.373
kp25 run1.txt,26,-25.0,1,217.000,0.1035,0.364
kp25 run1.txt,26,-25.0,1,218.000,0.102,0.328
kp25 run1.txt,26,-25.0,1,219.000,0.1046,0.391
kp25 run1.txt,26,-25.0,1,220.000,0.1035,0.364
kp25 run1.txt,26,-25.0,1,221.000,0.0998,-0.263
kp25 run1.txt,26,-25.0,1,222.000,0.1006,0.291
kp25 run1.txt,26,-25.0,1,223.000,0.11,0.528
kp25 run1.txt,26,-25.0,1,224.000,0.0998,-0.263
kp25 run1.txt,26,-25.0,1,225.000,0.1017,0.319
kp25 run1.txt,26,-25.0,1,226.000,0.0995,-0.272
kp25 run1.txt,26,-25.0,1,227.000,0.0998,-0.263
kp25 run1.txt,26,-25.0,1,228.000,0.1013,0.309
kp25 run1.txt,26,-25.0,1,229.000,0.1017,0.319
kp25 run1.txt,26,-25.0,1,230.000,0.1028,0.346
kp25 run1.txt,26,-25.0,1,231.000,0.1006,0.291
kp25 run1.txt,26,-25.0,1,232.000,0.1017,0.319
kp25 run1.txt,26,-25.0,1,233.000,0.1053,0.41
kp25 run1.txt,26,-25.0,1,234.000,0.1028,0.346
kp25 run1.txt,26,-25.0,1,235.000,0.1017,0.319
kp25 run1.txt,26,-25.0,1,236.000,0.0969,-0.336
kp25 run1.txt,26,-25.0,1,237.000,0.1017,0.319
kp25 run1.txt,26,-25.0,1,238.000,0.0984,-0.3
kp25 run1.txt,26,-25.0,1,239.000,0.102,0.328
kp25 run1.txt,26,-25.0,1,240.000,0.0998,-0.263
kp25 run1.txt,26,-25.0,1,241.000,0.1042,0.382
kp25 run1.txt,26,-25.0,1,242.000,0.0977,-0.318
kp25 run1.txt,26,-25.0,1,243.000,0.1006,0.291
kp25 run1.txt,26,-25.0,1,244.000,0.0991,-0.281
kp25 run1.txt,26,-25.0,1,245.000,0.102,0.328
kp25 run1.txt,26,-25.0,1,246.000,0.0977,-0.318
kp25 run1.txt,26,-25.0,1,247.000,0.0987,-0.29
kp25 run1.txt,26,-25.0,1,248.000,0.0984,-0.3
kp25 run1.txt,26,-25.0,1,249.000,0.1013,0.309
kp25 run1.txt,26,-25.0,1,250.000,0.0998,-0.263
kp25 run1.txt,26,-25.0,1,251.000,0.102,0.328
kp25 run1.txt,26,-25.0,1,252.000,0.0969,-0.336
kp25 run1.txt,26,-25.0,1,253.000,0.1009,0.3
kp25 run1.txt,26,-25.0,1,254.000,0.0842,-0.655
kp25 run1.txt,26,-25.0,1,255.000,0.0969,-0.336
kp25 run1.txt,26,-25.0,1,256.000,0.0991,-0.281
kp25 run1.txt,26,-25.0,1,257.000,0.0977,-0.318
kp25 run1.txt,26,-25.0,1,258.000,0.0991,-0.281
kp25 run1.txt,26,-25.0,1,259.000,0.0984,-0.3
kp25 run1.txt,26,-25.0,1,260.000,0.0998,-0.263
kp25 run1.txt,26,-25.0,1,261.000,0.1035,0.364
kp25 run1.txt,26,-25.0,1,262.000,0.0991,-0.281
kp25 run1.txt,26,-25.0,1,263.000,0.0991,-0.281
kp25 run1.txt,26,-25.0,1,264.000,0.0991,-0.281
kp25 run1.txt,26,-25.0,1,265.000,0.0991,-0.281
kp25 run1.txt,26,-25.0,1,266.000,0.0984,-0.3
kp25 run1.txt,26,-25.0,1,267.000,0.0991,-0.281
kp25 run1.txt,26,-25.0,1,268.000,0.1013,0.309
kp25 run1.txt,26,-25.0,1,269.000,0.1017,0.319
kp25 run1.txt,26,-25.0,1,270.000,0.0998,-0.263
kp25 run1.txt,26,-25.0,1,271.000,0.0998,-0.263
kp25 run1.txt,26,-25.0,1,272.000,0.0991,-0.281
kp25 run1.txt,26,-25.0,1,273.000,0.0998,-0.263
kp25 run1.txt,26,-25.0,1,274.000,0.1024,0.337
kp25 run1.txt,26,-25.0,1,275.000,0.0987,-0.29
kp25 run1.txt,26,-25.0,1,276.000,0.0969,-0.336
kp25 run1.txt,26,-25.0,1,277.000,0.1006,0.291
kp25 run1.txt,26,-25.0,1,278.000,0.0991,-0.281
kp25 run1.txt,26,-25.0,1,279.000,0.0991,-0.281
kp25 run1.txt,26,-25.0,1,280.000,0.0991,-0.281
kp25 run1.txt,26,-25.0,1,281.000,0.1035,0.364
kp25 run1.txt,26,-25.0,1,282.000,0.0991,-0.281
kp25 run1.txt,26,-25.0,1,283.000,0.0987,-0.29
kp25 run1.txt,26,-25.0,1,284.000,0.0933,-0.427
kp25 run1.txt,26,-25.0,1,285.000,0.1028,0.346
kp25 run1.txt,26,-25.0,1,286.000,0.0998,-0.263
kp25 run1.txt,26,-25.0,1,287.000,0.0998,-0.263
kp25 run1.txt,26,-25.0,1,288.000,0.0969,-0.336
kp25 run1.txt,26,-25.0,1,289.000,0.0984,-0.3
kp25 run1.txt,26,-25.0,1,290.000,0.094,-0.409
kp25 run1.txt,26,-25.0,1,291.000,0.1028,0.346
kp25 run1.txt,26,-25.0,1,292.000,0.0955,-0.372
kp25 run1.txt,26,-25.0,1,293.000,0.0998,-0.263
kp25 run1.txt,26,-25.0,1,294.000,0.0958,-0.363
kp25 run1.txt,26,-25.0,1,295.000,0.0991,-0.281
kp25 run1.txt,26,-25.0,1,296.000,0.0998,-0.263
kp25 run1.txt,26,-25.0,1,297.000,0.102,0.328
kp25 run1.txt,26,-25.0,1,298.000,0.0998,-0.263
kp25 run1.txt,26,-25.0,1,299.000,0.102,0.328
kp25 run1.txt,26,-25.0,1,300.000,0.1006,0.291
kp25 run1.txt,26,-25.0,1,301.000,0.0998,-0.263
kp25 run1.txt,26,-25.0,1,302.000,0.0969,-0.336
kp25 run1.txt,26,-25.0,1,303.000,0.0998,-0.263
kp25 run1.txt,26,-25.0,1,304.000,0.0991,-0.281
kp25 run1.txt,26,-25.0,1,305.000,0.0977,-0.318
kp25 run1.txt,26,-25.0,1,306.000,0.0998,-0.263
kp25 run1.txt,26,-25.0,1,307.000,0.0998,-0.263
kp25 run1.txt,26,-25.0,1,308.000,0.0998,-0.263
kp25 run1.txt,26,-25.0,1,309.000,0.1006,0.291
kp25 run1.txt,26,-25.0,1,310.000,0.1115,0.565
kp25 run1.txt,26,-25.0,1,311.000,0.0962,-0.354
kp25 run1.txt,26,-25.0,1,312.000,0.1013,0.309
kp25 run1.txt,26,-25.0,1,313.000,0.102,0.328
kp25 run1.txt,26,-25.0,1,314.000,0.0998,-0.263
kp25 run1.txt,26,-25.0,1,315.000,0.0998,-0.263
kp25 run1.txt,26,-25.0,1,316.000,0.0998,-0.263
kp25 run1.txt,26,-25.0,1,317.000,0.1006,0.291
kp25 run1.txt,26,-25.0,1,318.000,0.0984,-0.3
kp25 run1.txt,26,-25.0,1,319.000,0.1013,0.309
kp25 run1.txt,26,-25.0,1,320.000,0.0984,-0.3
kp25 run1.txt,26,-25.0,1,321.000,0.1006,0.291
kp25 run1.txt,26,-25.0,1,322.000,0.0998,-0.263
kp25 run1.txt,26,-25.0,1,323.000,0.0998,-0.263
kp25 run1.txt,26,-25.0,1,324.000,0.0991,-0.281
kp25 run1.txt,26,-25.0,1,325.000,0.0998,-0.263
kp25 run1.txt,26,-25.0,1,326.000,0.0998,-0.263
kp25 run1.txt,26,-25.0,1,327.000,0.0882,-0.555
kp25 run1.txt,26,-25.0,1,328.000,0.0929,-0.436
kp25 run1.txt,26,-25.0,1,329.000,0.0998,-0.263
kp25 run1.txt,26,-25.0,1,330.000,0.0991,-0.281
kp25 run1.txt,26,-25.0,1,331.000,0.1013,0.309
kp25 run1.txt,26,-25.0,1,332.000,0.1075,0.464
kp25 run1.txt,26,-25.0,1,333.000,0.1017,0.319
kp25 run1.txt,26,-25.0,1,334.000,0.0995,-0.272
kp25 run1.txt,26,-25.0,1,335.000,0.0998,-0.263
kp25 run1.txt,26,-25.0,1,336.000,0.1009,0.3
kp25 run1.txt,26,-25.0,1,337.000,0.0998,-0.263
kp25 run1.txt,26,-25.0,1,338.000,0.0904,-0.5
kp25 run1.txt,26,-25.0,1,339.000,0.0987,-0.29
kp25 run1.txt,26,-25.0,1,340.000,0.1006,0.291
kp25 run1.txt,26,-25.0,1,341.000,0.1151,0.656
kp25 run1.txt,26,-25.0,1,342.000,0.0958,-0.363
kp25 run1.txt,26,-25.0,1,343.000,0.0995,-0.272
kp25 run1.txt,26,-25.0,1,344.000,0.1013,0.309
kp25 run1.txt,26,-25.0,1,345.000,0.1013,0.309
kp25 run1.txt,26,-25.0,1,346.000,0.0962,-0.354
kp25 run1.txt,26,-25.0,1,347.000,0.0998,-0.263
kp25 run1.txt,26,-25.0,1,348.000,0.1017,0.319
kp25 run1.txt,26,-25.0,1,349.000,0.1071,0.455
kp25 run1.txt,26,-25.0,1,350.000,0.102,0.328
kp25 run1.txt,26,-25.0,1,351.000,0.1017,0.319
kp25 run1.txt,26,-25.0,1,352.000,0.1009,0.3
kp25 run1.txt,26,-25.0,1,353.000,0.0998,-0.263
kp25 run1.txt,26,-25.0,1,354.000,0.0925,-0.445
kp25 run1.txt,26,-25.0,1,355.000,0.1006,0.291
kp25 run1.txt,26,-25.0,1,356.000,0.1024,0.337
kp25 run1.txt,26,-25.0,1,357.000,0.1024,0.337
kp25 run1.txt,26,-25.0,1,358.000,0.0969,-0.336
kp25 run1.txt,26,-25.0,1,359.000,0.102,0.328
kp25 run1.txt,26,-25.0,1,360.000,0.102,0.328
kp25 run1.txt,26,-25.0,1,361.000,0.0995,-0.272
kp25 run1.txt,26,-25.0,1,362.000,0.1035,0.364
kp25 run1.txt,26,-25.0,1,363.000,0.1009,0.3
kp25 run1.txt,26,-25.0,1,364.000,0.0998,-0.263
kp25 run1.txt,26,-25.0,1,365.000,0.0998,-0.263
kp25 run1.txt,26,-25.0,1,366.000,0.1042,0.382
kp25 run1.txt,26,-25.0,1,367.000,0.1006,0.291
kp25 run1.txt,26,-25.0,1,368.000,0.1017,0.319
kp25 run1.txt,26,-25.0,1,369.000,0.102,0.328
kp25 run1.txt,26,-25.0,1,370.000,0.1006,0.291
kp25 run1.txt,26,-25.0,1,371.000,0.0977,-0.318
kp25 run1.txt,26,-25.0,1,372.000,0.102,0.328
kp25 run1.txt,26,-25.0,1,373.000,0.0998,-0.263
kp25 run1.txt,26,-25.0,1,374.000,0.0987,-0.29
kp25 run1.txt,26,-25.0,1,375.000,0.0998,-0.263
kp25 run1.txt,26,-25.0,1,376.000,0.0991,-0.281
kp25 run1.txt,26,-25.0,1,377.000,0.0977,-0.318
kp25 run1.txt,26,-25.0,1,378.000,0.0977,-0.318
kp25 run1.txt,26,-25.0,1,379.000,0.1122,0.583
kp25 run1.txt,26,-25.0,1,380.000,0.1006,0.291
kp25 run1.txt,26,-25.0,1,381.000,0.0977,-0.318
kp25 run1.txt,26,-25.0,1,382.000,0.1006,0.291
kp25 run1.txt,26,-25.0,1,383.000,0.0987,-0.29
kp25 run1.txt,26,-25.0,1,384.000,0.0853,-0.628
kp25 run1.txt,26,-25.0,1,385.000,0.1028,0.346
kp25 run1.txt,26,-25.0,1,386.000,0.0969,-0.336
kp25 run1.txt,26,-25.0,1,387.000,0.094,-0.409
kp25 run1.txt,26,-25.0,1,388.000,0.0969,-0.336
kp25 run1.txt,26,-25.0,1,389.000,0.0998,-0.263
kp25 run1.txt,26,-25.0,1,390.000,0.0998,-0.263
kp25 run1.txt,26,-25.0,1,391.000,0.0998,-0.263
kp25 run1.txt,26,-25.0,1,392.000,0.0991,-0.281
kp25 run1.txt,26,-25.0,1,393.000,0.0969,-0.336
kp25 run1.txt,26,-25.0,1,394.000,0.0998,-0.263
kp25 run1.txt,26,-25.0,1,395.000,0.1006,0.291
kp25 run1.txt,26,-25.0,1,396.000,0.0998,-0.263
kp25 run1.txt,26,-25.0,1,397.000,0.0995,-0.272
kp25 run1.txt,26,-25.0,1,398.000,0.1017,0.319
kp25 run1.txt,26,-25.0,1,399.000,0.102,0.328
kp25 run1.txt,26,-25.0,1,400.000,0.0998,-0.263
kp25 run1.txt,26,-25.0,1,401.000,0.0998,-0.263
kp25 run1.txt,26,-25.0,1,402.000,0.0998,-0.263
kp25 run1.txt,26,-25.0,1,403.000,0.0998,-0.263
kp25 run1.txt,26,-25.0,1,404.000,0.0998,-0.263
kp25 run1.txt,26,-25.0,1,405.000,0.1006,0.291
kp25 run1.txt,26,-25.0,1,406.000,0.1009,0.3
kp25 run1.txt,26,-25.0,1,407.000,0.0998,-0.263
kp25 run1.txt,26,-25.0,1,408.000,0.1006,0.291
kp25 run1.txt,26,-25.0,1,409.000,0.0998,-0.263
kp25 run1.txt,26,-25.0,1,410.000,0.0831,-0.682
kp25 run1.txt,26,-25.0,1,411.000,0.1028,0.346
kp25 run1.txt,26,-25.0,1,412.000,0.0998,-0.263
kp25 run1.txt,26,-25.0,1,413.000,0.1013,0.309
kp25 run1.txt,26,-25.0,1,414.000,0.1028,0.346
kp25 run1.txt,26,-25.0,1,415.000,0.1006,0.291
kp25 run1.txt,26,-25.0,1,416.000,0.1006,0.291
kp25 run1.txt,26,-25.0,1,417.000,0.102,0.328
kp25 run1.txt,26,-25.0,1,418.000,0.094,-0.409
kp25 run1.txt,26,-25.0,1,419.000,0.1013,0.309
kp25 run1.txt,26,-25.0,1,420.000,0.0998,-0.263
kp25 run1.txt,26,-25.0,1,421.000,0.0998,-0.263
kp25 run1.txt,26,-25.0,1,422.000,0.0878,-0.564
kp25 run1.txt,26,-25.0,1,423.000,0.102,0.328
kp25 run1.txt,26,-25.0,1,424.000,0.1006,0.291
kp25 run1.txt,26,-25.0,1,425.000,0.1006,0.291
kp25 run1.txt,26,-25.0,1,426.000,0.0998,-0.263
kp25 run1.txt,26,-25.0,1,427.000,0.0998,-0.263
kp25 run1.txt,26,-25.0,1,428.000,0.1006,0.291
kp25 run1.txt,26,-25.0,1,429.000,0.1028,0.346
kp25 run1.txt,26,-25.0,1,430.000,0.102,0.328
kp25 run1.txt,26,-25.0,1,431.000,0.102,0.328
kp25 run1.txt,26,-25.0,1,432.000,0.1042,0.382
kp25 run1.txt,26,-25.0,1,433.000,0.0991,-0.281
kp25 run1.txt,26,-25.0,1,434.000,0.0998,-0.263
kp25 run1.txt,26,-25.0,1,435.000,0.1013,0.309
kp25 run1.txt,26,-25.0,1,436.000,0.0991,-0.281
kp25 run1.txt,26,-25.0,1,437.000,0.1017,0.319
kp25 run1.txt,26,-25.0,1,438.000,0.1006,0.291
kp25 run1.txt,26,-25.0,1,439.000,0.1006,0.291
kp25 run1.txt,26,-25.0,1,440.000,0.0991,-0.281
kp25 run1.txt,26,-25.0,1,441.000,0.1035,0.364
kp25 run1.txt,26,-25.0,1,442.000,0.1017,0.319
kp25 run1.txt,26,-25.0,1,443.000,0.0987,-0.29
kp25 run1.txt,26,-25.0,1,444.000,0.1031,0.355
kp25 run1.txt,26,-25.0,1,445.000,0.11,0.528
kp25 run1.txt,26,-25.0,1,446.000,0.1013,0.309
kp25 run1.txt,26,-25.0,1,447.000,0.1035,0.364
kp25 run1.txt,26,-25.0,1,448.000,0.0893,-0.527
kp25 run1.txt,26,-25.0,1,449.000,0.1006,0.291
kp25 run1.txt,26,-25.0,1,450.000,0.0998,-0.263
kp25 run1.txt,26,-25.0,1,451.000,0.1013,0.309
kp25 run1.txt,26,-25.0,1,452.000,0.102,0.328
kp25 run1.txt,26,-25.0,1,453.000,0.102,0.328
kp25 run1.txt,26,-25.0,1,454.000,0.1006,0.291
kp25 run1.txt,26,-25.0,1,455.000,0.1013,0.309
kp25 run1.txt,26,-25.0,1,456.000,0.1006,0.291
kp25 run1.txt,26,-25.0,1,457.000,0.1006,0.291
kp25 run1.txt,26,-25.0,1,458.000,0.1006,0.291
kp25 run1.txt,26,-25.0,1,459.000,0.1009,0.3
kp25 run1.txt,26,-25.0,1,460.000,0.0998,-0.263
kp25 run1.txt,26,-25.0,1,461.000,0.0998,-0.263
kp25 run1.txt,26,-25.0,1,462.000,0.1017,0.319
kp25 run1.txt,26,-25.0,1,463.000,0.1006,0.291
kp25 run1.txt,26,-25.0,1,464.000,0.1017,0.319
kp25 run1.txt,26,-25.0,1,465.000,0.1035,0.364
kp25 run1.txt,26,-25.0,1,466.000,0.0955,-0.372
kp25 run1.txt,26,-25.0,1,467.000,0.0998,-0.263
kp25 run1.txt,26,-25.0,1,468.000,0.0977,-0.318
kp25 run1.txt,26,-25.0,1,469.000,0.102,0.328
kp25 run1.txt,26,-25.0,1,470.000,0.102,0.328
kp25 run1.txt,26,-25.0,1,471.000,0.0998,-0.263
kp25 run1.txt,26,-25.0,1,472.000,0.1006,0.291
kp25 run1.txt,26,-25.0,1,473.000,0.1006,0.291
kp25 run1.txt,26,-25.0,1,474.000,0.1006,0.291
kp25 run1.txt,26,-25.0,1,475.000,0.1006,0.291
kp25 run1.txt,26,-25.0,1,476.000,0.1006,0.291
kp25 run1.txt,26,-25.0,1,477.000,0.102,0.328
kp25 run1.txt,26,-25.0,1,478.000,0.0998,-0.263
kp25 run1.txt,26,-25.0,1,479.000,0.0951,-0.382
kp25 run1.txt,26,-25.0,1,480.000,0.0998,-0.263
kp25 run1.txt,26,-25.0,1,481.000,0.1017,0.319
kp25 run1.txt,26,-25.0,1,482.000,0.1009,0.3
kp25 run1.txt,26,-25.0,1,483.000,0.102,0.328
kp25 run1.txt,26,-25.0,1,484.000,0.1035,0.364
kp25 run1.txt,26,-25.0,1,485.000,0.0998,-0.263
kp25 run1.txt,26,-25.0,1,486.000,0.102,0.328
kp25 run1.txt,26,-25.0,1,487.000,0.086,-0.609
kp25 run1.txt,26,-25.0,1,488.000,0.1013,0.309
kp25 run1.txt,26,-25.0,1,489.000,0.1017,0.319
kp25 run1.txt,26,-25.0,1,490.000,0.1057,0.419
kp25 run1.txt,26,-25.0,1,491.000,0.0998,-0.263
kp25 run1.txt,26,-25.0,1,492.000,0.0947,-0.391
kp25 run1.txt,26,-25.0,1,493.000,0.1137,0.619
kp25 run1.txt,26,-25.0,1,494.000,0.1009,0.3
kp25 run1.txt,26,-25.0,1,495.000,0.1028,0.346
kp25 run1.txt,26,-25.0,1,496.000,0.0984,-0.3
kp25 run1.txt,26,-25.0,1,497.000,0.0991,-0.281
kp25 run1.txt,26,-25.0,1,498.000,0.0991,-0.281
kp25 run1.txt,26,-25.0,1,499.000,0.1017,0.319
kp25 run1.txt,26,-25.0,1,500.000,0.0998,-0.263
kp25 run1.txt,26,-25.0,1,501.000,0.1013,0.309
kp25 run1.txt,26,-25.0,1,502.000,0.1028,0.346
kp25 run1.txt,26,-25.0,1,503.000,0.0977,-0.318
kp25 run1.txt,26,-25.0,1,504.000,0.0991,-0.281
kp25 run1.txt,26,-25.0,1,505.000,0.1024,0.337
kp25 run1.txt,26,-25.0,1,506.000,0.1017,0.319
kp25 run1.txt,26,-25.0,1,507.000,0.0998,-0.263
kp25 run1.txt,26,-25.0,1,508.000,0.1006,0.291
kp25 run1.txt,26,-25.0,1,509.000,0.1028,0.346
kp25 run1.txt,26,-25.0,1,510.000,0.0987,-0.29
kp25 run1.txt,26,-25.0,1,511.000,0.0995,-0.272
kp25 run1.txt,26,-25.0,1,512.000,0.1049,0.401
kp25 run1.txt,26,-25.0,1,513.000,0.1006,0.291
kp25 run1.txt,26,-25.0,1,514.000,0.102,0.328
kp25 run1.txt,26,-25.0,1,515.000,0.109,0.501
kp25 run1.txt,26,-25.0,1,516.000,0.1017,0.319
kp25 run1.txt,26,-25.0,1,517.000,0.0966,-0.345
kp25 run1.txt,26,-25.0,1,518.000,0.0998,-0.263
kp25 run1.txt,26,-25.0,1,519.000,0.1017,0.319
kp25 run1.txt,26,-25.0,1,520.000,0.1042,0.382
kp25 run1.txt,26,-25.0,1,521.000,0.1017,0.319
kp25 run1.txt,26,-25.0,1,522.000,0.0998,-0.263
kp25 run1.txt,26,-25.0,1,523.000,0.102,0.328
kp25 run1.txt,26,-25.0,1,524.000,0.0893,-0.527
kp25 run1.txt,26,-25.0,1,525.000,0.0977,-0.318
kp25 run1.txt,26,-25.0,1,526.000,0.0904,-0.5
kp25 run1.txt,26,-25.0,1,527.000,0.102,0.328
kp25 run1.txt,26,-25.0,1,528.000,0.1013,0.309
kp25 run1.txt,26,-25.0,1,529.000,0.1006,0.291
kp25 run1.txt,26,-25.0,1,530.000,0.0969,-0.336
kp25 run1.txt,26,-25.0,1,531.000,0.1028,0.346
kp25 run1.txt,26,-25.0,1,532.000,0.0998,-0.263
kp25 run1.txt,26,-25.0,1,533.000,0.1006,0.291
kp25 run1.txt,26,-25.0,1,534.000,0.1006,0.291
kp25 run1.txt,26,-25.0,1,535.000,0.1006,0.291
kp25 run1.txt,26,-25.0,1,536.000,0.0987,-0.29
kp25 run1.txt,26,-25.0,1,537.000,0.0998,-0.263
kp25 run1.txt,26,-25.0,1,538.000,0.0998,-0.263
kp25 run1.txt,26,-25.0,1,539.000,0.0991,-0.281
kp25 run1.txt,26,-25.0,1,540.000,0.1239,0.874
kp25 run1.txt,26,-25.0,1,541.000,0.0998,-0.263
kp25 run1.txt,26,-25.0,1,542.000,0.0955,-0.372
kp25 run1.txt,26,-25.0,1,543.000,0.1017,0.319
kp25 run1.txt,26,-25.0,1,544.000,0.0947,-0.391
kp25 run1.txt,26,-25.0,1,545.000,0.0998,-0.263
kp25 run1.txt,26,-25.0,1,546.000,0.0962,-0.354
kp25 run1.txt,26,-25.0,1,547.000,0.0998,-0.263
kp25 run1.txt,26,-25.0,1,548.000,0.0977,-0.318
kp25 run1.txt,26,-25.0,1,549.000,0.102,0.328
kp25 run1.txt,26,-25.0,1,550.000,0.0929,-0.436
kp25 run1.txt,26,-25.0,1,551.000,0.1049,0.401
kp25 run1.txt,26,-25.0,1,552.000,0.102,0.328
kp25 run1.txt,26,-25.0,1,553.000,0.102,0.328
kp25 run1.txt,26,-25.0,1,554.000,0.0998,-0.263
kp25 run1.txt,26,-25.0,1,555.000,0.0998,-0.263
kp25 run1.txt,26,-25.0,1,556.000,0.0998,-0.263
kp25 run1.txt,26,-25.0,1,557.000,0.0991,-0.281
kp25 run1.txt,26,-25.0,1,558.000,0.0998,-0.263
kp25 run1.txt,26,-25.0,1,559.000,0.0998,-0.263
kp25 run1.txt,26,-25.0,1,560.000,0.0998,-0.263
kp25 run1.txt,26,-25.0,1,561.000,0.1006,0.291
kp25 run1.txt,26,-25.0,1,562.000,0.0998,-0.263
kp25 run1.txt,26,-25.0,1,563.000,0.1013,0.309
kp25 run1.txt,26,-25.0,1,564.000,0.1017,0.319
kp25 run1.txt,26,-25.0,1,565.000,0.1017,0.319
kp25 run1.txt,26,-25.0,1,566.000,0.0998,-0.263
kp25 run1.txt,26,-25.0,1,567.000,0.1071,0.455
kp25 run1.txt,26,-25.0,1,568.000,0.0977,-0.318
kp25 run1.txt,26,-25.0,1,569.000,0.0966,-0.345
kp25 run1.txt,26,-25.0,1,570.000,0.1013,0.309
kp25 run1.txt,26,-25.0,1,571.000,0.1006,0.291
kp25 run1.txt,26,-25.0,1,572.000,0.1115,0.565
kp25 run1.txt,26,-25.0,1,573.000,0.0984,-0.3
kp25 run1.txt,26,-25.0,1,574.000,0.0998,-0.263
kp25 run1.txt,26,-25.0,1,575.000,0.094,-0.409
kp25 run1.txt,26,-25.0,1,576.000,0.1013,0.309
kp25 run1.txt,26,-25.0,1,577.000,0.1028,0.346
kp25 run1.txt,26,-25.0,1,578.000,0.1071,0.455
kp25 run1.txt,26,-25.0,1,579.000,0.0998,-0.263
kp25 run1.txt,26,-25.0,1,580.000,0.0998,-0.263
kp25 run1.txt,26,-25.0,1,581.000,0.1017,0.319
kp25 run1.txt,26,-25.0,1,582.000,0.1035,0.364
kp25 run1.txt,26,-25.0,1,583.000,0.1035,0.364
kp25 run1.txt,26,-25.0,1,584.000,0.0969,-0.336
kp25 run1.txt,26,-25.0,1,585.000,0.102,0.328
kp25 run1.txt,26,-25.0,1,586.000,0.1013,0.309
kp25 run1.txt,26,-25.0,1,587.000,0.102,0.328
kp25 run1.txt,26,-25.0,1,588.000,0.1035,0.364
kp25 run1.txt,26,-25.0,1,589.000,0.1028,0.346
kp25 run1.txt,26,-25.0,1,590.000,0.0991,-0.281
kp25 run1.txt,26,-25.0,1,591.000,0.102,0.328
kp25 run1.txt,26,-25.0,1,592.000,0.1046,0.391
kp25 run1.txt,26,-25.0,1,593.000,0.1002,0.282
kp25 run1.txt,26,-25.0,1,594.000,0.1162,0.683
kp25 run1.txt,26,-25.0,1,595.000,0.1028,0.346
kp25 run1.txt,26,-25.0,1,596.000,0.0969,-0.336
kp25 run1.txt,26,-25.0,1,597.000,0.1017,0.319
kp25 run1.txt,26,-25.0,1,598.000,0.1002,0.282
kp25 run1.txt,26,-25.0,1,599.000,0.0977,-0.318
kp25 run1.txt,27,-25.0,1,0.000,-0.1014,-5.293
kp25 run1.txt,27,-25.0,1,1.000,-0.101,-5.284
kp25 run1.txt,27,-25.0,1,2.000,-0.1014,-5.293
kp25 run1.txt,27,-25.0,1,3.000,-0.1021,-5.312
kp25 run1.txt,27,-25.0,1,4.000,-0.1017,-5.303
kp25 run1.txt,27,-25.0,1,5.000,-0.0996,-5.248
kp25 run1.txt,27,-25.0,1,6.000,-0.097,-5.184
kp25 run1.txt,27,-25.0,1,7.000,-0.101,-5.284
kp25 run1.txt,27,-25.0,1,8.000,-0.0955,-5.148
kp25 run1.txt,27,-25.0,1,9.000,-0.0904,-5.02
kp25 run1.txt,27,-25.0,1,10.000,-0.0875,-4.947
kp25 run1.txt,27,-25.0,1,11.000,-0.089,-4.984
kp25 run1.txt,27,-25.0,1,12.000,-0.081,-4.783
kp25 run1.txt,27,-25.0,1,13.000,-0.0729,-4.583
kp25 run1.txt,27,-25.0,1,14.000,-0.0744,-4.619
kp25 run1.txt,27,-25.0,1,15.000,-0.0664,-4.419
kp25 run1.txt,27,-25.0,1,16.000,-0.0646,-4.373
kp25 run1.txt,27,-25.0,1,17.000,-0.0591,-4.236
kp25 run1.txt,27,-25.0,1,18.000,-0.0584,-4.218
kp25 run1.txt,27,-25.0,1,19.000,-0.0518,-4.054
kp25 run1.txt,27,-25.0,1,20.000,-0.0482,-3.963
kp25 run1.txt,27,-25.0,1,21.000,-0.0372,-3.69
kp25 run1.txt,27,-25.0,1,22.000,-0.0358,-3.653
kp25 run1.txt,27,-25.0,1,23.000,-0.0318,-3.553
kp25 run1.txt,27,-25.0,1,24.000,-0.0266,-3.425
kp25 run1.txt,27,-25.0,1,25.000,-0.0263,-3.416
kp25 run1.txt,27,-25.0,1,26.000,0.0054,-2.623
kp25 run1.txt,27,-25.0,1,27.000,-0.0102,-3.015
kp25 run1.txt,27,-25.0,1,28.000,-0.0037,-2.851
kp25 run1.txt,27,-25.0,1,29.000,-0.0015,-2.796
kp25 run1.txt,27,-25.0,1,30.000,0.0043,-2.651
kp25 run1.txt,27,-25.0,1,31.000,0.0087,-2.541
kp25 run1.txt,27,-25.0,1,32.000,0.0131,-2.432
kp25 run1.txt,27,-25.0,1,33.000,0.0182,-2.304
kp25 run1.txt,27,-25.0,1,34.000,0.024,-2.159
kp25 run1.txt,27,-25.0,1,35.000,0.0277,-2.067
kp25 run1.txt,27,-25.0,1,36.000,0.032,-1.958
kp25 run1.txt,27,-25.0,1,37.000,0.0371,-1.83
kp25 run1.txt,27,-25.0,1,38.000,0.0393,-1.776
kp25 run1.txt,27,-25.0,1,39.000,0.0473,-1.575
kp25 run1.txt,27,-25.0,1,40.000,0.0481,-1.557
kp25 run1.txt,27,-25.0,1,41.000,0.0546,-1.393
kp25 run1.txt,27,-25.0,1,42.000,0.0608,-1.238
kp25 run1.txt,27,-25.0,1,43.000,0.0667,-1.092
kp25 run1.txt,27,-25.0,1,44.000,0.0663,-1.101
kp25 run1.txt,27,-25.0,1,45.000,0.0696,-1.019
kp25 run1.txt,27,-25.0,1,46.000,0.0627,-1.193
kp25 run1.txt,27,-25.0,1,47.000,0.0794,-0.773
kp25 run1.txt,27,-25.0,1,48.000,0.0955,-0.372
kp25 run1.txt,27,-25.0,1,49.000,0.0882,-0.555
kp25 run1.txt,27,-25.0,1,50.000,0.0896,-0.518
kp25 run1.txt,27,-25.0,1,51.000,0.094,-0.409
kp25 run1.txt,27,-25.0,1,52.000,0.0969,-0.336
kp25 run1.txt,27,-25.0,1,53.000,0.1006,0.291
kp25 run1.txt,27,-25.0,1,54.000,0.1038,0.373
kp25 run1.txt,27,-25.0,1,55.000,0.1057,0.419
kp25 run1.txt,27,-25.0,1,56.000,0.1064,0.437
kp25 run1.txt,27,-25.0,1,57.000,0.1115,0.565
kp25 run1.txt,27,-25.0,1,58.013,0.113,0.601
kp25 run1.txt,27,-25.0,1,59.000,0.1188,0.747
kp25 run1.txt,27,-25.0,1,60.000,0.1181,0.729
kp25 run1.txt,27,-25.0,1,61.000,0.1203,0.783
kp25 run1.txt,27,-25.0,1,62.000,0.1188,0.747
kp25 run1.txt,27,-25.0,1,63.000,0.1203,0.783
kp25 run1.txt,27,-25.0,1,64.000,0.1268,0.947
kp25 run1.txt,27,-25.0,1,65.000,0.1268,0.947
kp25 run1.txt,27,-25.0,1,66.000,0.1334,1.111
kp25 run1.txt,27,-25.0,1,67.000,0.1279,0.975
kp25 run1.txt,27,-25.0,1,68.000,0.1199,0.774
kp25 run1.txt,27,-25.0,1,69.000,0.1312,1.057
kp25 run1.txt,27,-25.0,1,70.000,0.129,1.002
kp25 run1.txt,27,-25.0,1,71.000,0.1308,1.048
kp25 run1.txt,27,-25.0,1,72.000,0.1363,1.184
kp25 run1.txt,27,-25.0,1,73.000,0.1305,1.038
kp25 run1.txt,27,-25.0,1,74.000,0.1326,1.093
kp25 run1.txt,27,-25.0,1,75.000,0.1341,1.13
kp25 run1.txt,27,-25.0,1,76.000,0.1326,1.093
kp25 run1.txt,27,-25.0,1,77.000,0.1337,1.12
kp25 run1.txt,27,-25.0,1,78.000,0.1326,1.093
kp25 run1.txt,27,-25.0,1,79.000,0.1326,1.093
kp25 run1.txt,27,-25.0,1,80.000,0.1414,1.312
kp25 run1.txt,27,-25.0,1,81.000,0.1319,1.075
kp25 run1.txt,27,-25.0,1,82.000,0.1312,1.057
kp25 run1.txt,27,-25.0,1,83.000,0.1297,1.02
kp25 run1.txt,27,-25.0,1,84.000,0.1297,1.02
kp25 run1.txt,27,-25.0,1,85.000,0.1319,1.075
kp25 run1.txt,27,-25.0,1,86.000,0.1334,1.111
kp25 run1.txt,27,-25.0,1,87.000,0.1326,1.093
kp25 run1.txt,27,-25.0,1,88.000,0.1367,1.193
kp25 run1.txt,27,-25.0,1,89.000,0.1316,1.066
kp25 run1.txt,27,-25.0,1,90.000,0.1286,0.993
kp25 run1.txt,27,-25.0,1,91.000,0.1261,0.929
kp25 run1.txt,27,-25.0,1,92.000,0.1308,1.048
kp25 run1.txt,27,-25.0,1,93.000,0.1268,0.947
kp25 run1.txt,27,-25.0,1,94.000,0.1261,0.929
kp25 run1.txt,27,-25.0,1,95.000,0.1224,0.838
kp25 run1.txt,27,-25.0,1,96.000,0.1246,0.893
kp25 run1.txt,27,-25.0,1,97.000,0.1261,0.929
kp25 run1.txt,27,-25.0,1,98.000,0.1232,0.856
kp25 run1.txt,27,-25.0,1,99.000,0.1221,0.829
kp25 run1.txt,27,-25.0,1,100.000,0.1264,0.938
kp25 run1.txt,27,-25.0,1,101.000,0.1151,0.656
kp25 run1.txt,27,-25.0,1,102.000,0.1203,0.783
kp25 run1.txt,27,-25.0,1,103.000,0.1151,0.656
kp25 run1.txt,27,-25.0,1,104.000,0.1173,0.71
kp25 run1.txt,27,-25.0,1,105.000,0.1108,0.546
kp25 run1.txt,27,-25.0,1,106.000,0.1115,0.565
kp25 run1.txt,27,-25.0,1,107.000,0.1137,0.619
kp25 run1.txt,27,-25.0,1,108.000,0.1133,0.61
kp25 run1.txt,27,-25.0,1,109.000,0.1064,0.437
kp25 run1.txt,27,-25.0,1,110.000,0.1126,0.592
kp25 run1.txt,27,-25.0,1,111.000,0.1093,0.51
kp25 run1.txt,27,-25.0,1,112.000,0.1064,0.437
kp25 run1.txt,27,-25.0,1,113.000,0.109,0.501
kp25 run1.txt,27,-25.0,1,114.000,0.1064,0.437
kp25 run1.txt,27,-25.0,1,115.000,0.1137,0.619
kp25 run1.txt,27,-25.0,1,116.000,0.1028,0.346
kp25 run1.txt,27,-25.0,1,117.000,0.1035,0.364
kp25 run1.txt,27,-25.0,1,118.000,0.1006,0.291
kp25 run1.txt,27,-25.0,1,119.000,0.1009,0.3
kp25 run1.txt,27,-25.0,1,120.000,0.0933,-0.427
kp25 run1.txt,27,-25.0,1,121.000,0.0995,-0.272
kp25 run1.txt,27,-25.0,1,122.000,0.1006,0.291
kp25 run1.txt,27,-25.0,1,123.000,0.0947,-0.391
kp25 run1.txt,27,-25.0,1,124.000,0.0929,-0.436
kp25 run1.txt,27,-25.0,1,125.000,0.0911,-0.482
kp25 run1.txt,27,-25.0,1,126.000,0.0966,-0.345
kp25 run1.txt,27,-25.0,1,127.000,0.0929,-0.436
kp25 run1.txt,27,-25.0,1,128.000,0.0977,-0.318
kp25 run1.txt,27,-25.0,1,129.000,0.0977,-0.318
kp25 run1.txt,27,-25.0,1,130.000,0.0962,-0.354
kp25 run1.txt,27,-25.0,1,131.000,0.0947,-0.391
kp25 run1.txt,27,-25.0,1,132.000,0.0925,-0.445
kp25 run1.txt,27,-25.0,1,133.000,0.0947,-0.391
kp25 run1.txt,27,-25.0,1,134.000,0.0962,-0.354
kp25 run1.txt,27,-25.0,1,135.000,0.0936,-0.418
kp25 run1.txt,27,-25.0,1,136.000,0.0867,-0.591
kp25 run1.txt,27,-25.0,1,137.000,0.0929,-0.436
kp25 run1.txt,27,-25.0,1,138.000,0.0958,-0.363
kp25 run1.txt,27,-25.0,1,139.000,0.1006,0.291
kp25 run1.txt,27,-25.0,1,140.000,0.0977,-0.318
kp25 run1.txt,27,-25.0,1,141.000,0.0955,-0.372
kp25 run1.txt,27,-25.0,1,142.000,0.0933,-0.427
kp25 run1.txt,27,-25.0,1,143.000,0.0947,-0.391
kp25 run1.txt,27,-25.0,1,144.000,0.0955,-0.372
kp25 run1.txt,27,-25.0,1,145.000,0.0998,-0.263
kp25 run1.txt,27,-25.0,1,146.000,0.0955,-0.372
kp25 run1.txt,27,-25.0,1,147.000,0.094,-0.409
kp25 run1.txt,27,-25.0,1,148.000,0.0955,-0.372
kp25 run1.txt,27,-25.0,1,149.000,0.0947,-0.391
kp25 run1.txt,27,-25.0,1,150.000,0.0962,-0.354
kp25 run1.txt,27,-25.0,1,151.000,0.0969,-0.336
kp25 run1.txt,27,-25.0,1,152.000,0.094,-0.409
kp25 run1.txt,27,-25.0,1,153.000,0.094,-0.409
kp25 run1.txt,27,-25.0,1,154.000,0.094,-0.409
kp25 run1.txt,27,-25.0,1,155.000,0.094,-0.409
kp25 run1.txt,27,-25.0,1,156.000,0.0904,-0.5
kp25 run1.txt,27,-25.0,1,157.000,0.0969,-0.336
kp25 run1.txt,27,-25.0,1,158.000,0.094,-0.409
kp25 run1.txt,27,-25.0,1,159.000,0.0962,-0.354
kp25 run1.txt,27,-25.0,1,160.000,0.0958,-0.363
kp25 run1.txt,27,-25.0,1,161.000,0.0962,-0.354
kp25 run1.txt,27,-25.0,1,162.000,0.0845,-0.646
kp25 run1.txt,27,-25.0,1,163.000,0.094,-0.409
kp25 run1.txt,27,-25.0,1,164.000,0.0962,-0.354
kp25 run1.txt,27,-25.0,1,165.000,0.0955,-0.372
kp25 run1.txt,27,-25.0,1,166.000,0.0882,-0.555
kp25 run1.txt,27,-25.0,1,167.000,0.0962,-0.354
kp25 run1.txt,27,-25.0,1,168.000,0.0958,-0.363
kp25 run1.txt,27,-25.0,1,169.000,0.0991,-0.281
kp25 run1.txt,27,-25.0,1,170.000,0.1086,0.492
kp25 run1.txt,27,-25.0,1,171.000,0.0984,-0.3
kp25 run1.txt,27,-25.0,1,172.000,0.1017,0.319
kp25 run1.txt,27,-25.0,1,173.000,0.0991,-0.281
kp25 run1.txt,27,-25.0,1,174.000,0.0977,-0.318
kp25 run1.txt,27,-25.0,1,175.000,0.1049,0.401
kp25 run1.txt,27,-25.0,1,176.000,0.1006,0.291
kp25 run1.txt,27,-25.0,1,177.000,0.1046,0.391
kp25 run1.txt,27,-25.0,1,178.000,0.1009,0.3
kp25 run1.txt,27,-25.0,1,179.000,0.1006,0.291
kp25 run1.txt,27,-25.0,1,180.000,0.0998,-0.263
kp25 run1.txt,27,-25.0,1,181.000,0.1013,0.309
kp25 run1.txt,27,-25.0,1,182.000,0.0987,-0.29
kp25 run1.txt,27,-25.0,1,183.000,0.0998,-0.263
kp25 run1.txt,27,-25.0,1,184.000,0.1057,0.419
kp25 run1.txt,27,-25.0,1,185.000,0.0998,-0.263
kp25 run1.txt,27,-25.0,1,186.000,0.1013,0.309
kp25 run1.txt,27,-25.0,1,187.000,0.0998,-0.263
kp25 run1.txt,27,-25.0,1,188.000,0.102,0.328
kp25 run1.txt,27,-25.0,1,189.000,0.0998,-0.263
kp25 run1.txt,27,-25.0,1,190.000,0.0998,-0.263
kp25 run1.txt,27,-25.0,1,191.000,0.0969,-0.336
kp25 run1.txt,27,-25.0,1,192.000,0.0991,-0.281
kp25 run1.txt,27,-25.0,1,193.000,0.1017,0.319
kp25 run1.txt,27,-25.0,1,194.000,0.0984,-0.3
kp25 run1.txt,27,-25.0,1,195.000,0.1006,0.291
kp25 run1.txt,27,-25.0,1,196.000,0.1017,0.319
kp25 run1.txt,27,-25.0,1,197.000,0.1035,0.364
kp25 run1.txt,27,-25.0,1,198.000,0.102,0.328
kp25 run1.txt,27,-25.0,1,199.000,0.102,0.328
kp25 run1.txt,27,-25.0,1,200.000,0.0823,-0.7
kp25 run1.txt,27,-25.0,1,201.000,0.1017,0.319
kp25 run1.txt,27,-25.0,1,202.000,0.0984,-0.3
kp25 run1.txt,27,-25.0,1,203.000,0.0998,-0.263
kp25 run1.txt,27,-25.0,1,204.000,0.0991,-0.281
kp25 run1.txt,27,-25.0,1,205.000,0.102,0.328
kp25 run1.txt,27,-25.0,1,206.000,0.1013,0.309
kp25 run1.txt,27,-25.0,1,207.000,0.1013,0.309
kp25 run1.txt,27,-25.0,1,208.000,0.1006,0.291
kp25 run1.txt,27,-25.0,1,209.000,0.1006,0.291
kp25 run1.txt,27,-25.0,1,210.000,0.1049,0.401
kp25 run1.txt,27,-25.0,1,211.000,0.1028,0.346
kp25 run1.txt,27,-25.0,1,212.000,0.0955,-0.372
kp25 run1.txt,27,-25.0,1,213.000,0.1028,0.346
kp25 run1.txt,27,-25.0,1,214.000,0.1028,0.346
kp25 run1.txt,27,-25.0,1,215.000,0.0998,-0.263
kp25 run1.txt,27,-25.0,1,216.000,0.0998,-0.263
kp25 run1.txt,27,-25.0,1,217.000,0.1028,0.346
kp25 run1.txt,27,-25.0,1,218.000,0.0991,-0.281
kp25 run1.txt,27,-25.0,1,219.000,0.1017,0.319
kp25 run1.txt,27,-25.0,1,220.000,0.0991,-0.281
kp25 run1.txt,27,-25.0,1,221.000,0.1031,0.355
kp25 run1.txt,27,-25.0,1,222.000,0.0991,-0.281
kp25 run1.txt,27,-25.0,1,223.000,0.0998,-0.263
kp25 run1.txt,27,-25.0,1,224.000,0.1006,0.291
kp25 run1.txt,27,-25.0,1,225.000,0.1031,0.355
kp25 run1.txt,27,-25.0,1,226.000,0.1024,0.337
kp25 run1.txt,27,-25.0,1,227.000,0.0955,-0.372
kp25 run1.txt,27,-25.0,1,228.000,0.1035,0.364
kp25 run1.txt,27,-25.0,1,229.000,0.1006,0.291
kp25 run1.txt,27,-25.0,1,230.000,0.0998,-0.263
kp25 run1.txt,27,-25.0,1,231.000,0.0987,-0.29
kp25 run1.txt,27,-25.0,1,232.000,0.0998,-0.263
kp25 run1.txt,27,-25.0,1,233.000,0.0977,-0.318
kp25 run1.txt,27,-25.0,1,234.000,0.1017,0.319
kp25 run1.txt,27,-25.0,1,235.000,0.1006,0.291
kp25 run1.txt,27,-25.0,1,236.000,0.0998,-0.263
kp25 run1.txt,27,-25.0,1,237.000,0.0998,-0.263
kp25 run1.txt,27,-25.0,1,238.000,0.0998,-0.263
kp25 run1.txt,27,-25.0,1,239.000,0.0966,-0.345
kp25 run1.txt,27,-25.0,1,240.000,0.0918,-0.464
kp25 run1.txt,27,-25.0,1,241.000,0.0969,-0.336
kp25 run1.txt,27,-25.0,1,242.000,0.0998,-0.263
kp25 run1.txt,27,-25.0,1,243.000,0.0998,-0.263
kp25 run1.txt,27,-25.0,1,244.000,0.0998,-0.263
kp25 run1.txt,27,-25.0,1,245.000,0.1006,0.291
kp25 run1.txt,27,-25.0,1,246.000,0.1013,0.309
kp25 run1.txt,27,-25.0,1,247.000,0.0998,-0.263
kp25 run1.txt,27,-25.0,1,248.000,0.102,0.328
kp25 run1.txt,27,-25.0,1,249.000,0.1028,0.346
kp25 run1.txt,27,-25.0,1,250.000,0.1006,0.291
kp25 run1.txt,27,-25.0,1,251.000,0.1028,0.346
kp25 run1.txt,27,-25.0,1,252.000,0.1035,0.364
kp25 run1.txt,27,-25.0,1,253.000,0.0977,-0.318
kp25 run1.txt,27,-25.0,1,254.000,0.1028,0.346
kp25 run1.txt,27,-25.0,1,255.000,0.1031,0.355
kp25 run1.txt,27,-25.0,1,256.000,0.0998,-0.263
kp25 run1.txt,27,-25.0,1,257.000,0.0998,-0.263
kp25 run1.txt,27,-25.0,1,258.000,0.0977,-0.318
kp25 run1.txt,27,-25.0,1,259.000,0.1017,0.319
kp25 run1.txt,27,-25.0,1,260.000,0.1013,0.309
kp25 run1.txt,27,-25.0,1,261.000,0.1006,0.291
kp25 run1.txt,27,-25.0,1,262.000,0.0998,-0.263
kp25 run1.txt,27,-25.0,1,263.000,0.0998,-0.263
kp25 run1.txt,27,-25.0,1,264.000,0.0991,-0.281
kp25 run1.txt,27,-25.0,1,265.000,0.0998,-0.263
kp25 run1.txt,27,-25.0,1,266.000,0.1006,0.291
kp25 run1.txt,27,-25.0,1,267.000,0.1013,0.309
kp25 run1.txt,27,-25.0,1,268.000,0.0984,-0.3
kp25 run1.txt,27,-25.0,1,269.000,0.1006,0.291
kp25 run1.txt,27,-25.0,1,270.000,0.1071,0.455
kp25 run1.txt,27,-25.0,1,271.000,0.1017,0.319
kp25 run1.txt,27,-25.0,1,272.000,0.102,0.328
kp25 run1.txt,27,-25.0,1,273.000,0.1006,0.291
kp25 run1.txt,27,-25.0,1,274.000,0.1115,0.565
kp25 run1.txt,27,-25.0,1,275.000,0.0998,-0.263
kp25 run1.txt,27,-25.0,1,276.000,0.0998,-0.263
kp25 run1.txt,27,-25.0,1,277.000,0.1013,0.309
kp25 run1.txt,27,-25.0,1,278.000,0.0998,-0.263
kp25 run1.txt,27,-25.0,1,279.000,0.1006,0.291
kp25 run1.txt,27,-25.0,1,280.000,0.1013,0.309
kp25 run1.txt,27,-25.0,1,281.000,0.1017,0.319
kp25 run1.txt,27,-25.0,1,282.000,0.1017,0.319
kp25 run1.txt,27,-25.0,1,283.000,0.1133,0.61
kp25 run1.txt,27,-25.0,1,284.000,0.094,-0.409
kp25 run1.txt,27,-25.0,1,285.000,0.1057,0.419
kp25 run1.txt,27,-25.0,1,286.000,0.102,0.328
kp25 run1.txt,27,-25.0,1,287.000,0.1053,0.41
kp25 run1.txt,27,-25.0,1,288.000,0.1057,0.419
kp25 run1.txt,27,-25.0,1,289.000,0.0998,-0.263
kp25 run1.txt,27,-25.0,1,290.000,0.0911,-0.482
kp25 run1.txt,27,-25.0,1,291.000,0.0984,-0.3
kp25 run1.txt,27,-25.0,1,292.000,0.1035,0.364
kp25 run1.txt,27,-25.0,1,293.000,0.1017,0.319
kp25 run1.txt,27,-25.0,1,294.000,0.0995,-0.272
kp25 run1.txt,27,-25.0,1,295.000,0.0998,-0.263
kp25 run1.txt,27,-25.0,1,296.000,0.1006,0.291
kp25 run1.txt,27,-25.0,1,297.000,0.1079,0.473
kp25 run1.txt,27,-25.0,1,298.000,0.1108,0.546
kp25 run1.txt,27,-25.0,1,299.000,0.0991,-0.281
kp25 run1.txt,27,-25.0,1,300.000,0.0977,-0.318
kp25 run1.txt,27,-25.0,1,301.000,0.1064,0.437
kp25 run1.txt,27,-25.0,1,302.000,0.102,0.328
kp25 run1.txt,27,-25.0,1,303.000,0.0998,-0.263
kp25 run1.txt,27,-25.0,1,304.000,0.1006,0.291
kp25 run1.txt,27,-25.0,1,305.000,0.0998,-0.263
kp25 run1.txt,27,-25.0,1,306.000,0.0991,-0.281
kp25 run1.txt,27,-25.0,1,307.000,0.102,0.328
kp25 run1.txt,27,-25.0,1,308.000,0.0991,-0.281
kp25 run1.txt,27,-25.0,1,309.000,0.1042,0.382
kp25 run1.txt,27,-25.0,1,310.000,0.1006,0.291
kp25 run1.txt,27,-25.0,1,311.000,0.1006,0.291
kp25 run1.txt,27,-25.0,1,312.000,0.0944,-0.4
kp25 run1.txt,27,-25.0,1,313.000,0.1006,0.291
kp25 run1.txt,27,-25.0,1,314.000,0.1028,0.346
kp25 run1.txt,27,-25.0,1,315.000,0.102,0.328
kp25 run1.txt,27,-25.0,1,316.000,0.1006,0.291
kp25 run1.txt,27,-25.0,1,317.000,0.0998,-0.263
kp25 run1.txt,27,-25.0,1,318.000,0.0998,-0.263
kp25 run1.txt,27,-25.0,1,319.000,0.0998,-0.263
kp25 run1.txt,27,-25.0,1,320.000,0.1035,0.364
kp25 run1.txt,27,-25.0,1,321.000,0.1013,0.309
kp25 run1.txt,27,-25.0,1,322.000,0.1006,0.291
kp25 run1.txt,27,-25.0,1,323.000,0.0977,-0.318
kp25 run1.txt,27,-25.0,1,324.000,0.1006,0.291
kp25 run1.txt,27,-25.0,1,325.000,0.0998,-0.263
kp25 run1.txt,27,-25.0,1,326.000,0.0977,-0.318
kp25 run1.txt,27,-25.0,1,327.000,0.0998,-0.263
kp25 run1.txt,27,-25.0,1,328.000,0.0998,-0.263
kp25 run1.txt,27,-25.0,1,329.000,0.1013,0.309
kp25 run1.txt,27,-25.0,1,330.000,0.1006,0.291
kp25 run1.txt,27,-25.0,1,331.000,0.1013,0.309
kp25 run1.txt,27,-25.0,1,332.000,0.0962,-0.354
kp25 run1.txt,27,-25.0,1,333.000,0.0984,-0.3
kp25 run1.txt,27,-25.0,1,334.000,0.0998,-0.263
kp25 run1.txt,27,-25.0,1,335.000,0.1017,0.319
kp25 run1.txt,27,-25.0,1,336.000,0.102,0.328
kp25 run1.txt,27,-25.0,1,337.000,0.1013,0.309
kp25 run1.txt,27,-25.0,1,338.000,0.1006,0.291
kp25 run1.txt,27,-25.0,1,339.000,0.1006,0.291
kp25 run1.txt,27,-25.0,1,340.000,0.102,0.328
kp25 run1.txt,27,-25.0,1,341.000,0.1006,0.291
kp25 run1.txt,27,-25.0,1,342.000,0.1013,0.309
kp25 run1.txt,27,-25.0,1,343.000,0.1013,0.309
kp25 run1.txt,27,-25.0,1,344.000,0.0987,-0.29
kp25 run1.txt,27,-25.0,1,345.000,0.0991,-0.281
kp25 run1.txt,27,-25.0,1,346.000,0.0977,-0.318
kp25 run1.txt,27,-25.0,1,347.000,0.102,0.328
kp25 run1.txt,27,-25.0,1,348.000,0.1013,0.309
kp25 run1.txt,27,-25.0,1,349.000,0.0991,-0.281
kp25 run1.txt,27,-25.0,1,350.000,0.1006,0.291
kp25 run1.txt,27,-25.0,1,351.000,0.1006,0.291
kp25 run1.txt,27,-25.0,1,352.000,0.1024,0.337
kp25 run1.txt,27,-25.0,1,353.000,0.0998,-0.263
kp25 run1.txt,27,-25.0,1,354.000,0.0987,-0.29
kp25 run1.txt,27,-25.0,1,355.000,0.1006,0.291
kp25 run1.txt,27,-25.0,1,356.000,0.1013,0.309
kp25 run1.txt,27,-25.0,1,357.000,0.0998,-0.263
kp25 run1.txt,27,-25.0,1,358.000,0.1024,0.337
kp25 run1.txt,27,-25.0,1,359.000,0.1017,0.319
kp25 run1.txt,27,-25.0,1,360.000,0.1042,0.382
kp25 run1.txt,27,-25.0,1,361.000,0.1006,0.291
kp25 run1.txt,27,-25.0,1,362.000,0.0984,-0.3
kp25 run1.txt,27,-25.0,1,363.000,0.1017,0.319
kp25 run1.txt,27,-25.0,1,364.000,0.1006,0.291
kp25 run1.txt,27,-25.0,1,365.000,0.0984,-0.3
kp25 run1.txt,27,-25.0,1,366.000,0.1013,0.309
kp25 run1.txt,27,-25.0,1,367.000,0.0933,-0.427
kp25 run1.txt,27,-25.0,1,368.000,0.0998,-0.263
kp25 run1.txt,27,-25.0,1,369.000,0.0998,-0.263
kp25 run1.txt,27,-25.0,1,370.000,0.0998,-0.263
kp25 run1.txt,27,-25.0,1,371.000,0.0991,-0.281
kp25 run1.txt,27,-25.0,1,372.000,0.0998,-0.263
kp25 run1.txt,27,-25.0,1,373.000,0.0998,-0.263
kp25 run1.txt,27,-25.0,1,374.000,0.094,-0.409
kp25 run1.txt,27,-25.0,1,375.000,0.0842,-0.655
kp25 run1.txt,27,-25.0,1,376.000,0.1013,0.309
kp25 run1.txt,27,-25.0,1,377.000,0.1006,0.291
kp25 run1.txt,27,-25.0,1,378.000,0.0831,-0.682
kp25 run1.txt,27,-25.0,1,379.000,0.0958,-0.363
kp25 run1.txt,27,-25.0,1,380.000,0.102,0.328
kp25 run1.txt,27,-25.0,1,381.000,0.1006,0.291
kp25 run1.txt,27,-25.0,1,382.000,0.0998,-0.263
kp25 run1.txt,27,-25.0,1,383.000,0.11,0.528
kp25 run1.txt,27,-25.0,1,384.000,0.0998,-0.263
kp25 run1.txt,27,-25.0,1,385.000,0.1028,0.346
kp25 run1.txt,27,-25.0,1,386.000,0.0951,-0.382
kp25 run1.txt,27,-25.0,1,387.000,0.1013,0.309
kp25 run1.txt,27,-25.0,1,388.000,0.0933,-0.427
kp25 run1.txt,27,-25.0,1,389.000,0.0998,-0.263
kp25 run1.txt,27,-25.0,1,390.000,0.0998,-0.263
kp25 run1.txt,27,-25.0,1,391.000,0.0991,-0.281
kp25 run1.txt,27,-25.0,1,392.000,0.1017,0.319
kp25 run1.txt,27,-25.0,1,393.000,0.0998,-0.263
kp25 run1.txt,27,-25.0,1,394.000,0.1013,0.309
kp25 run1.txt,27,-25.0,1,395.000,0.0998,-0.263
kp25 run1.txt,27,-25.0,1,396.000,0.1006,0.291
kp25 run1.txt,27,-25.0,1,397.000,0.0998,-0.263
kp25 run1.txt,27,-25.0,1,398.000,0.0991,-0.281
kp25 run1.txt,27,-25.0,1,399.000,0.0998,-0.263
kp25 run1.txt,27,-25.0,1,400.000,0.0998,-0.263
kp25 run1.txt,27,-25.0,1,401.000,0.0991,-0.281
kp25 run1.txt,27,-25.0,1,402.000,0.1028,0.346
kp25 run1.txt,27,-25.0,1,403.000,0.1006,0.291
kp25 run1.txt,27,-25.0,1,404.000,0.0991,-0.281
kp25 run1.txt,27,-25.0,1,405.000,0.0977,-0.318
kp25 run1.txt,27,-25.0,1,406.000,0.1006,0.291
kp25 run1.txt,27,-25.0,1,407.000,0.0991,-0.281
kp25 run1.txt,27,-25.0,1,408.000,0.102,0.328
kp25 run1.txt,27,-25.0,1,409.000,0.0991,-0.281
kp25 run1.txt,27,-25.0,1,410.000,0.1006,0.291
kp25 run1.txt,27,-25.0,1,411.000,0.1028,0.346
kp25 run1.txt,27,-25.0,1,412.000,0.1006,0.291
kp25 run1.txt,27,-25.0,1,413.000,0.0955,-0.372
kp25 run1.txt,27,-25.0,1,414.000,0.1006,0.291
kp25 run1.txt,27,-25.0,1,415.000,0.0998,-0.263
kp25 run1.txt,27,-25.0,1,416.000,0.0998,-0.263
kp25 run1.txt,27,-25.0,1,417.000,0.1028,0.346
kp25 run1.txt,27,-25.0,1,418.000,0.0874,-0.573
kp25 run1.txt,27,-25.0,1,419.000,0.1049,0.401
kp25 run1.txt,27,-25.0,1,420.000,0.102,0.328
kp25 run1.txt,27,-25.0,1,421.000,0.1064,0.437
kp25 run1.txt,27,-25.0,1,422.000,0.0984,-0.3
kp25 run1.txt,27,-25.0,1,423.000,0.1028,0.346
kp25 run1.txt,27,-25.0,1,424.000,0.0991,-0.281
kp25 run1.txt,27,-25.0,1,425.000,0.1137,0.619
kp25 run1.txt,27,-25.0,1,426.000,0.1013,0.309
kp25 run1.txt,27,-25.0,1,427.000,0.1006,0.291
kp25 run1.txt,27,-25.0,1,428.000,0.102,0.328
kp25 run1.txt,27,-25.0,1,429.000,0.0991,-0.281
kp25 run1.txt,27,-25.0,1,430.000,0.0962,-0.354
kp25 run1.txt,27,-25.0,1,431.000,0.0984,-0.3
kp25 run1.txt,27,-25.0,1,432.000,0.1028,0.346
kp25 run1.txt,27,-25.0,1,433.000,0.1049,0.401
kp25 run1.txt,27,-25.0,1,434.000,0.0947,-0.391
kp25 run1.txt,27,-25.0,1,435.000,0.0991,-0.281
kp25 run1.txt,27,-25.0,1,436.000,0.0998,-0.263
kp25 run1.txt,27,-25.0,1,437.000,0.0987,-0.29
kp25 run1.txt,27,-25.0,1,438.000,0.1006,0.291
kp25 run1.txt,27,-25.0,1,439.000,0.0969,-0.336
kp25 run1.txt,27,-25.0,1,440.000,0.1006,0.291
kp25 run1.txt,27,-25.0,1,441.000,0.1064,0.437
kp25 run1.txt,27,-25.0,1,442.000,0.1071,0.455
kp25 run1.txt,27,-25.0,1,443.000,0.0998,-0.263
kp25 run1.txt,27,-25.0,1,444.000,0.0998,-0.263
kp25 run1.txt,27,-25.0,1,445.000,0.1006,0.291
kp25 run1.txt,27,-25.0,1,446.000,0.0998,-0.263
kp25 run1.txt,27,-25.0,1,447.000,0.1006,0.291
kp25 run1.txt,27,-25.0,1,448.000,0.0955,-0.372
kp25 run1.txt,27,-25.0,1,449.000,0.1017,0.319
kp25 run1.txt,27,-25.0,1,450.000,0.0998,-0.263
kp25 run1.txt,27,-25.0,1,451.000,0.0998,-0.263
kp25 run1.txt,27,-25.0,1,452.000,0.0998,-0.263
kp25 run1.txt,27,-25.0,1,453.000,0.0995,-0.272
kp25 run1.txt,27,-25.0,1,454.000,0.1013,0.309
kp25 run1.txt,27,-25.0,1,455.000,0.1017,0.319
kp25 run1.txt,27,-25.0,1,456.000,0.1046,0.391
kp25 run1.txt,27,-25.0,1,457.000,0.1013,0.309
kp25 run1.txt,27,-25.0,1,458.000,0.102,0.328
kp25 run1.txt,27,-25.0,1,459.000,0.1038,0.373
kp25 run1.txt,27,-25.0,1,460.000,0.0977,-0.318
kp25 run1.txt,27,-25.0,1,461.000,0.1006,0.291
kp25 run1.txt,27,-25.0,1,462.000,0.0889,-0.536
kp25 run1.txt,27,-25.0,1,463.000,0.1035,0.364
kp25 run1.txt,27,-25.0,1,464.000,0.1013,0.309
kp25 run1.txt,27,-25.0,1,465.000,0.1028,0.346
kp25 run1.txt,27,-25.0,1,466.000,0.1028,0.346
kp25 run1.txt,27,-25.0,1,467.000,0.1017,0.319
kp25 run1.txt,27,-25.0,1,468.000,0.0998,-0.263
kp25 run1.txt,27,-25.0,1,469.000,0.0987,-0.29
kp25 run1.txt,27,-25.0,1,470.000,0.1221,0.829
kp25 run1.txt,27,-25.0,1,471.000,0.1006,0.291
kp25 run1.txt,27,-25.0,1,472.000,0.102,0.328
kp25 run1.txt,27,-25.0,1,473.000,0.0998,-0.263
kp25 run1.txt,27,-25.0,1,474.000,0.1017,0.319
kp25 run1.txt,27,-25.0,1,475.000,0.1049,0.401
kp25 run1.txt,27,-25.0,1,476.000,0.0991,-0.281
kp25 run1.txt,27,-25.0,1,477.000,0.102,0.328
kp25 run1.txt,27,-25.0,1,478.000,0.102,0.328
kp25 run1.txt,27,-25.0,1,479.000,0.0987,-0.29
kp25 run1.txt,27,-25.0,1,480.000,0.0998,-0.263
kp25 run1.txt,27,-25.0,1,481.000,0.094,-0.409
kp25 run1.txt,27,-25.0,1,482.000,0.0991,-0.281
kp25 run1.txt,27,-25.0,1,483.000,0.1006,0.291
kp25 run1.txt,27,-25.0,1,484.000,0.094,-0.409
kp25 run1.txt,27,-25.0,1,485.000,0.0998,-0.263
kp25 run1.txt,27,-25.0,1,486.000,0.102,0.328
kp25 run1.txt,27,-25.0,1,487.000,0.0998,-0.263
kp25 run1.txt,27,-25.0,1,488.000,0.1038,0.373
kp25 run1.txt,27,-25.0,1,489.000,0.1009,0.3
kp25 run1.txt,27,-25.0,1,490.000,0.0998,-0.263
kp25 run1.txt,27,-25.0,1,491.000,0.1006,0.291
kp25 run1.txt,27,-25.0,1,492.000,0.0995,-0.272
kp25 run1.txt,27,-25.0,1,493.000,0.1017,0.319
kp25 run1.txt,27,-25.0,1,494.000,0.1017,0.319
kp25 run1.txt,27,-25.0,1,495.000,0.0962,-0.354
kp25 run1.txt,27,-25.0,1,496.000,0.1006,0.291
kp25 run1.txt,27,-25.0,1,497.000,0.1017,0.319
kp25 run1.txt,27,-25.0,1,498.000,0.1006,0.291
kp25 run1.txt,27,-25.0,1,499.000,0.0947,-0.391
kp25 run1.txt,27,-25.0,1,500.000,0.0998,-0.263
kp25 run1.txt,27,-25.0,1,501.000,0.1049,0.401
kp25 run1.txt,27,-25.0,1,502.000,0.0998,-0.263
kp25 run1.txt,27,-25.0,1,503.000,0.0991,-0.281
kp25 run1.txt,27,-25.0,1,504.000,0.1013,0.309
kp25 run1.txt,27,-25.0,1,505.000,0.0962,-0.354
kp25 run1.txt,27,-25.0,1,506.000,0.1006,0.291
kp25 run1.txt,27,-25.0,1,507.000,0.1017,0.319
kp25 run1.txt,27,-25.0,1,508.000,0.0998,-0.263
kp25 run1.txt,27,-25.0,1,509.000,0.0998,-0.263
kp25 run1.txt,27,-25.0,1,510.000,0.0998,-0.263
kp25 run1.txt,27,-25.0,1,511.000,0.1028,0.346
kp25 run1.txt,27,-25.0,1,512.000,0.0962,-0.354
kp25 run1.txt,27,-25.0,1,513.000,0.1038,0.373
kp25 run1.txt,27,-25.0,1,514.000,0.0998,-0.263
kp25 run1.txt,27,-25.0,1,515.000,0.1031,0.355
kp25 run1.txt,27,-25.0,1,516.000,0.1042,0.382
kp25 run1.txt,27,-25.0,1,517.000,0.0987,-0.29
kp25 run1.txt,27,-25.0,1,518.000,0.0998,-0.263
kp25 run1.txt,27,-25.0,1,519.000,0.1006,0.291
kp25 run1.txt,27,-25.0,1,520.000,0.0991,-0.281
kp25 run1.txt,27,-25.0,1,521.000,0.0991,-0.281
kp25 run1.txt,27,-25.0,1,522.000,0.0998,-0.263
kp25 run1.txt,27,-25.0,1,523.000,0.1075,0.464
kp25 run1.txt,27,-25.0,1,524.000,0.0998,-0.263
kp25 run1.txt,27,-25.0,1,525.000,0.1009,0.3
kp25 run1.txt,27,-25.0,1,526.000,0.0995,-0.272
kp25 run1.txt,27,-25.0,1,527.000,0.0987,-0.29
kp25 run1.txt,27,-25.0,1,528.000,0.102,0.328
kp25 run1.txt,27,-25.0,1,529.000,0.0987,-0.29
kp25 run1.txt,27,-25.0,1,530.000,0.1006,0.291
kp25 run1.txt,27,-25.0,1,531.000,0.1013,0.309
kp25 run1.txt,27,-25.0,1,532.000,0.1093,0.51
kp25 run1.txt,27,-25.0,1,533.000,0.102,0.328
kp25 run1.txt,27,-25.0,1,534.000,0.0998,-0.263
kp25 run1.txt,27,-25.0,1,535.000,0.0962,-0.354
kp25 run1.txt,27,-25.0,1,536.000,0.0995,-0.272
kp25 run1.txt,27,-25.0,1,537.000,0.0962,-0.354
kp25 run1.txt,27,-25.0,1,538.000,0.1006,0.291
kp25 run1.txt,27,-25.0,1,539.000,0.1006,0.291
kp25 run1.txt,27,-25.0,1,540.000,0.0998,-0.263
kp25 run1.txt,27,-25.0,1,541.000,0.1006,0.291
kp25 run1.txt,27,-25.0,1,542.000,0.1038,0.373
kp25 run1.txt,27,-25.0,1,543.000,0.0991,-0.281
kp25 run1.txt,27,-25.0,1,544.000,0.1224,0.838
kp25 run1.txt,27,-25.0,1,545.000,0.1006,0.291
kp25 run1.txt,27,-25.0,1,546.000,0.078,-0.81
kp25 run1.txt,27,-25.0,1,547.000,0.1038,0.373
kp25 run1.txt,27,-25.0,1,548.000,0.1002,0.282
kp25 run1.txt,27,-25.0,1,549.000,0.1086,0.492
kp25 run1.txt,27,-25.0,1,550.000,0.1006,0.291
kp25 run1.txt,27,-25.0,1,551.000,0.102,0.328
kp25 run1.txt,27,-25.0,1,552.000,0.1028,0.346
kp25 run1.txt,27,-25.0,1,553.000,0.0969,-0.336
kp25 run1.txt,27,-25.0,1,554.000,0.1017,0.319
kp25 run1.txt,27,-25.0,1,555.000,0.0998,-0.263
kp25 run1.txt,27,-25.0,1,556.000,0.1017,0.319
kp25 run1.txt,27,-25.0,1,557.000,0.1013,0.309
kp25 run1.txt,27,-25.0,1,558.000,0.0977,-0.318
kp25 run1.txt,27,-25.0,1,559.000,0.1028,0.346
kp25 run1.txt,27,-25.0,1,560.000,0.102,0.328
kp25 run1.txt,27,-25.0,1,561.000,0.1042,0.382
kp25 run1.txt,27,-25.0,1,562.000,0.1013,0.309
kp25 run1.txt,27,-25.0,1,563.000,0.1017,0.319
kp25 run1.txt,27,-25.0,1,564.000,0.0874,-0.573
kp25 run1.txt,27,-25.0,1,565.000,0.0998,-0.263
kp25 run1.txt,27,-25.0,1,566.000,0.0998,-0.263
kp25 run1.txt,27,-25.0,1,567.000,0.0998,-0.263
kp25 run1.txt,27,-25.0,1,568.000,0.0998,-0.263
kp25 run1.txt,27,-25.0,1,569.000,0.1097,0.519
kp25 run1.txt,27,-25.0,1,570.000,0.102,0.328
kp25 run1.txt,27,-25.0,1,571.000,0.1013,0.309
kp25 run1.txt,27,-25.0,1,572.000,0.1006,0.291
kp25 run1.txt,27,-25.0,1,573.000,0.0998,-0.263
kp25 run1.txt,27,-25.0,1,574.000,0.1013,0.309
kp25 run1.txt,27,-25.0,1,575.000,0.0998,-0.263
kp25 run1.txt,27,-25.0,1,576.000,0.1006,0.291
kp25 run1.txt,27,-25.0,1,577.000,0.0998,-0.263
kp25 run1.txt,27,-25.0,1,578.000,0.1283,0.984
kp25 run1.txt,27,-25.0,1,579.000,0.1104,0.537
kp25 run1.txt,27,-25.0,1,580.000,0.0977,-0.318
kp25 run1.txt,27,-25.0,1,581.000,0.0998,-0.263
kp25 run1.txt,27,-25.0,1,582.000,0.0991,-0.281
kp25 run1.txt,27,-25.0,1,583.000,0.0969,-0.336
kp25 run1.txt,27,-25.0,1,584.000,0.1006,0.291
kp25 run1.txt,27,-25.0,1,585.000,0.1064,0.437
kp25 run1.txt,27,-25.0,1,586.000,0.1049,0.401
kp25 run1.txt,27,-25.0,1,587.000,0.1009,0.3
kp25 run1.txt,27,-25.0,1,588.000,0.1035,0.364
kp25 run1.txt,27,-25.0,1,589.000,0.102,0.328
kp25 run1.txt,27,-25.0,1,590.000,0.1013,0.309
kp25 run1.txt,27,-25.0,1,591.000,0.1228,0.847
kp25 run1.txt,27,-25.0,1,592.000,0.1115,0.565
kp25 run1.txt,27,-25.0,1,593.000,0.0998,-0.263
kp25 run1.txt,27,-25.0,1,594.000,0.0998,-0.263
kp25 run1.txt,27,-25.0,1,595.000,0.102,0.328
kp25 run1.txt,27,-25.0,1,596.000,0.0962,-0.354
kp25 run1.txt,27,-25.0,1,597.000,0.0987,-0.29
kp25 run1.txt,27,-25.0,1,598.000,0.1006,0.291
kp25 run1.txt,27,-25.0,1,599.000,0.0816,-0.719
kp25 run1.txt,28,-25.0,-1,0.000,0.0977,5.218
kp25 run1.txt,28,-25.0,-1,1.000,0.0998,5.273
kp25 run1.txt,28,-25.0,-1,2.000,0.0987,5.246
kp25 run1.txt,28,-25.0,-1,3.000,0.0987,5.246
kp25 run1.txt,28,-25.0,-1,4.000,0.1064,5.437
kp25 run1.txt,28,-25.0,-1,5.000,0.0991,5.255
kp25 run1.txt,28,-25.0,-1,6.000,0.0969,5.2
kp25 run1.txt,28,-25.0,-1,7.000,0.0958,5.173
kp25 run1.txt,28,-25.0,-1,8.000,0.0947,5.145
kp25 run1.txt,28,-25.0,-1,9.000,0.0904,5.036
kp25 run1.txt,28,-25.0,-1,10.000,0.0882,4.981
kp25 run1.txt,28,-25.0,-1,11.000,0.086,4.927
kp25 run1.txt,28,-25.0,-1,12.000,0.0809,4.799
kp25 run1.txt,28,-25.0,-1,13.000,0.0805,4.79
kp25 run1.txt,28,-25.0,-1,14.000,0.0736,4.617
kp25 run1.txt,28,-25.0,-1,15.000,0.0699,4.526
kp25 run1.txt,28,-25.0,-1,16.000,0.0667,4.444
kp25 run1.txt,28,-25.0,-1,17.000,0.0612,4.307
kp25 run1.txt,28,-25.0,-1,18.000,0.0597,4.271
kp25 run1.txt,28,-25.0,-1,19.000,0.0535,4.116
kp25 run1.txt,28,-25.0,-1,20.000,0.0466,3.942
kp25 run1.txt,28,-25.0,-1,21.000,0.0415,3.815
kp25 run1.txt,28,-25.0,-1,22.000,0.0386,3.742
kp25 run1.txt,28,-25.0,-1,23.000,0.0335,3.614
kp25 run1.txt,28,-25.0,-1,24.000,0.0284,3.487
kp25 run1.txt,28,-25.0,-1,25.000,0.0269,3.45
kp25 run1.txt,28,-25.0,-1,26.000,0.0342,3.633
kp25 run1.txt,28,-25.0,-1,27.000,0.0054,2.913
kp25 run1.txt,28,-25.0,-1,28.000,0.0182,3.232
kp25 run1.txt,28,-25.0,-1,29.000,0.0036,2.867
kp25 run1.txt,28,-25.0,-1,30.000,-0.003,2.703
kp25 run1.txt,28,-25.0,-1,31.000,-0.0059,2.63
kp25 run1.txt,28,-25.0,-1,32.000,-0.0121,2.475
kp25 run1.txt,28,-25.0,-1,33.000,-0.015,2.402
kp25 run1.txt,28,-25.0,-1,34.000,-0.019,2.302
kp25 run1.txt,28,-25.0,-1,35.000,-0.0259,2.129
kp25 run1.txt,28,-25.0,-1,36.000,-0.0328,1.956
kp25 run1.txt,28,-25.0,-1,37.000,-0.0365,1.865
kp25 run1.txt,28,-25.0,-1,38.000,-0.0438,1.682
kp25 run1.txt,28,-25.0,-1,39.000,-0.0482,1.573
kp25 run1.txt,28,-25.0,-1,40.000,-0.054,1.427
kp25 run1.txt,28,-25.0,-1,41.000,-0.0646,1.163
kp25 run1.txt,28,-25.0,-1,42.000,-0.0606,1.263
kp25 run1.txt,28,-25.0,-1,43.000,-0.0664,1.117
kp25 run1.txt,28,-25.0,-1,44.000,-0.0708,1.008
kp25 run1.txt,28,-25.0,-1,45.000,-0.0715,0.99
kp25 run1.txt,28,-25.0,-1,46.000,-0.078,0.826
kp25 run1.txt,28,-25.0,-1,47.000,-0.0832,0.698
kp25 run1.txt,28,-25.0,-1,48.000,-0.0897,0.534
kp25 run1.txt,28,-25.0,-1,49.000,-0.097,0.352
kp25 run1.txt,28,-25.0,-1,50.000,-0.0963,0.37
kp25 run1.txt,28,-25.0,-1,51.000,-0.0977,0.334
kp25 run1.txt,28,-25.0,-1,52.000,-0.1014,-0.293
kp25 run1.txt,28,-25.0,-1,53.000,-0.1072,-0.439
kp25 run1.txt,28,-25.0,-1,54.000,-0.1072,-0.439
kp25 run1.txt,28,-25.0,-1,55.000,-0.1101,-0.512
kp25 run1.txt,28,-25.0,-1,56.000,-0.1123,-0.567
kp25 run1.txt,28,-25.0,-1,57.000,-0.1141,-0.612
kp25 run1.txt,28,-25.0,-1,58.000,-0.1167,-0.676
kp25 run1.txt,28,-25.0,-1,59.000,-0.1189,-0.731
kp25 run1.txt,28,-25.0,-1,60.000,-0.124,-0.858
kp25 run1.txt,28,-25.0,-1,61.000,-0.124,-0.858
kp25 run1.txt,28,-25.0,-1,62.000,-0.1258,-0.904
kp25 run1.txt,28,-25.0,-1,63.000,-0.1269,-0.931
kp25 run1.txt,28,-25.0,-1,64.000,-0.1313,-1.041
kp25 run1.txt,28,-25.0,-1,65.000,-0.1284,-0.968
kp25 run1.txt,28,-25.0,-1,66.000,-0.1291,-0.986
kp25 run1.txt,28,-25.0,-1,67.000,-0.1302,-1.013
kp25 run1.txt,28,-25.0,-1,68.000,-0.1345,-1.123
kp25 run1.txt,28,-25.0,-1,69.000,-0.1335,-1.095
kp25 run1.txt,28,-25.0,-1,70.000,-0.1335,-1.095
kp25 run1.txt,28,-25.0,-1,71.000,-0.1349,-1.132
kp25 run1.txt,28,-25.0,-1,72.000,-0.1335,-1.095
kp25 run1.txt,28,-25.0,-1,73.000,-0.1393,-1.241
kp25 run1.txt,28,-25.0,-1,74.000,-0.1342,-1.114
kp25 run1.txt,28,-25.0,-1,75.000,-0.1335,-1.095
kp25 run1.txt,28,-25.0,-1,76.000,-0.1364,-1.168
kp25 run1.txt,28,-25.0,-1,77.000,-0.1349,-1.132
kp25 run1.txt,28,-25.0,-1,78.000,-0.1356,-1.15
kp25 run1.txt,28,-25.0,-1,79.000,-0.1364,-1.168
kp25 run1.txt,28,-25.0,-1,80.000,-0.1338,-1.104
kp25 run1.txt,28,-25.0,-1,81.000,-0.1356,-1.15
kp25 run1.txt,28,-25.0,-1,82.000,-0.1356,-1.15
kp25 run1.txt,28,-25.0,-1,83.000,-0.1488,-1.478
kp25 run1.txt,28,-25.0,-1,84.000,-0.1356,-1.15
kp25 run1.txt,28,-25.0,-1,85.000,-0.1327,-1.077
kp25 run1.txt,28,-25.0,-1,86.000,-0.1335,-1.095
kp25 run1.txt,28,-25.0,-1,87.000,-0.1342,-1.114
kp25 run1.txt,28,-25.0,-1,88.000,-0.1342,-1.114
kp25 run1.txt,28,-25.0,-1,89.000,-0.1335,-1.095
kp25 run1.txt,28,-25.0,-1,90.000,-0.1101,-0.512
kp25 run1.txt,28,-25.0,-1,91.000,-0.1316,-1.05
kp25 run1.txt,28,-25.0,-1,92.000,-0.132,-1.059
kp25 run1.txt,28,-25.0,-1,93.000,-0.1327,-1.077
kp25 run1.txt,28,-25.0,-1,94.000,-0.1305,-1.022
kp25 run1.txt,28,-25.0,-1,95.000,-0.1298,-1.004
kp25 run1.txt,28,-25.0,-1,96.000,-0.1247,-0.877
kp25 run1.txt,28,-25.0,-1,97.000,-0.1269,-0.931
kp25 run1.txt,28,-25.0,-1,98.000,-0.1247,-0.877
kp25 run1.txt,28,-25.0,-1,99.000,-0.1211,-0.785
kp25 run1.txt,28,-25.0,-1,100.000,-0.1203,-0.767
kp25 run1.txt,28,-25.0,-1,101.000,-0.1211,-0.785
kp25 run1.txt,28,-25.0,-1,102.000,-0.1225,-0.822
kp25 run1.txt,28,-25.0,-1,103.000,-0.1196,-0.749
kp25 run1.txt,28,-25.0,-1,104.000,-0.1181,-0.713
kp25 run1.txt,28,-25.0,-1,105.000,-0.1196,-0.749
kp25 run1.txt,28,-25.0,-1,106.000,-0.1101,-0.512
kp25 run1.txt,28,-25.0,-1,107.000,-0.1138,-0.603
kp25 run1.txt,28,-25.0,-1,108.000,-0.1116,-0.549
kp25 run1.txt,28,-25.0,-1,109.000,-0.1101,-0.512
kp25 run1.txt,28,-25.0,-1,110.000,-0.1123,-0.567
kp25 run1.txt,28,-25.0,-1,111.000,-0.1094,-0.494
kp25 run1.txt,28,-25.0,-1,112.000,-0.1087,-0.476
kp25 run1.txt,28,-25.0,-1,113.000,-0.1087,-0.476
kp25 run1.txt,28,-25.0,-1,114.000,-0.1072,-0.439
kp25 run1.txt,28,-25.0,-1,115.000,-0.1061,-0.412
kp25 run1.txt,28,-25.0,-1,116.000,-0.1072,-0.439
kp25 run1.txt,28,-25.0,-1,117.000,-0.1043,-0.366
kp25 run1.txt,28,-25.0,-1,118.000,-0.1065,-0.421
kp25 run1.txt,28,-25.0,-1,119.000,-0.1021,-0.312
kp25 run1.txt,28,-25.0,-1,120.000,-0.0846,0.662
kp25 run1.txt,28,-25.0,-1,121.000,-0.0985,0.316
kp25 run1.txt,28,-25.0,-1,122.000,-0.105,-0.385
kp25 run1.txt,28,-25.0,-1,123.000,-0.0974,0.343
kp25 run1.txt,28,-25.0,-1,124.000,-0.1006,-0.275
kp25 run1.txt,28,-25.0,-1,125.000,-0.0963,0.37
kp25 run1.txt,28,-25.0,-1,126.000,-0.0988,0.306
kp25 run1.txt,28,-25.0,-1,127.000,-0.1014,-0.293
kp25 run1.txt,28,-25.0,-1,128.000,-0.0955,0.388
kp25 run1.txt,28,-25.0,-1,129.000,-0.0999,0.279
kp25 run1.txt,28,-25.0,-1,130.000,-0.0948,0.407
kp25 run1.txt,28,-25.0,-1,131.000,-0.0839,0.68
kp25 run1.txt,28,-25.0,-1,132.000,-0.0908,0.507
kp25 run1.txt,28,-25.0,-1,133.000,-0.0934,0.443
kp25 run1.txt,28,-25.0,-1,134.000,-0.0919,0.48
kp25 run1.txt,28,-25.0,-1,135.000,-0.0934,0.443
kp25 run1.txt,28,-25.0,-1,136.000,-0.0948,0.407
kp25 run1.txt,28,-25.0,-1,137.000,-0.0926,0.461
kp25 run1.txt,28,-25.0,-1,138.000,-0.0959,0.379
kp25 run1.txt,28,-25.0,-1,139.000,-0.0963,0.37
kp25 run1.txt,28,-25.0,-1,140.000,-0.0941,0.425
kp25 run1.txt,28,-25.0,-1,141.000,-0.0952,0.398
kp25 run1.txt,28,-25.0,-1,142.000,-0.0861,0.625
kp25 run1.txt,28,-25.0,-1,143.000,-0.0937,0.434
kp25 run1.txt,28,-25.0,-1,144.000,-0.0996,0.288
kp25 run1.txt,28,-25.0,-1,145.000,-0.0926,0.461
kp25 run1.txt,28,-25.0,-1,146.000,-0.0937,0.434
kp25 run1.txt,28,-25.0,-1,147.000,-0.0941,0.425
kp25 run1.txt,28,-25.0,-1,148.000,-0.0966,0.361
kp25 run1.txt,28,-25.0,-1,149.000,-0.0897,0.534
kp25 run1.txt,28,-25.0,-1,150.000,-0.0955,0.388
kp25 run1.txt,28,-25.0,-1,151.000,-0.0948,0.407
kp25 run1.txt,28,-25.0,-1,152.000,-0.0955,0.388
kp25 run1.txt,28,-25.0,-1,153.000,-0.0941,0.425
kp25 run1.txt,28,-25.0,-1,154.000,-0.1101,-0.512
kp25 run1.txt,28,-25.0,-1,155.000,-0.0985,0.316
kp25 run1.txt,28,-25.0,-1,156.000,-0.0948,0.407
kp25 run1.txt,28,-25.0,-1,157.000,-0.0937,0.434
kp25 run1.txt,28,-25.0,-1,158.000,-0.0955,0.388
kp25 run1.txt,28,-25.0,-1,159.000,-0.0937,0.434
kp25 run1.txt,28,-25.0,-1,160.000,-0.0934,0.443
kp25 run1.txt,28,-25.0,-1,161.000,-0.0948,0.407
kp25 run1.txt,28,-25.0,-1,162.000,-0.0937,0.434
kp25 run1.txt,28,-25.0,-1,163.000,-0.0948,0.407
kp25 run1.txt,28,-25.0,-1,164.000,-0.0955,0.388
kp25 run1.txt,28,-25.0,-1,165.000,-0.0955,0.388
kp25 run1.txt,28,-25.0,-1,166.000,-0.0955,0.388
kp25 run1.txt,28,-25.0,-1,167.000,-0.089,0.552
kp25 run1.txt,28,-25.0,-1,168.000,-0.0963,0.37
kp25 run1.txt,28,-25.0,-1,169.000,-0.0963,0.37
kp25 run1.txt,28,-25.0,-1,170.000,-0.0977,0.334
kp25 run1.txt,28,-25.0,-1,171.000,-0.1006,-0.275
kp25 run1.txt,28,-25.0,-1,172.000,-0.0992,0.297
kp25 run1.txt,28,-25.0,-1,173.000,-0.0963,0.37
kp25 run1.txt,28,-25.0,-1,174.000,-0.0966,0.361
kp25 run1.txt,28,-25.0,-1,175.000,-0.0985,0.316
kp25 run1.txt,28,-25.0,-1,176.000,-0.0992,0.297
kp25 run1.txt,28,-25.0,-1,177.000,-0.1006,-0.275
kp25 run1.txt,28,-25.0,-1,178.000,-0.0992,0.297
kp25 run1.txt,28,-25.0,-1,179.000,-0.1025,-0.321
kp25 run1.txt,28,-25.0,-1,180.000,-0.097,0.352
kp25 run1.txt,28,-25.0,-1,181.000,-0.1043,-0.366
kp25 run1.txt,28,-25.0,-1,182.000,-0.0992,0.297
kp25 run1.txt,28,-25.0,-1,183.000,-0.0992,0.297
kp25 run1.txt,28,-25.0,-1,184.000,-0.1025,-0.321
kp25 run1.txt,28,-25.0,-1,185.000,-0.097,0.352
kp25 run1.txt,28,-25.0,-1,186.000,-0.1065,-0.421
kp25 run1.txt,28,-25.0,-1,187.000,-0.1014,-0.293
kp25 run1.txt,28,-25.0,-1,188.000,-0.1021,-0.312
kp25 run1.txt,28,-25.0,-1,189.000,-0.1036,-0.348
kp25 run1.txt,28,-25.0,-1,190.000,-0.1058,-0.403
kp25 run1.txt,28,-25.0,-1,191.000,-0.105,-0.385
kp25 run1.txt,28,-25.0,-1,192.000,-0.105,-0.385
kp25 run1.txt,28,-25.0,-1,193.000,-0.1043,-0.366
kp25 run1.txt,28,-25.0,-1,194.000,-0.1021,-0.312
kp25 run1.txt,28,-25.0,-1,195.000,-0.0963,0.37
kp25 run1.txt,28,-25.0,-1,196.000,-0.1014,-0.293
kp25 run1.txt,28,-25.0,-1,197.000,-0.1014,-0.293
kp25 run1.txt,28,-25.0,-1,198.000,-0.1006,-0.275
kp25 run1.txt,28,-25.0,-1,199.000,-0.1021,-0.312
kp25 run1.txt,28,-25.0,-1,200.000,-0.1006,-0.275
kp25 run1.txt,28,-25.0,-1,201.000,-0.1036,-0.348
kp25 run1.txt,28,-25.0,-1,202.000,-0.1043,-0.366
kp25 run1.txt,28,-25.0,-1,203.000,-0.1003,-0.266
kp25 run1.txt,28,-25.0,-1,204.000,-0.1138,-0.603
kp25 run1.txt,28,-25.0,-1,205.000,-0.1025,-0.321
kp25 run1.txt,28,-25.0,-1,206.000,-0.1006,-0.275
kp25 run1.txt,28,-25.0,-1,207.000,-0.105,-0.385
kp25 run1.txt,28,-25.0,-1,208.000,-0.0999,0.279
kp25 run1.txt,28,-25.0,-1,209.000,-0.1006,-0.275
kp25 run1.txt,28,-25.0,-1,210.000,-0.1021,-0.312
kp25 run1.txt,28,-25.0,-1,211.000,-0.1021,-0.312
kp25 run1.txt,28,-25.0,-1,212.000,-0.1047,-0.375
kp25 run1.txt,28,-25.0,-1,213.000,-0.1025,-0.321
kp25 run1.txt,28,-25.0,-1,214.000,-0.1043,-0.366
kp25 run1.txt,28,-25.0,-1,215.000,-0.1072,-0.439
kp25 run1.txt,28,-25.0,-1,216.000,-0.0963,0.37
kp25 run1.txt,28,-25.0,-1,217.000,-0.1043,-0.366
kp25 run1.txt,28,-25.0,-1,218.000,-0.1036,-0.348
kp25 run1.txt,28,-25.0,-1,219.000,-0.1021,-0.312
kp25 run1.txt,28,-25.0,-1,220.000,-0.105,-0.385
kp25 run1.txt,28,-25.0,-1,221.000,-0.1006,-0.275
kp25 run1.txt,28,-25.0,-1,222.000,-0.0992,0.297
kp25 run1.txt,28,-25.0,-1,223.000,-0.1014,-0.293
kp25 run1.txt,28,-25.0,-1,224.000,-0.1021,-0.312
kp25 run1.txt,28,-25.0,-1,225.000,-0.0999,0.279
kp25 run1.txt,28,-25.0,-1,226.000,-0.1014,-0.293
kp25 run1.txt,28,-25.0,-1,227.000,-0.0996,0.288
kp25 run1.txt,28,-25.0,-1,228.000,-0.0985,0.316
kp25 run1.txt,28,-25.0,-1,229.000,-0.0996,0.288
kp25 run1.txt,28,-25.0,-1,230.000,-0.1006,-0.275
kp25 run1.txt,28,-25.0,-1,231.000,-0.1006,-0.275
kp25 run1.txt,28,-25.0,-1,232.000,-0.1014,-0.293
kp25 run1.txt,28,-25.0,-1,233.000,-0.1014,-0.293
kp25 run1.txt,28,-25.0,-1,234.000,-0.1003,-0.266
kp25 run1.txt,28,-25.0,-1,235.000,-0.0992,0.297
kp25 run1.txt,28,-25.0,-1,236.000,-0.1036,-0.348
kp25 run1.txt,28,-25.0,-1,237.000,-0.0992,0.297
kp25 run1.txt,28,-25.0,-1,238.000,-0.0985,0.316
kp25 run1.txt,28,-25.0,-1,239.000,-0.1021,-0.312
kp25 run1.txt,28,-25.0,-1,240.000,-0.0985,0.316
kp25 run1.txt,28,-25.0,-1,241.000,-0.1006,-0.275
kp25 run1.txt,28,-25.0,-1,242.000,-0.0996,0.288
kp25 run1.txt,28,-25.0,-1,243.000,-0.1006,-0.275
kp25 run1.txt,28,-25.0,-1,244.000,-0.0992,0.297
kp25 run1.txt,28,-25.0,-1,245.000,-0.0999,0.279
kp25 run1.txt,28,-25.0,-1,246.000,-0.0992,0.297
kp25 run1.txt,28,-25.0,-1,247.000,-0.0996,0.288
kp25 run1.txt,28,-25.0,-1,248.000,-0.0992,0.297
kp25 run1.txt,28,-25.0,-1,249.000,-0.0999,0.279
kp25 run1.txt,28,-25.0,-1,250.000,-0.1036,-0.348
kp25 run1.txt,28,-25.0,-1,251.000,-0.0955,0.388
kp25 run1.txt,28,-25.0,-1,252.000,-0.0985,0.316
kp25 run1.txt,28,-25.0,-1,253.000,-0.1014,-0.293
kp25 run1.txt,28,-25.0,-1,254.000,-0.1006,-0.275
kp25 run1.txt,28,-25.0,-1,255.000,-0.1021,-0.312
kp25 run1.txt,28,-25.0,-1,256.000,-0.1014,-0.293
kp25 run1.txt,28,-25.0,-1,257.000,-0.1014,-0.293
kp25 run1.txt,28,-25.0,-1,258.000,-0.1043,-0.366
kp25 run1.txt,28,-25.0,-1,259.000,-0.1028,-0.33
kp25 run1.txt,28,-25.0,-1,260.000,-0.0999,0.279
kp25 run1.txt,28,-25.0,-1,261.000,-0.1006,-0.275
kp25 run1.txt,28,-25.0,-1,262.000,-0.0992,0.297
kp25 run1.txt,28,-25.0,-1,263.000,-0.0999,0.279
kp25 run1.txt,28,-25.0,-1,264.000,-0.1017,-0.303
kp25 run1.txt,28,-25.0,-1,265.000,-0.1006,-0.275
kp25 run1.txt,28,-25.0,-1,266.000,-0.0996,0.288
kp25 run1.txt,28,-25.0,-1,267.000,-0.0985,0.316
kp25 run1.txt,28,-25.0,-1,268.000,-0.1003,-0.266
kp25 run1.txt,28,-25.0,-1,269.000,-0.0999,0.279
kp25 run1.txt,28,-25.0,-1,270.000,-0.0996,0.288
kp25 run1.txt,28,-25.0,-1,271.000,-0.0999,0.279
kp25 run1.txt,28,-25.0,-1,272.000,-0.1006,-0.275
kp25 run1.txt,28,-25.0,-1,273.000,-0.0966,0.361
kp25 run1.txt,28,-25.0,-1,274.000,-0.1058,-0.403
kp25 run1.txt,28,-25.0,-1,275.000,-0.1014,-0.293
kp25 run1.txt,28,-25.0,-1,276.000,-0.0999,0.279
kp25 run1.txt,28,-25.0,-1,277.000,-0.1006,-0.275
kp25 run1.txt,28,-25.0,-1,278.000,-0.1014,-0.293
kp25 run1.txt,28,-25.0,-1,279.000,-0.0996,0.288
kp25 run1.txt,28,-25.0,-1,280.000,-0.101,-0.284
kp25 run1.txt,28,-25.0,-1,281.000,-0.0996,0.288
kp25 run1.txt,28,-25.0,-1,282.000,-0.1061,-0.412
kp25 run1.txt,28,-25.0,-1,283.000,-0.0955,0.388
kp25 run1.txt,28,-25.0,-1,284.000,-0.0937,0.434
kp25 run1.txt,28,-25.0,-1,285.000,-0.1006,-0.275
kp25 run1.txt,28,-25.0,-1,286.000,-0.1006,-0.275
kp25 run1.txt,28,-25.0,-1,287.000,-0.1014,-0.293
kp25 run1.txt,28,-25.0,-1,288.000,-0.1021,-0.312
kp25 run1.txt,28,-25.0,-1,289.000,-0.0996,0.288
kp25 run1.txt,28,-25.0,-1,290.000,-0.1021,-0.312
kp25 run1.txt,28,-25.0,-1,291.000,-0.1003,-0.266
kp25 run1.txt,28,-25.0,-1,292.000,-0.1014,-0.293
kp25 run1.txt,28,-25.0,-1,293.000,-0.1006,-0.275
kp25 run1.txt,28,-25.0,-1,294.000,-0.1028,-0.33
kp25 run1.txt,28,-25.0,-1,295.000,-0.0992,0.297
kp25 run1.txt,28,-25.0,-1,296.000,-0.1145,-0.621
kp25 run1.txt,28,-25.0,-1,297.000,-0.0992,0.297
kp25 run1.txt,28,-25.0,-1,298.000,-0.0981,0.325
kp25 run1.txt,28,-25.0,-1,299.000,-0.1021,-0.312
kp25 run1.txt,28,-25.0,-1,300.000,-0.0934,0.443
kp25 run1.txt,28,-25.0,-1,301.000,-0.0985,0.316
kp25 run1.txt,28,-25.0,-1,302.000,-0.1083,-0.467
kp25 run1.txt,28,-25.0,-1,303.000,-0.1014,-0.293
kp25 run1.txt,28,-25.0,-1,304.000,-0.0996,0.288
kp25 run1.txt,28,-25.0,-1,305.000,-0.1112,-0.539
kp25 run1.txt,28,-25.0,-1,306.000,-0.1014,-0.293
kp25 run1.txt,28,-25.0,-1,307.000,-0.0992,0.297
kp25 run1.txt,28,-25.0,-1,308.000,-0.0759,0.881
kp25 run1.txt,28,-25.0,-1,309.000,-0.0955,0.388
kp25 run1.txt,28,-25.0,-1,310.000,-0.0999,0.279
kp25 run1.txt,28,-25.0,-1,311.000,-0.0996,0.288
kp25 run1.txt,28,-25.0,-1,312.000,-0.0992,0.297
kp25 run1.txt,28,-25.0,-1,313.000,-0.1014,-0.293
kp25 run1.txt,28,-25.0,-1,314.000,-0.1054,-0.394
kp25 run1.txt,28,-25.0,-1,315.000,-0.0985,0.316
kp25 run1.txt,28,-25.0,-1,316.000,-0.1109,-0.53
kp25 run1.txt,28,-25.0,-1,317.000,-0.097,0.352
kp25 run1.txt,28,-25.0,-1,318.000,-0.0977,0.334
kp25 run1.txt,28,-25.0,-1,319.000,-0.0999,0.279
kp25 run1.txt,28,-25.0,-1,320.000,-0.0955,0.388
kp25 run1.txt,28,-25.0,-1,321.000,-0.0985,0.316
kp25 run1.txt,28,-25.0,-1,322.000,-0.0996,0.288
kp25 run1.txt,28,-25.0,-1,323.000,-0.1006,-0.275
kp25 run1.txt,28,-25.0,-1,324.000,-0.0999,0.279
kp25 run1.txt,28,-25.0,-1,325.000,-0.1006,-0.275
kp25 run1.txt,28,-25.0,-1,326.000,-0.105,-0.385
kp25 run1.txt,28,-25.0,-1,327.000,-0.0992,0.297
kp25 run1.txt,28,-25.0,-1,328.000,-0.0977,0.334
kp25 run1.txt,28,-25.0,-1,329.000,-0.1006,-0.275
kp25 run1.txt,28,-25.0,-1,330.000,-0.1043,-0.366
kp25 run1.txt,28,-25.0,-1,331.000,-0.1025,-0.321
kp25 run1.txt,28,-25.0,-1,332.000,-0.1006,-0.275
kp25 run1.txt,28,-25.0,-1,333.000,-0.1014,-0.293
kp25 run1.txt,28,-25.0,-1,334.000,-0.0948,0.407
kp25 run1.txt,28,-25.0,-1,335.000,-0.1021,-0.312
kp25 run1.txt,28,-25.0,-1,336.000,-0.0999,0.279
kp25 run1.txt,28,-25.0,-1,337.000,-0.097,0.352
kp25 run1.txt,28,-25.0,-1,338.000,-0.1014,-0.293
kp25 run1.txt,28,-25.0,-1,339.000,-0.0992,0.297
kp25 run1.txt,28,-25.0,-1,340.000,-0.0996,0.288
kp25 run1.txt,28,-25.0,-1,341.000,-0.0966,0.361
kp25 run1.txt,28,-25.0,-1,342.000,-0.1006,-0.275
kp25 run1.txt,28,-25.0,-1,343.000,-0.1006,-0.275
kp25 run1.txt,28,-25.0,-1,344.000,-0.1025,-0.321
kp25 run1.txt,28,-25.0,-1,345.000,-0.1021,-0.312
kp25 run1.txt,28,-25.0,-1,346.000,-0.0904,0.516
kp25 run1.txt,28,-25.0,-1,347.000,-0.1087,-0.476
kp25 run1.txt,28,-25.0,-1,348.000,-0.0996,0.288
kp25 run1.txt,28,-25.0,-1,349.000,-0.1014,-0.293
kp25 run1.txt,28,-25.0,-1,350.000,-0.1021,-0.312
kp25 run1.txt,28,-25.0,-1,351.000,-0.0999,0.279
kp25 run1.txt,28,-25.0,-1,352.000,-0.1025,-0.321
kp25 run1.txt,28,-25.0,-1,353.000,-0.1006,-0.275
kp25 run1.txt,28,-25.0,-1,354.000,-0.1014,-0.293
kp25 run1.txt,28,-25.0,-1,355.000,-0.1036,-0.348
kp25 run1.txt,28,-25.0,-1,356.000,-0.1021,-0.312
kp25 run1.txt,28,-25.0,-1,357.000,-0.1006,-0.275
kp25 run1.txt,28,-25.0,-1,358.000,-0.097,0.352
kp25 run1.txt,28,-25.0,-1,359.000,-0.1028,-0.33
kp25 run1.txt,28,-25.0,-1,360.000,-0.0996,0.288
kp25 run1.txt,28,-25.0,-1,361.000,-0.0996,0.288
kp25 run1.txt,28,-25.0,-1,362.000,-0.0883,0.571
kp25 run1.txt,28,-25.0,-1,363.000,-0.0999,0.279
kp25 run1.txt,28,-25.0,-1,364.000,-0.0985,0.316
kp25 run1.txt,28,-25.0,-1,365.000,-0.0992,0.297
kp25 run1.txt,28,-25.0,-1,366.000,-0.1006,-0.275
kp25 run1.txt,28,-25.0,-1,367.000,-0.1006,-0.275
kp25 run1.txt,28,-25.0,-1,368.000,-0.105,-0.385
kp25 run1.txt,28,-25.0,-1,369.000,-0.0985,0.316
kp25 run1.txt,28,-25.0,-1,370.000,-0.1028,-0.33
kp25 run1.txt,28,-25.0,-1,371.000,-0.1014,-0.293
kp25 run1.txt,28,-25.0,-1,372.000,-0.1006,-0.275
kp25 run1.txt,28,-25.0,-1,373.000,-0.0992,0.297
kp25 run1.txt,28,-25.0,-1,374.000,-0.0966,0.361
kp25 run1.txt,28,-25.0,-1,375.000,-0.1043,-0.366
kp25 run1.txt,28,-25.0,-1,376.000,-0.0996,0.288
kp25 run1.txt,28,-25.0,-1,377.000,-0.1017,-0.303
kp25 run1.txt,28,-25.0,-1,378.000,-0.0948,0.407
kp25 run1.txt,28,-25.0,-1,379.000,-0.0977,0.334
kp25 run1.txt,28,-25.0,-1,380.000,-0.1017,-0.303
kp25 run1.txt,28,-25.0,-1,381.000,-0.0977,0.334
kp25 run1.txt,28,-25.0,-1,382.000,-0.0999,0.279
kp25 run1.txt,28,-25.0,-1,383.000,-0.0999,0.279
kp25 run1.txt,28,-25.0,-1,384.000,-0.0999,0.279
kp25 run1.txt,28,-25.0,-1,385.000,-0.1014,-0.293
kp25 run1.txt,28,-25.0,-1,386.000,-0.0992,0.297
kp25 run1.txt,28,-25.0,-1,387.000,-0.0948,0.407
kp25 run1.txt,28,-25.0,-1,388.000,-0.089,0.552
kp25 run1.txt,28,-25.0,-1,389.000,-0.0996,0.288
kp25 run1.txt,28,-25.0,-1,390.000,-0.0985,0.316
kp25 run1.txt,28,-25.0,-1,391.000,-0.1006,-0.275
kp25 run1.txt,28,-25.0,-1,392.000,-0.0985,0.316
kp25 run1.txt,28,-25.0,-1,393.000,-0.1003,-0.266
kp25 run1.txt,28,-25.0,-1,394.000,-0.1014,-0.293
kp25 run1.txt,28,-25.0,-1,395.000,-0.1017,-0.303
kp25 run1.txt,28,-25.0,-1,396.000,-0.0948,0.407
kp25 run1.txt,28,-25.0,-1,397.000,-0.1065,-0.421
kp25 run1.txt,28,-25.0,-1,398.000,-0.1014,-0.293
kp25 run1.txt,28,-25.0,-1,399.000,-0.1006,-0.275
kp25 run1.txt,28,-25.0,-1,400.000,-0.1006,-0.275
kp25 run1.txt,28,-25.0,-1,401.000,-0.0985,0.316
kp25 run1.txt,28,-25.0,-1,402.000,-0.1006,-0.275
kp25 run1.txt,28,-25.0,-1,403.000,-0.0999,0.279
kp25 run1.txt,28,-25.0,-1,404.000,-0.1006,-0.275
kp25 run1.txt,28,-25.0,-1,405.000,-0.0999,0.279
kp25 run1.txt,28,-25.0,-1,406.000,-0.1028,-0.33
kp25 run1.txt,28,-25.0,-1,407.000,-0.0992,0.297
kp25 run1.txt,28,-25.0,-1,408.000,-0.0977,0.334
kp25 run1.txt,28,-25.0,-1,409.000,-0.0977,0.334
kp25 run1.txt,28,-25.0,-1,410.000,-0.1021,-0.312
kp25 run1.txt,28,-25.0,-1,411.000,-0.0996,0.288
kp25 run1.txt,28,-25.0,-1,412.000,-0.1014,-0.293
kp25 run1.txt,28,-25.0,-1,413.000,-0.1014,-0.293
kp25 run1.txt,28,-25.0,-1,414.000,-0.0996,0.288
kp25 run1.txt,28,-25.0,-1,415.000,-0.1043,-0.366
kp25 run1.txt,28,-25.0,-1,416.000,-0.0992,0.297
kp25 run1.txt,28,-25.0,-1,417.000,-0.101,-0.284
kp25 run1.txt,28,-25.0,-1,418.000,-0.1021,-0.312
kp25 run1.txt,28,-25.0,-1,419.000,-0.0977,0.334
kp25 run1.txt,28,-25.0,-1,420.000,-0.0999,0.279
kp25 run1.txt,28,-25.0,-1,421.000,-0.1014,-0.293
kp25 run1.txt,28,-25.0,-1,422.000,-0.1014,-0.293
kp25 run1.txt,28,-25.0,-1,423.000,-0.0985,0.316
kp25 run1.txt,28,-25.0,-1,424.000,-0.0955,0.388
kp25 run1.txt,28,-25.0,-1,425.000,-0.0952,0.398
kp25 run1.txt,28,-25.0,-1,426.000,-0.0926,0.461
kp25 run1.txt,28,-25.0,-1,427.000,-0.1006,-0.275
kp25 run1.txt,28,-25.0,-1,428.000,-0.0992,0.297
kp25 run1.txt,28,-25.0,-1,429.000,-0.1021,-0.312
kp25 run1.txt,28,-25.0,-1,430.000,-0.0966,0.361
kp25 run1.txt,28,-25.0,-1,431.000,-0.0996,0.288
kp25 run1.txt,28,-25.0,-1,432.000,-0.1006,-0.275
kp25 run1.txt,28,-25.0,-1,433.000,-0.1006,-0.275
kp25 run1.txt,28,-25.0,-1,434.000,-0.1025,-0.321
kp25 run1.txt,28,-25.0,-1,435.000,-0.0992,0.297
kp25 run1.txt,28,-25.0,-1,436.000,-0.0992,0.297
kp25 run1.txt,28,-25.0,-1,437.000,-0.1119,-0.558
kp25 run1.txt,28,-25.0,-1,438.000,-0.1006,-0.275
kp25 run1.txt,28,-25.0,-1,439.000,-0.1006,-0.275
kp25 run1.txt,28,-25.0,-1,440.000,-0.101,-0.284
kp25 run1.txt,28,-25.0,-1,441.000,-0.0977,0.334
kp25 run1.txt,28,-25.0,-1,442.000,-0.1006,-0.275
kp25 run1.txt,28,-25.0,-1,443.000,-0.1021,-0.312
kp25 run1.txt,28,-25.0,-1,444.000,-0.0996,0.288
kp25 run1.txt,28,-25.0,-1,445.000,-0.0999,0.279
kp25 run1.txt,28,-25.0,-1,446.000,-0.0999,0.279
kp25 run1.txt,28,-25.0,-1,447.000,-0.0985,0.316
kp25 run1.txt,28,-25.0,-1,448.000,-0.1014,-0.293
kp25 run1.txt,28,-25.0,-1,449.000,-0.1006,-0.275
kp25 run1.txt,28,-25.0,-1,450.000,-0.1025,-0.321
kp25 run1.txt,28,-25.0,-1,451.000,-0.1021,-0.312
kp25 run1.txt,28,-25.0,-1,452.000,-0.1014,-0.293
kp25 run1.txt,28,-25.0,-1,453.000,-0.1079,-0.457
kp25 run1.txt,28,-25.0,-1,454.000,-0.0974,0.343
kp25 run1.txt,28,-25.0,-1,455.000,-0.0985,0.316
kp25 run1.txt,28,-25.0,-1,456.000,-0.0992,0.297
kp25 run1.txt,28,-25.0,-1,457.000,-0.1014,-0.293
kp25 run1.txt,28,-25.0,-1,458.000,-0.1014,-0.293
kp25 run1.txt,28,-25.0,-1,459.000,-0.1006,-0.275
kp25 run1.txt,28,-25.0,-1,460.000,-0.1014,-0.293
kp25 run1.txt,28,-25.0,-1,461.000,-0.0999,0.279
kp25 run1.txt,28,-25.0,-1,462.000,-0.0992,0.297
kp25 run1.txt,28,-25.0,-1,463.000,-0.1006,-0.275
kp25 run1.txt,28,-25.0,-1,464.000,-0.0963,0.37
kp25 run1.txt,28,-25.0,-1,465.000,-0.0999,0.279
kp25 run1.txt,28,-25.0,-1,466.000,-0.0999,0.279
kp25 run1.txt,28,-25.0,-1,467.000,-0.1021,-0.312
kp25 run1.txt,28,-25.0,-1,468.000,-0.1006,-0.275
kp25 run1.txt,28,-25.0,-1,469.000,-0.1006,-0.275
kp25 run1.txt,28,-25.0,-1,470.000,-0.0992,0.297
kp25 run1.txt,28,-25.0,-1,471.000,-0.1021,-0.312
kp25 run1.txt,28,-25.0,-1,472.000,-0.1014,-0.293
kp25 run1.txt,28,-25.0,-1,473.000,-0.1006,-0.275
kp25 run1.txt,28,-25.0,-1,474.000,-0.0897,0.534
kp25 run1.txt,28,-25.0,-1,475.000,-0.0992,0.297
kp25 run1.txt,28,-25.0,-1,476.000,-0.1021,-0.312
kp25 run1.txt,28,-25.0,-1,477.000,-0.1006,-0.275
kp25 run1.txt,28,-25.0,-1,478.000,-0.1058,-0.403
kp25 run1.txt,28,-25.0,-1,479.000,-0.0992,0.297
kp25 run1.txt,28,-25.0,-1,480.000,-0.1006,-0.275
kp25 run1.txt,28,-25.0,-1,481.000,-0.0996,0.288
kp25 run1.txt,28,-25.0,-1,482.000,-0.1006,-0.275
kp25 run1.txt,28,-25.0,-1,483.000,-0.0992,0.297
kp25 run1.txt,28,-25.0,-1,484.000,-0.0977,0.334
kp25 run1.txt,28,-25.0,-1,485.000,-0.0985,0.316
kp25 run1.txt,28,-25.0,-1,486.000,-0.1006,-0.275
kp25 run1.txt,28,-25.0,-1,487.000,-0.097,0.352
kp25 run1.txt,28,-25.0,-1,488.000,-0.1021,-0.312
kp25 run1.txt,28,-25.0,-1,489.000,-0.1014,-0.293
kp25 run1.txt,28,-25.0,-1,490.000,-0.1079,-0.457
kp25 run1.txt,28,-25.0,-1,491.000,-0.1021,-0.312
kp25 run1.txt,28,-25.0,-1,492.000,-0.1036,-0.348
kp25 run1.txt,28,-25.0,-1,493.000,-0.1036,-0.348
kp25 run1.txt,28,-25.0,-1,494.000,-0.0992,0.297
kp25 run1.txt,28,-25.0,-1,495.000,-0.0985,0.316
kp25 run1.txt,28,-25.0,-1,496.000,-0.1014,-0.293
kp25 run1.txt,28,-25.0,-1,497.000,-0.0999,0.279
kp25 run1.txt,28,-25.0,-1,498.000,-0.1014,-0.293
kp25 run1.txt,28,-25.0,-1,499.000,-0.0985,0.316
kp25 run1.txt,28,-25.0,-1,500.000,-0.105,-0.385
kp25 run1.txt,28,-25.0,-1,501.000,-0.0981,0.325
kp25 run1.txt,28,-25.0,-1,502.000,-0.1006,-0.275
kp25 run1.txt,28,-25.0,-1,503.000,-0.1014,-0.293
kp25 run1.txt,28,-25.0,-1,504.000,-0.1014,-0.293
kp25 run1.txt,28,-25.0,-1,505.000,-0.1021,-0.312
kp25 run1.txt,28,-25.0,-1,506.000,-0.0999,0.279
kp25 run1.txt,28,-25.0,-1,507.000,-0.1021,-0.312
kp25 run1.txt,28,-25.0,-1,508.000,-0.0985,0.316
kp25 run1.txt,28,-25.0,-1,509.000,-0.0985,0.316
kp25 run1.txt,28,-25.0,-1,510.000,-0.0992,0.297
kp25 run1.txt,28,-25.0,-1,511.000,-0.1021,-0.312
kp25 run1.txt,28,-25.0,-1,512.000,-0.1006,-0.275
kp25 run1.txt,28,-25.0,-1,513.000,-0.0992,0.297
kp25 run1.txt,28,-25.0,-1,514.000,-0.1058,-0.403
kp25 run1.txt,28,-25.0,-1,515.000,-0.0985,0.316
kp25 run1.txt,28,-25.0,-1,516.000,-0.0999,0.279
kp25 run1.txt,28,-25.0,-1,517.000,-0.1014,-0.293
kp25 run1.txt,28,-25.0,-1,518.000,-0.0999,0.279
kp25 run1.txt,28,-25.0,-1,519.000,-0.1021,-0.312
kp25 run1.txt,28,-25.0,-1,520.000,-0.0996,0.288
kp25 run1.txt,28,-25.0,-1,521.000,-0.0926,0.461
kp25 run1.txt,28,-25.0,-1,522.000,-0.1014,-0.293
kp25 run1.txt,28,-25.0,-1,523.000,-0.0992,0.297
kp25 run1.txt,28,-25.0,-1,524.000,-0.1014,-0.293
kp25 run1.txt,28,-25.0,-1,525.000,-0.1021,-0.312
kp25 run1.txt,28,-25.0,-1,526.000,-0.1006,-0.275
kp25 run1.txt,28,-25.0,-1,527.000,-0.1006,-0.275
kp25 run1.txt,28,-25.0,-1,528.000,-0.1003,-0.266
kp25 run1.txt,28,-25.0,-1,529.000,-0.0974,0.343
kp25 run1.txt,28,-25.0,-1,530.000,-0.0992,0.297
kp25 run1.txt,28,-25.0,-1,531.000,-0.1006,-0.275
kp25 run1.txt,28,-25.0,-1,532.000,-0.1006,-0.275
kp25 run1.txt,28,-25.0,-1,533.000,-0.1014,-0.293
kp25 run1.txt,28,-25.0,-1,534.000,-0.1025,-0.321
kp25 run1.txt,28,-25.0,-1,535.000,-0.0996,0.288
kp25 run1.txt,28,-25.0,-1,536.000,-0.0992,0.297
kp25 run1.txt,28,-25.0,-1,537.000,-0.1021,-0.312
kp25 run1.txt,28,-25.0,-1,538.000,-0.1094,-0.494
kp25 run1.txt,28,-25.0,-1,539.000,-0.1014,-0.293
kp25 run1.txt,28,-25.0,-1,540.000,-0.0992,0.297
kp25 run1.txt,28,-25.0,-1,541.000,-0.0992,0.297
kp25 run1.txt,28,-25.0,-1,542.000,-0.1014,-0.293
kp25 run1.txt,28,-25.0,-1,543.000,-0.1006,-0.275
kp25 run1.txt,28,-25.0,-1,544.000,-0.0992,0.297
kp25 run1.txt,28,-25.0,-1,545.000,-0.1014,-0.293
kp25 run1.txt,28,-25.0,-1,546.000,-0.0963,0.37
kp25 run1.txt,28,-25.0,-1,547.000,-0.1014,-0.293
kp25 run1.txt,28,-25.0,-1,548.000,-0.1006,-0.275
kp25 run1.txt,28,-25.0,-1,549.000,-0.1021,-0.312
kp25 run1.txt,28,-25.0,-1,550.000,-0.0996,0.288
kp25 run1.txt,28,-25.0,-1,551.000,-0.0992,0.297
kp25 run1.txt,28,-25.0,-1,552.000,-0.1021,-0.312
kp25 run1.txt,28,-25.0,-1,553.000,-0.0985,0.316
kp25 run1.txt,28,-25.0,-1,554.000,-0.0988,0.306
kp25 run1.txt,28,-25.0,-1,555.000,-0.1006,-0.275
kp25 run1.txt,28,-25.0,-1,556.000,-0.1014,-0.293
kp25 run1.txt,28,-25.0,-1,557.000,-0.0985,0.316
kp25 run1.txt,28,-25.0,-1,558.000,-0.0974,0.343
kp25 run1.txt,28,-25.0,-1,559.000,-0.0985,0.316
kp25 run1.txt,28,-25.0,-1,560.000,-0.1014,-0.293
kp25 run1.txt,28,-25.0,-1,561.000,-0.1036,-0.348
kp25 run1.txt,28,-25.0,-1,562.000,-0.0985,0.316
kp25 run1.txt,28,-25.0,-1,563.000,-0.1003,-0.266
kp25 run1.txt,28,-25.0,-1,564.000,-0.1043,-0.366
kp25 run1.txt,28,-25.0,-1,565.000,-0.1006,-0.275
kp25 run1.txt,28,-25.0,-1,566.000,-0.0992,0.297
kp25 run1.txt,28,-25.0,-1,567.000,-0.0996,0.288
kp25 run1.txt,28,-25.0,-1,568.000,-0.0992,0.297
kp25 run1.txt,28,-25.0,-1,569.000,-0.0999,0.279
kp25 run1.txt,28,-25.0,-1,570.000,-0.1014,-0.293
kp25 run1.txt,28,-25.0,-1,571.000,-0.0999,0.279
kp25 run1.txt,28,-25.0,-1,572.000,-0.0992,0.297
kp25 run1.txt,28,-25.0,-1,573.000,-0.0996,0.288
kp25 run1.txt,28,-25.0,-1,574.000,-0.0985,0.316
kp25 run1.txt,28,-25.0,-1,575.000,-0.0996,0.288
kp25 run1.txt,28,-25.0,-1,576.000,-0.0999,0.279
kp25 run1.txt,28,-25.0,-1,577.000,-0.0999,0.279
kp25 run1.txt,28,-25.0,-1,578.000,-0.0985,0.316
kp25 run1.txt,28,-25.0,-1,579.000,-0.0999,0.279
kp25 run1.txt,28,-25.0,-1,580.000,-0.0992,0.297
kp25 run1.txt,28,-25.0,-1,581.000,-0.1014,-0.293
kp25 run1.txt,28,-25.0,-1,582.000,-0.1006,-0.275
kp25 run1.txt,28,-25.0,-1,583.000,-0.1025,-0.321
kp25 run1.txt,28,-25.0,-1,584.000,-0.1006,-0.275
kp25 run1.txt,28,-25.0,-1,585.000,-0.1028,-0.33
kp25 run1.txt,28,-25.0,-1,586.000,-0.105,-0.385
kp25 run1.txt,28,-25.0,-1,587.000,-0.1036,-0.348
kp25 run1.txt,28,-25.0,-1,588.000,-0.0996,0.288
kp25 run1.txt,28,-25.0,-1,589.000,-0.0992,0.297
kp25 run1.txt,28,-25.0,-1,590.000,-0.1058,-0.403
kp25 run1.txt,28,-25.0,-1,591.000,-0.1006,-0.275
kp25 run1.txt,28,-25.0,-1,592.000,-0.1036,-0.348
kp25 run1.txt,28,-25.0,-1,593.000,-0.1006,-0.275
kp25 run1.txt,28,-25.0,-1,594.000,-0.1021,-0.312
kp25 run1.txt,28,-25.0,-1,595.000,-0.1021,-0.312
kp25 run1.txt,28,-25.0,-1,596.000,-0.1006,-0.275
kp25 run1.txt,28,-25.0,-1,597.000,-0.0985,0.316
kp25 run1.txt,28,-25.0,-1,598.000,-0.0955,0.388
kp25 run1.txt,28,-25.0,-1,599.000,-0.1083,-0.467
kp25 run1.txt,29,-25.0,-1,0.000,0.0991,5.255
kp25 run1.txt,29,-25.0,-1,1.000,0.102,5.328
kp25 run1.txt,29,-25.0,-1,2.000,0.0998,5.273
kp25 run1.txt,29,-25.0,-1,3.000,0.0987,5.246
kp25 run1.txt,29,-25.0,-1,4.000,0.0958,5.173
kp25 run1.txt,29,-25.0,-1,5.000,0.0962,5.182
kp25 run1.txt,29,-25.0,-1,6.000,0.0951,5.154
kp25 run1.txt,29,-25.0,-1,7.000,0.0911,5.054
kp25 run1.txt,29,-25.0,-1,8.000,0.0904,5.036
kp25 run1.txt,29,-25.0,-1,9.000,0.0878,4.972
kp25 run1.txt,29,-25.0,-1,10.000,0.086,4.927
kp25 run1.txt,29,-25.0,-1,11.000,0.0823,4.836
kp25 run1.txt,29,-25.0,-1,12.000,0.0765,4.69
kp25 run1.txt,29,-25.0,-1,13.000,0.0729,4.599
kp25 run1.txt,29,-25.0,-1,14.000,0.0627,4.343
kp25 run1.txt,29,-25.0,-1,15.000,0.0619,4.325
kp25 run1.txt,29,-25.0,-1,16.000,0.059,4.252
kp25 run1.txt,29,-25.0,-1,17.000,0.055,4.152
kp25 run1.txt,29,-25.0,-1,18.000,0.0525,4.088
kp25 run1.txt,29,-25.0,-1,19.000,0.0492,4.006
kp25 run1.txt,29,-25.0,-1,20.000,0.043,3.851
kp25 run1.txt,29,-25.0,-1,21.000,0.0408,3.797
kp25 run1.txt,29,-25.0,-1,22.000,0.0328,3.596
kp25 run1.txt,29,-25.0,-1,23.000,0.0299,3.523
kp25 run1.txt,29,-25.0,-1,24.000,0.0262,3.432
kp25 run1.txt,29,-25.0,-1,25.000,-0.0062,2.621
kp25 run1.txt,29,-25.0,-1,26.000,0.0153,3.159
kp25 run1.txt,29,-25.0,-1,27.000,0.0131,3.104
kp25 run1.txt,29,-25.0,-1,28.000,0.0087,2.995
kp25 run1.txt,29,-25.0,-1,29.000,0.0036,2.867
kp25 run1.txt,29,-25.0,-1,30.000,-0.0037,2.685
kp25 run1.txt,29,-25.0,-1,31.000,-0.0121,2.475
kp25 run1.txt,29,-25.0,-1,32.000,-0.0168,2.357
kp25 run1.txt,29,-25.0,-1,33.000,-0.0205,2.266
kp25 run1.txt,29,-25.0,-1,34.000,-0.0146,2.411
kp25 run1.txt,29,-25.0,-1,35.000,-0.0314,1.992
kp25 run1.txt,29,-25.0,-1,36.000,-0.0365,1.865
kp25 run1.txt,29,-25.0,-1,37.000,-0.0387,1.81
kp25 run1.txt,29,-25.0,-1,38.000,-0.0307,2.011
kp25 run1.txt,29,-25.0,-1,39.000,-0.0471,1.6
kp25 run1.txt,29,-25.0,-1,40.000,-0.0525,1.464
kp25 run1.txt,29,-25.0,-1,41.000,-0.0613,1.245
kp25 run1.txt,29,-25.0,-1,42.000,-0.0576,1.336
kp25 run1.txt,29,-25.0,-1,43.000,-0.0671,1.099
kp25 run1.txt,29,-25.0,-1,44.000,-0.07,1.026
kp25 run1.txt,29,-25.0,-1,45.000,-0.0762,0.871
kp25 run1.txt,29,-25.0,-1,46.000,-0.0788,0.808
kp25 run1.txt,29,-25.0,-1,47.000,-0.0839,0.68
kp25 run1.txt,29,-25.0,-1,48.000,-0.0832,0.698
kp25 run1.txt,29,-25.0,-1,49.000,-0.0919,0.48
kp25 run1.txt,29,-25.0,-1,50.000,-0.0963,0.37
kp25 run1.txt,29,-25.0,-1,51.000,-0.0985,0.316
kp25 run1.txt,29,-25.0,-1,52.000,-0.1021,-0.312
kp25 run1.txt,29,-25.0,-1,53.000,-0.1043,-0.366
kp25 run1.txt,29,-25.0,-1,54.000,-0.1072,-0.439
kp25 run1.txt,29,-25.0,-1,55.000,-0.1181,-0.713
kp25 run1.txt,29,-25.0,-1,56.000,-0.1138,-0.603
kp25 run1.txt,29,-25.0,-1,57.000,-0.1112,-0.539
kp25 run1.txt,29,-25.0,-1,58.000,-0.1189,-0.731
kp25 run1.txt,29,-25.0,-1,59.000,-0.1196,-0.749
kp25 run1.txt,29,-25.0,-1,60.000,-0.124,-0.858
kp25 run1.txt,29,-25.0,-1,61.000,-0.1247,-0.877
kp25 run1.txt,29,-25.0,-1,62.000,-0.1262,-0.913
kp25 run1.txt,29,-25.0,-1,63.000,-0.1276,-0.95
kp25 run1.txt,29,-25.0,-1,64.000,-0.1309,-1.032
kp25 run1.txt,29,-25.0,-1,65.000,-0.1258,-0.904
kp25 run1.txt,29,-25.0,-1,66.000,-0.1313,-1.041
kp25 run1.txt,29,-25.0,-1,67.000,-0.1262,-0.913
kp25 run1.txt,29,-25.0,-1,68.000,-0.1305,-1.022
kp25 run1.txt,29,-25.0,-1,69.000,-0.1335,-1.095
kp25 run1.txt,29,-25.0,-1,70.000,-0.132,-1.059
kp25 run1.txt,29,-25.0,-1,71.000,-0.1342,-1.114
kp25 run1.txt,29,-25.0,-1,72.000,-0.1386,-1.223
kp25 run1.txt,29,-25.0,-1,73.000,-0.1316,-1.05
kp25 run1.txt,29,-25.0,-1,74.000,-0.1335,-1.095
kp25 run1.txt,29,-25.0,-1,75.000,-0.1349,-1.132
kp25 run1.txt,29,-25.0,-1,76.000,-0.1353,-1.141
kp25 run1.txt,29,-25.0,-1,77.000,-0.1342,-1.114
kp25 run1.txt,29,-25.0,-1,78.000,-0.1342,-1.114
kp25 run1.txt,29,-25.0,-1,79.000,-0.1393,-1.241
kp25 run1.txt,29,-25.0,-1,80.000,-0.1342,-1.114
kp25 run1.txt,29,-25.0,-1,81.000,-0.1342,-1.114
kp25 run1.txt,29,-25.0,-1,82.000,-0.1345,-1.123
kp25 run1.txt,29,-25.0,-1,83.000,-0.1349,-1.132
kp25 run1.txt,29,-25.0,-1,84.000,-0.1393,-1.241
kp25 run1.txt,29,-25.0,-1,85.000,-0.1342,-1.114
kp25 run1.txt,29,-25.0,-1,86.000,-0.148,-1.46
kp25 run1.txt,29,-25.0,-1,87.000,-0.132,-1.059
kp25 run1.txt,29,-25.0,-1,88.000,-0.1324,-1.068
kp25 run1.txt,29,-25.0,-1,89.000,-0.1284,-0.968
kp25 run1.txt,29,-25.0,-1,90.000,-0.1316,-1.05
kp25 run1.txt,29,-25.0,-1,91.000,-0.1287,-0.977
kp25 run1.txt,29,-25.0,-1,92.000,-0.1287,-0.977
kp25 run1.txt,29,-25.0,-1,93.000,-0.1269,-0.931
kp25 run1.txt,29,-25.0,-1,94.000,-0.1305,-1.022
kp25 run1.txt,29,-25.0,-1,95.000,-0.1254,-0.895
kp25 run1.txt,29,-25.0,-1,96.000,-0.1269,-0.931
kp25 run1.txt,29,-25.0,-1,97.000,-0.1229,-0.831
kp25 run1.txt,29,-25.0,-1,98.000,-0.1251,-0.886
kp25 run1.txt,29,-25.0,-1,99.000,-0.1232,-0.84
kp25 run1.txt,29,-25.0,-1,100.000,-0.124,-0.858
kp25 run1.txt,29,-25.0,-1,101.000,-0.1083,-0.467
kp25 run1.txt,29,-25.0,-1,102.000,-0.1192,-0.74
kp25 run1.txt,29,-25.0,-1,103.000,-0.1171,-0.685
kp25 run1.txt,29,-25.0,-1,104.000,-0.1145,-0.621
kp25 run1.txt,29,-25.0,-1,105.000,-0.1152,-0.64
kp25 run1.txt,29,-25.0,-1,106.000,-0.116,-0.658
kp25 run1.txt,29,-25.0,-1,107.000,-0.1123,-0.567
kp25 run1.txt,29,-25.0,-1,108.000,-0.1109,-0.53
kp25 run1.txt,29,-25.0,-1,109.000,-0.1141,-0.612
kp25 run1.txt,29,-25.0,-1,110.000,-0.1058,-0.403
kp25 run1.txt,29,-25.0,-1,111.000,-0.1083,-0.467
kp25 run1.txt,29,-25.0,-1,112.000,-0.1079,-0.457
kp25 run1.txt,29,-25.0,-1,113.000,-0.1068,-0.43
kp25 run1.txt,29,-25.0,-1,114.000,-0.105,-0.385
kp25 run1.txt,29,-25.0,-1,115.000,-0.105,-0.385
kp25 run1.txt,29,-25.0,-1,116.000,-0.1043,-0.366
kp25 run1.txt,29,-25.0,-1,117.000,-0.0985,0.316
kp25 run1.txt,29,-25.0,-1,118.000,-0.1043,-0.366
kp25 run1.txt,29,-25.0,-1,119.000,-0.1028,-0.33
kp25 run1.txt,29,-25.0,-1,120.000,-0.1014,-0.293
kp25 run1.txt,29,-25.0,-1,121.000,-0.1014,-0.293
kp25 run1.txt,29,-25.0,-1,122.000,-0.0992,0.297
kp25 run1.txt,29,-25.0,-1,123.000,-0.0996,0.288
kp25 run1.txt,29,-25.0,-1,124.000,-0.0966,0.361
kp25 run1.txt,29,-25.0,-1,125.000,-0.097,0.352
kp25 run1.txt,29,-25.0,-1,126.000,-0.0963,0.37
kp25 run1.txt,29,-25.0,-1,127.000,-0.097,0.352
kp25 run1.txt,29,-25.0,-1,128.000,-0.0955,0.388
kp25 run1.txt,29,-25.0,-1,129.000,-0.0985,0.316
kp25 run1.txt,29,-25.0,-1,130.000,-0.0941,0.425
kp25 run1.txt,29,-25.0,-1,131.000,-0.0959,0.379
kp25 run1.txt,29,-25.0,-1,132.000,-0.0941,0.425
kp25 run1.txt,29,-25.0,-1,133.000,-0.0904,0.516
kp25 run1.txt,29,-25.0,-1,134.000,-0.0963,0.37
kp25 run1.txt,29,-25.0,-1,135.000,-0.0904,0.516
kp25 run1.txt,29,-25.0,-1,136.000,-0.0937,0.434
kp25 run1.txt,29,-25.0,-1,137.000,-0.0955,0.388
kp25 run1.txt,29,-25.0,-1,138.000,-0.0948,0.407
kp25 run1.txt,29,-25.0,-1,139.000,-0.0912,0.498
kp25 run1.txt,29,-25.0,-1,140.000,-0.0963,0.37
kp25 run1.txt,29,-25.0,-1,141.000,-0.0934,0.443
kp25 run1.txt,29,-25.0,-1,142.000,-0.0926,0.461
kp25 run1.txt,29,-25.0,-1,143.000,-0.0955,0.388
kp25 run1.txt,29,-25.0,-1,144.000,-0.0941,0.425
kp25 run1.txt,29,-25.0,-1,145.000,-0.0948,0.407
kp25 run1.txt,29,-25.0,-1,146.000,-0.0985,0.316
kp25 run1.txt,29,-25.0,-1,147.000,-0.0941,0.425
kp25 run1.txt,29,-25.0,-1,148.000,-0.0919,0.48
kp25 run1.txt,29,-25.0,-1,149.000,-0.0941,0.425
kp25 run1.txt,29,-25.0,-1,150.000,-0.1083,-0.467
kp25 run1.txt,29,-25.0,-1,151.000,-0.0941,0.425
kp25 run1.txt,29,-25.0,-1,152.000,-0.1079,-0.457
kp25 run1.txt,29,-25.0,-1,153.000,-0.0879,0.58
kp25 run1.txt,29,-25.0,-1,154.000,-0.0959,0.379
kp25 run1.txt,29,-25.0,-1,155.000,-0.0963,0.37
kp25 run1.txt,29,-25.0,-1,156.000,-0.0934,0.443
kp25 run1.txt,29,-25.0,-1,157.000,-0.0963,0.37
kp25 run1.txt,29,-25.0,-1,158.000,-0.0926,0.461
kp25 run1.txt,29,-25.0,-1,159.000,-0.0926,0.461
kp25 run1.txt,29,-25.0,-1,160.000,-0.0963,0.37
kp25 run1.txt,29,-25.0,-1,161.000,-0.0904,0.516
kp25 run1.txt,29,-25.0,-1,162.000,-0.0948,0.407
kp25 run1.txt,29,-25.0,-1,163.000,-0.0945,0.416
kp25 run1.txt,29,-25.0,-1,164.000,-0.0955,0.388
kp25 run1.txt,29,-25.0,-1,165.000,-0.0963,0.37
kp25 run1.txt,29,-25.0,-1,166.000,-0.0919,0.48
kp25 run1.txt,29,-25.0,-1,167.000,-0.0926,0.461
kp25 run1.txt,29,-25.0,-1,168.000,-0.0985,0.316
kp25 run1.txt,29,-25.0,-1,169.000,-0.0875,0.589
kp25 run1.txt,29,-25.0,-1,170.000,-0.0955,0.388
kp25 run1.txt,29,-25.0,-1,171.000,-0.0977,0.334
kp25 run1.txt,29,-25.0,-1,172.000,-0.0992,0.297
kp25 run1.txt,29,-25.0,-1,173.000,-0.0985,0.316
kp25 run1.txt,29,-25.0,-1,174.000,-0.0985,0.316
kp25 run1.txt,29,-25.0,-1,175.000,-0.097,0.352
kp25 run1.txt,29,-25.0,-1,176.000,-0.0992,0.297
kp25 run1.txt,29,-25.0,-1,177.000,-0.0999,0.279
kp25 run1.txt,29,-25.0,-1,178.000,-0.1003,-0.266
kp25 run1.txt,29,-25.0,-1,179.000,-0.1006,-0.275
kp25 run1.txt,29,-25.0,-1,180.000,-0.1043,-0.366
kp25 run1.txt,29,-25.0,-1,181.000,-0.0996,0.288
kp25 run1.txt,29,-25.0,-1,182.000,-0.0985,0.316
kp25 run1.txt,29,-25.0,-1,183.000,-0.101,-0.284
kp25 run1.txt,29,-25.0,-1,184.000,-0.1028,-0.33
kp25 run1.txt,29,-25.0,-1,185.000,-0.1032,-0.339
kp25 run1.txt,29,-25.0,-1,186.000,-0.1021,-0.312
kp25 run1.txt,29,-25.0,-1,187.000,-0.0897,0.534
kp25 run1.txt,29,-25.0,-1,188.000,-0.0985,0.316
kp25 run1.txt,29,-25.0,-1,189.000,-0.1006,-0.275
kp25 run1.txt,29,-25.0,-1,190.000,-0.1014,-0.293
kp25 run1.txt,29,-25.0,-1,191.000,-0.1021,-0.312
kp25 run1.txt,29,-25.0,-1,192.000,-0.1014,-0.293
kp25 run1.txt,29,-25.0,-1,193.000,-0.1036,-0.348
kp25 run1.txt,29,-25.0,-1,194.000,-0.1021,-0.312
kp25 run1.txt,29,-25.0,-1,195.000,-0.0992,0.297
kp25 run1.txt,29,-25.0,-1,196.000,-0.1017,-0.303
kp25 run1.txt,29,-25.0,-1,197.000,-0.1021,-0.312
kp25 run1.txt,29,-25.0,-1,198.000,-0.1021,-0.312
kp25 run1.txt,29,-25.0,-1,199.000,-0.1036,-0.348
kp25 run1.txt,29,-25.0,-1,200.000,-0.1058,-0.403
kp25 run1.txt,29,-25.0,-1,201.000,-0.1072,-0.439
kp25 run1.txt,29,-25.0,-1,202.000,-0.1043,-0.366
kp25 run1.txt,29,-25.0,-1,203.000,-0.1014,-0.293
kp25 run1.txt,29,-25.0,-1,204.000,-0.105,-0.385
kp25 run1.txt,29,-25.0,-1,205.000,-0.1014,-0.293
kp25 run1.txt,29,-25.0,-1,206.000,-0.1021,-0.312
kp25 run1.txt,29,-25.0,-1,207.000,-0.1021,-0.312
kp25 run1.txt,29,-25.0,-1,208.000,-0.1028,-0.33
kp25 run1.txt,29,-25.0,-1,209.000,-0.1006,-0.275
kp25 run1.txt,29,-25.0,-1,210.000,-0.1032,-0.339
kp25 run1.txt,29,-25.0,-1,211.000,-0.1021,-0.312
kp25 run1.txt,29,-25.0,-1,212.000,-0.0977,0.334
kp25 run1.txt,29,-25.0,-1,213.000,-0.1021,-0.312
kp25 run1.txt,29,-25.0,-1,214.000,-0.1028,-0.33
kp25 run1.txt,29,-25.0,-1,215.000,-0.1101,-0.512
kp25 run1.txt,29,-25.0,-1,216.000,-0.1043,-0.366
kp25 run1.txt,29,-25.0,-1,217.000,-0.1036,-0.348
kp25 run1.txt,29,-25.0,-1,218.000,-0.105,-0.385
kp25 run1.txt,29,-25.0,-1,219.000,-0.1072,-0.439
kp25 run1.txt,29,-25.0,-1,220.000,-0.1112,-0.539
kp25 run1.txt,29,-25.0,-1,221.000,-0.1021,-0.312
kp25 run1.txt,29,-25.0,-1,222.000,-0.1021,-0.312
kp25 run1.txt,29,-25.0,-1,223.000,-0.1021,-0.312
kp25 run1.txt,29,-25.0,-1,224.000,-0.1021,-0.312
kp25 run1.txt,29,-25.0,-1,225.000,-0.1028,-0.33
kp25 run1.txt,29,-25.0,-1,226.000,-0.1036,-0.348
kp25 run1.txt,29,-25.0,-1,227.000,-0.0999,0.279
kp25 run1.txt,29,-25.0,-1,228.000,-0.1006,-0.275
kp25 run1.txt,29,-25.0,-1,229.000,-0.0992,0.297
kp25 run1.txt,29,-25.0,-1,230.000,-0.1014,-0.293
kp25 run1.txt,29,-25.0,-1,231.000,-0.0988,0.306
kp25 run1.txt,29,-25.0,-1,232.000,-0.1006,-0.275
kp25 run1.txt,29,-25.0,-1,233.000,-0.0919,0.48
kp25 run1.txt,29,-25.0,-1,234.000,-0.0992,0.297
kp25 run1.txt,29,-25.0,-1,235.000,-0.0908,0.507
kp25 run1.txt,29,-25.0,-1,236.000,-0.1021,-0.312
kp25 run1.txt,29,-25.0,-1,237.000,-0.1021,-0.312
kp25 run1.txt,29,-25.0,-1,238.000,-0.0999,0.279
kp25 run1.txt,29,-25.0,-1,239.000,-0.0985,0.316
kp25 run1.txt,29,-25.0,-1,240.000,-0.0934,0.443
kp25 run1.txt,29,-25.0,-1,241.000,-0.0996,0.288
kp25 run1.txt,29,-25.0,-1,242.000,-0.0977,0.334
kp25 run1.txt,29,-25.0,-1,243.000,-0.0992,0.297
kp25 run1.txt,29,-25.0,-1,244.000,-0.0992,0.297
kp25 run1.txt,29,-25.0,-1,245.000,-0.1014,-0.293
kp25 run1.txt,29,-25.0,-1,246.000,-0.0977,0.334
kp25 run1.txt,29,-25.0,-1,247.000,-0.0999,0.279
kp25 run1.txt,29,-25.0,-1,248.000,-0.0992,0.297
kp25 run1.txt,29,-25.0,-1,249.000,-0.1043,-0.366
kp25 run1.txt,29,-25.0,-1,250.000,-0.0992,0.297
kp25 run1.txt,29,-25.0,-1,251.000,-0.0992,0.297
kp25 run1.txt,29,-25.0,-1,252.000,-0.1025,-0.321
kp25 run1.txt,29,-25.0,-1,253.000,-0.1006,-0.275
kp25 run1.txt,29,-25.0,-1,254.000,-0.0996,0.288
kp25 run1.txt,29,-25.0,-1,255.000,-0.1021,-0.312
kp25 run1.txt,29,-25.0,-1,256.000,-0.1014,-0.293
kp25 run1.txt,29,-25.0,-1,257.000,-0.1021,-0.312
kp25 run1.txt,29,-25.0,-1,258.000,-0.0977,0.334
kp25 run1.txt,29,-25.0,-1,259.000,-0.0999,0.279
kp25 run1.txt,29,-25.0,-1,260.000,-0.0985,0.316
kp25 run1.txt,29,-25.0,-1,261.000,-0.1028,-0.33
kp25 run1.txt,29,-25.0,-1,262.000,-0.0992,0.297
kp25 run1.txt,29,-25.0,-1,263.000,-0.0992,0.297
kp25 run1.txt,29,-25.0,-1,264.000,-0.0996,0.288
kp25 run1.txt,29,-25.0,-1,265.000,-0.0999,0.279
kp25 run1.txt,29,-25.0,-1,266.000,-0.0985,0.316
kp25 run1.txt,29,-25.0,-1,267.000,-0.0996,0.288
kp25 run1.txt,29,-25.0,-1,268.000,-0.1003,-0.266
kp25 run1.txt,29,-25.0,-1,269.000,-0.0948,0.407
kp25 run1.txt,29,-25.0,-1,270.000,-0.1014,-0.293
kp25 run1.txt,29,-25.0,-1,271.000,-0.0999,0.279
kp25 run1.txt,29,-25.0,-1,272.000,-0.0992,0.297
kp25 run1.txt,29,-25.0,-1,273.000,-0.097,0.352
kp25 run1.txt,29,-25.0,-1,274.000,-0.0992,0.297
kp25 run1.txt,29,-25.0,-1,275.000,-0.1014,-0.293
kp25 run1.txt,29,-25.0,-1,276.000,-0.0992,0.297
kp25 run1.txt,29,-25.0,-1,277.000,-0.0985,0.316
kp25 run1.txt,29,-25.0,-1,278.000,-0.0999,0.279
kp25 run1.txt,29,-25.0,-1,279.000,-0.0985,0.316
kp25 run1.txt,29,-25.0,-1,280.000,-0.0992,0.297
kp25 run1.txt,29,-25.0,-1,281.000,-0.105,-0.385
kp25 run1.txt,29,-25.0,-1,282.000,-0.0992,0.297
kp25 run1.txt,29,-25.0,-1,283.000,-0.097,0.352
kp25 run1.txt,29,-25.0,-1,284.000,-0.0996,0.288
kp25 run1.txt,29,-25.0,-1,285.000,-0.0999,0.279
kp25 run1.txt,29,-25.0,-1,286.000,-0.0952,0.398
kp25 run1.txt,29,-25.0,-1,287.000,-0.1006,-0.275
kp25 run1.txt,29,-25.0,-1,288.000,-0.1036,-0.348
kp25 run1.txt,29,-25.0,-1,289.000,-0.0897,0.534
kp25 run1.txt,29,-25.0,-1,290.000,-0.1014,-0.293
kp25 run1.txt,29,-25.0,-1,291.000,-0.0999,0.279
kp25 run1.txt,29,-25.0,-1,292.000,-0.0992,0.297
kp25 run1.txt,29,-25.0,-1,293.000,-0.0996,0.288
kp25 run1.txt,29,-25.0,-1,294.000,-0.0992,0.297
kp25 run1.txt,29,-25.0,-1,295.000,-0.1025,-0.321
kp25 run1.txt,29,-25.0,-1,296.000,-0.0996,0.288
kp25 run1.txt,29,-25.0,-1,297.000,-0.1116,-0.549
kp25 run1.txt,29,-25.0,-1,298.000,-0.0996,0.288
kp25 run1.txt,29,-25.0,-1,299.000,-0.0974,0.343
kp25 run1.txt,29,-25.0,-1,300.000,-0.1014,-0.293
kp25 run1.txt,29,-25.0,-1,301.000,-0.0977,0.334
kp25 run1.txt,29,-25.0,-1,302.000,-0.0992,0.297
kp25 run1.txt,29,-25.0,-1,303.000,-0.0963,0.37
kp25 run1.txt,29,-25.0,-1,304.000,-0.0985,0.316
kp25 run1.txt,29,-25.0,-1,305.000,-0.1017,-0.303
kp25 run1.txt,29,-25.0,-1,306.000,-0.0992,0.297
kp25 run1.txt,29,-25.0,-1,307.000,-0.0996,0.288
kp25 run1.txt,29,-25.0,-1,308.000,-0.0992,0.297
kp25 run1.txt,29,-25.0,-1,309.000,-0.0999,0.279
kp25 run1.txt,29,-25.0,-1,310.000,-0.0985,0.316
kp25 run1.txt,29,-25.0,-1,311.000,-0.1036,-0.348
kp25 run1.txt,29,-25.0,-1,312.000,-0.0999,0.279
kp25 run1.txt,29,-25.0,-1,313.000,-0.1014,-0.293
kp25 run1.txt,29,-25.0,-1,314.000,-0.0992,0.297
kp25 run1.txt,29,-25.0,-1,315.000,-0.1036,-0.348
kp25 run1.txt,29,-25.0,-1,316.000,-0.1014,-0.293
kp25 run1.txt,29,-25.0,-1,317.000,-0.0999,0.279
kp25 run1.txt,29,-25.0,-1,318.000,-0.0992,0.297
kp25 run1.txt,29,-25.0,-1,319.000,-0.089,0.552
kp25 run1.txt,29,-25.0,-1,320.000,-0.1021,-0.312
kp25 run1.txt,29,-25.0,-1,321.000,-0.0992,0.297
kp25 run1.txt,29,-25.0,-1,322.000,-0.0955,0.388
kp25 run1.txt,29,-25.0,-1,323.000,-0.0985,0.316
kp25 run1.txt,29,-25.0,-1,324.000,-0.1006,-0.275
kp25 run1.txt,29,-25.0,-1,325.000,-0.0996,0.288
kp25 run1.txt,29,-25.0,-1,326.000,-0.0996,0.288
kp25 run1.txt,29,-25.0,-1,327.000,-0.0992,0.297
kp25 run1.txt,29,-25.0,-1,328.000,-0.0985,0.316
kp25 run1.txt,29,-25.0,-1,329.000,-0.1021,-0.312
kp25 run1.txt,29,-25.0,-1,330.000,-0.0999,0.279
kp25 run1.txt,29,-25.0,-1,331.000,-0.0861,0.625
kp25 run1.txt,29,-25.0,-1,332.000,-0.1014,-0.293
kp25 run1.txt,29,-25.0,-1,333.000,-0.0992,0.297
kp25 run1.txt,29,-25.0,-1,334.000,-0.0996,0.288
kp25 run1.txt,29,-25.0,-1,335.000,-0.1021,-0.312
kp25 run1.txt,29,-25.0,-1,336.000,-0.1043,-0.366
kp25 run1.txt,29,-25.0,-1,337.000,-0.1006,-0.275
kp25 run1.txt,29,-25.0,-1,338.000,-0.1006,-0.275
kp25 run1.txt,29,-25.0,-1,339.000,-0.1006,-0.275
kp25 run1.txt,29,-25.0,-1,340.000,-0.1006,-0.275
kp25 run1.txt,29,-25.0,-1,341.000,-0.0977,0.334
kp25 run1.txt,29,-25.0,-1,342.000,-0.1014,-0.293
kp25 run1.txt,29,-25.0,-1,343.000,-0.1006,-0.275
kp25 run1.txt,29,-25.0,-1,344.000,-0.1006,-0.275
kp25 run1.txt,29,-25.0,-1,345.000,-0.0934,0.443
kp25 run1.txt,29,-25.0,-1,346.000,-0.0996,0.288
kp25 run1.txt,29,-25.0,-1,347.000,-0.1054,-0.394
kp25 run1.txt,29,-25.0,-1,348.000,-0.1014,-0.293
kp25 run1.txt,29,-25.0,-1,349.000,-0.1006,-0.275
kp25 run1.txt,29,-25.0,-1,350.000,-0.1017,-0.303
kp25 run1.txt,29,-25.0,-1,351.000,-0.1043,-0.366
kp25 run1.txt,29,-25.0,-1,352.000,-0.0985,0.316
kp25 run1.txt,29,-25.0,-1,353.000,-0.0999,0.279
kp25 run1.txt,29,-25.0,-1,354.000,-0.1014,-0.293
kp25 run1.txt,29,-25.0,-1,355.000,-0.0996,0.288
kp25 run1.txt,29,-25.0,-1,356.000,-0.1006,-0.275
kp25 run1.txt,29,-25.0,-1,357.000,-0.0999,0.279
kp25 run1.txt,29,-25.0,-1,358.000,-0.1014,-0.293
kp25 run1.txt,29,-25.0,-1,359.000,-0.0985,0.316
kp25 run1.txt,29,-25.0,-1,360.000,-0.0974,0.343
kp25 run1.txt,29,-25.0,-1,361.000,-0.1058,-0.403
kp25 run1.txt,29,-25.0,-1,362.000,-0.1014,-0.293
kp25 run1.txt,29,-25.0,-1,363.000,-0.12,-0.758
kp25 run1.txt,29,-25.0,-1,364.000,-0.0999,0.279
kp25 run1.txt,29,-25.0,-1,365.000,-0.0999,0.279
kp25 run1.txt,29,-25.0,-1,366.000,-0.1021,-0.312
kp25 run1.txt,29,-25.0,-1,367.000,-0.1047,-0.375
kp25 run1.txt,29,-25.0,-1,368.000,-0.1003,-0.266
kp25 run1.txt,29,-25.0,-1,369.000,-0.0992,0.297
kp25 run1.txt,29,-25.0,-1,370.000,-0.0992,0.297
kp25 run1.txt,29,-25.0,-1,371.000,-0.0999,0.279
kp25 run1.txt,29,-25.0,-1,372.000,-0.0996,0.288
kp25 run1.txt,29,-25.0,-1,373.000,-0.0992,0.297
kp25 run1.txt,29,-25.0,-1,374.000,-0.0999,0.279
kp25 run1.txt,29,-25.0,-1,375.000,-0.0883,0.571
kp25 run1.txt,29,-25.0,-1,376.000,-0.1006,-0.275
kp25 run1.txt,29,-25.0,-1,377.000,-0.0992,0.297
kp25 run1.txt,29,-25.0,-1,378.000,-0.0992,0.297
kp25 run1.txt,29,-25.0,-1,379.000,-0.1006,-0.275
kp25 run1.txt,29,-25.0,-1,380.000,-0.0992,0.297
kp25 run1.txt,29,-25.0,-1,381.000,-0.0996,0.288
kp25 run1.txt,29,-25.0,-1,382.000,-0.105,-0.385
kp25 run1.txt,29,-25.0,-1,383.000,-0.1014,-0.293
kp25 run1.txt,29,-25.0,-1,384.000,-0.1006,-0.275
kp25 run1.txt,29,-25.0,-1,385.000,-0.1083,-0.467
kp25 run1.txt,29,-25.0,-1,386.000,-0.0992,0.297
kp25 run1.txt,29,-25.0,-1,387.000,-0.1014,-0.293
kp25 run1.txt,29,-25.0,-1,388.000,-0.0999,0.279
kp25 run1.txt,29,-25.0,-1,389.000,-0.0985,0.316
kp25 run1.txt,29,-25.0,-1,390.000,-0.1043,-0.366
kp25 run1.txt,29,-25.0,-1,391.000,-0.1021,-0.312
kp25 run1.txt,29,-25.0,-1,392.000,-0.1021,-0.312
kp25 run1.txt,29,-25.0,-1,393.000,-0.0999,0.279
kp25 run1.txt,29,-25.0,-1,394.000,-0.0996,0.288
kp25 run1.txt,29,-25.0,-1,395.000,-0.0963,0.37
kp25 run1.txt,29,-25.0,-1,396.000,-0.0977,0.334
kp25 run1.txt,29,-25.0,-1,397.000,-0.1006,-0.275
kp25 run1.txt,29,-25.0,-1,398.000,-0.1006,-0.275
kp25 run1.txt,29,-25.0,-1,399.000,-0.1036,-0.348
kp25 run1.txt,29,-25.0,-1,400.000,-0.0992,0.297
kp25 run1.txt,29,-25.0,-1,401.000,-0.1014,-0.293
kp25 run1.txt,29,-25.0,-1,402.000,-0.1006,-0.275
kp25 run1.txt,29,-25.0,-1,403.000,-0.1072,-0.439
kp25 run1.txt,29,-25.0,-1,404.000,-0.1006,-0.275
kp25 run1.txt,29,-25.0,-1,405.000,-0.1006,-0.275
kp25 run1.txt,29,-25.0,-1,406.000,-0.1021,-0.312
kp25 run1.txt,29,-25.0,-1,407.000,-0.0985,0.316
kp25 run1.txt,29,-25.0,-1,408.000,-0.1006,-0.275
kp25 run1.txt,29,-25.0,-1,409.000,-0.0963,0.37
kp25 run1.txt,29,-25.0,-1,410.000,-0.1003,-0.266
kp25 run1.txt,29,-25.0,-1,411.000,-0.0985,0.316
kp25 run1.txt,29,-25.0,-1,412.000,-0.1021,-0.312
kp25 run1.txt,29,-25.0,-1,413.000,-0.0977,0.334
kp25 run1.txt,29,-25.0,-1,414.000,-0.0977,0.334
kp25 run1.txt,29,-25.0,-1,415.000,-0.0999,0.279
kp25 run1.txt,29,-25.0,-1,416.000,-0.0963,0.37
kp25 run1.txt,29,-25.0,-1,417.000,-0.0985,0.316
kp25 run1.txt,29,-25.0,-1,418.000,-0.1036,-0.348
kp25 run1.txt,29,-25.0,-1,419.000,-0.0985,0.316
kp25 run1.txt,29,-25.0,-1,420.000,-0.1017,-0.303
kp25 run1.txt,29,-25.0,-1,421.000,-0.0948,0.407
kp25 run1.txt,29,-25.0,-1,422.000,-0.0948,0.407
kp25 run1.txt,29,-25.0,-1,423.000,-0.1025,-0.321
kp25 run1.txt,29,-25.0,-1,424.000,-0.1036,-0.348
kp25 run1.txt,29,-25.0,-1,425.000,-0.0992,0.297
kp25 run1.txt,29,-25.0,-1,426.000,-0.0992,0.297
kp25 run1.txt,29,-25.0,-1,427.000,-0.0963,0.37
kp25 run1.txt,29,-25.0,-1,428.000,-0.1025,-0.321
kp25 run1.txt,29,-25.0,-1,429.000,-0.0996,0.288
kp25 run1.txt,29,-25.0,-1,430.000,-0.0941,0.425
kp25 run1.txt,29,-25.0,-1,431.000,-0.0966,0.361
kp25 run1.txt,29,-25.0,-1,432.000,-0.0999,0.279
kp25 run1.txt,29,-25.0,-1,433.000,-0.0985,0.316
kp25 run1.txt,29,-25.0,-1,434.000,-0.1006,-0.275
kp25 run1.txt,29,-25.0,-1,435.000,-0.1014,-0.293
kp25 run1.txt,29,-25.0,-1,436.000,-0.0985,0.316
kp25 run1.txt,29,-25.0,-1,437.000,-0.1014,-0.293
kp25 run1.txt,29,-25.0,-1,438.000,-0.1014,-0.293
kp25 run1.txt,29,-25.0,-1,439.000,-0.0999,0.279
kp25 run1.txt,29,-25.0,-1,440.000,-0.1006,-0.275
kp25 run1.txt,29,-25.0,-1,441.000,-0.0868,0.607
kp25 run1.txt,29,-25.0,-1,442.000,-0.0963,0.37
kp25 run1.txt,29,-25.0,-1,443.000,-0.1006,-0.275
kp25 run1.txt,29,-25.0,-1,444.000,-0.1003,-0.266
kp25 run1.txt,29,-25.0,-1,445.000,-0.1014,-0.293
kp25 run1.txt,29,-25.0,-1,446.000,-0.1014,-0.293
kp25 run1.txt,29,-25.0,-1,447.000,-0.0992,0.297
kp25 run1.txt,29,-25.0,-1,448.000,-0.0999,0.279
kp25 run1.txt,29,-25.0,-1,449.000,-0.0897,0.534
kp25 run1.txt,29,-25.0,-1,450.000,-0.0985,0.316
kp25 run1.txt,29,-25.0,-1,451.000,-0.0992,0.297
kp25 run1.txt,29,-25.0,-1,452.000,-0.1028,-0.33
kp25 run1.txt,29,-25.0,-1,453.000,-0.1014,-0.293
kp25 run1.txt,29,-25.0,-1,454.000,-0.1006,-0.275
kp25 run1.txt,29,-25.0,-1,455.000,-0.1025,-0.321
kp25 run1.txt,29,-25.0,-1,456.000,-0.0963,0.37
kp25 run1.txt,29,-25.0,-1,457.000,-0.0988,0.306
kp25 run1.txt,29,-25.0,-1,458.000,-0.0999,0.279
kp25 run1.txt,29,-25.0,-1,459.000,-0.0992,0.297
kp25 run1.txt,29,-25.0,-1,460.000,-0.0996,0.288
kp25 run1.txt,29,-25.0,-1,461.000,-0.0992,0.297
kp25 run1.txt,29,-25.0,-1,462.000,-0.1014,-0.293
kp25 run1.txt,29,-25.0,-1,463.000,-0.1021,-0.312
kp25 run1.txt,29,-25.0,-1,464.000,-0.0974,0.343
kp25 run1.txt,29,-25.0,-1,465.000,-0.1006,-0.275
kp25 run1.txt,29,-25.0,-1,466.000,-0.0992,0.297
kp25 run1.txt,29,-25.0,-1,467.000,-0.0985,0.316
kp25 run1.txt,29,-25.0,-1,468.000,-0.1014,-0.293
kp25 run1.txt,29,-25.0,-1,469.000,-0.0996,0.288
kp25 run1.txt,29,-25.0,-1,470.000,-0.0999,0.279
kp25 run1.txt,29,-25.0,-1,471.000,-0.1006,-0.275
kp25 run1.txt,29,-25.0,-1,472.000,-0.1021,-0.312
kp25 run1.txt,29,-25.0,-1,473.000,-0.1141,-0.612
kp25 run1.txt,29,-25.0,-1,474.000,-0.097,0.352
kp25 run1.txt,29,-25.0,-1,475.000,-0.0999,0.279
kp25 run1.txt,29,-25.0,-1,476.000,-0.1014,-0.293
kp25 run1.txt,29,-25.0,-1,477.000,-0.1014,-0.293
kp25 run1.txt,29,-25.0,-1,478.000,-0.0985,0.316
kp25 run1.txt,29,-25.0,-1,479.000,-0.1014,-0.293
kp25 run1.txt,29,-25.0,-1,480.000,-0.0955,0.388
kp25 run1.txt,29,-25.0,-1,481.000,-0.0992,0.297
kp25 run1.txt,29,-25.0,-1,482.000,-0.0996,0.288
kp25 run1.txt,29,-25.0,-1,483.000,-0.0999,0.279
kp25 run1.txt,29,-25.0,-1,484.000,-0.1021,-0.312
kp25 run1.txt,29,-25.0,-1,485.000,-0.1014,-0.293
kp25 run1.txt,29,-25.0,-1,486.000,-0.0988,0.306
kp25 run1.txt,29,-25.0,-1,487.000,-0.0999,0.279
kp25 run1.txt,29,-25.0,-1,488.000,-0.1079,-0.457
kp25 run1.txt,29,-25.0,-1,489.000,-0.1006,-0.275
kp25 run1.txt,29,-25.0,-1,490.000,-0.1014,-0.293
kp25 run1.txt,29,-25.0,-1,491.000,-0.0999,0.279
kp25 run1.txt,29,-25.0,-1,492.000,-0.1021,-0.312
kp25 run1.txt,29,-25.0,-1,493.000,-0.1006,-0.275
kp25 run1.txt,29,-25.0,-1,494.000,-0.0992,0.297
kp25 run1.txt,29,-25.0,-1,495.000,-0.1014,-0.293
kp25 run1.txt,29,-25.0,-1,496.000,-0.1021,-0.312
kp25 run1.txt,29,-25.0,-1,497.000,-0.1036,-0.348
kp25 run1.txt,29,-25.0,-1,498.000,-0.1014,-0.293
kp25 run1.txt,29,-25.0,-1,499.000,-0.1014,-0.293
kp25 run1.txt,29,-25.0,-1,500.000,-0.0999,0.279
kp25 run1.txt,29,-25.0,-1,501.000,-0.0999,0.279
kp25 run1.txt,29,-25.0,-1,502.000,-0.0996,0.288
kp25 run1.txt,29,-25.0,-1,503.000,-0.1014,-0.293
kp25 run1.txt,29,-25.0,-1,504.000,-0.1014,-0.293
kp25 run1.txt,29,-25.0,-1,505.000,-0.0996,0.288
kp25 run1.txt,29,-25.0,-1,506.000,-0.1061,-0.412
kp25 run1.txt,29,-25.0,-1,507.000,-0.1043,-0.366
kp25 run1.txt,29,-25.0,-1,508.000,-0.1021,-0.312
kp25 run1.txt,29,-25.0,-1,509.000,-0.0977,0.334
kp25 run1.txt,29,-25.0,-1,510.000,-0.0985,0.316
kp25 run1.txt,29,-25.0,-1,511.000,-0.1021,-0.312
kp25 run1.txt,29,-25.0,-1,512.000,-0.1006,-0.275
kp25 run1.txt,29,-25.0,-1,513.000,-0.1014,-0.293
kp25 run1.txt,29,-25.0,-1,514.000,-0.0963,0.37
kp25 run1.txt,29,-25.0,-1,515.000,-0.0985,0.316
kp25 run1.txt,29,-25.0,-1,516.000,-0.1028,-0.33
kp25 run1.txt,29,-25.0,-1,517.000,-0.1014,-0.293
kp25 run1.txt,29,-25.0,-1,518.000,-0.1043,-0.366
kp25 run1.txt,29,-25.0,-1,519.000,-0.0992,0.297
kp25 run1.txt,29,-25.0,-1,520.000,-0.0926,0.461
kp25 run1.txt,29,-25.0,-1,521.000,-0.0977,0.334
kp25 run1.txt,29,-25.0,-1,522.000,-0.0853,0.644
kp25 run1.txt,29,-25.0,-1,523.000,-0.1014,-0.293
kp25 run1.txt,29,-25.0,-1,524.000,-0.0996,0.288
kp25 run1.txt,29,-25.0,-1,525.000,-0.1014,-0.293
kp25 run1.txt,29,-25.0,-1,526.000,-0.0999,0.279
kp25 run1.txt,29,-25.0,-1,527.000,-0.0992,0.297
kp25 run1.txt,29,-25.0,-1,528.000,-0.0999,0.279
kp25 run1.txt,29,-25.0,-1,529.000,-0.1014,-0.293
kp25 run1.txt,29,-25.0,-1,530.000,-0.1006,-0.275
kp25 run1.txt,29,-25.0,-1,531.000,-0.1014,-0.293
kp25 run1.txt,29,-25.0,-1,532.000,-0.1043,-0.366
kp25 run1.txt,29,-25.0,-1,533.000,-0.0985,0.316
kp25 run1.txt,29,-25.0,-1,534.000,-0.0992,0.297
kp25 run1.txt,29,-25.0,-1,535.000,-0.1006,-0.275
kp25 run1.txt,29,-25.0,-1,536.000,-0.1006,-0.275
kp25 run1.txt,29,-25.0,-1,537.000,-0.0985,0.316
kp25 run1.txt,29,-25.0,-1,538.000,-0.0992,0.297
kp25 run1.txt,29,-25.0,-1,539.000,-0.1032,-0.339
kp25 run1.txt,29,-25.0,-1,540.000,-0.1021,-0.312
kp25 run1.txt,29,-25.0,-1,541.000,-0.0992,0.297
kp25 run1.txt,29,-25.0,-1,542.000,-0.0992,0.297
kp25 run1.txt,29,-25.0,-1,543.000,-0.1043,-0.366
kp25 run1.txt,29,-25.0,-1,544.000,-0.1014,-0.293
kp25 run1.txt,29,-25.0,-1,545.000,-0.1006,-0.275
kp25 run1.txt,29,-25.0,-1,546.000,-0.1014,-0.293
kp25 run1.txt,29,-25.0,-1,547.000,-0.0992,0.297
kp25 run1.txt,29,-25.0,-1,548.000,-0.1043,-0.366
kp25 run1.txt,29,-25.0,-1,549.000,-0.1014,-0.293
kp25 run1.txt,29,-25.0,-1,550.000,-0.1003,-0.266
kp25 run1.txt,29,-25.0,-1,551.000,-0.1043,-0.366
kp25 run1.txt,29,-25.0,-1,552.000,-0.1021,-0.312
kp25 run1.txt,29,-25.0,-1,553.000,-0.0999,0.279
kp25 run1.txt,29,-25.0,-1,554.000,-0.1006,-0.275
kp25 run1.txt,29,-25.0,-1,555.000,-0.1014,-0.293
kp25 run1.txt,29,-25.0,-1,556.000,-0.0999,0.279
kp25 run1.txt,29,-25.0,-1,557.000,-0.1014,-0.293
kp25 run1.txt,29,-25.0,-1,558.000,-0.1014,-0.293
kp25 run1.txt,29,-25.0,-1,559.000,-0.1014,-0.293
kp25 run1.txt,29,-25.0,-1,560.000,-0.1043,-0.366
kp25 run1.txt,29,-25.0,-1,561.000,-0.1017,-0.303
kp25 run1.txt,29,-25.0,-1,562.000,-0.0992,0.297
kp25 run1.txt,29,-25.0,-1,563.000,-0.0999,0.279
kp25 run1.txt,29,-25.0,-1,564.000,-0.1021,-0.312
kp25 run1.txt,29,-25.0,-1,565.000,-0.1021,-0.312
kp25 run1.txt,29,-25.0,-1,566.000,-0.0996,0.288
kp25 run1.txt,29,-25.0,-1,567.000,-0.0992,0.297
kp25 run1.txt,29,-25.0,-1,568.000,-0.0966,0.361
kp25 run1.txt,29,-25.0,-1,569.000,-0.1006,-0.275
kp25 run1.txt,29,-25.0,-1,570.000,-0.1021,-0.312
kp25 run1.txt,29,-25.0,-1,571.000,-0.0977,0.334
kp25 run1.txt,29,-25.0,-1,572.000,-0.1006,-0.275
kp25 run1.txt,29,-25.0,-1,573.000,-0.1021,-0.312
kp25 run1.txt,29,-25.0,-1,574.000,-0.1006,-0.275
kp25 run1.txt,29,-25.0,-1,575.000,-0.0992,0.297
kp25 run1.txt,29,-25.0,-1,576.000,-0.1003,-0.266
kp25 run1.txt,29,-25.0,-1,577.000,-0.1014,-0.293
kp25 run1.txt,29,-25.0,-1,578.000,-0.1043,-0.366
kp25 run1.txt,29,-25.0,-1,579.000,-0.0963,0.37
kp25 run1.txt,29,-25.0,-1,580.000,-0.1014,-0.293
kp25 run1.txt,29,-25.0,-1,581.000,-0.0985,0.316
kp25 run1.txt,29,-25.0,-1,582.000,-0.0985,0.316
kp25 run1.txt,29,-25.0,-1,583.000,-0.1014,-0.293
kp25 run1.txt,29,-25.0,-1,584.000,-0.0992,0.297
kp25 run1.txt,29,-25.0,-1,585.000,-0.1028,-0.33
kp25 run1.txt,29,-25.0,-1,586.000,-0.0963,0.37
kp25 run1.txt,29,-25.0,-1,587.000,-0.0996,0.288
kp25 run1.txt,29,-25.0,-1,588.000,-0.1006,-0.275
kp25 run1.txt,29,-25.0,-1,589.000,-0.1017,-0.303
kp25 run1.txt,29,-25.0,-1,590.000,-0.1065,-0.421
kp25 run1.txt,29,-25.0,-1,591.000,-0.0883,0.571
kp25 run1.txt,29,-25.0,-1,592.000,-0.1025,-0.321
kp25 run1.txt,29,-25.0,-1,593.000,-0.0999,0.279
kp25 run1.txt,29,-25.0,-1,594.000,-0.0992,0.297
kp25 run1.txt,29,-25.0,-1,595.000,-0.1025,-0.321
kp25 run1.txt,29,-25.0,-1,596.000,-0.1006,-0.275
kp25 run1.txt,29,-25.0,-1,597.000,-0.0919,0.48
kp25 run1.txt,29,-25.0,-1,598.000,-0.0988,0.306
kp25 run1.txt,29,-25.0,-1,599.000,-0.0955,0.388
kp25 run1.txt,30,-25.0,1,0.000,-0.0999,-5.257
kp25 run1.txt,30,-25.0,1,1.000,-0.0977,-5.202
kp25 run1.txt,30,-25.0,1,2.000,-0.1036,-5.348
kp25 run1.txt,30,-25.0,1,3.000,-0.1014,-5.293
kp25 run1.txt,30,-25.0,1,4.000,-0.0934,-5.093
kp25 run1.txt,30,-25.0,1,5.000,-0.0992,-5.239
kp25 run1.txt,30,-25.0,1,6.000,-0.0963,-5.166
kp25 run1.txt,30,-25.0,1,7.000,-0.0948,-5.129
kp25 run1.txt,30,-25.0,1,8.000,-0.0875,-4.947
kp25 run1.txt,30,-25.0,1,9.000,-0.0963,-5.166
kp25 run1.txt,30,-25.0,1,10.000,-0.0861,-4.911
kp25 run1.txt,30,-25.0,1,11.000,-0.0821,-4.81
kp25 run1.txt,30,-25.0,1,12.000,-0.0773,-4.692
kp25 run1.txt,30,-25.0,1,13.000,-0.0715,-4.546
kp25 run1.txt,30,-25.0,1,14.000,-0.0584,-4.218
kp25 run1.txt,30,-25.0,1,15.000,-0.0664,-4.419
kp25 run1.txt,30,-25.0,1,16.000,-0.0624,-4.318
kp25 run1.txt,30,-25.0,1,17.000,-0.0657,-4.4
kp25 run1.txt,30,-25.0,1,18.000,-0.0511,-4.036
kp25 run1.txt,30,-25.0,1,19.000,-0.0511,-4.036
kp25 run1.txt,30,-25.0,1,20.000,-0.0452,-3.89
kp25 run1.txt,30,-25.0,1,21.000,-0.0423,-3.817
kp25 run1.txt,30,-25.0,1,22.000,-0.0328,-3.58
kp25 run1.txt,30,-25.0,1,23.000,-0.0307,-3.525
kp25 run1.txt,30,-25.0,1,24.000,-0.0328,-3.58
kp25 run1.txt,30,-25.0,1,25.000,-0.0205,-3.27
kp25 run1.txt,30,-25.0,1,26.000,-0.0044,-2.869
kp25 run1.txt,30,-25.0,1,27.000,-0.0121,-3.061
kp25 run1.txt,30,-25.0,1,28.000,-0.0,-2.76
kp25 run1.txt,30,-25.0,1,29.000,0.0007,-2.742
kp25 run1.txt,30,-25.0,1,30.000,0.0058,-2.614
kp25 run1.txt,30,-25.0,1,31.000,0.008,-2.56
kp25 run1.txt,30,-25.0,1,32.000,0.0131,-2.432
kp25 run1.txt,30,-25.0,1,33.000,0.0043,-2.651
kp25 run1.txt,30,-25.0,1,34.000,0.0291,-2.031
kp25 run1.txt,30,-25.0,1,35.000,0.0277,-2.067
kp25 run1.txt,30,-25.0,1,36.000,0.035,-1.885
kp25 run1.txt,30,-25.0,1,37.000,0.0386,-1.794
kp25 run1.txt,30,-25.0,1,38.000,0.0466,-1.594
kp25 run1.txt,30,-25.0,1,39.000,0.0473,-1.575
kp25 run1.txt,30,-25.0,1,40.000,0.0525,-1.448
kp25 run1.txt,30,-25.0,1,41.000,0.0568,-1.338
kp25 run1.txt,30,-25.0,1,42.000,0.0583,-1.302
kp25 run1.txt,30,-25.0,1,43.000,0.0619,-1.211
kp25 run1.txt,30,-25.0,1,44.000,0.0823,-0.7
kp25 run1.txt,30,-25.0,1,45.000,0.0754,-0.874
kp25 run1.txt,30,-25.0,1,46.000,0.0871,-0.582
kp25 run1.txt,30,-25.0,1,47.000,0.0831,-0.682
kp25 run1.txt,30,-25.0,1,48.000,0.0889,-0.536
kp25 run1.txt,30,-25.0,1,49.000,0.09,-0.509
kp25 run1.txt,30,-25.0,1,50.000,0.0936,-0.418
kp25 run1.txt,30,-25.0,1,51.000,0.094,-0.409
kp25 run1.txt,30,-25.0,1,52.000,0.0998,-0.263
kp25 run1.txt,30,-25.0,1,53.000,0.1035,0.364
kp25 run1.txt,30,-25.0,1,54.000,0.1042,0.382
kp25 run1.txt,30,-25.0,1,55.000,0.109,0.501
kp25 run1.txt,30,-25.0,1,56.000,0.1108,0.546
kp25 run1.txt,30,-25.0,1,57.000,0.1093,0.51
kp25 run1.txt,30,-25.0,1,58.000,0.1028,0.346
kp25 run1.txt,30,-25.0,1,59.000,0.1181,0.729
kp25 run1.txt,30,-25.0,1,60.000,0.1297,1.02
kp25 run1.txt,30,-25.0,1,61.000,0.1217,0.82
kp25 run1.txt,30,-25.0,1,62.000,0.125,0.902
kp25 run1.txt,30,-25.0,1,63.000,0.1188,0.747
kp25 run1.txt,30,-25.0,1,64.000,0.129,1.002
kp25 run1.txt,30,-25.0,1,65.000,0.1261,0.929
kp25 run1.txt,30,-25.0,1,66.000,0.1312,1.057
kp25 run1.txt,30,-25.0,1,67.000,0.1316,1.066
kp25 run1.txt,30,-25.0,1,68.000,0.1319,1.075
kp25 run1.txt,30,-25.0,1,69.000,0.1305,1.038
kp25 run1.txt,30,-25.0,1,70.000,0.1341,1.13
kp25 run1.txt,30,-25.0,1,71.000,0.1224,0.838
kp25 run1.txt,30,-25.0,1,72.000,0.1341,1.13
kp25 run1.txt,30,-25.0,1,73.000,0.1334,1.111
kp25 run1.txt,30,-25.0,1,74.000,0.1319,1.075
kp25 run1.txt,30,-25.0,1,75.000,0.1326,1.093
kp25 run1.txt,30,-25.0,1,76.000,0.1341,1.13
kp25 run1.txt,30,-25.0,1,77.000,0.1363,1.184
kp25 run1.txt,30,-25.0,1,78.000,0.1505,1.54
kp25 run1.txt,30,-25.0,1,79.000,0.1319,1.075
kp25 run1.txt,30,-25.0,1,80.000,0.1326,1.093
kp25 run1.txt,30,-25.0,1,81.000,0.1348,1.148
kp25 run1.txt,30,-25.0,1,82.000,0.1341,1.13
kp25 run1.txt,30,-25.0,1,83.000,0.1341,1.13
kp25 run1.txt,30,-25.0,1,84.000,0.1341,1.13
kp25 run1.txt,30,-25.0,1,85.000,0.1388,1.248
kp25 run1.txt,30,-25.0,1,86.000,0.1326,1.093
kp25 run1.txt,30,-25.0,1,87.000,0.1341,1.13
kp25 run1.txt,30,-25.0,1,88.000,0.1334,1.111
kp25 run1.txt,30,-25.0,1,89.000,0.1254,0.911
kp25 run1.txt,30,-25.0,1,90.000,0.1308,1.048
kp25 run1.txt,30,-25.0,1,91.000,0.1326,1.093
kp25 run1.txt,30,-25.0,1,92.000,0.1283,0.984
kp25 run1.txt,30,-25.0,1,93.000,0.129,1.002
kp25 run1.txt,30,-25.0,1,94.000,0.1275,0.966
kp25 run1.txt,30,-25.0,1,95.000,0.1246,0.893
kp25 run1.txt,30,-25.0,1,96.000,0.1297,1.02
kp25 run1.txt,30,-25.0,1,97.000,0.1064,0.437
kp25 run1.txt,30,-25.0,1,98.000,0.1232,0.856
kp25 run1.txt,30,-25.0,1,99.000,0.1192,0.756
kp25 run1.txt,30,-25.0,1,100.000,0.1192,0.756
kp25 run1.txt,30,-25.0,1,101.000,0.1181,0.729
kp25 run1.txt,30,-25.0,1,102.000,0.102,0.328
kp25 run1.txt,30,-25.0,1,103.000,0.1137,0.619
kp25 run1.txt,30,-25.0,1,104.000,0.1173,0.71
kp25 run1.txt,30,-25.0,1,105.000,0.1137,0.619
kp25 run1.txt,30,-25.0,1,106.000,0.1148,0.647
kp25 run1.txt,30,-25.0,1,107.000,0.1115,0.565
kp25 run1.txt,30,-25.0,1,108.000,0.1104,0.537
kp25 run1.txt,30,-25.0,1,109.000,0.1173,0.71
kp25 run1.txt,30,-25.0,1,110.000,0.1104,0.537
kp25 run1.txt,30,-25.0,1,111.000,0.1086,0.492
kp25 run1.txt,30,-25.0,1,112.000,0.1079,0.473
kp25 run1.txt,30,-25.0,1,113.000,0.1086,0.492
kp25 run1.txt,30,-25.0,1,114.000,0.1057,0.419
kp25 run1.txt,30,-25.0,1,115.000,0.1057,0.419
kp25 run1.txt,30,-25.0,1,116.000,0.0947,-0.391
kp25 run1.txt,30,-25.0,1,117.000,0.1035,0.364
kp25 run1.txt,30,-25.0,1,118.000,0.1042,0.382
kp25 run1.txt,30,-25.0,1,119.000,0.102,0.328
kp25 run1.txt,30,-25.0,1,120.000,0.1013,0.309
kp25 run1.txt,30,-25.0,1,121.000,0.1017,0.319
kp25 run1.txt,30,-25.0,1,122.000,0.0998,-0.263
kp25 run1.txt,30,-25.0,1,123.000,0.0991,-0.281
kp25 run1.txt,30,-25.0,1,124.000,0.0987,-0.29
kp25 run1.txt,30,-25.0,1,125.000,0.0991,-0.281
kp25 run1.txt,30,-25.0,1,126.000,0.0977,-0.318
kp25 run1.txt,30,-25.0,1,127.000,0.0991,-0.281
kp25 run1.txt,30,-25.0,1,128.000,0.0998,-0.263
kp25 run1.txt,30,-25.0,1,129.000,0.0911,-0.482
kp25 run1.txt,30,-25.0,1,130.000,0.0925,-0.445
kp25 run1.txt,30,-25.0,1,131.000,0.0947,-0.391
kp25 run1.txt,30,-25.0,1,132.000,0.0936,-0.418
kp25 run1.txt,30,-25.0,1,133.000,0.094,-0.409
kp25 run1.txt,30,-25.0,1,134.000,0.0933,-0.427
kp25 run1.txt,30,-25.0,1,135.000,0.0969,-0.336
kp25 run1.txt,30,-25.0,1,136.000,0.1028,0.346
kp25 run1.txt,30,-25.0,1,137.000,0.0951,-0.382
kp25 run1.txt,30,-25.0,1,138.000,0.0918,-0.464
kp25 run1.txt,30,-25.0,1,139.000,0.0955,-0.372
kp25 run1.txt,30,-25.0,1,140.000,0.094,-0.409
kp25 run1.txt,30,-25.0,1,141.000,0.094,-0.409
kp25 run1.txt,30,-25.0,1,142.000,0.0947,-0.391
kp25 run1.txt,30,-25.0,1,143.000,0.0947,-0.391
kp25 run1.txt,30,-25.0,1,144.000,0.0969,-0.336
kp25 run1.txt,30,-25.0,1,145.000,0.094,-0.409
kp25 run1.txt,30,-25.0,1,146.000,0.094,-0.409
kp25 run1.txt,30,-25.0,1,147.000,0.094,-0.409
kp25 run1.txt,30,-25.0,1,148.000,0.0936,-0.418
kp25 run1.txt,30,-25.0,1,149.000,0.0904,-0.5
kp25 run1.txt,30,-25.0,1,150.000,0.0962,-0.354
kp25 run1.txt,30,-25.0,1,151.000,0.0955,-0.372
kp25 run1.txt,30,-25.0,1,152.000,0.094,-0.409
kp25 run1.txt,30,-25.0,1,153.000,0.0955,-0.372
kp25 run1.txt,30,-25.0,1,154.000,0.0936,-0.418
kp25 run1.txt,30,-25.0,1,155.000,0.0962,-0.354
kp25 run1.txt,30,-25.0,1,156.000,0.094,-0.409
kp25 run1.txt,30,-25.0,1,157.000,0.0951,-0.382
kp25 run1.txt,30,-25.0,1,158.000,0.094,-0.409
kp25 run1.txt,30,-25.0,1,159.000,0.094,-0.409
kp25 run1.txt,30,-25.0,1,160.000,0.0933,-0.427
kp25 run1.txt,30,-25.0,1,161.000,0.094,-0.409
kp25 run1.txt,30,-25.0,1,162.000,0.0962,-0.354
kp25 run1.txt,30,-25.0,1,163.000,0.0977,-0.318
kp25 run1.txt,30,-25.0,1,164.000,0.0962,-0.354
kp25 run1.txt,30,-25.0,1,165.000,0.0904,-0.5
kp25 run1.txt,30,-25.0,1,166.000,0.086,-0.609
kp25 run1.txt,30,-25.0,1,167.000,0.0962,-0.354
kp25 run1.txt,30,-25.0,1,168.000,0.0962,-0.354
kp25 run1.txt,30,-25.0,1,169.000,0.0984,-0.3
kp25 run1.txt,30,-25.0,1,170.000,0.0977,-0.318
kp25 run1.txt,30,-25.0,1,171.000,0.0984,-0.3
kp25 run1.txt,30,-25.0,1,172.000,0.0998,-0.263
kp25 run1.txt,30,-25.0,1,173.000,0.1028,0.346
kp25 run1.txt,30,-25.0,1,174.000,0.0998,-0.263
kp25 run1.txt,30,-25.0,1,175.000,0.0995,-0.272
kp25 run1.txt,30,-25.0,1,176.000,0.0991,-0.281
kp25 run1.txt,30,-25.0,1,177.000,0.0998,-0.263
kp25 run1.txt,30,-25.0,1,178.000,0.1017,0.319
kp25 run1.txt,30,-25.0,1,179.000,0.0998,-0.263
kp25 run1.txt,30,-25.0,1,180.000,0.1013,0.309
kp25 run1.txt,30,-25.0,1,181.000,0.1042,0.382
kp25 run1.txt,30,-25.0,1,182.000,0.1006,0.291
kp25 run1.txt,30,-25.0,1,183.000,0.1006,0.291
kp25 run1.txt,30,-25.0,1,184.000,0.1028,0.346
kp25 run1.txt,30,-25.0,1,185.000,0.1017,0.319
kp25 run1.txt,30,-25.0,1,186.000,0.1115,0.565
kp25 run1.txt,30,-25.0,1,187.000,0.1017,0.319
kp25 run1.txt,30,-25.0,1,188.000,0.1035,0.364
kp25 run1.txt,30,-25.0,1,189.000,0.1035,0.364
kp25 run1.txt,30,-25.0,1,190.000,0.102,0.328
kp25 run1.txt,30,-25.0,1,191.000,0.102,0.328
kp25 run1.txt,30,-25.0,1,192.000,0.1035,0.364
kp25 run1.txt,30,-25.0,1,193.000,0.1028,0.346
kp25 run1.txt,30,-25.0,1,194.000,0.102,0.328
kp25 run1.txt,30,-25.0,1,195.000,0.102,0.328
kp25 run1.txt,30,-25.0,1,196.000,0.0991,-0.281
kp25 run1.txt,30,-25.0,1,197.000,0.1024,0.337
kp25 run1.txt,30,-25.0,1,198.000,0.0998,-0.263
kp25 run1.txt,30,-25.0,1,199.000,0.102,0.328
kp25 run1.txt,30,-25.0,1,200.000,0.1028,0.346
kp25 run1.txt,30,-25.0,1,201.000,0.1017,0.319
kp25 run1.txt,30,-25.0,1,202.000,0.1042,0.382
kp25 run1.txt,30,-25.0,1,203.000,0.1035,0.364
kp25 run1.txt,30,-25.0,1,204.000,0.1006,0.291
kp25 run1.txt,30,-25.0,1,205.000,0.1017,0.319
kp25 run1.txt,30,-25.0,1,206.000,0.1013,0.309
kp25 run1.txt,30,-25.0,1,207.000,0.1028,0.346
kp25 run1.txt,30,-25.0,1,208.000,0.1035,0.364
kp25 run1.txt,30,-25.0,1,209.000,0.1024,0.337
kp25 run1.txt,30,-25.0,1,210.000,0.1035,0.364
kp25 run1.txt,30,-25.0,1,211.000,0.102,0.328
kp25 run1.txt,30,-25.0,1,212.000,0.1028,0.346
kp25 run1.txt,30,-25.0,1,213.000,0.102,0.328
kp25 run1.txt,30,-25.0,1,214.000,0.1009,0.3
kp25 run1.txt,30,-25.0,1,215.000,0.1017,0.319
kp25 run1.txt,30,-25.0,1,216.000,0.102,0.328
kp25 run1.txt,30,-25.0,1,217.000,0.1017,0.319
kp25 run1.txt,30,-25.0,1,218.000,0.1028,0.346
kp25 run1.txt,30,-25.0,1,219.000,0.1028,0.346
kp25 run1.txt,30,-25.0,1,220.000,0.1017,0.319
kp25 run1.txt,30,-25.0,1,221.000,0.102,0.328
kp25 run1.txt,30,-25.0,1,222.000,0.0929,-0.436
kp25 run1.txt,30,-25.0,1,223.000,0.0998,-0.263
kp25 run1.txt,30,-25.0,1,224.000,0.0998,-0.263
kp25 run1.txt,30,-25.0,1,225.000,0.0853,-0.628
kp25 run1.txt,30,-25.0,1,226.000,0.0984,-0.3
kp25 run1.txt,30,-25.0,1,227.000,0.0991,-0.281
kp25 run1.txt,30,-25.0,1,228.000,0.0951,-0.382
kp25 run1.txt,30,-25.0,1,229.000,0.0977,-0.318
kp25 run1.txt,30,-25.0,1,230.000,0.0958,-0.363
kp25 run1.txt,30,-25.0,1,231.000,0.0893,-0.527
kp25 run1.txt,30,-25.0,1,232.000,0.0991,-0.281
kp25 run1.txt,30,-25.0,1,233.000,0.0998,-0.263
kp25 run1.txt,30,-25.0,1,234.000,0.1017,0.319
kp25 run1.txt,30,-25.0,1,235.000,0.0995,-0.272
kp25 run1.txt,30,-25.0,1,236.000,0.0991,-0.281
kp25 run1.txt,30,-25.0,1,237.000,0.102,0.328
kp25 run1.txt,30,-25.0,1,238.000,0.1049,0.401
kp25 run1.txt,30,-25.0,1,239.000,0.0984,-0.3
kp25 run1.txt,30,-25.0,1,240.000,0.0977,-0.318
kp25 run1.txt,30,-25.0,1,241.000,0.0977,-0.318
kp25 run1.txt,30,-25.0,1,242.000,0.1006,0.291
kp25 run1.txt,30,-25.0,1,243.000,0.1006,0.291
kp25 run1.txt,30,-25.0,1,244.000,0.1049,0.401
kp25 run1.txt,30,-25.0,1,245.000,0.0998,-0.263
kp25 run1.txt,30,-25.0,1,246.000,0.102,0.328
kp25 run1.txt,30,-25.0,1,247.000,0.1006,0.291
kp25 run1.txt,30,-25.0,1,248.000,0.1017,0.319
kp25 run1.txt,30,-25.0,1,249.000,0.0998,-0.263
kp25 run1.txt,30,-25.0,1,250.000,0.0991,-0.281
kp25 run1.txt,30,-25.0,1,251.000,0.0969,-0.336
kp25 run1.txt,30,-25.0,1,252.000,0.1046,0.391
kp25 run1.txt,30,-25.0,1,253.000,0.0998,-0.263
kp25 run1.txt,30,-25.0,1,254.000,0.0838,-0.664
kp25 run1.txt,30,-25.0,1,255.000,0.0991,-0.281
kp25 run1.txt,30,-25.0,1,256.000,0.102,0.328
kp25 run1.txt,30,-25.0,1,257.000,0.0984,-0.3
kp25 run1.txt,30,-25.0,1,258.000,0.0998,-0.263
kp25 run1.txt,30,-25.0,1,259.000,0.0984,-0.3
kp25 run1.txt,30,-25.0,1,260.000,0.1006,0.291
kp25 run1.txt,30,-25.0,1,261.000,0.1122,0.583
kp25 run1.txt,30,-25.0,1,262.000,0.0991,-0.281
kp25 run1.txt,30,-25.0,1,263.000,0.0991,-0.281
kp25 run1.txt,30,-25.0,1,264.000,0.102,0.328
kp25 run1.txt,30,-25.0,1,265.000,0.102,0.328
kp25 run1.txt,30,-25.0,1,266.000,0.1013,0.309
kp25 run1.txt,30,-25.0,1,267.000,0.0984,-0.3
kp25 run1.txt,30,-25.0,1,268.000,0.1013,0.309
kp25 run1.txt,30,-25.0,1,269.000,0.0998,-0.263
kp25 run1.txt,30,-25.0,1,270.000,0.0969,-0.336
kp25 run1.txt,30,-25.0,1,271.000,0.0998,-0.263
kp25 run1.txt,30,-25.0,1,272.000,0.0991,-0.281
kp25 run1.txt,30,-25.0,1,273.000,0.102,0.328
kp25 run1.txt,30,-25.0,1,274.000,0.1028,0.346
kp25 run1.txt,30,-25.0,1,275.000,0.0998,-0.263
kp25 run1.txt,30,-25.0,1,276.000,0.0998,-0.263
kp25 run1.txt,30,-25.0,1,277.000,0.1006,0.291
kp25 run1.txt,30,-25.0,1,278.000,0.0991,-0.281
kp25 run1.txt,30,-25.0,1,279.000,0.0977,-0.318
kp25 run1.txt,30,-25.0,1,280.000,0.0991,-0.281
kp25 run1.txt,30,-25.0,1,281.000,0.1042,0.382
kp25 run1.txt,30,-25.0,1,282.000,0.0969,-0.336
kp25 run1.txt,30,-25.0,1,283.000,0.0977,-0.318
kp25 run1.txt,30,-25.0,1,284.000,0.1006,0.291
kp25 run1.txt,30,-25.0,1,285.000,0.0998,-0.263
kp25 run1.txt,30,-25.0,1,286.000,0.0998,-0.263
kp25 run1.txt,30,-25.0,1,287.000,0.1006,0.291
kp25 run1.txt,30,-25.0,1,288.000,0.0991,-0.281
kp25 run1.txt,30,-25.0,1,289.000,0.0998,-0.263
kp25 run1.txt,30,-25.0,1,290.000,0.0998,-0.263
kp25 run1.txt,30,-25.0,1,291.000,0.0991,-0.281
kp25 run1.txt,30,-25.0,1,292.000,0.0991,-0.281
kp25 run1.txt,30,-25.0,1,293.000,0.0984,-0.3
kp25 run1.txt,30,-25.0,1,294.000,0.0962,-0.354
kp25 run1.txt,30,-25.0,1,295.000,0.0998,-0.263
kp25 run1.txt,30,-25.0,1,296.000,0.0991,-0.281
kp25 run1.txt,30,-25.0,1,297.000,0.102,0.328
kp25 run1.txt,30,-25.0,1,298.000,0.1035,0.364
kp25 run1.txt,30,-25.0,1,299.000,0.1006,0.291
kp25 run1.txt,30,-25.0,1,300.000,0.1013,0.309
kp25 run1.txt,30,-25.0,1,301.000,0.1013,0.309
kp25 run1.txt,30,-25.0,1,302.000,0.1042,0.382
kp25 run1.txt,30,-25.0,1,303.000,0.0991,-0.281
kp25 run1.txt,30,-25.0,1,304.000,0.1009,0.3
kp25 run1.txt,30,-25.0,1,305.000,0.1013,0.309
kp25 run1.txt,30,-25.0,1,306.000,0.1046,0.391
kp25 run1.txt,30,-25.0,1,307.000,0.0998,-0.263
kp25 run1.txt,30,-25.0,1,308.000,0.1009,0.3
kp25 run1.txt,30,-25.0,1,309.000,0.0987,-0.29
kp25 run1.txt,30,-25.0,1,310.000,0.1024,0.337
kp25 run1.txt,30,-25.0,1,311.000,0.1006,0.291
kp25 run1.txt,30,-25.0,1,312.000,0.0995,-0.272
kp25 run1.txt,30,-25.0,1,313.000,0.0998,-0.263
kp25 run1.txt,30,-25.0,1,314.000,0.0984,-0.3
kp25 run1.txt,30,-25.0,1,315.000,0.1028,0.346
kp25 run1.txt,30,-25.0,1,316.000,0.0998,-0.263
kp25 run1.txt,30,-25.0,1,317.000,0.1017,0.319
kp25 run1.txt,30,-25.0,1,318.000,0.0991,-0.281
kp25 run1.txt,30,-25.0,1,319.000,0.0998,-0.263
kp25 run1.txt,30,-25.0,1,320.000,0.1006,0.291
kp25 run1.txt,30,-25.0,1,321.000,0.0998,-0.263
kp25 run1.txt,30,-25.0,1,322.000,0.1013,0.309
kp25 run1.txt,30,-25.0,1,323.000,0.0933,-0.427
kp25 run1.txt,30,-25.0,1,324.000,0.0969,-0.336
kp25 run1.txt,30,-25.0,1,325.000,0.0998,-0.263
kp25 run1.txt,30,-25.0,1,326.000,0.0998,-0.263
kp25 run1.txt,30,-25.0,1,327.000,0.0984,-0.3
kp25 run1.txt,30,-25.0,1,328.000,0.1035,0.364
kp25 run1.txt,30,-25.0,1,329.000,0.1057,0.419
kp25 run1.txt,30,-25.0,1,330.000,0.1013,0.309
kp25 run1.txt,30,-25.0,1,331.000,0.1046,0.391
kp25 run1.txt,30,-25.0,1,332.000,0.1046,0.391
kp25 run1.txt,30,-25.0,1,333.000,0.1009,0.3
kp25 run1.txt,30,-25.0,1,334.000,0.1006,0.291
kp25 run1.txt,30,-25.0,1,335.000,0.0962,-0.354
kp25 run1.txt,30,-25.0,1,336.000,0.0998,-0.263
kp25 run1.txt,30,-25.0,1,337.000,0.0984,-0.3
kp25 run1.txt,30,-25.0,1,338.000,0.0998,-0.263
kp25 run1.txt,30,-25.0,1,339.000,0.0969,-0.336
kp25 run1.txt,30,-25.0,1,340.000,0.0991,-0.281
kp25 run1.txt,30,-25.0,1,341.000,0.1006,0.291
kp25 run1.txt,30,-25.0,1,342.000,0.0998,-0.263
kp25 run1.txt,30,-25.0,1,343.000,0.0991,-0.281
kp25 run1.txt,30,-25.0,1,344.000,0.1024,0.337
kp25 run1.txt,30,-25.0,1,345.000,0.1002,0.282
kp25 run1.txt,30,-25.0,1,346.000,0.0991,-0.281
kp25 run1.txt,30,-25.0,1,347.000,0.0991,-0.281
kp25 run1.txt,30,-25.0,1,348.000,0.0998,-0.263
kp25 run1.txt,30,-25.0,1,349.000,0.1013,0.309
kp25 run1.txt,30,-25.0,1,350.000,0.0998,-0.263
kp25 run1.txt,30,-25.0,1,351.000,0.1038,0.373
kp25 run1.txt,30,-25.0,1,352.000,0.1028,0.346
kp25 run1.txt,30,-25.0,1,353.000,0.0838,-0.664
kp25 run1.txt,30,-25.0,1,354.000,0.0969,-0.336
kp25 run1.txt,30,-25.0,1,355.000,0.1028,0.346
kp25 run1.txt,30,-25.0,1,356.000,0.0991,-0.281
kp25 run1.txt,30,-25.0,1,357.000,0.1017,0.319
kp25 run1.txt,30,-25.0,1,358.000,0.102,0.328
kp25 run1.txt,30,-25.0,1,359.000,0.0984,-0.3
kp25 run1.txt,30,-25.0,1,360.000,0.0991,-0.281
kp25 run1.txt,30,-25.0,1,361.000,0.102,0.328
kp25 run1.txt,30,-25.0,1,362.000,0.0995,-0.272
kp25 run1.txt,30,-25.0,1,363.000,0.1006,0.291
kp25 run1.txt,30,-25.0,1,364.000,0.0958,-0.363
kp25 run1.txt,30,-25.0,1,365.000,0.1035,0.364
kp25 run1.txt,30,-25.0,1,366.000,0.0991,-0.281
kp25 run1.txt,30,-25.0,1,367.000,0.0995,-0.272
kp25 run1.txt,30,-25.0,1,368.000,0.1006,0.291
kp25 run1.txt,30,-25.0,1,369.000,0.094,-0.409
kp25 run1.txt,30,-25.0,1,370.000,0.0947,-0.391
kp25 run1.txt,30,-25.0,1,371.000,0.1017,0.319
kp25 run1.txt,30,-25.0,1,372.000,0.1115,0.565
kp25 run1.txt,30,-25.0,1,373.000,0.1013,0.309
kp25 run1.txt,30,-25.0,1,374.000,0.1013,0.309
kp25 run1.txt,30,-25.0,1,375.000,0.1017,0.319
kp25 run1.txt,30,-25.0,1,376.000,0.0998,-0.263
kp25 run1.txt,30,-25.0,1,377.000,0.1013,0.309
kp25 run1.txt,30,-25.0,1,378.000,0.0998,-0.263
kp25 run1.txt,30,-25.0,1,379.000,0.0991,-0.281
kp25 run1.txt,30,-25.0,1,380.000,0.1006,0.291
kp25 run1.txt,30,-25.0,1,381.000,0.102,0.328
kp25 run1.txt,30,-25.0,1,382.000,0.0991,-0.281
kp25 run1.txt,30,-25.0,1,383.000,0.0955,-0.372
kp25 run1.txt,30,-25.0,1,384.000,0.1006,0.291
kp25 run1.txt,30,-25.0,1,385.000,0.0991,-0.281
kp25 run1.txt,30,-25.0,1,386.000,0.0962,-0.354
kp25 run1.txt,30,-25.0,1,387.000,0.1013,0.309
kp25 run1.txt,30,-25.0,1,388.000,0.1006,0.291
kp25 run1.txt,30,-25.0,1,389.000,0.0998,-0.263
kp25 run1.txt,30,-25.0,1,390.000,0.0998,-0.263
kp25 run1.txt,30,-25.0,1,391.000,0.0998,-0.263
kp25 run1.txt,30,-25.0,1,392.000,0.0977,-0.318
kp25 run1.txt,30,-25.0,1,393.000,0.1006,0.291
kp25 run1.txt,30,-25.0,1,394.000,0.102,0.328
kp25 run1.txt,30,-25.0,1,395.000,0.1013,0.309
kp25 run1.txt,30,-25.0,1,396.000,0.0998,-0.263
kp25 run1.txt,30,-25.0,1,397.000,0.0991,-0.281
kp25 run1.txt,30,-25.0,1,398.000,0.0984,-0.3
kp25 run1.txt,30,-25.0,1,399.000,0.0882,-0.555
kp25 run1.txt,30,-25.0,1,400.000,0.0984,-0.3
kp25 run1.txt,30,-25.0,1,401.000,0.102,0.328
kp25 run1.txt,30,-25.0,1,402.000,0.0991,-0.281
kp25 run1.txt,30,-25.0,1,403.000,0.1006,0.291
kp25 run1.txt,30,-25.0,1,404.000,0.0991,-0.281
kp25 run1.txt,30,-25.0,1,405.000,0.0977,-0.318
kp25 run1.txt,30,-25.0,1,406.000,0.1013,0.309
kp25 run1.txt,30,-25.0,1,407.000,0.0998,-0.263
kp25 run1.txt,30,-25.0,1,408.000,0.0984,-0.3
kp25 run1.txt,30,-25.0,1,409.000,0.1013,0.309
kp25 run1.txt,30,-25.0,1,410.000,0.0984,-0.3
kp25 run1.txt,30,-25.0,1,411.000,0.0947,-0.391
kp25 run1.txt,30,-25.0,1,412.000,0.0998,-0.263
kp25 run1.txt,30,-25.0,1,413.000,0.0998,-0.263
kp25 run1.txt,30,-25.0,1,414.000,0.1028,0.346
kp25 run1.txt,30,-25.0,1,415.000,0.0998,-0.263
kp25 run1.txt,30,-25.0,1,416.000,0.0991,-0.281
kp25 run1.txt,30,-25.0,1,417.000,0.1017,0.319
kp25 run1.txt,30,-25.0,1,418.000,0.1006,0.291
kp25 run1.txt,30,-25.0,1,419.000,0.0991,-0.281
kp25 run1.txt,30,-25.0,1,420.000,0.0991,-0.281
kp25 run1.txt,30,-25.0,1,421.000,0.1017,0.319
kp25 run1.txt,30,-25.0,1,422.000,0.1013,0.309
kp25 run1.txt,30,-25.0,1,423.000,0.0987,-0.29
kp25 run1.txt,30,-25.0,1,424.000,0.102,0.328
kp25 run1.txt,30,-25.0,1,425.000,0.1017,0.319
kp25 run1.txt,30,-25.0,1,426.000,0.0998,-0.263
kp25 run1.txt,30,-25.0,1,427.000,0.0998,-0.263
kp25 run1.txt,30,-25.0,1,428.000,0.1006,0.291
kp25 run1.txt,30,-25.0,1,429.000,0.0991,-0.281
kp25 run1.txt,30,-25.0,1,430.000,0.1006,0.291
kp25 run1.txt,30,-25.0,1,431.000,0.0984,-0.3
kp25 run1.txt,30,-25.0,1,432.000,0.0998,-0.263
kp25 run1.txt,30,-25.0,1,433.000,0.0991,-0.281
kp25 run1.txt,30,-25.0,1,434.000,0.0969,-0.336
kp25 run1.txt,30,-25.0,1,435.000,0.0991,-0.281
kp25 run1.txt,30,-25.0,1,436.000,0.0991,-0.281
kp25 run1.txt,30,-25.0,1,437.000,0.0998,-0.263
kp25 run1.txt,30,-25.0,1,438.000,0.0977,-0.318
kp25 run1.txt,30,-25.0,1,439.000,0.0977,-0.318
kp25 run1.txt,30,-25.0,1,440.000,0.0998,-0.263
kp25 run1.txt,30,-25.0,1,441.000,0.0991,-0.281
kp25 run1.txt,30,-25.0,1,442.000,0.0995,-0.272
kp25 run1.txt,30,-25.0,1,443.000,0.0998,-0.263
kp25 run1.txt,30,-25.0,1,444.000,0.0958,-0.363
kp25 run1.txt,30,-25.0,1,445.000,0.102,0.328
kp25 run1.txt,30,-25.0,1,446.000,0.1028,0.346
kp25 run1.txt,30,-25.0,1,447.000,0.0998,-0.263
kp25 run1.txt,30,-25.0,1,448.000,0.0991,-0.281
kp25 run1.txt,30,-25.0,1,449.000,0.0977,-0.318
kp25 run1.txt,30,-25.0,1,450.000,0.1017,0.319
kp25 run1.txt,30,-25.0,1,451.000,0.1006,0.291
kp25 run1.txt,30,-25.0,1,452.000,0.1006,0.291
kp25 run1.txt,30,-25.0,1,453.000,0.0991,-0.281
kp25 run1.txt,30,-25.0,1,454.000,0.0987,-0.29
kp25 run1.txt,30,-25.0,1,455.000,0.0998,-0.263
kp25 run1.txt,30,-25.0,1,456.000,0.1035,0.364
kp25 run1.txt,30,-25.0,1,457.000,0.1017,0.319
kp25 run1.txt,30,-25.0,1,458.000,0.0991,-0.281
kp25 run1.txt,30,-25.0,1,459.000,0.0842,-0.655
kp25 run1.txt,30,-25.0,1,460.000,0.0977,-0.318
kp25 run1.txt,30,-25.0,1,461.000,0.102,0.328
kp25 run1.txt,30,-25.0,1,462.000,0.102,0.328
kp25 run1.txt,30,-25.0,1,463.000,0.102,0.328
kp25 run1.txt,30,-25.0,1,464.000,0.0998,-0.263
kp25 run1.txt,30,-25.0,1,465.000,0.0977,-0.318
kp25 run1.txt,30,-25.0,1,466.000,0.1035,0.364
kp25 run1.txt,30,-25.0,1,467.000,0.0998,-0.263
kp25 run1.txt,30,-25.0,1,468.000,0.0998,-0.263
kp25 run1.txt,30,-25.0,1,469.000,0.0998,-0.263
kp25 run1.txt,30,-25.0,1,470.000,0.0995,-0.272
kp25 run1.txt,30,-25.0,1,471.000,0.0998,-0.263
kp25 run1.txt,30,-25.0,1,472.000,0.0969,-0.336
kp25 run1.txt,30,-25.0,1,473.000,0.113,0.601
kp25 run1.txt,30,-25.0,1,474.000,0.1115,0.565
kp25 run1.txt,30,-25.0,1,475.000,0.0998,-0.263
kp25 run1.txt,30,-25.0,1,476.000,0.0991,-0.281
kp25 run1.txt,30,-25.0,1,477.000,0.0998,-0.263
kp25 run1.txt,30,-25.0,1,478.000,0.0991,-0.281
kp25 run1.txt,30,-25.0,1,479.000,0.0998,-0.263
kp25 run1.txt,30,-25.0,1,480.000,0.1024,0.337
kp25 run1.txt,30,-25.0,1,481.000,0.0955,-0.372
kp25 run1.txt,30,-25.0,1,482.000,0.0984,-0.3
kp25 run1.txt,30,-25.0,1,483.000,0.1009,0.3
kp25 run1.txt,30,-25.0,1,484.000,0.1013,0.309
kp25 run1.txt,30,-25.0,1,485.000,0.0969,-0.336
kp25 run1.txt,30,-25.0,1,486.000,0.0977,-0.318
kp25 run1.txt,30,-25.0,1,487.000,0.0991,-0.281
kp25 run1.txt,30,-25.0,1,488.000,0.0995,-0.272
kp25 run1.txt,30,-25.0,1,489.000,0.1006,0.291
kp25 run1.txt,30,-25.0,1,490.000,0.1013,0.309
kp25 run1.txt,30,-25.0,1,491.000,0.0998,-0.263
kp25 run1.txt,30,-25.0,1,492.000,0.1035,0.364
kp25 run1.txt,30,-25.0,1,493.000,0.0991,-0.281
kp25 run1.txt,30,-25.0,1,494.000,0.0998,-0.263
kp25 run1.txt,30,-25.0,1,495.000,0.0998,-0.263
kp25 run1.txt,30,-25.0,1,496.000,0.1017,0.319
kp25 run1.txt,30,-25.0,1,497.000,0.0969,-0.336
kp25 run1.txt,30,-25.0,1,498.000,0.1086,0.492
kp25 run1.txt,30,-25.0,1,499.000,0.1006,0.291
kp25 run1.txt,30,-25.0,1,500.000,0.0998,-0.263
kp25 run1.txt,30,-25.0,1,501.000,0.0998,-0.263
kp25 run1.txt,30,-25.0,1,502.000,0.1049,0.401
kp25 run1.txt,30,-25.0,1,503.000,0.1006,0.291
kp25 run1.txt,30,-25.0,1,504.000,0.102,0.328
kp25 run1.txt,30,-25.0,1,505.000,0.1013,0.309
kp25 run1.txt,30,-25.0,1,506.000,0.0991,-0.281
kp25 run1.txt,30,-25.0,1,507.000,0.0998,-0.263
kp25 run1.txt,30,-25.0,1,508.000,0.1042,0.382
kp25 run1.txt,30,-25.0,1,509.000,0.1006,0.291
kp25 run1.txt,30,-25.0,1,510.000,0.102,0.328
kp25 run1.txt,30,-25.0,1,511.000,0.1024,0.337
kp25 run1.txt,30,-25.0,1,512.000,0.1013,0.309
kp25 run1.txt,30,-25.0,1,513.000,0.1057,0.419
kp25 run1.txt,30,-25.0,1,514.000,0.1013,0.309
kp25 run1.txt,30,-25.0,1,515.000,0.0998,-0.263
kp25 run1.txt,30,-25.0,1,516.000,0.1035,0.364
kp25 run1.txt,30,-25.0,1,517.000,0.0991,-0.281
kp25 run1.txt,30,-25.0,1,518.000,0.1006,0.291
kp25 run1.txt,30,-25.0,1,519.000,0.0998,-0.263
kp25 run1.txt,30,-25.0,1,520.000,0.1006,0.291
kp25 run1.txt,30,-25.0,1,521.000,0.0947,-0.391
kp25 run1.txt,30,-25.0,1,522.000,0.1042,0.382
kp25 run1.txt,30,-25.0,1,523.000,0.1046,0.391
kp25 run1.txt,30,-25.0,1,524.000,0.0853,-0.628
kp25 run1.txt,30,-25.0,1,525.000,0.0969,-0.336
kp25 run1.txt,30,-25.0,1,526.000,0.1013,0.309
kp25 run1.txt,30,-25.0,1,527.000,0.1006,0.291
kp25 run1.txt,30,-25.0,1,528.000,0.0998,-0.263
kp25 run1.txt,30,-25.0,1,529.000,0.1017,0.319
kp25 run1.txt,30,-25.0,1,530.000,0.102,0.328
kp25 run1.txt,30,-25.0,1,531.000,0.0977,-0.318
kp25 run1.txt,30,-25.0,1,532.000,0.1009,0.3
kp25 run1.txt,30,-25.0,1,533.000,0.0991,-0.281
kp25 run1.txt,30,-25.0,1,534.000,0.0987,-0.29
kp25 run1.txt,30,-25.0,1,535.000,0.1115,0.565
kp25 run1.txt,30,-25.0,1,536.000,0.0933,-0.427
kp25 run1.txt,30,-25.0,1,537.000,0.1071,0.455
kp25 run1.txt,30,-25.0,1,538.000,0.0987,-0.29
kp25 run1.txt,30,-25.0,1,539.000,0.0998,-0.263
kp25 run1.txt,30,-25.0,1,540.000,0.1009,0.3
kp25 run1.txt,30,-25.0,1,541.000,0.0995,-0.272
kp25 run1.txt,30,-25.0,1,542.000,0.1035,0.364
kp25 run1.txt,30,-25.0,1,543.000,0.1006,0.291
kp25 run1.txt,30,-25.0,1,544.000,0.1006,0.291
kp25 run1.txt,30,-25.0,1,545.000,0.0991,-0.281
kp25 run1.txt,30,-25.0,1,546.000,0.1013,0.309
kp25 run1.txt,30,-25.0,1,547.000,0.0962,-0.354
kp25 run1.txt,30,-25.0,1,548.000,0.1031,0.355
kp25 run1.txt,30,-25.0,1,549.000,0.1009,0.3
kp25 run1.txt,30,-25.0,1,550.000,0.102,0.328
kp25 run1.txt,30,-25.0,1,551.000,0.11,0.528
kp25 run1.txt,30,-25.0,1,552.000,0.102,0.328
kp25 run1.txt,30,-25.0,1,553.000,0.0998,-0.263
kp25 run1.txt,30,-25.0,1,554.000,0.0977,-0.318
kp25 run1.txt,30,-25.0,1,555.000,0.1006,0.291
kp25 run1.txt,30,-25.0,1,556.000,0.1049,0.401
kp25 run1.txt,30,-25.0,1,557.000,0.1013,0.309
kp25 run1.txt,30,-25.0,1,558.000,0.1009,0.3
kp25 run1.txt,30,-25.0,1,559.000,0.1002,0.282
kp25 run1.txt,30,-25.0,1,560.000,0.0998,-0.263
kp25 run1.txt,30,-25.0,1,561.000,0.0998,-0.263
kp25 run1.txt,30,-25.0,1,562.000,0.1009,0.3
kp25 run1.txt,30,-25.0,1,563.000,0.1017,0.319
kp25 run1.txt,30,-25.0,1,564.000,0.0951,-0.382
kp25 run1.txt,30,-25.0,1,565.000,0.1057,0.419
kp25 run1.txt,30,-25.0,1,566.000,0.1013,0.309
kp25 run1.txt,30,-25.0,1,567.000,0.1006,0.291
kp25 run1.txt,30,-25.0,1,568.000,0.1017,0.319
kp25 run1.txt,30,-25.0,1,569.000,0.0889,-0.536
kp25 run1.txt,30,-25.0,1,570.000,0.0998,-0.263
kp25 run1.txt,30,-25.0,1,571.000,0.1035,0.364
kp25 run1.txt,30,-25.0,1,572.000,0.0995,-0.272
kp25 run1.txt,30,-25.0,1,573.000,0.0962,-0.354
kp25 run1.txt,30,-25.0,1,574.000,0.0998,-0.263
kp25 run1.txt,30,-25.0,1,575.000,0.1017,0.319
kp25 run1.txt,30,-25.0,1,576.000,0.0955,-0.372
kp25 run1.txt,30,-25.0,1,577.000,0.0955,-0.372
kp25 run1.txt,30,-25.0,1,578.000,0.0998,-0.263
kp25 run1.txt,30,-25.0,1,579.000,0.1013,0.309
kp25 run1.txt,30,-25.0,1,580.000,0.1038,0.373
kp25 run1.txt,30,-25.0,1,581.000,0.1017,0.319
kp25 run1.txt,30,-25.0,1,582.000,0.1093,0.51
kp25 run1.txt,30,-25.0,1,583.000,0.1035,0.364
kp25 run1.txt,30,-25.0,1,584.000,0.0991,-0.281
kp25 run1.txt,30,-25.0,1,585.000,0.0991,-0.281
kp25 run1.txt,30,-25.0,1,586.000,0.0998,-0.263
kp25 run1.txt,30,-25.0,1,587.000,0.102,0.328
kp25 run1.txt,30,-25.0,1,588.000,0.0969,-0.336
kp25 run1.txt,30,-25.0,1,589.000,0.0987,-0.29
kp25 run1.txt,30,-25.0,1,590.000,0.1013,0.309
kp25 run1.txt,30,-25.0,1,591.000,0.1006,0.291
kp25 run1.txt,30,-25.0,1,592.000,0.1006,0.291
kp25 run1.txt,30,-25.0,1,593.000,0.1013,0.309
kp25 run1.txt,30,-25.0,1,594.000,0.0933,-0.427
kp25 run1.txt,30,-25.0,1,595.000,0.0998,-0.263
kp25 run1.txt,30,-25.0,1,596.000,0.1006,0.291
kp25 run1.txt,30,-25.0,1,597.000,0.1035,0.364
kp25 run1.txt,30,-25.0,1,598.000,0.0998,-0.263
kp25 run1.txt,30,-25.0,1,599.000,0.0991,-0.281
