source,id,kp,dir,t_ms,theta_measured,theta_model
kp15 run1.txt,11,-15.0,1,0.000,-0.0985,-0.0956
kp15 run1.txt,11,-15.0,1,1.000,-0.0919,-0.0956
kp15 run1.txt,11,-15.0,1,2.000,-0.0963,-0.0956
kp15 run1.txt,11,-15.0,1,3.000,-0.1032,-0.0956
kp15 run1.txt,11,-15.0,1,4.000,-0.0919,-0.0955
kp15 run1.txt,11,-15.0,1,5.000,-0.0955,-0.0953
kp15 run1.txt,11,-15.0,1,6.000,-0.0955,-0.0948
kp15 run1.txt,11,-15.0,1,7.000,-0.0963,-0.0941
kp15 run1.txt,11,-15.0,1,8.000,-0.0926,-0.0932
kp15 run1.txt,11,-15.0,1,9.000,-0.0879,-0.0921
kp15 run1.txt,11,-15.0,1,10.000,-0.0912,-0.0908
kp15 run1.txt,11,-15.0,1,11.000,-0.0875,-0.0893
kp15 run1.txt,11,-15.0,1,12.000,-0.0890,-0.0876
kp15 run1.txt,11,-15.0,1,13.000,-0.0839,-0.0858
kp15 run1.txt,11,-15.0,1,14.000,-0.0839,-0.0838
kp15 run1.txt,11,-15.0,1,15.000,-0.0821,-0.0817
kp15 run1.txt,11,-15.0,1,16.000,-0.0802,-0.0794
kp15 run1.txt,11,-15.0,1,17.000,-0.0759,-0.0770
kp15 run1.txt,11,-15.0,1,18.000,-0.0740,-0.0745
kp15 run1.txt,11,-15.0,1,19.000,-0.0722,-0.0718
kp15 run1.txt,11,-15.0,1,20.000,-0.0664,-0.0691
kp15 run1.txt,11,-15.0,1,21.000,-0.0635,-0.0663
kp15 run1.txt,11,-15.0,1,22.000,-0.0635,-0.0634
kp15 run1.txt,11,-15.0,1,23.000,-0.0606,-0.0604
kp15 run1.txt,11,-15.0,1,24.000,-0.0558,-0.0574
kp15 run1.txt,11,-15.0,1,25.000,-0.0547,-0.0542
kp15 run1.txt,11,-15.0,1,26.000,-0.0503,-0.0511
kp15 run1.txt,11,-15.0,1,27.000,-0.0449,-0.0479
kp15 run1.txt,11,-15.0,1,28.000,-0.0460,-0.0446
kp15 run1.txt,11,-15.0,1,29.000,-0.0409,-0.0413
kp15 run1.txt,11,-15.0,1,30.000,-0.0372,-0.0380
kp15 run1.txt,11,-15.0,1,31.000,-0.0452,-0.0346
kp15 run1.txt,11,-15.0,1,32.000,-0.0318,-0.0312
kp15 run1.txt,11,-15.0,1,33.000,-0.0285,-0.0278
kp15 run1.txt,11,-15.0,1,34.000,-0.0226,-0.0244
kp15 run1.txt,11,-15.0,1,35.000,-0.0205,-0.0210
kp15 run1.txt,11,-15.0,1,36.000,-0.0372,-0.0176
kp15 run1.txt,11,-15.0,1,37.000,-0.0146,-0.0142
kp15 run1.txt,11,-15.0,1,38.000,-0.0110,-0.0108
kp15 run1.txt,11,-15.0,1,39.000,-0.0073,-0.0074
kp15 run1.txt,11,-15.0,1,40.000,-0.0062,-0.0041
kp15 run1.txt,11,-15.0,1,41.000,-0.0033,-0.0007
kp15 run1.txt,11,-15.0,1,42.000,0.0073,0.0026
kp15 run1.txt,11,-15.0,1,43.000,0.0014,0.0059
kp15 run1.txt,11,-15.0,1,44.000,0.0080,0.0092
kp15 run1.txt,11,-15.0,1,45.000,0.0087,0.0124
kp15 run1.txt,11,-15.0,1,46.000,0.0138,0.0156
kp15 run1.txt,11,-15.0,1,47.000,0.0182,0.0188
kp15 run1.txt,11,-15.0,1,48.000,0.0269,0.0219
kp15 run1.txt,11,-15.0,1,49.000,0.0247,0.0250
kp15 run1.txt,11,-15.0,1,50.000,0.0247,0.0281
kp15 run1.txt,11,-15.0,1,51.000,0.0269,0.0311
kp15 run1.txt,11,-15.0,1,52.000,0.0153,0.0340
kp15 run1.txt,11,-15.0,1,53.000,0.0386,0.0369
kp15 run1.txt,11,-15.0,1,54.000,0.0393,0.0398
kp15 run1.txt,11,-15.0,1,55.000,0.0393,0.0426
kp15 run1.txt,11,-15.0,1,56.000,0.0430,0.0453
kp15 run1.txt,11,-15.0,1,57.000,0.0444,0.0480
kp15 run1.txt,11,-15.0,1,58.000,0.0430,0.0506
kp15 run1.txt,11,-15.0,1,59.000,0.0521,0.0532
kp15 run1.txt,11,-15.0,1,60.000,0.0532,0.0557
kp15 run1.txt,11,-15.0,1,61.000,0.0539,0.0582
kp15 run1.txt,11,-15.0,1,62.000,0.0590,0.0606
kp15 run1.txt,11,-15.0,1,63.000,0.0616,0.0630
kp15 run1.txt,11,-15.0,1,64.000,0.0638,0.0652
kp15 run1.txt,11,-15.0,1,65.000,0.0678,0.0675
kp15 run1.txt,11,-15.0,1,66.000,0.0699,0.0697
kp15 run1.txt,11,-15.0,1,67.000,0.0699,0.0718
kp15 run1.txt,11,-15.0,1,68.000,0.0699,0.0738
kp15 run1.txt,11,-15.0,1,69.000,0.0747,0.0758
kp15 run1.txt,11,-15.0,1,70.000,0.0787,0.0777
kp15 run1.txt,11,-15.0,1,71.000,0.0791,0.0796
kp15 run1.txt,11,-15.0,1,72.000,0.0816,0.0814
kp15 run1.txt,11,-15.0,1,73.000,0.0842,0.0832
kp15 run1.txt,11,-15.0,1,74.000,0.0878,0.0849
kp15 run1.txt,11,-15.0,1,75.000,0.0853,0.0865
kp15 run1.txt,11,-15.0,1,76.000,0.0904,0.0881
kp15 run1.txt,11,-15.0,1,77.000,0.0904,0.0897
kp15 run1.txt,11,-15.0,1,78.000,0.0933,0.0911
kp15 run1.txt,11,-15.0,1,79.000,0.0947,0.0925
kp15 run1.txt,11,-15.0,1,80.000,0.0969,0.0939
kp15 run1.txt,11,-15.0,1,81.000,0.0947,0.0952
kp15 run1.txt,11,-15.0,1,82.000,0.0984,0.0965
kp15 run1.txt,11,-15.0,1,83.000,0.1020,0.0977
kp15 run1.txt,11,-15.0,1,84.000,0.1024,0.0988
kp15 run1.txt,11,-15.0,1,85.000,0.1046,0.0999
kp15 run1.txt,11,-15.0,1,86.000,0.1017,0.1010
kp15 run1.txt,11,-15.0,1,87.000,0.1028,0.1020
kp15 run1.txt,11,-15.0,1,88.000,0.1035,0.1030
kp15 run1.txt,11,-15.0,1,89.000,0.1064,0.1039
kp15 run1.txt,11,-15.0,1,90.000,0.1064,0.1047
kp15 run1.txt,11,-15.0,1,91.000,0.1068,0.1055
kp15 run1.txt,11,-15.0,1,92.000,0.1104,0.1063
kp15 run1.txt,11,-15.0,1,93.000,0.1093,0.1070
kp15 run1.txt,11,-15.0,1,94.000,0.1111,0.1077
kp15 run1.txt,11,-15.0,1,95.000,0.1097,0.1084
kp15 run1.txt,11,-15.0,1,96.000,0.1100,0.1090
kp15 run1.txt,11,-15.0,1,97.000,0.1100,0.1096
kp15 run1.txt,11,-15.0,1,98.000,0.1115,0.1101
kp15 run1.txt,11,-15.0,1,99.000,0.1144,0.1106
kp15 run1.txt,11,-15.0,1,100.000,0.1108,0.1110
kp15 run1.txt,11,-15.0,1,101.000,0.1133,0.1115
kp15 run1.txt,11,-15.0,1,102.000,0.1093,0.1119
kp15 run1.txt,11,-15.0,1,103.000,0.1108,0.1122
kp15 run1.txt,11,-15.0,1,104.000,0.1115,0.1125
kp15 run1.txt,11,-15.0,1,105.000,0.1144,0.1128
kp15 run1.txt,11,-15.0,1,106.000,0.1115,0.1131
kp15 run1.txt,11,-15.0,1,107.000,0.1115,0.1133
kp15 run1.txt,11,-15.0,1,108.000,0.1137,0.1136
kp15 run1.txt,11,-15.0,1,109.000,0.1115,0.1137
kp15 run1.txt,11,-15.0,1,110.000,0.1144,0.1139
kp15 run1.txt,11,-15.0,1,111.000,0.1111,0.1140
kp15 run1.txt,11,-15.0,1,112.000,0.1009,0.1141
kp15 run1.txt,11,-15.0,1,113.000,0.1093,0.1142
kp15 run1.txt,11,-15.0,1,114.000,0.1137,0.1143
kp15 run1.txt,11,-15.0,1,115.000,0.1144,0.1143
kp15 run1.txt,11,-15.0,1,116.000,0.1275,0.1143
kp15 run1.txt,11,-15.0,1,117.000,0.1115,0.1143
kp15 run1.txt,11,-15.0,1,118.000,0.1126,0.1143
kp15 run1.txt,11,-15.0,1,119.000,0.1144,0.1143
kp15 run1.txt,11,-15.0,1,120.000,0.1133,0.1142
kp15 run1.txt,11,-15.0,1,121.000,0.1108,0.1142
kp15 run1.txt,11,-15.0,1,122.000,0.1100,0.1141
kp15 run1.txt,11,-15.0,1,123.000,0.1093,0.1140
kp15 run1.txt,11,-15.0,1,124.000,0.1100,0.1139
kp15 run1.txt,11,-15.0,1,125.000,0.1126,0.1138
kp15 run1.txt,11,-15.0,1,126.000,0.1115,0.1136
kp15 run1.txt,11,-15.0,1,127.000,0.1130,0.1135
kp15 run1.txt,11,-15.0,1,128.000,0.1086,0.1133
kp15 run1.txt,11,-15.0,1,129.000,0.1108,0.1132
kp15 run1.txt,11,-15.0,1,130.000,0.0995,0.1130
kp15 run1.txt,11,-15.0,1,131.000,0.1086,0.1128
kp15 run1.txt,11,-15.0,1,132.000,0.1079,0.1126
kp15 run1.txt,11,-15.0,1,133.000,0.1082,0.1124
kp15 run1.txt,11,-15.0,1,134.000,0.1093,0.1122
kp15 run1.txt,11,-15.0,1,135.000,0.1093,0.1120
kp15 run1.txt,11,-15.0,1,136.000,0.1057,0.1118
kp15 run1.txt,11,-15.0,1,137.000,0.1057,0.1116
kp15 run1.txt,11,-15.0,1,138.000,0.1075,0.1113
kp15 run1.txt,11,-15.0,1,139.000,0.1046,0.1111
kp15 run1.txt,11,-15.0,1,140.000,0.1057,0.1109
kp15 run1.txt,11,-15.0,1,141.000,0.1079,0.1106
kp15 run1.txt,11,-15.0,1,142.000,0.0991,0.1104
kp15 run1.txt,11,-15.0,1,143.000,0.1115,0.1102
kp15 run1.txt,11,-15.0,1,144.000,0.1053,0.1099
kp15 run1.txt,11,-15.0,1,145.000,0.1028,0.1097
kp15 run1.txt,11,-15.0,1,146.000,0.1122,0.1094
kp15 run1.txt,11,-15.0,1,147.000,0.1028,0.1092
kp15 run1.txt,11,-15.0,1,148.000,0.1035,0.1089
kp15 run1.txt,11,-15.0,1,149.000,0.1035,0.1087
kp15 run1.txt,11,-15.0,1,150.000,0.1028,0.1084
kp15 run1.txt,11,-15.0,1,151.000,0.0991,0.1082
kp15 run1.txt,11,-15.0,1,152.000,0.1013,0.1079
kp15 run1.txt,11,-15.0,1,153.000,0.1013,0.1077
kp15 run1.txt,11,-15.0,1,154.000,0.1013,0.1074
kp15 run1.txt,11,-15.0,1,155.000,0.0969,0.1072
kp15 run1.txt,11,-15.0,1,156.000,0.0998,0.1070
kp15 run1.txt,11,-15.0,1,157.000,0.1035,0.1067
kp15 run1.txt,11,-15.0,1,158.000,0.0998,0.1065
kp15 run1.txt,11,-15.0,1,159.000,0.0984,0.1062
kp15 run1.txt,11,-15.0,1,160.000,0.0991,0.1060
kp15 run1.txt,11,-15.0,1,161.000,0.0991,0.1058
kp15 run1.txt,11,-15.0,1,162.000,0.1006,0.1056
kp15 run1.txt,11,-15.0,1,163.000,0.0984,0.1053
kp15 run1.txt,11,-15.0,1,164.000,0.1006,0.1051
kp15 run1.txt,11,-15.0,1,165.000,0.0987,0.1049
kp15 run1.txt,11,-15.0,1,166.000,0.0987,0.1047
kp15 run1.txt,11,-15.0,1,167.000,0.0998,0.1045
kp15 run1.txt,11,-15.0,1,168.000,0.0991,0.1043
kp15 run1.txt,11,-15.0,1,169.000,0.1064,0.1041
kp15 run1.txt,11,-15.0,1,170.000,0.0966,0.1039
kp15 run1.txt,11,-15.0,1,171.000,0.0998,0.1037
kp15 run1.txt,11,-15.0,1,172.000,0.1079,0.1035
kp15 run1.txt,11,-15.0,1,173.000,0.0969,0.1033
kp15 run1.txt,11,-15.0,1,174.000,0.1002,0.1031
kp15 run1.txt,11,-15.0,1,175.000,0.1035,0.1030
kp15 run1.txt,11,-15.0,1,176.000,0.1046,0.1028
kp15 run1.txt,11,-15.0,1,177.000,0.1006,0.1026
kp15 run1.txt,11,-15.0,1,178.000,0.1020,0.1025
kp15 run1.txt,11,-15.0,1,179.000,0.0991,0.1023
kp15 run1.txt,11,-15.0,1,180.000,0.0991,0.1021
kp15 run1.txt,11,-15.0,1,181.000,0.0977,0.1020
kp15 run1.txt,11,-15.0,1,182.000,0.0998,0.1018
kp15 run1.txt,11,-15.0,1,183.000,0.0998,0.1017
kp15 run1.txt,11,-15.0,1,184.000,0.0987,0.1016
kp15 run1.txt,11,-15.0,1,185.000,0.0977,0.1014
kp15 run1.txt,11,-15.0,1,186.000,0.0995,0.1013
kp15 run1.txt,11,-15.0,1,187.000,0.1093,0.1012
kp15 run1.txt,11,-15.0,1,188.000,0.1006,0.1011
kp15 run1.txt,11,-15.0,1,189.000,0.0929,0.1009
kp15 run1.txt,11,-15.0,1,190.000,0.0958,0.1008
kp15 run1.txt,11,-15.0,1,191.000,0.0991,0.1007
kp15 run1.txt,11,-15.0,1,192.000,0.0984,0.1006
kp15 run1.txt,11,-15.0,1,193.000,0.0984,0.1005
kp15 run1.txt,11,-15.0,1,194.000,0.0991,0.1004
kp15 run1.txt,11,-15.0,1,195.000,0.1006,0.1003
kp15 run1.txt,11,-15.0,1,196.000,0.1006,0.1002
kp15 run1.txt,11,-15.0,1,197.000,0.0991,0.1002
kp15 run1.txt,11,-15.0,1,198.000,0.1028,0.1001
kp15 run1.txt,11,-15.0,1,199.000,0.0991,0.1000
kp15 run1.txt,11,-15.0,1,200.000,0.1006,0.0999
kp15 run1.txt,11,-15.0,1,201.000,0.0980,0.0999
kp15 run1.txt,11,-15.0,1,202.000,0.0991,0.0998
kp15 run1.txt,11,-15.0,1,203.000,0.0987,0.0997
kp15 run1.txt,11,-15.0,1,204.000,0.0998,0.0997
kp15 run1.txt,11,-15.0,1,205.000,0.0991,0.0996
kp15 run1.txt,11,-15.0,1,206.000,0.0998,0.0996
kp15 run1.txt,11,-15.0,1,207.000,0.0987,0.0995
kp15 run1.txt,11,-15.0,1,208.000,0.0987,0.0995
kp15 run1.txt,11,-15.0,1,209.000,0.0969,0.0994
kp15 run1.txt,11,-15.0,1,210.000,0.0969,0.0994
kp15 run1.txt,11,-15.0,1,211.000,0.0966,0.0993
kp15 run1.txt,11,-15.0,1,212.000,0.0991,0.0993
kp15 run1.txt,11,-15.0,1,213.000,0.1108,0.0993
kp15 run1.txt,11,-15.0,1,214.000,0.0998,0.0992
kp15 run1.txt,11,-15.0,1,215.000,0.0991,0.0992
kp15 run1.txt,11,-15.0,1,216.000,0.0998,0.0992
kp15 run1.txt,11,-15.0,1,217.000,0.0925,0.0991
kp15 run1.txt,11,-15.0,1,218.000,0.0998,0.0991
kp15 run1.txt,11,-15.0,1,219.000,0.0991,0.0991
kp15 run1.txt,11,-15.0,1,220.000,0.0984,0.0991
kp15 run1.txt,11,-15.0,1,221.000,0.0987,0.0991
kp15 run1.txt,11,-15.0,1,222.000,0.0991,0.0991
kp15 run1.txt,11,-15.0,1,223.000,0.0991,0.0990
kp15 run1.txt,11,-15.0,1,224.000,0.0991,0.0990
kp15 run1.txt,11,-15.0,1,225.000,0.0987,0.0990
kp15 run1.txt,11,-15.0,1,226.000,0.1020,0.0990
kp15 run1.txt,11,-15.0,1,227.000,0.0991,0.0990
kp15 run1.txt,11,-15.0,1,228.000,0.0998,0.0990
kp15 run1.txt,11,-15.0,1,229.000,0.0991,0.0990
kp15 run1.txt,11,-15.0,1,230.000,0.1006,0.0990
kp15 run1.txt,11,-15.0,1,231.000,0.0998,0.0990
kp15 run1.txt,11,-15.0,1,232.000,0.0998,0.0990
kp15 run1.txt,11,-15.0,1,233.000,0.0987,0.0990
kp15 run1.txt,11,-15.0,1,234.000,0.0991,0.0990
kp15 run1.txt,11,-15.0,1,235.000,0.0947,0.0990
kp15 run1.txt,11,-15.0,1,236.000,0.1006,0.0990
kp15 run1.txt,11,-15.0,1,237.000,0.0969,0.0990
kp15 run1.txt,11,-15.0,1,238.000,0.1028,0.0991
kp15 run1.txt,11,-15.0,1,239.000,0.0998,0.0991
kp15 run1.txt,11,-15.0,1,240.000,0.0998,0.0991
kp15 run1.txt,11,-15.0,1,241.000,0.0889,0.0991
kp15 run1.txt,11,-15.0,1,242.000,0.1017,0.0991
kp15 run1.txt,11,-15.0,1,243.000,0.1057,0.0991
kp15 run1.txt,11,-15.0,1,244.000,0.0958,0.0991
kp15 run1.txt,11,-15.0,1,245.000,0.1042,0.0991
kp15 run1.txt,11,-15.0,1,246.000,0.1093,0.0992
kp15 run1.txt,11,-15.0,1,247.000,0.0947,0.0992
kp15 run1.txt,11,-15.0,1,248.000,0.1013,0.0992
kp15 run1.txt,11,-15.0,1,249.000,0.1009,0.0992
kp15 run1.txt,11,-15.0,1,250.000,0.0962,0.0992
kp15 run1.txt,11,-15.0,1,251.000,0.0980,0.0992
kp15 run1.txt,11,-15.0,1,252.000,0.0998,0.0992
kp15 run1.txt,11,-15.0,1,253.000,0.1046,0.0993
kp15 run1.txt,11,-15.0,1,254.000,0.1049,0.0993
kp15 run1.txt,11,-15.0,1,255.000,0.1017,0.0993
kp15 run1.txt,11,-15.0,1,256.000,0.0991,0.0993
kp15 run1.txt,11,-15.0,1,257.000,0.1017,0.0993
kp15 run1.txt,11,-15.0,1,258.000,0.1006,0.0994
kp15 run1.txt,11,-15.0,1,259.000,0.1024,0.0994
kp15 run1.txt,11,-15.0,1,260.000,0.0998,0.0994
kp15 run1.txt,11,-15.0,1,261.000,0.0998,0.0994
kp15 run1.txt,11,-15.0,1,262.000,0.0998,0.0994
kp15 run1.txt,11,-15.0,1,263.000,0.1031,0.0994
kp15 run1.txt,11,-15.0,1,264.000,0.1020,0.0995
kp15 run1.txt,11,-15.0,1,265.000,0.1028,0.0995
kp15 run1.txt,11,-15.0,1,266.000,0.0955,0.0995
kp15 run1.txt,11,-15.0,1,267.000,0.1035,0.0995
kp15 run1.txt,11,-15.0,1,268.000,0.0969,0.0995
kp15 run1.txt,11,-15.0,1,269.000,0.1013,0.0996
kp15 run1.txt,11,-15.0,1,270.000,0.0991,0.0996
kp15 run1.txt,11,-15.0,1,271.000,0.0991,0.0996
kp15 run1.txt,11,-15.0,1,272.000,0.0980,0.0996
kp15 run1.txt,11,-15.0,1,273.000,0.1017,0.0996
kp15 run1.txt,11,-15.0,1,274.000,0.1006,0.0996
kp15 run1.txt,11,-15.0,1,275.000,0.1020,0.0997
kp15 run1.txt,11,-15.0,1,276.000,0.1035,0.0997
kp15 run1.txt,11,-15.0,1,277.000,0.1024,0.0997
kp15 run1.txt,11,-15.0,1,278.000,0.0940,0.0997
kp15 run1.txt,11,-15.0,1,279.000,0.0998,0.0997
kp15 run1.txt,11,-15.0,1,280.000,0.0984,0.0997
kp15 run1.txt,11,-15.0,1,281.000,0.0977,0.0997
kp15 run1.txt,11,-15.0,1,282.000,0.0991,0.0998
kp15 run1.txt,11,-15.0,1,283.000,0.1046,0.0998
kp15 run1.txt,11,-15.0,1,284.000,0.0998,0.0998
kp15 run1.txt,11,-15.0,1,285.000,0.0958,0.0998
kp15 run1.txt,11,-15.0,1,286.000,0.0991,0.0998
kp15 run1.txt,11,-15.0,1,287.000,0.1006,0.0998
kp15 run1.txt,11,-15.0,1,288.000,0.0991,0.0998
kp15 run1.txt,11,-15.0,1,289.000,0.1013,0.0999
kp15 run1.txt,11,-15.0,1,290.000,0.1020,0.0999
kp15 run1.txt,11,-15.0,1,291.000,0.1006,0.0999
kp15 run1.txt,11,-15.0,1,292.000,0.0998,0.0999
kp15 run1.txt,11,-15.0,1,293.000,0.0998,0.0999
kp15 run1.txt,11,-15.0,1,294.000,0.1013,0.0999
kp15 run1.txt,11,-15.0,1,295.000,0.1006,0.0999
kp15 run1.txt,11,-15.0,1,296.000,0.0998,0.0999
kp15 run1.txt,11,-15.0,1,297.000,0.0998,0.0999
kp15 run1.txt,11,-15.0,1,298.000,0.1028,0.1000
kp15 run1.txt,11,-15.0,1,299.000,0.0984,0.1000
kp15 run1.txt,11,-15.0,1,300.000,0.0998,0.1000
kp15 run1.txt,11,-15.0,1,301.000,0.1166,0.1000
kp15 run1.txt,11,-15.0,1,302.000,0.1042,0.1000
kp15 run1.txt,11,-15.0,1,303.000,0.0998,0.1000
kp15 run1.txt,11,-15.0,1,304.000,0.1006,0.1000
kp15 run1.txt,11,-15.0,1,305.000,0.1046,0.1000
kp15 run1.txt,11,-15.0,1,306.000,0.1079,0.1000
kp15 run1.txt,11,-15.0,1,307.000,0.1013,0.1000
kp15 run1.txt,11,-15.0,1,308.000,0.1020,0.1000
kp15 run1.txt,11,-15.0,1,309.000,0.0998,0.1000
kp15 run1.txt,11,-15.0,1,310.000,0.1006,0.1001
kp15 run1.txt,11,-15.0,1,311.000,0.0987,0.1001
kp15 run1.txt,11,-15.0,1,312.000,0.0998,0.1001
kp15 run1.txt,11,-15.0,1,313.000,0.1064,0.1001
kp15 run1.txt,11,-15.0,1,314.000,0.0984,0.1001
kp15 run1.txt,11,-15.0,1,315.000,0.0998,0.1001
kp15 run1.txt,11,-15.0,1,316.000,0.1020,0.1001
kp15 run1.txt,11,-15.0,1,317.000,0.0984,0.1001
kp15 run1.txt,11,-15.0,1,318.000,0.1006,0.1001
kp15 run1.txt,11,-15.0,1,319.000,0.1046,0.1001
kp15 run1.txt,11,-15.0,1,320.000,0.1006,0.1001
kp15 run1.txt,11,-15.0,1,321.000,0.1009,0.1001
kp15 run1.txt,11,-15.0,1,322.000,0.1017,0.1001
kp15 run1.txt,11,-15.0,1,323.000,0.0998,0.1001
kp15 run1.txt,11,-15.0,1,324.000,0.0947,0.1001
kp15 run1.txt,11,-15.0,1,325.000,0.1013,0.1001
kp15 run1.txt,11,-15.0,1,326.000,0.1028,0.1001
kp15 run1.txt,11,-15.0,1,327.000,0.1006,0.1001
kp15 run1.txt,11,-15.0,1,328.000,0.1006,0.1001
kp15 run1.txt,11,-15.0,1,329.000,0.1006,0.1001
kp15 run1.txt,11,-15.0,1,330.000,0.1006,0.1001
kp15 run1.txt,11,-15.0,1,331.000,0.1017,0.1001
kp15 run1.txt,11,-15.0,1,332.000,0.1020,0.1001
kp15 run1.txt,11,-15.0,1,333.000,0.1104,0.1001
kp15 run1.txt,11,-15.0,1,334.000,0.1028,0.1001
kp15 run1.txt,11,-15.0,1,335.000,0.1006,0.1001
kp15 run1.txt,11,-15.0,1,336.000,0.0984,0.1001
kp15 run1.txt,11,-15.0,1,337.000,0.1006,0.1001
kp15 run1.txt,11,-15.0,1,338.000,0.1009,0.1001
kp15 run1.txt,11,-15.0,1,339.000,0.1017,0.1001
kp15 run1.txt,11,-15.0,1,340.000,0.0998,0.1001
kp15 run1.txt,11,-15.0,1,341.000,0.0998,0.1001
kp15 run1.txt,11,-15.0,1,342.000,0.0998,0.1001
kp15 run1.txt,11,-15.0,1,343.000,0.1028,0.1001
kp15 run1.txt,11,-15.0,1,344.000,0.1020,0.1001
kp15 run1.txt,11,-15.0,1,345.000,0.1013,0.1001
kp15 run1.txt,11,-15.0,1,346.000,0.0998,0.1001
kp15 run1.txt,11,-15.0,1,347.000,0.1006,0.1001
kp15 run1.txt,11,-15.0,1,348.000,0.1028,0.1001
kp15 run1.txt,11,-15.0,1,349.000,0.1079,0.1001
kp15 run1.txt,11,-15.0,1,350.000,0.1009,0.1001
kp15 run1.txt,11,-15.0,1,351.000,0.1035,0.1001
kp15 run1.txt,11,-15.0,1,352.000,0.0998,0.1001
kp15 run1.txt,11,-15.0,1,353.000,0.1006,0.1001
kp15 run1.txt,11,-15.0,1,354.000,0.0998,0.1001
kp15 run1.txt,11,-15.0,1,355.000,0.1013,0.1001
kp15 run1.txt,11,-15.0,1,356.000,0.1031,0.1001
kp15 run1.txt,11,-15.0,1,357.000,0.0998,0.1001
kp15 run1.txt,11,-15.0,1,358.000,0.0998,0.1001
kp15 run1.txt,11,-15.0,1,359.000,0.1020,0.1001
kp15 run1.txt,11,-15.0,1,360.000,0.1035,0.1001
kp15 run1.txt,11,-15.0,1,361.000,0.0991,0.1001
kp15 run1.txt,11,-15.0,1,362.000,0.1020,0.1001
kp15 run1.txt,11,-15.0,1,363.000,0.0998,0.1001
kp15 run1.txt,11,-15.0,1,364.000,0.0998,0.1001
kp15 run1.txt,11,-15.0,1,365.000,0.1130,0.1001
kp15 run1.txt,11,-15.0,1,366.000,0.1028,0.1001
kp15 run1.txt,11,-15.0,1,367.000,0.0998,0.1001
kp15 run1.txt,11,-15.0,1,368.000,0.0933,0.1001
kp15 run1.txt,11,-15.0,1,369.000,0.1024,0.1001
kp15 run1.txt,11,-15.0,1,370.000,0.0998,0.1001
kp15 run1.txt,11,-15.0,1,371.000,0.1028,0.1001
kp15 run1.txt,11,-15.0,1,372.000,0.1013,0.1001
kp15 run1.txt,11,-15.0,1,373.000,0.0998,0.1001
kp15 run1.txt,11,-15.0,1,374.000,0.1009,0.1001
kp15 run1.txt,11,-15.0,1,375.000,0.1006,0.1001
kp15 run1.txt,11,-15.0,1,376.000,0.1104,0.1001
kp15 run1.txt,11,-15.0,1,377.000,0.1006,0.1001
kp15 run1.txt,11,-15.0,1,378.000,0.1079,0.1001
kp15 run1.txt,11,-15.0,1,379.000,0.0991,0.1001
kp15 run1.txt,11,-15.0,1,380.000,0.0969,0.1001
kp15 run1.txt,11,-15.0,1,381.000,0.0977,0.1001
kp15 run1.txt,11,-15.0,1,382.000,0.0998,0.1001
kp15 run1.txt,11,-15.0,1,383.000,0.1017,0.1001
kp15 run1.txt,11,-15.0,1,384.000,0.1020,0.1001
kp15 run1.txt,11,-15.0,1,385.000,0.1006,0.1001
kp15 run1.txt,11,-15.0,1,386.000,0.1006,0.1001
kp15 run1.txt,11,-15.0,1,387.000,0.1013,0.1001
kp15 run1.txt,11,-15.0,1,388.000,0.0984,0.1001
kp15 run1.txt,11,-15.0,1,389.000,0.0991,0.1001
kp15 run1.txt,11,-15.0,1,390.000,0.0984,0.1001
kp15 run1.txt,11,-15.0,1,391.000,0.1086,0.1001
kp15 run1.txt,11,-15.0,1,392.000,0.1020,0.1001
kp15 run1.txt,11,-15.0,1,393.000,0.1013,0.1001
kp15 run1.txt,11,-15.0,1,394.000,0.1049,0.1001
kp15 run1.txt,11,-15.0,1,395.000,0.0984,0.1001
kp15 run1.txt,11,-15.0,1,396.000,0.1042,0.1001
kp15 run1.txt,11,-15.0,1,397.000,0.0987,0.1001
kp15 run1.txt,11,-15.0,1,398.000,0.1006,0.1001
kp15 run1.txt,11,-15.0,1,399.000,0.0962,0.1001
kp15 run1.txt,11,-15.0,1,400.000,0.1006,0.1001
kp15 run1.txt,11,-15.0,1,401.000,0.1028,0.1001
kp15 run1.txt,11,-15.0,1,402.000,0.0962,0.1001
kp15 run1.txt,11,-15.0,1,403.000,0.0998,0.1001
kp15 run1.txt,11,-15.0,1,404.000,0.1035,0.1001
kp15 run1.txt,11,-15.0,1,405.000,0.1009,0.1001
kp15 run1.txt,11,-15.0,1,406.000,0.0998,0.1001
kp15 run1.txt,11,-15.0,1,407.000,0.0998,0.1001
kp15 run1.txt,11,-15.0,1,408.000,0.1006,0.1001
kp15 run1.txt,11,-15.0,1,409.000,0.1028,0.1001
kp15 run1.txt,11,-15.0,1,410.000,0.0911,0.1001
kp15 run1.txt,11,-15.0,1,411.000,0.1057,0.1001
kp15 run1.txt,11,-15.0,1,412.000,0.0998,0.1001
kp15 run1.txt,11,-15.0,1,413.000,0.1053,0.1001
kp15 run1.txt,11,-15.0,1,414.000,0.1006,0.1001
kp15 run1.txt,11,-15.0,1,415.000,0.1017,0.1001
kp15 run1.txt,11,-15.0,1,416.000,0.1020,0.1001
kp15 run1.txt,11,-15.0,1,417.000,0.1013,0.1001
kp15 run1.txt,11,-15.0,1,418.000,0.1020,0.1001
kp15 run1.txt,11,-15.0,1,419.000,0.0998,0.1001
kp15 run1.txt,11,-15.0,1,420.000,0.0991,0.1001
kp15 run1.txt,11,-15.0,1,421.000,0.1013,0.1001
kp15 run1.txt,11,-15.0,1,422.000,0.1013,0.1001
kp15 run1.txt,11,-15.0,1,423.000,0.1006,0.1001
kp15 run1.txt,11,-15.0,1,424.000,0.1020,0.1001
kp15 run1.txt,11,-15.0,1,425.000,0.0998,0.1001
kp15 run1.txt,11,-15.0,1,426.000,0.1035,0.1001
kp15 run1.txt,11,-15.0,1,427.000,0.1013,0.1001
kp15 run1.txt,11,-15.0,1,428.000,0.1006,0.1001
kp15 run1.txt,11,-15.0,1,429.000,0.1122,0.1001
kp15 run1.txt,11,-15.0,1,430.000,0.0977,0.1001
kp15 run1.txt,11,-15.0,1,431.000,0.1013,0.1001
kp15 run1.txt,11,-15.0,1,432.000,0.1006,0.1001
kp15 run1.txt,11,-15.0,1,433.000,0.0998,0.1001
kp15 run1.txt,11,-15.0,1,434.000,0.1038,0.1001
kp15 run1.txt,11,-15.0,1,435.000,0.0991,0.1001
kp15 run1.txt,11,-15.0,1,436.000,0.1006,0.1001
kp15 run1.txt,11,-15.0,1,437.000,0.0998,0.1001
kp15 run1.txt,11,-15.0,1,438.000,0.1013,0.1001
kp15 run1.txt,11,-15.0,1,439.000,0.1006,0.1001
kp15 run1.txt,11,-15.0,1,440.000,0.1006,0.1001
kp15 run1.txt,11,-15.0,1,441.000,0.1006,0.1001
kp15 run1.txt,11,-15.0,1,442.000,0.1028,0.1001
kp15 run1.txt,11,-15.0,1,443.000,0.0998,0.1001
kp15 run1.txt,11,-15.0,1,444.000,0.0998,0.1001
kp15 run1.txt,11,-15.0,1,445.000,0.1064,0.1001
kp15 run1.txt,11,-15.0,1,446.000,0.1053,0.1001
kp15 run1.txt,11,-15.0,1,447.000,0.1009,0.1001
kp15 run1.txt,11,-15.0,1,448.000,0.1049,0.1001
kp15 run1.txt,11,-15.0,1,449.000,0.0998,0.1001
kp15 run1.txt,11,-15.0,1,450.000,0.0969,0.1001
kp15 run1.txt,11,-15.0,1,451.000,0.0998,0.1001
kp15 run1.txt,11,-15.0,1,452.000,0.0969,0.1001
kp15 run1.txt,11,-15.0,1,453.000,0.1002,0.1001
kp15 run1.txt,11,-15.0,1,454.000,0.1017,0.1001
kp15 run1.txt,11,-15.0,1,455.000,0.0987,0.1001
kp15 run1.txt,11,-15.0,1,456.000,0.0991,0.1001
kp15 run1.txt,11,-15.0,1,457.000,0.1006,0.1001
kp15 run1.txt,11,-15.0,1,458.000,0.1141,0.1001
kp15 run1.txt,11,-15.0,1,459.000,0.1020,0.1001
kp15 run1.txt,11,-15.0,1,460.000,0.0947,0.1001
kp15 run1.txt,11,-15.0,1,461.000,0.1006,0.1001
kp15 run1.txt,11,-15.0,1,462.000,0.1017,0.1001
kp15 run1.txt,11,-15.0,1,463.000,0.0998,0.1001
kp15 run1.txt,11,-15.0,1,464.000,0.1006,0.1001
kp15 run1.txt,11,-15.0,1,465.000,0.1006,0.1001
kp15 run1.txt,11,-15.0,1,466.000,0.1006,0.1001
kp15 run1.txt,11,-15.0,1,467.000,0.0977,0.1001
kp15 run1.txt,11,-15.0,1,468.000,0.0998,0.1001
kp15 run1.txt,11,-15.0,1,469.000,0.0998,0.1001
kp15 run1.txt,11,-15.0,1,470.000,0.0998,0.1001
kp15 run1.txt,11,-15.0,1,471.000,0.0998,0.1001
kp15 run1.txt,11,-15.0,1,472.000,0.0904,0.1001
kp15 run1.txt,11,-15.0,1,473.000,0.0987,0.1001
kp15 run1.txt,11,-15.0,1,474.000,0.1006,0.1001
kp15 run1.txt,11,-15.0,1,475.000,0.1009,0.1001
kp15 run1.txt,11,-15.0,1,476.000,0.1009,0.1001
kp15 run1.txt,11,-15.0,1,477.000,0.1046,0.1001
kp15 run1.txt,11,-15.0,1,478.000,0.0998,0.1001
kp15 run1.txt,11,-15.0,1,479.000,0.0998,0.1001
kp15 run1.txt,11,-15.0,1,480.000,0.0998,0.1001
kp15 run1.txt,11,-15.0,1,481.000,0.0998,0.1001
kp15 run1.txt,11,-15.0,1,482.000,0.1151,0.1001
kp15 run1.txt,11,-15.0,1,483.000,0.1020,0.1001
kp15 run1.txt,11,-15.0,1,484.000,0.0977,0.1001
kp15 run1.txt,11,-15.0,1,485.000,0.0998,0.1001
kp15 run1.txt,11,-15.0,1,486.000,0.0980,0.1001
kp15 run1.txt,11,-15.0,1,487.000,0.0998,0.1001
kp15 run1.txt,11,-15.0,1,488.000,0.0998,0.1001
kp15 run1.txt,11,-15.0,1,489.000,0.1013,0.1001
kp15 run1.txt,11,-15.0,1,490.000,0.0962,0.1001
kp15 run1.txt,11,-15.0,1,491.000,0.1020,0.1001
kp15 run1.txt,11,-15.0,1,492.000,0.1006,0.1001
kp15 run1.txt,11,-15.0,1,493.000,0.1013,0.1001
kp15 run1.txt,11,-15.0,1,494.000,0.0998,0.1001
kp15 run1.txt,11,-15.0,1,495.000,0.1009,0.1001
kp15 run1.txt,11,-15.0,1,496.000,0.0998,0.1001
kp15 run1.txt,11,-15.0,1,497.000,0.1017,0.1001
kp15 run1.txt,11,-15.0,1,498.000,0.0998,0.1001
kp15 run1.txt,11,-15.0,1,499.000,0.0882,0.1001
kp15 run1.txt,11,-15.0,1,500.000,0.1006,0.1001
kp15 run1.txt,11,-15.0,1,501.000,0.0991,0.1001
kp15 run1.txt,11,-15.0,1,502.000,0.1006,0.1001
kp15 run1.txt,11,-15.0,1,503.000,0.1006,0.1001
kp15 run1.txt,11,-15.0,1,504.000,0.0977,0.1001
kp15 run1.txt,11,-15.0,1,505.000,0.0998,0.1001
kp15 run1.txt,11,-15.0,1,506.000,0.0998,0.1001
kp15 run1.txt,11,-15.0,1,507.000,0.1013,0.1001
kp15 run1.txt,11,-15.0,1,508.000,0.0977,0.1001
kp15 run1.txt,11,-15.0,1,509.000,0.1046,0.1001
kp15 run1.txt,11,-15.0,1,510.000,0.0991,0.1001
kp15 run1.txt,11,-15.0,1,511.000,0.0987,0.1001
kp15 run1.txt,11,-15.0,1,512.000,0.1031,0.1001
kp15 run1.txt,11,-15.0,1,513.000,0.0998,0.1001
kp15 run1.txt,11,-15.0,1,514.000,0.0980,0.1001
kp15 run1.txt,11,-15.0,1,515.000,0.0958,0.1001
kp15 run1.txt,11,-15.0,1,516.000,0.0977,0.1001
kp15 run1.txt,11,-15.0,1,517.000,0.0995,0.1001
kp15 run1.txt,11,-15.0,1,518.000,0.0998,0.1001
kp15 run1.txt,11,-15.0,1,519.000,0.0991,0.1001
kp15 run1.txt,11,-15.0,1,520.000,0.0998,0.1001
kp15 run1.txt,11,-15.0,1,521.000,0.0998,0.1001
kp15 run1.txt,11,-15.0,1,522.000,0.0955,0.1001
kp15 run1.txt,11,-15.0,1,523.000,0.0998,0.1001
kp15 run1.txt,11,-15.0,1,524.000,0.1049,0.1001
kp15 run1.txt,11,-15.0,1,525.000,0.0991,0.1001
kp15 run1.txt,11,-15.0,1,526.000,0.0984,0.1001
kp15 run1.txt,11,-15.0,1,527.000,0.1006,0.1001
kp15 run1.txt,11,-15.0,1,528.000,0.1035,0.1001
kp15 run1.txt,11,-15.0,1,529.000,0.0984,0.1001
kp15 run1.txt,11,-15.0,1,530.000,0.1024,0.1001
kp15 run1.txt,11,-15.0,1,531.000,0.0962,0.1001
kp15 run1.txt,11,-15.0,1,532.000,0.0987,0.1001
kp15 run1.txt,11,-15.0,1,533.000,0.1042,0.1001
kp15 run1.txt,11,-15.0,1,534.000,0.0900,0.1001
kp15 run1.txt,11,-15.0,1,535.000,0.1028,0.1001
kp15 run1.txt,11,-15.0,1,536.000,0.0977,0.1001
kp15 run1.txt,11,-15.0,1,537.000,0.0998,0.1001
kp15 run1.txt,11,-15.0,1,538.000,0.1013,0.1001
kp15 run1.txt,11,-15.0,1,539.000,0.0987,0.1001
kp15 run1.txt,11,-15.0,1,540.000,0.0998,0.1001
kp15 run1.txt,11,-15.0,1,541.000,0.1082,0.1001
kp15 run1.txt,11,-15.0,1,542.000,0.0969,0.1001
kp15 run1.txt,11,-15.0,1,543.000,0.1028,0.1001
kp15 run1.txt,11,-15.0,1,544.000,0.1006,0.1001
kp15 run1.txt,11,-15.0,1,545.000,0.1006,0.1001
kp15 run1.txt,11,-15.0,1,546.000,0.0998,0.1001
kp15 run1.txt,11,-15.0,1,547.000,0.1006,0.1001
kp15 run1.txt,11,-15.0,1,548.000,0.1017,0.1001
kp15 run1.txt,11,-15.0,1,549.000,0.0998,0.1001
kp15 run1.txt,11,-15.0,1,550.000,0.1013,0.1001
kp15 run1.txt,11,-15.0,1,551.000,0.1013,0.1001
kp15 run1.txt,11,-15.0,1,552.000,0.0998,0.1001
kp15 run1.txt,11,-15.0,1,553.000,0.1020,0.1001
kp15 run1.txt,11,-15.0,1,554.000,0.1020,0.1001
kp15 run1.txt,11,-15.0,1,555.000,0.1020,0.1001
kp15 run1.txt,11,-15.0,1,556.000,0.0904,0.1001
kp15 run1.txt,11,-15.0,1,557.000,0.1009,0.1001
kp15 run1.txt,11,-15.0,1,558.000,0.1013,0.1001
kp15 run1.txt,11,-15.0,1,559.000,0.1013,0.1001
kp15 run1.txt,11,-15.0,1,560.000,0.1013,0.1001
kp15 run1.txt,11,-15.0,1,561.000,0.0991,0.1001
kp15 run1.txt,11,-15.0,1,562.000,0.1013,0.1001
kp15 run1.txt,11,-15.0,1,563.000,0.0933,0.1001
kp15 run1.txt,11,-15.0,1,564.000,0.1013,0.1001
kp15 run1.txt,11,-15.0,1,565.000,0.1013,0.1001
kp15 run1.txt,11,-15.0,1,566.000,0.1020,0.1001
kp15 run1.txt,11,-15.0,1,567.000,0.0984,0.1001
kp15 run1.txt,11,-15.0,1,568.000,0.0998,0.1001
kp15 run1.txt,11,-15.0,1,569.000,0.0995,0.1001
kp15 run1.txt,11,-15.0,1,570.000,0.1006,0.1001
kp15 run1.txt,11,-15.0,1,571.000,0.0991,0.1001
kp15 run1.txt,11,-15.0,1,572.000,0.0998,0.1001
kp15 run1.txt,11,-15.0,1,573.000,0.0831,0.1001
kp15 run1.txt,11,-15.0,1,574.000,0.0998,0.1001
kp15 run1.txt,11,-15.0,1,575.000,0.1049,0.1001
kp15 run1.txt,11,-15.0,1,576.000,0.1006,0.1001
kp15 run1.txt,11,-15.0,1,577.000,0.1006,0.1001
kp15 run1.txt,11,-15.0,1,578.000,0.1028,0.1001
kp15 run1.txt,11,-15.0,1,579.000,0.1006,0.1001
kp15 run1.txt,11,-15.0,1,580.000,0.0998,0.1001
kp15 run1.txt,11,-15.0,1,581.000,0.1046,0.1001
kp15 run1.txt,11,-15.0,1,582.000,0.1035,0.1001
kp15 run1.txt,11,-15.0,1,583.000,0.1013,0.1001
kp15 run1.txt,11,-15.0,1,584.000,0.1017,0.1001
kp15 run1.txt,11,-15.0,1,585.000,0.0969,0.1001
kp15 run1.txt,11,-15.0,1,586.000,0.0995,0.1001
kp15 run1.txt,11,-15.0,1,587.000,0.1006,0.1001
kp15 run1.txt,11,-15.0,1,588.000,0.1006,0.1001
kp15 run1.txt,11,-15.0,1,589.000,0.0991,0.1001
kp15 run1.txt,11,-15.0,1,590.000,0.1042,0.1001
kp15 run1.txt,11,-15.0,1,591.000,0.0995,0.1001
kp15 run1.txt,11,-15.0,1,592.000,0.1017,0.1001
kp15 run1.txt,11,-15.0,1,593.000,0.1006,0.1001
kp15 run1.txt,11,-15.0,1,594.000,0.0998,0.1001
kp15 run1.txt,11,-15.0,1,595.000,0.0995,0.1001
kp15 run1.txt,11,-15.0,1,596.000,0.1020,0.1001
kp15 run1.txt,11,-15.0,1,597.000,0.0998,0.1001
kp15 run1.txt,11,-15.0,1,598.000,0.1020,0.1001
kp15 run1.txt,11,-15.0,1,599.000,0.1006,0.1001
kp15 run1.txt,12,-15.0,-1,0.000,0.1020,0.1105
kp15 run1.txt,12,-15.0,-1,1.000,0.1115,0.1105
kp15 run1.txt,12,-15.0,-1,2.000,0.1181,0.1103
kp15 run1.txt,12,-15.0,-1,3.000,0.1024,0.1098
kp15 run1.txt,12,-15.0,-1,4.000,0.1093,0.1090
kp15 run1.txt,12,-15.0,-1,5.000,0.1151,0.1080
kp15 run1.txt,12,-15.0,-1,6.000,0.1053,0.1068
kp15 run1.txt,12,-15.0,-1,7.000,0.1159,0.1054
kp15 run1.txt,12,-15.0,-1,8.000,0.0977,0.1038
kp15 run1.txt,12,-15.0,-1,9.000,0.0980,0.1020
kp15 run1.txt,12,-15.0,-1,10.000,0.1020,0.1000
kp15 run1.txt,12,-15.0,-1,11.000,0.1017,0.0979
kp15 run1.txt,12,-15.0,-1,12.000,0.0969,0.0956
kp15 run1.txt,12,-15.0,-1,13.000,0.0933,0.0931
kp15 run1.txt,12,-15.0,-1,14.000,0.0882,0.0905
kp15 run1.txt,12,-15.0,-1,15.000,0.0845,0.0878
kp15 run1.txt,12,-15.0,-1,16.000,0.0802,0.0850
kp15 run1.txt,12,-15.0,-1,17.000,0.0765,0.0821
kp15 run1.txt,12,-15.0,-1,18.000,0.0740,0.0790
kp15 run1.txt,12,-15.0,-1,19.000,0.0729,0.0759
kp15 run1.txt,12,-15.0,-1,20.000,0.0707,0.0727
kp15 run1.txt,12,-15.0,-1,21.000,0.0831,0.0694
kp15 run1.txt,12,-15.0,-1,22.000,0.0627,0.0661
kp15 run1.txt,12,-15.0,-1,23.000,0.0557,0.0626
kp15 run1.txt,12,-15.0,-1,24.000,0.0495,0.0592
kp15 run1.txt,12,-15.0,-1,25.000,0.0503,0.0557
kp15 run1.txt,12,-15.0,-1,26.000,0.0459,0.0521
kp15 run1.txt,12,-15.0,-1,27.000,0.0495,0.0485
kp15 run1.txt,12,-15.0,-1,28.000,0.0408,0.0449
kp15 run1.txt,12,-15.0,-1,29.000,0.0401,0.0413
kp15 run1.txt,12,-15.0,-1,30.000,0.0357,0.0376
kp15 run1.txt,12,-15.0,-1,31.000,0.0320,0.0340
kp15 run1.txt,12,-15.0,-1,32.000,0.0280,0.0303
kp15 run1.txt,12,-15.0,-1,33.000,0.0226,0.0266
kp15 run1.txt,12,-15.0,-1,34.000,0.0182,0.0230
kp15 run1.txt,12,-15.0,-1,35.000,0.0171,0.0193
kp15 run1.txt,12,-15.0,-1,36.000,0.0145,0.0157
kp15 run1.txt,12,-15.0,-1,37.000,0.0182,0.0120
kp15 run1.txt,12,-15.0,-1,38.000,0.0091,0.0084
kp15 run1.txt,12,-15.0,-1,39.000,0.0029,0.0048
kp15 run1.txt,12,-15.0,-1,40.000,0.0007,0.0013
kp15 run1.txt,12,-15.0,-1,41.000,0.0073,-0.0022
kp15 run1.txt,12,-15.0,-1,42.000,-0.0081,-0.0057
kp15 run1.txt,12,-15.0,-1,43.000,-0.0175,-0.0092
kp15 run1.txt,12,-15.0,-1,44.000,-0.0124,-0.0126
kp15 run1.txt,12,-15.0,-1,45.000,-0.0146,-0.0159
kp15 run1.txt,12,-15.0,-1,46.000,-0.0219,-0.0193
kp15 run1.txt,12,-15.0,-1,47.000,-0.0226,-0.0225
kp15 run1.txt,12,-15.0,-1,48.000,-0.0252,-0.0258
kp15 run1.txt,12,-15.0,-1,49.000,-0.0277,-0.0289
kp15 run1.txt,12,-15.0,-1,50.000,-0.0292,-0.0321
kp15 run1.txt,12,-15.0,-1,51.000,-0.0365,-0.0351
kp15 run1.txt,12,-15.0,-1,52.000,-0.0379,-0.0381
kp15 run1.txt,12,-15.0,-1,53.000,-0.0423,-0.0411
kp15 run1.txt,12,-15.0,-1,54.000,-0.0445,-0.0440
kp15 run1.txt,12,-15.0,-1,55.000,-0.0482,-0.0468
kp15 run1.txt,12,-15.0,-1,56.000,-0.0431,-0.0496
kp15 run1.txt,12,-15.0,-1,57.000,-0.0511,-0.0523
kp15 run1.txt,12,-15.0,-1,58.000,-0.0558,-0.0550
kp15 run1.txt,12,-15.0,-1,59.000,-0.0584,-0.0576
kp15 run1.txt,12,-15.0,-1,60.000,-0.0606,-0.0601
kp15 run1.txt,12,-15.0,-1,61.000,-0.0729,-0.0626
kp15 run1.txt,12,-15.0,-1,62.000,-0.0635,-0.0650
kp15 run1.txt,12,-15.0,-1,63.000,-0.0693,-0.0673
kp15 run1.txt,12,-15.0,-1,64.000,-0.0686,-0.0696
kp15 run1.txt,12,-15.0,-1,65.000,-0.0762,-0.0718
kp15 run1.txt,12,-15.0,-1,66.000,-0.0715,-0.0739
kp15 run1.txt,12,-15.0,-1,67.000,-0.0737,-0.0760
kp15 run1.txt,12,-15.0,-1,68.000,-0.0813,-0.0780
kp15 run1.txt,12,-15.0,-1,69.000,-0.0817,-0.0800
kp15 run1.txt,12,-15.0,-1,70.000,-0.0839,-0.0819
kp15 run1.txt,12,-15.0,-1,71.000,-0.0784,-0.0837
kp15 run1.txt,12,-15.0,-1,72.000,-0.0875,-0.0855
kp15 run1.txt,12,-15.0,-1,73.000,-0.0934,-0.0872
kp15 run1.txt,12,-15.0,-1,74.000,-0.0934,-0.0888
kp15 run1.txt,12,-15.0,-1,75.000,-0.1036,-0.0904
kp15 run1.txt,12,-15.0,-1,76.000,-0.0904,-0.0920
kp15 run1.txt,12,-15.0,-1,77.000,-0.0963,-0.0934
kp15 run1.txt,12,-15.0,-1,78.000,-0.0977,-0.0948
kp15 run1.txt,12,-15.0,-1,79.000,-0.0977,-0.0962
kp15 run1.txt,12,-15.0,-1,80.000,-0.1006,-0.0975
kp15 run1.txt,12,-15.0,-1,81.000,-0.0992,-0.0987
kp15 run1.txt,12,-15.0,-1,82.000,-0.1021,-0.0999
kp15 run1.txt,12,-15.0,-1,83.000,-0.1050,-0.1010
kp15 run1.txt,12,-15.0,-1,84.000,-0.1050,-0.1021
kp15 run1.txt,12,-15.0,-1,85.000,-0.1050,-0.1032
kp15 run1.txt,12,-15.0,-1,86.000,-0.1054,-0.1041
kp15 run1.txt,12,-15.0,-1,87.000,-0.1079,-0.1051
kp15 run1.txt,12,-15.0,-1,88.000,-0.1160,-0.1059
kp15 run1.txt,12,-15.0,-1,89.000,-0.1094,-0.1068
kp15 run1.txt,12,-15.0,-1,90.000,-0.1109,-0.1076
kp15 run1.txt,12,-15.0,-1,91.000,-0.1123,-0.1083
kp15 run1.txt,12,-15.0,-1,92.000,-0.1130,-0.1090
kp15 run1.txt,12,-15.0,-1,93.000,-0.1050,-0.1097
kp15 run1.txt,12,-15.0,-1,94.000,-0.1123,-0.1103
kp15 run1.txt,12,-15.0,-1,95.000,-0.1138,-0.1108
kp15 run1.txt,12,-15.0,-1,96.000,-0.1101,-0.1114
kp15 run1.txt,12,-15.0,-1,97.000,-0.1050,-0.1119
kp15 run1.txt,12,-15.0,-1,98.000,-0.1130,-0.1123
kp15 run1.txt,12,-15.0,-1,99.000,-0.1130,-0.1127
kp15 run1.txt,12,-15.0,-1,100.000,-0.1152,-0.1131
kp15 run1.txt,12,-15.0,-1,101.000,-0.1083,-0.1135
kp15 run1.txt,12,-15.0,-1,102.000,-0.1167,-0.1138
kp15 run1.txt,12,-15.0,-1,103.000,-0.1167,-0.1141
kp15 run1.txt,12,-15.0,-1,104.000,-0.1101,-0.1143
kp15 run1.txt,12,-15.0,-1,105.000,-0.1167,-0.1146
kp15 run1.txt,12,-15.0,-1,106.000,-0.1145,-0.1148
kp15 run1.txt,12,-15.0,-1,107.000,-0.1130,-0.1149
kp15 run1.txt,12,-15.0,-1,108.000,-0.1138,-0.1151
kp15 run1.txt,12,-15.0,-1,109.000,-0.1181,-0.1152
kp15 run1.txt,12,-15.0,-1,110.000,-0.1130,-0.1153
kp15 run1.txt,12,-15.0,-1,111.000,-0.1138,-0.1153
kp15 run1.txt,12,-15.0,-1,112.000,-0.1138,-0.1154
kp15 run1.txt,12,-15.0,-1,113.000,-0.1160,-0.1154
kp15 run1.txt,12,-15.0,-1,114.000,-0.1152,-0.1154
kp15 run1.txt,12,-15.0,-1,115.000,-0.1174,-0.1154
kp15 run1.txt,12,-15.0,-1,116.000,-0.1123,-0.1154
kp15 run1.txt,12,-15.0,-1,117.000,-0.1196,-0.1153
kp15 run1.txt,12,-15.0,-1,118.000,-0.1145,-0.1152
kp15 run1.txt,12,-15.0,-1,119.000,-0.1152,-0.1152
kp15 run1.txt,12,-15.0,-1,120.000,-0.1130,-0.1151
kp15 run1.txt,12,-15.0,-1,121.000,-0.1141,-0.1149
kp15 run1.txt,12,-15.0,-1,122.000,-0.1141,-0.1148
kp15 run1.txt,12,-15.0,-1,123.000,-0.1141,-0.1147
kp15 run1.txt,12,-15.0,-1,124.000,-0.1083,-0.1145
kp15 run1.txt,12,-15.0,-1,125.000,-0.1141,-0.1143
kp15 run1.txt,12,-15.0,-1,126.000,-0.1130,-0.1142
kp15 run1.txt,12,-15.0,-1,127.000,-0.1101,-0.1140
kp15 run1.txt,12,-15.0,-1,128.000,-0.1123,-0.1138
kp15 run1.txt,12,-15.0,-1,129.000,-0.1101,-0.1136
kp15 run1.txt,12,-15.0,-1,130.000,-0.1101,-0.1134
kp15 run1.txt,12,-15.0,-1,131.000,-0.1109,-0.1131
kp15 run1.txt,12,-15.0,-1,132.000,-0.1094,-0.1129
kp15 run1.txt,12,-15.0,-1,133.000,-0.1065,-0.1127
kp15 run1.txt,12,-15.0,-1,134.000,-0.1101,-0.1124
kp15 run1.txt,12,-15.0,-1,135.000,-0.1083,-0.1122
kp15 run1.txt,12,-15.0,-1,136.000,-0.1072,-0.1119
kp15 run1.txt,12,-15.0,-1,137.000,-0.1087,-0.1117
kp15 run1.txt,12,-15.0,-1,138.000,-0.1036,-0.1114
kp15 run1.txt,12,-15.0,-1,139.000,-0.1094,-0.1112
kp15 run1.txt,12,-15.0,-1,140.000,-0.1072,-0.1109
kp15 run1.txt,12,-15.0,-1,141.000,-0.1123,-0.1106
kp15 run1.txt,12,-15.0,-1,142.000,-0.1072,-0.1104
kp15 run1.txt,12,-15.0,-1,143.000,-0.1065,-0.1101
kp15 run1.txt,12,-15.0,-1,144.000,-0.1058,-0.1098
kp15 run1.txt,12,-15.0,-1,145.000,-0.1065,-0.1096
kp15 run1.txt,12,-15.0,-1,146.000,-0.0985,-0.1093
kp15 run1.txt,12,-15.0,-1,147.000,-0.1043,-0.1090
kp15 run1.txt,12,-15.0,-1,148.000,-0.1043,-0.1088
kp15 run1.txt,12,-15.0,-1,149.000,-0.0810,-0.1085
kp15 run1.txt,12,-15.0,-1,150.000,-0.0999,-0.1082
kp15 run1.txt,12,-15.0,-1,151.000,-0.1014,-0.1080
kp15 run1.txt,12,-15.0,-1,152.000,-0.1006,-0.1077
kp15 run1.txt,12,-15.0,-1,153.000,-0.1218,-0.1075
kp15 run1.txt,12,-15.0,-1,154.000,-0.1032,-0.1072
kp15 run1.txt,12,-15.0,-1,155.000,-0.1072,-0.1069
kp15 run1.txt,12,-15.0,-1,156.000,-0.1021,-0.1067
kp15 run1.txt,12,-15.0,-1,157.000,-0.0963,-0.1064
kp15 run1.txt,12,-15.0,-1,158.000,-0.0999,-0.1062
kp15 run1.txt,12,-15.0,-1,159.000,-0.1014,-0.1060
kp15 run1.txt,12,-15.0,-1,160.000,-0.1014,-0.1057
kp15 run1.txt,12,-15.0,-1,161.000,-0.0966,-0.1055
kp15 run1.txt,12,-15.0,-1,162.000,-0.0904,-0.1052
kp15 run1.txt,12,-15.0,-1,163.000,-0.1050,-0.1050
kp15 run1.txt,12,-15.0,-1,164.000,-0.1021,-0.1048
kp15 run1.txt,12,-15.0,-1,165.000,-0.0992,-0.1046
kp15 run1.txt,12,-15.0,-1,166.000,-0.1076,-0.1044
kp15 run1.txt,12,-15.0,-1,167.000,-0.0985,-0.1041
kp15 run1.txt,12,-15.0,-1,168.000,-0.1021,-0.1039
kp15 run1.txt,12,-15.0,-1,169.000,-0.1006,-0.1037
kp15 run1.txt,12,-15.0,-1,170.000,-0.1036,-0.1035
kp15 run1.txt,12,-15.0,-1,171.000,-0.0977,-0.1033
kp15 run1.txt,12,-15.0,-1,172.000,-0.0992,-0.1032
kp15 run1.txt,12,-15.0,-1,173.000,-0.0996,-0.1030
kp15 run1.txt,12,-15.0,-1,174.000,-0.0992,-0.1028
kp15 run1.txt,12,-15.0,-1,175.000,-0.1021,-0.1026
kp15 run1.txt,12,-15.0,-1,176.000,-0.0992,-0.1024
kp15 run1.txt,12,-15.0,-1,177.000,-0.1112,-0.1023
kp15 run1.txt,12,-15.0,-1,178.000,-0.0992,-0.1021
kp15 run1.txt,12,-15.0,-1,179.000,-0.0992,-0.1020
kp15 run1.txt,12,-15.0,-1,180.000,-0.0992,-0.1018
kp15 run1.txt,12,-15.0,-1,181.000,-0.0919,-0.1017
kp15 run1.txt,12,-15.0,-1,182.000,-0.0970,-0.1015
kp15 run1.txt,12,-15.0,-1,183.000,-0.0999,-0.1014
kp15 run1.txt,12,-15.0,-1,184.000,-0.0985,-0.1012
kp15 run1.txt,12,-15.0,-1,185.000,-0.0999,-0.1011
kp15 run1.txt,12,-15.0,-1,186.000,-0.0999,-0.1010
kp15 run1.txt,12,-15.0,-1,187.000,-0.0985,-0.1009
kp15 run1.txt,12,-15.0,-1,188.000,-0.0985,-0.1007
kp15 run1.txt,12,-15.0,-1,189.000,-0.1036,-0.1006
kp15 run1.txt,12,-15.0,-1,190.000,-0.1036,-0.1005
kp15 run1.txt,12,-15.0,-1,191.000,-0.0977,-0.1004
kp15 run1.txt,12,-15.0,-1,192.000,-0.0992,-0.1003
kp15 run1.txt,12,-15.0,-1,193.000,-0.0977,-0.1002
kp15 run1.txt,12,-15.0,-1,194.000,-0.0985,-0.1001
kp15 run1.txt,12,-15.0,-1,195.000,-0.0966,-0.1001
kp15 run1.txt,12,-15.0,-1,196.000,-0.1021,-0.1000
kp15 run1.txt,12,-15.0,-1,197.000,-0.1021,-0.0999
kp15 run1.txt,12,-15.0,-1,198.000,-0.0977,-0.0998
kp15 run1.txt,12,-15.0,-1,199.000,-0.1094,-0.0997
kp15 run1.txt,12,-15.0,-1,200.000,-0.0985,-0.0997
kp15 run1.txt,12,-15.0,-1,201.000,-0.1014,-0.0996
kp15 run1.txt,12,-15.0,-1,202.000,-0.0985,-0.0996
kp15 run1.txt,12,-15.0,-1,203.000,-0.0985,-0.0995
kp15 run1.txt,12,-15.0,-1,204.000,-0.0992,-0.0994
kp15 run1.txt,12,-15.0,-1,205.000,-0.0992,-0.0994
kp15 run1.txt,12,-15.0,-1,206.000,-0.0996,-0.0993
kp15 run1.txt,12,-15.0,-1,207.000,-0.0985,-0.0993
kp15 run1.txt,12,-15.0,-1,208.000,-0.0934,-0.0993
kp15 run1.txt,12,-15.0,-1,209.000,-0.0915,-0.0992
kp15 run1.txt,12,-15.0,-1,210.000,-0.0985,-0.0992
kp15 run1.txt,12,-15.0,-1,211.000,-0.0999,-0.0991
kp15 run1.txt,12,-15.0,-1,212.000,-0.0992,-0.0991
kp15 run1.txt,12,-15.0,-1,213.000,-0.1014,-0.0991
kp15 run1.txt,12,-15.0,-1,214.000,-0.0948,-0.0991
kp15 run1.txt,12,-15.0,-1,215.000,-0.0977,-0.0990
kp15 run1.txt,12,-15.0,-1,216.000,-0.1006,-0.0990
kp15 run1.txt,12,-15.0,-1,217.000,-0.1130,-0.0990
kp15 run1.txt,12,-15.0,-1,218.000,-0.0985,-0.0990
kp15 run1.txt,12,-15.0,-1,219.000,-0.0948,-0.0990
kp15 run1.txt,12,-15.0,-1,220.000,-0.0977,-0.0990
kp15 run1.txt,12,-15.0,-1,221.000,-0.0992,-0.0989
kp15 run1.txt,12,-15.0,-1,222.000,-0.0985,-0.0989
kp15 run1.txt,12,-15.0,-1,223.000,-0.0996,-0.0989
kp15 run1.txt,12,-15.0,-1,224.000,-0.0999,-0.0989
kp15 run1.txt,12,-15.0,-1,225.000,-0.0992,-0.0989
kp15 run1.txt,12,-15.0,-1,226.000,-0.0996,-0.0989
kp15 run1.txt,12,-15.0,-1,227.000,-0.0985,-0.0989
kp15 run1.txt,12,-15.0,-1,228.000,-0.0926,-0.0989
kp15 run1.txt,12,-15.0,-1,229.000,-0.0737,-0.0989
kp15 run1.txt,12,-15.0,-1,230.000,-0.0963,-0.0989
kp15 run1.txt,12,-15.0,-1,231.000,-0.0985,-0.0989
kp15 run1.txt,12,-15.0,-1,232.000,-0.0977,-0.0989
kp15 run1.txt,12,-15.0,-1,233.000,-0.1050,-0.0989
kp15 run1.txt,12,-15.0,-1,234.000,-0.1094,-0.0989
kp15 run1.txt,12,-15.0,-1,235.000,-0.0992,-0.0990
kp15 run1.txt,12,-15.0,-1,236.000,-0.0985,-0.0990
kp15 run1.txt,12,-15.0,-1,237.000,-0.1025,-0.0990
kp15 run1.txt,12,-15.0,-1,238.000,-0.0977,-0.0990
kp15 run1.txt,12,-15.0,-1,239.000,-0.0992,-0.0990
kp15 run1.txt,12,-15.0,-1,240.000,-0.1014,-0.0990
kp15 run1.txt,12,-15.0,-1,241.000,-0.1021,-0.0990
kp15 run1.txt,12,-15.0,-1,242.000,-0.1021,-0.0990
kp15 run1.txt,12,-15.0,-1,243.000,-0.1021,-0.0991
kp15 run1.txt,12,-15.0,-1,244.000,-0.1021,-0.0991
kp15 run1.txt,12,-15.0,-1,245.000,-0.1006,-0.0991
kp15 run1.txt,12,-15.0,-1,246.000,-0.0992,-0.0991
kp15 run1.txt,12,-15.0,-1,247.000,-0.0985,-0.0991
kp15 run1.txt,12,-15.0,-1,248.000,-0.1021,-0.0991
kp15 run1.txt,12,-15.0,-1,249.000,-0.1050,-0.0992
kp15 run1.txt,12,-15.0,-1,250.000,-0.0992,-0.0992
kp15 run1.txt,12,-15.0,-1,251.000,-0.1021,-0.0992
kp15 run1.txt,12,-15.0,-1,252.000,-0.0966,-0.0992
kp15 run1.txt,12,-15.0,-1,253.000,-0.0926,-0.0992
kp15 run1.txt,12,-15.0,-1,254.000,-0.1025,-0.0993
kp15 run1.txt,12,-15.0,-1,255.000,-0.0992,-0.0993
kp15 run1.txt,12,-15.0,-1,256.000,-0.1021,-0.0993
kp15 run1.txt,12,-15.0,-1,257.000,-0.0934,-0.0993
kp15 run1.txt,12,-15.0,-1,258.000,-0.1014,-0.0993
kp15 run1.txt,12,-15.0,-1,259.000,-0.1021,-0.0994
kp15 run1.txt,12,-15.0,-1,260.000,-0.1065,-0.0994
kp15 run1.txt,12,-15.0,-1,261.000,-0.1094,-0.0994
kp15 run1.txt,12,-15.0,-1,262.000,-0.1006,-0.0994
kp15 run1.txt,12,-15.0,-1,263.000,-0.1006,-0.0994
kp15 run1.txt,12,-15.0,-1,264.000,-0.1014,-0.0995
kp15 run1.txt,12,-15.0,-1,265.000,-0.1006,-0.0995
kp15 run1.txt,12,-15.0,-1,266.000,-0.1065,-0.0995
kp15 run1.txt,12,-15.0,-1,267.000,-0.0999,-0.0995
kp15 run1.txt,12,-15.0,-1,268.000,-0.0992,-0.0995
kp15 run1.txt,12,-15.0,-1,269.000,-0.0992,-0.0996
kp15 run1.txt,12,-15.0,-1,270.000,-0.1079,-0.0996
kp15 run1.txt,12,-15.0,-1,271.000,-0.0996,-0.0996
kp15 run1.txt,12,-15.0,-1,272.000,-0.0996,-0.0996
kp15 run1.txt,12,-15.0,-1,273.000,-0.1036,-0.0996
kp15 run1.txt,12,-15.0,-1,274.000,-0.1006,-0.0996
kp15 run1.txt,12,-15.0,-1,275.000,-0.1065,-0.0997
kp15 run1.txt,12,-15.0,-1,276.000,-0.1006,-0.0997
kp15 run1.txt,12,-15.0,-1,277.000,-0.1028,-0.0997
kp15 run1.txt,12,-15.0,-1,278.000,-0.1021,-0.0997
kp15 run1.txt,12,-15.0,-1,279.000,-0.1036,-0.0997
kp15 run1.txt,12,-15.0,-1,280.000,-0.0985,-0.0997
kp15 run1.txt,12,-15.0,-1,281.000,-0.1054,-0.0998
kp15 run1.txt,12,-15.0,-1,282.000,-0.1014,-0.0998
kp15 run1.txt,12,-15.0,-1,283.000,-0.0992,-0.0998
kp15 run1.txt,12,-15.0,-1,284.000,-0.1014,-0.0998
kp15 run1.txt,12,-15.0,-1,285.000,-0.1014,-0.0998
kp15 run1.txt,12,-15.0,-1,286.000,-0.0999,-0.0998
kp15 run1.txt,12,-15.0,-1,287.000,-0.1006,-0.0998
kp15 run1.txt,12,-15.0,-1,288.000,-0.1017,-0.0998
kp15 run1.txt,12,-15.0,-1,289.000,-0.1079,-0.0999
kp15 run1.txt,12,-15.0,-1,290.000,-0.1028,-0.0999
kp15 run1.txt,12,-15.0,-1,291.000,-0.1036,-0.0999
kp15 run1.txt,12,-15.0,-1,292.000,-0.0977,-0.0999
kp15 run1.txt,12,-15.0,-1,293.000,-0.0977,-0.0999
kp15 run1.txt,12,-15.0,-1,294.000,-0.1043,-0.0999
kp15 run1.txt,12,-15.0,-1,295.000,-0.1017,-0.0999
kp15 run1.txt,12,-15.0,-1,296.000,-0.0999,-0.0999
kp15 run1.txt,12,-15.0,-1,297.000,-0.1014,-0.0999
kp15 run1.txt,12,-15.0,-1,298.000,-0.1025,-0.1000
kp15 run1.txt,12,-15.0,-1,299.000,-0.1028,-0.1000
kp15 run1.txt,12,-15.0,-1,300.000,-0.1021,-0.1000
kp15 run1.txt,12,-15.0,-1,301.000,-0.0992,-0.1000
kp15 run1.txt,12,-15.0,-1,302.000,-0.0996,-0.1000
kp15 run1.txt,12,-15.0,-1,303.000,-0.1036,-0.1000
kp15 run1.txt,12,-15.0,-1,304.000,-0.1014,-0.1000
kp15 run1.txt,12,-15.0,-1,305.000,-0.1025,-0.1000
kp15 run1.txt,12,-15.0,-1,306.000,-0.1021,-0.1000
kp15 run1.txt,12,-15.0,-1,307.000,-0.1025,-0.1000
kp15 run1.txt,12,-15.0,-1,308.000,-0.1021,-0.1000
kp15 run1.txt,12,-15.0,-1,309.000,-0.1025,-0.1000
kp15 run1.txt,12,-15.0,-1,310.000,-0.1036,-0.1000
kp15 run1.txt,12,-15.0,-1,311.025,-0.0941,-0.1001
kp15 run1.txt,12,-15.0,-1,312.000,-0.1014,-0.1001
kp15 run1.txt,12,-15.0,-1,313.000,-0.1014,-0.1001
kp15 run1.txt,12,-15.0,-1,314.000,-0.1014,-0.1001
kp15 run1.txt,12,-15.0,-1,315.000,-0.1021,-0.1001
kp15 run1.txt,12,-15.0,-1,316.000,-0.0912,-0.1001
kp15 run1.txt,12,-15.0,-1,317.000,-0.1010,-0.1001
kp15 run1.txt,12,-15.0,-1,318.000,-0.1138,-0.1001
kp15 run1.txt,12,-15.0,-1,319.000,-0.1021,-0.1001
kp15 run1.txt,12,-15.0,-1,320.000,-0.1014,-0.1001
kp15 run1.txt,12,-15.0,-1,321.000,-0.0999,-0.1001
kp15 run1.txt,12,-15.0,-1,322.000,-0.1006,-0.1001
kp15 run1.txt,12,-15.0,-1,323.000,-0.1036,-0.1001
kp15 run1.txt,12,-15.0,-1,324.000,-0.1021,-0.1001
kp15 run1.txt,12,-15.0,-1,325.000,-0.0999,-0.1001
kp15 run1.txt,12,-15.0,-1,326.000,-0.0981,-0.1001
kp15 run1.txt,12,-15.0,-1,327.000,-0.1028,-0.1001
kp15 run1.txt,12,-15.0,-1,328.000,-0.1025,-0.1001
kp15 run1.txt,12,-15.0,-1,329.000,-0.1014,-0.1001
kp15 run1.txt,12,-15.0,-1,330.000,-0.1021,-0.1001
kp15 run1.txt,12,-15.0,-1,331.000,-0.1014,-0.1001
kp15 run1.txt,12,-15.0,-1,332.000,-0.1021,-0.1001
kp15 run1.txt,12,-15.0,-1,333.000,-0.1006,-0.1001
kp15 run1.txt,12,-15.0,-1,334.000,-0.0999,-0.1001
kp15 run1.txt,12,-15.0,-1,335.000,-0.0985,-0.1001
kp15 run1.txt,12,-15.0,-1,336.000,-0.1094,-0.1001
kp15 run1.txt,12,-15.0,-1,337.000,-0.0963,-0.1001
kp15 run1.txt,12,-15.0,-1,338.000,-0.0999,-0.1001
kp15 run1.txt,12,-15.0,-1,339.000,-0.1014,-0.1001
kp15 run1.txt,12,-15.0,-1,340.000,-0.0985,-0.1001
kp15 run1.txt,12,-15.0,-1,341.000,-0.1079,-0.1001
kp15 run1.txt,12,-15.0,-1,342.000,-0.1006,-0.1001
kp15 run1.txt,12,-15.0,-1,343.000,-0.0999,-0.1001
kp15 run1.txt,12,-15.0,-1,344.000,-0.0963,-0.1001
kp15 run1.txt,12,-15.0,-1,345.000,-0.1021,-0.1001
kp15 run1.txt,12,-15.0,-1,346.000,-0.0996,-0.1001
kp15 run1.txt,12,-15.0,-1,347.000,-0.1025,-0.1001
kp15 run1.txt,12,-15.0,-1,348.000,-0.0999,-0.1001
kp15 run1.txt,12,-15.0,-1,349.000,-0.1014,-0.1001
kp15 run1.txt,12,-15.0,-1,350.000,-0.0981,-0.1001
kp15 run1.txt,12,-15.0,-1,351.000,-0.1036,-0.1001
kp15 run1.txt,12,-15.0,-1,352.000,-0.1006,-0.1001
kp15 run1.txt,12,-15.0,-1,353.000,-0.0988,-0.1001
kp15 run1.txt,12,-15.0,-1,354.000,-0.0992,-0.1001
kp15 run1.txt,12,-15.0,-1,355.000,-0.0974,-0.1001
kp15 run1.txt,12,-15.0,-1,356.000,-0.1036,-0.1001
kp15 run1.txt,12,-15.0,-1,357.000,-0.1087,-0.1001
kp15 run1.txt,12,-15.0,-1,358.000,-0.1014,-0.1001
kp15 run1.txt,12,-15.0,-1,359.000,-0.0977,-0.1001
kp15 run1.txt,12,-15.0,-1,360.000,-0.1014,-0.1001
kp15 run1.txt,12,-15.0,-1,361.000,-0.1006,-0.1001
kp15 run1.txt,12,-15.0,-1,362.000,-0.1006,-0.1001
kp15 run1.txt,12,-15.0,-1,363.000,-0.1010,-0.1001
kp15 run1.txt,12,-15.0,-1,364.000,-0.1218,-0.1001
kp15 run1.txt,12,-15.0,-1,365.000,-0.0996,-0.1001
kp15 run1.txt,12,-15.0,-1,366.000,-0.0996,-0.1001
kp15 run1.txt,12,-15.0,-1,367.000,-0.1014,-0.1001
kp15 run1.txt,12,-15.0,-1,368.000,-0.0955,-0.1001
kp15 run1.txt,12,-15.0,-1,369.000,-0.1021,-0.1001
kp15 run1.txt,12,-15.0,-1,370.000,-0.0999,-0.1001
kp15 run1.txt,12,-15.0,-1,371.000,-0.1014,-0.1001
kp15 run1.txt,12,-15.0,-1,372.000,-0.0977,-0.1001
kp15 run1.txt,12,-15.0,-1,373.000,-0.1021,-0.1001
kp15 run1.txt,12,-15.0,-1,374.000,-0.1014,-0.1001
kp15 run1.txt,12,-15.0,-1,375.000,-0.0999,-0.1001
kp15 run1.txt,12,-15.0,-1,376.000,-0.1014,-0.1001
kp15 run1.txt,12,-15.0,-1,377.000,-0.1058,-0.1001
kp15 run1.txt,12,-15.0,-1,378.000,-0.1014,-0.1001
kp15 run1.txt,12,-15.0,-1,379.000,-0.0999,-0.1001
kp15 run1.txt,12,-15.0,-1,380.000,-0.1006,-0.1001
kp15 run1.txt,12,-15.0,-1,381.000,-0.0996,-0.1001
kp15 run1.txt,12,-15.0,-1,382.000,-0.1006,-0.1001
kp15 run1.txt,12,-15.0,-1,383.000,-0.0948,-0.1001
kp15 run1.txt,12,-15.0,-1,384.000,-0.0926,-0.1001
kp15 run1.txt,12,-15.0,-1,385.000,-0.0985,-0.1001
kp15 run1.txt,12,-15.0,-1,386.000,-0.1028,-0.1001
kp15 run1.txt,12,-15.0,-1,387.000,-0.0908,-0.1001
kp15 run1.txt,12,-15.0,-1,388.000,-0.1014,-0.1001
kp15 run1.txt,12,-15.0,-1,389.000,-0.1006,-0.1001
kp15 run1.txt,12,-15.0,-1,390.000,-0.0985,-0.1001
kp15 run1.txt,12,-15.0,-1,391.000,-0.0999,-0.1001
kp15 run1.txt,12,-15.0,-1,392.000,-0.0996,-0.1001
kp15 run1.txt,12,-15.0,-1,393.000,-0.1021,-0.1001
kp15 run1.txt,12,-15.0,-1,394.000,-0.0996,-0.1001
kp15 run1.txt,12,-15.0,-1,395.000,-0.1068,-0.1001
kp15 run1.txt,12,-15.0,-1,396.000,-0.1054,-0.1001
kp15 run1.txt,12,-15.0,-1,397.000,-0.0977,-0.1001
kp15 run1.txt,12,-15.0,-1,398.000,-0.0996,-0.1001
kp15 run1.txt,12,-15.0,-1,399.000,-0.1043,-0.1001
kp15 run1.txt,12,-15.0,-1,400.000,-0.1050,-0.1001
kp15 run1.txt,12,-15.0,-1,401.000,-0.0985,-0.1001
kp15 run1.txt,12,-15.0,-1,402.000,-0.0985,-0.1001
kp15 run1.txt,12,-15.0,-1,403.000,-0.1014,-0.1001
kp15 run1.txt,12,-15.0,-1,404.000,-0.1006,-0.1000
kp15 run1.txt,12,-15.0,-1,405.000,-0.1021,-0.1000
kp15 run1.txt,12,-15.0,-1,406.000,-0.1006,-0.1000
kp15 run1.txt,12,-15.0,-1,407.000,-0.0999,-0.1000
kp15 run1.txt,12,-15.0,-1,408.000,-0.1032,-0.1000
kp15 run1.txt,12,-15.0,-1,409.000,-0.0999,-0.1000
kp15 run1.txt,12,-15.0,-1,410.000,-0.1006,-0.1000
kp15 run1.txt,12,-15.0,-1,411.000,-0.1006,-0.1000
kp15 run1.txt,12,-15.0,-1,412.000,-0.0999,-0.1000
kp15 run1.txt,12,-15.0,-1,413.000,-0.1014,-0.1000
kp15 run1.txt,12,-15.0,-1,414.000,-0.1021,-0.1000
kp15 run1.txt,12,-15.0,-1,415.000,-0.0992,-0.1000
kp15 run1.txt,12,-15.0,-1,416.000,-0.1036,-0.1000
kp15 run1.txt,12,-15.0,-1,417.000,-0.1006,-0.1000
kp15 run1.txt,12,-15.0,-1,418.000,-0.0996,-0.1000
kp15 run1.txt,12,-15.0,-1,419.000,-0.0985,-0.1000
kp15 run1.txt,12,-15.0,-1,420.000,-0.1028,-0.1000
kp15 run1.txt,12,-15.0,-1,421.000,-0.1006,-0.1000
kp15 run1.txt,12,-15.0,-1,422.000,-0.1036,-0.1000
kp15 run1.txt,12,-15.0,-1,423.000,-0.1014,-0.1000
kp15 run1.txt,12,-15.0,-1,424.000,-0.1072,-0.1000
kp15 run1.txt,12,-15.0,-1,425.000,-0.0992,-0.1000
kp15 run1.txt,12,-15.0,-1,426.000,-0.0988,-0.1000
kp15 run1.txt,12,-15.0,-1,427.000,-0.1072,-0.1000
kp15 run1.txt,12,-15.0,-1,428.000,-0.1006,-0.1000
kp15 run1.txt,12,-15.0,-1,429.000,-0.1006,-0.1000
kp15 run1.txt,12,-15.0,-1,430.000,-0.1043,-0.1000
kp15 run1.txt,12,-15.0,-1,431.000,-0.0992,-0.1000
kp15 run1.txt,12,-15.0,-1,432.000,-0.1006,-0.1000
kp15 run1.txt,12,-15.0,-1,433.000,-0.1006,-0.1000
kp15 run1.txt,12,-15.0,-1,434.000,-0.1006,-0.1000
kp15 run1.txt,12,-15.0,-1,435.000,-0.1006,-0.1000
kp15 run1.txt,12,-15.0,-1,436.000,-0.0926,-0.1000
kp15 run1.txt,12,-15.0,-1,437.000,-0.1014,-0.1000
kp15 run1.txt,12,-15.0,-1,438.000,-0.1014,-0.1000
kp15 run1.txt,12,-15.0,-1,439.000,-0.0999,-0.1000
kp15 run1.txt,12,-15.0,-1,440.000,-0.1014,-0.1000
kp15 run1.txt,12,-15.0,-1,441.000,-0.1109,-0.1000
kp15 run1.txt,12,-15.0,-1,442.000,-0.0999,-0.1000
kp15 run1.txt,12,-15.0,-1,443.000,-0.1010,-0.1000
kp15 run1.txt,12,-15.0,-1,444.000,-0.0974,-0.1000
kp15 run1.txt,12,-15.0,-1,445.000,-0.1010,-0.1000
kp15 run1.txt,12,-15.0,-1,446.000,-0.0788,-0.1000
kp15 run1.txt,12,-15.0,-1,447.000,-0.0992,-0.1000
kp15 run1.txt,12,-15.0,-1,448.000,-0.0985,-0.1000
kp15 run1.txt,12,-15.0,-1,449.000,-0.0999,-0.1000
kp15 run1.txt,12,-15.0,-1,450.000,-0.0992,-0.1000
kp15 run1.txt,12,-15.0,-1,451.000,-0.1014,-0.1000
kp15 run1.txt,12,-15.0,-1,452.000,-0.1003,-0.1000
kp15 run1.txt,12,-15.0,-1,453.000,-0.0788,-0.1000
kp15 run1.txt,12,-15.0,-1,454.000,-0.0963,-0.1000
kp15 run1.txt,12,-15.0,-1,455.000,-0.0963,-0.1000
kp15 run1.txt,12,-15.0,-1,456.000,-0.0985,-0.1000
kp15 run1.txt,12,-15.0,-1,457.000,-0.0999,-0.1000
kp15 run1.txt,12,-15.0,-1,458.000,-0.1014,-0.1000
kp15 run1.txt,12,-15.0,-1,459.000,-0.0970,-0.1000
kp15 run1.txt,12,-15.0,-1,460.000,-0.1025,-0.1000
kp15 run1.txt,12,-15.0,-1,461.000,-0.1006,-0.1000
kp15 run1.txt,12,-15.0,-1,462.000,-0.1028,-0.1000
kp15 run1.txt,12,-15.0,-1,463.000,-0.0985,-0.1000
kp15 run1.txt,12,-15.0,-1,464.000,-0.0999,-0.1000
kp15 run1.txt,12,-15.0,-1,465.000,-0.1130,-0.1000
kp15 run1.txt,12,-15.0,-1,466.000,-0.1028,-0.1000
kp15 run1.txt,12,-15.0,-1,467.000,-0.0977,-0.1000
kp15 run1.txt,12,-15.0,-1,468.000,-0.0985,-0.1000
kp15 run1.txt,12,-15.0,-1,469.000,-0.0762,-0.1000
kp15 run1.txt,12,-15.0,-1,470.000,-0.0996,-0.1000
kp15 run1.txt,12,-15.0,-1,471.000,-0.1043,-0.1000
kp15 run1.txt,12,-15.0,-1,472.000,-0.0977,-0.1000
kp15 run1.txt,12,-15.0,-1,473.000,-0.1014,-0.1000
kp15 run1.txt,12,-15.0,-1,474.000,-0.0999,-0.1000
kp15 run1.txt,12,-15.0,-1,475.000,-0.1014,-0.1000
kp15 run1.txt,12,-15.0,-1,476.000,-0.0992,-0.1000
kp15 run1.txt,12,-15.0,-1,477.000,-0.1006,-0.1000
kp15 run1.txt,12,-15.0,-1,478.000,-0.0955,-0.1000
kp15 run1.txt,12,-15.0,-1,479.000,-0.0996,-0.1000
kp15 run1.txt,12,-15.0,-1,480.000,-0.0934,-0.1000
kp15 run1.txt,12,-15.0,-1,481.000,-0.0996,-0.1000
kp15 run1.txt,12,-15.0,-1,482.000,-0.0996,-0.1000
kp15 run1.txt,12,-15.0,-1,483.000,-0.0992,-0.1000
kp15 run1.txt,12,-15.0,-1,484.000,-0.1028,-0.1000
kp15 run1.txt,12,-15.0,-1,485.000,-0.0999,-0.1000
kp15 run1.txt,12,-15.0,-1,486.000,-0.1014,-0.1000
kp15 run1.txt,12,-15.0,-1,487.000,-0.1006,-0.1000
kp15 run1.txt,12,-15.0,-1,488.000,-0.1014,-0.1000
kp15 run1.txt,12,-15.0,-1,489.000,-0.1006,-0.1000
kp15 run1.txt,12,-15.0,-1,490.000,-0.0985,-0.1000
kp15 run1.txt,12,-15.0,-1,491.000,-0.1014,-0.1000
kp15 run1.txt,12,-15.0,-1,492.000,-0.1021,-0.1000
kp15 run1.txt,12,-15.0,-1,493.000,-0.1014,-0.1000
kp15 run1.txt,12,-15.0,-1,494.000,-0.0992,-0.1000
kp15 run1.txt,12,-15.0,-1,495.000,-0.1014,-0.1000
kp15 run1.txt,12,-15.0,-1,496.000,-0.1014,-0.1000
kp15 run1.txt,12,-15.0,-1,497.000,-0.0926,-0.1000
kp15 run1.txt,12,-15.0,-1,498.000,-0.0985,-0.1000
kp15 run1.txt,12,-15.0,-1,499.000,-0.1006,-0.1000
kp15 run1.txt,12,-15.0,-1,500.000,-0.0977,-0.1000
kp15 run1.txt,12,-15.0,-1,501.000,-0.0912,-0.1000
kp15 run1.txt,12,-15.0,-1,502.000,-0.1043,-0.1000
kp15 run1.txt,12,-15.0,-1,503.000,-0.1006,-0.1000
kp15 run1.txt,12,-15.0,-1,504.000,-0.0999,-0.1000
kp15 run1.txt,12,-15.0,-1,505.000,-0.1028,-0.1000
kp15 run1.txt,12,-15.0,-1,506.000,-0.0999,-0.1000
kp15 run1.txt,12,-15.0,-1,507.000,-0.0999,-0.1000
kp15 run1.txt,12,-15.0,-1,508.000,-0.1006,-0.1000
kp15 run1.txt,12,-15.0,-1,509.000,-0.0919,-0.1000
kp15 run1.txt,12,-15.0,-1,510.000,-0.0999,-0.1000
kp15 run1.txt,12,-15.0,-1,511.000,-0.0955,-0.1000
kp15 run1.txt,12,-15.0,-1,512.000,-0.0996,-0.1000
kp15 run1.txt,12,-15.0,-1,513.000,-0.1014,-0.1000
kp15 run1.txt,12,-15.0,-1,514.000,-0.1014,-0.1000
kp15 run1.txt,12,-15.0,-1,515.000,-0.0992,-0.1000
kp15 run1.txt,12,-15.0,-1,516.000,-0.0985,-0.1000
kp15 run1.txt,12,-15.0,-1,517.000,-0.1101,-0.1000
kp15 run1.txt,12,-15.0,-1,518.000,-0.1043,-0.1000
kp15 run1.txt,12,-15.0,-1,519.000,-0.0981,-0.1000
kp15 run1.txt,12,-15.0,-1,520.000,-0.1006,-0.1000
kp15 run1.txt,12,-15.0,-1,521.000,-0.0999,-0.1000
kp15 run1.txt,12,-15.0,-1,522.000,-0.0883,-0.1000
kp15 run1.txt,12,-15.0,-1,523.000,-0.1014,-0.1000
kp15 run1.txt,12,-15.0,-1,524.000,-0.1021,-0.1000
kp15 run1.txt,12,-15.0,-1,525.000,-0.0948,-0.1000
kp15 run1.txt,12,-15.0,-1,526.000,-0.1058,-0.1000
kp15 run1.txt,12,-15.0,-1,527.000,-0.1028,-0.1000
kp15 run1.txt,12,-15.0,-1,528.000,-0.1014,-0.1000
kp15 run1.txt,12,-15.0,-1,529.000,-0.1017,-0.1000
kp15 run1.txt,12,-15.0,-1,530.000,-0.1021,-0.1000
kp15 run1.txt,12,-15.0,-1,531.000,-0.1050,-0.1000
kp15 run1.txt,12,-15.0,-1,532.000,-0.1101,-0.1000
kp15 run1.txt,12,-15.0,-1,533.000,-0.1036,-0.1000
kp15 run1.txt,12,-15.0,-1,534.000,-0.0992,-0.1000
kp15 run1.txt,12,-15.0,-1,535.000,-0.1006,-0.1000
kp15 run1.txt,12,-15.0,-1,536.000,-0.1021,-0.1000
kp15 run1.txt,12,-15.0,-1,537.000,-0.0904,-0.1000
kp15 run1.txt,12,-15.0,-1,538.000,-0.0948,-0.1000
kp15 run1.txt,12,-15.0,-1,539.000,-0.1028,-0.1000
kp15 run1.txt,12,-15.0,-1,540.000,-0.1014,-0.1000
kp15 run1.txt,12,-15.0,-1,541.000,-0.1006,-0.1000
kp15 run1.txt,12,-15.0,-1,542.000,-0.0985,-0.1000
kp15 run1.txt,12,-15.0,-1,543.000,-0.1014,-0.1000
kp15 run1.txt,12,-15.0,-1,544.000,-0.1014,-0.1000
kp15 run1.txt,12,-15.0,-1,545.000,-0.1006,-0.1000
kp15 run1.txt,12,-15.0,-1,546.000,-0.1021,-0.1000
kp15 run1.txt,12,-15.0,-1,547.000,-0.0992,-0.1000
kp15 run1.txt,12,-15.0,-1,548.000,-0.0955,-0.1000
kp15 run1.txt,12,-15.0,-1,549.000,-0.0985,-0.1000
kp15 run1.txt,12,-15.0,-1,550.000,-0.1006,-0.1000
kp15 run1.txt,12,-15.0,-1,551.000,-0.0992,-0.1000
kp15 run1.txt,12,-15.0,-1,552.000,-0.0934,-0.1000
kp15 run1.txt,12,-15.0,-1,553.000,-0.1014,-0.1000
kp15 run1.txt,12,-15.0,-1,554.000,-0.0985,-0.1000
kp15 run1.txt,12,-15.0,-1,555.000,-0.0992,-0.1000
kp15 run1.txt,12,-15.0,-1,556.000,-0.1006,-0.1000
kp15 run1.txt,12,-15.0,-1,557.000,-0.1006,-0.1000
kp15 run1.txt,12,-15.0,-1,558.000,-0.1083,-0.1000
kp15 run1.txt,12,-15.0,-1,559.000,-0.1014,-0.1000
kp15 run1.txt,12,-15.0,-1,560.000,-0.1006,-0.1000
kp15 run1.txt,12,-15.0,-1,561.000,-0.1006,-0.1000
kp15 run1.txt,12,-15.0,-1,562.000,-0.1006,-0.1000
kp15 run1.txt,12,-15.0,-1,563.000,-0.1006,-0.1000
kp15 run1.txt,12,-15.0,-1,564.000,-0.0999,-0.1000
kp15 run1.txt,12,-15.0,-1,565.000,-0.0948,-0.1000
kp15 run1.txt,12,-15.0,-1,566.000,-0.0992,-0.1000
kp15 run1.txt,12,-15.0,-1,567.000,-0.0985,-0.1000
kp15 run1.txt,12,-15.0,-1,568.000,-0.0963,-0.1000
kp15 run1.txt,12,-15.0,-1,569.000,-0.1025,-0.1000
kp15 run1.txt,12,-15.0,-1,570.000,-0.1014,-0.1000
kp15 run1.txt,12,-15.0,-1,571.000,-0.0985,-0.1000
kp15 run1.txt,12,-15.0,-1,572.000,-0.1036,-0.1000
kp15 run1.txt,12,-15.0,-1,573.000,-0.1021,-0.1000
kp15 run1.txt,12,-15.0,-1,574.000,-0.0992,-0.1000
kp15 run1.txt,12,-15.0,-1,575.000,-0.1006,-0.1000
kp15 run1.txt,12,-15.0,-1,576.000,-0.0985,-0.1000
kp15 run1.txt,12,-15.0,-1,577.000,-0.1006,-0.1000
kp15 run1.txt,12,-15.0,-1,578.000,-0.1010,-0.1000
kp15 run1.txt,12,-15.0,-1,579.000,-0.0999,-0.1000
kp15 run1.txt,12,-15.0,-1,580.000,-0.0996,-0.1000
kp15 run1.txt,12,-15.0,-1,581.000,-0.0948,-0.1000
kp15 run1.txt,12,-15.0,-1,582.000,-0.1006,-0.1000
kp15 run1.txt,12,-15.0,-1,583.000,-0.0996,-0.1000
kp15 run1.txt,12,-15.0,-1,584.000,-0.1021,-0.1000
kp15 run1.txt,12,-15.0,-1,585.000,-0.0999,-0.1000
kp15 run1.txt,12,-15.0,-1,586.000,-0.1032,-0.1000
kp15 run1.txt,12,-15.0,-1,587.000,-0.0963,-0.1000
kp15 run1.txt,12,-15.0,-1,588.000,-0.1032,-0.1000
kp15 run1.txt,12,-15.0,-1,589.000,-0.0963,-0.1000
kp15 run1.txt,12,-15.0,-1,590.000,-0.0996,-0.1000
kp15 run1.txt,12,-15.0,-1,591.000,-0.1014,-0.1000
kp15 run1.txt,12,-15.0,-1,592.000,-0.1006,-0.1000
kp15 run1.txt,12,-15.0,-1,593.000,-0.0955,-0.1000
kp15 run1.txt,12,-15.0,-1,594.000,-0.1025,-0.1000
kp15 run1.txt,12,-15.0,-1,595.000,-0.1036,-0.1000
kp15 run1.txt,12,-15.0,-1,596.000,-0.0999,-0.1000
kp15 run1.txt,12,-15.0,-1,597.000,-0.1006,-0.1000
kp15 run1.txt,12,-15.0,-1,598.000,-0.1006,-0.1000
kp15 run1.txt,12,-15.0,-1,599.000,-0.1014,-0.1000
kp15 run1.txt,13,-15.0,-1,0.000,0.0987,0.1031
kp15 run1.txt,13,-15.0,-1,1.000,0.0998,0.1031
kp15 run1.txt,13,-15.0,-1,2.000,0.1108,0.1031
kp15 run1.txt,13,-15.0,-1,3.000,0.1436,0.1031
kp15 run1.txt,13,-15.0,-1,4.000,0.1020,0.1031
kp15 run1.txt,13,-15.0,-1,5.000,0.1130,0.1028
kp15 run1.txt,13,-15.0,-1,6.000,0.1108,0.1023
kp15 run1.txt,13,-15.0,-1,7.000,0.1418,0.1016
kp15 run1.txt,13,-15.0,-1,8.000,0.0958,0.1007
kp15 run1.txt,13,-15.0,-1,9.000,0.0998,0.0995
kp15 run1.txt,13,-15.0,-1,10.000,0.1020,0.0982
kp15 run1.txt,13,-15.0,-1,11.000,0.0984,0.0966
kp15 run1.txt,13,-15.0,-1,12.000,0.0951,0.0949
kp15 run1.txt,13,-15.0,-1,13.000,0.0925,0.0930
kp15 run1.txt,13,-15.0,-1,14.000,0.0882,0.0909
kp15 run1.txt,13,-15.0,-1,15.000,0.0743,0.0887
kp15 run1.txt,13,-15.0,-1,16.000,0.0794,0.0863
kp15 run1.txt,13,-15.0,-1,17.000,0.0780,0.0838
kp15 run1.txt,13,-15.0,-1,18.000,0.0754,0.0812
kp15 run1.txt,13,-15.0,-1,19.000,0.0638,0.0785
kp15 run1.txt,13,-15.0,-1,20.000,0.0663,0.0757
kp15 run1.txt,13,-15.0,-1,21.000,0.0627,0.0728
kp15 run1.txt,13,-15.0,-1,22.000,0.0612,0.0698
kp15 run1.txt,13,-15.0,-1,23.000,0.0597,0.0667
kp15 run1.txt,13,-15.0,-1,24.000,0.0550,0.0635
kp15 run1.txt,13,-15.0,-1,25.000,0.0510,0.0603
kp15 run1.txt,13,-15.0,-1,26.000,0.0473,0.0570
kp15 run1.txt,13,-15.0,-1,27.000,0.0455,0.0537
kp15 run1.txt,13,-15.0,-1,28.000,0.0444,0.0503
kp15 run1.txt,13,-15.0,-1,29.000,0.0368,0.0469
kp15 run1.txt,13,-15.0,-1,30.000,0.0408,0.0434
kp15 run1.txt,13,-15.0,-1,31.000,0.0320,0.0399
kp15 run1.txt,13,-15.0,-1,32.000,0.0262,0.0364
kp15 run1.txt,13,-15.0,-1,33.000,0.0211,0.0329
kp15 run1.txt,13,-15.0,-1,34.000,0.0189,0.0294
kp15 run1.txt,13,-15.0,-1,35.000,0.0160,0.0258
kp15 run1.txt,13,-15.0,-1,36.000,0.0134,0.0223
kp15 run1.txt,13,-15.0,-1,37.000,0.0102,0.0188
kp15 run1.txt,13,-15.0,-1,38.000,0.0083,0.0153
kp15 run1.txt,13,-15.0,-1,39.000,0.0051,0.0118
kp15 run1.txt,13,-15.0,-1,40.000,0.0007,0.0083
kp15 run1.txt,13,-15.0,-1,41.000,-0.0030,0.0048
kp15 run1.txt,13,-15.0,-1,42.000,-0.0059,0.0013
kp15 run1.txt,13,-15.0,-1,43.000,-0.0081,-0.0021
kp15 run1.txt,13,-15.0,-1,44.000,-0.0132,-0.0055
kp15 run1.txt,13,-15.0,-1,45.000,-0.0139,-0.0088
kp15 run1.txt,13,-15.0,-1,46.000,-0.0175,-0.0121
kp15 run1.txt,13,-15.0,-1,47.000,-0.0212,-0.0154
kp15 run1.txt,13,-15.0,-1,48.000,-0.0263,-0.0187
kp15 run1.txt,13,-15.0,-1,49.000,-0.0274,-0.0219
kp15 run1.txt,13,-15.0,-1,50.000,-0.0321,-0.0250
kp15 run1.txt,13,-15.0,-1,51.000,-0.0208,-0.0281
kp15 run1.txt,13,-15.0,-1,52.000,-0.0314,-0.0312
kp15 run1.txt,13,-15.0,-1,53.000,-0.0387,-0.0342
kp15 run1.txt,13,-15.0,-1,54.000,-0.0460,-0.0371
kp15 run1.txt,13,-15.0,-1,55.000,-0.0467,-0.0400
kp15 run1.txt,13,-15.0,-1,56.000,-0.0460,-0.0429
kp15 run1.txt,13,-15.0,-1,57.000,-0.0460,-0.0457
kp15 run1.txt,13,-15.0,-1,58.000,-0.0554,-0.0484
kp15 run1.txt,13,-15.0,-1,59.000,-0.0576,-0.0511
kp15 run1.txt,13,-15.0,-1,60.000,-0.0609,-0.0537
kp15 run1.txt,13,-15.0,-1,61.000,-0.0646,-0.0563
kp15 run1.txt,13,-15.0,-1,62.000,-0.0657,-0.0587
kp15 run1.txt,13,-15.0,-1,63.000,-0.0700,-0.0612
kp15 run1.txt,13,-15.0,-1,64.000,-0.0711,-0.0636
kp15 run1.txt,13,-15.0,-1,65.000,-0.0722,-0.0659
kp15 run1.txt,13,-15.0,-1,66.000,-0.0780,-0.0681
kp15 run1.txt,13,-15.0,-1,67.000,-0.0773,-0.0703
kp15 run1.txt,13,-15.0,-1,68.000,-0.0795,-0.0724
kp15 run1.txt,13,-15.0,-1,69.000,-0.0817,-0.0745
kp15 run1.txt,13,-15.0,-1,70.000,-0.0839,-0.0765
kp15 run1.txt,13,-15.0,-1,71.000,-0.0846,-0.0785
kp15 run1.txt,13,-15.0,-1,72.000,-0.0861,-0.0803
kp15 run1.txt,13,-15.0,-1,73.000,-0.0821,-0.0822
kp15 run1.txt,13,-15.0,-1,74.000,-0.0908,-0.0839
kp15 run1.txt,13,-15.0,-1,75.000,-0.0934,-0.0856
kp15 run1.txt,13,-15.0,-1,76.000,-0.0941,-0.0873
kp15 run1.txt,13,-15.0,-1,77.000,-0.0974,-0.0889
kp15 run1.txt,13,-15.0,-1,78.000,-0.0948,-0.0904
kp15 run1.txt,13,-15.0,-1,79.000,-0.0985,-0.0918
kp15 run1.txt,13,-15.0,-1,80.000,-0.1014,-0.0933
kp15 run1.txt,13,-15.0,-1,81.000,-0.1014,-0.0946
kp15 run1.txt,13,-15.0,-1,82.000,-0.1021,-0.0959
kp15 run1.txt,13,-15.0,-1,83.000,-0.0970,-0.0972
kp15 run1.txt,13,-15.0,-1,84.000,-0.1054,-0.0984
kp15 run1.txt,13,-15.0,-1,85.000,-0.1079,-0.0995
kp15 run1.txt,13,-15.0,-1,86.000,-0.1087,-0.1006
kp15 run1.txt,13,-15.0,-1,87.000,-0.1094,-0.1016
kp15 run1.txt,13,-15.0,-1,88.000,-0.1112,-0.1026
kp15 run1.txt,13,-15.0,-1,89.000,-0.1094,-0.1036
kp15 run1.txt,13,-15.0,-1,90.000,-0.1083,-0.1045
kp15 run1.txt,13,-15.0,-1,91.000,-0.1123,-0.1053
kp15 run1.txt,13,-15.0,-1,92.000,-0.1101,-0.1061
kp15 run1.txt,13,-15.0,-1,93.000,-0.1130,-0.1069
kp15 run1.txt,13,-15.0,-1,94.000,-0.1130,-0.1076
kp15 run1.txt,13,-15.0,-1,95.000,-0.1138,-0.1083
kp15 run1.txt,13,-15.0,-1,96.000,-0.1145,-0.1089
kp15 run1.txt,13,-15.0,-1,97.000,-0.1145,-0.1095
kp15 run1.txt,13,-15.0,-1,98.000,-0.1280,-0.1100
kp15 run1.txt,13,-15.0,-1,99.000,-0.1101,-0.1105
kp15 run1.txt,13,-15.0,-1,100.000,-0.1152,-0.1110
kp15 run1.txt,13,-15.0,-1,101.000,-0.1160,-0.1115
kp15 run1.txt,13,-15.0,-1,102.000,-0.1189,-0.1119
kp15 run1.txt,13,-15.0,-1,103.000,-0.1247,-0.1122
kp15 run1.txt,13,-15.0,-1,104.000,-0.1141,-0.1126
kp15 run1.txt,13,-15.0,-1,105.000,-0.1152,-0.1129
kp15 run1.txt,13,-15.0,-1,106.000,-0.1160,-0.1132
kp15 run1.txt,13,-15.0,-1,107.000,-0.1160,-0.1134
kp15 run1.txt,13,-15.0,-1,108.000,-0.1181,-0.1136
kp15 run1.txt,13,-15.0,-1,109.000,-0.1200,-0.1138
kp15 run1.txt,13,-15.0,-1,110.000,-0.1196,-0.1140
kp15 run1.txt,13,-15.0,-1,111.000,-0.1145,-0.1141
kp15 run1.txt,13,-15.0,-1,112.000,-0.1130,-0.1142
kp15 run1.txt,13,-15.0,-1,113.000,-0.1138,-0.1143
kp15 run1.txt,13,-15.0,-1,114.000,-0.1072,-0.1144
kp15 run1.txt,13,-15.0,-1,115.000,-0.1386,-0.1144
kp15 run1.txt,13,-15.0,-1,116.000,-0.1171,-0.1144
kp15 run1.txt,13,-15.0,-1,117.000,-0.1189,-0.1144
kp15 run1.txt,13,-15.0,-1,118.000,-0.1160,-0.1144
kp15 run1.txt,13,-15.0,-1,119.000,-0.1145,-0.1144
kp15 run1.txt,13,-15.0,-1,120.000,-0.1167,-0.1143
kp15 run1.txt,13,-15.0,-1,121.000,-0.1101,-0.1143
kp15 run1.txt,13,-15.0,-1,122.000,-0.1160,-0.1142
kp15 run1.txt,13,-15.0,-1,123.000,-0.1130,-0.1141
kp15 run1.txt,13,-15.0,-1,124.000,-0.1145,-0.1140
kp15 run1.txt,13,-15.0,-1,125.000,-0.1141,-0.1138
kp15 run1.txt,13,-15.0,-1,126.000,-0.1141,-0.1137
kp15 run1.txt,13,-15.0,-1,127.000,-0.1119,-0.1136
kp15 run1.txt,13,-15.0,-1,128.000,-0.1101,-0.1134
kp15 run1.txt,13,-15.0,-1,129.000,-0.1072,-0.1132
kp15 run1.txt,13,-15.0,-1,130.000,-0.1149,-0.1130
kp15 run1.txt,13,-15.0,-1,131.000,-0.1112,-0.1129
kp15 run1.txt,13,-15.0,-1,132.000,-0.1123,-0.1127
kp15 run1.txt,13,-15.0,-1,133.000,-0.1109,-0.1125
kp15 run1.txt,13,-15.0,-1,134.000,-0.1036,-0.1122
kp15 run1.txt,13,-15.0,-1,135.000,-0.1036,-0.1120
kp15 run1.txt,13,-15.0,-1,136.000,-0.1054,-0.1118
kp15 run1.txt,13,-15.0,-1,137.000,-0.1072,-0.1116
kp15 run1.txt,13,-15.0,-1,138.000,-0.1079,-0.1113
kp15 run1.txt,13,-15.0,-1,139.000,-0.1072,-0.1111
kp15 run1.txt,13,-15.0,-1,140.000,-0.1065,-0.1108
kp15 run1.txt,13,-15.0,-1,141.000,-0.1054,-0.1106
kp15 run1.txt,13,-15.0,-1,142.000,-0.1036,-0.1104
kp15 run1.txt,13,-15.0,-1,143.000,-0.1072,-0.1101
kp15 run1.txt,13,-15.0,-1,144.000,-0.1054,-0.1098
kp15 run1.txt,13,-15.0,-1,145.000,-0.1058,-0.1096
kp15 run1.txt,13,-15.0,-1,146.000,-0.1036,-0.1093
kp15 run1.txt,13,-15.0,-1,147.000,-0.1036,-0.1091
kp15 run1.txt,13,-15.0,-1,148.000,-0.1058,-0.1088
kp15 run1.txt,13,-15.0,-1,149.000,-0.1043,-0.1086
kp15 run1.txt,13,-15.0,-1,150.000,-0.1025,-0.1083
kp15 run1.txt,13,-15.0,-1,151.000,-0.1043,-0.1080
kp15 run1.txt,13,-15.0,-1,152.000,-0.1043,-0.1078
kp15 run1.txt,13,-15.0,-1,153.000,-0.1043,-0.1075
kp15 run1.txt,13,-15.0,-1,154.000,-0.1036,-0.1073
kp15 run1.txt,13,-15.0,-1,155.000,-0.1036,-0.1070
kp15 run1.txt,13,-15.0,-1,156.000,-0.1006,-0.1068
kp15 run1.txt,13,-15.0,-1,157.000,-0.1006,-0.1065
kp15 run1.txt,13,-15.0,-1,158.000,-0.0992,-0.1063
kp15 run1.txt,13,-15.0,-1,159.000,-0.1014,-0.1060
kp15 run1.txt,13,-15.0,-1,160.000,-0.1014,-0.1058
kp15 run1.txt,13,-15.0,-1,161.000,-0.0985,-0.1056
kp15 run1.txt,13,-15.0,-1,162.000,-0.0912,-0.1053
kp15 run1.txt,13,-15.0,-1,163.000,-0.1028,-0.1051
kp15 run1.txt,13,-15.0,-1,164.000,-0.0992,-0.1049
kp15 run1.txt,13,-15.0,-1,165.000,-0.1050,-0.1046
kp15 run1.txt,13,-15.0,-1,166.000,-0.1003,-0.1044
kp15 run1.txt,13,-15.0,-1,167.000,-0.0985,-0.1042
kp15 run1.txt,13,-15.0,-1,168.000,-0.0992,-0.1040
kp15 run1.txt,13,-15.0,-1,169.000,-0.0996,-0.1038
kp15 run1.txt,13,-15.0,-1,170.000,-0.0992,-0.1036
kp15 run1.txt,13,-15.0,-1,171.000,-0.0853,-0.1034
kp15 run1.txt,13,-15.0,-1,172.000,-0.0966,-0.1032
kp15 run1.txt,13,-15.0,-1,173.000,-0.0992,-0.1030
kp15 run1.txt,13,-15.0,-1,174.000,-0.0985,-0.1028
kp15 run1.txt,13,-15.0,-1,175.000,-0.0955,-0.1026
kp15 run1.txt,13,-15.0,-1,176.000,-0.0977,-0.1025
kp15 run1.txt,13,-15.0,-1,177.000,-0.1036,-0.1023
kp15 run1.txt,13,-15.0,-1,178.000,-0.0977,-0.1021
kp15 run1.txt,13,-15.0,-1,179.000,-0.0977,-0.1019
kp15 run1.txt,13,-15.0,-1,180.000,-0.0963,-0.1018
kp15 run1.txt,13,-15.0,-1,181.000,-0.0963,-0.1016
kp15 run1.txt,13,-15.0,-1,182.000,-0.0970,-0.1015
kp15 run1.txt,13,-15.0,-1,183.000,-0.0966,-0.1013
kp15 run1.txt,13,-15.0,-1,184.000,-0.0996,-0.1012
kp15 run1.txt,13,-15.0,-1,185.000,-0.0966,-0.1011
kp15 run1.txt,13,-15.0,-1,186.000,-0.0985,-0.1009
kp15 run1.txt,13,-15.0,-1,187.000,-0.1032,-0.1008
kp15 run1.txt,13,-15.0,-1,188.000,-0.0992,-0.1007
kp15 run1.txt,13,-15.0,-1,189.000,-0.0955,-0.1005
kp15 run1.txt,13,-15.0,-1,190.000,-0.0977,-0.1004
kp15 run1.txt,13,-15.0,-1,191.000,-0.0977,-0.1003
kp15 run1.txt,13,-15.0,-1,192.000,-0.0985,-0.1002
kp15 run1.txt,13,-15.0,-1,193.000,-0.0966,-0.1001
kp15 run1.txt,13,-15.0,-1,194.000,-0.0977,-0.1000
kp15 run1.txt,13,-15.0,-1,195.000,-0.0955,-0.0999
kp15 run1.txt,13,-15.0,-1,196.000,-0.0992,-0.0998
kp15 run1.txt,13,-15.0,-1,197.000,-0.0977,-0.0997
kp15 run1.txt,13,-15.0,-1,198.000,-0.0985,-0.0996
kp15 run1.txt,13,-15.0,-1,199.000,-0.0992,-0.0996
kp15 run1.txt,13,-15.0,-1,200.000,-0.0966,-0.0995
kp15 run1.txt,13,-15.0,-1,201.000,-0.0963,-0.0994
kp15 run1.txt,13,-15.0,-1,202.000,-0.0966,-0.0993
kp15 run1.txt,13,-15.0,-1,203.000,-0.0985,-0.0993
kp15 run1.txt,13,-15.0,-1,204.000,-0.1021,-0.0992
kp15 run1.txt,13,-15.0,-1,205.000,-0.0977,-0.0992
kp15 run1.txt,13,-15.0,-1,206.000,-0.0846,-0.0991
kp15 run1.txt,13,-15.0,-1,207.000,-0.1003,-0.0991
kp15 run1.txt,13,-15.0,-1,208.000,-0.0999,-0.0990
kp15 run1.txt,13,-15.0,-1,209.000,-0.0970,-0.0990
kp15 run1.txt,13,-15.0,-1,210.000,-0.0988,-0.0989
kp15 run1.txt,13,-15.0,-1,211.000,-0.0977,-0.0989
kp15 run1.txt,13,-15.0,-1,212.000,-0.0773,-0.0988
kp15 run1.txt,13,-15.0,-1,213.000,-0.1014,-0.0988
kp15 run1.txt,13,-15.0,-1,214.000,-0.0985,-0.0988
kp15 run1.txt,13,-15.0,-1,215.000,-0.1014,-0.0987
kp15 run1.txt,13,-15.0,-1,216.000,-0.0985,-0.0987
kp15 run1.txt,13,-15.0,-1,217.000,-0.0977,-0.0987
kp15 run1.txt,13,-15.0,-1,218.000,-0.1006,-0.0987
kp15 run1.txt,13,-15.0,-1,219.000,-0.0992,-0.0986
kp15 run1.txt,13,-15.0,-1,220.000,-0.1014,-0.0986
kp15 run1.txt,13,-15.0,-1,221.000,-0.1079,-0.0986
kp15 run1.txt,13,-15.0,-1,222.000,-0.0941,-0.0986
kp15 run1.txt,13,-15.0,-1,223.000,-0.0985,-0.0986
kp15 run1.txt,13,-15.0,-1,224.000,-0.1014,-0.0986
kp15 run1.txt,13,-15.0,-1,225.000,-0.0992,-0.0986
kp15 run1.txt,13,-15.0,-1,226.000,-0.1006,-0.0986
kp15 run1.txt,13,-15.0,-1,227.000,-0.0952,-0.0986
kp15 run1.txt,13,-15.0,-1,228.000,-0.0996,-0.0986
kp15 run1.txt,13,-15.0,-1,229.000,-0.0992,-0.0985
kp15 run1.txt,13,-15.0,-1,230.000,-0.0970,-0.0985
kp15 run1.txt,13,-15.0,-1,231.000,-0.1021,-0.0986
kp15 run1.txt,13,-15.0,-1,232.000,-0.0999,-0.0986
kp15 run1.txt,13,-15.0,-1,233.000,-0.1058,-0.0986
kp15 run1.txt,13,-15.0,-1,234.000,-0.1014,-0.0986
kp15 run1.txt,13,-15.0,-1,235.000,-0.1021,-0.0986
kp15 run1.txt,13,-15.0,-1,236.000,-0.1014,-0.0986
kp15 run1.txt,13,-15.0,-1,237.000,-0.1006,-0.0986
kp15 run1.txt,13,-15.0,-1,238.000,-0.1021,-0.0986
kp15 run1.txt,13,-15.0,-1,239.000,-0.0977,-0.0986
kp15 run1.txt,13,-15.0,-1,240.000,-0.0999,-0.0986
kp15 run1.txt,13,-15.0,-1,241.000,-0.1021,-0.0986
kp15 run1.txt,13,-15.0,-1,242.000,-0.1014,-0.0986
kp15 run1.txt,13,-15.0,-1,243.000,-0.1003,-0.0986
kp15 run1.txt,13,-15.0,-1,244.000,-0.1017,-0.0987
kp15 run1.txt,13,-15.0,-1,245.000,-0.0999,-0.0987
kp15 run1.txt,13,-15.0,-1,246.000,-0.1021,-0.0987
kp15 run1.txt,13,-15.0,-1,247.000,-0.1014,-0.0987
kp15 run1.txt,13,-15.0,-1,248.000,-0.1021,-0.0987
kp15 run1.txt,13,-15.0,-1,249.000,-0.1014,-0.0987
kp15 run1.txt,13,-15.0,-1,250.000,-0.1006,-0.0988
kp15 run1.txt,13,-15.0,-1,251.000,-0.0977,-0.0988
kp15 run1.txt,13,-15.0,-1,252.000,-0.1006,-0.0988
kp15 run1.txt,13,-15.0,-1,253.000,-0.1014,-0.0988
kp15 run1.txt,13,-15.0,-1,254.000,-0.0985,-0.0988
kp15 run1.txt,13,-15.0,-1,255.000,-0.1025,-0.0988
kp15 run1.txt,13,-15.0,-1,256.000,-0.1021,-0.0989
kp15 run1.txt,13,-15.0,-1,257.000,-0.0992,-0.0989
kp15 run1.txt,13,-15.0,-1,258.000,-0.0992,-0.0989
kp15 run1.txt,13,-15.0,-1,259.000,-0.1021,-0.0989
kp15 run1.txt,13,-15.0,-1,260.000,-0.1006,-0.0989
kp15 run1.txt,13,-15.0,-1,261.000,-0.1014,-0.0990
kp15 run1.txt,13,-15.0,-1,262.000,-0.1014,-0.0990
kp15 run1.txt,13,-15.0,-1,263.000,-0.0999,-0.0990
kp15 run1.txt,13,-15.0,-1,264.000,-0.1003,-0.0990
kp15 run1.txt,13,-15.0,-1,265.000,-0.1028,-0.0990
kp15 run1.txt,13,-15.0,-1,266.000,-0.1010,-0.0991
kp15 run1.txt,13,-15.0,-1,267.000,-0.1021,-0.0991
kp15 run1.txt,13,-15.0,-1,268.000,-0.1036,-0.0991
kp15 run1.txt,13,-15.0,-1,269.000,-0.1014,-0.0991
kp15 run1.txt,13,-15.0,-1,270.000,-0.0999,-0.0991
kp15 run1.txt,13,-15.0,-1,271.000,-0.1036,-0.0991
kp15 run1.txt,13,-15.0,-1,272.000,-0.1189,-0.0992
kp15 run1.txt,13,-15.0,-1,273.000,-0.0992,-0.0992
kp15 run1.txt,13,-15.0,-1,274.000,-0.1014,-0.0992
kp15 run1.txt,13,-15.0,-1,275.000,-0.0934,-0.0992
kp15 run1.txt,13,-15.0,-1,276.000,-0.0966,-0.0992
kp15 run1.txt,13,-15.0,-1,277.000,-0.1043,-0.0992
kp15 run1.txt,13,-15.0,-1,278.000,-0.1006,-0.0993
kp15 run1.txt,13,-15.0,-1,279.000,-0.1021,-0.0993
kp15 run1.txt,13,-15.0,-1,280.000,-0.1043,-0.0993
kp15 run1.txt,13,-15.0,-1,281.000,-0.1021,-0.0993
kp15 run1.txt,13,-15.0,-1,282.000,-0.1025,-0.0993
kp15 run1.txt,13,-15.0,-1,283.000,-0.1021,-0.0993
kp15 run1.txt,13,-15.0,-1,284.000,-0.1006,-0.0994
kp15 run1.txt,13,-15.0,-1,285.000,-0.0912,-0.0994
kp15 run1.txt,13,-15.0,-1,286.000,-0.1006,-0.0994
kp15 run1.txt,13,-15.0,-1,287.000,-0.1021,-0.0994
kp15 run1.txt,13,-15.0,-1,288.000,-0.1036,-0.0994
kp15 run1.txt,13,-15.0,-1,289.000,-0.1006,-0.0994
kp15 run1.txt,13,-15.0,-1,290.000,-0.1003,-0.0994
kp15 run1.txt,13,-15.0,-1,291.000,-0.1087,-0.0994
kp15 run1.txt,13,-15.0,-1,292.000,-0.1014,-0.0995
kp15 run1.txt,13,-15.0,-1,293.000,-0.0992,-0.0995
kp15 run1.txt,13,-15.0,-1,294.000,-0.1014,-0.0995
kp15 run1.txt,13,-15.0,-1,295.000,-0.0992,-0.0995
kp15 run1.txt,13,-15.0,-1,296.000,-0.0992,-0.0995
kp15 run1.txt,13,-15.0,-1,297.000,-0.1014,-0.0995
kp15 run1.txt,13,-15.0,-1,298.000,-0.1014,-0.0995
kp15 run1.txt,13,-15.0,-1,299.000,-0.0977,-0.0995
kp15 run1.txt,13,-15.0,-1,300.000,-0.1006,-0.0995
kp15 run1.txt,13,-15.0,-1,301.000,-0.1014,-0.0996
kp15 run1.txt,13,-15.0,-1,302.000,-0.0992,-0.0996
kp15 run1.txt,13,-15.0,-1,303.000,-0.1021,-0.0996
kp15 run1.txt,13,-15.0,-1,304.000,-0.1014,-0.0996
kp15 run1.txt,13,-15.0,-1,305.000,-0.1021,-0.0996
kp15 run1.txt,13,-15.0,-1,306.000,-0.1054,-0.0996
kp15 run1.txt,13,-15.0,-1,307.000,-0.1014,-0.0996
kp15 run1.txt,13,-15.0,-1,308.000,-0.0999,-0.0996
kp15 run1.txt,13,-15.0,-1,309.000,-0.0992,-0.0996
kp15 run1.txt,13,-15.0,-1,310.000,-0.1054,-0.0996
kp15 run1.txt,13,-15.0,-1,311.000,-0.0999,-0.0996
kp15 run1.txt,13,-15.0,-1,312.000,-0.1036,-0.0996
kp15 run1.txt,13,-15.0,-1,313.000,-0.1014,-0.0996
kp15 run1.txt,13,-15.0,-1,314.000,-0.1043,-0.0996
kp15 run1.txt,13,-15.0,-1,315.000,-0.1006,-0.0997
kp15 run1.txt,13,-15.0,-1,316.000,-0.1021,-0.0997
kp15 run1.txt,13,-15.0,-1,317.000,-0.1014,-0.0997
kp15 run1.txt,13,-15.0,-1,318.000,-0.0992,-0.0997
kp15 run1.txt,13,-15.0,-1,319.000,-0.1006,-0.0997
kp15 run1.txt,13,-15.0,-1,320.000,-0.1014,-0.0997
kp15 run1.txt,13,-15.0,-1,321.000,-0.0926,-0.0997
kp15 run1.txt,13,-15.0,-1,322.000,-0.0941,-0.0997
kp15 run1.txt,13,-15.0,-1,323.000,-0.0977,-0.0997
kp15 run1.txt,13,-15.0,-1,324.000,-0.1017,-0.0997
kp15 run1.txt,13,-15.0,-1,325.000,-0.1021,-0.0997
kp15 run1.txt,13,-15.0,-1,326.000,-0.1006,-0.0997
kp15 run1.txt,13,-15.0,-1,327.000,-0.1021,-0.0997
kp15 run1.txt,13,-15.0,-1,328.000,-0.0999,-0.0997
kp15 run1.txt,13,-15.0,-1,329.000,-0.0999,-0.0997
kp15 run1.txt,13,-15.0,-1,330.000,-0.1043,-0.0997
kp15 run1.txt,13,-15.0,-1,331.000,-0.1043,-0.0997
kp15 run1.txt,13,-15.0,-1,332.000,-0.0985,-0.0997
kp15 run1.txt,13,-15.0,-1,333.000,-0.1028,-0.0997
kp15 run1.txt,13,-15.0,-1,334.000,-0.1014,-0.0997
kp15 run1.txt,13,-15.0,-1,335.000,-0.1014,-0.0997
kp15 run1.txt,13,-15.0,-1,336.000,-0.1006,-0.0997
kp15 run1.txt,13,-15.0,-1,337.000,-0.1006,-0.0997
kp15 run1.txt,13,-15.0,-1,338.000,-0.1014,-0.0997
kp15 run1.txt,13,-15.0,-1,339.000,-0.1065,-0.0997
kp15 run1.txt,13,-15.0,-1,340.000,-0.1036,-0.0997
kp15 run1.txt,13,-15.0,-1,341.000,-0.0996,-0.0997
kp15 run1.txt,13,-15.0,-1,342.000,-0.1014,-0.0997
kp15 run1.txt,13,-15.0,-1,343.000,-0.1006,-0.0997
kp15 run1.txt,13,-15.0,-1,344.000,-0.1014,-0.0997
kp15 run1.txt,13,-15.0,-1,345.025,-0.1068,-0.0997
kp15 run1.txt,13,-15.0,-1,346.000,-0.0992,-0.0997
kp15 run1.txt,13,-15.0,-1,347.000,-0.1006,-0.0997
kp15 run1.txt,13,-15.0,-1,348.000,-0.1014,-0.0997
kp15 run1.txt,13,-15.0,-1,349.000,-0.1014,-0.0997
kp15 run1.txt,13,-15.0,-1,350.000,-0.1028,-0.0997
kp15 run1.txt,13,-15.0,-1,351.000,-0.1003,-0.0997
kp15 run1.txt,13,-15.0,-1,352.000,-0.0904,-0.0997
kp15 run1.txt,13,-15.0,-1,353.000,-0.1028,-0.0997
kp15 run1.txt,13,-15.0,-1,354.000,-0.1021,-0.0997
kp15 run1.txt,13,-15.0,-1,355.000,-0.1014,-0.0997
kp15 run1.txt,13,-15.0,-1,356.000,-0.1021,-0.0997
kp15 run1.txt,13,-15.0,-1,357.000,-0.1006,-0.0997
kp15 run1.txt,13,-15.0,-1,358.000,-0.1047,-0.0997
kp15 run1.txt,13,-15.0,-1,359.000,-0.0996,-0.0997
kp15 run1.txt,13,-15.0,-1,360.000,-0.0999,-0.0997
kp15 run1.txt,13,-15.0,-1,361.000,-0.0974,-0.0997
kp15 run1.txt,13,-15.0,-1,362.000,-0.0999,-0.0997
kp15 run1.txt,13,-15.0,-1,363.000,-0.0999,-0.0997
kp15 run1.txt,13,-15.0,-1,364.000,-0.0966,-0.0997
kp15 run1.txt,13,-15.0,-1,365.000,-0.0996,-0.0997
kp15 run1.txt,13,-15.0,-1,366.000,-0.0970,-0.0997
kp15 run1.txt,13,-15.0,-1,367.000,-0.1006,-0.0997
kp15 run1.txt,13,-15.0,-1,368.000,-0.1043,-0.0997
kp15 run1.txt,13,-15.0,-1,369.000,-0.1021,-0.0997
kp15 run1.txt,13,-15.0,-1,370.000,-0.1058,-0.0997
kp15 run1.txt,13,-15.0,-1,371.000,-0.1014,-0.0997
kp15 run1.txt,13,-15.0,-1,372.000,-0.0996,-0.0997
kp15 run1.txt,13,-15.0,-1,373.000,-0.1014,-0.0997
kp15 run1.txt,13,-15.0,-1,374.000,-0.0977,-0.0997
kp15 run1.txt,13,-15.0,-1,375.000,-0.0941,-0.0997
kp15 run1.txt,13,-15.0,-1,376.000,-0.0996,-0.0997
kp15 run1.txt,13,-15.0,-1,377.000,-0.0992,-0.0997
kp15 run1.txt,13,-15.0,-1,378.000,-0.1006,-0.0997
kp15 run1.txt,13,-15.0,-1,379.000,-0.0966,-0.0997
kp15 run1.txt,13,-15.0,-1,380.000,-0.1003,-0.0997
kp15 run1.txt,13,-15.0,-1,381.000,-0.0992,-0.0997
kp15 run1.txt,13,-15.0,-1,382.000,-0.1014,-0.0997
kp15 run1.txt,13,-15.0,-1,383.000,-0.1021,-0.0997
kp15 run1.txt,13,-15.0,-1,384.000,-0.1021,-0.0997
kp15 run1.txt,13,-15.0,-1,385.000,-0.1043,-0.0997
kp15 run1.txt,13,-15.0,-1,386.000,-0.0996,-0.0997
kp15 run1.txt,13,-15.0,-1,387.000,-0.1014,-0.0997
kp15 run1.txt,13,-15.0,-1,388.000,-0.1006,-0.0997
kp15 run1.txt,13,-15.0,-1,389.000,-0.0985,-0.0997
kp15 run1.txt,13,-15.0,-1,390.000,-0.0977,-0.0997
kp15 run1.txt,13,-15.0,-1,391.000,-0.1014,-0.0997
kp15 run1.txt,13,-15.0,-1,392.000,-0.0999,-0.0997
kp15 run1.txt,13,-15.0,-1,393.000,-0.0992,-0.0997
kp15 run1.txt,13,-15.0,-1,394.000,-0.1036,-0.0997
kp15 run1.txt,13,-15.0,-1,395.000,-0.1006,-0.0997
kp15 run1.txt,13,-15.0,-1,396.000,-0.0992,-0.0997
kp15 run1.txt,13,-15.0,-1,397.000,-0.0985,-0.0997
kp15 run1.txt,13,-15.0,-1,398.000,-0.0985,-0.0996
kp15 run1.txt,13,-15.0,-1,399.000,-0.1014,-0.0996
kp15 run1.txt,13,-15.0,-1,400.000,-0.1014,-0.0996
kp15 run1.txt,13,-15.0,-1,401.000,-0.1025,-0.0996
kp15 run1.txt,13,-15.0,-1,402.000,-0.1025,-0.0996
kp15 run1.txt,13,-15.0,-1,403.000,-0.0985,-0.0996
kp15 run1.txt,13,-15.0,-1,404.000,-0.1014,-0.0996
kp15 run1.txt,13,-15.0,-1,405.000,-0.0966,-0.0996
kp15 run1.txt,13,-15.0,-1,406.000,-0.1006,-0.0996
kp15 run1.txt,13,-15.0,-1,407.000,-0.1014,-0.0996
kp15 run1.txt,13,-15.0,-1,408.000,-0.1021,-0.0996
kp15 run1.txt,13,-15.0,-1,409.000,-0.0985,-0.0996
kp15 run1.txt,13,-15.0,-1,410.000,-0.0992,-0.0996
kp15 run1.txt,13,-15.0,-1,411.000,-0.1036,-0.0996
kp15 run1.txt,13,-15.0,-1,412.000,-0.0977,-0.0996
kp15 run1.txt,13,-15.0,-1,413.000,-0.0992,-0.0996
kp15 run1.txt,13,-15.0,-1,414.000,-0.1006,-0.0996
kp15 run1.txt,13,-15.0,-1,415.000,-0.0977,-0.0996
kp15 run1.txt,13,-15.0,-1,416.000,-0.0992,-0.0996
kp15 run1.txt,13,-15.0,-1,417.000,-0.1072,-0.0996
kp15 run1.txt,13,-15.0,-1,418.000,-0.1006,-0.0996
kp15 run1.txt,13,-15.0,-1,419.000,-0.0999,-0.0996
kp15 run1.txt,13,-15.0,-1,420.000,-0.1050,-0.0996
kp15 run1.txt,13,-15.0,-1,421.000,-0.1021,-0.0996
kp15 run1.txt,13,-15.0,-1,422.000,-0.1006,-0.0996
kp15 run1.txt,13,-15.0,-1,423.000,-0.0955,-0.0996
kp15 run1.txt,13,-15.0,-1,424.000,-0.0985,-0.0996
kp15 run1.txt,13,-15.0,-1,425.000,-0.0970,-0.0996
kp15 run1.txt,13,-15.0,-1,426.000,-0.1025,-0.0996
kp15 run1.txt,13,-15.0,-1,427.000,-0.1014,-0.0996
kp15 run1.txt,13,-15.0,-1,428.000,-0.0992,-0.0996
kp15 run1.txt,13,-15.0,-1,429.000,-0.0890,-0.0996
kp15 run1.txt,13,-15.0,-1,430.000,-0.1021,-0.0996
kp15 run1.txt,13,-15.0,-1,431.000,-0.0999,-0.0996
kp15 run1.txt,13,-15.0,-1,432.000,-0.1072,-0.0996
kp15 run1.txt,13,-15.0,-1,433.000,-0.0999,-0.0996
kp15 run1.txt,13,-15.0,-1,434.000,-0.0999,-0.0996
kp15 run1.txt,13,-15.0,-1,435.000,-0.0897,-0.0996
kp15 run1.txt,13,-15.0,-1,436.000,-0.0992,-0.0996
kp15 run1.txt,13,-15.0,-1,437.000,-0.0996,-0.0996
kp15 run1.txt,13,-15.0,-1,438.000,-0.0985,-0.0996
kp15 run1.txt,13,-15.0,-1,439.000,-0.0999,-0.0996
kp15 run1.txt,13,-15.0,-1,440.000,-0.0985,-0.0996
kp15 run1.txt,13,-15.0,-1,441.000,-0.1006,-0.0996
kp15 run1.txt,13,-15.0,-1,442.000,-0.1010,-0.0996
kp15 run1.txt,13,-15.0,-1,443.000,-0.1021,-0.0996
kp15 run1.txt,13,-15.0,-1,444.000,-0.0985,-0.0996
kp15 run1.txt,13,-15.0,-1,445.000,-0.0999,-0.0996
kp15 run1.txt,13,-15.0,-1,446.000,-0.1025,-0.0996
kp15 run1.txt,13,-15.0,-1,447.000,-0.0992,-0.0996
kp15 run1.txt,13,-15.0,-1,448.000,-0.1014,-0.0996
kp15 run1.txt,13,-15.0,-1,449.000,-0.1028,-0.0996
kp15 run1.txt,13,-15.0,-1,450.000,-0.1021,-0.0996
kp15 run1.txt,13,-15.0,-1,451.000,-0.0981,-0.0996
kp15 run1.txt,13,-15.0,-1,452.000,-0.1006,-0.0996
kp15 run1.txt,13,-15.0,-1,453.000,-0.1021,-0.0996
kp15 run1.txt,13,-15.0,-1,454.000,-0.0985,-0.0996
kp15 run1.txt,13,-15.0,-1,455.000,-0.0963,-0.0996
kp15 run1.txt,13,-15.0,-1,456.000,-0.1079,-0.0996
kp15 run1.txt,13,-15.0,-1,457.000,-0.1036,-0.0996
kp15 run1.txt,13,-15.0,-1,458.000,-0.0992,-0.0996
kp15 run1.txt,13,-15.0,-1,459.000,-0.0992,-0.0996
kp15 run1.txt,13,-15.0,-1,460.000,-0.1006,-0.0996
kp15 run1.txt,13,-15.0,-1,461.000,-0.0992,-0.0996
kp15 run1.txt,13,-15.0,-1,462.000,-0.1014,-0.0996
kp15 run1.txt,13,-15.0,-1,463.000,-0.0999,-0.0996
kp15 run1.txt,13,-15.0,-1,464.000,-0.1025,-0.0996
kp15 run1.txt,13,-15.0,-1,465.000,-0.0966,-0.0996
kp15 run1.txt,13,-15.0,-1,466.000,-0.1006,-0.0996
kp15 run1.txt,13,-15.0,-1,467.000,-0.0955,-0.0996
kp15 run1.txt,13,-15.0,-1,468.000,-0.1021,-0.0996
kp15 run1.txt,13,-15.0,-1,469.000,-0.1006,-0.0996
kp15 run1.txt,13,-15.0,-1,470.000,-0.0992,-0.0996
kp15 run1.txt,13,-15.0,-1,471.000,-0.0996,-0.0996
kp15 run1.txt,13,-15.0,-1,472.000,-0.0996,-0.0996
kp15 run1.txt,13,-15.0,-1,473.000,-0.1006,-0.0996
kp15 run1.txt,13,-15.0,-1,474.000,-0.0992,-0.0996
kp15 run1.txt,13,-15.0,-1,475.000,-0.0999,-0.0996
kp15 run1.txt,13,-15.0,-1,476.000,-0.0999,-0.0996
kp15 run1.txt,13,-15.0,-1,477.000,-0.1065,-0.0996
kp15 run1.txt,13,-15.0,-1,478.000,-0.0904,-0.0996
kp15 run1.txt,13,-15.0,-1,479.000,-0.0999,-0.0996
kp15 run1.txt,13,-15.0,-1,480.000,-0.0999,-0.0996
kp15 run1.txt,13,-15.0,-1,481.000,-0.1014,-0.0996
kp15 run1.txt,13,-15.0,-1,482.000,-0.1010,-0.0996
kp15 run1.txt,13,-15.0,-1,483.000,-0.0999,-0.0996
kp15 run1.txt,13,-15.0,-1,484.000,-0.1050,-0.0996
kp15 run1.txt,13,-15.0,-1,485.000,-0.1006,-0.0996
kp15 run1.txt,13,-15.0,-1,486.000,-0.1054,-0.0996
kp15 run1.txt,13,-15.0,-1,487.000,-0.0999,-0.0996
kp15 run1.txt,13,-15.0,-1,488.000,-0.1021,-0.0996
kp15 run1.txt,13,-15.0,-1,489.000,-0.0996,-0.0996
kp15 run1.txt,13,-15.0,-1,490.000,-0.0985,-0.0996
kp15 run1.txt,13,-15.0,-1,491.000,-0.0999,-0.0996
kp15 run1.txt,13,-15.0,-1,492.000,-0.1014,-0.0996
kp15 run1.txt,13,-15.0,-1,493.000,-0.0966,-0.0996
kp15 run1.txt,13,-15.0,-1,494.000,-0.1043,-0.0996
kp15 run1.txt,13,-15.0,-1,495.000,-0.1028,-0.0996
kp15 run1.txt,13,-15.0,-1,496.000,-0.0985,-0.0996
kp15 run1.txt,13,-15.0,-1,497.000,-0.0966,-0.0996
kp15 run1.txt,13,-15.0,-1,498.000,-0.1006,-0.0996
kp15 run1.txt,13,-15.0,-1,499.000,-0.0977,-0.0996
kp15 run1.txt,13,-15.0,-1,500.000,-0.1010,-0.0996
kp15 run1.txt,13,-15.0,-1,501.000,-0.0941,-0.0996
kp15 run1.txt,13,-15.0,-1,502.000,-0.1010,-0.0996
kp15 run1.txt,13,-15.0,-1,503.000,-0.1006,-0.0996
kp15 run1.txt,13,-15.0,-1,504.000,-0.0977,-0.0996
kp15 run1.txt,13,-15.0,-1,505.000,-0.0759,-0.0996
kp15 run1.txt,13,-15.0,-1,506.000,-0.0977,-0.0996
kp15 run1.txt,13,-15.0,-1,507.000,-0.1101,-0.0996
kp15 run1.txt,13,-15.0,-1,508.000,-0.0992,-0.0996
kp15 run1.txt,13,-15.0,-1,509.000,-0.0988,-0.0996
kp15 run1.txt,13,-15.0,-1,510.000,-0.0985,-0.0996
kp15 run1.txt,13,-15.0,-1,511.000,-0.0985,-0.0996
kp15 run1.txt,13,-15.0,-1,512.000,-0.0934,-0.0996
kp15 run1.txt,13,-15.0,-1,513.000,-0.0992,-0.0996
kp15 run1.txt,13,-15.0,-1,514.000,-0.1006,-0.0996
kp15 run1.txt,13,-15.0,-1,515.000,-0.0996,-0.0996
kp15 run1.txt,13,-15.0,-1,516.000,-0.0999,-0.0996
kp15 run1.txt,13,-15.0,-1,517.000,-0.0985,-0.0996
kp15 run1.txt,13,-15.0,-1,518.000,-0.0992,-0.0996
kp15 run1.txt,13,-15.0,-1,519.000,-0.1014,-0.0996
kp15 run1.txt,13,-15.0,-1,520.000,-0.1014,-0.0996
kp15 run1.txt,13,-15.0,-1,521.000,-0.0992,-0.0996
kp15 run1.txt,13,-15.0,-1,522.000,-0.0963,-0.0996
kp15 run1.txt,13,-15.0,-1,523.000,-0.1006,-0.0996
kp15 run1.txt,13,-15.0,-1,524.000,-0.0992,-0.0996
kp15 run1.txt,13,-15.0,-1,525.000,-0.0974,-0.0996
kp15 run1.txt,13,-15.0,-1,526.000,-0.1003,-0.0996
kp15 run1.txt,13,-15.0,-1,527.000,-0.1014,-0.0996
kp15 run1.txt,13,-15.0,-1,528.000,-0.1014,-0.0996
kp15 run1.txt,13,-15.0,-1,529.000,-0.1006,-0.0996
kp15 run1.txt,13,-15.0,-1,530.000,-0.1014,-0.0996
kp15 run1.txt,13,-15.0,-1,531.000,-0.0977,-0.0996
kp15 run1.txt,13,-15.0,-1,532.000,-0.1006,-0.0996
kp15 run1.txt,13,-15.0,-1,533.000,-0.0985,-0.0996
kp15 run1.txt,13,-15.0,-1,534.000,-0.0992,-0.0996
kp15 run1.txt,13,-15.0,-1,535.000,-0.0992,-0.0996
kp15 run1.txt,13,-15.0,-1,536.000,-0.1006,-0.0996
kp15 run1.txt,13,-15.0,-1,537.000,-0.0996,-0.0996
kp15 run1.txt,13,-15.0,-1,538.000,-0.1006,-0.0996
kp15 run1.txt,13,-15.0,-1,539.000,-0.1014,-0.0996
kp15 run1.txt,13,-15.0,-1,540.000,-0.0999,-0.0996
kp15 run1.txt,13,-15.0,-1,541.000,-0.1014,-0.0996
kp15 run1.txt,13,-15.0,-1,542.000,-0.1043,-0.0996
kp15 run1.txt,13,-15.0,-1,543.000,-0.1043,-0.0996
kp15 run1.txt,13,-15.0,-1,544.000,-0.0926,-0.0996
kp15 run1.txt,13,-15.0,-1,545.000,-0.1021,-0.0996
kp15 run1.txt,13,-15.0,-1,546.000,-0.1006,-0.0996
kp15 run1.txt,13,-15.0,-1,547.000,-0.1014,-0.0996
kp15 run1.txt,13,-15.0,-1,548.000,-0.1014,-0.0996
kp15 run1.txt,13,-15.0,-1,549.000,-0.0897,-0.0996
kp15 run1.txt,13,-15.0,-1,550.000,-0.0992,-0.0996
kp15 run1.txt,13,-15.0,-1,551.000,-0.1006,-0.0996
kp15 run1.txt,13,-15.0,-1,552.000,-0.0919,-0.0996
kp15 run1.txt,13,-15.0,-1,553.000,-0.1025,-0.0996
kp15 run1.txt,13,-15.0,-1,554.000,-0.0996,-0.0996
kp15 run1.txt,13,-15.0,-1,555.000,-0.0996,-0.0996
kp15 run1.txt,13,-15.0,-1,556.000,-0.1021,-0.0996
kp15 run1.txt,13,-15.0,-1,557.000,-0.1014,-0.0996
kp15 run1.txt,13,-15.0,-1,558.000,-0.0996,-0.0996
kp15 run1.txt,13,-15.0,-1,559.000,-0.0988,-0.0996
kp15 run1.txt,13,-15.0,-1,560.000,-0.0999,-0.0996
kp15 run1.txt,13,-15.0,-1,561.000,-0.0985,-0.0996
kp15 run1.txt,13,-15.0,-1,562.000,-0.0992,-0.0996
kp15 run1.txt,13,-15.0,-1,563.000,-0.1006,-0.0996
kp15 run1.txt,13,-15.0,-1,564.000,-0.1006,-0.0996
kp15 run1.txt,13,-15.0,-1,565.000,-0.1006,-0.0996
kp15 run1.txt,13,-15.0,-1,566.000,-0.1006,-0.0996
kp15 run1.txt,13,-15.0,-1,567.000,-0.1065,-0.0996
kp15 run1.txt,13,-15.0,-1,568.000,-0.1006,-0.0996
kp15 run1.txt,13,-15.0,-1,569.000,-0.1014,-0.0996
kp15 run1.txt,13,-15.0,-1,570.000,-0.1006,-0.0996
kp15 run1.txt,13,-15.0,-1,571.000,-0.0977,-0.0996
kp15 run1.txt,13,-15.0,-1,572.000,-0.0963,-0.0996
kp15 run1.txt,13,-15.0,-1,573.000,-0.0955,-0.0996
kp15 run1.txt,13,-15.0,-1,574.000,-0.1006,-0.0996
kp15 run1.txt,13,-15.0,-1,575.000,-0.1006,-0.0996
kp15 run1.txt,13,-15.0,-1,576.000,-0.0963,-0.0996
kp15 run1.txt,13,-15.0,-1,577.000,-0.0992,-0.0996
kp15 run1.txt,13,-15.0,-1,578.000,-0.1050,-0.0996
kp15 run1.txt,13,-15.0,-1,579.000,-0.0934,-0.0996
kp15 run1.txt,13,-15.0,-1,580.000,-0.0992,-0.0996
kp15 run1.txt,13,-15.0,-1,581.000,-0.1017,-0.0996
kp15 run1.txt,13,-15.0,-1,582.000,-0.0996,-0.0996
kp15 run1.txt,13,-15.0,-1,583.000,-0.1014,-0.0996
kp15 run1.txt,13,-15.0,-1,584.000,-0.0999,-0.0996
kp15 run1.txt,13,-15.0,-1,585.000,-0.0988,-0.0996
kp15 run1.txt,13,-15.0,-1,586.000,-0.0988,-0.0996
kp15 run1.txt,13,-15.0,-1,587.000,-0.1006,-0.0996
kp15 run1.txt,13,-15.0,-1,588.000,-0.0999,-0.0996
kp15 run1.txt,13,-15.0,-1,589.000,-0.0966,-0.0996
kp15 run1.txt,13,-15.0,-1,590.000,-0.0963,-0.0996
kp15 run1.txt,13,-15.0,-1,591.000,-0.1028,-0.0996
kp15 run1.txt,13,-15.0,-1,592.000,-0.1036,-0.0996
kp15 run1.txt,13,-15.0,-1,593.000,-0.1006,-0.0996
kp15 run1.txt,13,-15.0,-1,594.000,-0.0985,-0.0996
kp15 run1.txt,13,-15.0,-1,595.000,-0.0963,-0.0996
kp15 run1.txt,13,-15.0,-1,596.000,-0.0996,-0.0996
kp15 run1.txt,13,-15.0,-1,597.000,-0.1006,-0.0996
kp15 run1.txt,13,-15.0,-1,598.000,-0.0996,-0.0996
kp15 run1.txt,13,-15.0,-1,599.000,-0.1014,-0.0996
kp15 run1.txt,14,-15.0,1,0.000,-0.1017,-0.0969
kp15 run1.txt,14,-15.0,1,1.000,-0.0926,-0.0969
kp15 run1.txt,14,-15.0,1,2.000,-0.0963,-0.0969
kp15 run1.txt,14,-15.0,1,3.000,-0.0948,-0.0968
kp15 run1.txt,14,-15.0,1,4.000,-0.0955,-0.0966
kp15 run1.txt,14,-15.0,1,5.000,-0.0955,-0.0961
kp15 run1.txt,14,-15.0,1,6.000,-0.0955,-0.0954
kp15 run1.txt,14,-15.0,1,7.000,-0.0926,-0.0945
kp15 run1.txt,14,-15.0,1,8.000,-0.0904,-0.0934
kp15 run1.txt,14,-15.0,1,9.000,-0.0919,-0.0921
kp15 run1.txt,14,-15.0,1,10.000,-0.0897,-0.0906
kp15 run1.txt,14,-15.0,1,11.000,-0.0904,-0.0889
kp15 run1.txt,14,-15.0,1,12.000,-0.0868,-0.0870
kp15 run1.txt,14,-15.0,1,13.000,-0.0868,-0.0850
kp15 run1.txt,14,-15.0,1,14.000,-0.0821,-0.0829
kp15 run1.txt,14,-15.0,1,15.000,-0.0839,-0.0806
kp15 run1.txt,14,-15.0,1,16.000,-0.0802,-0.0782
kp15 run1.txt,14,-15.0,1,17.000,-0.0744,-0.0756
kp15 run1.txt,14,-15.0,1,18.000,-0.0751,-0.0730
kp15 run1.txt,14,-15.0,1,19.000,-0.0715,-0.0703
kp15 run1.txt,14,-15.0,1,20.000,-0.0693,-0.0674
kp15 run1.txt,14,-15.0,1,21.000,-0.0635,-0.0645
kp15 run1.txt,14,-15.0,1,22.000,-0.0598,-0.0615
kp15 run1.txt,14,-15.0,1,23.000,-0.0606,-0.0584
kp15 run1.txt,14,-15.0,1,24.000,-0.0598,-0.0553
kp15 run1.txt,14,-15.0,1,25.000,-0.0547,-0.0521
kp15 run1.txt,14,-15.0,1,26.000,-0.0500,-0.0489
kp15 run1.txt,14,-15.0,1,27.000,-0.0525,-0.0456
kp15 run1.txt,14,-15.0,1,28.000,-0.0401,-0.0423
kp15 run1.txt,14,-15.0,1,29.000,-0.0434,-0.0389
kp15 run1.txt,14,-15.0,1,30.000,-0.0394,-0.0355
kp15 run1.txt,14,-15.0,1,31.000,-0.0343,-0.0321
kp15 run1.txt,14,-15.0,1,32.000,-0.0343,-0.0287
kp15 run1.txt,14,-15.0,1,33.000,-0.0285,-0.0253
kp15 run1.txt,14,-15.0,1,34.000,-0.0256,-0.0219
kp15 run1.txt,14,-15.0,1,35.000,-0.0234,-0.0184
kp15 run1.txt,14,-15.0,1,36.000,-0.0190,-0.0150
kp15 run1.txt,14,-15.0,1,37.000,-0.0153,-0.0116
kp15 run1.txt,14,-15.0,1,38.000,-0.0146,-0.0082
kp15 run1.txt,14,-15.0,1,39.000,-0.0081,-0.0048
kp15 run1.txt,14,-15.0,1,40.000,-0.0073,-0.0014
kp15 run1.txt,14,-15.0,1,41.000,-0.0015,0.0019
kp15 run1.txt,14,-15.0,1,42.000,0.0007,0.0052
kp15 run1.txt,14,-15.0,1,43.000,0.0036,0.0085
kp15 run1.txt,14,-15.0,1,44.000,0.0058,0.0118
kp15 run1.txt,14,-15.0,1,45.000,0.0113,0.0150
kp15 run1.txt,14,-15.0,1,46.000,0.0171,0.0182
kp15 run1.txt,14,-15.0,1,47.000,0.0193,0.0214
kp15 run1.txt,14,-15.0,1,48.000,0.0200,0.0245
kp15 run1.txt,14,-15.0,1,49.000,0.0317,0.0275
kp15 run1.txt,14,-15.0,1,50.000,0.0247,0.0305
kp15 run1.txt,14,-15.0,1,51.000,0.0277,0.0335
kp15 run1.txt,14,-15.0,1,52.000,0.0299,0.0364
kp15 run1.txt,14,-15.0,1,53.000,0.0364,0.0393
kp15 run1.txt,14,-15.0,1,54.000,0.0371,0.0421
kp15 run1.txt,14,-15.0,1,55.000,0.0364,0.0449
kp15 run1.txt,14,-15.0,1,56.000,0.0422,0.0476
kp15 run1.txt,14,-15.0,1,57.000,0.0488,0.0502
kp15 run1.txt,14,-15.0,1,58.000,0.0510,0.0528
kp15 run1.txt,14,-15.0,1,59.000,0.0550,0.0554
kp15 run1.txt,14,-15.0,1,60.000,0.0532,0.0578
kp15 run1.txt,14,-15.0,1,61.000,0.0590,0.0603
kp15 run1.txt,14,-15.0,1,62.000,0.0554,0.0626
kp15 run1.txt,14,-15.0,1,63.000,0.0597,0.0649
kp15 run1.txt,14,-15.0,1,64.000,0.0641,0.0672
kp15 run1.txt,14,-15.0,1,65.000,0.0532,0.0694
kp15 run1.txt,14,-15.0,1,66.000,0.0685,0.0715
kp15 run1.txt,14,-15.0,1,67.000,0.0714,0.0736
kp15 run1.txt,14,-15.0,1,68.000,0.0721,0.0756
kp15 run1.txt,14,-15.0,1,69.000,0.0802,0.0775
kp15 run1.txt,14,-15.0,1,70.000,0.0765,0.0794
kp15 run1.txt,14,-15.0,1,71.000,0.0794,0.0812
kp15 run1.txt,14,-15.0,1,72.000,0.0809,0.0830
kp15 run1.txt,14,-15.0,1,73.000,0.0816,0.0847
kp15 run1.txt,14,-15.0,1,74.000,0.0874,0.0864
kp15 run1.txt,14,-15.0,1,75.000,0.0845,0.0880
kp15 run1.txt,14,-15.0,1,76.000,0.0882,0.0895
kp15 run1.txt,14,-15.0,1,77.000,0.0904,0.0910
kp15 run1.txt,14,-15.0,1,78.000,0.0969,0.0924
kp15 run1.txt,14,-15.0,1,79.000,0.0933,0.0938
kp15 run1.txt,14,-15.0,1,80.000,0.0969,0.0951
kp15 run1.txt,14,-15.0,1,81.000,0.0907,0.0964
kp15 run1.txt,14,-15.0,1,82.000,0.0969,0.0976
kp15 run1.txt,14,-15.0,1,83.000,0.0995,0.0987
kp15 run1.txt,14,-15.0,1,84.000,0.1006,0.0998
kp15 run1.txt,14,-15.0,1,85.000,0.1038,0.1009
kp15 run1.txt,14,-15.0,1,86.000,0.0962,0.1019
kp15 run1.txt,14,-15.0,1,87.000,0.1035,0.1029
kp15 run1.txt,14,-15.0,1,88.000,0.1006,0.1038
kp15 run1.txt,14,-15.0,1,89.000,0.1071,0.1047
kp15 run1.txt,14,-15.0,1,90.000,0.1079,0.1055
kp15 run1.txt,14,-15.0,1,91.000,0.1319,0.1063
kp15 run1.txt,14,-15.0,1,92.000,0.1075,0.1070
kp15 run1.txt,14,-15.0,1,93.000,0.1086,0.1077
kp15 run1.txt,14,-15.0,1,94.000,0.1115,0.1083
kp15 run1.txt,14,-15.0,1,95.000,0.1108,0.1090
kp15 run1.txt,14,-15.0,1,96.000,0.1108,0.1095
kp15 run1.txt,14,-15.0,1,97.000,0.1071,0.1101
kp15 run1.txt,14,-15.0,1,98.000,0.1093,0.1106
kp15 run1.txt,14,-15.0,1,99.000,0.1046,0.1110
kp15 run1.txt,14,-15.0,1,100.000,0.1115,0.1114
kp15 run1.txt,14,-15.0,1,101.000,0.1115,0.1118
kp15 run1.txt,14,-15.0,1,102.000,0.1141,0.1122
kp15 run1.txt,14,-15.0,1,103.000,0.1115,0.1125
kp15 run1.txt,14,-15.0,1,104.000,0.1133,0.1128
kp15 run1.txt,14,-15.0,1,105.000,0.1115,0.1131
kp15 run1.txt,14,-15.0,1,106.000,0.1071,0.1133
kp15 run1.txt,14,-15.0,1,107.000,0.1122,0.1135
kp15 run1.txt,14,-15.0,1,108.000,0.1111,0.1137
kp15 run1.txt,14,-15.0,1,109.000,0.1133,0.1139
kp15 run1.txt,14,-15.0,1,110.000,0.1104,0.1140
kp15 run1.txt,14,-15.0,1,111.000,0.1108,0.1141
kp15 run1.txt,14,-15.0,1,112.000,0.1115,0.1142
kp15 run1.txt,14,-15.0,1,113.000,0.1122,0.1143
kp15 run1.txt,14,-15.0,1,114.000,0.1093,0.1143
kp15 run1.txt,14,-15.0,1,115.000,0.1100,0.1143
kp15 run1.txt,14,-15.0,1,116.000,0.1104,0.1143
kp15 run1.txt,14,-15.0,1,117.000,0.1130,0.1143
kp15 run1.txt,14,-15.0,1,118.000,0.1122,0.1143
kp15 run1.txt,14,-15.0,1,119.000,0.1232,0.1142
kp15 run1.txt,14,-15.0,1,120.000,0.1137,0.1142
kp15 run1.txt,14,-15.0,1,121.000,0.1137,0.1141
kp15 run1.txt,14,-15.0,1,122.000,0.1013,0.1140
kp15 run1.txt,14,-15.0,1,123.000,0.1133,0.1139
kp15 run1.txt,14,-15.0,1,124.000,0.1108,0.1138
kp15 run1.txt,14,-15.0,1,125.000,0.1181,0.1136
kp15 run1.txt,14,-15.0,1,126.000,0.1108,0.1135
kp15 run1.txt,14,-15.0,1,127.000,0.1108,0.1133
kp15 run1.txt,14,-15.0,1,128.000,0.1064,0.1132
kp15 run1.txt,14,-15.0,1,129.000,0.1108,0.1130
kp15 run1.txt,14,-15.0,1,130.000,0.1100,0.1128
kp15 run1.txt,14,-15.0,1,131.000,0.1108,0.1126
kp15 run1.txt,14,-15.0,1,132.000,0.1079,0.1124
kp15 run1.txt,14,-15.0,1,133.000,0.1086,0.1122
kp15 run1.txt,14,-15.0,1,134.000,0.1086,0.1120
kp15 run1.txt,14,-15.0,1,135.000,0.0998,0.1118
kp15 run1.txt,14,-15.0,1,136.000,0.1042,0.1115
kp15 run1.txt,14,-15.0,1,137.000,0.1057,0.1113
kp15 run1.txt,14,-15.0,1,138.000,0.1075,0.1111
kp15 run1.txt,14,-15.0,1,139.000,0.0998,0.1109
kp15 run1.txt,14,-15.0,1,140.000,0.1115,0.1106
kp15 run1.txt,14,-15.0,1,141.000,0.1057,0.1104
kp15 run1.txt,14,-15.0,1,142.000,0.1042,0.1101
kp15 run1.txt,14,-15.0,1,143.000,0.1057,0.1099
kp15 run1.txt,14,-15.0,1,144.000,0.1049,0.1096
kp15 run1.txt,14,-15.0,1,145.000,0.1042,0.1094
kp15 run1.txt,14,-15.0,1,146.000,0.1086,0.1091
kp15 run1.txt,14,-15.0,1,147.000,0.1071,0.1089
kp15 run1.txt,14,-15.0,1,148.000,0.1009,0.1086
kp15 run1.txt,14,-15.0,1,149.000,0.1046,0.1084
kp15 run1.txt,14,-15.0,1,150.000,0.1031,0.1081
kp15 run1.txt,14,-15.0,1,151.000,0.1013,0.1079
kp15 run1.txt,14,-15.0,1,152.000,0.0998,0.1076
kp15 run1.txt,14,-15.0,1,153.000,0.1017,0.1074
kp15 run1.txt,14,-15.0,1,154.000,0.1013,0.1071
kp15 run1.txt,14,-15.0,1,155.000,0.1013,0.1069
kp15 run1.txt,14,-15.0,1,156.000,0.0977,0.1067
kp15 run1.txt,14,-15.0,1,157.000,0.1013,0.1064
kp15 run1.txt,14,-15.0,1,158.000,0.1006,0.1062
kp15 run1.txt,14,-15.0,1,159.000,0.1006,0.1060
kp15 run1.txt,14,-15.0,1,160.000,0.1038,0.1057
kp15 run1.txt,14,-15.0,1,161.000,0.0991,0.1055
kp15 run1.txt,14,-15.0,1,162.000,0.1028,0.1053
kp15 run1.txt,14,-15.0,1,163.000,0.0922,0.1050
kp15 run1.txt,14,-15.0,1,164.000,0.0998,0.1048
kp15 run1.txt,14,-15.0,1,165.000,0.0984,0.1046
kp15 run1.txt,14,-15.0,1,166.000,0.0984,0.1044
kp15 run1.txt,14,-15.0,1,167.000,0.0984,0.1042
kp15 run1.txt,14,-15.0,1,168.000,0.0998,0.1040
kp15 run1.txt,14,-15.0,1,169.000,0.0962,0.1038
kp15 run1.txt,14,-15.0,1,170.000,0.0977,0.1036
kp15 run1.txt,14,-15.0,1,171.000,0.0889,0.1034
kp15 run1.txt,14,-15.0,1,172.000,0.0969,0.1032
kp15 run1.txt,14,-15.0,1,173.000,0.0969,0.1031
kp15 run1.txt,14,-15.0,1,174.000,0.0977,0.1029
kp15 run1.txt,14,-15.0,1,175.000,0.0987,0.1027
kp15 run1.txt,14,-15.0,1,176.000,0.0998,0.1025
kp15 run1.txt,14,-15.0,1,177.000,0.0980,0.1024
kp15 run1.txt,14,-15.0,1,178.000,0.0991,0.1022
kp15 run1.txt,14,-15.0,1,179.000,0.0998,0.1021
kp15 run1.txt,14,-15.0,1,180.000,0.0998,0.1019
kp15 run1.txt,14,-15.0,1,181.000,0.1028,0.1018
kp15 run1.txt,14,-15.0,1,182.000,0.0889,0.1016
kp15 run1.txt,14,-15.0,1,183.000,0.0977,0.1015
kp15 run1.txt,14,-15.0,1,184.000,0.0984,0.1013
kp15 run1.txt,14,-15.0,1,185.000,0.0991,0.1012
kp15 run1.txt,14,-15.0,1,186.000,0.0966,0.1011
kp15 run1.txt,14,-15.0,1,187.000,0.0729,0.1010
kp15 run1.txt,14,-15.0,1,188.000,0.0977,0.1008
kp15 run1.txt,14,-15.0,1,189.000,0.0984,0.1007
kp15 run1.txt,14,-15.0,1,190.000,0.0969,0.1006
kp15 run1.txt,14,-15.0,1,191.000,0.0977,0.1005
kp15 run1.txt,14,-15.0,1,192.000,0.0977,0.1004
kp15 run1.txt,14,-15.0,1,193.000,0.0991,0.1003
kp15 run1.txt,14,-15.0,1,194.000,0.0977,0.1002
kp15 run1.txt,14,-15.0,1,195.000,0.0991,0.1001
kp15 run1.txt,14,-15.0,1,196.000,0.1028,0.1001
kp15 run1.txt,14,-15.0,1,197.000,0.0969,0.1000
kp15 run1.txt,14,-15.0,1,198.000,0.1028,0.0999
kp15 run1.txt,14,-15.0,1,199.000,0.0991,0.0998
kp15 run1.txt,14,-15.0,1,200.000,0.1020,0.0998
kp15 run1.txt,14,-15.0,1,201.000,0.0940,0.0997
kp15 run1.txt,14,-15.0,1,202.000,0.0977,0.0996
kp15 run1.txt,14,-15.0,1,203.000,0.1006,0.0996
kp15 run1.txt,14,-15.0,1,204.000,0.0962,0.0995
kp15 run1.txt,14,-15.0,1,205.000,0.0995,0.0995
kp15 run1.txt,14,-15.0,1,206.000,0.0998,0.0994
kp15 run1.txt,14,-15.0,1,207.000,0.1017,0.0994
kp15 run1.txt,14,-15.0,1,208.000,0.0991,0.0993
kp15 run1.txt,14,-15.0,1,209.000,0.0962,0.0993
kp15 run1.txt,14,-15.0,1,210.000,0.0987,0.0992
kp15 run1.txt,14,-15.0,1,211.000,0.1006,0.0992
kp15 run1.txt,14,-15.0,1,212.000,0.0998,0.0992
kp15 run1.txt,14,-15.0,1,213.000,0.1009,0.0991
kp15 run1.txt,14,-15.0,1,214.000,0.0951,0.0991
kp15 run1.txt,14,-15.0,1,215.000,0.1017,0.0991
kp15 run1.txt,14,-15.0,1,216.000,0.1006,0.0990
kp15 run1.txt,14,-15.0,1,217.000,0.0991,0.0990
kp15 run1.txt,14,-15.0,1,218.000,0.0802,0.0990
kp15 run1.txt,14,-15.0,1,219.000,0.0874,0.0990
kp15 run1.txt,14,-15.0,1,220.000,0.1017,0.0990
kp15 run1.txt,14,-15.0,1,221.000,0.1006,0.0990
kp15 run1.txt,14,-15.0,1,222.000,0.0998,0.0989
kp15 run1.txt,14,-15.0,1,223.000,0.1006,0.0989
kp15 run1.txt,14,-15.0,1,224.000,0.1013,0.0989
kp15 run1.txt,14,-15.0,1,225.000,0.0991,0.0989
kp15 run1.txt,14,-15.0,1,226.000,0.0998,0.0989
kp15 run1.txt,14,-15.0,1,227.000,0.1035,0.0989
kp15 run1.txt,14,-15.0,1,228.000,0.1006,0.0989
kp15 run1.txt,14,-15.0,1,229.000,0.0991,0.0989
kp15 run1.txt,14,-15.0,1,230.000,0.1020,0.0989
kp15 run1.txt,14,-15.0,1,231.000,0.1013,0.0989
kp15 run1.txt,14,-15.0,1,232.000,0.1031,0.0989
kp15 run1.txt,14,-15.0,1,233.000,0.1079,0.0989
kp15 run1.txt,14,-15.0,1,234.000,0.0998,0.0989
kp15 run1.txt,14,-15.0,1,235.000,0.1006,0.0989
kp15 run1.txt,14,-15.0,1,236.000,0.1013,0.0989
kp15 run1.txt,14,-15.0,1,237.000,0.1006,0.0990
kp15 run1.txt,14,-15.0,1,238.000,0.1028,0.0990
kp15 run1.txt,14,-15.0,1,239.000,0.0991,0.0990
kp15 run1.txt,14,-15.0,1,240.000,0.1009,0.0990
kp15 run1.txt,14,-15.0,1,241.000,0.1017,0.0990
kp15 run1.txt,14,-15.0,1,242.000,0.0998,0.0990
kp15 run1.txt,14,-15.0,1,243.000,0.1013,0.0990
kp15 run1.txt,14,-15.0,1,244.000,0.0998,0.0990
kp15 run1.txt,14,-15.0,1,245.000,0.1071,0.0991
kp15 run1.txt,14,-15.0,1,246.000,0.0984,0.0991
kp15 run1.txt,14,-15.0,1,247.000,0.0969,0.0991
kp15 run1.txt,14,-15.0,1,248.000,0.1002,0.0991
kp15 run1.txt,14,-15.0,1,249.000,0.1086,0.0991
kp15 run1.txt,14,-15.0,1,250.000,0.1049,0.0991
kp15 run1.txt,14,-15.0,1,251.000,0.1115,0.0991
kp15 run1.txt,14,-15.0,1,252.000,0.0977,0.0992
kp15 run1.txt,14,-15.0,1,253.000,0.1013,0.0992
kp15 run1.txt,14,-15.0,1,254.000,0.0987,0.0992
kp15 run1.txt,14,-15.0,1,255.000,0.1013,0.0992
kp15 run1.txt,14,-15.0,1,256.000,0.0998,0.0992
kp15 run1.txt,14,-15.0,1,257.000,0.1017,0.0993
kp15 run1.txt,14,-15.0,1,258.000,0.0984,0.0993
kp15 run1.txt,14,-15.0,1,259.000,0.1009,0.0993
kp15 run1.txt,14,-15.0,1,260.000,0.1020,0.0993
kp15 run1.txt,14,-15.0,1,261.000,0.1028,0.0993
kp15 run1.txt,14,-15.0,1,262.000,0.0991,0.0993
kp15 run1.txt,14,-15.0,1,263.000,0.1006,0.0994
kp15 run1.txt,14,-15.0,1,264.000,0.1006,0.0994
kp15 run1.txt,14,-15.0,1,265.000,0.1020,0.0994
kp15 run1.txt,14,-15.0,1,266.000,0.1009,0.0994
kp15 run1.txt,14,-15.0,1,267.000,0.0991,0.0994
kp15 run1.txt,14,-15.0,1,268.000,0.0977,0.0995
kp15 run1.txt,14,-15.0,1,269.000,0.1049,0.0995
kp15 run1.txt,14,-15.0,1,270.000,0.1017,0.0995
kp15 run1.txt,14,-15.0,1,271.000,0.0998,0.0995
kp15 run1.txt,14,-15.0,1,272.000,0.0995,0.0995
kp15 run1.txt,14,-15.0,1,273.000,0.0977,0.0995
kp15 run1.txt,14,-15.0,1,274.000,0.1017,0.0996
kp15 run1.txt,14,-15.0,1,275.000,0.1020,0.0996
kp15 run1.txt,14,-15.0,1,276.000,0.0998,0.0996
kp15 run1.txt,14,-15.0,1,277.000,0.0998,0.0996
kp15 run1.txt,14,-15.0,1,278.000,0.0984,0.0996
kp15 run1.txt,14,-15.0,1,279.000,0.0998,0.0996
kp15 run1.txt,14,-15.0,1,280.000,0.0991,0.0996
kp15 run1.txt,14,-15.0,1,281.000,0.1017,0.0997
kp15 run1.txt,14,-15.0,1,282.000,0.1020,0.0997
kp15 run1.txt,14,-15.0,1,283.000,0.0933,0.0997
kp15 run1.txt,14,-15.0,1,284.000,0.0998,0.0997
kp15 run1.txt,14,-15.0,1,285.000,0.0962,0.0997
kp15 run1.txt,14,-15.0,1,286.000,0.1020,0.0997
kp15 run1.txt,14,-15.0,1,287.000,0.0998,0.0997
kp15 run1.txt,14,-15.0,1,288.000,0.1020,0.0998
kp15 run1.txt,14,-15.0,1,289.000,0.0998,0.0998
kp15 run1.txt,14,-15.0,1,290.000,0.1028,0.0998
kp15 run1.txt,14,-15.0,1,291.000,0.1020,0.0998
kp15 run1.txt,14,-15.0,1,292.000,0.1006,0.0998
kp15 run1.txt,14,-15.0,1,293.000,0.1028,0.0998
kp15 run1.txt,14,-15.0,1,294.000,0.1017,0.0998
kp15 run1.txt,14,-15.0,1,295.000,0.0831,0.0998
kp15 run1.txt,14,-15.0,1,296.000,0.0998,0.0998
kp15 run1.txt,14,-15.0,1,297.000,0.1017,0.0999
kp15 run1.txt,14,-15.0,1,298.000,0.0995,0.0999
kp15 run1.txt,14,-15.0,1,299.000,0.0980,0.0999
kp15 run1.txt,14,-15.0,1,300.000,0.0991,0.0999
kp15 run1.txt,14,-15.0,1,301.000,0.1006,0.0999
kp15 run1.txt,14,-15.0,1,302.000,0.1006,0.0999
kp15 run1.txt,14,-15.0,1,303.000,0.1013,0.0999
kp15 run1.txt,14,-15.0,1,304.000,0.1006,0.0999
kp15 run1.txt,14,-15.0,1,305.000,0.1020,0.0999
kp15 run1.txt,14,-15.0,1,306.000,0.1006,0.0999
kp15 run1.txt,14,-15.0,1,307.000,0.1006,0.0999
kp15 run1.txt,14,-15.0,1,308.000,0.1006,0.0999
kp15 run1.txt,14,-15.0,1,309.000,0.0998,0.1000
kp15 run1.txt,14,-15.0,1,310.000,0.1035,0.1000
kp15 run1.txt,14,-15.0,1,311.000,0.1013,0.1000
kp15 run1.txt,14,-15.0,1,312.000,0.0998,0.1000
kp15 run1.txt,14,-15.0,1,313.000,0.1097,0.1000
kp15 run1.txt,14,-15.0,1,314.000,0.1006,0.1000
kp15 run1.txt,14,-15.0,1,315.000,0.0998,0.1000
kp15 run1.txt,14,-15.0,1,316.000,0.0991,0.1000
kp15 run1.txt,14,-15.0,1,317.000,0.1006,0.1000
kp15 run1.txt,14,-15.0,1,318.000,0.0991,0.1000
kp15 run1.txt,14,-15.0,1,319.000,0.1002,0.1000
kp15 run1.txt,14,-15.0,1,320.000,0.1013,0.1000
kp15 run1.txt,14,-15.0,1,321.000,0.1020,0.1000
kp15 run1.txt,14,-15.0,1,322.000,0.0998,0.1000
kp15 run1.txt,14,-15.0,1,323.000,0.0998,0.1000
kp15 run1.txt,14,-15.0,1,324.000,0.1013,0.1000
kp15 run1.txt,14,-15.0,1,325.000,0.1028,0.1000
kp15 run1.txt,14,-15.0,1,326.000,0.1017,0.1000
kp15 run1.txt,14,-15.0,1,327.000,0.1038,0.1000
kp15 run1.txt,14,-15.0,1,328.000,0.0998,0.1000
kp15 run1.txt,14,-15.0,1,329.000,0.1017,0.1000
kp15 run1.txt,14,-15.0,1,330.000,0.0991,0.1000
kp15 run1.txt,14,-15.0,1,331.000,0.1035,0.1000
kp15 run1.txt,14,-15.0,1,332.000,0.1013,0.1000
kp15 run1.txt,14,-15.0,1,333.000,0.0998,0.1000
kp15 run1.txt,14,-15.0,1,334.000,0.1006,0.1000
kp15 run1.txt,14,-15.0,1,335.000,0.1020,0.1000
kp15 run1.txt,14,-15.0,1,336.000,0.1009,0.1000
kp15 run1.txt,14,-15.0,1,337.000,0.1020,0.1000
kp15 run1.txt,14,-15.0,1,338.000,0.1013,0.1000
kp15 run1.txt,14,-15.0,1,339.000,0.1028,0.1000
kp15 run1.txt,14,-15.0,1,340.000,0.1028,0.1000
kp15 run1.txt,14,-15.0,1,341.000,0.1013,0.1000
kp15 run1.txt,14,-15.0,1,342.000,0.0998,0.1000
kp15 run1.txt,14,-15.0,1,343.000,0.1017,0.1000
kp15 run1.txt,14,-15.0,1,344.000,0.0998,0.1000
kp15 run1.txt,14,-15.0,1,345.000,0.0900,0.1000
kp15 run1.txt,14,-15.0,1,346.000,0.1006,0.1000
kp15 run1.txt,14,-15.0,1,347.000,0.0904,0.1000
kp15 run1.txt,14,-15.0,1,348.000,0.0984,0.1000
kp15 run1.txt,14,-15.0,1,349.000,0.0940,0.1000
kp15 run1.txt,14,-15.0,1,350.000,0.1028,0.1000
kp15 run1.txt,14,-15.0,1,351.000,0.0998,0.1000
kp15 run1.txt,14,-15.0,1,352.000,0.0991,0.1000
kp15 run1.txt,14,-15.0,1,353.000,0.1020,0.1000
kp15 run1.txt,14,-15.0,1,354.000,0.1020,0.1000
kp15 run1.txt,14,-15.0,1,355.000,0.0878,0.1000
kp15 run1.txt,14,-15.0,1,356.017,0.0699,0.1000
kp15 run1.txt,14,-15.0,1,357.000,0.0998,0.1000
kp15 run1.txt,14,-15.0,1,358.000,0.0962,0.1000
kp15 run1.txt,14,-15.0,1,359.000,0.1020,0.1000
kp15 run1.txt,14,-15.0,1,360.000,0.1006,0.1000
kp15 run1.txt,14,-15.0,1,361.000,0.0998,0.1000
kp15 run1.txt,14,-15.0,1,362.000,0.1046,0.1000
kp15 run1.txt,14,-15.0,1,363.000,0.0998,0.1000
kp15 run1.txt,14,-15.0,1,364.000,0.1009,0.1000
kp15 run1.txt,14,-15.0,1,365.000,0.0998,0.1000
kp15 run1.txt,14,-15.0,1,366.000,0.1013,0.1000
kp15 run1.txt,14,-15.0,1,367.000,0.0998,0.1000
kp15 run1.txt,14,-15.0,1,368.000,0.1006,0.1000
kp15 run1.txt,14,-15.0,1,369.000,0.1006,0.1000
kp15 run1.txt,14,-15.0,1,370.000,0.1057,0.1000
kp15 run1.txt,14,-15.0,1,371.000,0.1006,0.1000
kp15 run1.txt,14,-15.0,1,372.000,0.1013,0.1000
kp15 run1.txt,14,-15.0,1,373.000,0.1006,0.1000
kp15 run1.txt,14,-15.0,1,374.000,0.0969,0.1000
kp15 run1.txt,14,-15.0,1,375.000,0.1020,0.1000
kp15 run1.txt,14,-15.0,1,376.000,0.0816,0.1000
kp15 run1.txt,14,-15.0,1,377.000,0.0998,0.1000
kp15 run1.txt,14,-15.0,1,378.000,0.1006,0.1000
kp15 run1.txt,14,-15.0,1,379.000,0.0969,0.1000
kp15 run1.txt,14,-15.0,1,380.000,0.1035,0.1000
kp15 run1.txt,14,-15.0,1,381.000,0.0969,0.1000
kp15 run1.txt,14,-15.0,1,382.000,0.1020,0.1000
kp15 run1.txt,14,-15.0,1,383.000,0.0969,0.1000
kp15 run1.txt,14,-15.0,1,384.000,0.1006,0.1000
kp15 run1.txt,14,-15.0,1,385.000,0.1013,0.1000
kp15 run1.txt,14,-15.0,1,386.000,0.1020,0.1000
kp15 run1.txt,14,-15.0,1,387.000,0.0995,0.1000
kp15 run1.txt,14,-15.0,1,388.000,0.0998,0.1000
kp15 run1.txt,14,-15.0,1,389.000,0.1006,0.1000
kp15 run1.txt,14,-15.0,1,390.000,0.1006,0.1000
kp15 run1.txt,14,-15.0,1,391.000,0.1017,0.1000
kp15 run1.txt,14,-15.0,1,392.000,0.1031,0.1000
kp15 run1.txt,14,-15.0,1,393.000,0.1042,0.1000
kp15 run1.txt,14,-15.0,1,394.000,0.1013,0.1000
kp15 run1.txt,14,-15.0,1,395.000,0.1006,0.1000
kp15 run1.txt,14,-15.0,1,396.000,0.1013,0.1000
kp15 run1.txt,14,-15.0,1,397.000,0.1035,0.1000
kp15 run1.txt,14,-15.0,1,398.000,0.0962,0.1000
kp15 run1.txt,14,-15.0,1,399.000,0.0998,0.1000
kp15 run1.txt,14,-15.0,1,400.000,0.0973,0.1000
kp15 run1.txt,14,-15.0,1,401.000,0.1006,0.1000
kp15 run1.txt,14,-15.0,1,402.000,0.1028,0.1000
kp15 run1.txt,14,-15.0,1,403.000,0.1013,0.1000
kp15 run1.txt,14,-15.0,1,404.000,0.0980,0.1000
kp15 run1.txt,14,-15.0,1,405.000,0.0991,0.1000
kp15 run1.txt,14,-15.0,1,406.000,0.0991,0.1000
kp15 run1.txt,14,-15.0,1,407.000,0.1020,0.1000
kp15 run1.txt,14,-15.0,1,408.000,0.0918,0.1000
kp15 run1.txt,14,-15.0,1,409.000,0.1020,0.1000
kp15 run1.txt,14,-15.0,1,410.000,0.1017,0.1000
kp15 run1.txt,14,-15.0,1,411.000,0.1024,0.1000
kp15 run1.txt,14,-15.0,1,412.000,0.1006,0.1000
kp15 run1.txt,14,-15.0,1,413.000,0.1028,0.1000
kp15 run1.txt,14,-15.0,1,414.000,0.1042,0.1000
kp15 run1.txt,14,-15.0,1,415.000,0.0995,0.1000
kp15 run1.txt,14,-15.0,1,416.000,0.0991,0.1000
kp15 run1.txt,14,-15.0,1,417.000,0.1020,0.1000
kp15 run1.txt,14,-15.0,1,418.000,0.1046,0.1000
kp15 run1.txt,14,-15.0,1,419.000,0.1020,0.1000
kp15 run1.txt,14,-15.0,1,420.000,0.1013,0.1000
kp15 run1.txt,14,-15.0,1,421.000,0.1006,0.1000
kp15 run1.txt,14,-15.0,1,422.000,0.1006,0.1000
kp15 run1.txt,14,-15.0,1,423.000,0.1009,0.1000
kp15 run1.txt,14,-15.0,1,424.000,0.1006,0.1000
kp15 run1.txt,14,-15.0,1,425.000,0.0998,0.1000
kp15 run1.txt,14,-15.0,1,426.000,0.1020,0.1000
kp15 run1.txt,14,-15.0,1,427.000,0.1028,0.1000
kp15 run1.txt,14,-15.0,1,428.000,0.1006,0.1000
kp15 run1.txt,14,-15.0,1,429.000,0.0969,0.1000
kp15 run1.txt,14,-15.0,1,430.000,0.1009,0.1000
kp15 run1.txt,14,-15.0,1,431.000,0.1006,0.1000
kp15 run1.txt,14,-15.0,1,432.000,0.0998,0.1000
kp15 run1.txt,14,-15.0,1,433.000,0.0998,0.1000
kp15 run1.txt,14,-15.0,1,434.000,0.1006,0.1000
kp15 run1.txt,14,-15.0,1,435.000,0.0998,0.1000
kp15 run1.txt,14,-15.0,1,436.000,0.0940,0.1000
kp15 run1.txt,14,-15.0,1,437.000,0.1006,0.1000
kp15 run1.txt,14,-15.0,1,438.000,0.1017,0.1000
kp15 run1.txt,14,-15.0,1,439.000,0.0977,0.1000
kp15 run1.txt,14,-15.0,1,440.000,0.0987,0.1000
kp15 run1.txt,14,-15.0,1,441.000,0.0998,0.1000
kp15 run1.txt,14,-15.0,1,442.000,0.0969,0.1000
kp15 run1.txt,14,-15.0,1,443.000,0.0991,0.1000
kp15 run1.txt,14,-15.0,1,444.000,0.0977,0.1000
kp15 run1.txt,14,-15.0,1,445.000,0.0998,0.1000
kp15 run1.txt,14,-15.0,1,446.000,0.1006,0.1000
kp15 run1.txt,14,-15.0,1,447.000,0.1020,0.1000
kp15 run1.txt,14,-15.0,1,448.000,0.0991,0.1000
kp15 run1.txt,14,-15.0,1,449.000,0.0940,0.1000
kp15 run1.txt,14,-15.0,1,450.000,0.0991,0.1000
kp15 run1.txt,14,-15.0,1,451.000,0.0991,0.1000
kp15 run1.txt,14,-15.0,1,452.000,0.0929,0.1000
kp15 run1.txt,14,-15.0,1,453.000,0.0998,0.1000
kp15 run1.txt,14,-15.0,1,454.000,0.1006,0.1000
kp15 run1.txt,14,-15.0,1,455.000,0.0987,0.1000
kp15 run1.txt,14,-15.0,1,456.000,0.0998,0.1000
kp15 run1.txt,14,-15.0,1,457.000,0.1013,0.1000
kp15 run1.txt,14,-15.0,1,458.000,0.0998,0.1000
kp15 run1.txt,14,-15.0,1,459.000,0.0853,0.1000
kp15 run1.txt,14,-15.0,1,460.000,0.0987,0.1000
kp15 run1.txt,14,-15.0,1,461.000,0.0998,0.1000
kp15 run1.txt,14,-15.0,1,462.000,0.0998,0.1000
kp15 run1.txt,14,-15.0,1,463.000,0.1049,0.1000
kp15 run1.txt,14,-15.0,1,464.000,0.1035,0.1000
kp15 run1.txt,14,-15.0,1,465.000,0.0984,0.1000
kp15 run1.txt,14,-15.0,1,466.000,0.1009,0.1000
kp15 run1.txt,14,-15.0,1,467.000,0.0991,0.1000
kp15 run1.txt,14,-15.0,1,468.000,0.0998,0.1000
kp15 run1.txt,14,-15.0,1,469.000,0.0998,0.1000
kp15 run1.txt,14,-15.0,1,470.000,0.0991,0.1000
kp15 run1.txt,14,-15.0,1,471.000,0.0998,0.1000
kp15 run1.txt,14,-15.0,1,472.000,0.1024,0.1000
kp15 run1.txt,14,-15.0,1,473.000,0.0998,0.1000
kp15 run1.txt,14,-15.0,1,474.000,0.0998,0.1000
kp15 run1.txt,14,-15.0,1,475.000,0.0991,0.1000
kp15 run1.txt,14,-15.0,1,476.000,0.0991,0.1000
kp15 run1.txt,14,-15.0,1,477.000,0.1035,0.1000
kp15 run1.txt,14,-15.0,1,478.000,0.0977,0.1000
kp15 run1.txt,14,-15.0,1,479.000,0.0998,0.1000
kp15 run1.txt,14,-15.0,1,480.000,0.0991,0.1000
kp15 run1.txt,14,-15.0,1,481.000,0.0962,0.1000
kp15 run1.txt,14,-15.0,1,482.000,0.0987,0.1000
kp15 run1.txt,14,-15.0,1,483.000,0.0977,0.1000
kp15 run1.txt,14,-15.0,1,484.000,0.0998,0.1000
kp15 run1.txt,14,-15.0,1,485.000,0.1013,0.1000
kp15 run1.txt,14,-15.0,1,486.000,0.0998,0.1000
kp15 run1.txt,14,-15.0,1,487.000,0.1020,0.1000
kp15 run1.txt,14,-15.0,1,488.000,0.0998,0.1000
kp15 run1.txt,14,-15.0,1,489.000,0.0955,0.1000
kp15 run1.txt,14,-15.0,1,490.000,0.1013,0.1000
kp15 run1.txt,14,-15.0,1,491.000,0.1006,0.1000
kp15 run1.txt,14,-15.0,1,492.000,0.1009,0.1000
kp15 run1.txt,14,-15.0,1,493.000,0.0911,0.1000
kp15 run1.txt,14,-15.0,1,494.000,0.1009,0.1000
kp15 run1.txt,14,-15.0,1,495.000,0.0955,0.1000
kp15 run1.txt,14,-15.0,1,496.000,0.1006,0.1000
kp15 run1.txt,14,-15.0,1,497.000,0.0977,0.1000
kp15 run1.txt,14,-15.0,1,498.000,0.1009,0.1000
kp15 run1.txt,14,-15.0,1,499.000,0.0998,0.1000
kp15 run1.txt,14,-15.0,1,500.000,0.1006,0.1000
kp15 run1.txt,14,-15.0,1,501.000,0.0995,0.1000
kp15 run1.txt,14,-15.0,1,502.000,0.0951,0.1000
kp15 run1.txt,14,-15.0,1,503.000,0.1035,0.1000
kp15 run1.txt,14,-15.0,1,504.000,0.0955,0.1000
kp15 run1.txt,14,-15.0,1,505.000,0.0998,0.1000
kp15 run1.txt,14,-15.0,1,506.000,0.0998,0.1000
kp15 run1.txt,14,-15.0,1,507.000,0.0998,0.1000
kp15 run1.txt,14,-15.0,1,508.000,0.0991,0.1000
kp15 run1.txt,14,-15.0,1,509.000,0.0977,0.1000
kp15 run1.txt,14,-15.0,1,510.000,0.0998,0.1000
kp15 run1.txt,14,-15.0,1,511.000,0.1006,0.1000
kp15 run1.txt,14,-15.0,1,512.000,0.0969,0.1000
kp15 run1.txt,14,-15.0,1,513.000,0.0998,0.1000
kp15 run1.txt,14,-15.0,1,514.000,0.1006,0.1000
kp15 run1.txt,14,-15.0,1,515.000,0.0911,0.1000
kp15 run1.txt,14,-15.0,1,516.000,0.0977,0.1000
kp15 run1.txt,14,-15.0,1,517.000,0.1002,0.1000
kp15 run1.txt,14,-15.0,1,518.000,0.0991,0.1000
kp15 run1.txt,14,-15.0,1,519.000,0.1020,0.1000
kp15 run1.txt,14,-15.0,1,520.000,0.1020,0.1000
kp15 run1.txt,14,-15.0,1,521.000,0.0998,0.1000
kp15 run1.txt,14,-15.0,1,522.000,0.0969,0.1000
kp15 run1.txt,14,-15.0,1,523.000,0.0987,0.1000
kp15 run1.txt,14,-15.0,1,524.000,0.1020,0.1000
kp15 run1.txt,14,-15.0,1,525.000,0.1028,0.1000
kp15 run1.txt,14,-15.0,1,526.000,0.0998,0.1000
kp15 run1.txt,14,-15.0,1,527.000,0.0998,0.1000
kp15 run1.txt,14,-15.0,1,528.000,0.1006,0.1000
kp15 run1.txt,14,-15.0,1,529.000,0.1144,0.1000
kp15 run1.txt,14,-15.0,1,530.000,0.1013,0.1000
kp15 run1.txt,14,-15.0,1,531.000,0.0995,0.1000
kp15 run1.txt,14,-15.0,1,532.000,0.0984,0.1000
kp15 run1.txt,14,-15.0,1,533.000,0.0991,0.1000
kp15 run1.txt,14,-15.0,1,534.000,0.0998,0.1000
kp15 run1.txt,14,-15.0,1,535.000,0.1020,0.1000
kp15 run1.txt,14,-15.0,1,536.000,0.1049,0.1000
kp15 run1.txt,14,-15.0,1,537.000,0.0991,0.1000
kp15 run1.txt,14,-15.0,1,538.000,0.0984,0.1000
kp15 run1.txt,14,-15.0,1,539.000,0.0845,0.1000
kp15 run1.txt,14,-15.0,1,540.000,0.1035,0.1000
kp15 run1.txt,14,-15.0,1,541.000,0.1006,0.1000
kp15 run1.txt,14,-15.0,1,542.000,0.0995,0.1000
kp15 run1.txt,14,-15.0,1,543.000,0.0987,0.1000
kp15 run1.txt,14,-15.0,1,544.000,0.0977,0.1000
kp15 run1.txt,14,-15.0,1,545.000,0.0998,0.1000
kp15 run1.txt,14,-15.0,1,546.000,0.0977,0.1000
kp15 run1.txt,14,-15.0,1,547.000,0.0998,0.1000
kp15 run1.txt,14,-15.0,1,548.000,0.1013,0.1000
kp15 run1.txt,14,-15.0,1,549.000,0.0998,0.1000
kp15 run1.txt,14,-15.0,1,550.000,0.0984,0.1000
kp15 run1.txt,14,-15.0,1,551.000,0.1009,0.1000
kp15 run1.txt,14,-15.0,1,552.000,0.1006,0.1000
kp15 run1.txt,14,-15.0,1,553.000,0.1020,0.1000
kp15 run1.txt,14,-15.0,1,554.000,0.1024,0.1000
kp15 run1.txt,14,-15.0,1,555.000,0.1115,0.1000
kp15 run1.txt,14,-15.0,1,556.000,0.0991,0.1000
kp15 run1.txt,14,-15.0,1,557.000,0.0991,0.1000
kp15 run1.txt,14,-15.0,1,558.000,0.0991,0.1000
kp15 run1.txt,14,-15.0,1,559.000,0.1006,0.1000
kp15 run1.txt,14,-15.0,1,560.000,0.1071,0.1000
kp15 run1.txt,14,-15.0,1,561.000,0.1013,0.1000
kp15 run1.txt,14,-15.0,1,562.000,0.1028,0.1000
kp15 run1.txt,14,-15.0,1,563.000,0.1024,0.1000
kp15 run1.txt,14,-15.0,1,564.000,0.1028,0.1000
kp15 run1.txt,14,-15.0,1,565.000,0.0925,0.1000
kp15 run1.txt,14,-15.0,1,566.000,0.0995,0.1000
kp15 run1.txt,14,-15.0,1,567.000,0.0998,0.1000
kp15 run1.txt,14,-15.0,1,568.000,0.0984,0.1000
kp15 run1.txt,14,-15.0,1,569.000,0.0998,0.1000
kp15 run1.txt,14,-15.0,1,570.000,0.0984,0.1000
kp15 run1.txt,14,-15.0,1,571.000,0.0958,0.1000
kp15 run1.txt,14,-15.0,1,572.000,0.0998,0.1000
kp15 run1.txt,14,-15.0,1,573.000,0.1006,0.1000
kp15 run1.txt,14,-15.0,1,574.000,0.1020,0.1000
kp15 run1.txt,14,-15.0,1,575.000,0.1017,0.1000
kp15 run1.txt,14,-15.0,1,576.000,0.1006,0.1000
kp15 run1.txt,14,-15.0,1,577.000,0.0907,0.1000
kp15 run1.txt,14,-15.0,1,578.000,0.0980,0.1000
kp15 run1.txt,14,-15.0,1,579.000,0.1020,0.1000
kp15 run1.txt,14,-15.0,1,580.000,0.0998,0.1000
kp15 run1.txt,14,-15.0,1,581.000,0.0998,0.1000
kp15 run1.txt,14,-15.0,1,582.000,0.0998,0.1000
kp15 run1.txt,14,-15.0,1,583.000,0.0998,0.1000
kp15 run1.txt,14,-15.0,1,584.000,0.0998,0.1000
kp15 run1.txt,14,-15.0,1,585.000,0.1028,0.1000
kp15 run1.txt,14,-15.0,1,586.000,0.0991,0.1000
kp15 run1.txt,14,-15.0,1,587.000,0.1100,0.1000
kp15 run1.txt,14,-15.0,1,588.000,0.1006,0.1000
kp15 run1.txt,14,-15.0,1,589.000,0.1049,0.1000
kp15 run1.txt,14,-15.0,1,590.000,0.1020,0.1000
kp15 run1.txt,14,-15.0,1,591.000,0.1013,0.1000
kp15 run1.txt,14,-15.0,1,592.000,0.1035,0.1000
kp15 run1.txt,14,-15.0,1,593.000,0.1028,0.1000
kp15 run1.txt,14,-15.0,1,594.000,0.1013,0.1000
kp15 run1.txt,14,-15.0,1,595.000,0.0991,0.1000
kp15 run1.txt,14,-15.0,1,596.000,0.1002,0.1000
kp15 run1.txt,14,-15.0,1,597.000,0.0998,0.1000
kp15 run1.txt,14,-15.0,1,598.000,0.0998,0.1000
kp15 run1.txt,14,-15.0,1,599.000,0.0998,0.1000
kp15 run1.txt,15,-15.0,1,0.000,-0.0970,-0.0963
kp15 run1.txt,15,-15.0,1,1.000,-0.0955,-0.0963
kp15 run1.txt,15,-15.0,1,2.000,-0.0963,-0.0963
kp15 run1.txt,15,-15.0,1,3.000,-0.0955,-0.0963
kp15 run1.txt,15,-15.0,1,4.000,-0.0948,-0.0963
kp15 run1.txt,15,-15.0,1,5.000,-0.0955,-0.0962
kp15 run1.txt,15,-15.0,1,6.000,-0.1006,-0.0960
kp15 run1.txt,15,-15.0,1,7.000,-0.0934,-0.0955
kp15 run1.txt,15,-15.0,1,8.000,-0.0977,-0.0948
kp15 run1.txt,15,-15.0,1,9.000,-0.0919,-0.0939
kp15 run1.txt,15,-15.0,1,10.000,-0.0926,-0.0928
kp15 run1.txt,15,-15.0,1,11.000,-0.0868,-0.0915
kp15 run1.txt,15,-15.0,1,12.000,-0.0912,-0.0900
kp15 run1.txt,15,-15.0,1,13.000,-0.0963,-0.0883
kp15 run1.txt,15,-15.0,1,14.000,-0.0846,-0.0864
kp15 run1.txt,15,-15.0,1,15.000,-0.0810,-0.0844
kp15 run1.txt,15,-15.0,1,16.000,-0.0795,-0.0823
kp15 run1.txt,15,-15.0,1,17.000,-0.0715,-0.0800
kp15 run1.txt,15,-15.0,1,18.000,-0.0755,-0.0776
kp15 run1.txt,15,-15.0,1,19.000,-0.0715,-0.0751
kp15 run1.txt,15,-15.0,1,20.000,-0.0744,-0.0724
kp15 run1.txt,15,-15.0,1,21.000,-0.0671,-0.0697
kp15 run1.txt,15,-15.0,1,22.000,-0.0649,-0.0669
kp15 run1.txt,15,-15.0,1,23.000,-0.0613,-0.0640
kp15 run1.txt,15,-15.0,1,24.000,-0.0576,-0.0610
kp15 run1.txt,15,-15.0,1,25.000,-0.0576,-0.0579
kp15 run1.txt,15,-15.0,1,26.000,-0.0533,-0.0548
kp15 run1.txt,15,-15.0,1,27.000,-0.0500,-0.0516
kp15 run1.txt,15,-15.0,1,28.000,-0.0467,-0.0483
kp15 run1.txt,15,-15.0,1,29.000,-0.0452,-0.0451
kp15 run1.txt,15,-15.0,1,30.000,-0.0394,-0.0418
kp15 run1.txt,15,-15.0,1,31.000,-0.0354,-0.0384
kp15 run1.txt,15,-15.0,1,32.000,-0.0358,-0.0350
kp15 run1.txt,15,-15.0,1,33.000,-0.0248,-0.0316
kp15 run1.txt,15,-15.0,1,34.000,-0.0263,-0.0282
kp15 run1.txt,15,-15.0,1,35.000,-0.0241,-0.0248
kp15 run1.txt,15,-15.0,1,36.000,-0.0194,-0.0214
kp15 run1.txt,15,-15.0,1,37.000,-0.0146,-0.0180
kp15 run1.txt,15,-15.0,1,38.000,-0.0132,-0.0145
kp15 run1.txt,15,-15.0,1,39.000,-0.0095,-0.0111
kp15 run1.txt,15,-15.0,1,40.000,-0.0051,-0.0077
kp15 run1.txt,15,-15.0,1,41.000,-0.0000,-0.0043
kp15 run1.txt,15,-15.0,1,42.000,-0.0008,-0.0010
kp15 run1.txt,15,-15.0,1,43.000,0.0029,0.0024
kp15 run1.txt,15,-15.0,1,44.000,0.0065,0.0057
kp15 run1.txt,15,-15.0,1,45.000,0.0083,0.0090
kp15 run1.txt,15,-15.0,1,46.000,0.0138,0.0122
kp15 run1.txt,15,-15.0,1,47.000,0.0124,0.0154
kp15 run1.txt,15,-15.0,1,48.000,0.0240,0.0186
kp15 run1.txt,15,-15.0,1,49.000,0.0196,0.0218
kp15 run1.txt,15,-15.0,1,50.000,0.0240,0.0249
kp15 run1.txt,15,-15.0,1,51.000,0.0269,0.0279
kp15 run1.txt,15,-15.0,1,52.000,0.0346,0.0309
kp15 run1.txt,15,-15.0,1,53.000,0.0346,0.0339
kp15 run1.txt,15,-15.0,1,54.000,0.0240,0.0368
kp15 run1.txt,15,-15.0,1,55.000,0.0393,0.0397
kp15 run1.txt,15,-15.0,1,56.000,0.0495,0.0425
kp15 run1.txt,15,-15.0,1,57.000,0.0473,0.0452
kp15 run1.txt,15,-15.0,1,58.000,0.0408,0.0479
kp15 run1.txt,15,-15.0,1,59.000,0.0517,0.0506
kp15 run1.txt,15,-15.0,1,60.000,0.0532,0.0532
kp15 run1.txt,15,-15.0,1,61.000,0.0586,0.0557
kp15 run1.txt,15,-15.0,1,62.000,0.0590,0.0582
kp15 run1.txt,15,-15.0,1,63.000,0.0619,0.0606
kp15 run1.txt,15,-15.0,1,64.000,0.0663,0.0630
kp15 run1.txt,15,-15.0,1,65.000,0.0648,0.0653
kp15 run1.txt,15,-15.0,1,66.000,0.0685,0.0675
kp15 run1.txt,15,-15.0,1,67.000,0.0685,0.0697
kp15 run1.txt,15,-15.0,1,68.000,0.0714,0.0718
kp15 run1.txt,15,-15.0,1,69.000,0.0736,0.0739
kp15 run1.txt,15,-15.0,1,70.000,0.0714,0.0759
kp15 run1.txt,15,-15.0,1,71.000,0.0809,0.0778
kp15 run1.txt,15,-15.0,1,72.000,0.0816,0.0797
kp15 run1.txt,15,-15.0,1,73.000,0.0831,0.0815
kp15 run1.txt,15,-15.0,1,74.000,0.0864,0.0833
kp15 run1.txt,15,-15.0,1,75.000,0.0911,0.0850
kp15 run1.txt,15,-15.0,1,76.000,0.0882,0.0867
kp15 run1.txt,15,-15.0,1,77.000,0.0900,0.0882
kp15 run1.txt,15,-15.0,1,78.000,0.0889,0.0898
kp15 run1.txt,15,-15.0,1,79.000,0.1151,0.0913
kp15 run1.txt,15,-15.0,1,80.000,0.0958,0.0927
kp15 run1.txt,15,-15.0,1,81.000,0.0969,0.0941
kp15 run1.txt,15,-15.0,1,82.000,0.0987,0.0954
kp15 run1.txt,15,-15.0,1,83.000,0.0991,0.0966
kp15 run1.txt,15,-15.0,1,84.000,0.1020,0.0978
kp15 run1.txt,15,-15.0,1,85.000,0.0998,0.0990
kp15 run1.txt,15,-15.0,1,86.000,0.1020,0.1001
kp15 run1.txt,15,-15.0,1,87.000,0.1093,0.1012
kp15 run1.txt,15,-15.0,1,88.000,0.1057,0.1022
kp15 run1.txt,15,-15.0,1,89.000,0.1071,0.1031
kp15 run1.txt,15,-15.0,1,90.000,0.1049,0.1040
kp15 run1.txt,15,-15.0,1,91.000,0.1097,0.1049
kp15 run1.txt,15,-15.0,1,92.000,0.1082,0.1057
kp15 run1.txt,15,-15.0,1,93.000,0.1100,0.1065
kp15 run1.txt,15,-15.0,1,94.000,0.1100,0.1073
kp15 run1.txt,15,-15.0,1,95.000,0.1108,0.1079
kp15 run1.txt,15,-15.0,1,96.000,0.1104,0.1086
kp15 run1.txt,15,-15.0,1,97.000,0.1108,0.1092
kp15 run1.txt,15,-15.0,1,98.000,0.1122,0.1098
kp15 run1.txt,15,-15.0,1,99.000,0.1075,0.1103
kp15 run1.txt,15,-15.0,1,100.000,0.1115,0.1108
kp15 run1.txt,15,-15.0,1,101.000,0.1126,0.1113
kp15 run1.txt,15,-15.0,1,102.000,0.1086,0.1117
kp15 run1.txt,15,-15.0,1,103.000,0.1071,0.1121
kp15 run1.txt,15,-15.0,1,104.000,0.1108,0.1124
kp15 run1.txt,15,-15.0,1,105.000,0.1093,0.1128
kp15 run1.txt,15,-15.0,1,106.000,0.1104,0.1131
kp15 run1.txt,15,-15.0,1,107.000,0.1144,0.1133
kp15 run1.txt,15,-15.0,1,108.000,0.1100,0.1136
kp15 run1.txt,15,-15.0,1,109.000,0.1122,0.1138
kp15 run1.txt,15,-15.0,1,110.000,0.1115,0.1140
kp15 run1.txt,15,-15.0,1,111.000,0.1104,0.1141
kp15 run1.txt,15,-15.0,1,112.000,0.1108,0.1143
kp15 run1.txt,15,-15.0,1,113.000,0.1108,0.1144
kp15 run1.txt,15,-15.0,1,114.000,0.1104,0.1145
kp15 run1.txt,15,-15.0,1,115.000,0.1137,0.1145
kp15 run1.txt,15,-15.0,1,116.000,0.1079,0.1146
kp15 run1.txt,15,-15.0,1,117.000,0.1115,0.1146
kp15 run1.txt,15,-15.0,1,118.000,0.1100,0.1146
kp15 run1.txt,15,-15.0,1,119.000,0.1122,0.1146
kp15 run1.txt,15,-15.0,1,120.000,0.1137,0.1145
kp15 run1.txt,15,-15.0,1,121.000,0.1122,0.1145
kp15 run1.txt,15,-15.0,1,122.000,0.0853,0.1144
kp15 run1.txt,15,-15.0,1,123.000,0.1086,0.1143
kp15 run1.txt,15,-15.0,1,124.000,0.1166,0.1142
kp15 run1.txt,15,-15.0,1,125.000,0.1093,0.1141
kp15 run1.txt,15,-15.0,1,126.000,0.1100,0.1140
kp15 run1.txt,15,-15.0,1,127.000,0.1133,0.1139
kp15 run1.txt,15,-15.0,1,128.000,0.1097,0.1137
kp15 run1.txt,15,-15.0,1,129.000,0.1108,0.1136
kp15 run1.txt,15,-15.0,1,130.000,0.1108,0.1134
kp15 run1.txt,15,-15.0,1,131.000,0.1086,0.1132
kp15 run1.txt,15,-15.0,1,132.000,0.1104,0.1131
kp15 run1.txt,15,-15.0,1,133.000,0.1130,0.1129
kp15 run1.txt,15,-15.0,1,134.000,0.1079,0.1127
kp15 run1.txt,15,-15.0,1,135.000,0.1093,0.1125
kp15 run1.txt,15,-15.0,1,136.000,0.1075,0.1122
kp15 run1.txt,15,-15.0,1,137.000,0.1086,0.1120
kp15 run1.txt,15,-15.0,1,138.000,0.1203,0.1118
kp15 run1.txt,15,-15.0,1,139.000,0.1079,0.1116
kp15 run1.txt,15,-15.0,1,140.000,0.1064,0.1113
kp15 run1.txt,15,-15.0,1,141.000,0.1079,0.1111
kp15 run1.txt,15,-15.0,1,142.000,0.1082,0.1109
kp15 run1.txt,15,-15.0,1,143.000,0.1086,0.1106
kp15 run1.txt,15,-15.0,1,144.000,0.1075,0.1104
kp15 run1.txt,15,-15.0,1,145.000,0.1028,0.1101
kp15 run1.txt,15,-15.0,1,146.000,0.1042,0.1099
kp15 run1.txt,15,-15.0,1,147.000,0.1035,0.1096
kp15 run1.txt,15,-15.0,1,148.000,0.1057,0.1094
kp15 run1.txt,15,-15.0,1,149.000,0.1049,0.1091
kp15 run1.txt,15,-15.0,1,150.000,0.1028,0.1089
kp15 run1.txt,15,-15.0,1,151.000,0.1035,0.1086
kp15 run1.txt,15,-15.0,1,152.000,0.1035,0.1084
kp15 run1.txt,15,-15.0,1,153.000,0.1020,0.1081
kp15 run1.txt,15,-15.0,1,154.000,0.0936,0.1079
kp15 run1.txt,15,-15.0,1,155.000,0.1009,0.1076
kp15 run1.txt,15,-15.0,1,156.000,0.1020,0.1074
kp15 run1.txt,15,-15.0,1,157.000,0.0991,0.1072
kp15 run1.txt,15,-15.0,1,158.000,0.0998,0.1069
kp15 run1.txt,15,-15.0,1,159.000,0.0998,0.1067
kp15 run1.txt,15,-15.0,1,160.000,0.1020,0.1064
kp15 run1.txt,15,-15.0,1,161.000,0.0998,0.1062
kp15 run1.txt,15,-15.0,1,162.000,0.0991,0.1060
kp15 run1.txt,15,-15.0,1,163.000,0.0980,0.1058
kp15 run1.txt,15,-15.0,1,164.000,0.0998,0.1055
kp15 run1.txt,15,-15.0,1,165.000,0.0998,0.1053
kp15 run1.txt,15,-15.0,1,166.000,0.0987,0.1051
kp15 run1.txt,15,-15.0,1,167.000,0.0991,0.1049
kp15 run1.txt,15,-15.0,1,168.000,0.0984,0.1047
kp15 run1.txt,15,-15.0,1,169.000,0.0991,0.1045
kp15 run1.txt,15,-15.0,1,170.000,0.0831,0.1043
kp15 run1.txt,15,-15.0,1,171.000,0.0984,0.1041
kp15 run1.txt,15,-15.0,1,172.000,0.0998,0.1039
kp15 run1.txt,15,-15.0,1,173.000,0.0998,0.1037
kp15 run1.txt,15,-15.0,1,174.000,0.0987,0.1035
kp15 run1.txt,15,-15.0,1,175.000,0.1013,0.1033
kp15 run1.txt,15,-15.0,1,176.000,0.1020,0.1031
kp15 run1.txt,15,-15.0,1,177.000,0.0991,0.1030
kp15 run1.txt,15,-15.0,1,178.000,0.0947,0.1028
kp15 run1.txt,15,-15.0,1,179.000,0.0911,0.1026
kp15 run1.txt,15,-15.0,1,180.000,0.0998,0.1025
kp15 run1.txt,15,-15.0,1,181.000,0.0984,0.1023
kp15 run1.txt,15,-15.0,1,182.000,0.0984,0.1022
kp15 run1.txt,15,-15.0,1,183.000,0.0893,0.1020
kp15 run1.txt,15,-15.0,1,184.000,0.0991,0.1019
kp15 run1.txt,15,-15.0,1,185.000,0.0962,0.1017
kp15 run1.txt,15,-15.0,1,186.000,0.0998,0.1016
kp15 run1.txt,15,-15.0,1,187.000,0.0998,0.1015
kp15 run1.txt,15,-15.0,1,188.000,0.0958,0.1014
kp15 run1.txt,15,-15.0,1,189.000,0.0991,0.1012
kp15 run1.txt,15,-15.0,1,190.000,0.0977,0.1011
kp15 run1.txt,15,-15.0,1,191.000,0.1046,0.1010
kp15 run1.txt,15,-15.0,1,192.000,0.0955,0.1009
kp15 run1.txt,15,-15.0,1,193.000,0.1035,0.1008
kp15 run1.txt,15,-15.0,1,194.000,0.0984,0.1007
kp15 run1.txt,15,-15.0,1,195.000,0.0977,0.1006
kp15 run1.txt,15,-15.0,1,196.000,0.0984,0.1005
kp15 run1.txt,15,-15.0,1,197.000,0.0973,0.1004
kp15 run1.txt,15,-15.0,1,198.000,0.0984,0.1003
kp15 run1.txt,15,-15.0,1,199.000,0.0977,0.1002
kp15 run1.txt,15,-15.0,1,200.000,0.0925,0.1002
kp15 run1.txt,15,-15.0,1,201.000,0.0977,0.1001
kp15 run1.txt,15,-15.0,1,202.000,0.0969,0.1000
kp15 run1.txt,15,-15.0,1,203.000,0.1020,0.1000
kp15 run1.txt,15,-15.0,1,204.000,0.0998,0.0999
kp15 run1.txt,15,-15.0,1,205.000,0.0984,0.0998
kp15 run1.txt,15,-15.0,1,206.000,0.0900,0.0998
kp15 run1.txt,15,-15.0,1,207.000,0.1009,0.0997
kp15 run1.txt,15,-15.0,1,208.000,0.1013,0.0997
kp15 run1.txt,15,-15.0,1,209.000,0.1017,0.0996
kp15 run1.txt,15,-15.0,1,210.000,0.1028,0.0996
kp15 run1.txt,15,-15.0,1,211.000,0.0977,0.0995
kp15 run1.txt,15,-15.0,1,212.000,0.0962,0.0995
kp15 run1.txt,15,-15.0,1,213.000,0.0998,0.0995
kp15 run1.txt,15,-15.0,1,214.000,0.0987,0.0994
kp15 run1.txt,15,-15.0,1,215.000,0.0991,0.0994
kp15 run1.txt,15,-15.0,1,216.000,0.1017,0.0994
kp15 run1.txt,15,-15.0,1,217.000,0.0998,0.0993
kp15 run1.txt,15,-15.0,1,218.000,0.1035,0.0993
kp15 run1.txt,15,-15.0,1,219.000,0.0977,0.0993
kp15 run1.txt,15,-15.0,1,220.000,0.0998,0.0993
kp15 run1.txt,15,-15.0,1,221.000,0.1028,0.0993
kp15 run1.txt,15,-15.0,1,222.000,0.0998,0.0992
kp15 run1.txt,15,-15.0,1,223.000,0.1013,0.0992
kp15 run1.txt,15,-15.0,1,224.000,0.0977,0.0992
kp15 run1.txt,15,-15.0,1,225.000,0.0845,0.0992
kp15 run1.txt,15,-15.0,1,226.000,0.0991,0.0992
kp15 run1.txt,15,-15.0,1,227.000,0.1017,0.0992
kp15 run1.txt,15,-15.0,1,228.000,0.1006,0.0992
kp15 run1.txt,15,-15.0,1,229.000,0.0969,0.0992
kp15 run1.txt,15,-15.0,1,230.000,0.0991,0.0992
kp15 run1.txt,15,-15.0,1,231.000,0.0998,0.0992
kp15 run1.txt,15,-15.0,1,232.000,0.0998,0.0992
kp15 run1.txt,15,-15.0,1,233.000,0.0998,0.0992
kp15 run1.txt,15,-15.0,1,234.000,0.1006,0.0992
kp15 run1.txt,15,-15.0,1,235.000,0.1035,0.0992
kp15 run1.txt,15,-15.0,1,236.000,0.0991,0.0992
kp15 run1.txt,15,-15.0,1,237.000,0.0874,0.0992
kp15 run1.txt,15,-15.0,1,238.000,0.0991,0.0992
kp15 run1.txt,15,-15.0,1,239.000,0.1046,0.0992
kp15 run1.txt,15,-15.0,1,240.000,0.1006,0.0992
kp15 run1.txt,15,-15.0,1,241.000,0.0998,0.0992
kp15 run1.txt,15,-15.0,1,242.000,0.1013,0.0993
kp15 run1.txt,15,-15.0,1,243.000,0.0984,0.0993
kp15 run1.txt,15,-15.0,1,244.000,0.1009,0.0993
kp15 run1.txt,15,-15.0,1,245.000,0.0980,0.0993
kp15 run1.txt,15,-15.0,1,246.000,0.0998,0.0993
kp15 run1.txt,15,-15.0,1,247.000,0.0998,0.0993
kp15 run1.txt,15,-15.0,1,248.000,0.1006,0.0993
kp15 run1.txt,15,-15.0,1,249.000,0.0991,0.0994
kp15 run1.txt,15,-15.0,1,250.000,0.1017,0.0994
kp15 run1.txt,15,-15.0,1,251.000,0.1013,0.0994
kp15 run1.txt,15,-15.0,1,252.000,0.0991,0.0994
kp15 run1.txt,15,-15.0,1,253.000,0.1006,0.0994
kp15 run1.txt,15,-15.0,1,254.000,0.0998,0.0994
kp15 run1.txt,15,-15.0,1,255.000,0.1020,0.0995
kp15 run1.txt,15,-15.0,1,256.000,0.0998,0.0995
kp15 run1.txt,15,-15.0,1,257.000,0.0977,0.0995
kp15 run1.txt,15,-15.0,1,258.000,0.1013,0.0995
kp15 run1.txt,15,-15.0,1,259.000,0.1017,0.0995
kp15 run1.txt,15,-15.0,1,260.000,0.0940,0.0995
kp15 run1.txt,15,-15.0,1,261.000,0.0984,0.0996
kp15 run1.txt,15,-15.0,1,262.000,0.1017,0.0996
kp15 run1.txt,15,-15.0,1,263.000,0.1108,0.0996
kp15 run1.txt,15,-15.0,1,264.000,0.1017,0.0996
kp15 run1.txt,15,-15.0,1,265.000,0.1017,0.0996
kp15 run1.txt,15,-15.0,1,266.000,0.1075,0.0997
kp15 run1.txt,15,-15.0,1,267.000,0.0998,0.0997
kp15 run1.txt,15,-15.0,1,268.000,0.1006,0.0997
kp15 run1.txt,15,-15.0,1,269.000,0.0984,0.0997
kp15 run1.txt,15,-15.0,1,270.000,0.0947,0.0997
kp15 run1.txt,15,-15.0,1,271.000,0.1006,0.0997
kp15 run1.txt,15,-15.0,1,272.000,0.1028,0.0998
kp15 run1.txt,15,-15.0,1,273.000,0.1028,0.0998
kp15 run1.txt,15,-15.0,1,274.000,0.0995,0.0998
kp15 run1.txt,15,-15.0,1,275.000,0.1006,0.0998
kp15 run1.txt,15,-15.0,1,276.000,0.0991,0.0998
kp15 run1.txt,15,-15.0,1,277.000,0.1006,0.0998
kp15 run1.txt,15,-15.0,1,278.000,0.1137,0.0999
kp15 run1.txt,15,-15.0,1,279.000,0.0991,0.0999
kp15 run1.txt,15,-15.0,1,280.000,0.0991,0.0999
kp15 run1.txt,15,-15.0,1,281.000,0.0984,0.0999
kp15 run1.txt,15,-15.0,1,282.000,0.0853,0.0999
kp15 run1.txt,15,-15.0,1,283.000,0.1046,0.0999
kp15 run1.txt,15,-15.0,1,284.000,0.1020,0.0999
kp15 run1.txt,15,-15.0,1,285.000,0.1093,0.1000
kp15 run1.txt,15,-15.0,1,286.000,0.0984,0.1000
kp15 run1.txt,15,-15.0,1,287.000,0.0998,0.1000
kp15 run1.txt,15,-15.0,1,288.000,0.1006,0.1000
kp15 run1.txt,15,-15.0,1,289.000,0.0991,0.1000
kp15 run1.txt,15,-15.0,1,290.000,0.0918,0.1000
kp15 run1.txt,15,-15.0,1,291.000,0.1009,0.1000
kp15 run1.txt,15,-15.0,1,292.000,0.1017,0.1001
kp15 run1.txt,15,-15.0,1,293.000,0.1006,0.1001
kp15 run1.txt,15,-15.0,1,294.000,0.1006,0.1001
kp15 run1.txt,15,-15.0,1,295.000,0.1035,0.1001
kp15 run1.txt,15,-15.0,1,296.000,0.0991,0.1001
kp15 run1.txt,15,-15.0,1,297.000,0.1006,0.1001
kp15 run1.txt,15,-15.0,1,298.000,0.0995,0.1001
kp15 run1.txt,15,-15.0,1,299.000,0.0998,0.1001
kp15 run1.txt,15,-15.0,1,300.000,0.0998,0.1001
kp15 run1.txt,15,-15.0,1,301.000,0.0998,0.1001
kp15 run1.txt,15,-15.0,1,302.000,0.1009,0.1002
kp15 run1.txt,15,-15.0,1,303.000,0.1020,0.1002
kp15 run1.txt,15,-15.0,1,304.000,0.1017,0.1002
kp15 run1.txt,15,-15.0,1,305.000,0.1013,0.1002
kp15 run1.txt,15,-15.0,1,306.000,0.1020,0.1002
kp15 run1.txt,15,-15.0,1,307.000,0.1017,0.1002
kp15 run1.txt,15,-15.0,1,308.000,0.1006,0.1002
kp15 run1.txt,15,-15.0,1,309.000,0.0984,0.1002
kp15 run1.txt,15,-15.0,1,310.000,0.1115,0.1002
kp15 run1.txt,15,-15.0,1,311.000,0.1006,0.1002
kp15 run1.txt,15,-15.0,1,312.000,0.1017,0.1002
kp15 run1.txt,15,-15.0,1,313.000,0.0998,0.1002
kp15 run1.txt,15,-15.0,1,314.000,0.0904,0.1002
kp15 run1.txt,15,-15.0,1,315.000,0.0969,0.1002
kp15 run1.txt,15,-15.0,1,316.000,0.1017,0.1003
kp15 run1.txt,15,-15.0,1,317.000,0.0925,0.1003
kp15 run1.txt,15,-15.0,1,318.000,0.0998,0.1003
kp15 run1.txt,15,-15.0,1,319.000,0.1006,0.1003
kp15 run1.txt,15,-15.0,1,320.000,0.1028,0.1003
kp15 run1.txt,15,-15.0,1,321.000,0.0998,0.1003
kp15 run1.txt,15,-15.0,1,322.000,0.1020,0.1003
kp15 run1.txt,15,-15.0,1,323.000,0.1020,0.1003
kp15 run1.txt,15,-15.0,1,324.000,0.1028,0.1003
kp15 run1.txt,15,-15.0,1,325.000,0.1020,0.1003
kp15 run1.txt,15,-15.0,1,326.000,0.1017,0.1003
kp15 run1.txt,15,-15.0,1,327.000,0.1017,0.1003
kp15 run1.txt,15,-15.0,1,328.000,0.1035,0.1003
kp15 run1.txt,15,-15.0,1,329.000,0.1028,0.1003
kp15 run1.txt,15,-15.0,1,330.000,0.1006,0.1003
kp15 run1.txt,15,-15.0,1,331.000,0.0998,0.1003
kp15 run1.txt,15,-15.0,1,332.000,0.0987,0.1003
kp15 run1.txt,15,-15.0,1,333.000,0.0991,0.1003
kp15 run1.txt,15,-15.0,1,334.000,0.1013,0.1003
kp15 run1.txt,15,-15.0,1,335.000,0.0998,0.1003
kp15 run1.txt,15,-15.0,1,336.000,0.1013,0.1003
kp15 run1.txt,15,-15.0,1,337.000,0.1009,0.1003
kp15 run1.txt,15,-15.0,1,338.000,0.1017,0.1003
kp15 run1.txt,15,-15.0,1,339.000,0.1013,0.1003
kp15 run1.txt,15,-15.0,1,340.000,0.0977,0.1003
kp15 run1.txt,15,-15.0,1,341.000,0.1013,0.1003
kp15 run1.txt,15,-15.0,1,342.000,0.0991,0.1003
kp15 run1.txt,15,-15.0,1,343.000,0.0998,0.1003
kp15 run1.txt,15,-15.0,1,344.000,0.1006,0.1003
kp15 run1.txt,15,-15.0,1,345.000,0.0987,0.1003
kp15 run1.txt,15,-15.0,1,346.000,0.0991,0.1003
kp15 run1.txt,15,-15.0,1,347.000,0.0991,0.1003
kp15 run1.txt,15,-15.0,1,348.000,0.0998,0.1003
kp15 run1.txt,15,-15.0,1,349.000,0.0991,0.1003
kp15 run1.txt,15,-15.0,1,350.000,0.1017,0.1003
kp15 run1.txt,15,-15.0,1,351.000,0.0998,0.1003
kp15 run1.txt,15,-15.0,1,352.000,0.0998,0.1003
kp15 run1.txt,15,-15.0,1,353.000,0.1006,0.1003
kp15 run1.txt,15,-15.0,1,354.000,0.1013,0.1003
kp15 run1.txt,15,-15.0,1,355.000,0.0984,0.1003
kp15 run1.txt,15,-15.0,1,356.000,0.0998,0.1003
kp15 run1.txt,15,-15.0,1,357.000,0.1006,0.1003
kp15 run1.txt,15,-15.0,1,358.000,0.0998,0.1003
kp15 run1.txt,15,-15.0,1,359.000,0.0998,0.1003
kp15 run1.txt,15,-15.0,1,360.000,0.0984,0.1003
kp15 run1.txt,15,-15.0,1,361.000,0.0995,0.1003
kp15 run1.txt,15,-15.0,1,362.000,0.0998,0.1003
kp15 run1.txt,15,-15.0,1,363.000,0.0987,0.1003
kp15 run1.txt,15,-15.0,1,364.000,0.1006,0.1003
kp15 run1.txt,15,-15.0,1,365.000,0.0998,0.1003
kp15 run1.txt,15,-15.0,1,366.000,0.0987,0.1003
kp15 run1.txt,15,-15.0,1,367.000,0.0998,0.1003
kp15 run1.txt,15,-15.0,1,368.000,0.0998,0.1003
kp15 run1.txt,15,-15.0,1,369.000,0.0991,0.1003
kp15 run1.txt,15,-15.0,1,370.000,0.0998,0.1003
kp15 run1.txt,15,-15.0,1,371.000,0.0998,0.1003
kp15 run1.txt,15,-15.0,1,372.000,0.0984,0.1003
kp15 run1.txt,15,-15.0,1,373.000,0.1079,0.1003
kp15 run1.txt,15,-15.0,1,374.000,0.0991,0.1003
kp15 run1.txt,15,-15.0,1,375.000,0.1108,0.1003
kp15 run1.txt,15,-15.0,1,376.000,0.1006,0.1003
kp15 run1.txt,15,-15.0,1,377.000,0.0998,0.1003
kp15 run1.txt,15,-15.0,1,378.000,0.1035,0.1003
kp15 run1.txt,15,-15.0,1,379.000,0.1013,0.1003
kp15 run1.txt,15,-15.0,1,380.000,0.1020,0.1003
kp15 run1.txt,15,-15.0,1,381.000,0.1020,0.1003
kp15 run1.txt,15,-15.0,1,382.000,0.0874,0.1003
kp15 run1.txt,15,-15.0,1,383.000,0.0980,0.1003
kp15 run1.txt,15,-15.0,1,384.000,0.0955,0.1003
kp15 run1.txt,15,-15.0,1,385.000,0.0969,0.1003
kp15 run1.txt,15,-15.0,1,386.000,0.0984,0.1003
kp15 run1.txt,15,-15.0,1,387.000,0.1017,0.1003
kp15 run1.txt,15,-15.0,1,388.000,0.0991,0.1003
kp15 run1.txt,15,-15.0,1,389.000,0.0984,0.1003
kp15 run1.txt,15,-15.0,1,390.024,0.0947,0.1003
kp15 run1.txt,15,-15.0,1,391.000,0.0995,0.1003
kp15 run1.txt,15,-15.0,1,392.000,0.1020,0.1003
kp15 run1.txt,15,-15.0,1,393.000,0.0867,0.1003
kp15 run1.txt,15,-15.0,1,394.000,0.1049,0.1003
kp15 run1.txt,15,-15.0,1,395.000,0.1035,0.1003
kp15 run1.txt,15,-15.0,1,396.000,0.1006,0.1003
kp15 run1.txt,15,-15.0,1,397.000,0.0940,0.1003
kp15 run1.txt,15,-15.0,1,398.000,0.0998,0.1003
kp15 run1.txt,15,-15.0,1,399.000,0.0984,0.1002
kp15 run1.txt,15,-15.0,1,400.000,0.1028,0.1002
kp15 run1.txt,15,-15.0,1,401.000,0.0987,0.1002
kp15 run1.txt,15,-15.0,1,402.000,0.1020,0.1002
kp15 run1.txt,15,-15.0,1,403.000,0.0984,0.1002
kp15 run1.txt,15,-15.0,1,404.000,0.0991,0.1002
kp15 run1.txt,15,-15.0,1,405.000,0.0969,0.1002
kp15 run1.txt,15,-15.0,1,406.000,0.1013,0.1002
kp15 run1.txt,15,-15.0,1,407.000,0.1006,0.1002
kp15 run1.txt,15,-15.0,1,408.000,0.0998,0.1002
kp15 run1.txt,15,-15.0,1,409.000,0.1028,0.1002
kp15 run1.txt,15,-15.0,1,410.000,0.0991,0.1002
kp15 run1.txt,15,-15.0,1,411.000,0.1009,0.1002
kp15 run1.txt,15,-15.0,1,412.000,0.1042,0.1002
kp15 run1.txt,15,-15.0,1,413.000,0.1035,0.1002
kp15 run1.txt,15,-15.0,1,414.000,0.0991,0.1002
kp15 run1.txt,15,-15.0,1,415.000,0.1020,0.1002
kp15 run1.txt,15,-15.0,1,416.000,0.0977,0.1002
kp15 run1.txt,15,-15.0,1,417.000,0.0998,0.1002
kp15 run1.txt,15,-15.0,1,418.000,0.0973,0.1002
kp15 run1.txt,15,-15.0,1,419.000,0.0998,0.1002
kp15 run1.txt,15,-15.0,1,420.000,0.1028,0.1002
kp15 run1.txt,15,-15.0,1,421.000,0.0991,0.1002
kp15 run1.txt,15,-15.0,1,422.000,0.0998,0.1002
kp15 run1.txt,15,-15.0,1,423.000,0.1006,0.1002
kp15 run1.txt,15,-15.0,1,424.000,0.0998,0.1002
kp15 run1.txt,15,-15.0,1,425.000,0.1006,0.1002
kp15 run1.txt,15,-15.0,1,426.000,0.0973,0.1002
kp15 run1.txt,15,-15.0,1,427.000,0.1071,0.1002
kp15 run1.txt,15,-15.0,1,428.000,0.1013,0.1002
kp15 run1.txt,15,-15.0,1,429.000,0.0991,0.1002
kp15 run1.txt,15,-15.0,1,430.000,0.1006,0.1002
kp15 run1.txt,15,-15.0,1,431.000,0.0867,0.1002
kp15 run1.txt,15,-15.0,1,432.000,0.0998,0.1002
kp15 run1.txt,15,-15.0,1,433.000,0.1020,0.1002
kp15 run1.txt,15,-15.0,1,434.000,0.1049,0.1002
kp15 run1.txt,15,-15.0,1,435.000,0.1028,0.1002
kp15 run1.txt,15,-15.0,1,436.000,0.0958,0.1002
kp15 run1.txt,15,-15.0,1,437.000,0.0998,0.1002
kp15 run1.txt,15,-15.0,1,438.000,0.1028,0.1002
kp15 run1.txt,15,-15.0,1,439.000,0.1013,0.1002
kp15 run1.txt,15,-15.0,1,440.000,0.1006,0.1002
kp15 run1.txt,15,-15.0,1,441.000,0.1006,0.1002
kp15 run1.txt,15,-15.0,1,442.000,0.0882,0.1002
kp15 run1.txt,15,-15.0,1,443.000,0.1006,0.1002
kp15 run1.txt,15,-15.0,1,444.000,0.0987,0.1002
kp15 run1.txt,15,-15.0,1,445.000,0.1002,0.1002
kp15 run1.txt,15,-15.0,1,446.000,0.0969,0.1002
kp15 run1.txt,15,-15.0,1,447.000,0.1009,0.1002
kp15 run1.txt,15,-15.0,1,448.000,0.1017,0.1002
kp15 run1.txt,15,-15.0,1,449.000,0.1006,0.1002
kp15 run1.txt,15,-15.0,1,450.000,0.1020,0.1002
kp15 run1.txt,15,-15.0,1,451.000,0.1028,0.1002
kp15 run1.txt,15,-15.0,1,452.000,0.0991,0.1002
kp15 run1.txt,15,-15.0,1,453.000,0.0987,0.1002
kp15 run1.txt,15,-15.0,1,454.000,0.0998,0.1002
kp15 run1.txt,15,-15.0,1,455.000,0.1042,0.1002
kp15 run1.txt,15,-15.0,1,456.000,0.1020,0.1002
kp15 run1.txt,15,-15.0,1,457.000,0.0991,0.1002
kp15 run1.txt,15,-15.0,1,458.000,0.0991,0.1002
kp15 run1.txt,15,-15.0,1,459.000,0.0991,0.1002
kp15 run1.txt,15,-15.0,1,460.000,0.0962,0.1002
kp15 run1.txt,15,-15.0,1,461.000,0.0995,0.1002
kp15 run1.txt,15,-15.0,1,462.000,0.0947,0.1002
kp15 run1.txt,15,-15.0,1,463.000,0.0969,0.1002
kp15 run1.txt,15,-15.0,1,464.000,0.1013,0.1002
kp15 run1.txt,15,-15.0,1,465.000,0.1017,0.1002
kp15 run1.txt,15,-15.0,1,466.000,0.0977,0.1002
kp15 run1.txt,15,-15.0,1,467.000,0.1009,0.1002
kp15 run1.txt,15,-15.0,1,468.000,0.0977,0.1002
kp15 run1.txt,15,-15.0,1,469.000,0.1017,0.1002
kp15 run1.txt,15,-15.0,1,470.000,0.1020,0.1002
kp15 run1.txt,15,-15.0,1,471.000,0.0995,0.1002
kp15 run1.txt,15,-15.0,1,472.000,0.1006,0.1002
kp15 run1.txt,15,-15.0,1,473.000,0.1006,0.1002
kp15 run1.txt,15,-15.0,1,474.000,0.1035,0.1002
kp15 run1.txt,15,-15.0,1,475.000,0.1006,0.1002
kp15 run1.txt,15,-15.0,1,476.000,0.0987,0.1002
kp15 run1.txt,15,-15.0,1,477.000,0.1035,0.1002
kp15 run1.txt,15,-15.0,1,478.000,0.0958,0.1002
kp15 run1.txt,15,-15.0,1,479.000,0.1093,0.1002
kp15 run1.txt,15,-15.0,1,480.000,0.0998,0.1002
kp15 run1.txt,15,-15.0,1,481.000,0.1020,0.1002
kp15 run1.txt,15,-15.0,1,482.000,0.1006,0.1002
kp15 run1.txt,15,-15.0,1,483.000,0.1013,0.1002
kp15 run1.txt,15,-15.0,1,484.000,0.0987,0.1002
kp15 run1.txt,15,-15.0,1,485.000,0.0991,0.1002
kp15 run1.txt,15,-15.0,1,486.000,0.1006,0.1002
kp15 run1.txt,15,-15.0,1,487.000,0.0958,0.1002
kp15 run1.txt,15,-15.0,1,488.000,0.0998,0.1002
kp15 run1.txt,15,-15.0,1,489.000,0.0998,0.1002
kp15 run1.txt,15,-15.0,1,490.000,0.1115,0.1002
kp15 run1.txt,15,-15.0,1,491.000,0.1006,0.1002
kp15 run1.txt,15,-15.0,1,492.000,0.1013,0.1002
kp15 run1.txt,15,-15.0,1,493.000,0.1013,0.1002
kp15 run1.txt,15,-15.0,1,494.000,0.0980,0.1002
kp15 run1.txt,15,-15.0,1,495.000,0.1006,0.1002
kp15 run1.txt,15,-15.0,1,496.000,0.1035,0.1002
kp15 run1.txt,15,-15.0,1,497.000,0.1013,0.1002
kp15 run1.txt,15,-15.0,1,498.000,0.0998,0.1002
kp15 run1.txt,15,-15.0,1,499.000,0.0998,0.1002
kp15 run1.txt,15,-15.0,1,500.000,0.1028,0.1002
kp15 run1.txt,15,-15.0,1,501.000,0.0995,0.1002
kp15 run1.txt,15,-15.0,1,502.000,0.0955,0.1002
kp15 run1.txt,15,-15.0,1,503.000,0.0998,0.1002
kp15 run1.txt,15,-15.0,1,504.000,0.1006,0.1002
kp15 run1.txt,15,-15.0,1,505.000,0.0911,0.1002
kp15 run1.txt,15,-15.0,1,506.000,0.1020,0.1002
kp15 run1.txt,15,-15.0,1,507.000,0.0998,0.1002
kp15 run1.txt,15,-15.0,1,508.000,0.1035,0.1002
kp15 run1.txt,15,-15.0,1,509.000,0.0995,0.1002
kp15 run1.txt,15,-15.0,1,510.000,0.1002,0.1002
kp15 run1.txt,15,-15.0,1,511.000,0.0987,0.1002
kp15 run1.txt,15,-15.0,1,512.000,0.1013,0.1002
kp15 run1.txt,15,-15.0,1,513.000,0.0984,0.1002
kp15 run1.txt,15,-15.0,1,514.000,0.1006,0.1002
kp15 run1.txt,15,-15.0,1,515.000,0.1017,0.1002
kp15 run1.txt,15,-15.0,1,516.000,0.0998,0.1002
kp15 run1.txt,15,-15.0,1,517.000,0.1009,0.1002
kp15 run1.txt,15,-15.0,1,518.000,0.0998,0.1002
kp15 run1.txt,15,-15.0,1,519.000,0.1028,0.1002
kp15 run1.txt,15,-15.0,1,520.000,0.0998,0.1002
kp15 run1.txt,15,-15.0,1,521.000,0.1006,0.1002
kp15 run1.txt,15,-15.0,1,522.000,0.1035,0.1002
kp15 run1.txt,15,-15.0,1,523.000,0.0998,0.1002
kp15 run1.txt,15,-15.0,1,524.000,0.0995,0.1002
kp15 run1.txt,15,-15.0,1,525.000,0.0998,0.1002
kp15 run1.txt,15,-15.0,1,526.000,0.0998,0.1002
kp15 run1.txt,15,-15.0,1,527.000,0.1013,0.1002
kp15 run1.txt,15,-15.0,1,528.000,0.0991,0.1002
kp15 run1.txt,15,-15.0,1,529.000,0.1009,0.1002
kp15 run1.txt,15,-15.0,1,530.000,0.1006,0.1002
kp15 run1.txt,15,-15.0,1,531.000,0.1013,0.1002
kp15 run1.txt,15,-15.0,1,532.000,0.1020,0.1002
kp15 run1.txt,15,-15.0,1,533.000,0.1006,0.1002
kp15 run1.txt,15,-15.0,1,534.000,0.0977,0.1002
kp15 run1.txt,15,-15.0,1,535.000,0.0995,0.1002
kp15 run1.txt,15,-15.0,1,536.000,0.0984,0.1002
kp15 run1.txt,15,-15.0,1,537.000,0.0998,0.1002
kp15 run1.txt,15,-15.0,1,538.000,0.0984,0.1002
kp15 run1.txt,15,-15.0,1,539.000,0.0966,0.1002
kp15 run1.txt,15,-15.0,1,540.000,0.1006,0.1002
kp15 run1.txt,15,-15.0,1,541.000,0.1013,0.1002
kp15 run1.txt,15,-15.0,1,542.000,0.0969,0.1002
kp15 run1.txt,15,-15.0,1,543.000,0.1013,0.1002
kp15 run1.txt,15,-15.0,1,544.000,0.0958,0.1002
kp15 run1.txt,15,-15.0,1,545.000,0.1049,0.1002
kp15 run1.txt,15,-15.0,1,546.000,0.1009,0.1002
kp15 run1.txt,15,-15.0,1,547.000,0.1035,0.1002
kp15 run1.txt,15,-15.0,1,548.000,0.1035,0.1002
kp15 run1.txt,15,-15.0,1,549.000,0.1017,0.1002
kp15 run1.txt,15,-15.0,1,550.000,0.0998,0.1002
kp15 run1.txt,15,-15.0,1,551.000,0.0962,0.1002
kp15 run1.txt,15,-15.0,1,552.000,0.1009,0.1002
kp15 run1.txt,15,-15.0,1,553.000,0.1020,0.1002
kp15 run1.txt,15,-15.0,1,554.000,0.0998,0.1002
kp15 run1.txt,15,-15.0,1,555.000,0.1006,0.1002
kp15 run1.txt,15,-15.0,1,556.000,0.0973,0.1002
kp15 run1.txt,15,-15.0,1,557.000,0.0980,0.1002
kp15 run1.txt,15,-15.0,1,558.000,0.1006,0.1002
kp15 run1.txt,15,-15.0,1,559.000,0.1013,0.1002
kp15 run1.txt,15,-15.0,1,560.000,0.0984,0.1002
kp15 run1.txt,15,-15.0,1,561.000,0.0969,0.1002
kp15 run1.txt,15,-15.0,1,562.000,0.0998,0.1002
kp15 run1.txt,15,-15.0,1,563.000,0.0980,0.1002
kp15 run1.txt,15,-15.0,1,564.000,0.1024,0.1002
kp15 run1.txt,15,-15.0,1,565.000,0.0998,0.1002
kp15 run1.txt,15,-15.0,1,566.000,0.0998,0.1002
kp15 run1.txt,15,-15.0,1,567.000,0.1017,0.1002
kp15 run1.txt,15,-15.0,1,568.000,0.1224,0.1002
kp15 run1.txt,15,-15.0,1,569.000,0.1013,0.1002
kp15 run1.txt,15,-15.0,1,570.000,0.0984,0.1002
kp15 run1.txt,15,-15.0,1,571.000,0.0984,0.1002
kp15 run1.txt,15,-15.0,1,572.000,0.0998,0.1002
kp15 run1.txt,15,-15.0,1,573.000,0.0991,0.1002
kp15 run1.txt,15,-15.0,1,574.000,0.0991,0.1002
kp15 run1.txt,15,-15.0,1,575.000,0.1046,0.1002
kp15 run1.txt,15,-15.0,1,576.000,0.0991,0.1002
kp15 run1.txt,15,-15.0,1,577.000,0.1009,0.1002
kp15 run1.txt,15,-15.0,1,578.000,0.0984,0.1002
kp15 run1.txt,15,-15.0,1,579.000,0.1020,0.1002
kp15 run1.txt,15,-15.0,1,580.000,0.1006,0.1002
kp15 run1.txt,15,-15.0,1,581.000,0.1013,0.1002
kp15 run1.txt,15,-15.0,1,582.000,0.0977,0.1002
kp15 run1.txt,15,-15.0,1,583.000,0.1006,0.1002
kp15 run1.txt,15,-15.0,1,584.000,0.1009,0.1002
kp15 run1.txt,15,-15.0,1,585.000,0.0940,0.1002
kp15 run1.txt,15,-15.0,1,586.000,0.0987,0.1002
kp15 run1.txt,15,-15.0,1,587.000,0.0977,0.1002
kp15 run1.txt,15,-15.0,1,588.000,0.0911,0.1002
kp15 run1.txt,15,-15.0,1,589.000,0.0984,0.1002
kp15 run1.txt,15,-15.0,1,590.000,0.0991,0.1002
kp15 run1.txt,15,-15.0,1,591.000,0.0991,0.1002
kp15 run1.txt,15,-15.0,1,592.000,0.1020,0.1002
kp15 run1.txt,15,-15.0,1,593.000,0.1035,0.1002
kp15 run1.txt,15,-15.0,1,594.000,0.0998,0.1002
kp15 run1.txt,15,-15.0,1,595.000,0.0998,0.1002
kp15 run1.txt,15,-15.0,1,596.000,0.1046,0.1002
kp15 run1.txt,15,-15.0,1,597.000,0.0984,0.1002
kp15 run1.txt,15,-15.0,1,598.000,0.1009,0.1002
kp15 run1.txt,15,-15.0,1,599.000,0.0998,0.1002
kp15 run1.txt,16,-15.0,-1,0.000,0.1013,0.1218
kp15 run1.txt,16,-15.0,-1,1.000,0.1108,0.1217
kp15 run1.txt,16,-15.0,-1,2.000,0.1534,0.1213
kp15 run1.txt,16,-15.0,-1,3.000,0.0991,0.1206
kp15 run1.txt,16,-15.0,-1,4.000,0.1057,0.1197
kp15 run1.txt,16,-15.0,-1,5.000,0.1115,0.1185
kp15 run1.txt,16,-15.0,-1,6.000,0.1075,0.1171
kp15 run1.txt,16,-15.0,-1,7.000,0.1151,0.1155
kp15 run1.txt,16,-15.0,-1,8.000,0.0933,0.1137
kp15 run1.txt,16,-15.0,-1,9.000,0.0940,0.1117
kp15 run1.txt,16,-15.0,-1,10.000,0.1071,0.1095
kp15 run1.txt,16,-15.0,-1,11.000,0.1042,0.1071
kp15 run1.txt,16,-15.0,-1,12.000,0.0987,0.1046
kp15 run1.txt,16,-15.0,-1,13.000,0.0933,0.1019
kp15 run1.txt,16,-15.0,-1,14.000,0.0751,0.0991
kp15 run1.txt,16,-15.0,-1,15.000,0.0823,0.0962
kp15 run1.txt,16,-15.0,-1,16.000,0.0802,0.0932
kp15 run1.txt,16,-15.0,-1,17.000,0.0747,0.0900
kp15 run1.txt,16,-15.0,-1,18.000,0.0736,0.0868
kp15 run1.txt,16,-15.0,-1,19.000,0.0699,0.0834
kp15 run1.txt,16,-15.0,-1,20.000,0.0678,0.0800
kp15 run1.txt,16,-15.0,-1,21.000,0.0627,0.0765
kp15 run1.txt,16,-15.0,-1,22.000,0.0597,0.0729
kp15 run1.txt,16,-15.0,-1,23.000,0.0572,0.0693
kp15 run1.txt,16,-15.0,-1,24.000,0.0561,0.0656
kp15 run1.txt,16,-15.0,-1,25.000,0.0495,0.0619
kp15 run1.txt,16,-15.0,-1,26.000,0.0473,0.0581
kp15 run1.txt,16,-15.0,-1,27.000,0.0481,0.0543
kp15 run1.txt,16,-15.0,-1,28.000,0.0422,0.0505
kp15 run1.txt,16,-15.0,-1,29.000,0.0386,0.0467
kp15 run1.txt,16,-15.0,-1,30.000,0.0328,0.0428
kp15 run1.txt,16,-15.0,-1,31.000,0.0299,0.0390
kp15 run1.txt,16,-15.0,-1,32.000,0.0266,0.0351
kp15 run1.txt,16,-15.0,-1,33.000,0.0226,0.0312
kp15 run1.txt,16,-15.0,-1,34.000,0.0218,0.0274
kp15 run1.txt,16,-15.0,-1,35.000,0.0171,0.0235
kp15 run1.txt,16,-15.0,-1,36.000,0.0153,0.0197
kp15 run1.txt,16,-15.0,-1,37.000,0.0094,0.0159
kp15 run1.txt,16,-15.0,-1,38.000,0.0058,0.0121
kp15 run1.txt,16,-15.0,-1,39.000,0.0029,0.0084
kp15 run1.txt,16,-15.0,-1,40.000,0.0051,0.0046
kp15 run1.txt,16,-15.0,-1,41.000,-0.0059,0.0009
kp15 run1.txt,16,-15.0,-1,42.000,-0.0051,-0.0027
kp15 run1.txt,16,-15.0,-1,43.000,-0.0117,-0.0063
kp15 run1.txt,16,-15.0,-1,44.000,-0.0081,-0.0099
kp15 run1.txt,16,-15.0,-1,45.000,-0.0146,-0.0134
kp15 run1.txt,16,-15.0,-1,46.000,-0.0190,-0.0169
kp15 run1.txt,16,-15.0,-1,47.000,-0.0263,-0.0203
kp15 run1.txt,16,-15.0,-1,48.000,-0.0237,-0.0237
kp15 run1.txt,16,-15.0,-1,49.000,-0.0256,-0.0270
kp15 run1.txt,16,-15.0,-1,50.000,-0.0321,-0.0302
kp15 run1.txt,16,-15.0,-1,51.000,-0.0350,-0.0334
kp15 run1.txt,16,-15.0,-1,52.000,-0.0379,-0.0366
kp15 run1.txt,16,-15.0,-1,53.000,-0.0394,-0.0397
kp15 run1.txt,16,-15.0,-1,54.000,-0.0445,-0.0427
kp15 run1.txt,16,-15.0,-1,55.000,-0.0474,-0.0456
kp15 run1.txt,16,-15.0,-1,56.000,-0.0525,-0.0485
kp15 run1.txt,16,-15.0,-1,57.000,-0.0489,-0.0513
kp15 run1.txt,16,-15.0,-1,58.000,-0.0540,-0.0541
kp15 run1.txt,16,-15.0,-1,59.000,-0.0569,-0.0568
kp15 run1.txt,16,-15.0,-1,60.000,-0.0595,-0.0594
kp15 run1.txt,16,-15.0,-1,61.000,-0.0591,-0.0620
kp15 run1.txt,16,-15.0,-1,62.000,-0.0642,-0.0645
kp15 run1.txt,16,-15.0,-1,63.000,-0.0649,-0.0669
kp15 run1.txt,16,-15.0,-1,64.000,-0.0686,-0.0692
kp15 run1.txt,16,-15.0,-1,65.000,-0.0671,-0.0715
kp15 run1.txt,16,-15.0,-1,66.000,-0.0693,-0.0737
kp15 run1.txt,16,-15.0,-1,67.000,-0.0759,-0.0759
kp15 run1.txt,16,-15.0,-1,68.000,-0.0810,-0.0780
kp15 run1.txt,16,-15.0,-1,69.000,-0.0737,-0.0800
kp15 run1.txt,16,-15.0,-1,70.000,-0.0773,-0.0820
kp15 run1.txt,16,-15.0,-1,71.000,-0.0875,-0.0839
kp15 run1.txt,16,-15.0,-1,72.000,-0.0868,-0.0857
kp15 run1.txt,16,-15.0,-1,73.000,-0.0890,-0.0874
kp15 run1.txt,16,-15.0,-1,74.000,-0.0890,-0.0891
kp15 run1.txt,16,-15.0,-1,75.000,-0.0926,-0.0908
kp15 run1.txt,16,-15.0,-1,76.000,-0.1047,-0.0924
kp15 run1.txt,16,-15.0,-1,77.000,-0.0868,-0.0939
kp15 run1.txt,16,-15.0,-1,78.000,-0.0992,-0.0953
kp15 run1.txt,16,-15.0,-1,79.000,-0.0762,-0.0967
kp15 run1.txt,16,-15.0,-1,80.000,-0.1021,-0.0980
kp15 run1.txt,16,-15.0,-1,81.000,-0.1021,-0.0993
kp15 run1.txt,16,-15.0,-1,82.000,-0.0810,-0.1005
kp15 run1.txt,16,-15.0,-1,83.000,-0.1003,-0.1017
kp15 run1.txt,16,-15.0,-1,84.000,-0.1036,-0.1028
kp15 run1.txt,16,-15.0,-1,85.000,-0.1094,-0.1038
kp15 run1.txt,16,-15.0,-1,86.000,-0.1094,-0.1048
kp15 run1.txt,16,-15.0,-1,87.000,-0.1105,-0.1058
kp15 run1.txt,16,-15.0,-1,88.000,-0.1254,-0.1067
kp15 run1.txt,16,-15.0,-1,89.000,-0.1094,-0.1075
kp15 run1.txt,16,-15.0,-1,90.000,-0.1116,-0.1083
kp15 run1.txt,16,-15.0,-1,91.000,-0.1123,-0.1091
kp15 run1.txt,16,-15.0,-1,92.000,-0.1145,-0.1098
kp15 run1.txt,16,-15.0,-1,93.000,-0.1098,-0.1105
kp15 run1.txt,16,-15.0,-1,94.000,-0.1149,-0.1111
kp15 run1.txt,16,-15.0,-1,95.000,-0.1134,-0.1117
kp15 run1.txt,16,-15.0,-1,96.000,-0.1141,-0.1122
kp15 run1.txt,16,-15.0,-1,97.000,-0.1160,-0.1127
kp15 run1.txt,16,-15.0,-1,98.000,-0.1171,-0.1132
kp15 run1.txt,16,-15.0,-1,99.000,-0.1167,-0.1136
kp15 run1.txt,16,-15.0,-1,100.000,-0.1160,-0.1140
kp15 run1.txt,16,-15.0,-1,101.000,-0.1138,-0.1143
kp15 run1.txt,16,-15.0,-1,102.000,-0.1145,-0.1146
kp15 run1.txt,16,-15.0,-1,103.000,-0.1160,-0.1149
kp15 run1.txt,16,-15.0,-1,104.000,-0.1138,-0.1152
kp15 run1.txt,16,-15.0,-1,105.000,-0.1160,-0.1154
kp15 run1.txt,16,-15.0,-1,106.000,-0.1160,-0.1156
kp15 run1.txt,16,-15.0,-1,107.000,-0.1160,-0.1157
kp15 run1.txt,16,-15.0,-1,108.000,-0.1130,-0.1159
kp15 run1.txt,16,-15.0,-1,109.000,-0.1167,-0.1160
kp15 run1.txt,16,-15.0,-1,110.000,-0.1116,-0.1161
kp15 run1.txt,16,-15.0,-1,111.000,-0.1167,-0.1161
kp15 run1.txt,16,-15.0,-1,112.000,-0.1130,-0.1162
kp15 run1.txt,16,-15.0,-1,113.000,-0.1167,-0.1162
kp15 run1.txt,16,-15.0,-1,114.000,-0.1167,-0.1162
kp15 run1.txt,16,-15.0,-1,115.000,-0.1101,-0.1161
kp15 run1.txt,16,-15.0,-1,116.000,-0.1145,-0.1161
kp15 run1.txt,16,-15.0,-1,117.000,-0.1138,-0.1160
kp15 run1.txt,16,-15.0,-1,118.000,-0.1079,-0.1159
kp15 run1.txt,16,-15.0,-1,119.000,-0.1141,-0.1158
kp15 run1.txt,16,-15.0,-1,120.000,-0.1145,-0.1157
kp15 run1.txt,16,-15.0,-1,121.000,-0.1145,-0.1156
kp15 run1.txt,16,-15.0,-1,122.000,-0.1138,-0.1154
kp15 run1.txt,16,-15.0,-1,123.000,-0.1138,-0.1153
kp15 run1.txt,16,-15.0,-1,124.000,-0.1160,-0.1151
kp15 run1.txt,16,-15.0,-1,125.000,-0.1141,-0.1149
kp15 run1.txt,16,-15.0,-1,126.000,-0.1141,-0.1147
kp15 run1.txt,16,-15.0,-1,127.000,-0.1123,-0.1145
kp15 run1.txt,16,-15.0,-1,128.000,-0.1127,-0.1143
kp15 run1.txt,16,-15.0,-1,129.000,-0.1141,-0.1141
kp15 run1.txt,16,-15.0,-1,130.000,-0.1160,-0.1139
kp15 run1.txt,16,-15.0,-1,131.000,-0.1119,-0.1136
kp15 run1.txt,16,-15.0,-1,132.000,-0.1109,-0.1134
kp15 run1.txt,16,-15.0,-1,133.000,-0.1116,-0.1131
kp15 run1.txt,16,-15.0,-1,134.000,-0.1098,-0.1129
kp15 run1.txt,16,-15.0,-1,135.000,-0.1229,-0.1126
kp15 run1.txt,16,-15.0,-1,136.000,-0.1109,-0.1124
kp15 run1.txt,16,-15.0,-1,137.000,-0.1101,-0.1121
kp15 run1.txt,16,-15.0,-1,138.000,-0.1167,-0.1118
kp15 run1.txt,16,-15.0,-1,139.000,-0.1065,-0.1115
kp15 run1.txt,16,-15.0,-1,140.000,-0.1079,-0.1113
kp15 run1.txt,16,-15.0,-1,141.000,-0.1079,-0.1110
kp15 run1.txt,16,-15.0,-1,142.000,-0.1065,-0.1107
kp15 run1.txt,16,-15.0,-1,143.000,-0.1072,-0.1104
kp15 run1.txt,16,-15.0,-1,144.000,-0.1079,-0.1101
kp15 run1.txt,16,-15.0,-1,145.000,-0.1025,-0.1099
kp15 run1.txt,16,-15.0,-1,146.000,-0.1050,-0.1096
kp15 run1.txt,16,-15.0,-1,147.000,-0.1036,-0.1093
kp15 run1.txt,16,-15.0,-1,148.000,-0.1036,-0.1090
kp15 run1.txt,16,-15.0,-1,149.000,-0.1043,-0.1087
kp15 run1.txt,16,-15.0,-1,150.000,-0.1050,-0.1085
kp15 run1.txt,16,-15.0,-1,151.000,-0.1036,-0.1082
kp15 run1.txt,16,-15.0,-1,152.000,-0.1043,-0.1079
kp15 run1.txt,16,-15.0,-1,153.000,-0.1021,-0.1076
kp15 run1.txt,16,-15.0,-1,154.000,-0.1017,-0.1074
kp15 run1.txt,16,-15.0,-1,155.000,-0.1014,-0.1071
kp15 run1.txt,16,-15.0,-1,156.000,-0.1014,-0.1068
kp15 run1.txt,16,-15.0,-1,157.000,-0.1014,-0.1066
kp15 run1.txt,16,-15.0,-1,158.000,-0.0985,-0.1063
kp15 run1.txt,16,-15.0,-1,159.000,-0.1025,-0.1061
kp15 run1.txt,16,-15.0,-1,160.000,-0.0908,-0.1058
kp15 run1.txt,16,-15.0,-1,161.000,-0.0985,-0.1056
kp15 run1.txt,16,-15.0,-1,162.000,-0.0999,-0.1053
kp15 run1.txt,16,-15.0,-1,163.000,-0.0992,-0.1051
kp15 run1.txt,16,-15.0,-1,164.000,-0.0992,-0.1048
kp15 run1.txt,16,-15.0,-1,165.000,-0.1079,-0.1046
kp15 run1.txt,16,-15.0,-1,166.000,-0.1006,-0.1044
kp15 run1.txt,16,-15.0,-1,167.000,-0.1014,-0.1042
kp15 run1.txt,16,-15.0,-1,168.000,-0.0977,-0.1040
kp15 run1.txt,16,-15.0,-1,169.000,-0.0992,-0.1037
kp15 run1.txt,16,-15.0,-1,170.000,-0.0974,-0.1035
kp15 run1.txt,16,-15.0,-1,171.000,-0.1036,-0.1033
kp15 run1.txt,16,-15.0,-1,172.000,-0.0966,-0.1031
kp15 run1.txt,16,-15.0,-1,173.000,-0.0992,-0.1029
kp15 run1.txt,16,-15.0,-1,174.000,-0.0970,-0.1028
kp15 run1.txt,16,-15.0,-1,175.000,-0.0977,-0.1026
kp15 run1.txt,16,-15.0,-1,176.000,-0.0985,-0.1024
kp15 run1.txt,16,-15.0,-1,177.000,-0.0985,-0.1022
kp15 run1.txt,16,-15.0,-1,178.000,-0.0992,-0.1021
kp15 run1.txt,16,-15.0,-1,179.000,-0.0985,-0.1019
kp15 run1.txt,16,-15.0,-1,180.000,-0.0985,-0.1017
kp15 run1.txt,16,-15.0,-1,181.000,-0.0963,-0.1016
kp15 run1.txt,16,-15.0,-1,182.000,-0.0948,-0.1014
kp15 run1.txt,16,-15.0,-1,183.000,-0.0996,-0.1013
kp15 run1.txt,16,-15.0,-1,184.000,-0.0963,-0.1012
kp15 run1.txt,16,-15.0,-1,185.000,-0.0970,-0.1010
kp15 run1.txt,16,-15.0,-1,186.000,-0.1021,-0.1009
kp15 run1.txt,16,-15.0,-1,187.000,-0.0974,-0.1008
kp15 run1.txt,16,-15.0,-1,188.000,-0.0985,-0.1007
kp15 run1.txt,16,-15.0,-1,189.000,-0.0970,-0.1005
kp15 run1.txt,16,-15.0,-1,190.000,-0.0955,-0.1004
kp15 run1.txt,16,-15.0,-1,191.000,-0.0955,-0.1003
kp15 run1.txt,16,-15.0,-1,192.000,-0.0985,-0.1002
kp15 run1.txt,16,-15.0,-1,193.000,-0.0963,-0.1001
kp15 run1.txt,16,-15.0,-1,194.000,-0.0963,-0.1000
kp15 run1.txt,16,-15.0,-1,195.000,-0.0985,-0.0999
kp15 run1.txt,16,-15.0,-1,196.000,-0.0992,-0.0999
kp15 run1.txt,16,-15.0,-1,197.000,-0.0963,-0.0998
kp15 run1.txt,16,-15.0,-1,198.000,-0.0977,-0.0997
kp15 run1.txt,16,-15.0,-1,199.000,-0.0963,-0.0996
kp15 run1.txt,16,-15.0,-1,200.000,-0.0977,-0.0995
kp15 run1.txt,16,-15.0,-1,201.000,-0.0966,-0.0995
kp15 run1.txt,16,-15.0,-1,202.000,-0.0985,-0.0994
kp15 run1.txt,16,-15.0,-1,203.000,-0.0996,-0.0994
kp15 run1.txt,16,-15.0,-1,204.000,-0.0970,-0.0993
kp15 run1.txt,16,-15.0,-1,205.000,-0.0955,-0.0993
kp15 run1.txt,16,-15.0,-1,206.000,-0.0977,-0.0992
kp15 run1.txt,16,-15.0,-1,207.000,-0.0897,-0.0992
kp15 run1.txt,16,-15.0,-1,208.000,-0.0985,-0.0991
kp15 run1.txt,16,-15.0,-1,209.000,-0.0963,-0.0991
kp15 run1.txt,16,-15.0,-1,210.000,-0.0977,-0.0990
kp15 run1.txt,16,-15.0,-1,211.000,-0.0985,-0.0990
kp15 run1.txt,16,-15.0,-1,212.000,-0.1006,-0.0990
kp15 run1.txt,16,-15.0,-1,213.000,-0.0999,-0.0989
kp15 run1.txt,16,-15.0,-1,214.000,-0.0970,-0.0989
kp15 run1.txt,16,-15.0,-1,215.000,-0.1021,-0.0989
kp15 run1.txt,16,-15.0,-1,216.000,-0.1014,-0.0989
kp15 run1.txt,16,-15.0,-1,217.000,-0.1028,-0.0989
kp15 run1.txt,16,-15.0,-1,218.000,-0.0963,-0.0988
kp15 run1.txt,16,-15.0,-1,219.000,-0.1065,-0.0988
kp15 run1.txt,16,-15.0,-1,220.000,-0.1025,-0.0988
kp15 run1.txt,16,-15.0,-1,221.000,-0.0999,-0.0988
kp15 run1.txt,16,-15.0,-1,222.000,-0.1006,-0.0988
kp15 run1.txt,16,-15.0,-1,223.000,-0.1021,-0.0988
kp15 run1.txt,16,-15.0,-1,224.000,-0.1072,-0.0988
kp15 run1.txt,16,-15.0,-1,225.000,-0.1014,-0.0988
kp15 run1.txt,16,-15.0,-1,226.000,-0.1028,-0.0988
kp15 run1.txt,16,-15.0,-1,227.000,-0.1036,-0.0988
kp15 run1.txt,16,-15.0,-1,228.000,-0.0992,-0.0988
kp15 run1.txt,16,-15.0,-1,229.000,-0.1036,-0.0988
kp15 run1.txt,16,-15.0,-1,230.000,-0.0999,-0.0988
kp15 run1.txt,16,-15.0,-1,231.000,-0.0996,-0.0988
kp15 run1.txt,16,-15.0,-1,232.000,-0.1014,-0.0988
kp15 run1.txt,16,-15.0,-1,233.000,-0.0999,-0.0988
kp15 run1.txt,16,-15.0,-1,234.000,-0.1021,-0.0988
kp15 run1.txt,16,-15.0,-1,235.000,-0.0992,-0.0988
kp15 run1.txt,16,-15.0,-1,236.000,-0.1021,-0.0989
kp15 run1.txt,16,-15.0,-1,237.000,-0.1021,-0.0989
kp15 run1.txt,16,-15.0,-1,238.000,-0.1014,-0.0989
kp15 run1.txt,16,-15.0,-1,239.000,-0.1021,-0.0989
kp15 run1.txt,16,-15.0,-1,240.000,-0.1025,-0.0989
kp15 run1.txt,16,-15.0,-1,241.000,-0.1021,-0.0989
kp15 run1.txt,16,-15.0,-1,242.000,-0.1130,-0.0989
kp15 run1.txt,16,-15.0,-1,243.000,-0.1006,-0.0990
kp15 run1.txt,16,-15.0,-1,244.000,-0.1014,-0.0990
kp15 run1.txt,16,-15.0,-1,245.000,-0.1036,-0.0990
kp15 run1.txt,16,-15.0,-1,246.000,-0.1025,-0.0990
kp15 run1.txt,16,-15.0,-1,247.000,-0.1171,-0.0990
kp15 run1.txt,16,-15.0,-1,248.000,-0.1021,-0.0990
kp15 run1.txt,16,-15.0,-1,249.000,-0.1101,-0.0991
kp15 run1.txt,16,-15.0,-1,250.000,-0.1014,-0.0991
kp15 run1.txt,16,-15.0,-1,251.000,-0.1036,-0.0991
kp15 run1.txt,16,-15.0,-1,252.000,-0.1014,-0.0991
kp15 run1.txt,16,-15.0,-1,253.000,-0.1025,-0.0991
kp15 run1.txt,16,-15.0,-1,254.000,-0.1003,-0.0992
kp15 run1.txt,16,-15.0,-1,255.000,-0.1014,-0.0992
kp15 run1.txt,16,-15.0,-1,256.000,-0.1028,-0.0992
kp15 run1.txt,16,-15.0,-1,257.000,-0.0930,-0.0992
kp15 run1.txt,16,-15.0,-1,258.000,-0.0985,-0.0992
kp15 run1.txt,16,-15.0,-1,259.000,-0.1006,-0.0993
kp15 run1.txt,16,-15.0,-1,260.000,-0.1014,-0.0993
kp15 run1.txt,16,-15.0,-1,261.000,-0.1021,-0.0993
kp15 run1.txt,16,-15.0,-1,262.000,-0.1014,-0.0993
kp15 run1.txt,16,-15.0,-1,263.000,-0.1006,-0.0993
kp15 run1.txt,16,-15.0,-1,264.000,-0.1025,-0.0994
kp15 run1.txt,16,-15.0,-1,265.000,-0.1021,-0.0994
kp15 run1.txt,16,-15.0,-1,266.000,-0.1036,-0.0994
kp15 run1.txt,16,-15.0,-1,267.000,-0.0992,-0.0994
kp15 run1.txt,16,-15.0,-1,268.000,-0.0996,-0.0994
kp15 run1.txt,16,-15.0,-1,269.000,-0.1025,-0.0995
kp15 run1.txt,16,-15.0,-1,270.000,-0.0952,-0.0995
kp15 run1.txt,16,-15.0,-1,271.000,-0.1006,-0.0995
kp15 run1.txt,16,-15.0,-1,272.000,-0.1014,-0.0995
kp15 run1.txt,16,-15.0,-1,273.000,-0.1014,-0.0995
kp15 run1.txt,16,-15.0,-1,274.000,-0.1006,-0.0996
kp15 run1.txt,16,-15.0,-1,275.000,-0.1006,-0.0996
kp15 run1.txt,16,-15.0,-1,276.000,-0.1017,-0.0996
kp15 run1.txt,16,-15.0,-1,277.000,-0.1072,-0.0996
kp15 run1.txt,16,-15.0,-1,278.000,-0.0996,-0.0996
kp15 run1.txt,16,-15.0,-1,279.000,-0.0992,-0.0996
kp15 run1.txt,16,-15.0,-1,280.000,-0.0996,-0.0997
kp15 run1.txt,16,-15.0,-1,281.000,-0.1014,-0.0997
kp15 run1.txt,16,-15.0,-1,282.000,-0.1014,-0.0997
kp15 run1.txt,16,-15.0,-1,283.000,-0.0963,-0.0997
kp15 run1.txt,16,-15.0,-1,284.000,-0.0999,-0.0997
kp15 run1.txt,16,-15.0,-1,285.000,-0.0992,-0.0997
kp15 run1.txt,16,-15.0,-1,286.000,-0.0996,-0.0998
kp15 run1.txt,16,-15.0,-1,287.000,-0.0977,-0.0998
kp15 run1.txt,16,-15.0,-1,288.000,-0.1021,-0.0998
kp15 run1.txt,16,-15.0,-1,289.000,-0.1065,-0.0998
kp15 run1.txt,16,-15.0,-1,290.000,-0.1043,-0.0998
kp15 run1.txt,16,-15.0,-1,291.000,-0.1043,-0.0998
kp15 run1.txt,16,-15.0,-1,292.000,-0.0999,-0.0998
kp15 run1.txt,16,-15.0,-1,293.000,-0.1006,-0.0998
kp15 run1.txt,16,-15.0,-1,294.000,-0.1014,-0.0999
kp15 run1.txt,16,-15.0,-1,295.000,-0.1014,-0.0999
kp15 run1.txt,16,-15.0,-1,296.000,-0.0999,-0.0999
kp15 run1.txt,16,-15.0,-1,297.000,-0.1028,-0.0999
kp15 run1.txt,16,-15.0,-1,298.000,-0.1021,-0.0999
kp15 run1.txt,16,-15.0,-1,299.000,-0.1017,-0.0999
kp15 run1.txt,16,-15.0,-1,300.000,-0.1006,-0.0999
kp15 run1.txt,16,-15.0,-1,301.000,-0.1014,-0.0999
kp15 run1.txt,16,-15.0,-1,302.000,-0.1050,-0.0999
kp15 run1.txt,16,-15.0,-1,303.000,-0.0985,-0.0999
kp15 run1.txt,16,-15.0,-1,304.000,-0.1014,-0.0999
kp15 run1.txt,16,-15.0,-1,305.000,-0.1050,-0.1000
kp15 run1.txt,16,-15.0,-1,306.000,-0.1014,-0.1000
kp15 run1.txt,16,-15.0,-1,307.000,-0.0999,-0.1000
kp15 run1.txt,16,-15.0,-1,308.000,-0.0977,-0.1000
kp15 run1.txt,16,-15.0,-1,309.000,-0.1017,-0.1000
kp15 run1.txt,16,-15.0,-1,310.000,-0.1014,-0.1000
kp15 run1.txt,16,-15.0,-1,311.000,-0.0919,-0.1000
kp15 run1.txt,16,-15.0,-1,312.000,-0.1006,-0.1000
kp15 run1.txt,16,-15.0,-1,313.000,-0.1025,-0.1000
kp15 run1.txt,16,-15.0,-1,314.000,-0.1021,-0.1000
kp15 run1.txt,16,-15.0,-1,315.000,-0.1006,-0.1000
kp15 run1.txt,16,-15.0,-1,316.000,-0.1014,-0.1000
kp15 run1.txt,16,-15.0,-1,317.000,-0.0996,-0.1000
kp15 run1.txt,16,-15.0,-1,318.000,-0.0988,-0.1000
kp15 run1.txt,16,-15.0,-1,319.000,-0.1014,-0.1000
kp15 run1.txt,16,-15.0,-1,320.000,-0.1006,-0.1000
kp15 run1.txt,16,-15.0,-1,321.000,-0.1006,-0.1000
kp15 run1.txt,16,-15.0,-1,322.000,-0.0992,-0.1000
kp15 run1.txt,16,-15.0,-1,323.000,-0.1014,-0.1000
kp15 run1.txt,16,-15.0,-1,324.000,-0.0985,-0.1000
kp15 run1.txt,16,-15.0,-1,325.000,-0.0919,-0.1000
kp15 run1.txt,16,-15.0,-1,326.000,-0.1006,-0.1000
kp15 run1.txt,16,-15.0,-1,327.000,-0.0996,-0.1000
kp15 run1.txt,16,-15.0,-1,328.000,-0.1025,-0.1000
kp15 run1.txt,16,-15.0,-1,329.000,-0.0970,-0.1000
kp15 run1.txt,16,-15.0,-1,330.000,-0.0992,-0.1001
kp15 run1.txt,16,-15.0,-1,331.000,-0.0977,-0.1001
kp15 run1.txt,16,-15.0,-1,332.000,-0.1109,-0.1001
kp15 run1.txt,16,-15.0,-1,333.000,-0.0999,-0.1001
kp15 run1.txt,16,-15.0,-1,334.000,-0.1101,-0.1001
kp15 run1.txt,16,-15.0,-1,335.000,-0.0992,-0.1001
kp15 run1.txt,16,-15.0,-1,336.000,-0.0963,-0.1001
kp15 run1.txt,16,-15.0,-1,337.000,-0.1050,-0.1001
kp15 run1.txt,16,-15.0,-1,338.000,-0.1021,-0.1001
kp15 run1.txt,16,-15.0,-1,339.000,-0.0999,-0.1001
kp15 run1.txt,16,-15.0,-1,340.000,-0.1006,-0.1001
kp15 run1.txt,16,-15.0,-1,341.000,-0.0996,-0.1001
kp15 run1.txt,16,-15.0,-1,342.000,-0.1043,-0.1001
kp15 run1.txt,16,-15.0,-1,343.000,-0.1006,-0.1001
kp15 run1.txt,16,-15.0,-1,344.000,-0.1006,-0.1001
kp15 run1.txt,16,-15.0,-1,345.000,-0.1116,-0.1001
kp15 run1.txt,16,-15.0,-1,346.000,-0.1006,-0.1001
kp15 run1.txt,16,-15.0,-1,347.000,-0.1014,-0.1001
kp15 run1.txt,16,-15.0,-1,348.000,-0.1021,-0.1001
kp15 run1.txt,16,-15.0,-1,349.000,-0.0934,-0.1001
kp15 run1.txt,16,-15.0,-1,350.000,-0.0996,-0.1001
kp15 run1.txt,16,-15.0,-1,351.000,-0.0992,-0.1000
kp15 run1.txt,16,-15.0,-1,352.000,-0.1006,-0.1000
kp15 run1.txt,16,-15.0,-1,353.000,-0.0955,-0.1000
kp15 run1.txt,16,-15.0,-1,354.000,-0.0985,-0.1000
kp15 run1.txt,16,-15.0,-1,355.000,-0.1043,-0.1000
kp15 run1.txt,16,-15.0,-1,356.000,-0.1014,-0.1000
kp15 run1.txt,16,-15.0,-1,357.000,-0.0999,-0.1000
kp15 run1.txt,16,-15.0,-1,358.000,-0.0963,-0.1000
kp15 run1.txt,16,-15.0,-1,359.000,-0.0996,-0.1000
kp15 run1.txt,16,-15.0,-1,360.000,-0.0996,-0.1000
kp15 run1.txt,16,-15.0,-1,361.000,-0.0985,-0.1000
kp15 run1.txt,16,-15.0,-1,362.000,-0.1043,-0.1000
kp15 run1.txt,16,-15.0,-1,363.000,-0.1003,-0.1000
kp15 run1.txt,16,-15.0,-1,364.000,-0.0992,-0.1000
kp15 run1.txt,16,-15.0,-1,365.000,-0.1028,-0.1000
kp15 run1.txt,16,-15.0,-1,366.000,-0.0992,-0.1000
kp15 run1.txt,16,-15.0,-1,367.000,-0.1014,-0.1000
kp15 run1.txt,16,-15.0,-1,368.000,-0.0985,-0.1000
kp15 run1.txt,16,-15.0,-1,369.000,-0.1076,-0.1000
kp15 run1.txt,16,-15.0,-1,370.000,-0.1079,-0.1000
kp15 run1.txt,16,-15.0,-1,371.000,-0.1006,-0.1000
kp15 run1.txt,16,-15.0,-1,372.000,-0.1021,-0.1000
kp15 run1.txt,16,-15.0,-1,373.000,-0.1010,-0.1000
kp15 run1.txt,16,-15.0,-1,374.000,-0.0992,-0.1000
kp15 run1.txt,16,-15.0,-1,375.000,-0.1061,-0.1000
kp15 run1.txt,16,-15.0,-1,376.000,-0.0996,-0.1000
kp15 run1.txt,16,-15.0,-1,377.000,-0.1003,-0.1000
kp15 run1.txt,16,-15.0,-1,378.000,-0.1006,-0.1000
kp15 run1.txt,16,-15.0,-1,379.000,-0.1006,-0.1000
kp15 run1.txt,16,-15.0,-1,380.000,-0.1014,-0.1000
kp15 run1.txt,16,-15.0,-1,381.000,-0.0970,-0.1000
kp15 run1.txt,16,-15.0,-1,382.000,-0.0996,-0.1000
kp15 run1.txt,16,-15.0,-1,383.000,-0.0992,-0.1000
kp15 run1.txt,16,-15.0,-1,384.000,-0.0992,-0.1000
kp15 run1.txt,16,-15.0,-1,385.000,-0.0963,-0.1000
kp15 run1.txt,16,-15.0,-1,386.000,-0.1006,-0.1000
kp15 run1.txt,16,-15.0,-1,387.000,-0.0919,-0.1000
kp15 run1.txt,16,-15.0,-1,388.000,-0.0996,-0.1000
kp15 run1.txt,16,-15.0,-1,389.000,-0.0868,-0.1000
kp15 run1.txt,16,-15.0,-1,390.000,-0.1087,-0.1000
kp15 run1.txt,16,-15.0,-1,391.000,-0.1006,-0.1000
kp15 run1.txt,16,-15.0,-1,392.000,-0.1006,-0.1000
kp15 run1.txt,16,-15.0,-1,393.000,-0.1006,-0.1000
kp15 run1.txt,16,-15.0,-1,394.000,-0.1006,-0.1000
kp15 run1.txt,16,-15.0,-1,395.000,-0.1006,-0.1000
kp15 run1.txt,16,-15.0,-1,396.000,-0.1025,-0.1000
kp15 run1.txt,16,-15.0,-1,397.000,-0.1014,-0.1000
kp15 run1.txt,16,-15.0,-1,398.000,-0.0963,-0.1000
kp15 run1.txt,16,-15.0,-1,399.000,-0.0999,-0.1000
kp15 run1.txt,16,-15.0,-1,400.008,-0.0977,-0.1000
kp15 run1.txt,16,-15.0,-1,401.000,-0.0996,-0.1000
kp15 run1.txt,16,-15.0,-1,402.000,-0.0948,-0.1000
kp15 run1.txt,16,-15.0,-1,403.000,-0.1014,-0.1000
kp15 run1.txt,16,-15.0,-1,404.000,-0.1014,-0.1000
kp15 run1.txt,16,-15.0,-1,405.000,-0.0985,-0.1000
kp15 run1.txt,16,-15.0,-1,406.000,-0.0985,-0.1000
kp15 run1.txt,16,-15.0,-1,407.000,-0.1021,-0.1000
kp15 run1.txt,16,-15.0,-1,408.000,-0.1006,-0.1000
kp15 run1.txt,16,-15.0,-1,409.000,-0.1021,-0.1000
kp15 run1.txt,16,-15.0,-1,410.000,-0.0963,-0.1000
kp15 run1.txt,16,-15.0,-1,411.000,-0.0992,-0.1000
kp15 run1.txt,16,-15.0,-1,412.000,-0.1014,-0.1000
kp15 run1.txt,16,-15.0,-1,413.000,-0.0996,-0.1000
kp15 run1.txt,16,-15.0,-1,414.000,-0.1014,-0.1000
kp15 run1.txt,16,-15.0,-1,415.000,-0.1006,-0.1000
kp15 run1.txt,16,-15.0,-1,416.000,-0.0970,-0.1000
kp15 run1.txt,16,-15.0,-1,417.000,-0.0992,-0.1000
kp15 run1.txt,16,-15.0,-1,418.000,-0.1010,-0.1000
kp15 run1.txt,16,-15.0,-1,419.000,-0.1028,-0.1000
kp15 run1.txt,16,-15.0,-1,420.000,-0.1043,-0.1000
kp15 run1.txt,16,-15.0,-1,421.000,-0.0999,-0.1000
kp15 run1.txt,16,-15.0,-1,422.000,-0.0999,-0.1000
kp15 run1.txt,16,-15.0,-1,423.000,-0.1050,-0.1000
kp15 run1.txt,16,-15.0,-1,424.000,-0.0992,-0.1000
kp15 run1.txt,16,-15.0,-1,425.000,-0.0948,-0.1000
kp15 run1.txt,16,-15.0,-1,426.000,-0.0985,-0.1000
kp15 run1.txt,16,-15.0,-1,427.000,-0.0988,-0.1000
kp15 run1.txt,16,-15.0,-1,428.000,-0.0992,-0.1000
kp15 run1.txt,16,-15.0,-1,429.000,-0.1028,-0.1000
kp15 run1.txt,16,-15.0,-1,430.000,-0.0996,-0.1000
kp15 run1.txt,16,-15.0,-1,431.000,-0.0999,-0.1000
kp15 run1.txt,16,-15.0,-1,432.000,-0.1021,-0.1000
kp15 run1.txt,16,-15.0,-1,433.000,-0.0926,-0.1000
kp15 run1.txt,16,-15.0,-1,434.000,-0.1138,-0.1000
kp15 run1.txt,16,-15.0,-1,435.000,-0.1003,-0.1000
kp15 run1.txt,16,-15.0,-1,436.000,-0.0996,-0.1000
kp15 run1.txt,16,-15.0,-1,437.000,-0.0996,-0.1000
kp15 run1.txt,16,-15.0,-1,438.000,-0.1021,-0.1000
kp15 run1.txt,16,-15.0,-1,439.000,-0.0992,-0.1000
kp15 run1.txt,16,-15.0,-1,440.000,-0.0985,-0.1000
kp15 run1.txt,16,-15.0,-1,441.000,-0.0992,-0.1000
kp15 run1.txt,16,-15.0,-1,442.000,-0.0992,-0.1000
kp15 run1.txt,16,-15.0,-1,443.000,-0.1021,-0.1000
kp15 run1.txt,16,-15.0,-1,444.000,-0.1006,-0.1000
kp15 run1.txt,16,-15.0,-1,445.000,-0.1021,-0.1000
kp15 run1.txt,16,-15.0,-1,446.000,-0.0996,-0.1000
kp15 run1.txt,16,-15.0,-1,447.000,-0.0992,-0.1000
kp15 run1.txt,16,-15.0,-1,448.000,-0.0999,-0.1000
kp15 run1.txt,16,-15.0,-1,449.000,-0.1021,-0.1000
kp15 run1.txt,16,-15.0,-1,450.000,-0.0963,-0.1000
kp15 run1.txt,16,-15.0,-1,451.000,-0.0966,-0.1000
kp15 run1.txt,16,-15.0,-1,452.000,-0.0999,-0.1000
kp15 run1.txt,16,-15.0,-1,453.000,-0.0999,-0.1000
kp15 run1.txt,16,-15.0,-1,454.000,-0.1010,-0.1000
kp15 run1.txt,16,-15.0,-1,455.000,-0.0999,-0.1000
kp15 run1.txt,16,-15.0,-1,456.000,-0.1006,-0.1000
kp15 run1.txt,16,-15.0,-1,457.000,-0.0985,-0.1000
kp15 run1.txt,16,-15.0,-1,458.000,-0.0999,-0.1000
kp15 run1.txt,16,-15.0,-1,459.000,-0.0996,-0.1000
kp15 run1.txt,16,-15.0,-1,460.000,-0.0970,-0.1000
kp15 run1.txt,16,-15.0,-1,461.000,-0.1036,-0.1000
kp15 run1.txt,16,-15.0,-1,462.000,-0.1006,-0.1000
kp15 run1.txt,16,-15.0,-1,463.000,-0.0988,-0.1000
kp15 run1.txt,16,-15.0,-1,464.000,-0.1087,-0.1000
kp15 run1.txt,16,-15.0,-1,465.000,-0.0999,-0.1000
kp15 run1.txt,16,-15.0,-1,466.000,-0.1065,-0.1000
kp15 run1.txt,16,-15.0,-1,467.000,-0.0992,-0.1000
kp15 run1.txt,16,-15.0,-1,468.000,-0.0999,-0.1000
kp15 run1.txt,16,-15.0,-1,469.000,-0.0996,-0.1000
kp15 run1.txt,16,-15.0,-1,470.000,-0.0992,-0.1000
kp15 run1.txt,16,-15.0,-1,471.000,-0.0988,-0.1000
kp15 run1.txt,16,-15.0,-1,472.000,-0.0992,-0.1000
kp15 run1.txt,16,-15.0,-1,473.000,-0.0992,-0.1000
kp15 run1.txt,16,-15.0,-1,474.000,-0.0992,-0.1000
kp15 run1.txt,16,-15.0,-1,475.000,-0.0996,-0.1000
kp15 run1.txt,16,-15.0,-1,476.000,-0.1025,-0.1000
kp15 run1.txt,16,-15.0,-1,477.000,-0.0992,-0.1000
kp15 run1.txt,16,-15.0,-1,478.000,-0.0941,-0.1000
kp15 run1.txt,16,-15.0,-1,479.000,-0.0985,-0.1000
kp15 run1.txt,16,-15.0,-1,480.000,-0.0999,-0.1000
kp15 run1.txt,16,-15.0,-1,481.000,-0.0992,-0.1000
kp15 run1.txt,16,-15.0,-1,482.000,-0.0999,-0.1000
kp15 run1.txt,16,-15.0,-1,483.000,-0.0992,-0.1000
kp15 run1.txt,16,-15.0,-1,484.000,-0.0996,-0.1000
kp15 run1.txt,16,-15.0,-1,485.000,-0.1043,-0.1000
kp15 run1.txt,16,-15.0,-1,486.000,-0.1014,-0.1000
kp15 run1.txt,16,-15.0,-1,487.000,-0.0992,-0.1000
kp15 run1.txt,16,-15.0,-1,488.000,-0.1014,-0.1000
kp15 run1.txt,16,-15.0,-1,489.000,-0.0992,-0.1000
kp15 run1.txt,16,-15.0,-1,490.000,-0.0977,-0.1000
kp15 run1.txt,16,-15.0,-1,491.000,-0.0992,-0.1000
kp15 run1.txt,16,-15.0,-1,492.000,-0.1094,-0.1000
kp15 run1.txt,16,-15.0,-1,493.000,-0.0996,-0.1000
kp15 run1.txt,16,-15.0,-1,494.000,-0.1014,-0.1000
kp15 run1.txt,16,-15.0,-1,495.000,-0.1043,-0.1000
kp15 run1.txt,16,-15.0,-1,496.000,-0.1014,-0.1000
kp15 run1.txt,16,-15.0,-1,497.000,-0.1006,-0.1000
kp15 run1.txt,16,-15.0,-1,498.000,-0.0890,-0.1000
kp15 run1.txt,16,-15.0,-1,499.000,-0.1032,-0.1000
kp15 run1.txt,16,-15.0,-1,500.000,-0.0996,-0.1000
kp15 run1.txt,16,-15.0,-1,501.000,-0.0992,-0.1000
kp15 run1.txt,16,-15.0,-1,502.000,-0.1145,-0.1000
kp15 run1.txt,16,-15.0,-1,503.000,-0.1003,-0.1000
kp15 run1.txt,16,-15.0,-1,504.000,-0.0999,-0.1000
kp15 run1.txt,16,-15.0,-1,505.000,-0.1043,-0.1000
kp15 run1.txt,16,-15.0,-1,506.000,-0.1036,-0.1000
kp15 run1.txt,16,-15.0,-1,507.000,-0.0992,-0.1000
kp15 run1.txt,16,-15.0,-1,508.000,-0.1014,-0.1000
kp15 run1.txt,16,-15.0,-1,509.000,-0.1003,-0.1000
kp15 run1.txt,16,-15.0,-1,510.000,-0.0999,-0.1000
kp15 run1.txt,16,-15.0,-1,511.000,-0.1014,-0.1000
kp15 run1.txt,16,-15.0,-1,512.000,-0.1006,-0.1000
kp15 run1.txt,16,-15.0,-1,513.000,-0.1006,-0.1000
kp15 run1.txt,16,-15.0,-1,514.000,-0.1028,-0.1000
kp15 run1.txt,16,-15.0,-1,515.000,-0.0970,-0.1000
kp15 run1.txt,16,-15.0,-1,516.000,-0.0977,-0.1000
kp15 run1.txt,16,-15.0,-1,517.000,-0.0996,-0.1000
kp15 run1.txt,16,-15.0,-1,518.000,-0.1014,-0.1000
kp15 run1.txt,16,-15.0,-1,519.000,-0.0992,-0.1000
kp15 run1.txt,16,-15.0,-1,520.000,-0.0992,-0.1000
kp15 run1.txt,16,-15.0,-1,521.000,-0.1014,-0.1000
kp15 run1.txt,16,-15.0,-1,522.000,-0.0948,-0.1000
kp15 run1.txt,16,-15.0,-1,523.000,-0.0999,-0.1000
kp15 run1.txt,16,-15.0,-1,524.000,-0.0966,-0.1000
kp15 run1.txt,16,-15.0,-1,525.000,-0.1006,-0.1000
kp15 run1.txt,16,-15.0,-1,526.000,-0.0963,-0.1000
kp15 run1.txt,16,-15.0,-1,527.000,-0.1014,-0.1000
kp15 run1.txt,16,-15.0,-1,528.000,-0.1006,-0.1000
kp15 run1.txt,16,-15.0,-1,529.000,-0.0999,-0.1000
kp15 run1.txt,16,-15.0,-1,530.000,-0.1025,-0.1000
kp15 run1.txt,16,-15.0,-1,531.000,-0.1006,-0.1000
kp15 run1.txt,16,-15.0,-1,532.000,-0.1006,-0.1000
kp15 run1.txt,16,-15.0,-1,533.000,-0.0955,-0.1000
kp15 run1.txt,16,-15.0,-1,534.000,-0.0992,-0.1000
kp15 run1.txt,16,-15.0,-1,535.000,-0.1050,-0.1000
kp15 run1.txt,16,-15.0,-1,536.000,-0.1006,-0.1000
kp15 run1.txt,16,-15.0,-1,537.000,-0.0985,-0.1000
kp15 run1.txt,16,-15.0,-1,538.000,-0.0999,-0.1000
kp15 run1.txt,16,-15.0,-1,539.000,-0.0992,-0.1000
kp15 run1.txt,16,-15.0,-1,540.000,-0.0985,-0.1000
kp15 run1.txt,16,-15.0,-1,541.000,-0.0977,-0.1000
kp15 run1.txt,16,-15.0,-1,542.000,-0.0904,-0.1000
kp15 run1.txt,16,-15.0,-1,543.000,-0.0985,-0.1000
kp15 run1.txt,16,-15.0,-1,544.000,-0.0985,-0.1000
kp15 run1.txt,16,-15.0,-1,545.000,-0.1006,-0.1000
kp15 run1.txt,16,-15.0,-1,546.000,-0.1028,-0.1000
kp15 run1.txt,16,-15.0,-1,547.000,-0.0999,-0.1000
kp15 run1.txt,16,-15.0,-1,548.000,-0.0992,-0.1000
kp15 run1.txt,16,-15.0,-1,549.000,-0.0992,-0.1000
kp15 run1.txt,16,-15.0,-1,550.000,-0.0948,-0.1000
kp15 run1.txt,16,-15.0,-1,551.000,-0.1006,-0.1000
kp15 run1.txt,16,-15.0,-1,552.000,-0.1006,-0.1000
kp15 run1.txt,16,-15.0,-1,553.000,-0.1006,-0.1000
kp15 run1.txt,16,-15.0,-1,554.000,-0.0897,-0.1000
kp15 run1.txt,16,-15.0,-1,555.000,-0.0985,-0.1000
kp15 run1.txt,16,-15.0,-1,556.000,-0.0992,-0.1000
kp15 run1.txt,16,-15.0,-1,557.000,-0.0992,-0.1000
kp15 run1.txt,16,-15.0,-1,558.000,-0.1014,-0.1000
kp15 run1.txt,16,-15.0,-1,559.000,-0.1006,-0.1000
kp15 run1.txt,16,-15.0,-1,560.000,-0.1032,-0.1000
kp15 run1.txt,16,-15.0,-1,561.000,-0.0999,-0.1000
kp15 run1.txt,16,-15.0,-1,562.000,-0.0999,-0.1000
kp15 run1.txt,16,-15.0,-1,563.000,-0.0992,-0.1000
kp15 run1.txt,16,-15.0,-1,564.000,-0.0999,-0.1000
kp15 run1.txt,16,-15.0,-1,565.000,-0.1043,-0.1000
kp15 run1.txt,16,-15.0,-1,566.000,-0.0985,-0.1000
kp15 run1.txt,16,-15.0,-1,567.000,-0.1006,-0.1000
kp15 run1.txt,16,-15.0,-1,568.000,-0.0941,-0.1000
kp15 run1.txt,16,-15.0,-1,569.000,-0.1014,-0.1000
kp15 run1.txt,16,-15.0,-1,570.000,-0.0985,-0.1000
kp15 run1.txt,16,-15.0,-1,571.000,-0.0992,-0.1000
kp15 run1.txt,16,-15.0,-1,572.000,-0.1006,-0.1000
kp15 run1.txt,16,-15.0,-1,573.000,-0.1014,-0.1000
kp15 run1.txt,16,-15.0,-1,574.000,-0.0985,-0.1000
kp15 run1.txt,16,-15.0,-1,575.000,-0.0999,-0.1000
kp15 run1.txt,16,-15.0,-1,576.000,-0.0996,-0.1000
kp15 run1.txt,16,-15.0,-1,577.000,-0.1014,-0.1000
kp15 run1.txt,16,-15.0,-1,578.000,-0.0996,-0.1000
kp15 run1.txt,16,-15.0,-1,579.000,-0.0992,-0.1000
kp15 run1.txt,16,-15.0,-1,580.000,-0.1025,-0.1000
kp15 run1.txt,16,-15.0,-1,581.000,-0.0985,-0.1000
kp15 run1.txt,16,-15.0,-1,582.000,-0.0970,-0.1000
kp15 run1.txt,16,-15.0,-1,583.000,-0.1010,-0.1000
kp15 run1.txt,16,-15.0,-1,584.000,-0.1006,-0.1000
kp15 run1.txt,16,-15.0,-1,585.000,-0.0985,-0.1000
kp15 run1.txt,16,-15.0,-1,586.000,-0.1014,-0.1000
kp15 run1.txt,16,-15.0,-1,587.000,-0.1006,-0.1000
kp15 run1.txt,16,-15.0,-1,588.000,-0.1014,-0.1000
kp15 run1.txt,16,-15.0,-1,589.000,-0.1021,-0.1000
kp15 run1.txt,16,-15.0,-1,590.000,-0.0992,-0.1000
kp15 run1.txt,16,-15.0,-1,591.000,-0.0992,-0.1000
kp15 run1.txt,16,-15.0,-1,592.000,-0.0992,-0.1000
kp15 run1.txt,16,-15.0,-1,593.000,-0.0966,-0.1000
kp15 run1.txt,16,-15.0,-1,594.000,-0.1014,-0.1000
kp15 run1.txt,16,-15.0,-1,595.000,-0.0999,-0.1000
kp15 run1.txt,16,-15.0,-1,596.000,-0.0999,-0.1000
kp15 run1.txt,16,-15.0,-1,597.000,-0.0999,-0.1000
kp15 run1.txt,16,-15.0,-1,598.000,-0.1021,-0.1000
kp15 run1.txt,16,-15.0,-1,599.000,-0.1021,-0.1000
kp15 run1.txt,17,-15.0,-1,0.000,0.0940,0.1030
kp15 run1.txt,17,-15.0,-1,1.000,0.1028,0.1030
kp15 run1.txt,17,-15.0,-1,2.000,0.1122,0.1030
kp15 run1.txt,17,-15.0,-1,3.000,0.1122,0.1030
kp15 run1.txt,17,-15.0,-1,4.000,0.1137,0.1030
kp15 run1.txt,17,-15.0,-1,5.000,0.1108,0.1030
kp15 run1.txt,17,-15.0,-1,6.000,0.1465,0.1027
kp15 run1.txt,17,-15.0,-1,7.000,0.0955,0.1022
kp15 run1.txt,17,-15.0,-1,8.000,0.0998,0.1015
kp15 run1.txt,17,-15.0,-1,9.000,0.0998,0.1006
kp15 run1.txt,17,-15.0,-1,10.000,0.0984,0.0994
kp15 run1.txt,17,-15.0,-1,11.000,0.1006,0.0981
kp15 run1.txt,17,-15.0,-1,12.000,0.0991,0.0965
kp15 run1.txt,17,-15.0,-1,13.000,0.0940,0.0948
kp15 run1.txt,17,-15.0,-1,14.000,0.0867,0.0929
kp15 run1.txt,17,-15.0,-1,15.000,0.0827,0.0908
kp15 run1.txt,17,-15.0,-1,16.000,0.0780,0.0886
kp15 run1.txt,17,-15.0,-1,17.000,0.0765,0.0862
kp15 run1.txt,17,-15.0,-1,18.000,0.0714,0.0837
kp15 run1.txt,17,-15.0,-1,19.000,0.0721,0.0811
kp15 run1.txt,17,-15.0,-1,20.000,0.0681,0.0784
kp15 run1.txt,17,-15.0,-1,21.000,0.0634,0.0756
kp15 run1.txt,17,-15.0,-1,22.000,0.0597,0.0727
kp15 run1.txt,17,-15.0,-1,23.000,0.0554,0.0697
kp15 run1.txt,17,-15.0,-1,24.000,0.0525,0.0666
kp15 run1.txt,17,-15.0,-1,25.000,0.0481,0.0634
kp15 run1.txt,17,-15.0,-1,26.000,0.0459,0.0602
kp15 run1.txt,17,-15.0,-1,27.000,0.0401,0.0569
kp15 run1.txt,17,-15.0,-1,28.000,0.0379,0.0536
kp15 run1.txt,17,-15.0,-1,29.000,0.0393,0.0502
kp15 run1.txt,17,-15.0,-1,30.000,0.0153,0.0468
kp15 run1.txt,17,-15.0,-1,31.000,0.0291,0.0433
kp15 run1.txt,17,-15.0,-1,32.000,0.0247,0.0398
kp15 run1.txt,17,-15.0,-1,33.000,0.0175,0.0363
kp15 run1.txt,17,-15.0,-1,34.000,0.0204,0.0328
kp15 run1.txt,17,-15.0,-1,35.000,0.0131,0.0293
kp15 run1.txt,17,-15.0,-1,36.000,0.0124,0.0258
kp15 run1.txt,17,-15.0,-1,37.000,0.0102,0.0222
kp15 run1.txt,17,-15.0,-1,38.000,0.0105,0.0187
kp15 run1.txt,17,-15.0,-1,39.000,0.0036,0.0152
kp15 run1.txt,17,-15.0,-1,40.000,0.0021,0.0117
kp15 run1.txt,17,-15.0,-1,41.000,-0.0033,0.0082
kp15 run1.txt,17,-15.0,-1,42.000,-0.0030,0.0047
kp15 run1.txt,17,-15.0,-1,43.000,-0.0081,0.0013
kp15 run1.txt,17,-15.0,-1,44.000,-0.0132,-0.0022
kp15 run1.txt,17,-15.0,-1,45.000,-0.0175,-0.0055
kp15 run1.txt,17,-15.0,-1,46.000,-0.0205,-0.0089
kp15 run1.txt,17,-15.0,-1,47.000,-0.0208,-0.0122
kp15 run1.txt,17,-15.0,-1,48.000,-0.0153,-0.0155
kp15 run1.txt,17,-15.0,-1,49.000,-0.0358,-0.0187
kp15 run1.txt,17,-15.0,-1,50.000,-0.0328,-0.0219
kp15 run1.txt,17,-15.0,-1,51.000,-0.0336,-0.0251
kp15 run1.txt,17,-15.0,-1,52.000,-0.0336,-0.0282
kp15 run1.txt,17,-15.0,-1,53.000,-0.0383,-0.0313
kp15 run1.txt,17,-15.0,-1,54.000,-0.0434,-0.0343
kp15 run1.txt,17,-15.0,-1,55.000,-0.0237,-0.0372
kp15 run1.txt,17,-15.0,-1,56.000,-0.0562,-0.0401
kp15 run1.txt,17,-15.0,-1,57.000,-0.0533,-0.0430
kp15 run1.txt,17,-15.0,-1,58.000,-0.0544,-0.0457
kp15 run1.txt,17,-15.0,-1,59.000,-0.0547,-0.0485
kp15 run1.txt,17,-15.0,-1,60.000,-0.0627,-0.0512
kp15 run1.txt,17,-15.0,-1,61.000,-0.0591,-0.0538
kp15 run1.txt,17,-15.0,-1,62.000,-0.0642,-0.0563
kp15 run1.txt,17,-15.0,-1,63.000,-0.0686,-0.0588
kp15 run1.txt,17,-15.0,-1,64.000,-0.0686,-0.0612
kp15 run1.txt,17,-15.0,-1,65.000,-0.0693,-0.0636
kp15 run1.txt,17,-15.0,-1,66.000,-0.0729,-0.0659
kp15 run1.txt,17,-15.0,-1,67.000,-0.0759,-0.0682
kp15 run1.txt,17,-15.0,-1,68.000,-0.0759,-0.0704
kp15 run1.txt,17,-15.0,-1,69.000,-0.0791,-0.0725
kp15 run1.txt,17,-15.0,-1,70.000,-0.0810,-0.0746
kp15 run1.txt,17,-15.0,-1,71.000,-0.0842,-0.0766
kp15 run1.txt,17,-15.0,-1,72.000,-0.0992,-0.0785
kp15 run1.txt,17,-15.0,-1,73.000,-0.0864,-0.0804
kp15 run1.txt,17,-15.0,-1,74.000,-0.0897,-0.0822
kp15 run1.txt,17,-15.0,-1,75.000,-0.0886,-0.0840
kp15 run1.txt,17,-15.0,-1,76.000,-0.0926,-0.0857
kp15 run1.txt,17,-15.0,-1,77.000,-0.0955,-0.0873
kp15 run1.txt,17,-15.0,-1,78.000,-0.0955,-0.0889
kp15 run1.txt,17,-15.0,-1,79.000,-0.0977,-0.0904
kp15 run1.txt,17,-15.0,-1,80.000,-0.0992,-0.0919
kp15 run1.txt,17,-15.0,-1,81.000,-0.1021,-0.0933
kp15 run1.txt,17,-15.0,-1,82.000,-0.1043,-0.0947
kp15 run1.txt,17,-15.0,-1,83.000,-0.1043,-0.0960
kp15 run1.txt,17,-15.0,-1,84.000,-0.0963,-0.0972
kp15 run1.txt,17,-15.0,-1,85.000,-0.1025,-0.0984
kp15 run1.txt,17,-15.0,-1,86.000,-0.1058,-0.0996
kp15 run1.txt,17,-15.0,-1,87.000,-0.1076,-0.1007
kp15 run1.txt,17,-15.0,-1,88.000,-0.1065,-0.1017
kp15 run1.txt,17,-15.0,-1,89.000,-0.1094,-0.1027
kp15 run1.txt,17,-15.0,-1,90.000,-0.1109,-0.1036
kp15 run1.txt,17,-15.0,-1,91.000,-0.1101,-0.1045
kp15 run1.txt,17,-15.0,-1,92.000,-0.1112,-0.1054
kp15 run1.txt,17,-15.0,-1,93.000,-0.1109,-0.1062
kp15 run1.txt,17,-15.0,-1,94.000,-0.1130,-0.1069
kp15 run1.txt,17,-15.0,-1,95.000,-0.1123,-0.1076
kp15 run1.txt,17,-15.0,-1,96.000,-0.1130,-0.1083
kp15 run1.txt,17,-15.0,-1,97.000,-0.1138,-0.1089
kp15 run1.txt,17,-15.0,-1,98.000,-0.1141,-0.1095
kp15 run1.txt,17,-15.0,-1,99.000,-0.1123,-0.1101
kp15 run1.txt,17,-15.0,-1,100.000,-0.1138,-0.1106
kp15 run1.txt,17,-15.0,-1,101.000,-0.1138,-0.1111
kp15 run1.txt,17,-15.0,-1,102.000,-0.1152,-0.1115
kp15 run1.txt,17,-15.0,-1,103.000,-0.1160,-0.1119
kp15 run1.txt,17,-15.0,-1,104.000,-0.1138,-0.1123
kp15 run1.txt,17,-15.0,-1,105.000,-0.1178,-0.1126
kp15 run1.txt,17,-15.0,-1,106.000,-0.1258,-0.1129
kp15 run1.txt,17,-15.0,-1,107.000,-0.1130,-0.1132
kp15 run1.txt,17,-15.0,-1,108.000,-0.1276,-0.1135
kp15 run1.txt,17,-15.0,-1,109.000,-0.1138,-0.1137
kp15 run1.txt,17,-15.0,-1,110.000,-0.1167,-0.1139
kp15 run1.txt,17,-15.0,-1,111.000,-0.1149,-0.1140
kp15 run1.txt,17,-15.0,-1,112.000,-0.1407,-0.1142
kp15 run1.txt,17,-15.0,-1,113.000,-0.1145,-0.1143
kp15 run1.txt,17,-15.0,-1,114.000,-0.1123,-0.1144
kp15 run1.txt,17,-15.0,-1,115.000,-0.1225,-0.1144
kp15 run1.txt,17,-15.0,-1,116.000,-0.1101,-0.1145
kp15 run1.txt,17,-15.0,-1,117.000,-0.1145,-0.1145
kp15 run1.txt,17,-15.0,-1,118.000,-0.1141,-0.1145
kp15 run1.txt,17,-15.0,-1,119.000,-0.1145,-0.1145
kp15 run1.txt,17,-15.0,-1,120.000,-0.1141,-0.1144
kp15 run1.txt,17,-15.0,-1,121.000,-0.1167,-0.1144
kp15 run1.txt,17,-15.0,-1,122.000,-0.1152,-0.1143
kp15 run1.txt,17,-15.0,-1,123.000,-0.1141,-0.1142
kp15 run1.txt,17,-15.0,-1,124.000,-0.1123,-0.1141
kp15 run1.txt,17,-15.0,-1,125.000,-0.1141,-0.1140
kp15 run1.txt,17,-15.0,-1,126.000,-0.1050,-0.1139
kp15 run1.txt,17,-15.0,-1,127.000,-0.1152,-0.1138
kp15 run1.txt,17,-15.0,-1,128.000,-0.1254,-0.1136
kp15 run1.txt,17,-15.0,-1,129.000,-0.1109,-0.1135
kp15 run1.txt,17,-15.0,-1,130.000,-0.1152,-0.1133
kp15 run1.txt,17,-15.0,-1,131.000,-0.1109,-0.1131
kp15 run1.txt,17,-15.0,-1,132.000,-0.1116,-0.1129
kp15 run1.txt,17,-15.0,-1,133.000,-0.1079,-0.1127
kp15 run1.txt,17,-15.0,-1,134.000,-0.1054,-0.1125
kp15 run1.txt,17,-15.0,-1,135.000,-0.1083,-0.1123
kp15 run1.txt,17,-15.0,-1,136.000,-0.1083,-0.1121
kp15 run1.txt,17,-15.0,-1,137.000,-0.1014,-0.1119
kp15 run1.txt,17,-15.0,-1,138.000,-0.1083,-0.1116
kp15 run1.txt,17,-15.0,-1,139.000,-0.1021,-0.1114
kp15 run1.txt,17,-15.0,-1,140.000,-0.1079,-0.1111
kp15 run1.txt,17,-15.0,-1,141.000,-0.1079,-0.1109
kp15 run1.txt,17,-15.0,-1,142.000,-0.1050,-0.1107
kp15 run1.txt,17,-15.0,-1,143.000,-0.1050,-0.1104
kp15 run1.txt,17,-15.0,-1,144.000,-0.1112,-0.1102
kp15 run1.txt,17,-15.0,-1,145.000,-0.1054,-0.1099
kp15 run1.txt,17,-15.0,-1,146.000,-0.1036,-0.1096
kp15 run1.txt,17,-15.0,-1,147.000,-0.1028,-0.1094
kp15 run1.txt,17,-15.0,-1,148.000,-0.1043,-0.1091
kp15 run1.txt,17,-15.0,-1,149.000,-0.1014,-0.1089
kp15 run1.txt,17,-15.0,-1,150.000,-0.1043,-0.1086
kp15 run1.txt,17,-15.0,-1,151.000,-0.1021,-0.1084
kp15 run1.txt,17,-15.0,-1,152.000,-0.1036,-0.1081
kp15 run1.txt,17,-15.0,-1,153.000,-0.1006,-0.1078
kp15 run1.txt,17,-15.0,-1,154.000,-0.0988,-0.1076
kp15 run1.txt,17,-15.0,-1,155.000,-0.0974,-0.1073
kp15 run1.txt,17,-15.0,-1,156.000,-0.1014,-0.1071
kp15 run1.txt,17,-15.0,-1,157.000,-0.1014,-0.1068
kp15 run1.txt,17,-15.0,-1,158.000,-0.0948,-0.1066
kp15 run1.txt,17,-15.0,-1,159.000,-0.1050,-0.1063
kp15 run1.txt,17,-15.0,-1,160.000,-0.1068,-0.1061
kp15 run1.txt,17,-15.0,-1,161.000,-0.0977,-0.1059
kp15 run1.txt,17,-15.0,-1,162.000,-0.0992,-0.1056
kp15 run1.txt,17,-15.0,-1,163.000,-0.1003,-0.1054
kp15 run1.txt,17,-15.0,-1,164.000,-0.0985,-0.1052
kp15 run1.txt,17,-15.0,-1,165.000,-0.0948,-0.1049
kp15 run1.txt,17,-15.0,-1,166.000,-0.1058,-0.1047
kp15 run1.txt,17,-15.0,-1,167.000,-0.0966,-0.1045
kp15 run1.txt,17,-15.0,-1,168.000,-0.0985,-0.1043
kp15 run1.txt,17,-15.0,-1,169.000,-0.0963,-0.1041
kp15 run1.txt,17,-15.0,-1,170.000,-0.0963,-0.1038
kp15 run1.txt,17,-15.0,-1,171.000,-0.0937,-0.1036
kp15 run1.txt,17,-15.0,-1,172.000,-0.0977,-0.1034
kp15 run1.txt,17,-15.0,-1,173.000,-0.0963,-0.1032
kp15 run1.txt,17,-15.0,-1,174.000,-0.0963,-0.1031
kp15 run1.txt,17,-15.0,-1,175.000,-0.0996,-0.1029
kp15 run1.txt,17,-15.0,-1,176.000,-0.1050,-0.1027
kp15 run1.txt,17,-15.0,-1,177.000,-0.0985,-0.1025
kp15 run1.txt,17,-15.0,-1,178.000,-0.1006,-0.1023
kp15 run1.txt,17,-15.0,-1,179.000,-0.0966,-0.1022
kp15 run1.txt,17,-15.0,-1,180.000,-0.0963,-0.1020
kp15 run1.txt,17,-15.0,-1,181.000,-0.0992,-0.1018
kp15 run1.txt,17,-15.0,-1,182.000,-0.1014,-0.1017
kp15 run1.txt,17,-15.0,-1,183.000,-0.0970,-0.1015
kp15 run1.txt,17,-15.0,-1,184.000,-0.0963,-0.1014
kp15 run1.txt,17,-15.0,-1,185.000,-0.1006,-0.1012
kp15 run1.txt,17,-15.0,-1,186.000,-0.1021,-0.1011
kp15 run1.txt,17,-15.0,-1,187.000,-0.0963,-0.1010
kp15 run1.txt,17,-15.0,-1,188.000,-0.0977,-0.1008
kp15 run1.txt,17,-15.0,-1,189.000,-0.0977,-0.1007
kp15 run1.txt,17,-15.0,-1,190.000,-0.0977,-0.1006
kp15 run1.txt,17,-15.0,-1,191.000,-0.0996,-0.1005
kp15 run1.txt,17,-15.0,-1,192.000,-0.1006,-0.1004
kp15 run1.txt,17,-15.0,-1,193.000,-0.0970,-0.1003
kp15 run1.txt,17,-15.0,-1,194.000,-0.0937,-0.1002
kp15 run1.txt,17,-15.0,-1,195.000,-0.0963,-0.1001
kp15 run1.txt,17,-15.0,-1,196.000,-0.0948,-0.1000
kp15 run1.txt,17,-15.0,-1,197.000,-0.0985,-0.0999
kp15 run1.txt,17,-15.0,-1,198.000,-0.0985,-0.0998
kp15 run1.txt,17,-15.0,-1,199.000,-0.0963,-0.0997
kp15 run1.txt,17,-15.0,-1,200.000,-0.0977,-0.0996
kp15 run1.txt,17,-15.0,-1,201.000,-0.1006,-0.0995
kp15 run1.txt,17,-15.0,-1,202.000,-0.0963,-0.0995
kp15 run1.txt,17,-15.0,-1,203.000,-0.0966,-0.0994
kp15 run1.txt,17,-15.0,-1,204.000,-0.0985,-0.0993
kp15 run1.txt,17,-15.0,-1,205.000,-0.0985,-0.0993
kp15 run1.txt,17,-15.0,-1,206.000,-0.0966,-0.0992
kp15 run1.txt,17,-15.0,-1,207.000,-0.0963,-0.0992
kp15 run1.txt,17,-15.0,-1,208.000,-0.1258,-0.0991
kp15 run1.txt,17,-15.0,-1,209.000,-0.0999,-0.0991
kp15 run1.txt,17,-15.0,-1,210.000,-0.0992,-0.0990
kp15 run1.txt,17,-15.0,-1,211.000,-0.0948,-0.0990
kp15 run1.txt,17,-15.0,-1,212.000,-0.1021,-0.0989
kp15 run1.txt,17,-15.0,-1,213.000,-0.0988,-0.0989
kp15 run1.txt,17,-15.0,-1,214.000,-0.0977,-0.0989
kp15 run1.txt,17,-15.0,-1,215.000,-0.0977,-0.0988
kp15 run1.txt,17,-15.0,-1,216.000,-0.1006,-0.0988
kp15 run1.txt,17,-15.0,-1,217.000,-0.0996,-0.0988
kp15 run1.txt,17,-15.0,-1,218.000,-0.0992,-0.0987
kp15 run1.txt,17,-15.0,-1,219.000,-0.1021,-0.0987
kp15 run1.txt,17,-15.0,-1,220.000,-0.0934,-0.0987
kp15 run1.txt,17,-15.0,-1,221.000,-0.0937,-0.0987
kp15 run1.txt,17,-15.0,-1,222.000,-0.0963,-0.0987
kp15 run1.txt,17,-15.0,-1,223.000,-0.0977,-0.0987
kp15 run1.txt,17,-15.0,-1,224.000,-0.0992,-0.0986
kp15 run1.txt,17,-15.0,-1,225.000,-0.0999,-0.0986
kp15 run1.txt,17,-15.0,-1,226.000,-0.0992,-0.0986
kp15 run1.txt,17,-15.0,-1,227.000,-0.1072,-0.0986
kp15 run1.txt,17,-15.0,-1,228.000,-0.0904,-0.0986
kp15 run1.txt,17,-15.0,-1,229.000,-0.1021,-0.0986
kp15 run1.txt,17,-15.0,-1,230.000,-0.0996,-0.0986
kp15 run1.txt,17,-15.0,-1,231.000,-0.0985,-0.0986
kp15 run1.txt,17,-15.0,-1,232.000,-0.0999,-0.0986
kp15 run1.txt,17,-15.0,-1,233.000,-0.0985,-0.0986
kp15 run1.txt,17,-15.0,-1,234.000,-0.1021,-0.0986
kp15 run1.txt,17,-15.0,-1,235.000,-0.0970,-0.0986
kp15 run1.txt,17,-15.0,-1,236.000,-0.0999,-0.0986
kp15 run1.txt,17,-15.0,-1,237.000,-0.0996,-0.0986
kp15 run1.txt,17,-15.0,-1,238.000,-0.1021,-0.0986
kp15 run1.txt,17,-15.0,-1,239.000,-0.0999,-0.0986
kp15 run1.txt,17,-15.0,-1,240.000,-0.0955,-0.0987
kp15 run1.txt,17,-15.0,-1,241.000,-0.1058,-0.0987
kp15 run1.txt,17,-15.0,-1,242.000,-0.1072,-0.0987
kp15 run1.txt,17,-15.0,-1,243.000,-0.1021,-0.0987
kp15 run1.txt,17,-15.0,-1,244.000,-0.1014,-0.0987
kp15 run1.txt,17,-15.0,-1,245.000,-0.1006,-0.0987
kp15 run1.txt,17,-15.0,-1,246.000,-0.1014,-0.0987
kp15 run1.txt,17,-15.0,-1,247.000,-0.0988,-0.0988
kp15 run1.txt,17,-15.0,-1,248.000,-0.1014,-0.0988
kp15 run1.txt,17,-15.0,-1,249.000,-0.0955,-0.0988
kp15 run1.txt,17,-15.0,-1,250.000,-0.0996,-0.0988
kp15 run1.txt,17,-15.0,-1,251.000,-0.1025,-0.0988
kp15 run1.txt,17,-15.0,-1,252.000,-0.1028,-0.0988
kp15 run1.txt,17,-15.0,-1,253.000,-0.0992,-0.0989
kp15 run1.txt,17,-15.0,-1,254.000,-0.0999,-0.0989
kp15 run1.txt,17,-15.0,-1,255.000,-0.0955,-0.0989
kp15 run1.txt,17,-15.0,-1,256.000,-0.1050,-0.0989
kp15 run1.txt,17,-15.0,-1,257.000,-0.1006,-0.0989
kp15 run1.txt,17,-15.0,-1,258.000,-0.1028,-0.0989
kp15 run1.txt,17,-15.0,-1,259.000,-0.1021,-0.0990
kp15 run1.txt,17,-15.0,-1,260.000,-0.1025,-0.0990
kp15 run1.txt,17,-15.0,-1,261.000,-0.1014,-0.0990
kp15 run1.txt,17,-15.0,-1,262.000,-0.1014,-0.0990
kp15 run1.txt,17,-15.0,-1,263.000,-0.0996,-0.0990
kp15 run1.txt,17,-15.0,-1,264.000,-0.1021,-0.0991
kp15 run1.txt,17,-15.0,-1,265.000,-0.1101,-0.0991
kp15 run1.txt,17,-15.0,-1,266.000,-0.0992,-0.0991
kp15 run1.txt,17,-15.0,-1,267.000,-0.1006,-0.0991
kp15 run1.txt,17,-15.0,-1,268.000,-0.1021,-0.0991
kp15 run1.txt,17,-15.0,-1,269.000,-0.1014,-0.0991
kp15 run1.txt,17,-15.0,-1,270.000,-0.0992,-0.0992
kp15 run1.txt,17,-15.0,-1,271.000,-0.1028,-0.0992
kp15 run1.txt,17,-15.0,-1,272.000,-0.0853,-0.0992
kp15 run1.txt,17,-15.0,-1,273.000,-0.1014,-0.0992
kp15 run1.txt,17,-15.0,-1,274.000,-0.0985,-0.0992
kp15 run1.txt,17,-15.0,-1,275.000,-0.1021,-0.0993
kp15 run1.txt,17,-15.0,-1,276.000,-0.1014,-0.0993
kp15 run1.txt,17,-15.0,-1,277.000,-0.0941,-0.0993
kp15 run1.txt,17,-15.0,-1,278.000,-0.0992,-0.0993
kp15 run1.txt,17,-15.0,-1,279.000,-0.0708,-0.0993
kp15 run1.txt,17,-15.0,-1,280.000,-0.1006,-0.0993
kp15 run1.txt,17,-15.0,-1,281.000,-0.1014,-0.0994
kp15 run1.txt,17,-15.0,-1,282.000,-0.1006,-0.0994
kp15 run1.txt,17,-15.0,-1,283.000,-0.1010,-0.0994
kp15 run1.txt,17,-15.0,-1,284.000,-0.0948,-0.0994
kp15 run1.txt,17,-15.0,-1,285.000,-0.1028,-0.0994
kp15 run1.txt,17,-15.0,-1,286.000,-0.0985,-0.0994
kp15 run1.txt,17,-15.0,-1,287.000,-0.0996,-0.0994
kp15 run1.txt,17,-15.0,-1,288.000,-0.0908,-0.0995
kp15 run1.txt,17,-15.0,-1,289.000,-0.1003,-0.0995
kp15 run1.txt,17,-15.0,-1,290.000,-0.0941,-0.0995
kp15 run1.txt,17,-15.0,-1,291.000,-0.1003,-0.0995
kp15 run1.txt,17,-15.0,-1,292.000,-0.1006,-0.0995
kp15 run1.txt,17,-15.0,-1,293.000,-0.0977,-0.0995
kp15 run1.txt,17,-15.0,-1,294.000,-0.1014,-0.0995
kp15 run1.txt,17,-15.0,-1,295.000,-0.1014,-0.0995
kp15 run1.txt,17,-15.0,-1,296.000,-0.1014,-0.0996
kp15 run1.txt,17,-15.0,-1,297.000,-0.0992,-0.0996
kp15 run1.txt,17,-15.0,-1,298.000,-0.0992,-0.0996
kp15 run1.txt,17,-15.0,-1,299.000,-0.1003,-0.0996
kp15 run1.txt,17,-15.0,-1,300.000,-0.0996,-0.0996
kp15 run1.txt,17,-15.0,-1,301.000,-0.1043,-0.0996
kp15 run1.txt,17,-15.0,-1,302.000,-0.0996,-0.0996
kp15 run1.txt,17,-15.0,-1,303.000,-0.0999,-0.0996
kp15 run1.txt,17,-15.0,-1,304.000,-0.0996,-0.0996
kp15 run1.txt,17,-15.0,-1,305.000,-0.1006,-0.0996
kp15 run1.txt,17,-15.0,-1,306.000,-0.1032,-0.0996
kp15 run1.txt,17,-15.0,-1,307.000,-0.1006,-0.0997
kp15 run1.txt,17,-15.0,-1,308.000,-0.1003,-0.0997
kp15 run1.txt,17,-15.0,-1,309.000,-0.1014,-0.0997
kp15 run1.txt,17,-15.0,-1,310.000,-0.0948,-0.0997
kp15 run1.txt,17,-15.0,-1,311.000,-0.1014,-0.0997
kp15 run1.txt,17,-15.0,-1,312.000,-0.0999,-0.0997
kp15 run1.txt,17,-15.0,-1,313.000,-0.1017,-0.0997
kp15 run1.txt,17,-15.0,-1,314.000,-0.1065,-0.0997
kp15 run1.txt,17,-15.0,-1,315.000,-0.1025,-0.0997
kp15 run1.txt,17,-15.0,-1,316.000,-0.0966,-0.0997
kp15 run1.txt,17,-15.0,-1,317.000,-0.1014,-0.0997
kp15 run1.txt,17,-15.0,-1,318.000,-0.1050,-0.0997
kp15 run1.txt,17,-15.0,-1,319.000,-0.1006,-0.0997
kp15 run1.txt,17,-15.0,-1,320.000,-0.0963,-0.0997
kp15 run1.txt,17,-15.0,-1,321.000,-0.1025,-0.0997
kp15 run1.txt,17,-15.0,-1,322.000,-0.1006,-0.0997
kp15 run1.txt,17,-15.0,-1,323.000,-0.1003,-0.0997
kp15 run1.txt,17,-15.0,-1,324.000,-0.0992,-0.0997
kp15 run1.txt,17,-15.0,-1,325.000,-0.0999,-0.0997
kp15 run1.txt,17,-15.0,-1,326.000,-0.0992,-0.0997
kp15 run1.txt,17,-15.0,-1,327.000,-0.0926,-0.0997
kp15 run1.txt,17,-15.0,-1,328.000,-0.1043,-0.0998
kp15 run1.txt,17,-15.0,-1,329.000,-0.1006,-0.0998
kp15 run1.txt,17,-15.0,-1,330.000,-0.1014,-0.0998
kp15 run1.txt,17,-15.0,-1,331.000,-0.1014,-0.0998
kp15 run1.txt,17,-15.0,-1,332.000,-0.1006,-0.0998
kp15 run1.txt,17,-15.0,-1,333.000,-0.0963,-0.0998
kp15 run1.txt,17,-15.0,-1,334.000,-0.1079,-0.0998
kp15 run1.txt,17,-15.0,-1,335.000,-0.0999,-0.0998
kp15 run1.txt,17,-15.0,-1,336.000,-0.0992,-0.0998
kp15 run1.txt,17,-15.0,-1,337.000,-0.1028,-0.0998
kp15 run1.txt,17,-15.0,-1,338.000,-0.0985,-0.0998
kp15 run1.txt,17,-15.0,-1,339.000,-0.0992,-0.0998
kp15 run1.txt,17,-15.0,-1,340.000,-0.1094,-0.0998
kp15 run1.txt,17,-15.0,-1,341.000,-0.1014,-0.0998
kp15 run1.txt,17,-15.0,-1,342.000,-0.0999,-0.0998
kp15 run1.txt,17,-15.0,-1,343.000,-0.1014,-0.0998
kp15 run1.txt,17,-15.0,-1,344.000,-0.0992,-0.0998
kp15 run1.txt,17,-15.0,-1,345.000,-0.1014,-0.0998
kp15 run1.txt,17,-15.0,-1,346.000,-0.0992,-0.0998
kp15 run1.txt,17,-15.0,-1,347.000,-0.0992,-0.0998
kp15 run1.txt,17,-15.0,-1,348.000,-0.0948,-0.0998
kp15 run1.txt,17,-15.0,-1,349.000,-0.1036,-0.0998
kp15 run1.txt,17,-15.0,-1,350.000,-0.1021,-0.0998
kp15 run1.txt,17,-15.0,-1,351.000,-0.0992,-0.0998
kp15 run1.txt,17,-15.0,-1,352.000,-0.1006,-0.0998
kp15 run1.txt,17,-15.0,-1,353.000,-0.1050,-0.0998
kp15 run1.txt,17,-15.0,-1,354.000,-0.1006,-0.0998
kp15 run1.txt,17,-15.0,-1,355.000,-0.1003,-0.0998
kp15 run1.txt,17,-15.0,-1,356.000,-0.0963,-0.0998
kp15 run1.txt,17,-15.0,-1,357.000,-0.0996,-0.0998
kp15 run1.txt,17,-15.0,-1,358.000,-0.0999,-0.0998
kp15 run1.txt,17,-15.0,-1,359.000,-0.0999,-0.0998
kp15 run1.txt,17,-15.0,-1,360.000,-0.1006,-0.0998
kp15 run1.txt,17,-15.0,-1,361.000,-0.1014,-0.0998
kp15 run1.txt,17,-15.0,-1,362.000,-0.1090,-0.0998
kp15 run1.txt,17,-15.0,-1,363.000,-0.0985,-0.0998
kp15 run1.txt,17,-15.0,-1,364.000,-0.1021,-0.0998
kp15 run1.txt,17,-15.0,-1,365.000,-0.1127,-0.0998
kp15 run1.txt,17,-15.0,-1,366.000,-0.0999,-0.0997
kp15 run1.txt,17,-15.0,-1,367.000,-0.1006,-0.0997
kp15 run1.txt,17,-15.0,-1,368.000,-0.0996,-0.0997
kp15 run1.txt,17,-15.0,-1,369.000,-0.0999,-0.0997
kp15 run1.txt,17,-15.0,-1,370.000,-0.1116,-0.0997
kp15 run1.txt,17,-15.0,-1,371.000,-0.0999,-0.0997
kp15 run1.txt,17,-15.0,-1,372.000,-0.0985,-0.0997
kp15 run1.txt,17,-15.0,-1,373.000,-0.0999,-0.0997
kp15 run1.txt,17,-15.0,-1,374.000,-0.1014,-0.0997
kp15 run1.txt,17,-15.0,-1,375.000,-0.1014,-0.0997
kp15 run1.txt,17,-15.0,-1,376.000,-0.1014,-0.0997
kp15 run1.txt,17,-15.0,-1,377.000,-0.1065,-0.0997
kp15 run1.txt,17,-15.0,-1,378.000,-0.1014,-0.0997
kp15 run1.txt,17,-15.0,-1,379.000,-0.1043,-0.0997
kp15 run1.txt,17,-15.0,-1,380.000,-0.1014,-0.0997
kp15 run1.txt,17,-15.0,-1,381.000,-0.1028,-0.0997
kp15 run1.txt,17,-15.0,-1,382.000,-0.0985,-0.0997
kp15 run1.txt,17,-15.0,-1,383.000,-0.1006,-0.0997
kp15 run1.txt,17,-15.0,-1,384.000,-0.0999,-0.0997
kp15 run1.txt,17,-15.0,-1,385.000,-0.1010,-0.0997
kp15 run1.txt,17,-15.0,-1,386.000,-0.1014,-0.0997
kp15 run1.txt,17,-15.0,-1,387.000,-0.0985,-0.0997
kp15 run1.txt,17,-15.0,-1,388.000,-0.0992,-0.0997
kp15 run1.txt,17,-15.0,-1,389.000,-0.0985,-0.0997
kp15 run1.txt,17,-15.0,-1,390.000,-0.0999,-0.0997
kp15 run1.txt,17,-15.0,-1,391.000,-0.1021,-0.0997
kp15 run1.txt,17,-15.0,-1,392.000,-0.1006,-0.0997
kp15 run1.txt,17,-15.0,-1,393.000,-0.1014,-0.0997
kp15 run1.txt,17,-15.0,-1,394.000,-0.0999,-0.0997
kp15 run1.txt,17,-15.0,-1,395.000,-0.0999,-0.0997
kp15 run1.txt,17,-15.0,-1,396.000,-0.1006,-0.0997
kp15 run1.txt,17,-15.0,-1,397.000,-0.0999,-0.0997
kp15 run1.txt,17,-15.0,-1,398.000,-0.1036,-0.0997
kp15 run1.txt,17,-15.0,-1,399.000,-0.1006,-0.0997
kp15 run1.txt,17,-15.0,-1,400.000,-0.0963,-0.0997
kp15 run1.txt,17,-15.0,-1,401.000,-0.0977,-0.0997
kp15 run1.txt,17,-15.0,-1,402.000,-0.1006,-0.0997
kp15 run1.txt,17,-15.0,-1,403.000,-0.1014,-0.0997
kp15 run1.txt,17,-15.0,-1,404.000,-0.1025,-0.0997
kp15 run1.txt,17,-15.0,-1,405.000,-0.1058,-0.0997
kp15 run1.txt,17,-15.0,-1,406.000,-0.1021,-0.0997
kp15 run1.txt,17,-15.0,-1,407.000,-0.1130,-0.0997
kp15 run1.txt,17,-15.0,-1,408.000,-0.0952,-0.0997
kp15 run1.txt,17,-15.0,-1,409.000,-0.0996,-0.0997
kp15 run1.txt,17,-15.0,-1,410.000,-0.0999,-0.0997
kp15 run1.txt,17,-15.0,-1,411.000,-0.0996,-0.0997
kp15 run1.txt,17,-15.0,-1,412.000,-0.1006,-0.0997
kp15 run1.txt,17,-15.0,-1,413.000,-0.1130,-0.0997
kp15 run1.txt,17,-15.0,-1,414.000,-0.1014,-0.0997
kp15 run1.txt,17,-15.0,-1,415.000,-0.1006,-0.0997
kp15 run1.txt,17,-15.0,-1,416.000,-0.1006,-0.0997
kp15 run1.txt,17,-15.0,-1,417.000,-0.0999,-0.0997
kp15 run1.txt,17,-15.0,-1,418.000,-0.1006,-0.0997
kp15 run1.txt,17,-15.0,-1,419.000,-0.0999,-0.0997
kp15 run1.txt,17,-15.0,-1,420.000,-0.1014,-0.0997
kp15 run1.txt,17,-15.0,-1,421.000,-0.1006,-0.0997
kp15 run1.txt,17,-15.0,-1,422.000,-0.1006,-0.0997
kp15 run1.txt,17,-15.0,-1,423.000,-0.1006,-0.0997
kp15 run1.txt,17,-15.0,-1,424.000,-0.1021,-0.0997
kp15 run1.txt,17,-15.0,-1,425.000,-0.0992,-0.0997
kp15 run1.txt,17,-15.0,-1,426.000,-0.1036,-0.0997
kp15 run1.txt,17,-15.0,-1,427.000,-0.1021,-0.0997
kp15 run1.txt,17,-15.0,-1,428.000,-0.0996,-0.0997
kp15 run1.txt,17,-15.0,-1,429.000,-0.1006,-0.0997
kp15 run1.txt,17,-15.0,-1,430.000,-0.1014,-0.0997
kp15 run1.txt,17,-15.0,-1,431.000,-0.1021,-0.0997
kp15 run1.txt,17,-15.0,-1,432.000,-0.0959,-0.0997
kp15 run1.txt,17,-15.0,-1,433.000,-0.1050,-0.0997
kp15 run1.txt,17,-15.0,-1,434.000,-0.1021,-0.0997
kp15 run1.txt,17,-15.0,-1,435.000,-0.1006,-0.0997
kp15 run1.txt,17,-15.0,-1,436.000,-0.1014,-0.0997
kp15 run1.txt,17,-15.0,-1,437.000,-0.1021,-0.0997
kp15 run1.txt,17,-15.0,-1,438.000,-0.1006,-0.0997
kp15 run1.txt,17,-15.0,-1,439.000,-0.0992,-0.0997
kp15 run1.txt,17,-15.0,-1,440.000,-0.1021,-0.0997
kp15 run1.txt,17,-15.0,-1,441.000,-0.1021,-0.0997
kp15 run1.txt,17,-15.0,-1,442.000,-0.1021,-0.0997
kp15 run1.txt,17,-15.0,-1,443.000,-0.1036,-0.0997
kp15 run1.txt,17,-15.0,-1,444.000,-0.1006,-0.0997
kp15 run1.txt,17,-15.0,-1,445.000,-0.0996,-0.0997
kp15 run1.txt,17,-15.0,-1,446.000,-0.1072,-0.0997
kp15 run1.txt,17,-15.0,-1,447.000,-0.1014,-0.0997
kp15 run1.txt,17,-15.0,-1,448.000,-0.0985,-0.0997
kp15 run1.txt,17,-15.0,-1,449.000,-0.1014,-0.0997
kp15 run1.txt,17,-15.0,-1,450.000,-0.1006,-0.0997
kp15 run1.txt,17,-15.0,-1,451.000,-0.0996,-0.0997
kp15 run1.txt,17,-15.0,-1,452.000,-0.0999,-0.0997
kp15 run1.txt,17,-15.0,-1,453.000,-0.0926,-0.0997
kp15 run1.txt,17,-15.0,-1,454.000,-0.0996,-0.0997
kp15 run1.txt,17,-15.0,-1,455.000,-0.1021,-0.0997
kp15 run1.txt,17,-15.0,-1,456.000,-0.0996,-0.0997
kp15 run1.txt,17,-15.0,-1,457.000,-0.0992,-0.0997
kp15 run1.txt,17,-15.0,-1,458.000,-0.1043,-0.0997
kp15 run1.txt,17,-15.0,-1,459.000,-0.1014,-0.0997
kp15 run1.txt,17,-15.0,-1,460.000,-0.1006,-0.0997
kp15 run1.txt,17,-15.0,-1,461.000,-0.1014,-0.0997
kp15 run1.txt,17,-15.0,-1,462.000,-0.0999,-0.0997
kp15 run1.txt,17,-15.0,-1,463.000,-0.1036,-0.0997
kp15 run1.txt,17,-15.0,-1,464.000,-0.1269,-0.0997
kp15 run1.txt,17,-15.0,-1,465.000,-0.1014,-0.0997
kp15 run1.txt,17,-15.0,-1,466.000,-0.1006,-0.0997
kp15 run1.txt,17,-15.0,-1,467.000,-0.1014,-0.0997
kp15 run1.txt,17,-15.0,-1,468.000,-0.0992,-0.0997
kp15 run1.txt,17,-15.0,-1,469.000,-0.1006,-0.0997
kp15 run1.txt,17,-15.0,-1,470.000,-0.1006,-0.0997
kp15 run1.txt,17,-15.0,-1,471.000,-0.1006,-0.0997
kp15 run1.txt,17,-15.0,-1,472.000,-0.0955,-0.0997
kp15 run1.txt,17,-15.0,-1,473.000,-0.0963,-0.0997
kp15 run1.txt,17,-15.0,-1,474.000,-0.0996,-0.0997
kp15 run1.txt,17,-15.0,-1,475.000,-0.1021,-0.0997
kp15 run1.txt,17,-15.0,-1,476.000,-0.0966,-0.0997
kp15 run1.txt,17,-15.0,-1,477.000,-0.1025,-0.0997
kp15 run1.txt,17,-15.0,-1,478.000,-0.1021,-0.0997
kp15 run1.txt,17,-15.0,-1,479.000,-0.1043,-0.0997
kp15 run1.txt,17,-15.0,-1,480.000,-0.1014,-0.0997
kp15 run1.txt,17,-15.0,-1,481.000,-0.0955,-0.0997
kp15 run1.txt,17,-15.0,-1,482.000,-0.1014,-0.0997
kp15 run1.txt,17,-15.0,-1,483.000,-0.1006,-0.0997
kp15 run1.txt,17,-15.0,-1,484.000,-0.1014,-0.0997
kp15 run1.txt,17,-15.0,-1,485.000,-0.0955,-0.0997
kp15 run1.txt,17,-15.0,-1,486.000,-0.0926,-0.0997
kp15 run1.txt,17,-15.0,-1,487.000,-0.1014,-0.0997
kp15 run1.txt,17,-15.0,-1,488.000,-0.0977,-0.0997
kp15 run1.txt,17,-15.0,-1,489.000,-0.1014,-0.0997
kp15 run1.txt,17,-15.0,-1,490.000,-0.0926,-0.0997
kp15 run1.txt,17,-15.0,-1,491.000,-0.0996,-0.0997
kp15 run1.txt,17,-15.0,-1,492.000,-0.1025,-0.0997
kp15 run1.txt,17,-15.0,-1,493.000,-0.1043,-0.0997
kp15 run1.txt,17,-15.0,-1,494.000,-0.0985,-0.0997
kp15 run1.txt,17,-15.0,-1,495.000,-0.1017,-0.0997
kp15 run1.txt,17,-15.0,-1,496.000,-0.1025,-0.0997
kp15 run1.txt,17,-15.0,-1,497.000,-0.0985,-0.0997
kp15 run1.txt,17,-15.0,-1,498.000,-0.0926,-0.0997
kp15 run1.txt,17,-15.0,-1,499.000,-0.0996,-0.0997
kp15 run1.txt,17,-15.0,-1,500.000,-0.0999,-0.0997
kp15 run1.txt,17,-15.0,-1,501.000,-0.1003,-0.0997
kp15 run1.txt,17,-15.0,-1,502.000,-0.1006,-0.0997
kp15 run1.txt,17,-15.0,-1,503.000,-0.0985,-0.0997
kp15 run1.txt,17,-15.0,-1,504.000,-0.0955,-0.0997
kp15 run1.txt,17,-15.0,-1,505.000,-0.0992,-0.0997
kp15 run1.txt,17,-15.0,-1,506.000,-0.1014,-0.0997
kp15 run1.txt,17,-15.0,-1,507.000,-0.0992,-0.0997
kp15 run1.txt,17,-15.0,-1,508.000,-0.1006,-0.0997
kp15 run1.txt,17,-15.0,-1,509.000,-0.0985,-0.0997
kp15 run1.txt,17,-15.0,-1,510.000,-0.1006,-0.0997
kp15 run1.txt,17,-15.0,-1,511.000,-0.1014,-0.0997
kp15 run1.txt,17,-15.0,-1,512.000,-0.1014,-0.0997
kp15 run1.txt,17,-15.0,-1,513.000,-0.1006,-0.0997
kp15 run1.txt,17,-15.0,-1,514.000,-0.1123,-0.0997
kp15 run1.txt,17,-15.0,-1,515.000,-0.0955,-0.0997
kp15 run1.txt,17,-15.0,-1,516.000,-0.0999,-0.0997
kp15 run1.txt,17,-15.0,-1,517.000,-0.0963,-0.0997
kp15 run1.txt,17,-15.0,-1,518.000,-0.1006,-0.0997
kp15 run1.txt,17,-15.0,-1,519.000,-0.0985,-0.0997
kp15 run1.txt,17,-15.0,-1,520.000,-0.0985,-0.0997
kp15 run1.txt,17,-15.0,-1,521.000,-0.1065,-0.0997
kp15 run1.txt,17,-15.0,-1,522.000,-0.1021,-0.0997
kp15 run1.txt,17,-15.0,-1,523.000,-0.0992,-0.0997
kp15 run1.txt,17,-15.0,-1,524.000,-0.1006,-0.0997
kp15 run1.txt,17,-15.0,-1,525.000,-0.1021,-0.0997
kp15 run1.txt,17,-15.0,-1,526.000,-0.0996,-0.0997
kp15 run1.txt,17,-15.0,-1,527.000,-0.1006,-0.0997
kp15 run1.txt,17,-15.0,-1,528.000,-0.1006,-0.0997
kp15 run1.txt,17,-15.0,-1,529.000,-0.1014,-0.0997
kp15 run1.txt,17,-15.0,-1,530.000,-0.0992,-0.0997
kp15 run1.txt,17,-15.0,-1,531.000,-0.0992,-0.0997
kp15 run1.txt,17,-15.0,-1,532.000,-0.0985,-0.0997
kp15 run1.txt,17,-15.0,-1,533.000,-0.0985,-0.0997
kp15 run1.txt,17,-15.0,-1,534.000,-0.1006,-0.0997
kp15 run1.txt,17,-15.0,-1,535.000,-0.0992,-0.0997
kp15 run1.txt,17,-15.0,-1,536.000,-0.1014,-0.0997
kp15 run1.txt,17,-15.0,-1,537.000,-0.1003,-0.0997
kp15 run1.txt,17,-15.0,-1,538.000,-0.1014,-0.0997
kp15 run1.txt,17,-15.0,-1,539.000,-0.1006,-0.0997
kp15 run1.txt,17,-15.0,-1,540.000,-0.0846,-0.0997
kp15 run1.txt,17,-15.0,-1,541.000,-0.0890,-0.0997
kp15 run1.txt,17,-15.0,-1,542.000,-0.1079,-0.0997
kp15 run1.txt,17,-15.0,-1,543.000,-0.1014,-0.0997
kp15 run1.txt,17,-15.0,-1,544.000,-0.0890,-0.0997
kp15 run1.txt,17,-15.0,-1,545.000,-0.1043,-0.0997
kp15 run1.txt,17,-15.0,-1,546.000,-0.0999,-0.0997
kp15 run1.txt,17,-15.0,-1,547.000,-0.1021,-0.0997
kp15 run1.txt,17,-15.0,-1,548.000,-0.0992,-0.0997
kp15 run1.txt,17,-15.0,-1,549.000,-0.1003,-0.0997
kp15 run1.txt,17,-15.0,-1,550.000,-0.0955,-0.0997
kp15 run1.txt,17,-15.0,-1,551.000,-0.0992,-0.0997
kp15 run1.txt,17,-15.0,-1,552.000,-0.0955,-0.0997
kp15 run1.txt,17,-15.0,-1,553.000,-0.0996,-0.0997
kp15 run1.txt,17,-15.0,-1,554.000,-0.0985,-0.0997
kp15 run1.txt,17,-15.0,-1,555.000,-0.1006,-0.0997
kp15 run1.txt,17,-15.0,-1,556.000,-0.0999,-0.0997
kp15 run1.txt,17,-15.0,-1,557.000,-0.1014,-0.0997
kp15 run1.txt,17,-15.0,-1,558.000,-0.0999,-0.0997
kp15 run1.txt,17,-15.0,-1,559.000,-0.1021,-0.0997
kp15 run1.txt,17,-15.0,-1,560.000,-0.1050,-0.0997
kp15 run1.txt,17,-15.0,-1,561.000,-0.1006,-0.0997
kp15 run1.txt,17,-15.0,-1,562.000,-0.0992,-0.0997
kp15 run1.txt,17,-15.0,-1,563.000,-0.1025,-0.0997
kp15 run1.txt,17,-15.0,-1,564.000,-0.1152,-0.0997
kp15 run1.txt,17,-15.0,-1,565.000,-0.0985,-0.0997
kp15 run1.txt,17,-15.0,-1,566.000,-0.0985,-0.0997
kp15 run1.txt,17,-15.0,-1,567.000,-0.1014,-0.0997
kp15 run1.txt,17,-15.0,-1,568.000,-0.1065,-0.0997
kp15 run1.txt,17,-15.0,-1,569.000,-0.0992,-0.0997
kp15 run1.txt,17,-15.0,-1,570.000,-0.0992,-0.0997
kp15 run1.txt,17,-15.0,-1,571.000,-0.1036,-0.0997
kp15 run1.txt,17,-15.0,-1,572.000,-0.0999,-0.0997
kp15 run1.txt,17,-15.0,-1,573.000,-0.0985,-0.0997
kp15 run1.txt,17,-15.0,-1,574.000,-0.1021,-0.0997
kp15 run1.txt,17,-15.0,-1,575.000,-0.1014,-0.0997
kp15 run1.txt,17,-15.0,-1,576.000,-0.0992,-0.0997
kp15 run1.txt,17,-15.0,-1,577.000,-0.0992,-0.0997
kp15 run1.txt,17,-15.0,-1,578.000,-0.0963,-0.0997
kp15 run1.txt,17,-15.0,-1,579.000,-0.1006,-0.0997
kp15 run1.txt,17,-15.0,-1,580.000,-0.0955,-0.0997
kp15 run1.txt,17,-15.0,-1,581.000,-0.1017,-0.0997
kp15 run1.txt,17,-15.0,-1,582.000,-0.1101,-0.0997
kp15 run1.txt,17,-15.0,-1,583.000,-0.0992,-0.0997
kp15 run1.txt,17,-15.0,-1,584.000,-0.0810,-0.0997
kp15 run1.txt,17,-15.0,-1,585.000,-0.0992,-0.0997
kp15 run1.txt,17,-15.0,-1,586.000,-0.0999,-0.0997
kp15 run1.txt,17,-15.0,-1,587.000,-0.0977,-0.0997
kp15 run1.txt,17,-15.0,-1,588.000,-0.0934,-0.0997
kp15 run1.txt,17,-15.0,-1,589.000,-0.0992,-0.0997
kp15 run1.txt,17,-15.0,-1,590.000,-0.0996,-0.0997
kp15 run1.txt,17,-15.0,-1,591.000,-0.0985,-0.0997
kp15 run1.txt,17,-15.0,-1,592.000,-0.0992,-0.0997
kp15 run1.txt,17,-15.0,-1,593.000,-0.0985,-0.0997
kp15 run1.txt,17,-15.0,-1,594.000,-0.1014,-0.0997
kp15 run1.txt,17,-15.0,-1,595.000,-0.1006,-0.0997
kp15 run1.txt,17,-15.0,-1,596.000,-0.1014,-0.0997
kp15 run1.txt,17,-15.0,-1,597.000,-0.1006,-0.0997
kp15 run1.txt,17,-15.0,-1,598.000,-0.1006,-0.0997
kp15 run1.txt,17,-15.0,-1,599.000,-0.0966,-0.0997
kp15 run1.txt,18,-15.0,1,0.000,-0.1003,-0.0972
kp15 run1.txt,18,-15.0,1,1.000,-0.0948,-0.0972
kp15 run1.txt,18,-15.0,1,2.000,-0.0966,-0.0972
kp15 run1.txt,18,-15.0,1,3.000,-0.0963,-0.0970
kp15 run1.txt,18,-15.0,1,4.000,-0.0955,-0.0965
kp15 run1.txt,18,-15.0,1,5.000,-0.0977,-0.0958
kp15 run1.txt,18,-15.0,1,6.000,-0.0926,-0.0949
kp15 run1.txt,18,-15.0,1,7.000,-0.0992,-0.0937
kp15 run1.txt,18,-15.0,1,8.000,-0.1072,-0.0924
kp15 run1.txt,18,-15.0,1,9.000,-0.0832,-0.0909
kp15 run1.txt,18,-15.0,1,10.000,-0.0934,-0.0892
kp15 run1.txt,18,-15.0,1,11.000,-0.0904,-0.0874
kp15 run1.txt,18,-15.0,1,12.000,-0.0853,-0.0854
kp15 run1.txt,18,-15.0,1,13.000,-0.0868,-0.0832
kp15 run1.txt,18,-15.0,1,14.000,-0.0810,-0.0809
kp15 run1.txt,18,-15.0,1,15.000,-0.0788,-0.0785
kp15 run1.txt,18,-15.0,1,16.000,-0.0759,-0.0759
kp15 run1.txt,18,-15.0,1,17.000,-0.0635,-0.0733
kp15 run1.txt,18,-15.0,1,18.000,-0.0897,-0.0705
kp15 run1.txt,18,-15.0,1,19.000,-0.0693,-0.0677
kp15 run1.txt,18,-15.0,1,20.000,-0.0678,-0.0648
kp15 run1.txt,18,-15.0,1,21.000,-0.0693,-0.0618
kp15 run1.txt,18,-15.0,1,22.000,-0.0635,-0.0587
kp15 run1.txt,18,-15.0,1,23.000,-0.0606,-0.0555
kp15 run1.txt,18,-15.0,1,24.000,-0.0554,-0.0523
kp15 run1.txt,18,-15.0,1,25.000,-0.0529,-0.0491
kp15 run1.txt,18,-15.0,1,26.000,-0.0489,-0.0458
kp15 run1.txt,18,-15.0,1,27.000,-0.0423,-0.0425
kp15 run1.txt,18,-15.0,1,28.000,-0.0438,-0.0391
kp15 run1.txt,18,-15.0,1,29.000,-0.0431,-0.0357
kp15 run1.txt,18,-15.0,1,30.000,-0.0379,-0.0323
kp15 run1.txt,18,-15.0,1,31.000,-0.0372,-0.0289
kp15 run1.txt,18,-15.0,1,32.000,-0.0307,-0.0255
kp15 run1.txt,18,-15.0,1,33.000,-0.0256,-0.0220
kp15 run1.txt,18,-15.0,1,34.000,-0.0263,-0.0186
kp15 run1.txt,18,-15.0,1,35.000,-0.0219,-0.0151
kp15 run1.txt,18,-15.0,1,36.000,-0.0175,-0.0117
kp15 run1.txt,18,-15.0,1,37.000,-0.0128,-0.0083
kp15 run1.txt,18,-15.0,1,38.000,-0.0121,-0.0049
kp15 run1.txt,18,-15.0,1,39.000,-0.0081,-0.0015
kp15 run1.txt,18,-15.0,1,40.000,-0.0040,0.0018
kp15 run1.txt,18,-15.0,1,41.000,-0.0015,0.0052
kp15 run1.txt,18,-15.0,1,42.000,0.0007,0.0085
kp15 run1.txt,18,-15.0,1,43.000,0.0036,0.0117
kp15 run1.txt,18,-15.0,1,44.000,0.0007,0.0150
kp15 run1.txt,18,-15.0,1,45.000,0.0113,0.0182
kp15 run1.txt,18,-15.0,1,46.000,0.0145,0.0213
kp15 run1.txt,18,-15.0,1,47.000,0.0189,0.0244
kp15 run1.txt,18,-15.0,1,48.000,0.0182,0.0275
kp15 run1.txt,18,-15.0,1,49.000,0.0240,0.0305
kp15 run1.txt,18,-15.0,1,50.000,0.0433,0.0335
kp15 run1.txt,18,-15.0,1,51.000,0.0357,0.0364
kp15 run1.txt,18,-15.0,1,52.000,0.0328,0.0393
kp15 run1.txt,18,-15.0,1,53.000,0.0357,0.0421
kp15 run1.txt,18,-15.0,1,54.000,0.0357,0.0449
kp15 run1.txt,18,-15.0,1,55.000,0.0430,0.0476
kp15 run1.txt,18,-15.0,1,56.000,0.0422,0.0503
kp15 run1.txt,18,-15.0,1,57.000,0.0473,0.0529
kp15 run1.txt,18,-15.0,1,58.000,0.0503,0.0554
kp15 run1.txt,18,-15.0,1,59.000,0.0539,0.0579
kp15 run1.txt,18,-15.0,1,60.000,0.0568,0.0604
kp15 run1.txt,18,-15.0,1,61.000,0.0565,0.0627
kp15 run1.txt,18,-15.0,1,62.000,0.0568,0.0650
kp15 run1.txt,18,-15.0,1,63.000,0.0619,0.0673
kp15 run1.txt,18,-15.0,1,64.000,0.0659,0.0695
kp15 run1.txt,18,-15.0,1,65.000,0.0667,0.0716
kp15 run1.txt,18,-15.0,1,66.000,0.0699,0.0737
kp15 run1.txt,18,-15.0,1,67.000,0.0729,0.0757
kp15 run1.txt,18,-15.0,1,68.000,0.0685,0.0777
kp15 run1.txt,18,-15.0,1,69.000,0.0758,0.0795
kp15 run1.txt,18,-15.0,1,70.000,0.0783,0.0814
kp15 run1.txt,18,-15.0,1,71.000,0.0787,0.0832
kp15 run1.txt,18,-15.0,1,72.000,0.0805,0.0849
kp15 run1.txt,18,-15.0,1,73.000,0.0834,0.0865
kp15 run1.txt,18,-15.0,1,74.000,0.0809,0.0881
kp15 run1.txt,18,-15.0,1,75.000,0.0889,0.0897
kp15 run1.txt,18,-15.0,1,76.000,0.0714,0.0912
kp15 run1.txt,18,-15.0,1,77.000,0.0874,0.0926
kp15 run1.txt,18,-15.0,1,78.000,0.0904,0.0940
kp15 run1.txt,18,-15.0,1,79.000,0.0969,0.0953
kp15 run1.txt,18,-15.0,1,80.000,0.0977,0.0966
kp15 run1.txt,18,-15.0,1,81.000,0.0998,0.0978
kp15 run1.txt,18,-15.0,1,82.000,0.0991,0.0989
kp15 run1.txt,18,-15.0,1,83.000,0.1006,0.1000
kp15 run1.txt,18,-15.0,1,84.000,0.0998,0.1011
kp15 run1.txt,18,-15.0,1,85.000,0.1035,0.1021
kp15 run1.txt,18,-15.0,1,86.000,0.1093,0.1031
kp15 run1.txt,18,-15.0,1,87.000,0.0998,0.1040
kp15 run1.txt,18,-15.0,1,88.000,0.1104,0.1049
kp15 run1.txt,18,-15.0,1,89.000,0.1079,0.1057
kp15 run1.txt,18,-15.0,1,90.000,0.1075,0.1065
kp15 run1.txt,18,-15.0,1,91.000,0.1035,0.1072
kp15 run1.txt,18,-15.0,1,92.000,0.1093,0.1079
kp15 run1.txt,18,-15.0,1,93.000,0.1151,0.1086
kp15 run1.txt,18,-15.0,1,94.000,0.1104,0.1092
kp15 run1.txt,18,-15.0,1,95.000,0.1115,0.1098
kp15 run1.txt,18,-15.0,1,96.000,0.1122,0.1103
kp15 run1.txt,18,-15.0,1,97.000,0.1130,0.1108
kp15 run1.txt,18,-15.0,1,98.000,0.1141,0.1113
kp15 run1.txt,18,-15.0,1,99.000,0.1020,0.1117
kp15 run1.txt,18,-15.0,1,100.000,0.1144,0.1121
kp15 run1.txt,18,-15.0,1,101.000,0.1130,0.1124
kp15 run1.txt,18,-15.0,1,102.000,0.1210,0.1128
kp15 run1.txt,18,-15.0,1,103.000,0.1151,0.1131
kp15 run1.txt,18,-15.0,1,104.000,0.1104,0.1133
kp15 run1.txt,18,-15.0,1,105.000,0.1173,0.1136
kp15 run1.txt,18,-15.0,1,106.000,0.1108,0.1138
kp15 run1.txt,18,-15.0,1,107.000,0.1250,0.1140
kp15 run1.txt,18,-15.0,1,108.000,0.1181,0.1141
kp15 run1.txt,18,-15.0,1,109.000,0.1141,0.1143
kp15 run1.txt,18,-15.0,1,110.000,0.1122,0.1144
kp15 run1.txt,18,-15.0,1,111.000,0.1133,0.1145
kp15 run1.txt,18,-15.0,1,112.000,0.1166,0.1145
kp15 run1.txt,18,-15.0,1,113.000,0.1173,0.1146
kp15 run1.txt,18,-15.0,1,114.000,0.1115,0.1146
kp15 run1.txt,18,-15.0,1,115.000,0.1166,0.1146
kp15 run1.txt,18,-15.0,1,116.000,0.1151,0.1146
kp15 run1.txt,18,-15.0,1,117.000,0.1166,0.1145
kp15 run1.txt,18,-15.0,1,118.000,0.1210,0.1145
kp15 run1.txt,18,-15.0,1,119.000,0.1122,0.1144
kp15 run1.txt,18,-15.0,1,120.000,0.0900,0.1143
kp15 run1.txt,18,-15.0,1,121.000,0.1137,0.1142
kp15 run1.txt,18,-15.0,1,122.000,0.1137,0.1141
kp15 run1.txt,18,-15.0,1,123.000,0.1137,0.1140
kp15 run1.txt,18,-15.0,1,124.000,0.1166,0.1139
kp15 run1.txt,18,-15.0,1,125.000,0.1137,0.1137
kp15 run1.txt,18,-15.0,1,126.000,0.1035,0.1136
kp15 run1.txt,18,-15.0,1,127.000,0.1133,0.1134
kp15 run1.txt,18,-15.0,1,128.000,0.1137,0.1132
kp15 run1.txt,18,-15.0,1,129.000,0.1108,0.1130
kp15 run1.txt,18,-15.0,1,130.000,0.1100,0.1129
kp15 run1.txt,18,-15.0,1,131.000,0.1100,0.1127
kp15 run1.txt,18,-15.0,1,132.000,0.1108,0.1124
kp15 run1.txt,18,-15.0,1,133.000,0.1108,0.1122
kp15 run1.txt,18,-15.0,1,134.000,0.1093,0.1120
kp15 run1.txt,18,-15.0,1,135.000,0.1159,0.1118
kp15 run1.txt,18,-15.0,1,136.000,0.1181,0.1116
kp15 run1.txt,18,-15.0,1,137.000,0.0911,0.1113
kp15 run1.txt,18,-15.0,1,138.000,0.1086,0.1111
kp15 run1.txt,18,-15.0,1,139.000,0.1100,0.1108
kp15 run1.txt,18,-15.0,1,140.000,0.1035,0.1106
kp15 run1.txt,18,-15.0,1,141.000,0.1064,0.1104
kp15 run1.txt,18,-15.0,1,142.000,0.1064,0.1101
kp15 run1.txt,18,-15.0,1,143.000,0.1068,0.1099
kp15 run1.txt,18,-15.0,1,144.000,0.1104,0.1096
kp15 run1.txt,18,-15.0,1,145.000,0.1049,0.1094
kp15 run1.txt,18,-15.0,1,146.000,0.1049,0.1091
kp15 run1.txt,18,-15.0,1,147.000,0.1042,0.1089
kp15 run1.txt,18,-15.0,1,148.000,0.1079,0.1086
kp15 run1.txt,18,-15.0,1,149.000,0.1035,0.1084
kp15 run1.txt,18,-15.0,1,150.000,0.1049,0.1081
kp15 run1.txt,18,-15.0,1,151.000,0.1057,0.1079
kp15 run1.txt,18,-15.0,1,152.000,0.1028,0.1076
kp15 run1.txt,18,-15.0,1,153.000,0.1093,0.1074
kp15 run1.txt,18,-15.0,1,154.000,0.1024,0.1071
kp15 run1.txt,18,-15.0,1,155.000,0.1144,0.1069
kp15 run1.txt,18,-15.0,1,156.000,0.1017,0.1066
kp15 run1.txt,18,-15.0,1,157.000,0.1075,0.1064
kp15 run1.txt,18,-15.0,1,158.000,0.0991,0.1062
kp15 run1.txt,18,-15.0,1,159.000,0.1006,0.1059
kp15 run1.txt,18,-15.0,1,160.000,0.0998,0.1057
kp15 run1.txt,18,-15.0,1,161.000,0.1006,0.1055
kp15 run1.txt,18,-15.0,1,162.000,0.0977,0.1053
kp15 run1.txt,18,-15.0,1,163.000,0.0977,0.1051
kp15 run1.txt,18,-15.0,1,164.000,0.0955,0.1048
kp15 run1.txt,18,-15.0,1,165.000,0.0977,0.1046
kp15 run1.txt,18,-15.0,1,166.000,0.0951,0.1044
kp15 run1.txt,18,-15.0,1,167.000,0.0955,0.1042
kp15 run1.txt,18,-15.0,1,168.000,0.0987,0.1040
kp15 run1.txt,18,-15.0,1,169.000,0.1035,0.1038
kp15 run1.txt,18,-15.0,1,170.000,0.1017,0.1036
kp15 run1.txt,18,-15.0,1,171.000,0.0918,0.1034
kp15 run1.txt,18,-15.0,1,172.000,0.0998,0.1033
kp15 run1.txt,18,-15.0,1,173.000,0.0904,0.1031
kp15 run1.txt,18,-15.0,1,174.000,0.0940,0.1029
kp15 run1.txt,18,-15.0,1,175.000,0.0955,0.1027
kp15 run1.txt,18,-15.0,1,176.000,0.0977,0.1026
kp15 run1.txt,18,-15.0,1,177.000,0.0955,0.1024
kp15 run1.txt,18,-15.0,1,178.000,0.0991,0.1023
kp15 run1.txt,18,-15.0,1,179.000,0.0969,0.1021
kp15 run1.txt,18,-15.0,1,180.000,0.0969,0.1020
kp15 run1.txt,18,-15.0,1,181.000,0.1093,0.1018
kp15 run1.txt,18,-15.0,1,182.000,0.0918,0.1017
kp15 run1.txt,18,-15.0,1,183.000,0.0951,0.1015
kp15 run1.txt,18,-15.0,1,184.000,0.0998,0.1014
kp15 run1.txt,18,-15.0,1,185.000,0.0998,0.1013
kp15 run1.txt,18,-15.0,1,186.000,0.0977,0.1012
kp15 run1.txt,18,-15.0,1,187.000,0.0995,0.1011
kp15 run1.txt,18,-15.0,1,188.000,0.0991,0.1009
kp15 run1.txt,18,-15.0,1,189.000,0.1006,0.1008
kp15 run1.txt,18,-15.0,1,190.000,0.0969,0.1007
kp15 run1.txt,18,-15.0,1,191.000,0.1042,0.1006
kp15 run1.txt,18,-15.0,1,192.000,0.0980,0.1005
kp15 run1.txt,18,-15.0,1,193.000,0.0969,0.1004
kp15 run1.txt,18,-15.0,1,194.000,0.1009,0.1003
kp15 run1.txt,18,-15.0,1,195.000,0.0984,0.1003
kp15 run1.txt,18,-15.0,1,196.000,0.0940,0.1002
kp15 run1.txt,18,-15.0,1,197.000,0.0977,0.1001
kp15 run1.txt,18,-15.0,1,198.000,0.0991,0.1000
kp15 run1.txt,18,-15.0,1,199.000,0.0977,0.1000
kp15 run1.txt,18,-15.0,1,200.000,0.1228,0.0999
kp15 run1.txt,18,-15.0,1,201.000,0.0987,0.0998
kp15 run1.txt,18,-15.0,1,202.000,0.0998,0.0998
kp15 run1.txt,18,-15.0,1,203.000,0.0995,0.0997
kp15 run1.txt,18,-15.0,1,204.000,0.0998,0.0997
kp15 run1.txt,18,-15.0,1,205.000,0.0991,0.0996
kp15 run1.txt,18,-15.0,1,206.000,0.0958,0.0996
kp15 run1.txt,18,-15.0,1,207.000,0.0962,0.0995
kp15 run1.txt,18,-15.0,1,208.000,0.0998,0.0995
kp15 run1.txt,18,-15.0,1,209.000,0.0969,0.0994
kp15 run1.txt,18,-15.0,1,210.000,0.0955,0.0994
kp15 run1.txt,18,-15.0,1,211.000,0.0984,0.0994
kp15 run1.txt,18,-15.0,1,212.000,0.0969,0.0993
kp15 run1.txt,18,-15.0,1,213.000,0.1064,0.0993
kp15 run1.txt,18,-15.0,1,214.000,0.0947,0.0993
kp15 run1.txt,18,-15.0,1,215.000,0.0977,0.0992
kp15 run1.txt,18,-15.0,1,216.000,0.0995,0.0992
kp15 run1.txt,18,-15.0,1,217.000,0.1013,0.0992
kp15 run1.txt,18,-15.0,1,218.000,0.0962,0.0992
kp15 run1.txt,18,-15.0,1,219.000,0.0995,0.0992
kp15 run1.txt,18,-15.0,1,220.000,0.0998,0.0992
kp15 run1.txt,18,-15.0,1,221.000,0.1013,0.0991
kp15 run1.txt,18,-15.0,1,222.000,0.1009,0.0991
kp15 run1.txt,18,-15.0,1,223.000,0.1049,0.0991
kp15 run1.txt,18,-15.0,1,224.000,0.0991,0.0991
kp15 run1.txt,18,-15.0,1,225.000,0.1013,0.0991
kp15 run1.txt,18,-15.0,1,226.000,0.1006,0.0991
kp15 run1.txt,18,-15.0,1,227.000,0.1006,0.0991
kp15 run1.txt,18,-15.0,1,228.000,0.0998,0.0991
kp15 run1.txt,18,-15.0,1,229.000,0.1028,0.0991
kp15 run1.txt,18,-15.0,1,230.000,0.1049,0.0991
kp15 run1.txt,18,-15.0,1,231.000,0.0864,0.0991
kp15 run1.txt,18,-15.0,1,232.000,0.1013,0.0991
kp15 run1.txt,18,-15.0,1,233.000,0.0998,0.0991
kp15 run1.txt,18,-15.0,1,234.000,0.0977,0.0991
kp15 run1.txt,18,-15.0,1,235.000,0.1009,0.0991
kp15 run1.txt,18,-15.0,1,236.000,0.0940,0.0992
kp15 run1.txt,18,-15.0,1,237.000,0.0991,0.0992
kp15 run1.txt,18,-15.0,1,238.000,0.1020,0.0992
kp15 run1.txt,18,-15.0,1,239.000,0.0977,0.0992
kp15 run1.txt,18,-15.0,1,240.000,0.0984,0.0992
kp15 run1.txt,18,-15.0,1,241.000,0.0987,0.0992
kp15 run1.txt,18,-15.0,1,242.000,0.0998,0.0992
kp15 run1.txt,18,-15.0,1,243.000,0.0998,0.0992
kp15 run1.txt,18,-15.0,1,244.000,0.0998,0.0993
kp15 run1.txt,18,-15.0,1,245.000,0.0966,0.0993
kp15 run1.txt,18,-15.0,1,246.000,0.1068,0.0993
kp15 run1.txt,18,-15.0,1,247.000,0.0998,0.0993
kp15 run1.txt,18,-15.0,1,248.000,0.0787,0.0993
kp15 run1.txt,18,-15.0,1,249.000,0.0991,0.0993
kp15 run1.txt,18,-15.0,1,250.000,0.1024,0.0994
kp15 run1.txt,18,-15.0,1,251.000,0.1013,0.0994
kp15 run1.txt,18,-15.0,1,252.000,0.1013,0.0994
kp15 run1.txt,18,-15.0,1,253.000,0.0991,0.0994
kp15 run1.txt,18,-15.0,1,254.000,0.0998,0.0994
kp15 run1.txt,18,-15.0,1,255.000,0.0998,0.0994
kp15 run1.txt,18,-15.0,1,256.000,0.0984,0.0995
kp15 run1.txt,18,-15.0,1,257.000,0.1013,0.0995
kp15 run1.txt,18,-15.0,1,258.000,0.0991,0.0995
kp15 run1.txt,18,-15.0,1,259.000,0.1028,0.0995
kp15 run1.txt,18,-15.0,1,260.000,0.0987,0.0995
kp15 run1.txt,18,-15.0,1,261.000,0.0998,0.0995
kp15 run1.txt,18,-15.0,1,262.000,0.1009,0.0996
kp15 run1.txt,18,-15.0,1,263.000,0.0998,0.0996
kp15 run1.txt,18,-15.0,1,264.000,0.1049,0.0996
kp15 run1.txt,18,-15.0,1,265.000,0.0998,0.0996
kp15 run1.txt,18,-15.0,1,266.000,0.0984,0.0996
kp15 run1.txt,18,-15.0,1,267.000,0.1013,0.0997
kp15 run1.txt,18,-15.0,1,268.000,0.1020,0.0997
kp15 run1.txt,18,-15.0,1,269.000,0.1024,0.0997
kp15 run1.txt,18,-15.0,1,270.000,0.1020,0.0997
kp15 run1.txt,18,-15.0,1,271.000,0.0980,0.0997
kp15 run1.txt,18,-15.0,1,272.000,0.0987,0.0997
kp15 run1.txt,18,-15.0,1,273.000,0.1053,0.0998
kp15 run1.txt,18,-15.0,1,274.000,0.0991,0.0998
kp15 run1.txt,18,-15.0,1,275.000,0.0969,0.0998
kp15 run1.txt,18,-15.0,1,276.000,0.0998,0.0998
kp15 run1.txt,18,-15.0,1,277.000,0.0991,0.0998
kp15 run1.txt,18,-15.0,1,278.000,0.0998,0.0998
kp15 run1.txt,18,-15.0,1,279.000,0.0991,0.0999
kp15 run1.txt,18,-15.0,1,280.000,0.1064,0.0999
kp15 run1.txt,18,-15.0,1,281.000,0.1017,0.0999
kp15 run1.txt,18,-15.0,1,282.000,0.0998,0.0999
kp15 run1.txt,18,-15.0,1,283.000,0.1006,0.0999
kp15 run1.txt,18,-15.0,1,284.000,0.1079,0.0999
kp15 run1.txt,18,-15.0,1,285.000,0.0991,0.0999
kp15 run1.txt,18,-15.0,1,286.000,0.1013,0.1000
kp15 run1.txt,18,-15.0,1,287.000,0.1013,0.1000
kp15 run1.txt,18,-15.0,1,288.000,0.0998,0.1000
kp15 run1.txt,18,-15.0,1,289.000,0.1009,0.1000
kp15 run1.txt,18,-15.0,1,290.000,0.1020,0.1000
kp15 run1.txt,18,-15.0,1,291.000,0.1017,0.1000
kp15 run1.txt,18,-15.0,1,292.000,0.0987,0.1000
kp15 run1.txt,18,-15.0,1,293.000,0.1020,0.1000
kp15 run1.txt,18,-15.0,1,294.000,0.0998,0.1000
kp15 run1.txt,18,-15.0,1,295.000,0.0991,0.1001
kp15 run1.txt,18,-15.0,1,296.000,0.1122,0.1001
kp15 run1.txt,18,-15.0,1,297.000,0.1006,0.1001
kp15 run1.txt,18,-15.0,1,298.000,0.1006,0.1001
kp15 run1.txt,18,-15.0,1,299.000,0.0998,0.1001
kp15 run1.txt,18,-15.0,1,300.000,0.1009,0.1001
kp15 run1.txt,18,-15.0,1,301.000,0.0991,0.1001
kp15 run1.txt,18,-15.0,1,302.000,0.1006,0.1001
kp15 run1.txt,18,-15.0,1,303.000,0.1006,0.1001
kp15 run1.txt,18,-15.0,1,304.000,0.0991,0.1001
kp15 run1.txt,18,-15.0,1,305.000,0.0998,0.1001
kp15 run1.txt,18,-15.0,1,306.000,0.0987,0.1001
kp15 run1.txt,18,-15.0,1,307.000,0.1031,0.1002
kp15 run1.txt,18,-15.0,1,308.000,0.0998,0.1002
kp15 run1.txt,18,-15.0,1,309.000,0.1017,0.1002
kp15 run1.txt,18,-15.0,1,310.000,0.0998,0.1002
kp15 run1.txt,18,-15.0,1,311.000,0.0947,0.1002
kp15 run1.txt,18,-15.0,1,312.000,0.0969,0.1002
kp15 run1.txt,18,-15.0,1,313.000,0.0987,0.1002
kp15 run1.txt,18,-15.0,1,314.000,0.0995,0.1002
kp15 run1.txt,18,-15.0,1,315.000,0.0998,0.1002
kp15 run1.txt,18,-15.0,1,316.000,0.0991,0.1002
kp15 run1.txt,18,-15.0,1,317.000,0.0991,0.1002
kp15 run1.txt,18,-15.0,1,318.000,0.1006,0.1002
kp15 run1.txt,18,-15.0,1,319.000,0.0998,0.1002
kp15 run1.txt,18,-15.0,1,320.000,0.1064,0.1002
kp15 run1.txt,18,-15.0,1,321.000,0.0991,0.1002
kp15 run1.txt,18,-15.0,1,322.000,0.0991,0.1002
kp15 run1.txt,18,-15.0,1,323.000,0.1035,0.1002
kp15 run1.txt,18,-15.0,1,324.000,0.0991,0.1002
kp15 run1.txt,18,-15.0,1,325.000,0.0995,0.1002
kp15 run1.txt,18,-15.0,1,326.000,0.1020,0.1002
kp15 run1.txt,18,-15.0,1,327.000,0.1108,0.1002
kp15 run1.txt,18,-15.0,1,328.000,0.0864,0.1002
kp15 run1.txt,18,-15.0,1,329.000,0.1108,0.1002
kp15 run1.txt,18,-15.0,1,330.000,0.1075,0.1002
kp15 run1.txt,18,-15.0,1,331.000,0.0933,0.1002
kp15 run1.txt,18,-15.0,1,332.000,0.1006,0.1002
kp15 run1.txt,18,-15.0,1,333.000,0.0998,0.1002
kp15 run1.txt,18,-15.0,1,334.000,0.0998,0.1002
kp15 run1.txt,18,-15.0,1,335.000,0.1006,0.1002
kp15 run1.txt,18,-15.0,1,336.000,0.1020,0.1002
kp15 run1.txt,18,-15.0,1,337.000,0.0969,0.1002
kp15 run1.txt,18,-15.0,1,338.000,0.0998,0.1002
kp15 run1.txt,18,-15.0,1,339.000,0.0998,0.1002
kp15 run1.txt,18,-15.0,1,340.000,0.1006,0.1002
kp15 run1.txt,18,-15.0,1,341.000,0.1035,0.1002
kp15 run1.txt,18,-15.0,1,342.000,0.0991,0.1002
kp15 run1.txt,18,-15.0,1,343.000,0.0962,0.1002
kp15 run1.txt,18,-15.0,1,344.000,0.1020,0.1002
kp15 run1.txt,18,-15.0,1,345.000,0.1049,0.1002
kp15 run1.txt,18,-15.0,1,346.000,0.1006,0.1002
kp15 run1.txt,18,-15.0,1,347.000,0.0977,0.1002
kp15 run1.txt,18,-15.0,1,348.000,0.1013,0.1002
kp15 run1.txt,18,-15.0,1,349.000,0.0998,0.1002
kp15 run1.txt,18,-15.0,1,350.000,0.1024,0.1002
kp15 run1.txt,18,-15.0,1,351.000,0.0998,0.1002
kp15 run1.txt,18,-15.0,1,352.000,0.0998,0.1002
kp15 run1.txt,18,-15.0,1,353.000,0.0998,0.1002
kp15 run1.txt,18,-15.0,1,354.000,0.1006,0.1002
kp15 run1.txt,18,-15.0,1,355.000,0.0998,0.1002
kp15 run1.txt,18,-15.0,1,356.000,0.0998,0.1002
kp15 run1.txt,18,-15.0,1,357.000,0.0969,0.1002
kp15 run1.txt,18,-15.0,1,358.000,0.0991,0.1002
kp15 run1.txt,18,-15.0,1,359.000,0.1035,0.1002
kp15 run1.txt,18,-15.0,1,360.000,0.0998,0.1002
kp15 run1.txt,18,-15.0,1,361.000,0.0991,0.1002
kp15 run1.txt,18,-15.0,1,362.000,0.1017,0.1002
kp15 run1.txt,18,-15.0,1,363.000,0.0984,0.1002
kp15 run1.txt,18,-15.0,1,364.000,0.0998,0.1002
kp15 run1.txt,18,-15.0,1,365.000,0.0991,0.1002
kp15 run1.txt,18,-15.0,1,366.000,0.1042,0.1002
kp15 run1.txt,18,-15.0,1,367.000,0.0998,0.1002
kp15 run1.txt,18,-15.0,1,368.000,0.0998,0.1002
kp15 run1.txt,18,-15.0,1,369.000,0.1028,0.1002
kp15 run1.txt,18,-15.0,1,370.000,0.0998,0.1002
kp15 run1.txt,18,-15.0,1,371.000,0.0998,0.1002
kp15 run1.txt,18,-15.0,1,372.000,0.0991,0.1002
kp15 run1.txt,18,-15.0,1,373.000,0.1017,0.1002
kp15 run1.txt,18,-15.0,1,374.000,0.1035,0.1002
kp15 run1.txt,18,-15.0,1,375.000,0.0998,0.1002
kp15 run1.txt,18,-15.0,1,376.000,0.0918,0.1002
kp15 run1.txt,18,-15.0,1,377.000,0.0962,0.1002
kp15 run1.txt,18,-15.0,1,378.000,0.0980,0.1002
kp15 run1.txt,18,-15.0,1,379.000,0.0998,0.1002
kp15 run1.txt,18,-15.0,1,380.000,0.1035,0.1002
kp15 run1.txt,18,-15.0,1,381.000,0.1013,0.1002
kp15 run1.txt,18,-15.0,1,382.000,0.0998,0.1002
kp15 run1.txt,18,-15.0,1,383.000,0.0998,0.1002
kp15 run1.txt,18,-15.0,1,384.000,0.1108,0.1002
kp15 run1.txt,18,-15.0,1,385.000,0.1020,0.1002
kp15 run1.txt,18,-15.0,1,386.000,0.1017,0.1002
kp15 run1.txt,18,-15.0,1,387.000,0.0991,0.1002
kp15 run1.txt,18,-15.0,1,388.000,0.0987,0.1002
kp15 run1.txt,18,-15.0,1,389.000,0.1028,0.1002
kp15 run1.txt,18,-15.0,1,390.000,0.0998,0.1002
kp15 run1.txt,18,-15.0,1,391.000,0.1013,0.1002
kp15 run1.txt,18,-15.0,1,392.000,0.1075,0.1002
kp15 run1.txt,18,-15.0,1,393.000,0.1006,0.1002
kp15 run1.txt,18,-15.0,1,394.000,0.0984,0.1002
kp15 run1.txt,18,-15.0,1,395.000,0.0977,0.1002
kp15 run1.txt,18,-15.0,1,396.000,0.0987,0.1002
kp15 run1.txt,18,-15.0,1,397.000,0.0998,0.1002
kp15 run1.txt,18,-15.0,1,398.000,0.0995,0.1002
kp15 run1.txt,18,-15.0,1,399.000,0.1020,0.1002
kp15 run1.txt,18,-15.0,1,400.000,0.1017,0.1002
kp15 run1.txt,18,-15.0,1,401.000,0.0998,0.1002
kp15 run1.txt,18,-15.0,1,402.000,0.1009,0.1002
kp15 run1.txt,18,-15.0,1,403.000,0.0969,0.1002
kp15 run1.txt,18,-15.0,1,404.000,0.1053,0.1002
kp15 run1.txt,18,-15.0,1,405.000,0.1006,0.1002
kp15 run1.txt,18,-15.0,1,406.000,0.0998,0.1002
kp15 run1.txt,18,-15.0,1,407.000,0.0947,0.1002
kp15 run1.txt,18,-15.0,1,408.000,0.1031,0.1002
kp15 run1.txt,18,-15.0,1,409.000,0.1042,0.1002
kp15 run1.txt,18,-15.0,1,410.000,0.0998,0.1002
kp15 run1.txt,18,-15.0,1,411.000,0.0969,0.1002
kp15 run1.txt,18,-15.0,1,412.000,0.0998,0.1002
kp15 run1.txt,18,-15.0,1,413.000,0.0984,0.1002
kp15 run1.txt,18,-15.0,1,414.000,0.0998,0.1002
kp15 run1.txt,18,-15.0,1,415.000,0.0998,0.1002
kp15 run1.txt,18,-15.0,1,416.000,0.0998,0.1002
kp15 run1.txt,18,-15.0,1,417.000,0.1028,0.1002
kp15 run1.txt,18,-15.0,1,418.000,0.1028,0.1002
kp15 run1.txt,18,-15.0,1,419.000,0.1006,0.1002
kp15 run1.txt,18,-15.0,1,420.000,0.1009,0.1002
kp15 run1.txt,18,-15.0,1,421.000,0.1020,0.1002
kp15 run1.txt,18,-15.0,1,422.000,0.0940,0.1002
kp15 run1.txt,18,-15.0,1,423.000,0.1020,0.1002
kp15 run1.txt,18,-15.0,1,424.000,0.1035,0.1002
kp15 run1.txt,18,-15.0,1,425.000,0.0984,0.1002
kp15 run1.txt,18,-15.0,1,426.000,0.1020,0.1002
kp15 run1.txt,18,-15.0,1,427.000,0.1020,0.1002
kp15 run1.txt,18,-15.0,1,428.000,0.1013,0.1002
kp15 run1.txt,18,-15.0,1,429.000,0.1017,0.1002
kp15 run1.txt,18,-15.0,1,430.000,0.0991,0.1002
kp15 run1.txt,18,-15.0,1,431.000,0.0973,0.1002
kp15 run1.txt,18,-15.0,1,432.000,0.0969,0.1002
kp15 run1.txt,18,-15.0,1,433.000,0.0977,0.1002
kp15 run1.txt,18,-15.0,1,434.000,0.0991,0.1002
kp15 run1.txt,18,-15.0,1,435.000,0.1020,0.1002
kp15 run1.txt,18,-15.0,1,436.000,0.1006,0.1002
kp15 run1.txt,18,-15.0,1,437.000,0.1046,0.1002
kp15 run1.txt,18,-15.0,1,438.000,0.1020,0.1002
kp15 run1.txt,18,-15.0,1,439.000,0.1057,0.1002
kp15 run1.txt,18,-15.0,1,440.000,0.0947,0.1002
kp15 run1.txt,18,-15.0,1,441.000,0.0991,0.1002
kp15 run1.txt,18,-15.0,1,442.000,0.0969,0.1002
kp15 run1.txt,18,-15.0,1,443.000,0.1020,0.1002
kp15 run1.txt,18,-15.0,1,444.000,0.1035,0.1002
kp15 run1.txt,18,-15.0,1,445.000,0.1028,0.1002
kp15 run1.txt,18,-15.0,1,446.000,0.1035,0.1002
kp15 run1.txt,18,-15.0,1,447.000,0.1020,0.1002
kp15 run1.txt,18,-15.0,1,448.000,0.1009,0.1002
kp15 run1.txt,18,-15.0,1,449.000,0.1049,0.1002
kp15 run1.txt,18,-15.0,1,450.000,0.0998,0.1002
kp15 run1.txt,18,-15.0,1,451.000,0.1013,0.1002
kp15 run1.txt,18,-15.0,1,452.000,0.1035,0.1002
kp15 run1.txt,18,-15.0,1,453.000,0.0998,0.1002
kp15 run1.txt,18,-15.0,1,454.000,0.1006,0.1002
kp15 run1.txt,18,-15.0,1,455.000,0.0998,0.1002
kp15 run1.txt,18,-15.0,1,456.000,0.1013,0.1002
kp15 run1.txt,18,-15.0,1,457.000,0.0998,0.1002
kp15 run1.txt,18,-15.0,1,458.000,0.0998,0.1002
kp15 run1.txt,18,-15.0,1,459.000,0.1013,0.1002
kp15 run1.txt,18,-15.0,1,460.000,0.0984,0.1002
kp15 run1.txt,18,-15.0,1,461.000,0.1028,0.1002
kp15 run1.txt,18,-15.0,1,462.000,0.1006,0.1002
kp15 run1.txt,18,-15.0,1,463.000,0.1046,0.1002
kp15 run1.txt,18,-15.0,1,464.000,0.1020,0.1002
kp15 run1.txt,18,-15.0,1,465.000,0.1031,0.1002
kp15 run1.txt,18,-15.0,1,466.000,0.1020,0.1002
kp15 run1.txt,18,-15.0,1,467.000,0.0998,0.1002
kp15 run1.txt,18,-15.0,1,468.000,0.0998,0.1002
kp15 run1.txt,18,-15.0,1,469.000,0.0991,0.1002
kp15 run1.txt,18,-15.0,1,470.000,0.1013,0.1002
kp15 run1.txt,18,-15.0,1,471.000,0.1017,0.1002
kp15 run1.txt,18,-15.0,1,472.000,0.1020,0.1002
kp15 run1.txt,18,-15.0,1,473.000,0.0987,0.1002
kp15 run1.txt,18,-15.0,1,474.000,0.0991,0.1002
kp15 run1.txt,18,-15.0,1,475.000,0.0998,0.1002
kp15 run1.txt,18,-15.0,1,476.000,0.0984,0.1002
kp15 run1.txt,18,-15.0,1,477.000,0.0977,0.1002
kp15 run1.txt,18,-15.0,1,478.000,0.0998,0.1002
kp15 run1.txt,18,-15.0,1,479.000,0.1017,0.1002
kp15 run1.txt,18,-15.0,1,480.000,0.1006,0.1002
kp15 run1.txt,18,-15.0,1,481.000,0.1020,0.1002
kp15 run1.txt,18,-15.0,1,482.000,0.1028,0.1002
kp15 run1.txt,18,-15.0,1,483.000,0.0998,0.1002
kp15 run1.txt,18,-15.0,1,484.000,0.0991,0.1002
kp15 run1.txt,18,-15.0,1,485.000,0.1006,0.1002
kp15 run1.txt,18,-15.0,1,486.000,0.1013,0.1002
kp15 run1.txt,18,-15.0,1,487.000,0.1006,0.1002
kp15 run1.txt,18,-15.0,1,488.000,0.0998,0.1002
kp15 run1.txt,18,-15.0,1,489.000,0.1009,0.1002
kp15 run1.txt,18,-15.0,1,490.000,0.0904,0.1002
kp15 run1.txt,18,-15.0,1,491.000,0.1006,0.1002
kp15 run1.txt,18,-15.0,1,492.000,0.0969,0.1002
kp15 run1.txt,18,-15.0,1,493.000,0.0984,0.1002
kp15 run1.txt,18,-15.0,1,494.000,0.0991,0.1002
kp15 run1.txt,18,-15.0,1,495.000,0.1020,0.1002
kp15 run1.txt,18,-15.0,1,496.000,0.0991,0.1002
kp15 run1.txt,18,-15.0,1,497.000,0.0998,0.1002
kp15 run1.txt,18,-15.0,1,498.000,0.1013,0.1002
kp15 run1.txt,18,-15.0,1,499.000,0.1020,0.1002
kp15 run1.txt,18,-15.0,1,500.000,0.1020,0.1002
kp15 run1.txt,18,-15.0,1,501.000,0.0998,0.1002
kp15 run1.txt,18,-15.0,1,502.000,0.0998,0.1002
kp15 run1.txt,18,-15.0,1,503.000,0.1006,0.1002
kp15 run1.txt,18,-15.0,1,504.000,0.0947,0.1002
kp15 run1.txt,18,-15.0,1,505.000,0.1017,0.1002
kp15 run1.txt,18,-15.0,1,506.000,0.0991,0.1002
kp15 run1.txt,18,-15.0,1,507.000,0.0991,0.1002
kp15 run1.txt,18,-15.0,1,508.000,0.1028,0.1002
kp15 run1.txt,18,-15.0,1,509.000,0.1013,0.1002
kp15 run1.txt,18,-15.0,1,510.000,0.0984,0.1002
kp15 run1.txt,18,-15.0,1,511.000,0.0991,0.1002
kp15 run1.txt,18,-15.0,1,512.000,0.0987,0.1002
kp15 run1.txt,18,-15.0,1,513.000,0.1020,0.1002
kp15 run1.txt,18,-15.0,1,514.000,0.1020,0.1002
kp15 run1.txt,18,-15.0,1,515.000,0.0947,0.1002
kp15 run1.txt,18,-15.0,1,516.000,0.0984,0.1002
kp15 run1.txt,18,-15.0,1,517.000,0.0998,0.1002
kp15 run1.txt,18,-15.0,1,518.000,0.1017,0.1002
kp15 run1.txt,18,-15.0,1,519.000,0.1024,0.1002
kp15 run1.txt,18,-15.0,1,520.000,0.0962,0.1002
kp15 run1.txt,18,-15.0,1,521.000,0.1013,0.1002
kp15 run1.txt,18,-15.0,1,522.000,0.1049,0.1002
kp15 run1.txt,18,-15.0,1,523.000,0.1006,0.1002
kp15 run1.txt,18,-15.0,1,524.000,0.0991,0.1002
kp15 run1.txt,18,-15.0,1,525.000,0.1006,0.1002
kp15 run1.txt,18,-15.0,1,526.000,0.1035,0.1002
kp15 run1.txt,18,-15.0,1,527.000,0.0998,0.1002
kp15 run1.txt,18,-15.0,1,528.000,0.0951,0.1002
kp15 run1.txt,18,-15.0,1,529.000,0.0958,0.1002
kp15 run1.txt,18,-15.0,1,530.000,0.0998,0.1002
kp15 run1.txt,18,-15.0,1,531.000,0.0998,0.1002
kp15 run1.txt,18,-15.0,1,532.000,0.1013,0.1002
kp15 run1.txt,18,-15.0,1,533.000,0.1035,0.1002
kp15 run1.txt,18,-15.0,1,534.000,0.0998,0.1002
kp15 run1.txt,18,-15.0,1,535.000,0.0998,0.1002
kp15 run1.txt,18,-15.0,1,536.000,0.0998,0.1002
kp15 run1.txt,18,-15.0,1,537.000,0.0995,0.1002
kp15 run1.txt,18,-15.0,1,538.000,0.0998,0.1002
kp15 run1.txt,18,-15.0,1,539.000,0.1006,0.1002
kp15 run1.txt,18,-15.0,1,540.000,0.1024,0.1002
kp15 run1.txt,18,-15.0,1,541.000,0.0987,0.1002
kp15 run1.txt,18,-15.0,1,542.000,0.1006,0.1002
kp15 run1.txt,18,-15.0,1,543.000,0.0998,0.1002
kp15 run1.txt,18,-15.0,1,544.000,0.0998,0.1002
kp15 run1.txt,18,-15.0,1,545.000,0.0925,0.1002
kp15 run1.txt,18,-15.0,1,546.000,0.0893,0.1002
kp15 run1.txt,18,-15.0,1,547.000,0.0969,0.1002
kp15 run1.txt,18,-15.0,1,548.000,0.1057,0.1002
kp15 run1.txt,18,-15.0,1,549.000,0.1057,0.1002
kp15 run1.txt,18,-15.0,1,550.000,0.1086,0.1002
kp15 run1.txt,18,-15.0,1,551.000,0.0995,0.1002
kp15 run1.txt,18,-15.0,1,552.000,0.0991,0.1002
kp15 run1.txt,18,-15.0,1,553.000,0.1017,0.1002
kp15 run1.txt,18,-15.0,1,554.000,0.1017,0.1002
kp15 run1.txt,18,-15.0,1,555.000,0.0991,0.1002
kp15 run1.txt,18,-15.0,1,556.000,0.0940,0.1002
kp15 run1.txt,18,-15.0,1,557.000,0.0998,0.1002
kp15 run1.txt,18,-15.0,1,558.000,0.1017,0.1002
kp15 run1.txt,18,-15.0,1,559.000,0.0998,0.1002
kp15 run1.txt,18,-15.0,1,560.000,0.1017,0.1002
kp15 run1.txt,18,-15.0,1,561.000,0.1017,0.1002
kp15 run1.txt,18,-15.0,1,562.000,0.0987,0.1002
kp15 run1.txt,18,-15.0,1,563.000,0.1006,0.1002
kp15 run1.txt,18,-15.0,1,564.000,0.1013,0.1002
kp15 run1.txt,18,-15.0,1,565.000,0.1020,0.1002
kp15 run1.txt,18,-15.0,1,566.000,0.1013,0.1002
kp15 run1.txt,18,-15.0,1,567.000,0.1028,0.1002
kp15 run1.txt,18,-15.0,1,568.000,0.0987,0.1002
kp15 run1.txt,18,-15.0,1,569.000,0.1013,0.1002
kp15 run1.txt,18,-15.0,1,570.000,0.0998,0.1002
kp15 run1.txt,18,-15.0,1,571.000,0.0940,0.1002
kp15 run1.txt,18,-15.0,1,572.000,0.1013,0.1002
kp15 run1.txt,18,-15.0,1,573.000,0.0991,0.1002
kp15 run1.txt,18,-15.0,1,574.000,0.1006,0.1002
kp15 run1.txt,18,-15.0,1,575.000,0.0998,0.1002
kp15 run1.txt,18,-15.0,1,576.000,0.0977,0.1002
kp15 run1.txt,18,-15.0,1,577.000,0.1006,0.1002
kp15 run1.txt,18,-15.0,1,578.000,0.1017,0.1002
kp15 run1.txt,18,-15.0,1,579.000,0.1049,0.1002
kp15 run1.txt,18,-15.0,1,580.000,0.1020,0.1002
kp15 run1.txt,18,-15.0,1,581.000,0.0987,0.1002
kp15 run1.txt,18,-15.0,1,582.000,0.0977,0.1002
kp15 run1.txt,18,-15.0,1,583.000,0.0998,0.1002
kp15 run1.txt,18,-15.0,1,584.000,0.1057,0.1002
kp15 run1.txt,18,-15.0,1,585.000,0.1028,0.1002
kp15 run1.txt,18,-15.0,1,586.000,0.0998,0.1002
kp15 run1.txt,18,-15.0,1,587.000,0.0991,0.1002
kp15 run1.txt,18,-15.0,1,588.000,0.0991,0.1002
kp15 run1.txt,18,-15.0,1,589.000,0.1020,0.1002
kp15 run1.txt,18,-15.0,1,590.000,0.1042,0.1002
kp15 run1.txt,18,-15.0,1,591.000,0.1006,0.1002
kp15 run1.txt,18,-15.0,1,592.000,0.1013,0.1002
kp15 run1.txt,18,-15.0,1,593.000,0.0962,0.1002
kp15 run1.txt,18,-15.0,1,594.000,0.0998,0.1002
kp15 run1.txt,18,-15.0,1,595.000,0.1020,0.1002
kp15 run1.txt,18,-15.0,1,596.000,0.1035,0.1002
kp15 run1.txt,18,-15.0,1,597.000,0.1020,0.1002
kp15 run1.txt,18,-15.0,1,598.000,0.1006,0.1002
kp15 run1.txt,18,-15.0,1,599.000,0.1013,0.1002
kp15 run1.txt,19,-15.0,-1,0.000,0.0998,0.1078
kp15 run1.txt,19,-15.0,-1,1.000,0.1071,0.1078
kp15 run1.txt,19,-15.0,-1,2.000,0.1166,0.1078
kp15 run1.txt,19,-15.0,-1,3.000,0.0955,0.1076
kp15 run1.txt,19,-15.0,-1,4.000,0.1064,0.1071
kp15 run1.txt,19,-15.0,-1,5.000,0.1199,0.1063
kp15 run1.txt,19,-15.0,-1,6.000,0.0998,0.1053
kp15 run1.txt,19,-15.0,-1,7.000,0.1079,0.1042
kp15 run1.txt,19,-15.0,-1,8.000,0.1115,0.1028
kp15 run1.txt,19,-15.0,-1,9.000,0.1122,0.1012
kp15 run1.txt,19,-15.0,-1,10.000,0.1319,0.0994
kp15 run1.txt,19,-15.0,-1,11.000,0.0922,0.0974
kp15 run1.txt,19,-15.0,-1,12.000,0.0882,0.0953
kp15 run1.txt,19,-15.0,-1,13.000,0.0900,0.0930
kp15 run1.txt,19,-15.0,-1,14.000,0.0882,0.0906
kp15 run1.txt,19,-15.0,-1,15.000,0.0860,0.0881
kp15 run1.txt,19,-15.0,-1,16.000,0.0783,0.0854
kp15 run1.txt,19,-15.0,-1,17.000,0.0794,0.0826
kp15 run1.txt,19,-15.0,-1,18.000,0.0765,0.0797
kp15 run1.txt,19,-15.0,-1,19.000,0.0743,0.0767
kp15 run1.txt,19,-15.0,-1,20.000,0.0721,0.0736
kp15 run1.txt,19,-15.0,-1,21.000,0.0721,0.0705
kp15 run1.txt,19,-15.0,-1,22.000,0.0648,0.0672
kp15 run1.txt,19,-15.0,-1,23.000,0.0590,0.0639
kp15 run1.txt,19,-15.0,-1,24.000,0.0576,0.0605
kp15 run1.txt,19,-15.0,-1,25.000,0.0525,0.0571
kp15 run1.txt,19,-15.0,-1,26.000,0.0473,0.0536
kp15 run1.txt,19,-15.0,-1,27.000,0.0466,0.0501
kp15 run1.txt,19,-15.0,-1,28.000,0.0481,0.0466
kp15 run1.txt,19,-15.0,-1,29.000,0.0386,0.0430
kp15 run1.txt,19,-15.0,-1,30.000,0.0357,0.0394
kp15 run1.txt,19,-15.0,-1,31.000,0.0335,0.0358
kp15 run1.txt,19,-15.0,-1,32.000,0.0299,0.0322
kp15 run1.txt,19,-15.0,-1,33.000,0.0218,0.0286
kp15 run1.txt,19,-15.0,-1,34.000,0.0215,0.0250
kp15 run1.txt,19,-15.0,-1,35.000,0.0204,0.0213
kp15 run1.txt,19,-15.0,-1,36.000,0.0153,0.0177
kp15 run1.txt,19,-15.0,-1,37.000,0.0113,0.0141
kp15 run1.txt,19,-15.0,-1,38.000,0.0032,0.0106
kp15 run1.txt,19,-15.0,-1,39.000,0.0080,0.0070
kp15 run1.txt,19,-15.0,-1,40.000,0.0021,0.0035
kp15 run1.txt,19,-15.0,-1,41.000,-0.0051,-0.0000
kp15 run1.txt,19,-15.0,-1,42.000,-0.0004,-0.0035
kp15 run1.txt,19,-15.0,-1,43.000,-0.0081,-0.0070
kp15 run1.txt,19,-15.0,-1,44.000,-0.0124,-0.0104
kp15 run1.txt,19,-15.0,-1,45.000,-0.0153,-0.0137
kp15 run1.txt,19,-15.0,-1,46.000,-0.0190,-0.0171
kp15 run1.txt,19,-15.0,-1,47.000,-0.0234,-0.0204
kp15 run1.txt,19,-15.0,-1,48.000,-0.0376,-0.0236
kp15 run1.txt,19,-15.0,-1,49.000,-0.0277,-0.0268
kp15 run1.txt,19,-15.0,-1,50.000,-0.0318,-0.0299
kp15 run1.txt,19,-15.0,-1,51.000,-0.0321,-0.0330
kp15 run1.txt,19,-15.0,-1,52.000,-0.0321,-0.0360
kp15 run1.txt,19,-15.0,-1,53.000,-0.0423,-0.0390
kp15 run1.txt,19,-15.0,-1,54.000,-0.0379,-0.0419
kp15 run1.txt,19,-15.0,-1,55.000,-0.0445,-0.0448
kp15 run1.txt,19,-15.0,-1,56.000,-0.0467,-0.0476
kp15 run1.txt,19,-15.0,-1,57.000,-0.0482,-0.0503
kp15 run1.txt,19,-15.0,-1,58.000,-0.0518,-0.0530
kp15 run1.txt,19,-15.0,-1,59.000,-0.0569,-0.0556
kp15 run1.txt,19,-15.0,-1,60.000,-0.0671,-0.0582
kp15 run1.txt,19,-15.0,-1,61.000,-0.0598,-0.0607
kp15 run1.txt,19,-15.0,-1,62.000,-0.0635,-0.0631
kp15 run1.txt,19,-15.0,-1,63.000,-0.0722,-0.0655
kp15 run1.txt,19,-15.0,-1,64.000,-0.0547,-0.0678
kp15 run1.txt,19,-15.0,-1,65.000,-0.0533,-0.0700
kp15 run1.txt,19,-15.0,-1,66.000,-0.0729,-0.0722
kp15 run1.txt,19,-15.0,-1,67.000,-0.0780,-0.0743
kp15 run1.txt,19,-15.0,-1,68.000,-0.0780,-0.0764
kp15 run1.txt,19,-15.0,-1,69.000,-0.0759,-0.0784
kp15 run1.txt,19,-15.0,-1,70.000,-0.0788,-0.0803
kp15 run1.txt,19,-15.0,-1,71.000,-0.0839,-0.0822
kp15 run1.txt,19,-15.0,-1,72.000,-0.0890,-0.0840
kp15 run1.txt,19,-15.0,-1,73.000,-0.0890,-0.0857
kp15 run1.txt,19,-15.0,-1,74.000,-0.0890,-0.0874
kp15 run1.txt,19,-15.0,-1,75.000,-0.0937,-0.0891
kp15 run1.txt,19,-15.0,-1,76.000,-0.0955,-0.0906
kp15 run1.txt,19,-15.0,-1,77.000,-0.0966,-0.0921
kp15 run1.txt,19,-15.0,-1,78.000,-0.1079,-0.0936
kp15 run1.txt,19,-15.0,-1,79.000,-0.0934,-0.0950
kp15 run1.txt,19,-15.0,-1,80.000,-0.0999,-0.0963
kp15 run1.txt,19,-15.0,-1,81.000,-0.0996,-0.0976
kp15 run1.txt,19,-15.0,-1,82.000,-0.1036,-0.0988
kp15 run1.txt,19,-15.0,-1,83.000,-0.1072,-0.1000
kp15 run1.txt,19,-15.0,-1,84.000,-0.1054,-0.1011
kp15 run1.txt,19,-15.0,-1,85.000,-0.1058,-0.1022
kp15 run1.txt,19,-15.0,-1,86.000,-0.1054,-0.1032
kp15 run1.txt,19,-15.0,-1,87.000,-0.1083,-0.1042
kp15 run1.txt,19,-15.0,-1,88.000,-0.1101,-0.1051
kp15 run1.txt,19,-15.0,-1,89.000,-0.1130,-0.1059
kp15 run1.txt,19,-15.0,-1,90.000,-0.1152,-0.1068
kp15 run1.txt,19,-15.0,-1,91.000,-0.1130,-0.1075
kp15 run1.txt,19,-15.0,-1,92.000,-0.1123,-0.1083
kp15 run1.txt,19,-15.0,-1,93.000,-0.1127,-0.1090
kp15 run1.txt,19,-15.0,-1,94.000,-0.1138,-0.1096
kp15 run1.txt,19,-15.0,-1,95.000,-0.1141,-0.1102
kp15 run1.txt,19,-15.0,-1,96.000,-0.1123,-0.1108
kp15 run1.txt,19,-15.0,-1,97.000,-0.1167,-0.1113
kp15 run1.txt,19,-15.0,-1,98.000,-0.1109,-0.1118
kp15 run1.txt,19,-15.0,-1,99.000,-0.1101,-0.1122
kp15 run1.txt,19,-15.0,-1,100.000,-0.1127,-0.1127
kp15 run1.txt,19,-15.0,-1,101.000,-0.1130,-0.1130
kp15 run1.txt,19,-15.0,-1,102.000,-0.1174,-0.1134
kp15 run1.txt,19,-15.0,-1,103.000,-0.1149,-0.1137
kp15 run1.txt,19,-15.0,-1,104.000,-0.1145,-0.1140
kp15 run1.txt,19,-15.0,-1,105.000,-0.1149,-0.1142
kp15 run1.txt,19,-15.0,-1,106.000,-0.1160,-0.1145
kp15 run1.txt,19,-15.0,-1,107.000,-0.1160,-0.1147
kp15 run1.txt,19,-15.0,-1,108.000,-0.1181,-0.1148
kp15 run1.txt,19,-15.0,-1,109.000,-0.1160,-0.1150
kp15 run1.txt,19,-15.0,-1,110.000,-0.1160,-0.1151
kp15 run1.txt,19,-15.0,-1,111.000,-0.1149,-0.1152
kp15 run1.txt,19,-15.0,-1,112.000,-0.1152,-0.1152
kp15 run1.txt,19,-15.0,-1,113.000,-0.1094,-0.1153
kp15 run1.txt,19,-15.0,-1,114.000,-0.1181,-0.1153
kp15 run1.txt,19,-15.0,-1,115.000,-0.1160,-0.1153
kp15 run1.txt,19,-15.0,-1,116.000,-0.1273,-0.1153
kp15 run1.txt,19,-15.0,-1,117.000,-0.1167,-0.1153
kp15 run1.txt,19,-15.0,-1,118.000,-0.1123,-0.1152
kp15 run1.txt,19,-15.0,-1,119.000,-0.1141,-0.1151
kp15 run1.txt,19,-15.0,-1,120.000,-0.1262,-0.1150
kp15 run1.txt,19,-15.0,-1,121.000,-0.1160,-0.1149
kp15 run1.txt,19,-15.0,-1,122.000,-0.1152,-0.1148
kp15 run1.txt,19,-15.0,-1,123.000,-0.1050,-0.1147
kp15 run1.txt,19,-15.0,-1,124.000,-0.1138,-0.1146
kp15 run1.txt,19,-15.0,-1,125.000,-0.1167,-0.1144
kp15 run1.txt,19,-15.0,-1,126.000,-0.1138,-0.1142
kp15 run1.txt,19,-15.0,-1,127.000,-0.1123,-0.1141
kp15 run1.txt,19,-15.0,-1,128.000,-0.1152,-0.1139
kp15 run1.txt,19,-15.0,-1,129.000,-0.1130,-0.1137
kp15 run1.txt,19,-15.0,-1,130.000,-0.0970,-0.1135
kp15 run1.txt,19,-15.0,-1,131.000,-0.1123,-0.1133
kp15 run1.txt,19,-15.0,-1,132.000,-0.1130,-0.1131
kp15 run1.txt,19,-15.0,-1,133.000,-0.1094,-0.1128
kp15 run1.txt,19,-15.0,-1,134.000,-0.1116,-0.1126
kp15 run1.txt,19,-15.0,-1,135.000,-0.1291,-0.1124
kp15 run1.txt,19,-15.0,-1,136.000,-0.1109,-0.1121
kp15 run1.txt,19,-15.0,-1,137.000,-0.1090,-0.1119
kp15 run1.txt,19,-15.0,-1,138.000,-0.1101,-0.1116
kp15 run1.txt,19,-15.0,-1,139.000,-0.1014,-0.1114
kp15 run1.txt,19,-15.0,-1,140.000,-0.1109,-0.1111
kp15 run1.txt,19,-15.0,-1,141.000,-0.1079,-0.1109
kp15 run1.txt,19,-15.0,-1,142.000,-0.1083,-0.1106
kp15 run1.txt,19,-15.0,-1,143.000,-0.1079,-0.1103
kp15 run1.txt,19,-15.0,-1,144.000,-0.1065,-0.1101
kp15 run1.txt,19,-15.0,-1,145.000,-0.0966,-0.1098
kp15 run1.txt,19,-15.0,-1,146.000,-0.1043,-0.1095
kp15 run1.txt,19,-15.0,-1,147.000,-0.1050,-0.1093
kp15 run1.txt,19,-15.0,-1,148.000,-0.1094,-0.1090
kp15 run1.txt,19,-15.0,-1,149.000,-0.1076,-0.1087
kp15 run1.txt,19,-15.0,-1,150.000,-0.1072,-0.1085
kp15 run1.txt,19,-15.0,-1,151.000,-0.1058,-0.1082
kp15 run1.txt,19,-15.0,-1,152.000,-0.1025,-0.1080
kp15 run1.txt,19,-15.0,-1,153.000,-0.1021,-0.1077
kp15 run1.txt,19,-15.0,-1,154.000,-0.1014,-0.1074
kp15 run1.txt,19,-15.0,-1,155.000,-0.1028,-0.1072
kp15 run1.txt,19,-15.0,-1,156.000,-0.1021,-0.1069
kp15 run1.txt,19,-15.0,-1,157.000,-0.1021,-0.1067
kp15 run1.txt,19,-15.0,-1,158.000,-0.1006,-0.1064
kp15 run1.txt,19,-15.0,-1,159.000,-0.1028,-0.1062
kp15 run1.txt,19,-15.0,-1,160.000,-0.1006,-0.1060
kp15 run1.txt,19,-15.0,-1,161.000,-0.0955,-0.1057
kp15 run1.txt,19,-15.0,-1,162.000,-0.1014,-0.1055
kp15 run1.txt,19,-15.0,-1,163.000,-0.1006,-0.1053
kp15 run1.txt,19,-15.0,-1,164.000,-0.0977,-0.1050
kp15 run1.txt,19,-15.0,-1,165.000,-0.1043,-0.1048
kp15 run1.txt,19,-15.0,-1,166.000,-0.1036,-0.1046
kp15 run1.txt,19,-15.0,-1,167.000,-0.0992,-0.1044
kp15 run1.txt,19,-15.0,-1,168.000,-0.0985,-0.1042
kp15 run1.txt,19,-15.0,-1,169.000,-0.0985,-0.1040
kp15 run1.txt,19,-15.0,-1,170.000,-0.0974,-0.1038
kp15 run1.txt,19,-15.0,-1,171.000,-0.1021,-0.1036
kp15 run1.txt,19,-15.0,-1,172.000,-0.0988,-0.1034
kp15 run1.txt,19,-15.0,-1,173.000,-0.0992,-0.1032
kp15 run1.txt,19,-15.0,-1,174.000,-0.0988,-0.1030
kp15 run1.txt,19,-15.0,-1,175.000,-0.0985,-0.1028
kp15 run1.txt,19,-15.0,-1,176.000,-0.0985,-0.1027
kp15 run1.txt,19,-15.0,-1,177.000,-0.0996,-0.1025
kp15 run1.txt,19,-15.0,-1,178.000,-0.0977,-0.1023
kp15 run1.txt,19,-15.0,-1,179.000,-0.0948,-0.1022
kp15 run1.txt,19,-15.0,-1,180.000,-0.1010,-0.1020
kp15 run1.txt,19,-15.0,-1,181.000,-0.0832,-0.1019
kp15 run1.txt,19,-15.0,-1,182.000,-0.0966,-0.1017
kp15 run1.txt,19,-15.0,-1,183.000,-0.0985,-0.1016
kp15 run1.txt,19,-15.0,-1,184.000,-0.0948,-0.1014
kp15 run1.txt,19,-15.0,-1,185.000,-0.1028,-0.1013
kp15 run1.txt,19,-15.0,-1,186.000,-0.0963,-0.1012
kp15 run1.txt,19,-15.0,-1,187.000,-0.0970,-0.1011
kp15 run1.txt,19,-15.0,-1,188.000,-0.0985,-0.1009
kp15 run1.txt,19,-15.0,-1,189.000,-0.0985,-0.1008
kp15 run1.txt,19,-15.0,-1,190.000,-0.0955,-0.1007
kp15 run1.txt,19,-15.0,-1,191.000,-0.0963,-0.1006
kp15 run1.txt,19,-15.0,-1,192.000,-0.0999,-0.1005
kp15 run1.txt,19,-15.0,-1,193.000,-0.0999,-0.1004
kp15 run1.txt,19,-15.0,-1,194.000,-0.0985,-0.1003
kp15 run1.txt,19,-15.0,-1,195.000,-0.0955,-0.1002
kp15 run1.txt,19,-15.0,-1,196.000,-0.0966,-0.1001
kp15 run1.txt,19,-15.0,-1,197.000,-0.0966,-0.1000
kp15 run1.txt,19,-15.0,-1,198.000,-0.0966,-0.1000
kp15 run1.txt,19,-15.0,-1,199.000,-0.0901,-0.0999
kp15 run1.txt,19,-15.0,-1,200.000,-0.0963,-0.0998
kp15 run1.txt,19,-15.0,-1,201.000,-0.0985,-0.0998
kp15 run1.txt,19,-15.0,-1,202.000,-0.0999,-0.0997
kp15 run1.txt,19,-15.0,-1,203.000,-0.1014,-0.0996
kp15 run1.txt,19,-15.0,-1,204.000,-0.0941,-0.0996
kp15 run1.txt,19,-15.0,-1,205.000,-0.0988,-0.0995
kp15 run1.txt,19,-15.0,-1,206.000,-0.0963,-0.0995
kp15 run1.txt,19,-15.0,-1,207.000,-0.0959,-0.0994
kp15 run1.txt,19,-15.0,-1,208.000,-0.0963,-0.0994
kp15 run1.txt,19,-15.0,-1,209.000,-0.0966,-0.0993
kp15 run1.txt,19,-15.0,-1,210.000,-0.0999,-0.0993
kp15 run1.txt,19,-15.0,-1,211.000,-0.0988,-0.0993
kp15 run1.txt,19,-15.0,-1,212.000,-0.1006,-0.0992
kp15 run1.txt,19,-15.0,-1,213.000,-0.0977,-0.0992
kp15 run1.txt,19,-15.0,-1,214.000,-0.0926,-0.0992
kp15 run1.txt,19,-15.0,-1,215.000,-0.0992,-0.0991
kp15 run1.txt,19,-15.0,-1,216.000,-0.0963,-0.0991
kp15 run1.txt,19,-15.0,-1,217.000,-0.0985,-0.0991
kp15 run1.txt,19,-15.0,-1,218.000,-0.1028,-0.0991
kp15 run1.txt,19,-15.0,-1,219.000,-0.1083,-0.0991
kp15 run1.txt,19,-15.0,-1,220.000,-0.0985,-0.0991
kp15 run1.txt,19,-15.0,-1,221.000,-0.1021,-0.0990
kp15 run1.txt,19,-15.0,-1,222.000,-0.1006,-0.0990
kp15 run1.txt,19,-15.0,-1,223.000,-0.0963,-0.0990
kp15 run1.txt,19,-15.0,-1,224.000,-0.1014,-0.0990
kp15 run1.txt,19,-15.0,-1,225.000,-0.1021,-0.0990
kp15 run1.txt,19,-15.0,-1,226.000,-0.1036,-0.0990
kp15 run1.txt,19,-15.0,-1,227.000,-0.0985,-0.0990
kp15 run1.txt,19,-15.0,-1,228.000,-0.1006,-0.0990
kp15 run1.txt,19,-15.0,-1,229.000,-0.1039,-0.0990
kp15 run1.txt,19,-15.0,-1,230.000,-0.1028,-0.0990
kp15 run1.txt,19,-15.0,-1,231.000,-0.0992,-0.0990
kp15 run1.txt,19,-15.0,-1,232.000,-0.1047,-0.0990
kp15 run1.txt,19,-15.0,-1,233.000,-0.1006,-0.0990
kp15 run1.txt,19,-15.0,-1,234.000,-0.0970,-0.0990
kp15 run1.txt,19,-15.0,-1,235.000,-0.0996,-0.0990
kp15 run1.txt,19,-15.0,-1,236.000,-0.1006,-0.0990
kp15 run1.txt,19,-15.0,-1,237.000,-0.0955,-0.0991
kp15 run1.txt,19,-15.0,-1,238.000,-0.0934,-0.0991
kp15 run1.txt,19,-15.0,-1,239.000,-0.1025,-0.0991
kp15 run1.txt,19,-15.0,-1,240.000,-0.0919,-0.0991
kp15 run1.txt,19,-15.0,-1,241.000,-0.1014,-0.0991
kp15 run1.txt,19,-15.0,-1,242.000,-0.1054,-0.0991
kp15 run1.txt,19,-15.0,-1,243.000,-0.1087,-0.0991
kp15 run1.txt,19,-15.0,-1,244.000,-0.1101,-0.0992
kp15 run1.txt,19,-15.0,-1,245.000,-0.1006,-0.0992
kp15 run1.txt,19,-15.0,-1,246.000,-0.0941,-0.0992
kp15 run1.txt,19,-15.0,-1,247.000,-0.1028,-0.0992
kp15 run1.txt,19,-15.0,-1,248.000,-0.0992,-0.0992
kp15 run1.txt,19,-15.0,-1,249.000,-0.1130,-0.0992
kp15 run1.txt,19,-15.0,-1,250.000,-0.1021,-0.0993
kp15 run1.txt,19,-15.0,-1,251.000,-0.1006,-0.0993
kp15 run1.txt,19,-15.0,-1,252.000,-0.0985,-0.0993
kp15 run1.txt,19,-15.0,-1,253.000,-0.1006,-0.0993
kp15 run1.txt,19,-15.0,-1,254.000,-0.0985,-0.0993
kp15 run1.txt,19,-15.0,-1,255.000,-0.0992,-0.0993
kp15 run1.txt,19,-15.0,-1,256.000,-0.1050,-0.0994
kp15 run1.txt,19,-15.0,-1,257.000,-0.1014,-0.0994
kp15 run1.txt,19,-15.0,-1,258.000,-0.1032,-0.0994
kp15 run1.txt,19,-15.0,-1,259.000,-0.0996,-0.0994
kp15 run1.txt,19,-15.0,-1,260.000,-0.1043,-0.0994
kp15 run1.txt,19,-15.0,-1,261.000,-0.0999,-0.0995
kp15 run1.txt,19,-15.0,-1,262.000,-0.1025,-0.0995
kp15 run1.txt,19,-15.0,-1,263.000,-0.1014,-0.0995
kp15 run1.txt,19,-15.0,-1,264.000,-0.1050,-0.0995
kp15 run1.txt,19,-15.0,-1,265.000,-0.1006,-0.0995
kp15 run1.txt,19,-15.0,-1,266.000,-0.0996,-0.0996
kp15 run1.txt,19,-15.0,-1,267.000,-0.0955,-0.0996
kp15 run1.txt,19,-15.0,-1,268.000,-0.0977,-0.0996
kp15 run1.txt,19,-15.0,-1,269.000,-0.1006,-0.0996
kp15 run1.txt,19,-15.0,-1,270.000,-0.1043,-0.0996
kp15 run1.txt,19,-15.0,-1,271.000,-0.0985,-0.0997
kp15 run1.txt,19,-15.0,-1,272.000,-0.1014,-0.0997
kp15 run1.txt,19,-15.0,-1,273.000,-0.1006,-0.0997
kp15 run1.txt,19,-15.0,-1,274.000,-0.1014,-0.0997
kp15 run1.txt,19,-15.0,-1,275.000,-0.1145,-0.0997
kp15 run1.txt,19,-15.0,-1,276.000,-0.1006,-0.0997
kp15 run1.txt,19,-15.0,-1,277.000,-0.1021,-0.0998
kp15 run1.txt,19,-15.0,-1,278.000,-0.1006,-0.0998
kp15 run1.txt,19,-15.0,-1,279.000,-0.1021,-0.0998
kp15 run1.txt,19,-15.0,-1,280.000,-0.1043,-0.0998
kp15 run1.txt,19,-15.0,-1,281.000,-0.0985,-0.0998
kp15 run1.txt,19,-15.0,-1,282.000,-0.1014,-0.0998
kp15 run1.txt,19,-15.0,-1,283.000,-0.1021,-0.0998
kp15 run1.txt,19,-15.0,-1,284.000,-0.1050,-0.0999
kp15 run1.txt,19,-15.0,-1,285.000,-0.0992,-0.0999
kp15 run1.txt,19,-15.0,-1,286.000,-0.0985,-0.0999
kp15 run1.txt,19,-15.0,-1,287.000,-0.0999,-0.0999
kp15 run1.txt,19,-15.0,-1,288.000,-0.0985,-0.0999
kp15 run1.txt,19,-15.0,-1,289.000,-0.1006,-0.0999
kp15 run1.txt,19,-15.0,-1,290.000,-0.1003,-0.0999
kp15 run1.txt,19,-15.0,-1,291.000,-0.0963,-0.1000
kp15 run1.txt,19,-15.0,-1,292.000,-0.1014,-0.1000
kp15 run1.txt,19,-15.0,-1,293.000,-0.0955,-0.1000
kp15 run1.txt,19,-15.0,-1,294.000,-0.1025,-0.1000
kp15 run1.txt,19,-15.0,-1,295.000,-0.1014,-0.1000
kp15 run1.txt,19,-15.0,-1,296.000,-0.1006,-0.1000
kp15 run1.txt,19,-15.0,-1,297.000,-0.0926,-0.1000
kp15 run1.txt,19,-15.0,-1,298.000,-0.1025,-0.1000
kp15 run1.txt,19,-15.0,-1,299.000,-0.1014,-0.1000
kp15 run1.txt,19,-15.0,-1,300.000,-0.1014,-0.1000
kp15 run1.txt,19,-15.0,-1,301.000,-0.1050,-0.1001
kp15 run1.txt,19,-15.0,-1,302.000,-0.1021,-0.1001
kp15 run1.txt,19,-15.0,-1,303.000,-0.0948,-0.1001
kp15 run1.txt,19,-15.0,-1,304.000,-0.1014,-0.1001
kp15 run1.txt,19,-15.0,-1,305.000,-0.0985,-0.1001
kp15 run1.txt,19,-15.0,-1,306.000,-0.0999,-0.1001
kp15 run1.txt,19,-15.0,-1,307.000,-0.1014,-0.1001
kp15 run1.txt,19,-15.0,-1,308.000,-0.0999,-0.1001
kp15 run1.txt,19,-15.0,-1,309.000,-0.0963,-0.1001
kp15 run1.txt,19,-15.0,-1,310.000,-0.1003,-0.1001
kp15 run1.txt,19,-15.0,-1,311.000,-0.1036,-0.1001
kp15 run1.txt,19,-15.0,-1,312.000,-0.1014,-0.1001
kp15 run1.txt,19,-15.0,-1,313.000,-0.1006,-0.1001
kp15 run1.txt,19,-15.0,-1,314.000,-0.1028,-0.1001
kp15 run1.txt,19,-15.0,-1,315.000,-0.1014,-0.1001
kp15 run1.txt,19,-15.0,-1,316.000,-0.1101,-0.1002
kp15 run1.txt,19,-15.0,-1,317.000,-0.0985,-0.1002
kp15 run1.txt,19,-15.0,-1,318.000,-0.0996,-0.1002
kp15 run1.txt,19,-15.0,-1,319.000,-0.0985,-0.1002
kp15 run1.txt,19,-15.0,-1,320.000,-0.1021,-0.1002
kp15 run1.txt,19,-15.0,-1,321.000,-0.1025,-0.1002
kp15 run1.txt,19,-15.0,-1,322.000,-0.1021,-0.1002
kp15 run1.txt,19,-15.0,-1,323.000,-0.0985,-0.1002
kp15 run1.txt,19,-15.0,-1,324.000,-0.1006,-0.1002
kp15 run1.txt,19,-15.0,-1,325.000,-0.1010,-0.1002
kp15 run1.txt,19,-15.0,-1,326.000,-0.1014,-0.1002
kp15 run1.txt,19,-15.0,-1,327.000,-0.0996,-0.1002
kp15 run1.txt,19,-15.0,-1,328.000,-0.0966,-0.1002
kp15 run1.txt,19,-15.0,-1,329.000,-0.1021,-0.1002
kp15 run1.txt,19,-15.0,-1,330.000,-0.0985,-0.1002
kp15 run1.txt,19,-15.0,-1,331.000,-0.0966,-0.1002
kp15 run1.txt,19,-15.0,-1,332.000,-0.1006,-0.1002
kp15 run1.txt,19,-15.0,-1,333.000,-0.0992,-0.1002
kp15 run1.txt,19,-15.0,-1,334.000,-0.0908,-0.1002
kp15 run1.txt,19,-15.0,-1,335.000,-0.0999,-0.1002
kp15 run1.txt,19,-15.0,-1,336.000,-0.1025,-0.1002
kp15 run1.txt,19,-15.0,-1,337.000,-0.0985,-0.1002
kp15 run1.txt,19,-15.0,-1,338.000,-0.0992,-0.1002
kp15 run1.txt,19,-15.0,-1,339.000,-0.0996,-0.1002
kp15 run1.txt,19,-15.0,-1,340.000,-0.1065,-0.1002
kp15 run1.txt,19,-15.0,-1,341.000,-0.1003,-0.1002
kp15 run1.txt,19,-15.0,-1,342.000,-0.1036,-0.1002
kp15 run1.txt,19,-15.0,-1,343.000,-0.1028,-0.1002
kp15 run1.txt,19,-15.0,-1,344.000,-0.0955,-0.1002
kp15 run1.txt,19,-15.0,-1,345.000,-0.1072,-0.1002
kp15 run1.txt,19,-15.0,-1,346.000,-0.1006,-0.1002
kp15 run1.txt,19,-15.0,-1,347.000,-0.1014,-0.1002
kp15 run1.txt,19,-15.0,-1,348.000,-0.1014,-0.1002
kp15 run1.txt,19,-15.0,-1,349.000,-0.1003,-0.1002
kp15 run1.txt,19,-15.0,-1,350.000,-0.0992,-0.1002
kp15 run1.txt,19,-15.0,-1,351.000,-0.1006,-0.1002
kp15 run1.txt,19,-15.0,-1,352.000,-0.1006,-0.1002
kp15 run1.txt,19,-15.0,-1,353.000,-0.1006,-0.1002
kp15 run1.txt,19,-15.0,-1,354.000,-0.1014,-0.1002
kp15 run1.txt,19,-15.0,-1,355.000,-0.1006,-0.1002
kp15 run1.txt,19,-15.0,-1,356.000,-0.0977,-0.1002
kp15 run1.txt,19,-15.0,-1,357.000,-0.1054,-0.1002
kp15 run1.txt,19,-15.0,-1,358.000,-0.1014,-0.1002
kp15 run1.txt,19,-15.0,-1,359.000,-0.0999,-0.1002
kp15 run1.txt,19,-15.0,-1,360.000,-0.0996,-0.1002
kp15 run1.txt,19,-15.0,-1,361.000,-0.1021,-0.1002
kp15 run1.txt,19,-15.0,-1,362.000,-0.1112,-0.1002
kp15 run1.txt,19,-15.0,-1,363.000,-0.1036,-0.1002
kp15 run1.txt,19,-15.0,-1,364.000,-0.0999,-0.1002
kp15 run1.txt,19,-15.0,-1,365.000,-0.1028,-0.1002
kp15 run1.txt,19,-15.0,-1,366.000,-0.1014,-0.1002
kp15 run1.txt,19,-15.0,-1,367.000,-0.0977,-0.1002
kp15 run1.txt,19,-15.0,-1,368.000,-0.1014,-0.1002
kp15 run1.txt,19,-15.0,-1,369.000,-0.0996,-0.1002
kp15 run1.txt,19,-15.0,-1,370.000,-0.1010,-0.1002
kp15 run1.txt,19,-15.0,-1,371.000,-0.1036,-0.1002
kp15 run1.txt,19,-15.0,-1,372.000,-0.1043,-0.1002
kp15 run1.txt,19,-15.0,-1,373.000,-0.1006,-0.1002
kp15 run1.txt,19,-15.0,-1,374.000,-0.0974,-0.1002
kp15 run1.txt,19,-15.0,-1,375.000,-0.1014,-0.1002
kp15 run1.txt,19,-15.0,-1,376.000,-0.1036,-0.1002
kp15 run1.txt,19,-15.0,-1,377.000,-0.1014,-0.1002
kp15 run1.txt,19,-15.0,-1,378.000,-0.0992,-0.1002
kp15 run1.txt,19,-15.0,-1,379.000,-0.0897,-0.1002
kp15 run1.txt,19,-15.0,-1,380.000,-0.0963,-0.1002
kp15 run1.txt,19,-15.0,-1,381.000,-0.1025,-0.1002
kp15 run1.txt,19,-15.0,-1,382.000,-0.0996,-0.1002
kp15 run1.txt,19,-15.0,-1,383.000,-0.1014,-0.1002
kp15 run1.txt,19,-15.0,-1,384.000,-0.1006,-0.1001
kp15 run1.txt,19,-15.0,-1,385.000,-0.1021,-0.1001
kp15 run1.txt,19,-15.0,-1,386.000,-0.1006,-0.1001
kp15 run1.txt,19,-15.0,-1,387.000,-0.1014,-0.1001
kp15 run1.txt,19,-15.0,-1,388.000,-0.1006,-0.1001
kp15 run1.txt,19,-15.0,-1,389.000,-0.1014,-0.1001
kp15 run1.txt,19,-15.0,-1,390.000,-0.1021,-0.1001
kp15 run1.txt,19,-15.0,-1,391.000,-0.1006,-0.1001
kp15 run1.txt,19,-15.0,-1,392.000,-0.0992,-0.1001
kp15 run1.txt,19,-15.0,-1,393.000,-0.1006,-0.1001
kp15 run1.txt,19,-15.0,-1,394.000,-0.1036,-0.1001
kp15 run1.txt,19,-15.0,-1,395.000,-0.1025,-0.1001
kp15 run1.txt,19,-15.0,-1,396.000,-0.1014,-0.1001
kp15 run1.txt,19,-15.0,-1,397.000,-0.1025,-0.1001
kp15 run1.txt,19,-15.0,-1,398.000,-0.0996,-0.1001
kp15 run1.txt,19,-15.0,-1,399.000,-0.0992,-0.1001
kp15 run1.txt,19,-15.0,-1,400.000,-0.0970,-0.1001
kp15 run1.txt,19,-15.0,-1,401.000,-0.1058,-0.1001
kp15 run1.txt,19,-15.0,-1,402.000,-0.1021,-0.1001
kp15 run1.txt,19,-15.0,-1,403.000,-0.1014,-0.1001
kp15 run1.txt,19,-15.0,-1,404.000,-0.1028,-0.1001
kp15 run1.txt,19,-15.0,-1,405.000,-0.1003,-0.1001
kp15 run1.txt,19,-15.0,-1,406.000,-0.1043,-0.1001
kp15 run1.txt,19,-15.0,-1,407.000,-0.1014,-0.1001
kp15 run1.txt,19,-15.0,-1,408.000,-0.0992,-0.1001
kp15 run1.txt,19,-15.0,-1,409.000,-0.1006,-0.1001
kp15 run1.txt,19,-15.0,-1,410.000,-0.1014,-0.1001
kp15 run1.txt,19,-15.0,-1,411.000,-0.1079,-0.1001
kp15 run1.txt,19,-15.0,-1,412.000,-0.1014,-0.1001
kp15 run1.txt,19,-15.0,-1,413.000,-0.0996,-0.1001
kp15 run1.txt,19,-15.0,-1,414.000,-0.1036,-0.1001
kp15 run1.txt,19,-15.0,-1,415.000,-0.1021,-0.1001
kp15 run1.txt,19,-15.0,-1,416.000,-0.1043,-0.1001
kp15 run1.txt,19,-15.0,-1,417.000,-0.1006,-0.1001
kp15 run1.txt,19,-15.0,-1,418.000,-0.0934,-0.1001
kp15 run1.txt,19,-15.0,-1,419.000,-0.0996,-0.1001
kp15 run1.txt,19,-15.0,-1,420.000,-0.1043,-0.1001
kp15 run1.txt,19,-15.0,-1,421.000,-0.0992,-0.1001
kp15 run1.txt,19,-15.0,-1,422.000,-0.0992,-0.1001
kp15 run1.txt,19,-15.0,-1,423.000,-0.0992,-0.1001
kp15 run1.txt,19,-15.0,-1,424.000,-0.1014,-0.1001
kp15 run1.txt,19,-15.0,-1,425.000,-0.1036,-0.1001
kp15 run1.txt,19,-15.0,-1,426.000,-0.1043,-0.1001
kp15 run1.txt,19,-15.0,-1,427.000,-0.0985,-0.1001
kp15 run1.txt,19,-15.0,-1,428.000,-0.1072,-0.1001
kp15 run1.txt,19,-15.0,-1,429.000,-0.1025,-0.1001
kp15 run1.txt,19,-15.0,-1,430.000,-0.1006,-0.1001
kp15 run1.txt,19,-15.0,-1,431.000,-0.0955,-0.1001
kp15 run1.txt,19,-15.0,-1,432.000,-0.1006,-0.1001
kp15 run1.txt,19,-15.0,-1,433.000,-0.1043,-0.1001
kp15 run1.txt,19,-15.0,-1,434.000,-0.0959,-0.1001
kp15 run1.txt,19,-15.0,-1,435.000,-0.1006,-0.1001
kp15 run1.txt,19,-15.0,-1,436.000,-0.1028,-0.1001
kp15 run1.txt,19,-15.0,-1,437.000,-0.1014,-0.1001
kp15 run1.txt,19,-15.0,-1,438.000,-0.1028,-0.1001
kp15 run1.txt,19,-15.0,-1,439.000,-0.0977,-0.1001
kp15 run1.txt,19,-15.0,-1,440.000,-0.0955,-0.1001
kp15 run1.txt,19,-15.0,-1,441.000,-0.0999,-0.1001
kp15 run1.txt,19,-15.0,-1,442.000,-0.0948,-0.1001
kp15 run1.txt,19,-15.0,-1,443.000,-0.0996,-0.1001
kp15 run1.txt,19,-15.0,-1,444.000,-0.0999,-0.1001
kp15 run1.txt,19,-15.0,-1,445.000,-0.1123,-0.1001
kp15 run1.txt,19,-15.0,-1,446.000,-0.0999,-0.1001
kp15 run1.txt,19,-15.0,-1,447.000,-0.0996,-0.1001
kp15 run1.txt,19,-15.0,-1,448.000,-0.0992,-0.1001
kp15 run1.txt,19,-15.0,-1,449.000,-0.0937,-0.1001
kp15 run1.txt,19,-15.0,-1,450.000,-0.1065,-0.1001
kp15 run1.txt,19,-15.0,-1,451.000,-0.1079,-0.1001
kp15 run1.txt,19,-15.0,-1,452.000,-0.1006,-0.1001
kp15 run1.txt,19,-15.0,-1,453.000,-0.0999,-0.1001
kp15 run1.txt,19,-15.0,-1,454.000,-0.0985,-0.1001
kp15 run1.txt,19,-15.0,-1,455.000,-0.0977,-0.1001
kp15 run1.txt,19,-15.0,-1,456.000,-0.0762,-0.1001
kp15 run1.txt,19,-15.0,-1,457.000,-0.1043,-0.1001
kp15 run1.txt,19,-15.0,-1,458.000,-0.1014,-0.1001
kp15 run1.txt,19,-15.0,-1,459.000,-0.0999,-0.1001
kp15 run1.txt,19,-15.0,-1,460.000,-0.0999,-0.1001
kp15 run1.txt,19,-15.0,-1,461.000,-0.1006,-0.1001
kp15 run1.txt,19,-15.0,-1,462.000,-0.1006,-0.1001
kp15 run1.txt,19,-15.0,-1,463.000,-0.1021,-0.1001
kp15 run1.txt,19,-15.0,-1,464.000,-0.0722,-0.1001
kp15 run1.txt,19,-15.0,-1,465.000,-0.0985,-0.1001
kp15 run1.txt,19,-15.0,-1,466.000,-0.1006,-0.1001
kp15 run1.txt,19,-15.0,-1,467.000,-0.0992,-0.1001
kp15 run1.txt,19,-15.0,-1,468.000,-0.0996,-0.1001
kp15 run1.txt,19,-15.0,-1,469.000,-0.0955,-0.1001
kp15 run1.txt,19,-15.0,-1,470.000,-0.0992,-0.1001
kp15 run1.txt,19,-15.0,-1,471.000,-0.0970,-0.1001
kp15 run1.txt,19,-15.0,-1,472.000,-0.1021,-0.1001
kp15 run1.txt,19,-15.0,-1,473.000,-0.1010,-0.1001
kp15 run1.txt,19,-15.0,-1,474.000,-0.0999,-0.1001
kp15 run1.txt,19,-15.0,-1,475.000,-0.1014,-0.1001
kp15 run1.txt,19,-15.0,-1,476.000,-0.0996,-0.1001
kp15 run1.txt,19,-15.0,-1,477.000,-0.1006,-0.1001
kp15 run1.txt,19,-15.0,-1,478.000,-0.0941,-0.1001
kp15 run1.txt,19,-15.0,-1,479.000,-0.1003,-0.1001
kp15 run1.txt,19,-15.0,-1,480.000,-0.1028,-0.1001
kp15 run1.txt,19,-15.0,-1,481.000,-0.1047,-0.1001
kp15 run1.txt,19,-15.0,-1,482.000,-0.1014,-0.1001
kp15 run1.txt,19,-15.0,-1,483.000,-0.0948,-0.1001
kp15 run1.txt,19,-15.0,-1,484.000,-0.0992,-0.1001
kp15 run1.txt,19,-15.0,-1,485.000,-0.0985,-0.1001
kp15 run1.txt,19,-15.0,-1,486.000,-0.0985,-0.1001
kp15 run1.txt,19,-15.0,-1,487.000,-0.1014,-0.1001
kp15 run1.txt,19,-15.0,-1,488.000,-0.1036,-0.1001
kp15 run1.txt,19,-15.0,-1,489.000,-0.0926,-0.1001
kp15 run1.txt,19,-15.0,-1,490.000,-0.0963,-0.1001
kp15 run1.txt,19,-15.0,-1,491.000,-0.0970,-0.1001
kp15 run1.txt,19,-15.0,-1,492.000,-0.1028,-0.1001
kp15 run1.txt,19,-15.0,-1,493.000,-0.0999,-0.1001
kp15 run1.txt,19,-15.0,-1,494.000,-0.0992,-0.1001
kp15 run1.txt,19,-15.0,-1,495.000,-0.1050,-0.1001
kp15 run1.txt,19,-15.0,-1,496.000,-0.1123,-0.1001
kp15 run1.txt,19,-15.0,-1,497.000,-0.0985,-0.1001
kp15 run1.txt,19,-15.0,-1,498.000,-0.1014,-0.1001
kp15 run1.txt,19,-15.0,-1,499.000,-0.1006,-0.1001
kp15 run1.txt,19,-15.0,-1,500.000,-0.0992,-0.1001
kp15 run1.txt,19,-15.0,-1,501.000,-0.1021,-0.1001
kp15 run1.txt,19,-15.0,-1,502.000,-0.0999,-0.1001
kp15 run1.txt,19,-15.0,-1,503.000,-0.0977,-0.1001
kp15 run1.txt,19,-15.0,-1,504.000,-0.1006,-0.1001
kp15 run1.txt,19,-15.0,-1,505.000,-0.1050,-0.1001
kp15 run1.txt,19,-15.0,-1,506.000,-0.1014,-0.1001
kp15 run1.txt,19,-15.0,-1,507.000,-0.1014,-0.1001
kp15 run1.txt,19,-15.0,-1,508.000,-0.0966,-0.1001
kp15 run1.txt,19,-15.0,-1,509.000,-0.1014,-0.1001
kp15 run1.txt,19,-15.0,-1,510.000,-0.0948,-0.1001
kp15 run1.txt,19,-15.0,-1,511.000,-0.0996,-0.1001
kp15 run1.txt,19,-15.0,-1,512.000,-0.1021,-0.1001
kp15 run1.txt,19,-15.0,-1,513.000,-0.1043,-0.1001
kp15 run1.txt,19,-15.0,-1,514.000,-0.0970,-0.1001
kp15 run1.txt,19,-15.0,-1,515.000,-0.1014,-0.1001
kp15 run1.txt,19,-15.0,-1,516.000,-0.0992,-0.1001
kp15 run1.txt,19,-15.0,-1,517.000,-0.0977,-0.1001
kp15 run1.txt,19,-15.0,-1,518.000,-0.1006,-0.1001
kp15 run1.txt,19,-15.0,-1,519.000,-0.1014,-0.1001
kp15 run1.txt,19,-15.0,-1,520.000,-0.1032,-0.1001
kp15 run1.txt,19,-15.0,-1,521.000,-0.1123,-0.1001
kp15 run1.txt,19,-15.0,-1,522.000,-0.0999,-0.1001
kp15 run1.txt,19,-15.0,-1,523.000,-0.1028,-0.1001
kp15 run1.txt,19,-15.0,-1,524.000,-0.1021,-0.1001
kp15 run1.txt,19,-15.0,-1,525.000,-0.1039,-0.1001
kp15 run1.txt,19,-15.0,-1,526.000,-0.0868,-0.1001
kp15 run1.txt,19,-15.0,-1,527.000,-0.0996,-0.1001
kp15 run1.txt,19,-15.0,-1,528.000,-0.1006,-0.1001
kp15 run1.txt,19,-15.0,-1,529.000,-0.0963,-0.1001
kp15 run1.txt,19,-15.0,-1,530.000,-0.0974,-0.1001
kp15 run1.txt,19,-15.0,-1,531.000,-0.0996,-0.1001
kp15 run1.txt,19,-15.0,-1,532.000,-0.1014,-0.1001
kp15 run1.txt,19,-15.0,-1,533.000,-0.1006,-0.1001
kp15 run1.txt,19,-15.0,-1,534.000,-0.0977,-0.1001
kp15 run1.txt,19,-15.0,-1,535.000,-0.0999,-0.1001
kp15 run1.txt,19,-15.0,-1,536.000,-0.0999,-0.1001
kp15 run1.txt,19,-15.0,-1,537.000,-0.0999,-0.1001
kp15 run1.txt,19,-15.0,-1,538.000,-0.0985,-0.1001
kp15 run1.txt,19,-15.0,-1,539.000,-0.1006,-0.1001
kp15 run1.txt,19,-15.0,-1,540.000,-0.0985,-0.1001
kp15 run1.txt,19,-15.0,-1,541.000,-0.1043,-0.1001
kp15 run1.txt,19,-15.0,-1,542.000,-0.1006,-0.1001
kp15 run1.txt,19,-15.0,-1,543.000,-0.0992,-0.1001
kp15 run1.txt,19,-15.0,-1,544.000,-0.0963,-0.1001
kp15 run1.txt,19,-15.0,-1,545.000,-0.1021,-0.1001
kp15 run1.txt,19,-15.0,-1,546.000,-0.0988,-0.1001
kp15 run1.txt,19,-15.0,-1,547.000,-0.1036,-0.1001
kp15 run1.txt,19,-15.0,-1,548.000,-0.1014,-0.1001
kp15 run1.txt,19,-15.0,-1,549.000,-0.0985,-0.1001
kp15 run1.txt,19,-15.0,-1,550.000,-0.1028,-0.1001
kp15 run1.txt,19,-15.0,-1,551.000,-0.1021,-0.1001
kp15 run1.txt,19,-15.0,-1,552.000,-0.0992,-0.1001
kp15 run1.txt,19,-15.0,-1,553.000,-0.0963,-0.1001
kp15 run1.txt,19,-15.0,-1,554.000,-0.0999,-0.1001
kp15 run1.txt,19,-15.0,-1,555.000,-0.1043,-0.1001
kp15 run1.txt,19,-15.0,-1,556.000,-0.0992,-0.1001
kp15 run1.txt,19,-15.0,-1,557.000,-0.1003,-0.1001
kp15 run1.txt,19,-15.0,-1,558.000,-0.0992,-0.1001
kp15 run1.txt,19,-15.0,-1,559.000,-0.0966,-0.1001
kp15 run1.txt,19,-15.0,-1,560.000,-0.1006,-0.1001
kp15 run1.txt,19,-15.0,-1,561.000,-0.0992,-0.1001
kp15 run1.txt,19,-15.0,-1,562.000,-0.0992,-0.1001
kp15 run1.txt,19,-15.0,-1,563.000,-0.0992,-0.1001
kp15 run1.txt,19,-15.0,-1,564.000,-0.0992,-0.1001
kp15 run1.txt,19,-15.0,-1,565.000,-0.1014,-0.1001
kp15 run1.txt,19,-15.0,-1,566.000,-0.0966,-0.1001
kp15 run1.txt,19,-15.0,-1,567.000,-0.1014,-0.1001
kp15 run1.txt,19,-15.0,-1,568.000,-0.0992,-0.1001
kp15 run1.txt,19,-15.0,-1,569.000,-0.1006,-0.1001
kp15 run1.txt,19,-15.0,-1,570.000,-0.1006,-0.1001
kp15 run1.txt,19,-15.0,-1,571.000,-0.0999,-0.1001
kp15 run1.txt,19,-15.0,-1,572.000,-0.0937,-0.1001
kp15 run1.txt,19,-15.0,-1,573.000,-0.0992,-0.1001
kp15 run1.txt,19,-15.0,-1,574.000,-0.1006,-0.1001
kp15 run1.txt,19,-15.0,-1,575.000,-0.0955,-0.1001
kp15 run1.txt,19,-15.0,-1,576.000,-0.1036,-0.1001
kp15 run1.txt,19,-15.0,-1,577.000,-0.1014,-0.1001
kp15 run1.txt,19,-15.0,-1,578.000,-0.0985,-0.1001
kp15 run1.txt,19,-15.0,-1,579.000,-0.1043,-0.1001
kp15 run1.txt,19,-15.0,-1,580.000,-0.1006,-0.1001
kp15 run1.txt,19,-15.0,-1,581.000,-0.1006,-0.1001
kp15 run1.txt,19,-15.0,-1,582.000,-0.1006,-0.1001
kp15 run1.txt,19,-15.0,-1,583.000,-0.1003,-0.1001
kp15 run1.txt,19,-15.0,-1,584.000,-0.0992,-0.1001
kp15 run1.txt,19,-15.0,-1,585.000,-0.0992,-0.1001
kp15 run1.txt,19,-15.0,-1,586.000,-0.1014,-0.1001
kp15 run1.txt,19,-15.0,-1,587.000,-0.1021,-0.1001
kp15 run1.txt,19,-15.0,-1,588.000,-0.0955,-0.1001
kp15 run1.txt,19,-15.0,-1,589.000,-0.1006,-0.1001
kp15 run1.txt,19,-15.0,-1,590.000,-0.0977,-0.1001
kp15 run1.txt,19,-15.0,-1,591.000,-0.0992,-0.1001
kp15 run1.txt,19,-15.0,-1,592.000,-0.1043,-0.1001
kp15 run1.txt,19,-15.0,-1,593.000,-0.0977,-0.1001
kp15 run1.txt,19,-15.0,-1,594.000,-0.1072,-0.1001
kp15 run1.txt,19,-15.0,-1,595.000,-0.1006,-0.1001
kp15 run1.txt,19,-15.0,-1,596.000,-0.1006,-0.1001
kp15 run1.txt,19,-15.0,-1,597.000,-0.0981,-0.1001
kp15 run1.txt,19,-15.0,-1,598.000,-0.0996,-0.1001
kp15 run1.txt,19,-15.0,-1,599.000,-0.0948,-0.1001
kp15 run1.txt,20,-15.0,1,0.000,-0.1006,-0.0958
kp15 run1.txt,20,-15.0,1,1.000,-0.0919,-0.0958
kp15 run1.txt,20,-15.0,1,2.000,-0.0948,-0.0957
kp15 run1.txt,20,-15.0,1,3.000,-0.0985,-0.0955
kp15 run1.txt,20,-15.0,1,4.000,-0.0959,-0.0950
kp15 run1.txt,20,-15.0,1,5.000,-0.0926,-0.0943
kp15 run1.txt,20,-15.0,1,6.000,-0.0926,-0.0934
kp15 run1.txt,20,-15.0,1,7.000,-0.0992,-0.0923
kp15 run1.txt,20,-15.0,1,8.000,-0.0901,-0.0910
kp15 run1.txt,20,-15.0,1,9.000,-0.0890,-0.0895
kp15 run1.txt,20,-15.0,1,10.000,-0.0919,-0.0878
kp15 run1.txt,20,-15.0,1,11.000,-0.0839,-0.0860
kp15 run1.txt,20,-15.0,1,12.000,-0.0846,-0.0840
kp15 run1.txt,20,-15.0,1,13.000,-0.0846,-0.0818
kp15 run1.txt,20,-15.0,1,14.000,-0.0821,-0.0795
kp15 run1.txt,20,-15.0,1,15.000,-0.0795,-0.0771
kp15 run1.txt,20,-15.0,1,16.000,-0.0788,-0.0746
kp15 run1.txt,20,-15.0,1,17.000,-0.0657,-0.0720
kp15 run1.txt,20,-15.0,1,18.000,-0.0766,-0.0692
kp15 run1.txt,20,-15.0,1,19.000,-0.0693,-0.0664
kp15 run1.txt,20,-15.0,1,20.000,-0.0635,-0.0635
kp15 run1.txt,20,-15.0,1,21.000,-0.0576,-0.0605
kp15 run1.txt,20,-15.0,1,22.000,-0.0613,-0.0575
kp15 run1.txt,20,-15.0,1,23.000,-0.0584,-0.0543
kp15 run1.txt,20,-15.0,1,24.000,-0.0558,-0.0511
kp15 run1.txt,20,-15.0,1,25.000,-0.0576,-0.0479
kp15 run1.txt,20,-15.0,1,26.000,-0.0544,-0.0446
kp15 run1.txt,20,-15.0,1,27.000,-0.0401,-0.0413
kp15 run1.txt,20,-15.0,1,28.000,-0.0452,-0.0380
kp15 run1.txt,20,-15.0,1,29.000,-0.0358,-0.0346
kp15 run1.txt,20,-15.0,1,30.000,-0.0372,-0.0312
kp15 run1.txt,20,-15.0,1,31.000,-0.0328,-0.0278
kp15 run1.txt,20,-15.0,1,32.000,-0.0299,-0.0244
kp15 run1.txt,20,-15.0,1,33.000,-0.0266,-0.0210
kp15 run1.txt,20,-15.0,1,34.000,-0.0248,-0.0176
kp15 run1.txt,20,-15.0,1,35.000,-0.0190,-0.0142
kp15 run1.txt,20,-15.0,1,36.000,-0.0183,-0.0108
kp15 run1.txt,20,-15.0,1,37.000,-0.0139,-0.0074
kp15 run1.txt,20,-15.0,1,38.000,-0.0161,-0.0040
kp15 run1.txt,20,-15.0,1,39.000,-0.0084,-0.0006
kp15 run1.txt,20,-15.0,1,40.000,-0.0022,0.0027
kp15 run1.txt,20,-15.0,1,41.000,-0.0022,0.0060
kp15 run1.txt,20,-15.0,1,42.000,0.0014,0.0093
kp15 run1.txt,20,-15.0,1,43.000,0.0102,0.0126
kp15 run1.txt,20,-15.0,1,44.000,0.0105,0.0158
kp15 run1.txt,20,-15.0,1,45.000,0.0036,0.0189
kp15 run1.txt,20,-15.0,1,46.000,0.0153,0.0221
kp15 run1.txt,20,-15.0,1,47.000,0.0196,0.0252
kp15 run1.txt,20,-15.0,1,48.000,0.0218,0.0282
kp15 run1.txt,20,-15.0,1,49.000,0.0240,0.0312
kp15 run1.txt,20,-15.0,1,50.000,0.0262,0.0342
kp15 run1.txt,20,-15.0,1,51.000,0.0299,0.0371
kp15 run1.txt,20,-15.0,1,52.000,0.0328,0.0400
kp15 run1.txt,20,-15.0,1,53.000,0.0357,0.0428
kp15 run1.txt,20,-15.0,1,54.000,0.0350,0.0455
kp15 run1.txt,20,-15.0,1,55.000,0.0393,0.0482
kp15 run1.txt,20,-15.0,1,56.000,0.0433,0.0509
kp15 run1.txt,20,-15.0,1,57.000,0.0459,0.0535
kp15 run1.txt,20,-15.0,1,58.000,0.0488,0.0560
kp15 run1.txt,20,-15.0,1,59.000,0.0521,0.0585
kp15 run1.txt,20,-15.0,1,60.000,0.0525,0.0609
kp15 run1.txt,20,-15.0,1,61.000,0.0554,0.0632
kp15 run1.txt,20,-15.0,1,62.000,0.0579,0.0655
kp15 run1.txt,20,-15.0,1,63.000,0.0586,0.0678
kp15 run1.txt,20,-15.0,1,64.000,0.0627,0.0699
kp15 run1.txt,20,-15.0,1,65.000,0.0656,0.0721
kp15 run1.txt,20,-15.0,1,66.000,0.0561,0.0741
kp15 run1.txt,20,-15.0,1,67.000,0.0707,0.0761
kp15 run1.txt,20,-15.0,1,68.000,0.0725,0.0781
kp15 run1.txt,20,-15.0,1,69.000,0.0751,0.0799
kp15 run1.txt,20,-15.0,1,70.000,0.0776,0.0818
kp15 run1.txt,20,-15.0,1,71.000,0.0758,0.0835
kp15 run1.txt,20,-15.0,1,72.000,0.0911,0.0852
kp15 run1.txt,20,-15.0,1,73.000,0.0816,0.0869
kp15 run1.txt,20,-15.0,1,74.000,0.0853,0.0885
kp15 run1.txt,20,-15.0,1,75.000,0.0860,0.0900
kp15 run1.txt,20,-15.0,1,76.000,0.0900,0.0915
kp15 run1.txt,20,-15.0,1,77.000,0.0998,0.0929
kp15 run1.txt,20,-15.0,1,78.000,0.0904,0.0943
kp15 run1.txt,20,-15.0,1,79.000,0.0958,0.0956
kp15 run1.txt,20,-15.0,1,80.000,0.0940,0.0968
kp15 run1.txt,20,-15.0,1,81.000,0.1104,0.0981
kp15 run1.txt,20,-15.0,1,82.000,0.0962,0.0992
kp15 run1.txt,20,-15.0,1,83.000,0.0991,0.1003
kp15 run1.txt,20,-15.0,1,84.000,0.1006,0.1014
kp15 run1.txt,20,-15.0,1,85.000,0.1013,0.1024
kp15 run1.txt,20,-15.0,1,86.000,0.1020,0.1033
kp15 run1.txt,20,-15.0,1,87.000,0.1049,0.1043
kp15 run1.txt,20,-15.0,1,88.000,0.1064,0.1051
kp15 run1.txt,20,-15.0,1,89.000,0.1049,0.1059
kp15 run1.txt,20,-15.0,1,90.000,0.1057,0.1067
kp15 run1.txt,20,-15.0,1,91.000,0.1068,0.1074
kp15 run1.txt,20,-15.0,1,92.000,0.1108,0.1081
kp15 run1.txt,20,-15.0,1,93.000,0.1082,0.1088
kp15 run1.txt,20,-15.0,1,94.000,0.1064,0.1094
kp15 run1.txt,20,-15.0,1,95.000,0.1119,0.1100
kp15 run1.txt,20,-15.0,1,96.000,0.0911,0.1105
kp15 run1.txt,20,-15.0,1,97.000,0.1079,0.1110
kp15 run1.txt,20,-15.0,1,98.000,0.1093,0.1115
kp15 run1.txt,20,-15.0,1,99.000,0.1100,0.1119
kp15 run1.txt,20,-15.0,1,100.000,0.1093,0.1123
kp15 run1.txt,20,-15.0,1,101.000,0.1093,0.1126
kp15 run1.txt,20,-15.0,1,102.000,0.1115,0.1130
kp15 run1.txt,20,-15.0,1,103.000,0.1133,0.1133
kp15 run1.txt,20,-15.0,1,104.000,0.1173,0.1135
kp15 run1.txt,20,-15.0,1,105.000,0.1108,0.1138
kp15 run1.txt,20,-15.0,1,106.000,0.1093,0.1140
kp15 run1.txt,20,-15.0,1,107.000,0.1115,0.1142
kp15 run1.txt,20,-15.0,1,108.000,0.1042,0.1143
kp15 run1.txt,20,-15.0,1,109.000,0.1086,0.1144
kp15 run1.txt,20,-15.0,1,110.000,0.1137,0.1146
kp15 run1.txt,20,-15.0,1,111.000,0.1093,0.1146
kp15 run1.txt,20,-15.0,1,112.000,0.1064,0.1147
kp15 run1.txt,20,-15.0,1,113.000,0.1100,0.1147
kp15 run1.txt,20,-15.0,1,114.000,0.1115,0.1148
kp15 run1.txt,20,-15.0,1,115.000,0.1111,0.1148
kp15 run1.txt,20,-15.0,1,116.000,0.1115,0.1148
kp15 run1.txt,20,-15.0,1,117.000,0.1093,0.1147
kp15 run1.txt,20,-15.0,1,118.000,0.1133,0.1147
kp15 run1.txt,20,-15.0,1,119.000,0.1115,0.1146
kp15 run1.txt,20,-15.0,1,120.000,0.1115,0.1145
kp15 run1.txt,20,-15.0,1,121.000,0.1090,0.1144
kp15 run1.txt,20,-15.0,1,122.000,0.1115,0.1143
kp15 run1.txt,20,-15.0,1,123.000,0.1053,0.1142
kp15 run1.txt,20,-15.0,1,124.000,0.1115,0.1141
kp15 run1.txt,20,-15.0,1,125.000,0.1108,0.1139
kp15 run1.txt,20,-15.0,1,126.000,0.1126,0.1138
kp15 run1.txt,20,-15.0,1,127.000,0.1093,0.1136
kp15 run1.txt,20,-15.0,1,128.000,0.1082,0.1134
kp15 run1.txt,20,-15.0,1,129.000,0.1100,0.1132
kp15 run1.txt,20,-15.0,1,130.000,0.1086,0.1130
kp15 run1.txt,20,-15.0,1,131.000,0.1115,0.1128
kp15 run1.txt,20,-15.0,1,132.000,0.1064,0.1126
kp15 run1.txt,20,-15.0,1,133.000,0.1137,0.1124
kp15 run1.txt,20,-15.0,1,134.000,0.1126,0.1122
kp15 run1.txt,20,-15.0,1,135.000,0.1060,0.1120
kp15 run1.txt,20,-15.0,1,136.000,0.1035,0.1118
kp15 run1.txt,20,-15.0,1,137.000,0.1093,0.1115
kp15 run1.txt,20,-15.0,1,138.000,0.1064,0.1113
kp15 run1.txt,20,-15.0,1,139.000,0.1093,0.1111
kp15 run1.txt,20,-15.0,1,140.000,0.1057,0.1108
kp15 run1.txt,20,-15.0,1,141.000,0.1046,0.1106
kp15 run1.txt,20,-15.0,1,142.000,0.1075,0.1103
kp15 run1.txt,20,-15.0,1,143.000,0.1049,0.1101
kp15 run1.txt,20,-15.0,1,144.000,0.1035,0.1098
kp15 run1.txt,20,-15.0,1,145.000,0.1079,0.1096
kp15 run1.txt,20,-15.0,1,146.000,0.1028,0.1093
kp15 run1.txt,20,-15.0,1,147.000,0.1020,0.1091
kp15 run1.txt,20,-15.0,1,148.000,0.1035,0.1088
kp15 run1.txt,20,-15.0,1,149.000,0.1035,0.1086
kp15 run1.txt,20,-15.0,1,150.000,0.1020,0.1083
kp15 run1.txt,20,-15.0,1,151.000,0.1006,0.1081
kp15 run1.txt,20,-15.0,1,152.000,0.0991,0.1078
kp15 run1.txt,20,-15.0,1,153.000,0.1013,0.1076
kp15 run1.txt,20,-15.0,1,154.000,0.1057,0.1074
kp15 run1.txt,20,-15.0,1,155.000,0.1020,0.1071
kp15 run1.txt,20,-15.0,1,156.000,0.0991,0.1069
kp15 run1.txt,20,-15.0,1,157.000,0.1028,0.1066
kp15 run1.txt,20,-15.0,1,158.000,0.1013,0.1064
kp15 run1.txt,20,-15.0,1,159.000,0.1028,0.1062
kp15 run1.txt,20,-15.0,1,160.000,0.0977,0.1060
kp15 run1.txt,20,-15.0,1,161.000,0.0984,0.1057
kp15 run1.txt,20,-15.0,1,162.000,0.0955,0.1055
kp15 run1.txt,20,-15.0,1,163.000,0.0951,0.1053
kp15 run1.txt,20,-15.0,1,164.000,0.1028,0.1051
kp15 run1.txt,20,-15.0,1,165.000,0.0962,0.1049
kp15 run1.txt,20,-15.0,1,166.000,0.0984,0.1047
kp15 run1.txt,20,-15.0,1,167.000,0.0962,0.1045
kp15 run1.txt,20,-15.0,1,168.000,0.0962,0.1043
kp15 run1.txt,20,-15.0,1,169.000,0.0966,0.1041
kp15 run1.txt,20,-15.0,1,170.000,0.1013,0.1039
kp15 run1.txt,20,-15.0,1,171.000,0.0969,0.1037
kp15 run1.txt,20,-15.0,1,172.000,0.0958,0.1035
kp15 run1.txt,20,-15.0,1,173.000,0.0977,0.1033
kp15 run1.txt,20,-15.0,1,174.000,0.0984,0.1032
kp15 run1.txt,20,-15.0,1,175.000,0.0958,0.1030
kp15 run1.txt,20,-15.0,1,176.000,0.0984,0.1028
kp15 run1.txt,20,-15.0,1,177.000,0.0940,0.1027
kp15 run1.txt,20,-15.0,1,178.000,0.0962,0.1025
kp15 run1.txt,20,-15.0,1,179.000,0.0962,0.1024
kp15 run1.txt,20,-15.0,1,180.000,0.0966,0.1022
kp15 run1.txt,20,-15.0,1,181.000,0.0977,0.1021
kp15 run1.txt,20,-15.0,1,182.000,0.1009,0.1019
kp15 run1.txt,20,-15.0,1,183.000,0.0969,0.1018
kp15 run1.txt,20,-15.0,1,184.000,0.0936,0.1017
kp15 run1.txt,20,-15.0,1,185.000,0.0977,0.1016
kp15 run1.txt,20,-15.0,1,186.000,0.0977,0.1014
kp15 run1.txt,20,-15.0,1,187.000,0.0933,0.1013
kp15 run1.txt,20,-15.0,1,188.000,0.0991,0.1012
kp15 run1.txt,20,-15.0,1,189.000,0.0984,0.1011
kp15 run1.txt,20,-15.0,1,190.000,0.1028,0.1010
kp15 run1.txt,20,-15.0,1,191.000,0.1093,0.1009
kp15 run1.txt,20,-15.0,1,192.000,0.0998,0.1008
kp15 run1.txt,20,-15.0,1,193.000,0.0984,0.1007
kp15 run1.txt,20,-15.0,1,194.000,0.1093,0.1006
kp15 run1.txt,20,-15.0,1,195.000,0.0977,0.1005
kp15 run1.txt,20,-15.0,1,196.000,0.0991,0.1005
kp15 run1.txt,20,-15.0,1,197.000,0.0991,0.1004
kp15 run1.txt,20,-15.0,1,198.000,0.0984,0.1003
kp15 run1.txt,20,-15.0,1,199.000,0.0984,0.1002
kp15 run1.txt,20,-15.0,1,200.000,0.0962,0.1002
kp15 run1.txt,20,-15.0,1,201.000,0.0987,0.1001
kp15 run1.txt,20,-15.0,1,202.000,0.0987,0.1000
kp15 run1.txt,20,-15.0,1,203.000,0.1035,0.1000
kp15 run1.txt,20,-15.0,1,204.000,0.0969,0.0999
kp15 run1.txt,20,-15.0,1,205.000,0.0940,0.0999
kp15 run1.txt,20,-15.0,1,206.000,0.0984,0.0998
kp15 run1.txt,20,-15.0,1,207.000,0.0900,0.0998
kp15 run1.txt,20,-15.0,1,208.000,0.0969,0.0997
kp15 run1.txt,20,-15.0,1,209.000,0.0980,0.0997
kp15 run1.txt,20,-15.0,1,210.000,0.0958,0.0997
kp15 run1.txt,20,-15.0,1,211.000,0.0991,0.0996
kp15 run1.txt,20,-15.0,1,212.000,0.0918,0.0996
kp15 run1.txt,20,-15.0,1,213.000,0.0980,0.0996
kp15 run1.txt,20,-15.0,1,214.000,0.0991,0.0996
kp15 run1.txt,20,-15.0,1,215.000,0.0911,0.0995
kp15 run1.txt,20,-15.0,1,216.000,0.1028,0.0995
kp15 run1.txt,20,-15.0,1,217.000,0.0998,0.0995
kp15 run1.txt,20,-15.0,1,218.000,0.0998,0.0995
kp15 run1.txt,20,-15.0,1,219.000,0.0871,0.0995
kp15 run1.txt,20,-15.0,1,220.000,0.0991,0.0994
kp15 run1.txt,20,-15.0,1,221.000,0.0984,0.0994
kp15 run1.txt,20,-15.0,1,222.000,0.0969,0.0994
kp15 run1.txt,20,-15.0,1,223.000,0.0998,0.0994
kp15 run1.txt,20,-15.0,1,224.000,0.1006,0.0994
kp15 run1.txt,20,-15.0,1,225.000,0.0969,0.0994
kp15 run1.txt,20,-15.0,1,226.000,0.1020,0.0994
kp15 run1.txt,20,-15.0,1,227.000,0.0911,0.0994
kp15 run1.txt,20,-15.0,1,228.000,0.1009,0.0994
kp15 run1.txt,20,-15.0,1,229.000,0.0998,0.0994
kp15 run1.txt,20,-15.0,1,230.000,0.0980,0.0994
kp15 run1.txt,20,-15.0,1,231.000,0.0991,0.0994
kp15 run1.txt,20,-15.0,1,232.000,0.1006,0.0994
kp15 run1.txt,20,-15.0,1,233.000,0.1028,0.0994
kp15 run1.txt,20,-15.0,1,234.000,0.1009,0.0994
kp15 run1.txt,20,-15.0,1,235.000,0.1020,0.0994
kp15 run1.txt,20,-15.0,1,236.000,0.0977,0.0994
kp15 run1.txt,20,-15.0,1,237.000,0.1006,0.0994
kp15 run1.txt,20,-15.0,1,238.000,0.1057,0.0995
kp15 run1.txt,20,-15.0,1,239.000,0.1115,0.0995
kp15 run1.txt,20,-15.0,1,240.000,0.1049,0.0995
kp15 run1.txt,20,-15.0,1,241.000,0.1020,0.0995
kp15 run1.txt,20,-15.0,1,242.000,0.1006,0.0995
kp15 run1.txt,20,-15.0,1,243.000,0.1100,0.0995
kp15 run1.txt,20,-15.0,1,244.000,0.0995,0.0995
kp15 run1.txt,20,-15.0,1,245.000,0.1017,0.0995
kp15 run1.txt,20,-15.0,1,246.000,0.0947,0.0996
kp15 run1.txt,20,-15.0,1,247.000,0.0998,0.0996
kp15 run1.txt,20,-15.0,1,248.000,0.1013,0.0996
kp15 run1.txt,20,-15.0,1,249.000,0.1046,0.0996
kp15 run1.txt,20,-15.0,1,250.000,0.0973,0.0996
kp15 run1.txt,20,-15.0,1,251.000,0.1017,0.0996
kp15 run1.txt,20,-15.0,1,252.000,0.1017,0.0997
kp15 run1.txt,20,-15.0,1,253.000,0.1108,0.0997
kp15 run1.txt,20,-15.0,1,254.000,0.1017,0.0997
kp15 run1.txt,20,-15.0,1,255.000,0.1049,0.0997
kp15 run1.txt,20,-15.0,1,256.000,0.0998,0.0997
kp15 run1.txt,20,-15.0,1,257.000,0.1017,0.0998
kp15 run1.txt,20,-15.0,1,258.000,0.1006,0.0998
kp15 run1.txt,20,-15.0,1,259.000,0.1009,0.0998
kp15 run1.txt,20,-15.0,1,260.000,0.1017,0.0998
kp15 run1.txt,20,-15.0,1,261.000,0.0998,0.0998
kp15 run1.txt,20,-15.0,1,262.000,0.0998,0.0998
kp15 run1.txt,20,-15.0,1,263.000,0.1057,0.0999
kp15 run1.txt,20,-15.0,1,264.000,0.1086,0.0999
kp15 run1.txt,20,-15.0,1,265.000,0.1017,0.0999
kp15 run1.txt,20,-15.0,1,266.000,0.0969,0.0999
kp15 run1.txt,20,-15.0,1,267.000,0.1020,0.0999
kp15 run1.txt,20,-15.0,1,268.000,0.1035,0.1000
kp15 run1.txt,20,-15.0,1,269.000,0.1035,0.1000
kp15 run1.txt,20,-15.0,1,270.000,0.1020,0.1000
kp15 run1.txt,20,-15.0,1,271.000,0.0995,0.1000
kp15 run1.txt,20,-15.0,1,272.000,0.0991,0.1000
kp15 run1.txt,20,-15.0,1,273.000,0.0991,0.1000
kp15 run1.txt,20,-15.0,1,274.000,0.1028,0.1001
kp15 run1.txt,20,-15.0,1,275.000,0.1046,0.1001
kp15 run1.txt,20,-15.0,1,276.000,0.1006,0.1001
kp15 run1.txt,20,-15.0,1,277.000,0.0969,0.1001
kp15 run1.txt,20,-15.0,1,278.000,0.1031,0.1001
kp15 run1.txt,20,-15.0,1,279.000,0.0998,0.1001
kp15 run1.txt,20,-15.0,1,280.000,0.1086,0.1001
kp15 run1.txt,20,-15.0,1,281.000,0.1013,0.1002
kp15 run1.txt,20,-15.0,1,282.000,0.1024,0.1002
kp15 run1.txt,20,-15.0,1,283.000,0.1020,0.1002
kp15 run1.txt,20,-15.0,1,284.000,0.1038,0.1002
kp15 run1.txt,20,-15.0,1,285.000,0.1035,0.1002
kp15 run1.txt,20,-15.0,1,286.000,0.1013,0.1002
kp15 run1.txt,20,-15.0,1,287.000,0.0998,0.1002
kp15 run1.txt,20,-15.0,1,288.000,0.1013,0.1003
kp15 run1.txt,20,-15.0,1,289.000,0.1028,0.1003
kp15 run1.txt,20,-15.0,1,290.000,0.0980,0.1003
kp15 run1.txt,20,-15.0,1,291.000,0.0977,0.1003
kp15 run1.txt,20,-15.0,1,292.000,0.1006,0.1003
kp15 run1.txt,20,-15.0,1,293.000,0.0918,0.1003
kp15 run1.txt,20,-15.0,1,294.000,0.1024,0.1003
kp15 run1.txt,20,-15.0,1,295.000,0.1013,0.1003
kp15 run1.txt,20,-15.0,1,296.000,0.1020,0.1003
kp15 run1.txt,20,-15.0,1,297.000,0.1057,0.1003
kp15 run1.txt,20,-15.0,1,298.000,0.1046,0.1004
kp15 run1.txt,20,-15.0,1,299.000,0.0998,0.1004
kp15 run1.txt,20,-15.0,1,300.000,0.0947,0.1004
kp15 run1.txt,20,-15.0,1,301.000,0.1013,0.1004
kp15 run1.txt,20,-15.0,1,302.000,0.1020,0.1004
kp15 run1.txt,20,-15.0,1,303.000,0.1028,0.1004
kp15 run1.txt,20,-15.0,1,304.000,0.1020,0.1004
kp15 run1.txt,20,-15.0,1,305.000,0.1057,0.1004
kp15 run1.txt,20,-15.0,1,306.000,0.0977,0.1004
kp15 run1.txt,20,-15.0,1,307.000,0.1020,0.1004
kp15 run1.txt,20,-15.0,1,308.000,0.1261,0.1004
kp15 run1.txt,20,-15.0,1,309.000,0.1013,0.1004
kp15 run1.txt,20,-15.0,1,310.000,0.1057,0.1004
kp15 run1.txt,20,-15.0,1,311.000,0.1031,0.1004
kp15 run1.txt,20,-15.0,1,312.000,0.0998,0.1005
kp15 run1.txt,20,-15.0,1,313.000,0.0991,0.1005
kp15 run1.txt,20,-15.0,1,314.000,0.1006,0.1005
kp15 run1.txt,20,-15.0,1,315.000,0.1020,0.1005
kp15 run1.txt,20,-15.0,1,316.000,0.1035,0.1005
kp15 run1.txt,20,-15.0,1,317.000,0.1217,0.1005
kp15 run1.txt,20,-15.0,1,318.000,0.0955,0.1005
kp15 run1.txt,20,-15.0,1,319.000,0.1009,0.1005
kp15 run1.txt,20,-15.0,1,320.000,0.0998,0.1005
kp15 run1.txt,20,-15.0,1,321.000,0.0998,0.1005
kp15 run1.txt,20,-15.0,1,322.000,0.1017,0.1005
kp15 run1.txt,20,-15.0,1,323.000,0.1013,0.1005
kp15 run1.txt,20,-15.0,1,324.000,0.0991,0.1005
kp15 run1.txt,20,-15.0,1,325.000,0.0940,0.1005
kp15 run1.txt,20,-15.0,1,326.000,0.0977,0.1005
kp15 run1.txt,20,-15.0,1,327.000,0.0998,0.1005
kp15 run1.txt,20,-15.0,1,328.000,0.1013,0.1005
kp15 run1.txt,20,-15.0,1,329.000,0.1017,0.1005
kp15 run1.txt,20,-15.0,1,330.000,0.1009,0.1005
kp15 run1.txt,20,-15.0,1,331.000,0.1017,0.1005
kp15 run1.txt,20,-15.0,1,332.000,0.1017,0.1005
kp15 run1.txt,20,-15.0,1,333.000,0.0998,0.1005
kp15 run1.txt,20,-15.0,1,334.000,0.1017,0.1005
kp15 run1.txt,20,-15.0,1,335.000,0.1035,0.1005
kp15 run1.txt,20,-15.0,1,336.000,0.1013,0.1005
kp15 run1.txt,20,-15.0,1,337.000,0.0998,0.1005
kp15 run1.txt,20,-15.0,1,338.000,0.0998,0.1005
kp15 run1.txt,20,-15.0,1,339.000,0.1006,0.1005
kp15 run1.txt,20,-15.0,1,340.000,0.1035,0.1005
kp15 run1.txt,20,-15.0,1,341.000,0.0991,0.1005
kp15 run1.txt,20,-15.0,1,342.000,0.1013,0.1005
kp15 run1.txt,20,-15.0,1,343.000,0.1028,0.1005
kp15 run1.txt,20,-15.0,1,344.000,0.1006,0.1005
kp15 run1.txt,20,-15.0,1,345.000,0.0998,0.1005
kp15 run1.txt,20,-15.0,1,346.000,0.0991,0.1005
kp15 run1.txt,20,-15.0,1,347.000,0.1086,0.1005
kp15 run1.txt,20,-15.0,1,348.000,0.1013,0.1005
kp15 run1.txt,20,-15.0,1,349.000,0.1006,0.1005
kp15 run1.txt,20,-15.0,1,350.000,0.1173,0.1005
kp15 run1.txt,20,-15.0,1,351.000,0.1064,0.1005
kp15 run1.txt,20,-15.0,1,352.000,0.0962,0.1005
kp15 run1.txt,20,-15.0,1,353.000,0.1009,0.1005
kp15 run1.txt,20,-15.0,1,354.000,0.0991,0.1005
kp15 run1.txt,20,-15.0,1,355.000,0.1020,0.1005
kp15 run1.txt,20,-15.0,1,356.000,0.0969,0.1005
kp15 run1.txt,20,-15.0,1,357.000,0.0995,0.1005
kp15 run1.txt,20,-15.0,1,358.000,0.0998,0.1005
kp15 run1.txt,20,-15.0,1,359.000,0.1013,0.1005
kp15 run1.txt,20,-15.0,1,360.000,0.1028,0.1005
kp15 run1.txt,20,-15.0,1,361.000,0.0991,0.1005
kp15 run1.txt,20,-15.0,1,362.000,0.0991,0.1005
kp15 run1.txt,20,-15.0,1,363.000,0.1006,0.1005
kp15 run1.txt,20,-15.0,1,364.000,0.0958,0.1005
kp15 run1.txt,20,-15.0,1,365.000,0.0995,0.1005
kp15 run1.txt,20,-15.0,1,366.000,0.0947,0.1005
kp15 run1.txt,20,-15.0,1,367.000,0.0896,0.1005
kp15 run1.txt,20,-15.0,1,368.000,0.0991,0.1005
kp15 run1.txt,20,-15.0,1,369.000,0.0998,0.1005
kp15 run1.txt,20,-15.0,1,370.000,0.0918,0.1005
kp15 run1.txt,20,-15.0,1,371.000,0.0998,0.1005
kp15 run1.txt,20,-15.0,1,372.000,0.0969,0.1005
kp15 run1.txt,20,-15.0,1,373.000,0.1006,0.1005
kp15 run1.txt,20,-15.0,1,374.000,0.0991,0.1005
kp15 run1.txt,20,-15.0,1,375.000,0.0991,0.1005
kp15 run1.txt,20,-15.0,1,376.000,0.0969,0.1005
kp15 run1.txt,20,-15.0,1,377.000,0.0998,0.1005
kp15 run1.txt,20,-15.0,1,378.000,0.0995,0.1005
kp15 run1.txt,20,-15.0,1,379.000,0.0987,0.1005
kp15 run1.txt,20,-15.0,1,380.000,0.0991,0.1005
kp15 run1.txt,20,-15.0,1,381.000,0.0998,0.1005
kp15 run1.txt,20,-15.0,1,382.000,0.1006,0.1005
kp15 run1.txt,20,-15.0,1,383.000,0.1071,0.1005
kp15 run1.txt,20,-15.0,1,384.000,0.1006,0.1005
kp15 run1.txt,20,-15.0,1,385.000,0.0998,0.1005
kp15 run1.txt,20,-15.0,1,386.000,0.1009,0.1005
kp15 run1.txt,20,-15.0,1,387.000,0.1031,0.1005
kp15 run1.txt,20,-15.0,1,388.000,0.0991,0.1005
kp15 run1.txt,20,-15.0,1,389.000,0.0998,0.1005
kp15 run1.txt,20,-15.0,1,390.000,0.0995,0.1005
kp15 run1.txt,20,-15.0,1,391.000,0.1006,0.1005
kp15 run1.txt,20,-15.0,1,392.000,0.1049,0.1005
kp15 run1.txt,20,-15.0,1,393.000,0.0918,0.1005
kp15 run1.txt,20,-15.0,1,394.000,0.1006,0.1005
kp15 run1.txt,20,-15.0,1,395.000,0.1006,0.1005
kp15 run1.txt,20,-15.0,1,396.000,0.0962,0.1005
kp15 run1.txt,20,-15.0,1,397.000,0.0991,0.1005
kp15 run1.txt,20,-15.0,1,398.000,0.1020,0.1005
kp15 run1.txt,20,-15.0,1,399.000,0.1006,0.1005
kp15 run1.txt,20,-15.0,1,400.000,0.1020,0.1005
kp15 run1.txt,20,-15.0,1,401.000,0.1068,0.1005
kp15 run1.txt,20,-15.0,1,402.000,0.1042,0.1005
kp15 run1.txt,20,-15.0,1,403.000,0.0958,0.1005
kp15 run1.txt,20,-15.0,1,404.000,0.0998,0.1005
kp15 run1.txt,20,-15.0,1,405.000,0.0984,0.1004
kp15 run1.txt,20,-15.0,1,406.000,0.0984,0.1004
kp15 run1.txt,20,-15.0,1,407.000,0.1009,0.1004
kp15 run1.txt,20,-15.0,1,408.000,0.0991,0.1004
kp15 run1.txt,20,-15.0,1,409.000,0.0955,0.1004
kp15 run1.txt,20,-15.0,1,410.000,0.1028,0.1004
kp15 run1.txt,20,-15.0,1,411.000,0.0991,0.1004
kp15 run1.txt,20,-15.0,1,412.000,0.1046,0.1004
kp15 run1.txt,20,-15.0,1,413.000,0.1020,0.1004
kp15 run1.txt,20,-15.0,1,414.000,0.0984,0.1004
kp15 run1.txt,20,-15.0,1,415.000,0.1006,0.1004
kp15 run1.txt,20,-15.0,1,416.000,0.0998,0.1004
kp15 run1.txt,20,-15.0,1,417.000,0.1057,0.1004
kp15 run1.txt,20,-15.0,1,418.000,0.0998,0.1004
kp15 run1.txt,20,-15.0,1,419.000,0.1046,0.1004
kp15 run1.txt,20,-15.0,1,420.000,0.0987,0.1004
kp15 run1.txt,20,-15.0,1,421.000,0.0998,0.1004
kp15 run1.txt,20,-15.0,1,422.000,0.1028,0.1004
kp15 run1.txt,20,-15.0,1,423.000,0.0998,0.1004
kp15 run1.txt,20,-15.0,1,424.000,0.0998,0.1004
kp15 run1.txt,20,-15.0,1,425.000,0.1020,0.1004
kp15 run1.txt,20,-15.0,1,426.000,0.0995,0.1004
kp15 run1.txt,20,-15.0,1,427.000,0.1006,0.1004
kp15 run1.txt,20,-15.0,1,428.000,0.0991,0.1004
kp15 run1.txt,20,-15.0,1,429.000,0.1035,0.1004
kp15 run1.txt,20,-15.0,1,430.000,0.0987,0.1004
kp15 run1.txt,20,-15.0,1,431.000,0.0940,0.1004
kp15 run1.txt,20,-15.0,1,432.000,0.1075,0.1004
kp15 run1.txt,20,-15.0,1,433.000,0.1009,0.1004
kp15 run1.txt,20,-15.0,1,434.000,0.1020,0.1004
kp15 run1.txt,20,-15.0,1,435.000,0.0991,0.1004
kp15 run1.txt,20,-15.0,1,436.000,0.0995,0.1004
kp15 run1.txt,20,-15.0,1,437.000,0.1017,0.1004
kp15 run1.txt,20,-15.0,1,438.000,0.0973,0.1004
kp15 run1.txt,20,-15.0,1,439.000,0.0998,0.1004
kp15 run1.txt,20,-15.0,1,440.000,0.1013,0.1004
kp15 run1.txt,20,-15.0,1,441.000,0.0991,0.1004
kp15 run1.txt,20,-15.0,1,442.000,0.1013,0.1004
kp15 run1.txt,20,-15.0,1,443.000,0.0991,0.1004
kp15 run1.txt,20,-15.0,1,444.000,0.1057,0.1004
kp15 run1.txt,20,-15.0,1,445.000,0.1006,0.1004
kp15 run1.txt,20,-15.0,1,446.000,0.1028,0.1004
kp15 run1.txt,20,-15.0,1,447.000,0.1035,0.1004
kp15 run1.txt,20,-15.0,1,448.000,0.0896,0.1004
kp15 run1.txt,20,-15.0,1,449.000,0.0998,0.1004
kp15 run1.txt,20,-15.0,1,450.000,0.0936,0.1004
kp15 run1.txt,20,-15.0,1,451.000,0.1049,0.1004
kp15 run1.txt,20,-15.0,1,452.000,0.1031,0.1004
kp15 run1.txt,20,-15.0,1,453.000,0.0838,0.1004
kp15 run1.txt,20,-15.0,1,454.000,0.1006,0.1004
kp15 run1.txt,20,-15.0,1,455.000,0.1049,0.1004
kp15 run1.txt,20,-15.0,1,456.000,0.0991,0.1004
kp15 run1.txt,20,-15.0,1,457.000,0.1006,0.1004
kp15 run1.txt,20,-15.0,1,458.000,0.0998,0.1004
kp15 run1.txt,20,-15.0,1,459.000,0.0995,0.1004
kp15 run1.txt,20,-15.0,1,460.000,0.1013,0.1004
kp15 run1.txt,20,-15.0,1,461.000,0.0998,0.1004
kp15 run1.txt,20,-15.0,1,462.000,0.0991,0.1004
kp15 run1.txt,20,-15.0,1,463.000,0.0947,0.1004
kp15 run1.txt,20,-15.0,1,464.000,0.0998,0.1004
kp15 run1.txt,20,-15.0,1,465.000,0.0998,0.1004
kp15 run1.txt,20,-15.0,1,466.000,0.1006,0.1004
kp15 run1.txt,20,-15.0,1,467.000,0.0991,0.1004
kp15 run1.txt,20,-15.0,1,468.000,0.0998,0.1004
kp15 run1.txt,20,-15.0,1,469.000,0.1006,0.1004
kp15 run1.txt,20,-15.0,1,470.000,0.1006,0.1004
kp15 run1.txt,20,-15.0,1,471.000,0.0998,0.1004
kp15 run1.txt,20,-15.0,1,472.000,0.0991,0.1004
kp15 run1.txt,20,-15.0,1,473.000,0.1020,0.1004
kp15 run1.txt,20,-15.0,1,474.000,0.1006,0.1004
kp15 run1.txt,20,-15.0,1,475.000,0.0991,0.1004
kp15 run1.txt,20,-15.0,1,476.000,0.1064,0.1004
kp15 run1.txt,20,-15.0,1,477.000,0.0878,0.1004
kp15 run1.txt,20,-15.0,1,478.000,0.0940,0.1004
kp15 run1.txt,20,-15.0,1,479.000,0.1020,0.1004
kp15 run1.txt,20,-15.0,1,480.000,0.1028,0.1004
kp15 run1.txt,20,-15.0,1,481.000,0.1122,0.1004
kp15 run1.txt,20,-15.0,1,482.000,0.0874,0.1004
kp15 run1.txt,20,-15.0,1,483.042,0.0991,0.1004
kp15 run1.txt,20,-15.0,1,484.000,0.1013,0.1004
kp15 run1.txt,20,-15.0,1,485.000,0.1020,0.1004
kp15 run1.txt,20,-15.0,1,486.000,0.1013,0.1004
kp15 run1.txt,20,-15.0,1,487.000,0.1170,0.1004
kp15 run1.txt,20,-15.0,1,488.000,0.1013,0.1004
kp15 run1.txt,20,-15.0,1,489.000,0.1017,0.1004
kp15 run1.txt,20,-15.0,1,490.000,0.1020,0.1004
kp15 run1.txt,20,-15.0,1,491.000,0.0991,0.1004
kp15 run1.txt,20,-15.0,1,492.000,0.1017,0.1004
kp15 run1.txt,20,-15.0,1,493.000,0.0882,0.1004
kp15 run1.txt,20,-15.0,1,494.000,0.1042,0.1004
kp15 run1.txt,20,-15.0,1,495.000,0.0998,0.1004
kp15 run1.txt,20,-15.0,1,496.000,0.1049,0.1004
kp15 run1.txt,20,-15.0,1,497.000,0.0998,0.1004
kp15 run1.txt,20,-15.0,1,498.000,0.0995,0.1004
kp15 run1.txt,20,-15.0,1,499.000,0.1006,0.1004
kp15 run1.txt,20,-15.0,1,500.000,0.0998,0.1004
kp15 run1.txt,20,-15.0,1,501.000,0.0984,0.1004
kp15 run1.txt,20,-15.0,1,502.000,0.1020,0.1004
kp15 run1.txt,20,-15.0,1,503.000,0.1028,0.1004
kp15 run1.txt,20,-15.0,1,504.000,0.1009,0.1004
kp15 run1.txt,20,-15.0,1,505.000,0.0977,0.1004
kp15 run1.txt,20,-15.0,1,506.000,0.0998,0.1004
kp15 run1.txt,20,-15.0,1,507.000,0.0998,0.1004
kp15 run1.txt,20,-15.0,1,508.000,0.0958,0.1004
kp15 run1.txt,20,-15.0,1,509.000,0.0998,0.1004
kp15 run1.txt,20,-15.0,1,510.000,0.1006,0.1004
kp15 run1.txt,20,-15.0,1,511.000,0.0998,0.1004
kp15 run1.txt,20,-15.0,1,512.000,0.1075,0.1004
kp15 run1.txt,20,-15.0,1,513.000,0.0998,0.1004
kp15 run1.txt,20,-15.0,1,514.000,0.0874,0.1004
kp15 run1.txt,20,-15.0,1,515.000,0.1006,0.1004
kp15 run1.txt,20,-15.0,1,516.000,0.1002,0.1004
kp15 run1.txt,20,-15.0,1,517.000,0.0998,0.1004
kp15 run1.txt,20,-15.0,1,518.000,0.1006,0.1004
kp15 run1.txt,20,-15.0,1,519.000,0.1020,0.1004
kp15 run1.txt,20,-15.0,1,520.000,0.0998,0.1004
kp15 run1.txt,20,-15.0,1,521.000,0.1046,0.1004
kp15 run1.txt,20,-15.0,1,522.000,0.1006,0.1004
kp15 run1.txt,20,-15.0,1,523.000,0.0991,0.1004
kp15 run1.txt,20,-15.0,1,524.000,0.0995,0.1004
kp15 run1.txt,20,-15.0,1,525.000,0.1024,0.1004
kp15 run1.txt,20,-15.0,1,526.000,0.0933,0.1004
kp15 run1.txt,20,-15.0,1,527.000,0.0977,0.1004
kp15 run1.txt,20,-15.0,1,528.000,0.0991,0.1004
kp15 run1.txt,20,-15.0,1,529.000,0.1042,0.1004
kp15 run1.txt,20,-15.0,1,530.000,0.0984,0.1004
kp15 run1.txt,20,-15.0,1,531.000,0.0969,0.1004
kp15 run1.txt,20,-15.0,1,532.000,0.1013,0.1004
kp15 run1.txt,20,-15.0,1,533.000,0.0998,0.1004
kp15 run1.txt,20,-15.0,1,534.000,0.1038,0.1004
kp15 run1.txt,20,-15.0,1,535.000,0.0991,0.1004
kp15 run1.txt,20,-15.0,1,536.000,0.0977,0.1004
kp15 run1.txt,20,-15.0,1,537.000,0.1020,0.1004
kp15 run1.txt,20,-15.0,1,538.000,0.0969,0.1004
kp15 run1.txt,20,-15.0,1,539.000,0.0987,0.1004
kp15 run1.txt,20,-15.0,1,540.000,0.1013,0.1004
kp15 run1.txt,20,-15.0,1,541.000,0.1020,0.1004
kp15 run1.txt,20,-15.0,1,542.000,0.0991,0.1004
kp15 run1.txt,20,-15.0,1,543.000,0.0998,0.1004
kp15 run1.txt,20,-15.0,1,544.000,0.1082,0.1004
kp15 run1.txt,20,-15.0,1,545.000,0.0987,0.1004
kp15 run1.txt,20,-15.0,1,546.000,0.0991,0.1004
kp15 run1.txt,20,-15.0,1,547.000,0.0991,0.1004
kp15 run1.txt,20,-15.0,1,548.000,0.0984,0.1004
kp15 run1.txt,20,-15.0,1,549.000,0.0998,0.1004
kp15 run1.txt,20,-15.0,1,550.000,0.1017,0.1004
kp15 run1.txt,20,-15.0,1,551.000,0.1133,0.1004
kp15 run1.txt,20,-15.0,1,552.000,0.0918,0.1004
kp15 run1.txt,20,-15.0,1,553.000,0.1035,0.1004
kp15 run1.txt,20,-15.0,1,554.000,0.1017,0.1004
kp15 run1.txt,20,-15.0,1,555.000,0.0991,0.1004
kp15 run1.txt,20,-15.0,1,556.000,0.0998,0.1004
kp15 run1.txt,20,-15.0,1,557.000,0.1013,0.1004
kp15 run1.txt,20,-15.0,1,558.000,0.0987,0.1004
kp15 run1.txt,20,-15.0,1,559.000,0.0984,0.1004
kp15 run1.txt,20,-15.0,1,560.000,0.0991,0.1004
kp15 run1.txt,20,-15.0,1,561.000,0.0991,0.1004
kp15 run1.txt,20,-15.0,1,562.000,0.0998,0.1004
kp15 run1.txt,20,-15.0,1,563.000,0.0998,0.1004
kp15 run1.txt,20,-15.0,1,564.000,0.1013,0.1004
kp15 run1.txt,20,-15.0,1,565.000,0.1035,0.1004
kp15 run1.txt,20,-15.0,1,566.000,0.0969,0.1004
kp15 run1.txt,20,-15.0,1,567.000,0.0969,0.1004
kp15 run1.txt,20,-15.0,1,568.000,0.1049,0.1004
kp15 run1.txt,20,-15.0,1,569.000,0.1020,0.1004
kp15 run1.txt,20,-15.0,1,570.000,0.0867,0.1004
kp15 run1.txt,20,-15.0,1,571.000,0.0925,0.1004
kp15 run1.txt,20,-15.0,1,572.000,0.1111,0.1004
kp15 run1.txt,20,-15.0,1,573.000,0.0984,0.1004
kp15 run1.txt,20,-15.0,1,574.000,0.1006,0.1004
kp15 run1.txt,20,-15.0,1,575.000,0.0991,0.1004
kp15 run1.txt,20,-15.0,1,576.000,0.1013,0.1004
kp15 run1.txt,20,-15.0,1,577.000,0.0991,0.1004
kp15 run1.txt,20,-15.0,1,578.000,0.1246,0.1004
kp15 run1.txt,20,-15.0,1,579.000,0.0940,0.1004
kp15 run1.txt,20,-15.0,1,580.000,0.0987,0.1004
kp15 run1.txt,20,-15.0,1,581.000,0.1028,0.1004
kp15 run1.txt,20,-15.0,1,582.000,0.1020,0.1004
kp15 run1.txt,20,-15.0,1,583.000,0.1028,0.1004
kp15 run1.txt,20,-15.0,1,584.000,0.1013,0.1004
kp15 run1.txt,20,-15.0,1,585.000,0.1020,0.1004
kp15 run1.txt,20,-15.0,1,586.000,0.1049,0.1004
kp15 run1.txt,20,-15.0,1,587.000,0.1013,0.1004
kp15 run1.txt,20,-15.0,1,588.000,0.1006,0.1004
kp15 run1.txt,20,-15.0,1,589.000,0.0962,0.1004
kp15 run1.txt,20,-15.0,1,590.000,0.1006,0.1004
kp15 run1.txt,20,-15.0,1,591.000,0.0977,0.1004
kp15 run1.txt,20,-15.0,1,592.000,0.1020,0.1004
kp15 run1.txt,20,-15.0,1,593.000,0.0969,0.1004
kp15 run1.txt,20,-15.0,1,594.000,0.0998,0.1004
kp15 run1.txt,20,-15.0,1,595.000,0.1013,0.1004
kp15 run1.txt,20,-15.0,1,596.000,0.0991,0.1004
kp15 run1.txt,20,-15.0,1,597.000,0.1017,0.1004
kp15 run1.txt,20,-15.0,1,598.000,0.0998,0.1004
kp15 run1.txt,20,-15.0,1,599.000,0.0998,0.1004
kp20 run1.txt,1,-20.0,1,0.000,-0.0992,-0.1004
kp20 run1.txt,1,-20.0,1,1.000,-0.1006,-0.1004
kp20 run1.txt,1,-20.0,1,2.000,-0.1014,-0.1004
kp20 run1.txt,1,-20.0,1,3.000,-0.1021,-0.1004
kp20 run1.txt,1,-20.0,1,4.000,-0.0996,-0.1002
kp20 run1.txt,1,-20.0,1,5.000,-0.0729,-0.0997
kp20 run1.txt,1,-20.0,1,6.000,-0.1032,-0.0988
kp20 run1.txt,1,-20.0,1,7.000,-0.0955,-0.0977
kp20 run1.txt,1,-20.0,1,8.000,-0.0963,-0.0962
kp20 run1.txt,1,-20.0,1,9.000,-0.0948,-0.0945
kp20 run1.txt,1,-20.0,1,10.000,-0.0912,-0.0926
kp20 run1.txt,1,-20.0,1,11.000,-0.0886,-0.0904
kp20 run1.txt,1,-20.0,1,12.000,-0.0890,-0.0880
kp20 run1.txt,1,-20.0,1,13.000,-0.0846,-0.0853
kp20 run1.txt,1,-20.0,1,14.000,-0.0810,-0.0825
kp20 run1.txt,1,-20.0,1,15.000,-0.0784,-0.0795
kp20 run1.txt,1,-20.0,1,16.000,-0.0751,-0.0763
kp20 run1.txt,1,-20.0,1,17.000,-0.0729,-0.0730
kp20 run1.txt,1,-20.0,1,18.000,-0.0686,-0.0695
kp20 run1.txt,1,-20.0,1,19.000,-0.0631,-0.0659
kp20 run1.txt,1,-20.0,1,20.000,-0.0635,-0.0621
kp20 run1.txt,1,-20.0,1,21.000,-0.0438,-0.0583
kp20 run1.txt,1,-20.0,1,22.000,-0.0482,-0.0544
kp20 run1.txt,1,-20.0,1,23.000,-0.0438,-0.0503
kp20 run1.txt,1,-20.0,1,24.000,-0.0409,-0.0462
kp20 run1.txt,1,-20.0,1,25.000,-0.0383,-0.0421
kp20 run1.txt,1,-20.0,1,26.000,-0.0358,-0.0379
kp20 run1.txt,1,-20.0,1,27.000,-0.0292,-0.0336
kp20 run1.txt,1,-20.0,1,28.000,-0.0292,-0.0293
kp20 run1.txt,1,-20.0,1,29.000,-0.0248,-0.0250
kp20 run1.txt,1,-20.0,1,30.000,-0.0219,-0.0207
kp20 run1.txt,1,-20.0,1,31.000,-0.0168,-0.0163
kp20 run1.txt,1,-20.0,1,32.000,-0.0241,-0.0120
kp20 run1.txt,1,-20.0,1,33.000,-0.0059,-0.0076
kp20 run1.txt,1,-20.0,1,34.000,-0.0051,-0.0033
kp20 run1.txt,1,-20.0,1,35.000,0.0007,0.0010
kp20 run1.txt,1,-20.0,1,36.000,0.0029,0.0053
kp20 run1.txt,1,-20.0,1,37.000,0.0087,0.0095
kp20 run1.txt,1,-20.0,1,38.000,0.0131,0.0137
kp20 run1.txt,1,-20.0,1,39.000,0.0167,0.0179
kp20 run1.txt,1,-20.0,1,40.000,0.0211,0.0220
kp20 run1.txt,1,-20.0,1,41.000,0.0233,0.0261
kp20 run1.txt,1,-20.0,1,42.000,0.0284,0.0301
kp20 run1.txt,1,-20.0,1,43.000,0.0262,0.0341
kp20 run1.txt,1,-20.0,1,44.000,0.0357,0.0379
kp20 run1.txt,1,-20.0,1,45.000,0.0393,0.0417
kp20 run1.txt,1,-20.0,1,46.000,0.0426,0.0455
kp20 run1.txt,1,-20.0,1,47.000,0.0473,0.0491
kp20 run1.txt,1,-20.0,1,48.000,0.0495,0.0527
kp20 run1.txt,1,-20.0,1,49.000,0.0554,0.0562
kp20 run1.txt,1,-20.0,1,50.000,0.0579,0.0596
kp20 run1.txt,1,-20.0,1,51.000,0.0612,0.0630
kp20 run1.txt,1,-20.0,1,52.000,0.0619,0.0662
kp20 run1.txt,1,-20.0,1,53.000,0.0678,0.0694
kp20 run1.txt,1,-20.0,1,54.000,0.0699,0.0724
kp20 run1.txt,1,-20.0,1,55.000,0.0729,0.0754
kp20 run1.txt,1,-20.0,1,56.000,0.0772,0.0783
kp20 run1.txt,1,-20.0,1,57.000,0.0787,0.0811
kp20 run1.txt,1,-20.0,1,58.000,0.0834,0.0838
kp20 run1.txt,1,-20.0,1,59.000,0.0845,0.0864
kp20 run1.txt,1,-20.0,1,60.000,0.0889,0.0889
kp20 run1.txt,1,-20.0,1,61.000,0.0929,0.0913
kp20 run1.txt,1,-20.0,1,62.000,0.0940,0.0936
kp20 run1.txt,1,-20.0,1,63.000,0.0951,0.0958
kp20 run1.txt,1,-20.0,1,64.000,0.0977,0.0980
kp20 run1.txt,1,-20.0,1,65.000,0.0991,0.1000
kp20 run1.txt,1,-20.0,1,66.000,0.0987,0.1019
kp20 run1.txt,1,-20.0,1,67.000,0.1049,0.1038
kp20 run1.txt,1,-20.0,1,68.000,0.1020,0.1056
kp20 run1.txt,1,-20.0,1,69.000,0.0896,0.1072
kp20 run1.txt,1,-20.0,1,70.000,0.1108,0.1088
kp20 run1.txt,1,-20.0,1,71.000,0.1122,0.1103
kp20 run1.txt,1,-20.0,1,72.000,0.1100,0.1117
kp20 run1.txt,1,-20.0,1,73.000,0.1144,0.1131
kp20 run1.txt,1,-20.0,1,74.000,0.1170,0.1143
kp20 run1.txt,1,-20.0,1,75.000,0.1173,0.1155
kp20 run1.txt,1,-20.0,1,76.000,0.1159,0.1166
kp20 run1.txt,1,-20.0,1,77.000,0.1195,0.1176
kp20 run1.txt,1,-20.0,1,78.000,0.1232,0.1185
kp20 run1.txt,1,-20.0,1,79.000,0.1173,0.1194
kp20 run1.txt,1,-20.0,1,80.000,0.1210,0.1202
kp20 run1.txt,1,-20.0,1,81.000,0.1232,0.1209
kp20 run1.txt,1,-20.0,1,82.000,0.1144,0.1215
kp20 run1.txt,1,-20.0,1,83.000,0.1224,0.1221
kp20 run1.txt,1,-20.0,1,84.000,0.1224,0.1226
kp20 run1.txt,1,-20.0,1,85.000,0.1272,0.1231
kp20 run1.txt,1,-20.0,1,86.000,0.1192,0.1235
kp20 run1.txt,1,-20.0,1,87.000,0.1224,0.1238
kp20 run1.txt,1,-20.0,1,88.000,0.1232,0.1241
kp20 run1.txt,1,-20.0,1,89.000,0.1254,0.1244
kp20 run1.txt,1,-20.0,1,90.000,0.1261,0.1245
kp20 run1.txt,1,-20.0,1,91.000,0.1254,0.1247
kp20 run1.txt,1,-20.0,1,92.000,0.1137,0.1247
kp20 run1.txt,1,-20.0,1,93.000,0.1217,0.1248
kp20 run1.txt,1,-20.0,1,94.000,0.1199,0.1248
kp20 run1.txt,1,-20.0,1,95.000,0.1268,0.1247
kp20 run1.txt,1,-20.0,1,96.000,0.1224,0.1246
kp20 run1.txt,1,-20.0,1,97.000,0.1228,0.1245
kp20 run1.txt,1,-20.0,1,98.000,0.1268,0.1243
kp20 run1.txt,1,-20.0,1,99.000,0.1228,0.1241
kp20 run1.txt,1,-20.0,1,100.000,0.1250,0.1239
kp20 run1.txt,1,-20.0,1,101.000,0.1243,0.1237
kp20 run1.txt,1,-20.0,1,102.000,0.1195,0.1234
kp20 run1.txt,1,-20.0,1,103.000,0.1232,0.1231
kp20 run1.txt,1,-20.0,1,104.000,0.1195,0.1227
kp20 run1.txt,1,-20.0,1,105.000,0.1228,0.1224
kp20 run1.txt,1,-20.0,1,106.000,0.1232,0.1220
kp20 run1.txt,1,-20.0,1,107.000,0.1217,0.1216
kp20 run1.txt,1,-20.0,1,108.000,0.1210,0.1211
kp20 run1.txt,1,-20.0,1,109.000,0.1210,0.1207
kp20 run1.txt,1,-20.0,1,110.000,0.1170,0.1202
kp20 run1.txt,1,-20.0,1,111.000,0.1217,0.1198
kp20 run1.txt,1,-20.0,1,112.000,0.1173,0.1193
kp20 run1.txt,1,-20.0,1,113.000,0.1162,0.1188
kp20 run1.txt,1,-20.0,1,114.000,0.1166,0.1183
kp20 run1.txt,1,-20.0,1,115.000,0.1170,0.1178
kp20 run1.txt,1,-20.0,1,116.000,0.1115,0.1173
kp20 run1.txt,1,-20.0,1,117.000,0.1097,0.1168
kp20 run1.txt,1,-20.0,1,118.000,0.1141,0.1162
kp20 run1.txt,1,-20.0,1,119.000,0.1151,0.1157
kp20 run1.txt,1,-20.0,1,120.000,0.1115,0.1152
kp20 run1.txt,1,-20.0,1,121.000,0.1111,0.1146
kp20 run1.txt,1,-20.0,1,122.000,0.1115,0.1141
kp20 run1.txt,1,-20.0,1,123.000,0.1104,0.1135
kp20 run1.txt,1,-20.0,1,124.000,0.1108,0.1130
kp20 run1.txt,1,-20.0,1,125.000,0.1079,0.1125
kp20 run1.txt,1,-20.0,1,126.000,0.1093,0.1120
kp20 run1.txt,1,-20.0,1,127.000,0.1082,0.1114
kp20 run1.txt,1,-20.0,1,128.000,0.1068,0.1109
kp20 run1.txt,1,-20.0,1,129.000,0.1049,0.1104
kp20 run1.txt,1,-20.0,1,130.000,0.1064,0.1099
kp20 run1.txt,1,-20.0,1,131.000,0.1057,0.1094
kp20 run1.txt,1,-20.0,1,132.000,0.1057,0.1089
kp20 run1.txt,1,-20.0,1,133.000,0.0874,0.1084
kp20 run1.txt,1,-20.0,1,134.000,0.1013,0.1079
kp20 run1.txt,1,-20.0,1,135.000,0.1020,0.1074
kp20 run1.txt,1,-20.0,1,136.000,0.1017,0.1070
kp20 run1.txt,1,-20.0,1,137.000,0.0998,0.1065
kp20 run1.txt,1,-20.0,1,138.000,0.1013,0.1061
kp20 run1.txt,1,-20.0,1,139.000,0.1013,0.1056
kp20 run1.txt,1,-20.0,1,140.000,0.0998,0.1052
kp20 run1.txt,1,-20.0,1,141.000,0.0998,0.1048
kp20 run1.txt,1,-20.0,1,142.000,0.0998,0.1044
kp20 run1.txt,1,-20.0,1,143.000,0.0991,0.1040
kp20 run1.txt,1,-20.0,1,144.000,0.0998,0.1036
kp20 run1.txt,1,-20.0,1,145.000,0.0940,0.1032
kp20 run1.txt,1,-20.0,1,146.000,0.0984,0.1029
kp20 run1.txt,1,-20.0,1,147.000,0.0962,0.1025
kp20 run1.txt,1,-20.0,1,148.000,0.0984,0.1022
kp20 run1.txt,1,-20.0,1,149.000,0.0940,0.1019
kp20 run1.txt,1,-20.0,1,150.000,0.0984,0.1015
kp20 run1.txt,1,-20.0,1,151.000,0.0958,0.1012
kp20 run1.txt,1,-20.0,1,152.000,0.0977,0.1009
kp20 run1.txt,1,-20.0,1,153.000,0.0998,0.1007
kp20 run1.txt,1,-20.0,1,154.000,0.0955,0.1004
kp20 run1.txt,1,-20.0,1,155.000,0.0969,0.1001
kp20 run1.txt,1,-20.0,1,156.000,0.0925,0.0999
kp20 run1.txt,1,-20.0,1,157.000,0.0969,0.0997
kp20 run1.txt,1,-20.0,1,158.000,0.0984,0.0994
kp20 run1.txt,1,-20.0,1,159.000,0.0940,0.0992
kp20 run1.txt,1,-20.0,1,160.000,0.0987,0.0990
kp20 run1.txt,1,-20.0,1,161.000,0.0991,0.0988
kp20 run1.txt,1,-20.0,1,162.000,0.0977,0.0987
kp20 run1.txt,1,-20.0,1,163.000,0.0987,0.0985
kp20 run1.txt,1,-20.0,1,164.000,0.0962,0.0983
kp20 run1.txt,1,-20.0,1,165.000,0.0984,0.0982
kp20 run1.txt,1,-20.0,1,166.000,0.0977,0.0981
kp20 run1.txt,1,-20.0,1,167.000,0.0984,0.0979
kp20 run1.txt,1,-20.0,1,168.000,0.0995,0.0978
kp20 run1.txt,1,-20.0,1,169.000,0.0998,0.0977
kp20 run1.txt,1,-20.0,1,170.000,0.0907,0.0976
kp20 run1.txt,1,-20.0,1,171.000,0.0991,0.0975
kp20 run1.txt,1,-20.0,1,172.000,0.1093,0.0974
kp20 run1.txt,1,-20.0,1,173.000,0.0969,0.0973
kp20 run1.txt,1,-20.0,1,174.000,0.1049,0.0973
kp20 run1.txt,1,-20.0,1,175.000,0.1100,0.0972
kp20 run1.txt,1,-20.0,1,176.000,0.0940,0.0972
kp20 run1.txt,1,-20.0,1,177.000,0.1006,0.0971
kp20 run1.txt,1,-20.0,1,178.000,0.0816,0.0971
kp20 run1.txt,1,-20.0,1,179.000,0.1086,0.0971
kp20 run1.txt,1,-20.0,1,180.000,0.0977,0.0970
kp20 run1.txt,1,-20.0,1,181.000,0.0977,0.0970
kp20 run1.txt,1,-20.0,1,182.000,0.0984,0.0970
kp20 run1.txt,1,-20.0,1,183.000,0.0977,0.0970
kp20 run1.txt,1,-20.0,1,184.000,0.0977,0.0970
kp20 run1.txt,1,-20.0,1,185.000,0.0995,0.0970
kp20 run1.txt,1,-20.0,1,186.000,0.0984,0.0970
kp20 run1.txt,1,-20.0,1,187.000,0.0998,0.0970
kp20 run1.txt,1,-20.0,1,188.000,0.0987,0.0970
kp20 run1.txt,1,-20.0,1,189.000,0.0958,0.0971
kp20 run1.txt,1,-20.0,1,190.000,0.0991,0.0971
kp20 run1.txt,1,-20.0,1,191.000,0.0955,0.0971
kp20 run1.txt,1,-20.0,1,192.000,0.0955,0.0971
kp20 run1.txt,1,-20.0,1,193.000,0.0998,0.0972
kp20 run1.txt,1,-20.0,1,194.000,0.0998,0.0972
kp20 run1.txt,1,-20.0,1,195.000,0.0998,0.0973
kp20 run1.txt,1,-20.0,1,196.000,0.0987,0.0973
kp20 run1.txt,1,-20.0,1,197.000,0.0995,0.0974
kp20 run1.txt,1,-20.0,1,198.000,0.1028,0.0974
kp20 run1.txt,1,-20.0,1,199.000,0.0998,0.0975
kp20 run1.txt,1,-20.0,1,200.000,0.1006,0.0975
kp20 run1.txt,1,-20.0,1,201.000,0.1009,0.0976
kp20 run1.txt,1,-20.0,1,202.000,0.1013,0.0976
kp20 run1.txt,1,-20.0,1,203.000,0.0998,0.0977
kp20 run1.txt,1,-20.0,1,204.000,0.0998,0.0978
kp20 run1.txt,1,-20.0,1,205.000,0.0984,0.0978
kp20 run1.txt,1,-20.0,1,206.000,0.1086,0.0979
kp20 run1.txt,1,-20.0,1,207.000,0.1028,0.0980
kp20 run1.txt,1,-20.0,1,208.000,0.1006,0.0980
kp20 run1.txt,1,-20.0,1,209.000,0.1006,0.0981
kp20 run1.txt,1,-20.0,1,210.000,0.0969,0.0981
kp20 run1.txt,1,-20.0,1,211.000,0.0984,0.0982
kp20 run1.txt,1,-20.0,1,212.000,0.1028,0.0983
kp20 run1.txt,1,-20.0,1,213.000,0.0940,0.0983
kp20 run1.txt,1,-20.0,1,214.000,0.1086,0.0984
kp20 run1.txt,1,-20.0,1,215.000,0.0998,0.0985
kp20 run1.txt,1,-20.0,1,216.000,0.0998,0.0985
kp20 run1.txt,1,-20.0,1,217.000,0.0998,0.0986
kp20 run1.txt,1,-20.0,1,218.000,0.1006,0.0987
kp20 run1.txt,1,-20.0,1,219.000,0.1035,0.0987
kp20 run1.txt,1,-20.0,1,220.000,0.1046,0.0988
kp20 run1.txt,1,-20.0,1,221.000,0.0984,0.0989
kp20 run1.txt,1,-20.0,1,222.000,0.0995,0.0989
kp20 run1.txt,1,-20.0,1,223.000,0.0998,0.0990
kp20 run1.txt,1,-20.0,1,224.000,0.1013,0.0990
kp20 run1.txt,1,-20.0,1,225.000,0.1035,0.0991
kp20 run1.txt,1,-20.0,1,226.000,0.1017,0.0992
kp20 run1.txt,1,-20.0,1,227.000,0.1009,0.0992
kp20 run1.txt,1,-20.0,1,228.000,0.1020,0.0993
kp20 run1.txt,1,-20.0,1,229.000,0.0984,0.0993
kp20 run1.txt,1,-20.0,1,230.000,0.0991,0.0994
kp20 run1.txt,1,-20.0,1,231.000,0.0896,0.0994
kp20 run1.txt,1,-20.0,1,232.000,0.1035,0.0995
kp20 run1.txt,1,-20.0,1,233.000,0.0998,0.0995
kp20 run1.txt,1,-20.0,1,234.000,0.1013,0.0996
kp20 run1.txt,1,-20.0,1,235.000,0.0998,0.0996
kp20 run1.txt,1,-20.0,1,236.000,0.1020,0.0997
kp20 run1.txt,1,-20.0,1,237.000,0.1013,0.0997
kp20 run1.txt,1,-20.0,1,238.000,0.0998,0.0998
kp20 run1.txt,1,-20.0,1,239.000,0.1035,0.0998
kp20 run1.txt,1,-20.0,1,240.000,0.1009,0.0998
kp20 run1.txt,1,-20.0,1,241.000,0.1013,0.0999
kp20 run1.txt,1,-20.0,1,242.000,0.0995,0.0999
kp20 run1.txt,1,-20.0,1,243.000,0.1035,0.0999
kp20 run1.txt,1,-20.0,1,244.000,0.0933,0.1000
kp20 run1.txt,1,-20.0,1,245.000,0.0823,0.1000
kp20 run1.txt,1,-20.0,1,246.000,0.1028,0.1000
kp20 run1.txt,1,-20.0,1,247.000,0.1013,0.1001
kp20 run1.txt,1,-20.0,1,248.000,0.1093,0.1001
kp20 run1.txt,1,-20.0,1,249.000,0.1006,0.1001
kp20 run1.txt,1,-20.0,1,250.000,0.1017,0.1002
kp20 run1.txt,1,-20.0,1,251.000,0.1017,0.1002
kp20 run1.txt,1,-20.0,1,252.000,0.0998,0.1002
kp20 run1.txt,1,-20.0,1,253.000,0.1064,0.1002
kp20 run1.txt,1,-20.0,1,254.000,0.1020,0.1002
kp20 run1.txt,1,-20.0,1,255.000,0.0998,0.1003
kp20 run1.txt,1,-20.0,1,256.000,0.0998,0.1003
kp20 run1.txt,1,-20.0,1,257.000,0.0987,0.1003
kp20 run1.txt,1,-20.0,1,258.000,0.1013,0.1003
kp20 run1.txt,1,-20.0,1,259.000,0.0998,0.1003
kp20 run1.txt,1,-20.0,1,260.000,0.0991,0.1003
kp20 run1.txt,1,-20.0,1,261.000,0.1035,0.1003
kp20 run1.txt,1,-20.0,1,262.000,0.0987,0.1004
kp20 run1.txt,1,-20.0,1,263.000,0.0958,0.1004
kp20 run1.txt,1,-20.0,1,264.000,0.0998,0.1004
kp20 run1.txt,1,-20.0,1,265.000,0.0998,0.1004
kp20 run1.txt,1,-20.0,1,266.000,0.1017,0.1004
kp20 run1.txt,1,-20.0,1,267.000,0.1017,0.1004
kp20 run1.txt,1,-20.0,1,268.000,0.1020,0.1004
kp20 run1.txt,1,-20.0,1,269.000,0.0991,0.1004
kp20 run1.txt,1,-20.0,1,270.000,0.1035,0.1004
kp20 run1.txt,1,-20.0,1,271.000,0.1017,0.1004
kp20 run1.txt,1,-20.0,1,272.000,0.1006,0.1004
kp20 run1.txt,1,-20.0,1,273.000,0.1020,0.1004
kp20 run1.txt,1,-20.0,1,274.000,0.1009,0.1004
kp20 run1.txt,1,-20.0,1,275.000,0.0969,0.1004
kp20 run1.txt,1,-20.0,1,276.000,0.1009,0.1004
kp20 run1.txt,1,-20.0,1,277.000,0.0998,0.1004
kp20 run1.txt,1,-20.0,1,278.000,0.1042,0.1004
kp20 run1.txt,1,-20.0,1,279.000,0.1042,0.1004
kp20 run1.txt,1,-20.0,1,280.000,0.0998,0.1004
kp20 run1.txt,1,-20.0,1,281.000,0.1013,0.1004
kp20 run1.txt,1,-20.0,1,282.000,0.1035,0.1004
kp20 run1.txt,1,-20.0,1,283.000,0.0984,0.1004
kp20 run1.txt,1,-20.0,1,284.000,0.1013,0.1004
kp20 run1.txt,1,-20.0,1,285.000,0.1006,0.1004
kp20 run1.txt,1,-20.0,1,286.000,0.1006,0.1004
kp20 run1.txt,1,-20.0,1,287.000,0.1017,0.1004
kp20 run1.txt,1,-20.0,1,288.000,0.1020,0.1004
kp20 run1.txt,1,-20.0,1,289.000,0.1020,0.1004
kp20 run1.txt,1,-20.0,1,290.000,0.1013,0.1004
kp20 run1.txt,1,-20.0,1,291.000,0.1006,0.1003
kp20 run1.txt,1,-20.0,1,292.000,0.1006,0.1003
kp20 run1.txt,1,-20.0,1,293.000,0.1028,0.1003
kp20 run1.txt,1,-20.0,1,294.000,0.1020,0.1003
kp20 run1.txt,1,-20.0,1,295.000,0.1006,0.1003
kp20 run1.txt,1,-20.0,1,296.000,0.0977,0.1003
kp20 run1.txt,1,-20.0,1,297.000,0.1020,0.1003
kp20 run1.txt,1,-20.0,1,298.000,0.1017,0.1003
kp20 run1.txt,1,-20.0,1,299.000,0.1020,0.1003
kp20 run1.txt,1,-20.0,1,300.000,0.0998,0.1003
kp20 run1.txt,1,-20.0,1,301.000,0.1013,0.1003
kp20 run1.txt,1,-20.0,1,302.000,0.1006,0.1003
kp20 run1.txt,1,-20.0,1,303.000,0.0998,0.1003
kp20 run1.txt,1,-20.0,1,304.000,0.1020,0.1002
kp20 run1.txt,1,-20.0,1,305.000,0.0998,0.1002
kp20 run1.txt,1,-20.0,1,306.000,0.1006,0.1002
kp20 run1.txt,1,-20.0,1,307.000,0.0991,0.1002
kp20 run1.txt,1,-20.0,1,308.000,0.1020,0.1002
kp20 run1.txt,1,-20.0,1,309.000,0.1035,0.1002
kp20 run1.txt,1,-20.0,1,310.000,0.0915,0.1002
kp20 run1.txt,1,-20.0,1,311.000,0.1009,0.1002
kp20 run1.txt,1,-20.0,1,312.000,0.1024,0.1002
kp20 run1.txt,1,-20.0,1,313.000,0.0998,0.1002
kp20 run1.txt,1,-20.0,1,314.000,0.1028,0.1002
kp20 run1.txt,1,-20.0,1,315.000,0.1006,0.1002
kp20 run1.txt,1,-20.0,1,316.000,0.1035,0.1002
kp20 run1.txt,1,-20.0,1,317.000,0.1042,0.1001
kp20 run1.txt,1,-20.0,1,318.000,0.1020,0.1001
kp20 run1.txt,1,-20.0,1,319.000,0.0998,0.1001
kp20 run1.txt,1,-20.0,1,320.000,0.0991,0.1001
kp20 run1.txt,1,-20.0,1,321.000,0.1028,0.1001
kp20 run1.txt,1,-20.0,1,322.000,0.0998,0.1001
kp20 run1.txt,1,-20.0,1,323.000,0.0998,0.1001
kp20 run1.txt,1,-20.0,1,324.000,0.1028,0.1001
kp20 run1.txt,1,-20.0,1,325.000,0.1035,0.1001
kp20 run1.txt,1,-20.0,1,326.000,0.0984,0.1001
kp20 run1.txt,1,-20.0,1,327.000,0.1013,0.1001
kp20 run1.txt,1,-20.0,1,328.000,0.1013,0.1001
kp20 run1.txt,1,-20.0,1,329.000,0.1006,0.1001
kp20 run1.txt,1,-20.0,1,330.000,0.1042,0.1001
kp20 run1.txt,1,-20.0,1,331.000,0.1002,0.1001
kp20 run1.txt,1,-20.0,1,332.000,0.0987,0.1001
kp20 run1.txt,1,-20.0,1,333.000,0.1006,0.1001
kp20 run1.txt,1,-20.0,1,334.000,0.1006,0.1000
kp20 run1.txt,1,-20.0,1,335.000,0.0998,0.1000
kp20 run1.txt,1,-20.0,1,336.000,0.0998,0.1000
kp20 run1.txt,1,-20.0,1,337.000,0.0998,0.1000
kp20 run1.txt,1,-20.0,1,338.000,0.0991,0.1000
kp20 run1.txt,1,-20.0,1,339.000,0.1028,0.1000
kp20 run1.txt,1,-20.0,1,340.000,0.0998,0.1000
kp20 run1.txt,1,-20.0,1,341.000,0.1028,0.1000
kp20 run1.txt,1,-20.0,1,342.000,0.1020,0.1000
kp20 run1.txt,1,-20.0,1,343.000,0.1013,0.1000
kp20 run1.txt,1,-20.0,1,344.000,0.0962,0.1000
kp20 run1.txt,1,-20.0,1,345.000,0.0940,0.1000
kp20 run1.txt,1,-20.0,1,346.000,0.0977,0.1000
kp20 run1.txt,1,-20.0,1,347.000,0.0998,0.1000
kp20 run1.txt,1,-20.0,1,348.000,0.1108,0.1000
kp20 run1.txt,1,-20.0,1,349.000,0.1020,0.1000
kp20 run1.txt,1,-20.0,1,350.000,0.0991,0.1000
kp20 run1.txt,1,-20.0,1,351.000,0.1006,0.1000
kp20 run1.txt,1,-20.0,1,352.000,0.1009,0.1000
kp20 run1.txt,1,-20.0,1,353.000,0.1017,0.1000
kp20 run1.txt,1,-20.0,1,354.000,0.0998,0.1000
kp20 run1.txt,1,-20.0,1,355.000,0.0998,0.1000
kp20 run1.txt,1,-20.0,1,356.000,0.1006,0.1000
kp20 run1.txt,1,-20.0,1,357.000,0.0998,0.1000
kp20 run1.txt,1,-20.0,1,358.000,0.0998,0.1000
kp20 run1.txt,1,-20.0,1,359.000,0.1017,0.1000
kp20 run1.txt,1,-20.0,1,360.000,0.1020,0.1000
kp20 run1.txt,1,-20.0,1,361.000,0.0991,0.1000
kp20 run1.txt,1,-20.0,1,362.000,0.0998,0.1000
kp20 run1.txt,1,-20.0,1,363.000,0.0998,0.1000
kp20 run1.txt,1,-20.0,1,364.000,0.1006,0.1000
kp20 run1.txt,1,-20.0,1,365.000,0.1009,0.1000
kp20 run1.txt,1,-20.0,1,366.000,0.0933,0.1000
kp20 run1.txt,1,-20.0,1,367.000,0.0984,0.1000
kp20 run1.txt,1,-20.0,1,368.000,0.1006,0.1000
kp20 run1.txt,1,-20.0,1,369.000,0.1115,0.1000
kp20 run1.txt,1,-20.0,1,370.000,0.0955,0.1000
kp20 run1.txt,1,-20.0,1,371.000,0.0998,0.1000
kp20 run1.txt,1,-20.0,1,372.000,0.1006,0.1000
kp20 run1.txt,1,-20.0,1,373.000,0.1024,0.1000
kp20 run1.txt,1,-20.0,1,374.000,0.0998,0.1000
kp20 run1.txt,1,-20.0,1,375.000,0.1013,0.1000
kp20 run1.txt,1,-20.0,1,376.000,0.1006,0.1000
kp20 run1.txt,1,-20.0,1,377.000,0.1009,0.1000
kp20 run1.txt,1,-20.0,1,378.000,0.1006,0.1000
kp20 run1.txt,1,-20.0,1,379.000,0.1006,0.1000
kp20 run1.txt,1,-20.0,1,380.000,0.0998,0.1000
kp20 run1.txt,1,-20.0,1,381.000,0.1006,0.1000
kp20 run1.txt,1,-20.0,1,382.000,0.1017,0.1000
kp20 run1.txt,1,-20.0,1,383.000,0.0998,0.1000
kp20 run1.txt,1,-20.0,1,384.000,0.0958,0.1000
kp20 run1.txt,1,-20.0,1,385.000,0.1006,0.1000
kp20 run1.txt,1,-20.0,1,386.000,0.1009,0.1000
kp20 run1.txt,1,-20.0,1,387.000,0.0984,0.1000
kp20 run1.txt,1,-20.0,1,388.000,0.0998,0.1000
kp20 run1.txt,1,-20.0,1,389.000,0.0962,0.1000
kp20 run1.txt,1,-20.0,1,390.000,0.1006,0.1000
kp20 run1.txt,1,-20.0,1,391.000,0.1009,0.1000
kp20 run1.txt,1,-20.0,1,392.000,0.1057,0.1000
kp20 run1.txt,1,-20.0,1,393.000,0.0977,0.1000
kp20 run1.txt,1,-20.0,1,394.000,0.1020,0.1000
kp20 run1.txt,1,-20.0,1,395.000,0.0987,0.1000
kp20 run1.txt,1,-20.0,1,396.000,0.0998,0.1000
kp20 run1.txt,1,-20.0,1,397.000,0.1017,0.1000
kp20 run1.txt,1,-20.0,1,398.000,0.0984,0.1000
kp20 run1.txt,1,-20.0,1,399.000,0.0904,0.1000
kp20 run1.txt,1,-20.0,1,400.000,0.0984,0.1000
kp20 run1.txt,1,-20.0,1,401.000,0.0998,0.1000
kp20 run1.txt,1,-20.0,1,402.000,0.0969,0.1000
kp20 run1.txt,1,-20.0,1,403.000,0.0987,0.1000
kp20 run1.txt,1,-20.0,1,404.000,0.0998,0.1000
kp20 run1.txt,1,-20.0,1,405.000,0.0991,0.1000
kp20 run1.txt,1,-20.0,1,406.000,0.0940,0.1000
kp20 run1.txt,1,-20.0,1,407.000,0.0995,0.1000
kp20 run1.txt,1,-20.0,1,408.000,0.1017,0.1000
kp20 run1.txt,1,-20.0,1,409.000,0.1006,0.1000
kp20 run1.txt,1,-20.0,1,410.000,0.0991,0.1000
kp20 run1.txt,1,-20.0,1,411.000,0.0977,0.1000
kp20 run1.txt,1,-20.0,1,412.000,0.0977,0.1000
kp20 run1.txt,1,-20.0,1,413.000,0.1042,0.1000
kp20 run1.txt,1,-20.0,1,414.000,0.1053,0.1000
kp20 run1.txt,1,-20.0,1,415.000,0.0991,0.1000
kp20 run1.txt,1,-20.0,1,416.000,0.0995,0.1000
kp20 run1.txt,1,-20.0,1,417.000,0.0991,0.1000
kp20 run1.txt,1,-20.0,1,418.000,0.1057,0.1000
kp20 run1.txt,1,-20.0,1,419.000,0.1017,0.1000
kp20 run1.txt,1,-20.0,1,420.000,0.1071,0.1000
kp20 run1.txt,1,-20.0,1,421.000,0.1013,0.1000
kp20 run1.txt,1,-20.0,1,422.000,0.1017,0.1000
kp20 run1.txt,1,-20.0,1,423.000,0.0998,0.1000
kp20 run1.txt,1,-20.0,1,424.000,0.0998,0.1000
kp20 run1.txt,1,-20.0,1,425.000,0.0987,0.1000
kp20 run1.txt,1,-20.0,1,426.000,0.0947,0.1000
kp20 run1.txt,1,-20.0,1,427.000,0.0991,0.1000
kp20 run1.txt,1,-20.0,1,428.000,0.0958,0.1000
kp20 run1.txt,1,-20.0,1,429.000,0.0955,0.1000
kp20 run1.txt,1,-20.0,1,430.000,0.0998,0.1000
kp20 run1.txt,1,-20.0,1,431.000,0.0998,0.1000
kp20 run1.txt,1,-20.0,1,432.000,0.1057,0.1000
kp20 run1.txt,1,-20.0,1,433.000,0.1002,0.1000
kp20 run1.txt,1,-20.0,1,434.000,0.0958,0.1000
kp20 run1.txt,1,-20.0,1,435.000,0.0991,0.1000
kp20 run1.txt,1,-20.0,1,436.000,0.1013,0.1000
kp20 run1.txt,1,-20.0,1,437.000,0.1002,0.1000
kp20 run1.txt,1,-20.0,1,438.000,0.0991,0.1000
kp20 run1.txt,1,-20.0,1,439.000,0.0991,0.1000
kp20 run1.txt,1,-20.0,1,440.000,0.1009,0.1000
kp20 run1.txt,1,-20.0,1,441.000,0.0995,0.1000
kp20 run1.txt,1,-20.0,1,442.000,0.1009,0.1000
kp20 run1.txt,1,-20.0,1,443.000,0.0998,0.1000
kp20 run1.txt,1,-20.0,1,444.000,0.0998,0.1000
kp20 run1.txt,1,-20.0,1,445.000,0.0991,0.1000
kp20 run1.txt,1,-20.0,1,446.000,0.1013,0.1000
kp20 run1.txt,1,-20.0,1,447.000,0.0998,0.1000
kp20 run1.txt,1,-20.0,1,448.000,0.0991,0.1000
kp20 run1.txt,1,-20.0,1,449.000,0.0998,0.1000
kp20 run1.txt,1,-20.0,1,450.000,0.0998,0.1000
kp20 run1.txt,1,-20.0,1,451.000,0.1017,0.1000
kp20 run1.txt,1,-20.0,1,452.000,0.0991,0.1000
kp20 run1.txt,1,-20.0,1,453.000,0.0980,0.1000
kp20 run1.txt,1,-20.0,1,454.000,0.0991,0.1000
kp20 run1.txt,1,-20.0,1,455.000,0.1049,0.1000
kp20 run1.txt,1,-20.0,1,456.000,0.0998,0.1000
kp20 run1.txt,1,-20.0,1,457.000,0.1020,0.1000
kp20 run1.txt,1,-20.0,1,458.000,0.0998,0.1000
kp20 run1.txt,1,-20.0,1,459.000,0.0998,0.1000
kp20 run1.txt,1,-20.0,1,460.000,0.1013,0.1000
kp20 run1.txt,1,-20.0,1,461.000,0.0998,0.1000
kp20 run1.txt,1,-20.0,1,462.000,0.0874,0.1000
kp20 run1.txt,1,-20.0,1,463.000,0.0998,0.1000
kp20 run1.txt,1,-20.0,1,464.000,0.0962,0.1000
kp20 run1.txt,1,-20.0,1,465.000,0.0987,0.1000
kp20 run1.txt,1,-20.0,1,466.000,0.0998,0.1000
kp20 run1.txt,1,-20.0,1,467.000,0.0998,0.1000
kp20 run1.txt,1,-20.0,1,468.000,0.0998,0.1000
kp20 run1.txt,1,-20.0,1,469.000,0.0984,0.1000
kp20 run1.txt,1,-20.0,1,470.000,0.0998,0.1000
kp20 run1.txt,1,-20.0,1,471.000,0.0998,0.1000
kp20 run1.txt,1,-20.0,1,472.000,0.0987,0.1000
kp20 run1.txt,1,-20.0,1,473.000,0.1006,0.1000
kp20 run1.txt,1,-20.0,1,474.000,0.0991,0.1000
kp20 run1.txt,1,-20.0,1,475.000,0.0998,0.1000
kp20 run1.txt,1,-20.0,1,476.000,0.1006,0.1000
kp20 run1.txt,1,-20.0,1,477.000,0.0998,0.1000
kp20 run1.txt,1,-20.0,1,478.000,0.1028,0.1000
kp20 run1.txt,1,-20.0,1,479.000,0.0998,0.1000
kp20 run1.txt,1,-20.0,1,480.000,0.0991,0.1000
kp20 run1.txt,1,-20.0,1,481.000,0.1006,0.1000
kp20 run1.txt,1,-20.0,1,482.000,0.0991,0.1000
kp20 run1.txt,1,-20.0,1,483.000,0.0995,0.1000
kp20 run1.txt,1,-20.0,1,484.000,0.1028,0.1000
kp20 run1.txt,1,-20.0,1,485.000,0.0940,0.1000
kp20 run1.txt,1,-20.0,1,486.000,0.0991,0.1000
kp20 run1.txt,1,-20.0,1,487.000,0.1013,0.1000
kp20 run1.txt,1,-20.0,1,488.000,0.1017,0.1000
kp20 run1.txt,1,-20.0,1,489.000,0.1035,0.1000
kp20 run1.txt,1,-20.0,1,490.000,0.0998,0.1000
kp20 run1.txt,1,-20.0,1,491.000,0.0933,0.1000
kp20 run1.txt,1,-20.0,1,492.000,0.0969,0.1000
kp20 run1.txt,1,-20.0,1,493.000,0.1031,0.1000
kp20 run1.txt,1,-20.0,1,494.000,0.0998,0.1000
kp20 run1.txt,1,-20.0,1,495.000,0.1006,0.1000
kp20 run1.txt,1,-20.0,1,496.000,0.1013,0.1000
kp20 run1.txt,1,-20.0,1,497.000,0.0998,0.1000
kp20 run1.txt,1,-20.0,1,498.000,0.1017,0.1000
kp20 run1.txt,1,-20.0,1,499.000,0.0991,0.1000
kp20 run1.txt,1,-20.0,1,500.000,0.0987,0.1000
kp20 run1.txt,1,-20.0,1,501.000,0.1042,0.1000
kp20 run1.txt,1,-20.0,1,502.000,0.0998,0.1000
kp20 run1.txt,1,-20.0,1,503.000,0.0998,0.1000
kp20 run1.txt,1,-20.0,1,504.000,0.1002,0.1000
kp20 run1.txt,1,-20.0,1,505.000,0.1006,0.1000
kp20 run1.txt,1,-20.0,1,506.000,0.1028,0.1000
kp20 run1.txt,1,-20.0,1,507.000,0.0991,0.1000
kp20 run1.txt,1,-20.0,1,508.000,0.1006,0.1000
kp20 run1.txt,1,-20.0,1,509.000,0.0991,0.1000
kp20 run1.txt,1,-20.0,1,510.000,0.0991,0.1000
kp20 run1.txt,1,-20.0,1,511.000,0.0987,0.1000
kp20 run1.txt,1,-20.0,1,512.000,0.0969,0.1000
kp20 run1.txt,1,-20.0,1,513.000,0.0998,0.1000
kp20 run1.txt,1,-20.0,1,514.000,0.0998,0.1000
kp20 run1.txt,1,-20.0,1,515.000,0.1006,0.1000
kp20 run1.txt,1,-20.0,1,516.000,0.0998,0.1000
kp20 run1.txt,1,-20.0,1,517.000,0.0998,0.1000
kp20 run1.txt,1,-20.0,1,518.000,0.1020,0.1000
kp20 run1.txt,1,-20.0,1,519.000,0.1049,0.1000
kp20 run1.txt,1,-20.0,1,520.000,0.0998,0.1000
kp20 run1.txt,1,-20.0,1,521.000,0.0998,0.1000
kp20 run1.txt,1,-20.0,1,522.000,0.0998,0.1000
kp20 run1.txt,1,-20.0,1,523.000,0.1006,0.1000
kp20 run1.txt,1,-20.0,1,524.000,0.0998,0.1000
kp20 run1.txt,1,-20.0,1,525.000,0.0969,0.1000
kp20 run1.txt,1,-20.0,1,526.000,0.0998,0.1000
kp20 run1.txt,1,-20.0,1,527.000,0.1046,0.1000
kp20 run1.txt,1,-20.0,1,528.000,0.0998,0.1000
kp20 run1.txt,1,-20.0,1,529.000,0.0984,0.1000
kp20 run1.txt,1,-20.0,1,530.000,0.0998,0.1000
kp20 run1.txt,1,-20.0,1,531.000,0.0998,0.1000
kp20 run1.txt,1,-20.0,1,532.000,0.0995,0.1000
kp20 run1.txt,1,-20.0,1,533.000,0.1035,0.1000
kp20 run1.txt,1,-20.0,1,534.000,0.0991,0.1000
kp20 run1.txt,1,-20.0,1,535.000,0.1006,0.1000
kp20 run1.txt,1,-20.0,1,536.000,0.0998,0.1000
kp20 run1.txt,1,-20.0,1,537.000,0.0998,0.1000
kp20 run1.txt,1,-20.0,1,538.000,0.0991,0.1000
kp20 run1.txt,1,-20.0,1,539.000,0.1028,0.1000
kp20 run1.txt,1,-20.0,1,540.000,0.0998,0.1000
kp20 run1.txt,1,-20.0,1,541.000,0.0998,0.1000
kp20 run1.txt,1,-20.0,1,542.000,0.0998,0.1000
kp20 run1.txt,1,-20.0,1,543.000,0.1020,0.1000
kp20 run1.txt,1,-20.0,1,544.000,0.0977,0.1000
kp20 run1.txt,1,-20.0,1,545.000,0.0962,0.1000
kp20 run1.txt,1,-20.0,1,546.000,0.0947,0.1000
kp20 run1.txt,1,-20.0,1,547.000,0.0998,0.1000
kp20 run1.txt,1,-20.0,1,548.000,0.0991,0.1000
kp20 run1.txt,1,-20.0,1,549.000,0.0962,0.1000
kp20 run1.txt,1,-20.0,1,550.000,0.0940,0.1000
kp20 run1.txt,1,-20.0,1,551.000,0.0955,0.1000
kp20 run1.txt,1,-20.0,1,552.000,0.1020,0.1000
kp20 run1.txt,1,-20.0,1,553.000,0.0947,0.1000
kp20 run1.txt,1,-20.0,1,554.000,0.1020,0.1000
kp20 run1.txt,1,-20.0,1,555.000,0.1006,0.1000
kp20 run1.txt,1,-20.0,1,556.000,0.1009,0.1000
kp20 run1.txt,1,-20.0,1,557.000,0.0991,0.1000
kp20 run1.txt,1,-20.0,1,558.000,0.1028,0.1000
kp20 run1.txt,1,-20.0,1,559.000,0.1013,0.1000
kp20 run1.txt,1,-20.0,1,560.000,0.1013,0.1000
kp20 run1.txt,1,-20.0,1,561.000,0.1006,0.1000
kp20 run1.txt,1,-20.0,1,562.000,0.1013,0.1000
kp20 run1.txt,1,-20.0,1,563.000,0.0980,0.1000
kp20 run1.txt,1,-20.0,1,564.000,0.0998,0.1000
kp20 run1.txt,1,-20.0,1,565.000,0.0984,0.1000
kp20 run1.txt,1,-20.0,1,566.000,0.1006,0.1000
kp20 run1.txt,1,-20.0,1,567.000,0.0998,0.1000
kp20 run1.txt,1,-20.0,1,568.000,0.1017,0.1000
kp20 run1.txt,1,-20.0,1,569.000,0.1020,0.1000
kp20 run1.txt,1,-20.0,1,570.000,0.0984,0.1000
kp20 run1.txt,1,-20.0,1,571.000,0.0998,0.1000
kp20 run1.txt,1,-20.0,1,572.000,0.0977,0.1000
kp20 run1.txt,1,-20.0,1,573.000,0.1020,0.1000
kp20 run1.txt,1,-20.0,1,574.000,0.0991,0.1000
kp20 run1.txt,1,-20.0,1,575.000,0.0977,0.1000
kp20 run1.txt,1,-20.0,1,576.000,0.0947,0.1000
kp20 run1.txt,1,-20.0,1,577.000,0.1028,0.1000
kp20 run1.txt,1,-20.0,1,578.000,0.1017,0.1000
kp20 run1.txt,1,-20.0,1,579.000,0.1020,0.1000
kp20 run1.txt,1,-20.0,1,580.000,0.1017,0.1000
kp20 run1.txt,1,-20.0,1,581.000,0.1035,0.1000
kp20 run1.txt,1,-20.0,1,582.000,0.1017,0.1000
kp20 run1.txt,1,-20.0,1,583.000,0.0958,0.1000
kp20 run1.txt,1,-20.0,1,584.000,0.0998,0.1000
kp20 run1.txt,1,-20.0,1,585.000,0.1006,0.1000
kp20 run1.txt,1,-20.0,1,586.000,0.0991,0.1000
kp20 run1.txt,1,-20.0,1,587.000,0.1100,0.1000
kp20 run1.txt,1,-20.0,1,588.000,0.1028,0.1000
kp20 run1.txt,1,-20.0,1,589.000,0.0933,0.1000
kp20 run1.txt,1,-20.0,1,590.000,0.1013,0.1000
kp20 run1.txt,1,-20.0,1,591.000,0.1028,0.1000
kp20 run1.txt,1,-20.0,1,592.000,0.0998,0.1000
kp20 run1.txt,1,-20.0,1,593.000,0.1020,0.1000
kp20 run1.txt,1,-20.0,1,594.000,0.0962,0.1000
kp20 run1.txt,1,-20.0,1,595.000,0.1108,0.1000
kp20 run1.txt,1,-20.0,1,596.000,0.1013,0.1000
kp20 run1.txt,1,-20.0,1,597.000,0.1006,0.1000
kp20 run1.txt,1,-20.0,1,598.000,0.0991,0.1000
kp20 run1.txt,1,-20.0,1,599.000,0.0998,0.1000
kp20 run1.txt,2,-20.0,-1,0.000,0.0991,0.1009
kp20 run1.txt,2,-20.0,-1,1.000,0.1038,0.1009
kp20 run1.txt,2,-20.0,-1,2.000,0.0998,0.1009
kp20 run1.txt,2,-20.0,-1,3.000,0.1013,0.1007
kp20 run1.txt,2,-20.0,-1,4.000,0.1006,0.1002
kp20 run1.txt,2,-20.0,-1,5.000,0.1017,0.0993
kp20 run1.txt,2,-20.0,-1,6.000,0.0998,0.0982
kp20 run1.txt,2,-20.0,-1,7.000,0.0977,0.0967
kp20 run1.txt,2,-20.0,-1,8.000,0.0962,0.0950
kp20 run1.txt,2,-20.0,-1,9.000,0.0940,0.0930
kp20 run1.txt,2,-20.0,-1,10.000,0.0889,0.0908
kp20 run1.txt,2,-20.0,-1,11.000,0.0845,0.0884
kp20 run1.txt,2,-20.0,-1,12.000,0.0853,0.0858
kp20 run1.txt,2,-20.0,-1,13.000,0.0853,0.0829
kp20 run1.txt,2,-20.0,-1,14.000,0.0787,0.0799
kp20 run1.txt,2,-20.0,-1,15.000,0.0765,0.0767
kp20 run1.txt,2,-20.0,-1,16.000,0.0743,0.0734
kp20 run1.txt,2,-20.0,-1,17.000,0.0670,0.0699
kp20 run1.txt,2,-20.0,-1,18.000,0.0656,0.0662
kp20 run1.txt,2,-20.0,-1,19.000,0.0627,0.0625
kp20 run1.txt,2,-20.0,-1,20.000,0.0590,0.0586
kp20 run1.txt,2,-20.0,-1,21.000,0.0648,0.0547
kp20 run1.txt,2,-20.0,-1,22.000,0.0525,0.0506
kp20 run1.txt,2,-20.0,-1,23.000,0.0597,0.0465
kp20 run1.txt,2,-20.0,-1,24.000,0.0473,0.0424
kp20 run1.txt,2,-20.0,-1,25.000,0.0473,0.0381
kp20 run1.txt,2,-20.0,-1,26.000,0.0459,0.0339
kp20 run1.txt,2,-20.0,-1,27.000,0.0452,0.0295
kp20 run1.txt,2,-20.0,-1,28.000,0.0379,0.0252
kp20 run1.txt,2,-20.0,-1,29.000,0.0247,0.0209
kp20 run1.txt,2,-20.0,-1,30.000,0.0182,0.0165
kp20 run1.txt,2,-20.0,-1,31.000,0.0167,0.0121
kp20 run1.txt,2,-20.0,-1,32.000,0.0102,0.0078
kp20 run1.txt,2,-20.0,-1,33.000,0.0058,0.0034
kp20 run1.txt,2,-20.0,-1,34.000,0.0014,-0.0009
kp20 run1.txt,2,-20.0,-1,35.000,-0.0033,-0.0052
kp20 run1.txt,2,-20.0,-1,36.000,-0.0073,-0.0095
kp20 run1.txt,2,-20.0,-1,37.000,-0.0037,-0.0137
kp20 run1.txt,2,-20.0,-1,38.000,-0.0146,-0.0179
kp20 run1.txt,2,-20.0,-1,39.000,-0.0197,-0.0220
kp20 run1.txt,2,-20.0,-1,40.000,-0.0266,-0.0261
kp20 run1.txt,2,-20.0,-1,41.000,-0.0270,-0.0301
kp20 run1.txt,2,-20.0,-1,42.000,-0.0321,-0.0341
kp20 run1.txt,2,-20.0,-1,43.000,-0.0354,-0.0380
kp20 run1.txt,2,-20.0,-1,44.000,-0.0372,-0.0418
kp20 run1.txt,2,-20.0,-1,45.000,-0.0431,-0.0456
kp20 run1.txt,2,-20.0,-1,46.000,-0.0460,-0.0492
kp20 run1.txt,2,-20.0,-1,47.000,-0.0500,-0.0528
kp20 run1.txt,2,-20.0,-1,48.000,-0.0547,-0.0564
kp20 run1.txt,2,-20.0,-1,49.000,-0.0558,-0.0598
kp20 run1.txt,2,-20.0,-1,50.000,-0.0646,-0.0631
kp20 run1.txt,2,-20.0,-1,51.000,-0.0682,-0.0664
kp20 run1.txt,2,-20.0,-1,52.000,-0.0678,-0.0695
kp20 run1.txt,2,-20.0,-1,53.000,-0.0722,-0.0726
kp20 run1.txt,2,-20.0,-1,54.000,-0.0733,-0.0756
kp20 run1.txt,2,-20.0,-1,55.000,-0.0788,-0.0785
kp20 run1.txt,2,-20.0,-1,56.000,-0.0780,-0.0813
kp20 run1.txt,2,-20.0,-1,57.000,-0.0817,-0.0840
kp20 run1.txt,2,-20.0,-1,58.000,-0.0846,-0.0866
kp20 run1.txt,2,-20.0,-1,59.000,-0.0868,-0.0891
kp20 run1.txt,2,-20.0,-1,60.000,-0.0912,-0.0915
kp20 run1.txt,2,-20.0,-1,61.000,-0.0934,-0.0939
kp20 run1.txt,2,-20.0,-1,62.000,-0.0955,-0.0961
kp20 run1.txt,2,-20.0,-1,63.000,-0.1006,-0.0982
kp20 run1.txt,2,-20.0,-1,64.000,-0.0970,-0.1003
kp20 run1.txt,2,-20.0,-1,65.000,-0.1043,-0.1022
kp20 run1.txt,2,-20.0,-1,66.000,-0.1065,-0.1041
kp20 run1.txt,2,-20.0,-1,67.000,-0.1072,-0.1059
kp20 run1.txt,2,-20.0,-1,68.000,-0.1101,-0.1076
kp20 run1.txt,2,-20.0,-1,69.000,-0.1189,-0.1091
kp20 run1.txt,2,-20.0,-1,70.000,-0.1130,-0.1107
kp20 run1.txt,2,-20.0,-1,71.000,-0.1152,-0.1121
kp20 run1.txt,2,-20.0,-1,72.000,-0.1178,-0.1134
kp20 run1.txt,2,-20.0,-1,73.000,-0.1167,-0.1147
kp20 run1.txt,2,-20.0,-1,74.000,-0.1174,-0.1158
kp20 run1.txt,2,-20.0,-1,75.000,-0.1196,-0.1169
kp20 run1.txt,2,-20.0,-1,76.000,-0.1211,-0.1179
kp20 run1.txt,2,-20.0,-1,77.000,-0.1211,-0.1189
kp20 run1.txt,2,-20.0,-1,78.000,-0.1167,-0.1197
kp20 run1.txt,2,-20.0,-1,79.000,-0.1444,-0.1205
kp20 run1.txt,2,-20.0,-1,80.000,-0.1167,-0.1213
kp20 run1.txt,2,-20.0,-1,81.000,-0.1247,-0.1219
kp20 run1.txt,2,-20.0,-1,82.000,-0.1240,-0.1225
kp20 run1.txt,2,-20.0,-1,83.000,-0.1258,-0.1230
kp20 run1.txt,2,-20.0,-1,84.000,-0.1258,-0.1235
kp20 run1.txt,2,-20.0,-1,85.000,-0.1269,-0.1239
kp20 run1.txt,2,-20.0,-1,86.000,-0.1254,-0.1242
kp20 run1.txt,2,-20.0,-1,87.000,-0.1254,-0.1245
kp20 run1.txt,2,-20.0,-1,88.000,-0.1254,-0.1247
kp20 run1.txt,2,-20.0,-1,89.000,-0.1189,-0.1249
kp20 run1.txt,2,-20.0,-1,90.000,-0.1232,-0.1251
kp20 run1.txt,2,-20.0,-1,91.000,-0.1247,-0.1251
kp20 run1.txt,2,-20.0,-1,92.000,-0.1258,-0.1252
kp20 run1.txt,2,-20.0,-1,93.000,-0.1313,-0.1252
kp20 run1.txt,2,-20.0,-1,94.000,-0.1130,-0.1251
kp20 run1.txt,2,-20.0,-1,95.000,-0.1254,-0.1250
kp20 run1.txt,2,-20.0,-1,96.000,-0.1247,-0.1249
kp20 run1.txt,2,-20.0,-1,97.000,-0.1258,-0.1247
kp20 run1.txt,2,-20.0,-1,98.000,-0.1254,-0.1245
kp20 run1.txt,2,-20.0,-1,99.000,-0.1262,-0.1243
kp20 run1.txt,2,-20.0,-1,100.000,-0.1254,-0.1240
kp20 run1.txt,2,-20.0,-1,101.000,-0.1225,-0.1238
kp20 run1.txt,2,-20.0,-1,102.000,-0.1262,-0.1234
kp20 run1.txt,2,-20.0,-1,103.000,-0.1254,-0.1231
kp20 run1.txt,2,-20.0,-1,104.000,-0.1254,-0.1227
kp20 run1.txt,2,-20.0,-1,105.000,-0.1229,-0.1224
kp20 run1.txt,2,-20.0,-1,106.000,-0.1218,-0.1219
kp20 run1.txt,2,-20.0,-1,107.000,-0.1211,-0.1215
kp20 run1.txt,2,-20.0,-1,108.000,-0.1218,-0.1211
kp20 run1.txt,2,-20.0,-1,109.000,-0.1203,-0.1206
kp20 run1.txt,2,-20.0,-1,110.000,-0.1203,-0.1202
kp20 run1.txt,2,-20.0,-1,111.000,-0.1211,-0.1197
kp20 run1.txt,2,-20.0,-1,112.000,-0.1218,-0.1192
kp20 run1.txt,2,-20.0,-1,113.000,-0.1196,-0.1187
kp20 run1.txt,2,-20.0,-1,114.000,-0.1145,-0.1182
kp20 run1.txt,2,-20.0,-1,115.000,-0.1160,-0.1176
kp20 run1.txt,2,-20.0,-1,116.000,-0.1174,-0.1171
kp20 run1.txt,2,-20.0,-1,117.000,-0.1152,-0.1166
kp20 run1.txt,2,-20.0,-1,118.000,-0.1138,-0.1160
kp20 run1.txt,2,-20.0,-1,119.000,-0.1123,-0.1155
kp20 run1.txt,2,-20.0,-1,120.000,-0.1141,-0.1150
kp20 run1.txt,2,-20.0,-1,121.000,-0.1141,-0.1144
kp20 run1.txt,2,-20.0,-1,122.000,-0.1101,-0.1139
kp20 run1.txt,2,-20.0,-1,123.000,-0.1094,-0.1134
kp20 run1.txt,2,-20.0,-1,124.000,-0.1101,-0.1128
kp20 run1.txt,2,-20.0,-1,125.000,-0.1087,-0.1123
kp20 run1.txt,2,-20.0,-1,126.000,-0.1101,-0.1118
kp20 run1.txt,2,-20.0,-1,127.000,-0.1072,-0.1112
kp20 run1.txt,2,-20.0,-1,128.000,-0.1079,-0.1107
kp20 run1.txt,2,-20.0,-1,129.000,-0.1072,-0.1102
kp20 run1.txt,2,-20.0,-1,130.000,-0.1043,-0.1097
kp20 run1.txt,2,-20.0,-1,131.000,-0.1065,-0.1092
kp20 run1.txt,2,-20.0,-1,132.000,-0.1028,-0.1087
kp20 run1.txt,2,-20.0,-1,133.000,-0.1036,-0.1082
kp20 run1.txt,2,-20.0,-1,134.000,-0.1017,-0.1077
kp20 run1.txt,2,-20.0,-1,135.000,-0.0992,-0.1073
kp20 run1.txt,2,-20.0,-1,136.000,-0.1043,-0.1068
kp20 run1.txt,2,-20.0,-1,137.000,-0.1017,-0.1064
kp20 run1.txt,2,-20.0,-1,138.000,-0.1021,-0.1059
kp20 run1.txt,2,-20.0,-1,139.000,-0.0992,-0.1055
kp20 run1.txt,2,-20.0,-1,140.000,-0.0985,-0.1051
kp20 run1.txt,2,-20.0,-1,141.000,-0.1050,-0.1047
kp20 run1.txt,2,-20.0,-1,142.000,-0.0996,-0.1043
kp20 run1.txt,2,-20.0,-1,143.000,-0.0955,-0.1039
kp20 run1.txt,2,-20.0,-1,144.000,-0.0912,-0.1035
kp20 run1.txt,2,-20.0,-1,145.000,-0.0970,-0.1032
kp20 run1.txt,2,-20.0,-1,146.000,-0.0985,-0.1028
kp20 run1.txt,2,-20.0,-1,147.000,-0.0985,-0.1025
kp20 run1.txt,2,-20.0,-1,148.000,-0.0904,-0.1022
kp20 run1.txt,2,-20.0,-1,149.000,-0.1021,-0.1018
kp20 run1.txt,2,-20.0,-1,150.000,-0.0985,-0.1015
kp20 run1.txt,2,-20.0,-1,151.000,-0.0941,-0.1012
kp20 run1.txt,2,-20.0,-1,152.000,-0.0977,-0.1010
kp20 run1.txt,2,-20.0,-1,153.000,-0.0948,-0.1007
kp20 run1.txt,2,-20.0,-1,154.000,-0.0926,-0.1004
kp20 run1.txt,2,-20.0,-1,155.000,-0.0992,-0.1002
kp20 run1.txt,2,-20.0,-1,156.000,-0.0970,-0.1000
kp20 run1.txt,2,-20.0,-1,157.000,-0.0955,-0.0997
kp20 run1.txt,2,-20.0,-1,158.000,-0.0955,-0.0995
kp20 run1.txt,2,-20.0,-1,159.000,-0.0955,-0.0993
kp20 run1.txt,2,-20.0,-1,160.000,-0.0955,-0.0991
kp20 run1.txt,2,-20.0,-1,161.000,-0.0996,-0.0990
kp20 run1.txt,2,-20.0,-1,162.000,-0.0977,-0.0988
kp20 run1.txt,2,-20.0,-1,163.000,-0.0948,-0.0986
kp20 run1.txt,2,-20.0,-1,164.000,-0.0966,-0.0985
kp20 run1.txt,2,-20.0,-1,165.000,-0.0966,-0.0983
kp20 run1.txt,2,-20.0,-1,166.000,-0.0963,-0.0982
kp20 run1.txt,2,-20.0,-1,167.000,-0.0955,-0.0981
kp20 run1.txt,2,-20.0,-1,168.000,-0.0966,-0.0980
kp20 run1.txt,2,-20.0,-1,169.000,-0.0926,-0.0979
kp20 run1.txt,2,-20.0,-1,170.000,-0.0919,-0.0978
kp20 run1.txt,2,-20.0,-1,171.000,-0.0985,-0.0977
kp20 run1.txt,2,-20.0,-1,172.000,-0.0970,-0.0976
kp20 run1.txt,2,-20.0,-1,173.000,-0.0941,-0.0976
kp20 run1.txt,2,-20.0,-1,174.000,-0.0959,-0.0975
kp20 run1.txt,2,-20.0,-1,175.000,-0.0977,-0.0974
kp20 run1.txt,2,-20.0,-1,176.000,-0.0948,-0.0974
kp20 run1.txt,2,-20.0,-1,177.000,-0.0996,-0.0974
kp20 run1.txt,2,-20.0,-1,178.000,-0.0934,-0.0973
kp20 run1.txt,2,-20.0,-1,179.000,-0.0970,-0.0973
kp20 run1.txt,2,-20.0,-1,180.000,-0.0963,-0.0973
kp20 run1.txt,2,-20.0,-1,181.000,-0.0985,-0.0973
kp20 run1.txt,2,-20.0,-1,182.000,-0.0985,-0.0973
kp20 run1.txt,2,-20.0,-1,183.000,-0.1101,-0.0973
kp20 run1.txt,2,-20.0,-1,184.000,-0.0985,-0.0973
kp20 run1.txt,2,-20.0,-1,185.000,-0.0963,-0.0973
kp20 run1.txt,2,-20.0,-1,186.000,-0.0985,-0.0973
kp20 run1.txt,2,-20.0,-1,187.000,-0.0974,-0.0973
kp20 run1.txt,2,-20.0,-1,188.000,-0.0985,-0.0973
kp20 run1.txt,2,-20.0,-1,189.000,-0.0941,-0.0974
kp20 run1.txt,2,-20.0,-1,190.000,-0.0985,-0.0974
kp20 run1.txt,2,-20.0,-1,191.000,-0.1050,-0.0974
kp20 run1.txt,2,-20.0,-1,192.000,-0.1014,-0.0975
kp20 run1.txt,2,-20.0,-1,193.000,-0.1014,-0.0975
kp20 run1.txt,2,-20.0,-1,194.000,-0.1014,-0.0976
kp20 run1.txt,2,-20.0,-1,195.000,-0.0985,-0.0976
kp20 run1.txt,2,-20.0,-1,196.000,-0.1036,-0.0976
kp20 run1.txt,2,-20.0,-1,197.000,-0.1006,-0.0977
kp20 run1.txt,2,-20.0,-1,198.000,-0.0955,-0.0978
kp20 run1.txt,2,-20.0,-1,199.000,-0.0919,-0.0978
kp20 run1.txt,2,-20.0,-1,200.000,-0.1043,-0.0979
kp20 run1.txt,2,-20.0,-1,201.000,-0.1043,-0.0979
kp20 run1.txt,2,-20.0,-1,202.000,-0.1025,-0.0980
kp20 run1.txt,2,-20.0,-1,203.000,-0.1036,-0.0980
kp20 run1.txt,2,-20.0,-1,204.000,-0.0992,-0.0981
kp20 run1.txt,2,-20.0,-1,205.000,-0.1094,-0.0982
kp20 run1.txt,2,-20.0,-1,206.000,-0.1014,-0.0982
kp20 run1.txt,2,-20.0,-1,207.000,-0.1021,-0.0983
kp20 run1.txt,2,-20.0,-1,208.000,-0.0996,-0.0984
kp20 run1.txt,2,-20.0,-1,209.000,-0.1014,-0.0984
kp20 run1.txt,2,-20.0,-1,210.000,-0.0999,-0.0985
kp20 run1.txt,2,-20.0,-1,211.000,-0.1006,-0.0986
kp20 run1.txt,2,-20.0,-1,212.000,-0.1021,-0.0986
kp20 run1.txt,2,-20.0,-1,213.000,-0.1014,-0.0987
kp20 run1.txt,2,-20.0,-1,214.000,-0.1028,-0.0988
kp20 run1.txt,2,-20.0,-1,215.000,-0.0963,-0.0988
kp20 run1.txt,2,-20.0,-1,216.000,-0.0992,-0.0989
kp20 run1.txt,2,-20.0,-1,217.000,-0.1028,-0.0990
kp20 run1.txt,2,-20.0,-1,218.000,-0.1025,-0.0990
kp20 run1.txt,2,-20.0,-1,219.000,-0.1025,-0.0991
kp20 run1.txt,2,-20.0,-1,220.000,-0.1021,-0.0992
kp20 run1.txt,2,-20.0,-1,221.000,-0.1006,-0.0992
kp20 run1.txt,2,-20.0,-1,222.000,-0.1017,-0.0993
kp20 run1.txt,2,-20.0,-1,223.000,-0.1006,-0.0993
kp20 run1.txt,2,-20.0,-1,224.000,-0.0999,-0.0994
kp20 run1.txt,2,-20.0,-1,225.000,-0.1043,-0.0995
kp20 run1.txt,2,-20.0,-1,226.000,-0.1006,-0.0995
kp20 run1.txt,2,-20.0,-1,227.000,-0.1014,-0.0996
kp20 run1.txt,2,-20.0,-1,228.000,-0.0996,-0.0996
kp20 run1.txt,2,-20.0,-1,229.000,-0.1036,-0.0997
kp20 run1.txt,2,-20.0,-1,230.000,-0.1021,-0.0997
kp20 run1.txt,2,-20.0,-1,231.000,-0.0999,-0.0998
kp20 run1.txt,2,-20.0,-1,232.000,-0.1003,-0.0998
kp20 run1.txt,2,-20.0,-1,233.000,-0.0999,-0.0999
kp20 run1.txt,2,-20.0,-1,234.000,-0.1025,-0.0999
kp20 run1.txt,2,-20.0,-1,235.000,-0.0999,-0.1000
kp20 run1.txt,2,-20.0,-1,236.000,-0.1145,-0.1000
kp20 run1.txt,2,-20.0,-1,237.000,-0.1130,-0.1001
kp20 run1.txt,2,-20.0,-1,238.000,-0.1014,-0.1001
kp20 run1.txt,2,-20.0,-1,239.000,-0.0996,-0.1001
kp20 run1.txt,2,-20.0,-1,240.000,-0.0992,-0.1002
kp20 run1.txt,2,-20.0,-1,241.000,-0.1028,-0.1002
kp20 run1.txt,2,-20.0,-1,242.000,-0.0890,-0.1002
kp20 run1.txt,2,-20.0,-1,243.000,-0.1017,-0.1003
kp20 run1.txt,2,-20.0,-1,244.000,-0.0992,-0.1003
kp20 run1.txt,2,-20.0,-1,245.000,-0.0992,-0.1003
kp20 run1.txt,2,-20.0,-1,246.000,-0.1006,-0.1004
kp20 run1.txt,2,-20.0,-1,247.000,-0.1014,-0.1004
kp20 run1.txt,2,-20.0,-1,248.000,-0.1006,-0.1004
kp20 run1.txt,2,-20.0,-1,249.000,-0.1021,-0.1004
kp20 run1.txt,2,-20.0,-1,250.000,-0.1014,-0.1005
kp20 run1.txt,2,-20.0,-1,251.000,-0.1028,-0.1005
kp20 run1.txt,2,-20.0,-1,252.000,-0.1006,-0.1005
kp20 run1.txt,2,-20.0,-1,253.000,-0.1138,-0.1005
kp20 run1.txt,2,-20.0,-1,254.000,-0.1021,-0.1006
kp20 run1.txt,2,-20.0,-1,255.000,-0.1021,-0.1006
kp20 run1.txt,2,-20.0,-1,256.000,-0.1025,-0.1006
kp20 run1.txt,2,-20.0,-1,257.000,-0.1028,-0.1006
kp20 run1.txt,2,-20.0,-1,258.000,-0.1036,-0.1006
kp20 run1.txt,2,-20.0,-1,259.000,-0.1006,-0.1006
kp20 run1.txt,2,-20.0,-1,260.000,-0.0999,-0.1006
kp20 run1.txt,2,-20.0,-1,261.000,-0.1028,-0.1007
kp20 run1.txt,2,-20.0,-1,262.000,-0.1006,-0.1007
kp20 run1.txt,2,-20.0,-1,263.000,-0.1021,-0.1007
kp20 run1.txt,2,-20.0,-1,264.000,-0.0985,-0.1007
kp20 run1.txt,2,-20.0,-1,265.000,-0.1014,-0.1007
kp20 run1.txt,2,-20.0,-1,266.000,-0.1050,-0.1007
kp20 run1.txt,2,-20.0,-1,267.000,-0.1036,-0.1007
kp20 run1.txt,2,-20.0,-1,268.000,-0.1006,-0.1007
kp20 run1.txt,2,-20.0,-1,269.000,-0.1112,-0.1007
kp20 run1.txt,2,-20.0,-1,270.000,-0.1006,-0.1007
kp20 run1.txt,2,-20.0,-1,271.000,-0.1025,-0.1007
kp20 run1.txt,2,-20.0,-1,272.000,-0.1036,-0.1007
kp20 run1.txt,2,-20.0,-1,273.000,-0.1021,-0.1007
kp20 run1.txt,2,-20.0,-1,274.000,-0.1014,-0.1007
kp20 run1.txt,2,-20.0,-1,275.000,-0.1006,-0.1007
kp20 run1.txt,2,-20.0,-1,276.000,-0.0955,-0.1007
kp20 run1.txt,2,-20.0,-1,277.000,-0.1021,-0.1007
kp20 run1.txt,2,-20.0,-1,278.000,-0.0999,-0.1007
kp20 run1.txt,2,-20.0,-1,279.000,-0.1025,-0.1007
kp20 run1.txt,2,-20.0,-1,280.000,-0.1014,-0.1007
kp20 run1.txt,2,-20.0,-1,281.000,-0.0999,-0.1007
kp20 run1.txt,2,-20.0,-1,282.000,-0.0955,-0.1007
kp20 run1.txt,2,-20.0,-1,283.000,-0.0996,-0.1007
kp20 run1.txt,2,-20.0,-1,284.000,-0.0970,-0.1007
kp20 run1.txt,2,-20.0,-1,285.000,-0.1043,-0.1007
kp20 run1.txt,2,-20.0,-1,286.000,-0.0999,-0.1007
kp20 run1.txt,2,-20.0,-1,287.000,-0.0999,-0.1007
kp20 run1.txt,2,-20.0,-1,288.000,-0.0955,-0.1007
kp20 run1.txt,2,-20.0,-1,289.000,-0.0977,-0.1006
kp20 run1.txt,2,-20.0,-1,290.000,-0.0992,-0.1006
kp20 run1.txt,2,-20.0,-1,291.000,-0.0985,-0.1006
kp20 run1.txt,2,-20.0,-1,292.000,-0.0999,-0.1006
kp20 run1.txt,2,-20.0,-1,293.000,-0.1021,-0.1006
kp20 run1.txt,2,-20.0,-1,294.000,-0.1006,-0.1006
kp20 run1.txt,2,-20.0,-1,295.000,-0.1006,-0.1006
kp20 run1.txt,2,-20.0,-1,296.000,-0.0992,-0.1006
kp20 run1.txt,2,-20.0,-1,297.000,-0.0999,-0.1006
kp20 run1.txt,2,-20.0,-1,298.000,-0.1014,-0.1006
kp20 run1.txt,2,-20.0,-1,299.000,-0.1017,-0.1006
kp20 run1.txt,2,-20.0,-1,300.000,-0.1058,-0.1006
kp20 run1.txt,2,-20.0,-1,301.000,-0.1043,-0.1006
kp20 run1.txt,2,-20.0,-1,302.000,-0.1014,-0.1005
kp20 run1.txt,2,-20.0,-1,303.000,-0.0966,-0.1005
kp20 run1.txt,2,-20.0,-1,304.000,-0.1006,-0.1005
kp20 run1.txt,2,-20.0,-1,305.000,-0.0992,-0.1005
kp20 run1.txt,2,-20.0,-1,306.000,-0.0999,-0.1005
kp20 run1.txt,2,-20.0,-1,307.000,-0.0955,-0.1005
kp20 run1.txt,2,-20.0,-1,308.000,-0.1058,-0.1005
kp20 run1.txt,2,-20.0,-1,309.000,-0.1032,-0.1005
kp20 run1.txt,2,-20.0,-1,310.000,-0.0908,-0.1005
kp20 run1.txt,2,-20.0,-1,311.000,-0.1014,-0.1005
kp20 run1.txt,2,-20.0,-1,312.000,-0.0970,-0.1005
kp20 run1.txt,2,-20.0,-1,313.000,-0.1014,-0.1005
kp20 run1.txt,2,-20.0,-1,314.000,-0.0999,-0.1005
kp20 run1.txt,2,-20.0,-1,315.000,-0.0992,-0.1004
kp20 run1.txt,2,-20.0,-1,316.000,-0.0992,-0.1004
kp20 run1.txt,2,-20.0,-1,317.000,-0.1043,-0.1004
kp20 run1.txt,2,-20.0,-1,318.000,-0.1006,-0.1004
kp20 run1.txt,2,-20.0,-1,319.000,-0.0992,-0.1004
kp20 run1.txt,2,-20.0,-1,320.000,-0.1006,-0.1004
kp20 run1.txt,2,-20.0,-1,321.000,-0.0948,-0.1004
kp20 run1.txt,2,-20.0,-1,322.000,-0.0992,-0.1004
kp20 run1.txt,2,-20.0,-1,323.000,-0.0970,-0.1004
kp20 run1.txt,2,-20.0,-1,324.000,-0.1003,-0.1004
kp20 run1.txt,2,-20.0,-1,325.000,-0.1014,-0.1004
kp20 run1.txt,2,-20.0,-1,326.000,-0.0963,-0.1004
kp20 run1.txt,2,-20.0,-1,327.000,-0.1006,-0.1004
kp20 run1.txt,2,-20.0,-1,328.000,-0.0996,-0.1004
kp20 run1.txt,2,-20.0,-1,329.000,-0.0985,-0.1004
kp20 run1.txt,2,-20.0,-1,330.000,-0.1006,-0.1004
kp20 run1.txt,2,-20.0,-1,331.000,-0.1006,-0.1004
kp20 run1.txt,2,-20.0,-1,332.000,-0.0992,-0.1003
kp20 run1.txt,2,-20.0,-1,333.000,-0.0992,-0.1003
kp20 run1.txt,2,-20.0,-1,334.000,-0.0948,-0.1003
kp20 run1.txt,2,-20.0,-1,335.000,-0.0992,-0.1003
kp20 run1.txt,2,-20.0,-1,336.000,-0.0977,-0.1003
kp20 run1.txt,2,-20.0,-1,337.000,-0.1021,-0.1003
kp20 run1.txt,2,-20.0,-1,338.000,-0.1006,-0.1003
kp20 run1.txt,2,-20.0,-1,339.000,-0.0977,-0.1003
kp20 run1.txt,2,-20.0,-1,340.000,-0.0992,-0.1003
kp20 run1.txt,2,-20.0,-1,341.000,-0.0996,-0.1003
kp20 run1.txt,2,-20.0,-1,342.000,-0.0890,-0.1003
kp20 run1.txt,2,-20.0,-1,343.000,-0.0912,-0.1003
kp20 run1.txt,2,-20.0,-1,344.000,-0.0999,-0.1003
kp20 run1.txt,2,-20.0,-1,345.000,-0.1006,-0.1003
kp20 run1.txt,2,-20.0,-1,346.000,-0.0992,-0.1003
kp20 run1.txt,2,-20.0,-1,347.000,-0.0999,-0.1003
kp20 run1.txt,2,-20.0,-1,348.000,-0.0992,-0.1003
kp20 run1.txt,2,-20.0,-1,349.000,-0.1047,-0.1003
kp20 run1.txt,2,-20.0,-1,350.000,-0.1006,-0.1003
kp20 run1.txt,2,-20.0,-1,351.000,-0.1021,-0.1003
kp20 run1.txt,2,-20.0,-1,352.000,-0.1028,-0.1003
kp20 run1.txt,2,-20.0,-1,353.000,-0.0985,-0.1003
kp20 run1.txt,2,-20.0,-1,354.000,-0.1006,-0.1003
kp20 run1.txt,2,-20.0,-1,355.000,-0.0966,-0.1003
kp20 run1.txt,2,-20.0,-1,356.000,-0.0985,-0.1003
kp20 run1.txt,2,-20.0,-1,357.000,-0.0977,-0.1003
kp20 run1.txt,2,-20.0,-1,358.000,-0.0999,-0.1003
kp20 run1.txt,2,-20.0,-1,359.000,-0.0996,-0.1003
kp20 run1.txt,2,-20.0,-1,360.000,-0.0846,-0.1003
kp20 run1.txt,2,-20.0,-1,361.000,-0.1043,-0.1003
kp20 run1.txt,2,-20.0,-1,362.000,-0.0992,-0.1003
kp20 run1.txt,2,-20.0,-1,363.000,-0.1006,-0.1003
kp20 run1.txt,2,-20.0,-1,364.000,-0.1014,-0.1003
kp20 run1.txt,2,-20.0,-1,365.000,-0.1014,-0.1003
kp20 run1.txt,2,-20.0,-1,366.000,-0.0999,-0.1003
kp20 run1.txt,2,-20.0,-1,367.000,-0.1017,-0.1003
kp20 run1.txt,2,-20.0,-1,368.000,-0.1079,-0.1003
kp20 run1.txt,2,-20.0,-1,369.000,-0.0985,-0.1003
kp20 run1.txt,2,-20.0,-1,370.000,-0.0999,-0.1003
kp20 run1.txt,2,-20.0,-1,371.000,-0.0992,-0.1003
kp20 run1.txt,2,-20.0,-1,372.000,-0.0977,-0.1003
kp20 run1.txt,2,-20.0,-1,373.000,-0.1014,-0.1003
kp20 run1.txt,2,-20.0,-1,374.000,-0.0985,-0.1003
kp20 run1.txt,2,-20.0,-1,375.000,-0.1006,-0.1003
kp20 run1.txt,2,-20.0,-1,376.000,-0.0992,-0.1003
kp20 run1.txt,2,-20.0,-1,377.000,-0.1014,-0.1003
kp20 run1.txt,2,-20.0,-1,378.000,-0.0999,-0.1003
kp20 run1.txt,2,-20.0,-1,379.000,-0.1006,-0.1003
kp20 run1.txt,2,-20.0,-1,380.000,-0.0999,-0.1003
kp20 run1.txt,2,-20.0,-1,381.000,-0.1065,-0.1003
kp20 run1.txt,2,-20.0,-1,382.000,-0.0996,-0.1003
kp20 run1.txt,2,-20.0,-1,383.000,-0.1006,-0.1003
kp20 run1.txt,2,-20.0,-1,384.000,-0.0999,-0.1003
kp20 run1.txt,2,-20.0,-1,385.000,-0.0992,-0.1003
kp20 run1.txt,2,-20.0,-1,386.000,-0.0970,-0.1003
kp20 run1.txt,2,-20.0,-1,387.000,-0.0999,-0.1003
kp20 run1.txt,2,-20.0,-1,388.000,-0.0999,-0.1003
kp20 run1.txt,2,-20.0,-1,389.000,-0.0999,-0.1003
kp20 run1.txt,2,-20.0,-1,390.000,-0.0992,-0.1003
kp20 run1.txt,2,-20.0,-1,391.000,-0.1006,-0.1003
kp20 run1.txt,2,-20.0,-1,392.000,-0.1006,-0.1003
kp20 run1.txt,2,-20.0,-1,393.000,-0.0974,-0.1003
kp20 run1.txt,2,-20.0,-1,394.000,-0.0977,-0.1003
kp20 run1.txt,2,-20.0,-1,395.000,-0.1043,-0.1003
kp20 run1.txt,2,-20.0,-1,396.000,-0.1003,-0.1003
kp20 run1.txt,2,-20.0,-1,397.000,-0.0996,-0.1003
kp20 run1.txt,2,-20.0,-1,398.000,-0.0996,-0.1003
kp20 run1.txt,2,-20.0,-1,399.000,-0.0992,-0.1003
kp20 run1.txt,2,-20.0,-1,400.000,-0.0996,-0.1003
kp20 run1.txt,2,-20.0,-1,401.000,-0.1006,-0.1003
kp20 run1.txt,2,-20.0,-1,402.000,-0.0992,-0.1003
kp20 run1.txt,2,-20.0,-1,403.000,-0.0985,-0.1003
kp20 run1.txt,2,-20.0,-1,404.000,-0.0992,-0.1003
kp20 run1.txt,2,-20.0,-1,405.000,-0.1003,-0.1003
kp20 run1.txt,2,-20.0,-1,406.000,-0.0999,-0.1003
kp20 run1.txt,2,-20.0,-1,407.000,-0.0985,-0.1003
kp20 run1.txt,2,-20.0,-1,408.000,-0.1058,-0.1003
kp20 run1.txt,2,-20.0,-1,409.000,-0.1006,-0.1003
kp20 run1.txt,2,-20.0,-1,410.000,-0.1003,-0.1003
kp20 run1.txt,2,-20.0,-1,411.000,-0.0992,-0.1003
kp20 run1.txt,2,-20.0,-1,412.000,-0.1050,-0.1003
kp20 run1.txt,2,-20.0,-1,413.000,-0.0926,-0.1003
kp20 run1.txt,2,-20.0,-1,414.000,-0.0996,-0.1003
kp20 run1.txt,2,-20.0,-1,415.000,-0.0992,-0.1003
kp20 run1.txt,2,-20.0,-1,416.000,-0.0996,-0.1003
kp20 run1.txt,2,-20.0,-1,417.000,-0.0992,-0.1003
kp20 run1.txt,2,-20.0,-1,418.000,-0.0992,-0.1003
kp20 run1.txt,2,-20.0,-1,419.000,-0.0974,-0.1003
kp20 run1.txt,2,-20.0,-1,420.000,-0.0992,-0.1003
kp20 run1.txt,2,-20.0,-1,421.000,-0.1014,-0.1003
kp20 run1.txt,2,-20.0,-1,422.000,-0.0985,-0.1003
kp20 run1.txt,2,-20.0,-1,423.000,-0.0996,-0.1003
kp20 run1.txt,2,-20.0,-1,424.000,-0.0999,-0.1003
kp20 run1.txt,2,-20.0,-1,425.000,-0.0985,-0.1003
kp20 run1.txt,2,-20.0,-1,426.000,-0.0985,-0.1003
kp20 run1.txt,2,-20.0,-1,427.000,-0.0992,-0.1003
kp20 run1.txt,2,-20.0,-1,428.000,-0.0992,-0.1003
kp20 run1.txt,2,-20.0,-1,429.000,-0.0996,-0.1003
kp20 run1.txt,2,-20.0,-1,430.000,-0.0999,-0.1003
kp20 run1.txt,2,-20.0,-1,431.000,-0.0992,-0.1003
kp20 run1.txt,2,-20.0,-1,432.000,-0.0985,-0.1003
kp20 run1.txt,2,-20.0,-1,433.000,-0.1028,-0.1003
kp20 run1.txt,2,-20.0,-1,434.000,-0.1025,-0.1003
kp20 run1.txt,2,-20.0,-1,435.000,-0.0985,-0.1003
kp20 run1.txt,2,-20.0,-1,436.000,-0.1065,-0.1003
kp20 run1.txt,2,-20.0,-1,437.000,-0.0996,-0.1003
kp20 run1.txt,2,-20.0,-1,438.000,-0.1021,-0.1003
kp20 run1.txt,2,-20.0,-1,439.000,-0.0977,-0.1003
kp20 run1.txt,2,-20.0,-1,440.000,-0.0992,-0.1003
kp20 run1.txt,2,-20.0,-1,441.000,-0.0985,-0.1003
kp20 run1.txt,2,-20.0,-1,442.000,-0.1021,-0.1003
kp20 run1.txt,2,-20.0,-1,443.000,-0.1014,-0.1003
kp20 run1.txt,2,-20.0,-1,444.000,-0.1006,-0.1003
kp20 run1.txt,2,-20.0,-1,445.000,-0.1006,-0.1003
kp20 run1.txt,2,-20.0,-1,446.000,-0.1014,-0.1003
kp20 run1.txt,2,-20.0,-1,447.000,-0.1021,-0.1003
kp20 run1.txt,2,-20.0,-1,448.000,-0.1006,-0.1003
kp20 run1.txt,2,-20.0,-1,449.000,-0.0992,-0.1003
kp20 run1.txt,2,-20.0,-1,450.000,-0.0999,-0.1003
kp20 run1.txt,2,-20.0,-1,451.000,-0.0996,-0.1003
kp20 run1.txt,2,-20.0,-1,452.000,-0.1014,-0.1003
kp20 run1.txt,2,-20.0,-1,453.000,-0.1006,-0.1003
kp20 run1.txt,2,-20.0,-1,454.000,-0.1014,-0.1003
kp20 run1.txt,2,-20.0,-1,455.000,-0.0992,-0.1003
kp20 run1.txt,2,-20.0,-1,456.000,-0.0999,-0.1003
kp20 run1.txt,2,-20.0,-1,457.000,-0.0948,-0.1003
kp20 run1.txt,2,-20.0,-1,458.000,-0.0992,-0.1003
kp20 run1.txt,2,-20.0,-1,459.000,-0.0999,-0.1003
kp20 run1.txt,2,-20.0,-1,460.000,-0.1014,-0.1003
kp20 run1.txt,2,-20.0,-1,461.000,-0.1014,-0.1003
kp20 run1.txt,2,-20.0,-1,462.000,-0.0977,-0.1003
kp20 run1.txt,2,-20.0,-1,463.000,-0.0996,-0.1003
kp20 run1.txt,2,-20.0,-1,464.000,-0.1006,-0.1003
kp20 run1.txt,2,-20.0,-1,465.000,-0.1021,-0.1003
kp20 run1.txt,2,-20.0,-1,466.000,-0.0977,-0.1003
kp20 run1.txt,2,-20.0,-1,467.000,-0.0996,-0.1003
kp20 run1.txt,2,-20.0,-1,468.000,-0.1112,-0.1003
kp20 run1.txt,2,-20.0,-1,469.000,-0.0999,-0.1003
kp20 run1.txt,2,-20.0,-1,470.000,-0.0985,-0.1003
kp20 run1.txt,2,-20.0,-1,471.000,-0.1014,-0.1003
kp20 run1.txt,2,-20.0,-1,472.000,-0.0992,-0.1003
kp20 run1.txt,2,-20.0,-1,473.000,-0.0992,-0.1003
kp20 run1.txt,2,-20.0,-1,474.000,-0.0985,-0.1003
kp20 run1.txt,2,-20.0,-1,475.000,-0.0996,-0.1003
kp20 run1.txt,2,-20.0,-1,476.000,-0.0985,-0.1003
kp20 run1.txt,2,-20.0,-1,477.000,-0.1047,-0.1003
kp20 run1.txt,2,-20.0,-1,478.000,-0.0999,-0.1003
kp20 run1.txt,2,-20.0,-1,479.000,-0.1014,-0.1003
kp20 run1.txt,2,-20.0,-1,480.000,-0.1021,-0.1003
kp20 run1.txt,2,-20.0,-1,481.000,-0.1050,-0.1003
kp20 run1.txt,2,-20.0,-1,482.000,-0.0977,-0.1003
kp20 run1.txt,2,-20.0,-1,483.000,-0.0970,-0.1003
kp20 run1.txt,2,-20.0,-1,484.000,-0.0985,-0.1003
kp20 run1.txt,2,-20.0,-1,485.000,-0.0992,-0.1003
kp20 run1.txt,2,-20.0,-1,486.000,-0.0817,-0.1003
kp20 run1.txt,2,-20.0,-1,487.000,-0.0996,-0.1003
kp20 run1.txt,2,-20.0,-1,488.000,-0.1036,-0.1003
kp20 run1.txt,2,-20.0,-1,489.000,-0.0963,-0.1003
kp20 run1.txt,2,-20.0,-1,490.000,-0.1006,-0.1003
kp20 run1.txt,2,-20.0,-1,491.000,-0.1021,-0.1003
kp20 run1.txt,2,-20.0,-1,492.000,-0.0999,-0.1003
kp20 run1.txt,2,-20.0,-1,493.000,-0.0999,-0.1003
kp20 run1.txt,2,-20.0,-1,494.000,-0.0999,-0.1003
kp20 run1.txt,2,-20.0,-1,495.000,-0.1036,-0.1003
kp20 run1.txt,2,-20.0,-1,496.000,-0.0999,-0.1003
kp20 run1.txt,2,-20.0,-1,497.000,-0.1014,-0.1003
kp20 run1.txt,2,-20.0,-1,498.000,-0.1025,-0.1003
kp20 run1.txt,2,-20.0,-1,499.000,-0.1160,-0.1003
kp20 run1.txt,2,-20.0,-1,500.000,-0.0985,-0.1003
kp20 run1.txt,2,-20.0,-1,501.000,-0.0930,-0.1003
kp20 run1.txt,2,-20.0,-1,502.000,-0.1014,-0.1003
kp20 run1.txt,2,-20.0,-1,503.000,-0.1079,-0.1003
kp20 run1.txt,2,-20.0,-1,504.000,-0.1006,-0.1003
kp20 run1.txt,2,-20.0,-1,505.000,-0.1006,-0.1003
kp20 run1.txt,2,-20.0,-1,506.000,-0.1014,-0.1003
kp20 run1.txt,2,-20.0,-1,507.000,-0.0999,-0.1003
kp20 run1.txt,2,-20.0,-1,508.000,-0.0992,-0.1003
kp20 run1.txt,2,-20.0,-1,509.000,-0.1014,-0.1003
kp20 run1.txt,2,-20.0,-1,510.000,-0.0992,-0.1003
kp20 run1.txt,2,-20.0,-1,511.000,-0.1006,-0.1003
kp20 run1.txt,2,-20.0,-1,512.000,-0.0999,-0.1003
kp20 run1.txt,2,-20.0,-1,513.000,-0.1014,-0.1003
kp20 run1.txt,2,-20.0,-1,514.000,-0.1021,-0.1003
kp20 run1.txt,2,-20.0,-1,515.000,-0.0992,-0.1003
kp20 run1.txt,2,-20.0,-1,516.000,-0.1003,-0.1003
kp20 run1.txt,2,-20.0,-1,517.000,-0.1043,-0.1003
kp20 run1.txt,2,-20.0,-1,518.000,-0.1014,-0.1003
kp20 run1.txt,2,-20.0,-1,519.000,-0.1160,-0.1003
kp20 run1.txt,2,-20.0,-1,520.000,-0.1014,-0.1003
kp20 run1.txt,2,-20.0,-1,521.000,-0.1028,-0.1003
kp20 run1.txt,2,-20.0,-1,522.000,-0.0992,-0.1003
kp20 run1.txt,2,-20.0,-1,523.000,-0.0996,-0.1003
kp20 run1.txt,2,-20.0,-1,524.000,-0.0999,-0.1003
kp20 run1.txt,2,-20.0,-1,525.000,-0.1123,-0.1003
kp20 run1.txt,2,-20.0,-1,526.000,-0.0963,-0.1003
kp20 run1.txt,2,-20.0,-1,527.000,-0.1021,-0.1003
kp20 run1.txt,2,-20.0,-1,528.000,-0.1006,-0.1003
kp20 run1.txt,2,-20.0,-1,529.000,-0.1028,-0.1003
kp20 run1.txt,2,-20.0,-1,530.000,-0.1021,-0.1003
kp20 run1.txt,2,-20.0,-1,531.000,-0.0999,-0.1003
kp20 run1.txt,2,-20.0,-1,532.000,-0.1010,-0.1003
kp20 run1.txt,2,-20.0,-1,533.000,-0.0996,-0.1003
kp20 run1.txt,2,-20.0,-1,534.000,-0.0977,-0.1003
kp20 run1.txt,2,-20.0,-1,535.000,-0.1050,-0.1003
kp20 run1.txt,2,-20.0,-1,536.000,-0.0996,-0.1003
kp20 run1.txt,2,-20.0,-1,537.000,-0.1036,-0.1003
kp20 run1.txt,2,-20.0,-1,538.000,-0.0999,-0.1003
kp20 run1.txt,2,-20.0,-1,539.000,-0.1028,-0.1003
kp20 run1.txt,2,-20.0,-1,540.000,-0.1014,-0.1003
kp20 run1.txt,2,-20.0,-1,541.000,-0.1109,-0.1003
kp20 run1.txt,2,-20.0,-1,542.000,-0.0985,-0.1003
kp20 run1.txt,2,-20.0,-1,543.000,-0.0955,-0.1003
kp20 run1.txt,2,-20.0,-1,544.000,-0.1003,-0.1003
kp20 run1.txt,2,-20.0,-1,545.000,-0.0996,-0.1003
kp20 run1.txt,2,-20.0,-1,546.000,-0.1021,-0.1003
kp20 run1.txt,2,-20.0,-1,547.000,-0.0985,-0.1003
kp20 run1.txt,2,-20.0,-1,548.000,-0.0992,-0.1003
kp20 run1.txt,2,-20.0,-1,549.000,-0.0992,-0.1003
kp20 run1.txt,2,-20.0,-1,550.000,-0.1014,-0.1003
kp20 run1.txt,2,-20.0,-1,551.000,-0.0985,-0.1003
kp20 run1.txt,2,-20.0,-1,552.000,-0.0999,-0.1003
kp20 run1.txt,2,-20.0,-1,553.000,-0.1003,-0.1003
kp20 run1.txt,2,-20.0,-1,554.000,-0.0977,-0.1003
kp20 run1.txt,2,-20.0,-1,555.000,-0.1006,-0.1003
kp20 run1.txt,2,-20.0,-1,556.000,-0.1006,-0.1003
kp20 run1.txt,2,-20.0,-1,557.000,-0.1043,-0.1003
kp20 run1.txt,2,-20.0,-1,558.000,-0.0992,-0.1003
kp20 run1.txt,2,-20.0,-1,559.000,-0.1036,-0.1003
kp20 run1.txt,2,-20.0,-1,560.000,-0.1014,-0.1003
kp20 run1.txt,2,-20.0,-1,561.000,-0.0959,-0.1003
kp20 run1.txt,2,-20.0,-1,562.000,-0.0970,-0.1003
kp20 run1.txt,2,-20.0,-1,563.000,-0.0992,-0.1003
kp20 run1.txt,2,-20.0,-1,564.000,-0.1006,-0.1003
kp20 run1.txt,2,-20.0,-1,565.000,-0.1006,-0.1003
kp20 run1.txt,2,-20.0,-1,566.000,-0.0996,-0.1003
kp20 run1.txt,2,-20.0,-1,567.000,-0.1028,-0.1003
kp20 run1.txt,2,-20.0,-1,568.000,-0.0999,-0.1003
kp20 run1.txt,2,-20.0,-1,569.000,-0.0999,-0.1003
kp20 run1.txt,2,-20.0,-1,570.000,-0.1014,-0.1003
kp20 run1.txt,2,-20.0,-1,571.000,-0.0985,-0.1003
kp20 run1.txt,2,-20.0,-1,572.000,-0.0985,-0.1003
kp20 run1.txt,2,-20.0,-1,573.000,-0.1032,-0.1003
kp20 run1.txt,2,-20.0,-1,574.000,-0.0999,-0.1003
kp20 run1.txt,2,-20.0,-1,575.000,-0.0992,-0.1003
kp20 run1.txt,2,-20.0,-1,576.000,-0.0999,-0.1003
kp20 run1.txt,2,-20.0,-1,577.000,-0.1006,-0.1003
kp20 run1.txt,2,-20.0,-1,578.000,-0.0992,-0.1003
kp20 run1.txt,2,-20.0,-1,579.000,-0.1003,-0.1003
kp20 run1.txt,2,-20.0,-1,580.000,-0.0788,-0.1003
kp20 run1.txt,2,-20.0,-1,581.000,-0.0999,-0.1003
kp20 run1.txt,2,-20.0,-1,582.000,-0.1036,-0.1003
kp20 run1.txt,2,-20.0,-1,583.000,-0.1006,-0.1003
kp20 run1.txt,2,-20.0,-1,584.000,-0.0996,-0.1003
kp20 run1.txt,2,-20.0,-1,585.000,-0.0985,-0.1003
kp20 run1.txt,2,-20.0,-1,586.000,-0.1025,-0.1003
kp20 run1.txt,2,-20.0,-1,587.000,-0.0985,-0.1003
kp20 run1.txt,2,-20.0,-1,588.000,-0.1014,-0.1003
kp20 run1.txt,2,-20.0,-1,589.000,-0.0846,-0.1003
kp20 run1.txt,2,-20.0,-1,590.000,-0.0977,-0.1003
kp20 run1.txt,2,-20.0,-1,591.000,-0.1043,-0.1003
kp20 run1.txt,2,-20.0,-1,592.000,-0.1006,-0.1003
kp20 run1.txt,2,-20.0,-1,593.000,-0.0992,-0.1003
kp20 run1.txt,2,-20.0,-1,594.000,-0.0985,-0.1003
kp20 run1.txt,2,-20.0,-1,595.000,-0.1014,-0.1003
kp20 run1.txt,2,-20.0,-1,596.000,-0.1006,-0.1003
kp20 run1.txt,2,-20.0,-1,597.000,-0.1014,-0.1003
kp20 run1.txt,2,-20.0,-1,598.000,-0.0952,-0.1003
kp20 run1.txt,2,-20.0,-1,599.000,-0.1014,-0.1003
kp20 run1.txt,3,-20.0,1,0.000,-0.0977,-0.1023
kp20 run1.txt,3,-20.0,1,1.000,-0.0999,-0.1023
kp20 run1.txt,3,-20.0,1,2.000,-0.1094,-0.1023
kp20 run1.txt,3,-20.0,1,3.000,-0.1025,-0.1021
kp20 run1.txt,3,-20.0,1,4.000,-0.0992,-0.1016
kp20 run1.txt,3,-20.0,1,5.000,-0.0996,-0.1007
kp20 run1.txt,3,-20.0,1,6.000,-0.1050,-0.0996
kp20 run1.txt,3,-20.0,1,7.000,-0.0985,-0.0981
kp20 run1.txt,3,-20.0,1,8.000,-0.0948,-0.0964
kp20 run1.txt,3,-20.0,1,9.000,-0.0937,-0.0944
kp20 run1.txt,3,-20.0,1,10.000,-0.0883,-0.0922
kp20 run1.txt,3,-20.0,1,11.000,-0.0908,-0.0898
kp20 run1.txt,3,-20.0,1,12.000,-0.0846,-0.0871
kp20 run1.txt,3,-20.0,1,13.000,-0.0846,-0.0842
kp20 run1.txt,3,-20.0,1,14.000,-0.0762,-0.0812
kp20 run1.txt,3,-20.0,1,15.000,-0.0791,-0.0780
kp20 run1.txt,3,-20.0,1,16.000,-0.0748,-0.0746
kp20 run1.txt,3,-20.0,1,17.000,-0.0697,-0.0711
kp20 run1.txt,3,-20.0,1,18.000,-0.0616,-0.0674
kp20 run1.txt,3,-20.0,1,19.000,-0.0722,-0.0637
kp20 run1.txt,3,-20.0,1,20.000,-0.0576,-0.0598
kp20 run1.txt,3,-20.0,1,21.000,-0.0394,-0.0558
kp20 run1.txt,3,-20.0,1,22.000,-0.0518,-0.0518
kp20 run1.txt,3,-20.0,1,23.000,-0.0387,-0.0476
kp20 run1.txt,3,-20.0,1,24.000,-0.0409,-0.0434
kp20 run1.txt,3,-20.0,1,25.000,-0.0365,-0.0392
kp20 run1.txt,3,-20.0,1,26.000,-0.0321,-0.0349
kp20 run1.txt,3,-20.0,1,27.000,-0.0307,-0.0305
kp20 run1.txt,3,-20.0,1,28.000,-0.0266,-0.0262
kp20 run1.txt,3,-20.0,1,29.000,-0.0237,-0.0218
kp20 run1.txt,3,-20.0,1,30.000,-0.0146,-0.0174
kp20 run1.txt,3,-20.0,1,31.000,-0.0146,-0.0130
kp20 run1.txt,3,-20.0,1,32.000,-0.0092,-0.0086
kp20 run1.txt,3,-20.0,1,33.000,-0.0059,-0.0042
kp20 run1.txt,3,-20.0,1,34.000,-0.0037,0.0001
kp20 run1.txt,3,-20.0,1,35.000,-0.0022,0.0044
kp20 run1.txt,3,-20.0,1,36.000,0.0080,0.0087
kp20 run1.txt,3,-20.0,1,37.000,0.0124,0.0130
kp20 run1.txt,3,-20.0,1,38.000,0.0134,0.0172
kp20 run1.txt,3,-20.0,1,39.000,0.0171,0.0214
kp20 run1.txt,3,-20.0,1,40.000,0.0207,0.0255
kp20 run1.txt,3,-20.0,1,41.000,0.0328,0.0295
kp20 run1.txt,3,-20.0,1,42.000,0.0247,0.0335
kp20 run1.txt,3,-20.0,1,43.000,0.0328,0.0374
kp20 run1.txt,3,-20.0,1,44.000,0.0386,0.0413
kp20 run1.txt,3,-20.0,1,45.000,0.0386,0.0450
kp20 run1.txt,3,-20.0,1,46.000,0.0422,0.0487
kp20 run1.txt,3,-20.0,1,47.000,0.0466,0.0524
kp20 run1.txt,3,-20.0,1,48.000,0.0510,0.0559
kp20 run1.txt,3,-20.0,1,49.000,0.0546,0.0594
kp20 run1.txt,3,-20.0,1,50.000,0.0554,0.0627
kp20 run1.txt,3,-20.0,1,51.000,0.0616,0.0660
kp20 run1.txt,3,-20.0,1,52.000,0.0597,0.0692
kp20 run1.txt,3,-20.0,1,53.000,0.0699,0.0723
kp20 run1.txt,3,-20.0,1,54.000,0.0707,0.0753
kp20 run1.txt,3,-20.0,1,55.000,0.0725,0.0782
kp20 run1.txt,3,-20.0,1,56.000,0.0732,0.0810
kp20 run1.txt,3,-20.0,1,57.000,0.0809,0.0837
kp20 run1.txt,3,-20.0,1,58.000,0.0885,0.0864
kp20 run1.txt,3,-20.0,1,59.000,0.0809,0.0889
kp20 run1.txt,3,-20.0,1,60.000,0.0867,0.0913
kp20 run1.txt,3,-20.0,1,61.000,0.0962,0.0937
kp20 run1.txt,3,-20.0,1,62.000,0.0882,0.0959
kp20 run1.txt,3,-20.0,1,63.000,0.0962,0.0981
kp20 run1.txt,3,-20.0,1,64.000,0.0977,0.1001
kp20 run1.txt,3,-20.0,1,65.000,0.0991,0.1021
kp20 run1.txt,3,-20.0,1,66.000,0.1031,0.1040
kp20 run1.txt,3,-20.0,1,67.000,0.1046,0.1057
kp20 run1.txt,3,-20.0,1,68.000,0.1086,0.1074
kp20 run1.txt,3,-20.0,1,69.000,0.1075,0.1090
kp20 run1.txt,3,-20.0,1,70.000,0.1079,0.1105
kp20 run1.txt,3,-20.0,1,71.000,0.1108,0.1120
kp20 run1.txt,3,-20.0,1,72.000,0.1137,0.1133
kp20 run1.txt,3,-20.0,1,73.000,0.1108,0.1146
kp20 run1.txt,3,-20.0,1,74.000,0.1115,0.1158
kp20 run1.txt,3,-20.0,1,75.000,0.1173,0.1169
kp20 run1.txt,3,-20.0,1,76.000,0.1173,0.1179
kp20 run1.txt,3,-20.0,1,77.000,0.1144,0.1188
kp20 run1.txt,3,-20.0,1,78.000,0.1181,0.1197
kp20 run1.txt,3,-20.0,1,79.000,0.1195,0.1205
kp20 run1.txt,3,-20.0,1,80.000,0.1224,0.1212
kp20 run1.txt,3,-20.0,1,81.000,0.1243,0.1219
kp20 run1.txt,3,-20.0,1,82.000,0.1173,0.1225
kp20 run1.txt,3,-20.0,1,83.000,0.1210,0.1230
kp20 run1.txt,3,-20.0,1,84.000,0.1203,0.1235
kp20 run1.txt,3,-20.0,1,85.000,0.1210,0.1239
kp20 run1.txt,3,-20.0,1,86.000,0.1261,0.1242
kp20 run1.txt,3,-20.0,1,87.000,0.1224,0.1245
kp20 run1.txt,3,-20.0,1,88.000,0.1203,0.1247
kp20 run1.txt,3,-20.0,1,89.000,0.1224,0.1249
kp20 run1.txt,3,-20.0,1,90.000,0.1232,0.1250
kp20 run1.txt,3,-20.0,1,91.000,0.1203,0.1251
kp20 run1.txt,3,-20.0,1,92.000,0.1203,0.1252
kp20 run1.txt,3,-20.0,1,93.000,0.1210,0.1251
kp20 run1.txt,3,-20.0,1,94.000,0.1210,0.1251
kp20 run1.txt,3,-20.0,1,95.000,0.1151,0.1250
kp20 run1.txt,3,-20.0,1,96.000,0.1210,0.1249
kp20 run1.txt,3,-20.0,1,97.000,0.1243,0.1247
kp20 run1.txt,3,-20.0,1,98.000,0.1487,0.1245
kp20 run1.txt,3,-20.0,1,99.000,0.1239,0.1243
kp20 run1.txt,3,-20.0,1,100.000,0.1239,0.1240
kp20 run1.txt,3,-20.0,1,101.000,0.1181,0.1237
kp20 run1.txt,3,-20.0,1,102.000,0.1224,0.1234
kp20 run1.txt,3,-20.0,1,103.000,0.1254,0.1231
kp20 run1.txt,3,-20.0,1,104.000,0.1232,0.1227
kp20 run1.txt,3,-20.0,1,105.000,0.1221,0.1223
kp20 run1.txt,3,-20.0,1,106.000,0.1166,0.1219
kp20 run1.txt,3,-20.0,1,107.000,0.1224,0.1215
kp20 run1.txt,3,-20.0,1,108.000,0.1195,0.1210
kp20 run1.txt,3,-20.0,1,109.000,0.1224,0.1206
kp20 run1.txt,3,-20.0,1,110.000,0.1203,0.1201
kp20 run1.txt,3,-20.0,1,111.000,0.1173,0.1196
kp20 run1.txt,3,-20.0,1,112.000,0.1181,0.1191
kp20 run1.txt,3,-20.0,1,113.000,0.1151,0.1186
kp20 run1.txt,3,-20.0,1,114.000,0.1108,0.1181
kp20 run1.txt,3,-20.0,1,115.000,0.1137,0.1176
kp20 run1.txt,3,-20.0,1,116.000,0.1162,0.1170
kp20 run1.txt,3,-20.0,1,117.000,0.1119,0.1165
kp20 run1.txt,3,-20.0,1,118.000,0.1104,0.1160
kp20 run1.txt,3,-20.0,1,119.000,0.1133,0.1154
kp20 run1.txt,3,-20.0,1,120.000,0.1086,0.1149
kp20 run1.txt,3,-20.0,1,121.000,0.1130,0.1144
kp20 run1.txt,3,-20.0,1,122.000,0.1115,0.1138
kp20 run1.txt,3,-20.0,1,123.000,0.1075,0.1133
kp20 run1.txt,3,-20.0,1,124.000,0.1173,0.1127
kp20 run1.txt,3,-20.0,1,125.000,0.1093,0.1122
kp20 run1.txt,3,-20.0,1,126.000,0.1075,0.1117
kp20 run1.txt,3,-20.0,1,127.000,0.1104,0.1111
kp20 run1.txt,3,-20.0,1,128.000,0.1057,0.1106
kp20 run1.txt,3,-20.0,1,129.000,0.1035,0.1101
kp20 run1.txt,3,-20.0,1,130.000,0.1020,0.1096
kp20 run1.txt,3,-20.0,1,131.000,0.1035,0.1091
kp20 run1.txt,3,-20.0,1,132.000,0.1042,0.1086
kp20 run1.txt,3,-20.0,1,133.000,0.1006,0.1081
kp20 run1.txt,3,-20.0,1,134.000,0.0984,0.1076
kp20 run1.txt,3,-20.0,1,135.000,0.1009,0.1072
kp20 run1.txt,3,-20.0,1,136.000,0.1006,0.1067
kp20 run1.txt,3,-20.0,1,137.000,0.1020,0.1062
kp20 run1.txt,3,-20.0,1,138.000,0.0998,0.1058
kp20 run1.txt,3,-20.0,1,139.000,0.0998,0.1054
kp20 run1.txt,3,-20.0,1,140.000,0.0998,0.1050
kp20 run1.txt,3,-20.0,1,141.000,0.0973,0.1045
kp20 run1.txt,3,-20.0,1,142.000,0.0977,0.1041
kp20 run1.txt,3,-20.0,1,143.000,0.0987,0.1038
kp20 run1.txt,3,-20.0,1,144.000,0.0940,0.1034
kp20 run1.txt,3,-20.0,1,145.000,0.1020,0.1030
kp20 run1.txt,3,-20.0,1,146.000,0.0973,0.1027
kp20 run1.txt,3,-20.0,1,147.000,0.1035,0.1023
kp20 run1.txt,3,-20.0,1,148.000,0.0987,0.1020
kp20 run1.txt,3,-20.0,1,149.000,0.0962,0.1017
kp20 run1.txt,3,-20.0,1,150.000,0.0933,0.1014
kp20 run1.txt,3,-20.0,1,151.000,0.1013,0.1011
kp20 run1.txt,3,-20.0,1,152.000,0.0984,0.1008
kp20 run1.txt,3,-20.0,1,153.000,0.1020,0.1005
kp20 run1.txt,3,-20.0,1,154.000,0.0969,0.1003
kp20 run1.txt,3,-20.0,1,155.000,0.1086,0.1000
kp20 run1.txt,3,-20.0,1,156.000,0.0969,0.0998
kp20 run1.txt,3,-20.0,1,157.000,0.0958,0.0996
kp20 run1.txt,3,-20.0,1,158.000,0.0962,0.0993
kp20 run1.txt,3,-20.0,1,159.000,0.0969,0.0991
kp20 run1.txt,3,-20.0,1,160.000,0.0962,0.0990
kp20 run1.txt,3,-20.0,1,161.000,0.0955,0.0988
kp20 run1.txt,3,-20.0,1,162.000,0.0947,0.0986
kp20 run1.txt,3,-20.0,1,163.000,0.0940,0.0984
kp20 run1.txt,3,-20.0,1,164.000,0.0955,0.0983
kp20 run1.txt,3,-20.0,1,165.000,0.0955,0.0982
kp20 run1.txt,3,-20.0,1,166.000,0.0940,0.0980
kp20 run1.txt,3,-20.0,1,167.000,0.0977,0.0979
kp20 run1.txt,3,-20.0,1,168.000,0.0958,0.0978
kp20 run1.txt,3,-20.0,1,169.000,0.0958,0.0977
kp20 run1.txt,3,-20.0,1,170.000,0.0962,0.0976
kp20 run1.txt,3,-20.0,1,171.000,0.0969,0.0975
kp20 run1.txt,3,-20.0,1,172.000,0.0966,0.0974
kp20 run1.txt,3,-20.0,1,173.000,0.1006,0.0974
kp20 run1.txt,3,-20.0,1,174.000,0.0936,0.0973
kp20 run1.txt,3,-20.0,1,175.000,0.0962,0.0973
kp20 run1.txt,3,-20.0,1,176.000,0.0969,0.0972
kp20 run1.txt,3,-20.0,1,177.000,0.0904,0.0972
kp20 run1.txt,3,-20.0,1,178.000,0.0955,0.0971
kp20 run1.txt,3,-20.0,1,179.000,0.0969,0.0971
kp20 run1.txt,3,-20.0,1,180.000,0.0940,0.0971
kp20 run1.txt,3,-20.0,1,181.000,0.0962,0.0971
kp20 run1.txt,3,-20.0,1,182.000,0.0867,0.0971
kp20 run1.txt,3,-20.0,1,183.000,0.1013,0.0971
kp20 run1.txt,3,-20.0,1,184.000,0.0962,0.0971
kp20 run1.txt,3,-20.0,1,185.000,0.0947,0.0971
kp20 run1.txt,3,-20.0,1,186.000,0.0933,0.0971
kp20 run1.txt,3,-20.0,1,187.000,0.0977,0.0971
kp20 run1.txt,3,-20.0,1,188.000,0.0940,0.0971
kp20 run1.txt,3,-20.0,1,189.000,0.0958,0.0972
kp20 run1.txt,3,-20.0,1,190.000,0.0977,0.0972
kp20 run1.txt,3,-20.0,1,191.000,0.1017,0.0972
kp20 run1.txt,3,-20.0,1,192.000,0.0984,0.0973
kp20 run1.txt,3,-20.0,1,193.000,0.0987,0.0973
kp20 run1.txt,3,-20.0,1,194.000,0.0977,0.0974
kp20 run1.txt,3,-20.0,1,195.000,0.0991,0.0974
kp20 run1.txt,3,-20.0,1,196.000,0.0977,0.0975
kp20 run1.txt,3,-20.0,1,197.000,0.0882,0.0975
kp20 run1.txt,3,-20.0,1,198.000,0.1049,0.0976
kp20 run1.txt,3,-20.0,1,199.000,0.0987,0.0976
kp20 run1.txt,3,-20.0,1,200.000,0.1020,0.0977
kp20 run1.txt,3,-20.0,1,201.000,0.0995,0.0977
kp20 run1.txt,3,-20.0,1,202.000,0.1144,0.0978
kp20 run1.txt,3,-20.0,1,203.000,0.1017,0.0979
kp20 run1.txt,3,-20.0,1,204.000,0.1028,0.0979
kp20 run1.txt,3,-20.0,1,205.000,0.0969,0.0980
kp20 run1.txt,3,-20.0,1,206.000,0.1017,0.0981
kp20 run1.txt,3,-20.0,1,207.000,0.1020,0.0981
kp20 run1.txt,3,-20.0,1,208.000,0.1035,0.0982
kp20 run1.txt,3,-20.0,1,209.000,0.0991,0.0983
kp20 run1.txt,3,-20.0,1,210.000,0.0955,0.0983
kp20 run1.txt,3,-20.0,1,211.000,0.1042,0.0984
kp20 run1.txt,3,-20.0,1,212.000,0.1006,0.0985
kp20 run1.txt,3,-20.0,1,213.000,0.0962,0.0985
kp20 run1.txt,3,-20.0,1,214.000,0.1009,0.0986
kp20 run1.txt,3,-20.0,1,215.000,0.0969,0.0987
kp20 run1.txt,3,-20.0,1,216.000,0.1115,0.0987
kp20 run1.txt,3,-20.0,1,217.000,0.0958,0.0988
kp20 run1.txt,3,-20.0,1,218.000,0.1006,0.0988
kp20 run1.txt,3,-20.0,1,219.000,0.1024,0.0989
kp20 run1.txt,3,-20.0,1,220.000,0.1020,0.0990
kp20 run1.txt,3,-20.0,1,221.000,0.1009,0.0990
kp20 run1.txt,3,-20.0,1,222.000,0.0998,0.0991
kp20 run1.txt,3,-20.0,1,223.000,0.1020,0.0992
kp20 run1.txt,3,-20.0,1,224.000,0.0969,0.0992
kp20 run1.txt,3,-20.0,1,225.000,0.1028,0.0993
kp20 run1.txt,3,-20.0,1,226.000,0.1144,0.0993
kp20 run1.txt,3,-20.0,1,227.000,0.1151,0.0994
kp20 run1.txt,3,-20.0,1,228.000,0.1028,0.0994
kp20 run1.txt,3,-20.0,1,229.000,0.0991,0.0995
kp20 run1.txt,3,-20.0,1,230.000,0.1009,0.0996
kp20 run1.txt,3,-20.0,1,231.000,0.1086,0.0996
kp20 run1.txt,3,-20.0,1,232.000,0.0995,0.0997
kp20 run1.txt,3,-20.0,1,233.000,0.1013,0.0997
kp20 run1.txt,3,-20.0,1,234.000,0.1013,0.0997
kp20 run1.txt,3,-20.0,1,235.000,0.0998,0.0998
kp20 run1.txt,3,-20.0,1,236.000,0.1013,0.0998
kp20 run1.txt,3,-20.0,1,237.000,0.0991,0.0999
kp20 run1.txt,3,-20.0,1,238.000,0.1028,0.0999
kp20 run1.txt,3,-20.0,1,239.000,0.1028,0.1000
kp20 run1.txt,3,-20.0,1,240.000,0.0991,0.1000
kp20 run1.txt,3,-20.0,1,241.000,0.0987,0.1000
kp20 run1.txt,3,-20.0,1,242.000,0.0998,0.1001
kp20 run1.txt,3,-20.0,1,243.000,0.0998,0.1001
kp20 run1.txt,3,-20.0,1,244.000,0.1028,0.1001
kp20 run1.txt,3,-20.0,1,245.000,0.0998,0.1002
kp20 run1.txt,3,-20.0,1,246.000,0.1028,0.1002
kp20 run1.txt,3,-20.0,1,247.000,0.1075,0.1002
kp20 run1.txt,3,-20.0,1,248.000,0.1017,0.1003
kp20 run1.txt,3,-20.0,1,249.000,0.1057,0.1003
kp20 run1.txt,3,-20.0,1,250.000,0.0889,0.1003
kp20 run1.txt,3,-20.0,1,251.000,0.1009,0.1003
kp20 run1.txt,3,-20.0,1,252.000,0.0998,0.1003
kp20 run1.txt,3,-20.0,1,253.000,0.1013,0.1004
kp20 run1.txt,3,-20.0,1,254.000,0.1053,0.1004
kp20 run1.txt,3,-20.0,1,255.000,0.0933,0.1004
kp20 run1.txt,3,-20.0,1,256.000,0.0977,0.1004
kp20 run1.txt,3,-20.0,1,257.000,0.0998,0.1004
kp20 run1.txt,3,-20.0,1,258.000,0.1173,0.1004
kp20 run1.txt,3,-20.0,1,259.000,0.0925,0.1005
kp20 run1.txt,3,-20.0,1,260.000,0.1013,0.1005
kp20 run1.txt,3,-20.0,1,261.000,0.1006,0.1005
kp20 run1.txt,3,-20.0,1,262.000,0.0962,0.1005
kp20 run1.txt,3,-20.0,1,263.000,0.1017,0.1005
kp20 run1.txt,3,-20.0,1,264.000,0.1046,0.1005
kp20 run1.txt,3,-20.0,1,265.000,0.1006,0.1005
kp20 run1.txt,3,-20.0,1,266.000,0.1086,0.1005
kp20 run1.txt,3,-20.0,1,267.000,0.1020,0.1005
kp20 run1.txt,3,-20.0,1,268.000,0.1042,0.1005
kp20 run1.txt,3,-20.0,1,269.000,0.0907,0.1005
kp20 run1.txt,3,-20.0,1,270.000,0.1006,0.1005
kp20 run1.txt,3,-20.0,1,271.000,0.1122,0.1005
kp20 run1.txt,3,-20.0,1,272.000,0.0998,0.1005
kp20 run1.txt,3,-20.0,1,273.000,0.1006,0.1005
kp20 run1.txt,3,-20.0,1,274.000,0.1024,0.1005
kp20 run1.txt,3,-20.0,1,275.000,0.0958,0.1005
kp20 run1.txt,3,-20.0,1,276.000,0.1028,0.1005
kp20 run1.txt,3,-20.0,1,277.000,0.0998,0.1005
kp20 run1.txt,3,-20.0,1,278.000,0.1017,0.1005
kp20 run1.txt,3,-20.0,1,279.000,0.1006,0.1005
kp20 run1.txt,3,-20.0,1,280.000,0.1028,0.1005
kp20 run1.txt,3,-20.0,1,281.000,0.1042,0.1005
kp20 run1.txt,3,-20.0,1,282.000,0.1009,0.1005
kp20 run1.txt,3,-20.0,1,283.000,0.1049,0.1005
kp20 run1.txt,3,-20.0,1,284.000,0.0969,0.1005
kp20 run1.txt,3,-20.0,1,285.000,0.1006,0.1005
kp20 run1.txt,3,-20.0,1,286.000,0.1028,0.1005
kp20 run1.txt,3,-20.0,1,287.000,0.1024,0.1005
kp20 run1.txt,3,-20.0,1,288.000,0.1020,0.1005
kp20 run1.txt,3,-20.0,1,289.000,0.0977,0.1005
kp20 run1.txt,3,-20.0,1,290.000,0.1006,0.1005
kp20 run1.txt,3,-20.0,1,291.000,0.0955,0.1005
kp20 run1.txt,3,-20.0,1,292.000,0.1028,0.1005
kp20 run1.txt,3,-20.0,1,293.000,0.0991,0.1004
kp20 run1.txt,3,-20.0,1,294.000,0.0998,0.1004
kp20 run1.txt,3,-20.0,1,295.000,0.1017,0.1004
kp20 run1.txt,3,-20.0,1,296.000,0.1013,0.1004
kp20 run1.txt,3,-20.0,1,297.000,0.0998,0.1004
kp20 run1.txt,3,-20.0,1,298.000,0.0998,0.1004
kp20 run1.txt,3,-20.0,1,299.000,0.0998,0.1004
kp20 run1.txt,3,-20.0,1,300.000,0.0998,0.1004
kp20 run1.txt,3,-20.0,1,301.000,0.1035,0.1004
kp20 run1.txt,3,-20.0,1,302.000,0.0998,0.1004
kp20 run1.txt,3,-20.0,1,303.000,0.1020,0.1004
kp20 run1.txt,3,-20.0,1,304.000,0.1013,0.1004
kp20 run1.txt,3,-20.0,1,305.000,0.1028,0.1004
kp20 run1.txt,3,-20.0,1,306.000,0.1017,0.1003
kp20 run1.txt,3,-20.0,1,307.000,0.1035,0.1003
kp20 run1.txt,3,-20.0,1,308.000,0.1017,0.1003
kp20 run1.txt,3,-20.0,1,309.000,0.1020,0.1003
kp20 run1.txt,3,-20.0,1,310.000,0.1017,0.1003
kp20 run1.txt,3,-20.0,1,311.000,0.1013,0.1003
kp20 run1.txt,3,-20.0,1,312.000,0.0998,0.1003
kp20 run1.txt,3,-20.0,1,313.000,0.0984,0.1003
kp20 run1.txt,3,-20.0,1,314.000,0.1017,0.1003
kp20 run1.txt,3,-20.0,1,315.000,0.1006,0.1003
kp20 run1.txt,3,-20.0,1,316.000,0.1013,0.1003
kp20 run1.txt,3,-20.0,1,317.000,0.1006,0.1003
kp20 run1.txt,3,-20.0,1,318.000,0.0998,0.1003
kp20 run1.txt,3,-20.0,1,319.000,0.0991,0.1002
kp20 run1.txt,3,-20.0,1,320.000,0.1017,0.1002
kp20 run1.txt,3,-20.0,1,321.000,0.0998,0.1002
kp20 run1.txt,3,-20.0,1,322.000,0.0987,0.1002
kp20 run1.txt,3,-20.0,1,323.000,0.1038,0.1002
kp20 run1.txt,3,-20.0,1,324.000,0.1006,0.1002
kp20 run1.txt,3,-20.0,1,325.000,0.1006,0.1002
kp20 run1.txt,3,-20.0,1,326.000,0.0991,0.1002
kp20 run1.txt,3,-20.0,1,327.000,0.1028,0.1002
kp20 run1.txt,3,-20.0,1,328.000,0.0998,0.1002
kp20 run1.txt,3,-20.0,1,329.000,0.1057,0.1002
kp20 run1.txt,3,-20.0,1,330.000,0.0977,0.1002
kp20 run1.txt,3,-20.0,1,331.000,0.0998,0.1002
kp20 run1.txt,3,-20.0,1,332.000,0.0998,0.1002
kp20 run1.txt,3,-20.0,1,333.000,0.1028,0.1002
kp20 run1.txt,3,-20.0,1,334.000,0.0962,0.1002
kp20 run1.txt,3,-20.0,1,335.000,0.0853,0.1002
kp20 run1.txt,3,-20.0,1,336.000,0.1028,0.1002
kp20 run1.txt,3,-20.0,1,337.000,0.1013,0.1002
kp20 run1.txt,3,-20.0,1,338.000,0.0969,0.1002
kp20 run1.txt,3,-20.0,1,339.000,0.0998,0.1001
kp20 run1.txt,3,-20.0,1,340.000,0.1057,0.1001
kp20 run1.txt,3,-20.0,1,341.000,0.0831,0.1001
kp20 run1.txt,3,-20.0,1,342.000,0.0940,0.1001
kp20 run1.txt,3,-20.0,1,343.000,0.1006,0.1001
kp20 run1.txt,3,-20.0,1,344.000,0.0977,0.1001
kp20 run1.txt,3,-20.0,1,345.000,0.1006,0.1001
kp20 run1.txt,3,-20.0,1,346.000,0.1053,0.1001
kp20 run1.txt,3,-20.0,1,347.000,0.1035,0.1001
kp20 run1.txt,3,-20.0,1,348.000,0.0874,0.1001
kp20 run1.txt,3,-20.0,1,349.000,0.1013,0.1001
kp20 run1.txt,3,-20.0,1,350.000,0.0958,0.1001
kp20 run1.txt,3,-20.0,1,351.020,0.0918,0.1001
kp20 run1.txt,3,-20.0,1,352.000,0.0991,0.1001
kp20 run1.txt,3,-20.0,1,353.000,0.0969,0.1001
kp20 run1.txt,3,-20.0,1,354.000,0.1028,0.1001
kp20 run1.txt,3,-20.0,1,355.000,0.0882,0.1001
kp20 run1.txt,3,-20.0,1,356.000,0.1006,0.1001
kp20 run1.txt,3,-20.0,1,357.000,0.0998,0.1001
kp20 run1.txt,3,-20.0,1,358.000,0.0958,0.1001
kp20 run1.txt,3,-20.0,1,359.000,0.1006,0.1001
kp20 run1.txt,3,-20.0,1,360.000,0.1028,0.1001
kp20 run1.txt,3,-20.0,1,361.000,0.1009,0.1001
kp20 run1.txt,3,-20.0,1,362.000,0.0940,0.1001
kp20 run1.txt,3,-20.0,1,363.000,0.0977,0.1001
kp20 run1.txt,3,-20.0,1,364.000,0.0984,0.1001
kp20 run1.txt,3,-20.0,1,365.000,0.0998,0.1001
kp20 run1.txt,3,-20.0,1,366.000,0.1006,0.1001
kp20 run1.txt,3,-20.0,1,367.000,0.0995,0.1001
kp20 run1.txt,3,-20.0,1,368.000,0.1017,0.1001
kp20 run1.txt,3,-20.0,1,369.000,0.1013,0.1001
kp20 run1.txt,3,-20.0,1,370.000,0.0969,0.1001
kp20 run1.txt,3,-20.0,1,371.000,0.0998,0.1001
kp20 run1.txt,3,-20.0,1,372.000,0.1064,0.1001
kp20 run1.txt,3,-20.0,1,373.000,0.0991,0.1001
kp20 run1.txt,3,-20.0,1,374.000,0.0998,0.1001
kp20 run1.txt,3,-20.0,1,375.000,0.0998,0.1001
kp20 run1.txt,3,-20.0,1,376.000,0.0998,0.1001
kp20 run1.txt,3,-20.0,1,377.000,0.1046,0.1001
kp20 run1.txt,3,-20.0,1,378.000,0.1013,0.1001
kp20 run1.txt,3,-20.0,1,379.000,0.0998,0.1001
kp20 run1.txt,3,-20.0,1,380.000,0.1006,0.1001
kp20 run1.txt,3,-20.0,1,381.000,0.0998,0.1001
kp20 run1.txt,3,-20.0,1,382.000,0.0998,0.1001
kp20 run1.txt,3,-20.0,1,383.000,0.1013,0.1001
kp20 run1.txt,3,-20.0,1,384.000,0.0998,0.1001
kp20 run1.txt,3,-20.0,1,385.000,0.1017,0.1001
kp20 run1.txt,3,-20.0,1,386.000,0.0991,0.1001
kp20 run1.txt,3,-20.0,1,387.000,0.1006,0.1001
kp20 run1.txt,3,-20.0,1,388.000,0.0995,0.1001
kp20 run1.txt,3,-20.0,1,389.000,0.1002,0.1001
kp20 run1.txt,3,-20.0,1,390.000,0.1017,0.1001
kp20 run1.txt,3,-20.0,1,391.000,0.1020,0.1001
kp20 run1.txt,3,-20.0,1,392.000,0.0991,0.1001
kp20 run1.txt,3,-20.0,1,393.000,0.0998,0.1001
kp20 run1.txt,3,-20.0,1,394.000,0.0987,0.1001
kp20 run1.txt,3,-20.0,1,395.000,0.1035,0.1001
kp20 run1.txt,3,-20.0,1,396.000,0.0998,0.1001
kp20 run1.txt,3,-20.0,1,397.000,0.0991,0.1001
kp20 run1.txt,3,-20.0,1,398.000,0.1006,0.1001
kp20 run1.txt,3,-20.0,1,399.000,0.0977,0.1001
kp20 run1.txt,3,-20.0,1,400.000,0.1049,0.1001
kp20 run1.txt,3,-20.0,1,401.000,0.1006,0.1001
kp20 run1.txt,3,-20.0,1,402.000,0.1082,0.1001
kp20 run1.txt,3,-20.0,1,403.000,0.1013,0.1001
kp20 run1.txt,3,-20.0,1,404.000,0.0951,0.1001
kp20 run1.txt,3,-20.0,1,405.000,0.0998,0.1001
kp20 run1.txt,3,-20.0,1,406.000,0.0962,0.1001
kp20 run1.txt,3,-20.0,1,407.000,0.1038,0.1002
kp20 run1.txt,3,-20.0,1,408.000,0.1020,0.1002
kp20 run1.txt,3,-20.0,1,409.000,0.1006,0.1002
kp20 run1.txt,3,-20.0,1,410.000,0.1013,0.1002
kp20 run1.txt,3,-20.0,1,411.000,0.0987,0.1002
kp20 run1.txt,3,-20.0,1,412.000,0.0995,0.1002
kp20 run1.txt,3,-20.0,1,413.000,0.1130,0.1002
kp20 run1.txt,3,-20.0,1,414.000,0.1006,0.1002
kp20 run1.txt,3,-20.0,1,415.000,0.0969,0.1002
kp20 run1.txt,3,-20.0,1,416.000,0.1261,0.1002
kp20 run1.txt,3,-20.0,1,417.000,0.0991,0.1002
kp20 run1.txt,3,-20.0,1,418.000,0.1013,0.1002
kp20 run1.txt,3,-20.0,1,419.000,0.1009,0.1002
kp20 run1.txt,3,-20.0,1,420.000,0.1122,0.1002
kp20 run1.txt,3,-20.0,1,421.000,0.1042,0.1002
kp20 run1.txt,3,-20.0,1,422.000,0.1006,0.1002
kp20 run1.txt,3,-20.0,1,423.000,0.0998,0.1002
kp20 run1.txt,3,-20.0,1,424.000,0.0998,0.1002
kp20 run1.txt,3,-20.0,1,425.000,0.0991,0.1002
kp20 run1.txt,3,-20.0,1,426.000,0.0969,0.1002
kp20 run1.txt,3,-20.0,1,427.000,0.1122,0.1002
kp20 run1.txt,3,-20.0,1,428.000,0.1006,0.1002
kp20 run1.txt,3,-20.0,1,429.000,0.1013,0.1002
kp20 run1.txt,3,-20.0,1,430.000,0.1006,0.1002
kp20 run1.txt,3,-20.0,1,431.000,0.1017,0.1002
kp20 run1.txt,3,-20.0,1,432.000,0.0951,0.1002
kp20 run1.txt,3,-20.0,1,433.000,0.1006,0.1002
kp20 run1.txt,3,-20.0,1,434.000,0.0984,0.1002
kp20 run1.txt,3,-20.0,1,435.000,0.0991,0.1002
kp20 run1.txt,3,-20.0,1,436.000,0.1013,0.1002
kp20 run1.txt,3,-20.0,1,437.000,0.1006,0.1002
kp20 run1.txt,3,-20.0,1,438.000,0.1009,0.1002
kp20 run1.txt,3,-20.0,1,439.000,0.0998,0.1002
kp20 run1.txt,3,-20.0,1,440.000,0.0998,0.1002
kp20 run1.txt,3,-20.0,1,441.000,0.1028,0.1002
kp20 run1.txt,3,-20.0,1,442.000,0.1017,0.1002
kp20 run1.txt,3,-20.0,1,443.000,0.0984,0.1002
kp20 run1.txt,3,-20.0,1,444.000,0.1049,0.1002
kp20 run1.txt,3,-20.0,1,445.000,0.1028,0.1002
kp20 run1.txt,3,-20.0,1,446.000,0.1006,0.1002
kp20 run1.txt,3,-20.0,1,447.000,0.0998,0.1002
kp20 run1.txt,3,-20.0,1,448.000,0.0991,0.1002
kp20 run1.txt,3,-20.0,1,449.000,0.0998,0.1002
kp20 run1.txt,3,-20.0,1,450.000,0.0991,0.1002
kp20 run1.txt,3,-20.0,1,451.000,0.1006,0.1002
kp20 run1.txt,3,-20.0,1,452.000,0.0998,0.1002
kp20 run1.txt,3,-20.0,1,453.000,0.0998,0.1002
kp20 run1.txt,3,-20.0,1,454.000,0.1006,0.1002
kp20 run1.txt,3,-20.0,1,455.000,0.0962,0.1002
kp20 run1.txt,3,-20.0,1,456.000,0.1006,0.1002
kp20 run1.txt,3,-20.0,1,457.000,0.0998,0.1002
kp20 run1.txt,3,-20.0,1,458.000,0.0929,0.1002
kp20 run1.txt,3,-20.0,1,459.000,0.1035,0.1002
kp20 run1.txt,3,-20.0,1,460.000,0.1017,0.1002
kp20 run1.txt,3,-20.0,1,461.000,0.0955,0.1002
kp20 run1.txt,3,-20.0,1,462.000,0.0987,0.1002
kp20 run1.txt,3,-20.0,1,463.000,0.1017,0.1002
kp20 run1.txt,3,-20.0,1,464.000,0.0958,0.1002
kp20 run1.txt,3,-20.0,1,465.000,0.0998,0.1002
kp20 run1.txt,3,-20.0,1,466.000,0.1031,0.1002
kp20 run1.txt,3,-20.0,1,467.000,0.0969,0.1002
kp20 run1.txt,3,-20.0,1,468.000,0.1020,0.1002
kp20 run1.txt,3,-20.0,1,469.000,0.0977,0.1002
kp20 run1.txt,3,-20.0,1,470.000,0.1020,0.1002
kp20 run1.txt,3,-20.0,1,471.000,0.1017,0.1002
kp20 run1.txt,3,-20.0,1,472.000,0.0998,0.1002
kp20 run1.txt,3,-20.0,1,473.000,0.1028,0.1002
kp20 run1.txt,3,-20.0,1,474.000,0.0940,0.1002
kp20 run1.txt,3,-20.0,1,475.000,0.0977,0.1002
kp20 run1.txt,3,-20.0,1,476.000,0.0995,0.1002
kp20 run1.txt,3,-20.0,1,477.000,0.1020,0.1002
kp20 run1.txt,3,-20.0,1,478.000,0.1017,0.1002
kp20 run1.txt,3,-20.0,1,479.000,0.0998,0.1002
kp20 run1.txt,3,-20.0,1,480.000,0.0991,0.1002
kp20 run1.txt,3,-20.0,1,481.000,0.0966,0.1002
kp20 run1.txt,3,-20.0,1,482.000,0.1006,0.1002
kp20 run1.txt,3,-20.0,1,483.000,0.0998,0.1002
kp20 run1.txt,3,-20.0,1,484.000,0.0962,0.1002
kp20 run1.txt,3,-20.0,1,485.000,0.1006,0.1002
kp20 run1.txt,3,-20.0,1,486.000,0.1006,0.1002
kp20 run1.txt,3,-20.0,1,487.000,0.1013,0.1002
kp20 run1.txt,3,-20.0,1,488.000,0.0998,0.1002
kp20 run1.txt,3,-20.0,1,489.000,0.0998,0.1002
kp20 run1.txt,3,-20.0,1,490.000,0.0977,0.1002
kp20 run1.txt,3,-20.0,1,491.000,0.1075,0.1002
kp20 run1.txt,3,-20.0,1,492.000,0.0991,0.1002
kp20 run1.txt,3,-20.0,1,493.000,0.1006,0.1002
kp20 run1.txt,3,-20.0,1,494.000,0.0969,0.1002
kp20 run1.txt,3,-20.0,1,495.000,0.1020,0.1002
kp20 run1.txt,3,-20.0,1,496.000,0.1028,0.1002
kp20 run1.txt,3,-20.0,1,497.000,0.0947,0.1002
kp20 run1.txt,3,-20.0,1,498.000,0.0991,0.1002
kp20 run1.txt,3,-20.0,1,499.000,0.1049,0.1002
kp20 run1.txt,3,-20.0,1,500.000,0.0998,0.1002
kp20 run1.txt,3,-20.0,1,501.000,0.0998,0.1002
kp20 run1.txt,3,-20.0,1,502.000,0.1013,0.1002
kp20 run1.txt,3,-20.0,1,503.000,0.1086,0.1002
kp20 run1.txt,3,-20.0,1,504.000,0.0977,0.1002
kp20 run1.txt,3,-20.0,1,505.000,0.1002,0.1002
kp20 run1.txt,3,-20.0,1,506.000,0.0889,0.1002
kp20 run1.txt,3,-20.0,1,507.000,0.1057,0.1002
kp20 run1.txt,3,-20.0,1,508.000,0.0962,0.1002
kp20 run1.txt,3,-20.0,1,509.000,0.0998,0.1002
kp20 run1.txt,3,-20.0,1,510.000,0.0998,0.1002
kp20 run1.txt,3,-20.0,1,511.000,0.0958,0.1002
kp20 run1.txt,3,-20.0,1,512.000,0.0991,0.1002
kp20 run1.txt,3,-20.0,1,513.000,0.1086,0.1002
kp20 run1.txt,3,-20.0,1,514.000,0.1006,0.1002
kp20 run1.txt,3,-20.0,1,515.000,0.1013,0.1002
kp20 run1.txt,3,-20.0,1,516.000,0.0991,0.1002
kp20 run1.txt,3,-20.0,1,517.000,0.0998,0.1002
kp20 run1.txt,3,-20.0,1,518.000,0.0991,0.1002
kp20 run1.txt,3,-20.0,1,519.000,0.0998,0.1002
kp20 run1.txt,3,-20.0,1,520.000,0.0984,0.1002
kp20 run1.txt,3,-20.0,1,521.000,0.1017,0.1002
kp20 run1.txt,3,-20.0,1,522.000,0.1035,0.1002
kp20 run1.txt,3,-20.0,1,523.000,0.0998,0.1002
kp20 run1.txt,3,-20.0,1,524.000,0.1006,0.1002
kp20 run1.txt,3,-20.0,1,525.000,0.1115,0.1002
kp20 run1.txt,3,-20.0,1,526.000,0.1020,0.1002
kp20 run1.txt,3,-20.0,1,527.000,0.1009,0.1002
kp20 run1.txt,3,-20.0,1,528.000,0.1013,0.1002
kp20 run1.txt,3,-20.0,1,529.000,0.0998,0.1002
kp20 run1.txt,3,-20.0,1,530.000,0.1013,0.1002
kp20 run1.txt,3,-20.0,1,531.000,0.1261,0.1002
kp20 run1.txt,3,-20.0,1,532.000,0.0969,0.1002
kp20 run1.txt,3,-20.0,1,533.000,0.0991,0.1002
kp20 run1.txt,3,-20.0,1,534.000,0.0991,0.1002
kp20 run1.txt,3,-20.0,1,535.000,0.1035,0.1002
kp20 run1.txt,3,-20.0,1,536.000,0.1028,0.1002
kp20 run1.txt,3,-20.0,1,537.000,0.0991,0.1002
kp20 run1.txt,3,-20.0,1,538.000,0.0998,0.1002
kp20 run1.txt,3,-20.0,1,539.000,0.0998,0.1002
kp20 run1.txt,3,-20.0,1,540.000,0.1013,0.1002
kp20 run1.txt,3,-20.0,1,541.000,0.0991,0.1002
kp20 run1.txt,3,-20.0,1,542.000,0.1006,0.1002
kp20 run1.txt,3,-20.0,1,543.000,0.0998,0.1002
kp20 run1.txt,3,-20.0,1,544.000,0.0998,0.1002
kp20 run1.txt,3,-20.0,1,545.000,0.0995,0.1002
kp20 run1.txt,3,-20.0,1,546.000,0.1020,0.1002
kp20 run1.txt,3,-20.0,1,547.000,0.1017,0.1002
kp20 run1.txt,3,-20.0,1,548.000,0.0998,0.1002
kp20 run1.txt,3,-20.0,1,549.000,0.1017,0.1002
kp20 run1.txt,3,-20.0,1,550.000,0.0998,0.1002
kp20 run1.txt,3,-20.0,1,551.000,0.1013,0.1002
kp20 run1.txt,3,-20.0,1,552.000,0.0958,0.1002
kp20 run1.txt,3,-20.0,1,553.000,0.0998,0.1002
kp20 run1.txt,3,-20.0,1,554.000,0.0998,0.1002
kp20 run1.txt,3,-20.0,1,555.000,0.0998,0.1002
kp20 run1.txt,3,-20.0,1,556.000,0.1028,0.1002
kp20 run1.txt,3,-20.0,1,557.000,0.0991,0.1002
kp20 run1.txt,3,-20.0,1,558.000,0.1013,0.1002
kp20 run1.txt,3,-20.0,1,559.000,0.0969,0.1002
kp20 run1.txt,3,-20.0,1,560.000,0.1028,0.1002
kp20 run1.txt,3,-20.0,1,561.000,0.1020,0.1002
kp20 run1.txt,3,-20.0,1,562.000,0.0991,0.1002
kp20 run1.txt,3,-20.0,1,563.000,0.0998,0.1002
kp20 run1.txt,3,-20.0,1,564.000,0.0991,0.1002
kp20 run1.txt,3,-20.0,1,565.000,0.0998,0.1002
kp20 run1.txt,3,-20.0,1,566.000,0.1017,0.1002
kp20 run1.txt,3,-20.0,1,567.000,0.0998,0.1002
kp20 run1.txt,3,-20.0,1,568.000,0.0998,0.1002
kp20 run1.txt,3,-20.0,1,569.000,0.0977,0.1002
kp20 run1.txt,3,-20.0,1,570.000,0.1020,0.1002
kp20 run1.txt,3,-20.0,1,571.000,0.0995,0.1002
kp20 run1.txt,3,-20.0,1,572.000,0.0893,0.1002
kp20 run1.txt,3,-20.0,1,573.000,0.0874,0.1002
kp20 run1.txt,3,-20.0,1,574.000,0.0995,0.1002
kp20 run1.txt,3,-20.0,1,575.000,0.1009,0.1002
kp20 run1.txt,3,-20.0,1,576.000,0.1013,0.1002
kp20 run1.txt,3,-20.0,1,577.000,0.1035,0.1002
kp20 run1.txt,3,-20.0,1,578.000,0.1006,0.1002
kp20 run1.txt,3,-20.0,1,579.000,0.1020,0.1002
kp20 run1.txt,3,-20.0,1,580.000,0.1028,0.1002
kp20 run1.txt,3,-20.0,1,581.000,0.0998,0.1002
kp20 run1.txt,3,-20.0,1,582.000,0.0969,0.1002
kp20 run1.txt,3,-20.0,1,583.000,0.0987,0.1002
kp20 run1.txt,3,-20.0,1,584.000,0.0991,0.1002
kp20 run1.txt,3,-20.0,1,585.000,0.1028,0.1002
kp20 run1.txt,3,-20.0,1,586.000,0.0991,0.1002
kp20 run1.txt,3,-20.0,1,587.000,0.0998,0.1002
kp20 run1.txt,3,-20.0,1,588.000,0.1013,0.1002
kp20 run1.txt,3,-20.0,1,589.000,0.1006,0.1002
kp20 run1.txt,3,-20.0,1,590.000,0.0991,0.1002
kp20 run1.txt,3,-20.0,1,591.000,0.0998,0.1002
kp20 run1.txt,3,-20.0,1,592.000,0.0991,0.1002
kp20 run1.txt,3,-20.0,1,593.000,0.0896,0.1002
kp20 run1.txt,3,-20.0,1,594.000,0.1013,0.1002
kp20 run1.txt,3,-20.0,1,595.000,0.1017,0.1002
kp20 run1.txt,3,-20.0,1,596.000,0.0998,0.1002
kp20 run1.txt,3,-20.0,1,597.000,0.0966,0.1002
kp20 run1.txt,3,-20.0,1,598.000,0.1013,0.1002
kp20 run1.txt,3,-20.0,1,599.000,0.0933,0.1002
kp20 run1.txt,4,-20.0,-1,0.000,0.0940,0.0994
kp20 run1.txt,4,-20.0,-1,1.000,0.1013,0.0994
kp20 run1.txt,4,-20.0,-1,2.000,0.1028,0.0994
kp20 run1.txt,4,-20.0,-1,3.000,0.1006,0.0994
kp20 run1.txt,4,-20.0,-1,4.000,0.1006,0.0992
kp20 run1.txt,4,-20.0,-1,5.000,0.1086,0.0986
kp20 run1.txt,4,-20.0,-1,6.000,0.1017,0.0978
kp20 run1.txt,4,-20.0,-1,7.000,0.0991,0.0966
kp20 run1.txt,4,-20.0,-1,8.000,0.0969,0.0952
kp20 run1.txt,4,-20.0,-1,9.000,0.0947,0.0935
kp20 run1.txt,4,-20.0,-1,10.000,0.0911,0.0916
kp20 run1.txt,4,-20.0,-1,11.000,0.0889,0.0894
kp20 run1.txt,4,-20.0,-1,12.000,0.0860,0.0870
kp20 run1.txt,4,-20.0,-1,13.000,0.0842,0.0844
kp20 run1.txt,4,-20.0,-1,14.000,0.0823,0.0816
kp20 run1.txt,4,-20.0,-1,15.000,0.0780,0.0786
kp20 run1.txt,4,-20.0,-1,16.000,0.0718,0.0754
kp20 run1.txt,4,-20.0,-1,17.000,0.0699,0.0721
kp20 run1.txt,4,-20.0,-1,18.000,0.0678,0.0686
kp20 run1.txt,4,-20.0,-1,19.000,0.0638,0.0650
kp20 run1.txt,4,-20.0,-1,20.000,0.0605,0.0613
kp20 run1.txt,4,-20.0,-1,21.000,0.0780,0.0575
kp20 run1.txt,4,-20.0,-1,22.000,0.0510,0.0536
kp20 run1.txt,4,-20.0,-1,23.000,0.0561,0.0496
kp20 run1.txt,4,-20.0,-1,24.000,0.0612,0.0455
kp20 run1.txt,4,-20.0,-1,25.000,0.0441,0.0414
kp20 run1.txt,4,-20.0,-1,26.000,0.0386,0.0372
kp20 run1.txt,4,-20.0,-1,27.000,0.0350,0.0329
kp20 run1.txt,4,-20.0,-1,28.000,0.0299,0.0287
kp20 run1.txt,4,-20.0,-1,29.000,0.0204,0.0244
kp20 run1.txt,4,-20.0,-1,30.000,0.0171,0.0201
kp20 run1.txt,4,-20.0,-1,31.000,0.0255,0.0157
kp20 run1.txt,4,-20.0,-1,32.000,0.0116,0.0114
kp20 run1.txt,4,-20.0,-1,33.000,0.0065,0.0071
kp20 run1.txt,4,-20.0,-1,34.000,0.0021,0.0028
kp20 run1.txt,4,-20.0,-1,35.000,-0.0030,-0.0015
kp20 run1.txt,4,-20.0,-1,36.000,-0.0081,-0.0058
kp20 run1.txt,4,-20.0,-1,37.000,-0.0117,-0.0100
kp20 run1.txt,4,-20.0,-1,38.000,-0.0132,-0.0142
kp20 run1.txt,4,-20.0,-1,39.000,-0.0194,-0.0183
kp20 run1.txt,4,-20.0,-1,40.000,-0.0241,-0.0224
kp20 run1.txt,4,-20.0,-1,41.000,-0.0277,-0.0265
kp20 run1.txt,4,-20.0,-1,42.000,-0.0314,-0.0305
kp20 run1.txt,4,-20.0,-1,43.000,-0.0365,-0.0344
kp20 run1.txt,4,-20.0,-1,44.000,-0.0401,-0.0382
kp20 run1.txt,4,-20.0,-1,45.000,-0.0409,-0.0420
kp20 run1.txt,4,-20.0,-1,46.000,-0.0478,-0.0457
kp20 run1.txt,4,-20.0,-1,47.000,-0.0500,-0.0494
kp20 run1.txt,4,-20.0,-1,48.000,-0.0554,-0.0530
kp20 run1.txt,4,-20.0,-1,49.000,-0.0569,-0.0564
kp20 run1.txt,4,-20.0,-1,50.000,-0.0635,-0.0598
kp20 run1.txt,4,-20.0,-1,51.000,-0.0642,-0.0631
kp20 run1.txt,4,-20.0,-1,52.000,-0.0766,-0.0664
kp20 run1.txt,4,-20.0,-1,53.000,-0.0708,-0.0695
kp20 run1.txt,4,-20.0,-1,54.000,-0.0751,-0.0726
kp20 run1.txt,4,-20.0,-1,55.000,-0.0766,-0.0755
kp20 run1.txt,4,-20.0,-1,56.000,-0.0817,-0.0784
kp20 run1.txt,4,-20.0,-1,57.000,-0.0868,-0.0812
kp20 run1.txt,4,-20.0,-1,58.000,-0.0791,-0.0838
kp20 run1.txt,4,-20.0,-1,59.000,-0.0868,-0.0864
kp20 run1.txt,4,-20.0,-1,60.000,-0.0919,-0.0889
kp20 run1.txt,4,-20.0,-1,61.000,-0.0970,-0.0913
kp20 run1.txt,4,-20.0,-1,62.000,-0.0966,-0.0936
kp20 run1.txt,4,-20.0,-1,63.000,-0.0985,-0.0958
kp20 run1.txt,4,-20.0,-1,64.000,-0.1021,-0.0979
kp20 run1.txt,4,-20.0,-1,65.000,-0.1021,-0.1000
kp20 run1.txt,4,-20.0,-1,66.000,-0.1065,-0.1019
kp20 run1.txt,4,-20.0,-1,67.000,-0.1054,-0.1037
kp20 run1.txt,4,-20.0,-1,68.000,-0.1101,-0.1055
kp20 run1.txt,4,-20.0,-1,69.000,-0.1152,-0.1072
kp20 run1.txt,4,-20.0,-1,70.000,-0.1138,-0.1087
kp20 run1.txt,4,-20.0,-1,71.000,-0.1145,-0.1102
kp20 run1.txt,4,-20.0,-1,72.000,-0.1123,-0.1116
kp20 run1.txt,4,-20.0,-1,73.000,-0.1181,-0.1130
kp20 run1.txt,4,-20.0,-1,74.000,-0.1211,-0.1142
kp20 run1.txt,4,-20.0,-1,75.000,-0.1203,-0.1154
kp20 run1.txt,4,-20.0,-1,76.000,-0.1189,-0.1164
kp20 run1.txt,4,-20.0,-1,77.000,-0.0937,-0.1175
kp20 run1.txt,4,-20.0,-1,78.000,-0.1225,-0.1184
kp20 run1.txt,4,-20.0,-1,79.000,-0.1232,-0.1192
kp20 run1.txt,4,-20.0,-1,80.000,-0.1232,-0.1200
kp20 run1.txt,4,-20.0,-1,81.000,-0.1240,-0.1207
kp20 run1.txt,4,-20.0,-1,82.000,-0.1280,-0.1214
kp20 run1.txt,4,-20.0,-1,83.000,-0.1313,-0.1220
kp20 run1.txt,4,-20.0,-1,84.000,-0.1211,-0.1225
kp20 run1.txt,4,-20.0,-1,85.000,-0.1371,-0.1229
kp20 run1.txt,4,-20.0,-1,86.000,-0.1316,-0.1233
kp20 run1.txt,4,-20.0,-1,87.000,-0.1229,-0.1237
kp20 run1.txt,4,-20.0,-1,88.000,-0.1320,-0.1240
kp20 run1.txt,4,-20.0,-1,89.000,-0.1243,-0.1242
kp20 run1.txt,4,-20.0,-1,90.000,-0.1247,-0.1244
kp20 run1.txt,4,-20.0,-1,91.000,-0.1258,-0.1245
kp20 run1.txt,4,-20.0,-1,92.000,-0.1291,-0.1246
kp20 run1.txt,4,-20.0,-1,93.000,-0.1287,-0.1246
kp20 run1.txt,4,-20.0,-1,94.000,-0.1254,-0.1246
kp20 run1.txt,4,-20.0,-1,95.000,-0.1262,-0.1246
kp20 run1.txt,4,-20.0,-1,96.000,-0.1269,-0.1245
kp20 run1.txt,4,-20.0,-1,97.000,-0.1258,-0.1243
kp20 run1.txt,4,-20.0,-1,98.000,-0.1247,-0.1242
kp20 run1.txt,4,-20.0,-1,99.000,-0.1287,-0.1240
kp20 run1.txt,4,-20.0,-1,100.000,-0.1265,-0.1238
kp20 run1.txt,4,-20.0,-1,101.000,-0.1254,-0.1235
kp20 run1.txt,4,-20.0,-1,102.000,-0.1269,-0.1232
kp20 run1.txt,4,-20.0,-1,103.000,-0.1254,-0.1229
kp20 run1.txt,4,-20.0,-1,104.000,-0.1225,-0.1226
kp20 run1.txt,4,-20.0,-1,105.000,-0.1240,-0.1222
kp20 run1.txt,4,-20.0,-1,106.000,-0.1229,-0.1218
kp20 run1.txt,4,-20.0,-1,107.000,-0.1218,-0.1214
kp20 run1.txt,4,-20.0,-1,108.000,-0.1163,-0.1210
kp20 run1.txt,4,-20.0,-1,109.000,-0.1160,-0.1206
kp20 run1.txt,4,-20.0,-1,110.000,-0.1141,-0.1201
kp20 run1.txt,4,-20.0,-1,111.000,-0.1196,-0.1196
kp20 run1.txt,4,-20.0,-1,112.000,-0.1196,-0.1192
kp20 run1.txt,4,-20.0,-1,113.000,-0.1178,-0.1187
kp20 run1.txt,4,-20.0,-1,114.000,-0.1160,-0.1182
kp20 run1.txt,4,-20.0,-1,115.000,-0.1167,-0.1177
kp20 run1.txt,4,-20.0,-1,116.000,-0.1130,-0.1172
kp20 run1.txt,4,-20.0,-1,117.000,-0.1167,-0.1166
kp20 run1.txt,4,-20.0,-1,118.000,-0.1101,-0.1161
kp20 run1.txt,4,-20.0,-1,119.000,-0.1123,-0.1156
kp20 run1.txt,4,-20.0,-1,120.000,-0.1145,-0.1150
kp20 run1.txt,4,-20.0,-1,121.000,-0.1101,-0.1145
kp20 run1.txt,4,-20.0,-1,122.000,-0.1116,-0.1140
kp20 run1.txt,4,-20.0,-1,123.000,-0.1167,-0.1134
kp20 run1.txt,4,-20.0,-1,124.000,-0.1079,-0.1129
kp20 run1.txt,4,-20.0,-1,125.000,-0.1072,-0.1124
kp20 run1.txt,4,-20.0,-1,126.000,-0.1058,-0.1119
kp20 run1.txt,4,-20.0,-1,127.000,-0.1014,-0.1113
kp20 run1.txt,4,-20.0,-1,128.000,-0.1101,-0.1108
kp20 run1.txt,4,-20.0,-1,129.000,-0.1032,-0.1103
kp20 run1.txt,4,-20.0,-1,130.000,-0.1058,-0.1098
kp20 run1.txt,4,-20.0,-1,131.000,-0.1032,-0.1093
kp20 run1.txt,4,-20.0,-1,132.000,-0.1043,-0.1088
kp20 run1.txt,4,-20.0,-1,133.000,-0.1043,-0.1083
kp20 run1.txt,4,-20.0,-1,134.000,-0.1043,-0.1078
kp20 run1.txt,4,-20.0,-1,135.000,-0.1025,-0.1074
kp20 run1.txt,4,-20.0,-1,136.000,-0.0966,-0.1069
kp20 run1.txt,4,-20.0,-1,137.000,-0.1014,-0.1064
kp20 run1.txt,4,-20.0,-1,138.000,-0.0992,-0.1060
kp20 run1.txt,4,-20.0,-1,139.000,-0.0963,-0.1056
kp20 run1.txt,4,-20.0,-1,140.000,-0.1006,-0.1051
kp20 run1.txt,4,-20.0,-1,141.000,-0.1021,-0.1047
kp20 run1.txt,4,-20.0,-1,142.000,-0.1065,-0.1043
kp20 run1.txt,4,-20.0,-1,143.000,-0.0996,-0.1039
kp20 run1.txt,4,-20.0,-1,144.000,-0.0988,-0.1036
kp20 run1.txt,4,-20.0,-1,145.000,-0.0992,-0.1032
kp20 run1.txt,4,-20.0,-1,146.000,-0.0985,-0.1028
kp20 run1.txt,4,-20.0,-1,147.000,-0.1014,-0.1025
kp20 run1.txt,4,-20.0,-1,148.000,-0.0955,-0.1021
kp20 run1.txt,4,-20.0,-1,149.000,-0.0937,-0.1018
kp20 run1.txt,4,-20.0,-1,150.000,-0.0963,-0.1015
kp20 run1.txt,4,-20.0,-1,151.000,-0.0963,-0.1012
kp20 run1.txt,4,-20.0,-1,152.000,-0.0992,-0.1009
kp20 run1.txt,4,-20.0,-1,153.000,-0.0955,-0.1006
kp20 run1.txt,4,-20.0,-1,154.000,-0.0963,-0.1004
kp20 run1.txt,4,-20.0,-1,155.000,-0.0985,-0.1001
kp20 run1.txt,4,-20.0,-1,156.000,-0.1036,-0.0999
kp20 run1.txt,4,-20.0,-1,157.000,-0.0839,-0.0996
kp20 run1.txt,4,-20.0,-1,158.000,-0.0985,-0.0994
kp20 run1.txt,4,-20.0,-1,159.000,-0.1006,-0.0992
kp20 run1.txt,4,-20.0,-1,160.000,-0.0963,-0.0990
kp20 run1.txt,4,-20.0,-1,161.000,-0.0977,-0.0988
kp20 run1.txt,4,-20.0,-1,162.000,-0.0955,-0.0986
kp20 run1.txt,4,-20.0,-1,163.000,-0.0966,-0.0985
kp20 run1.txt,4,-20.0,-1,164.000,-0.0970,-0.0983
kp20 run1.txt,4,-20.0,-1,165.000,-0.0966,-0.0982
kp20 run1.txt,4,-20.0,-1,166.000,-0.0963,-0.0980
kp20 run1.txt,4,-20.0,-1,167.000,-0.0941,-0.0979
kp20 run1.txt,4,-20.0,-1,168.000,-0.0955,-0.0978
kp20 run1.txt,4,-20.0,-1,169.000,-0.1021,-0.0977
kp20 run1.txt,4,-20.0,-1,170.000,-0.0901,-0.0976
kp20 run1.txt,4,-20.0,-1,171.000,-0.0948,-0.0975
kp20 run1.txt,4,-20.0,-1,172.000,-0.0955,-0.0974
kp20 run1.txt,4,-20.0,-1,173.000,-0.0966,-0.0973
kp20 run1.txt,4,-20.0,-1,174.000,-0.0966,-0.0973
kp20 run1.txt,4,-20.0,-1,175.000,-0.0955,-0.0972
kp20 run1.txt,4,-20.0,-1,176.000,-0.0963,-0.0972
kp20 run1.txt,4,-20.0,-1,177.000,-0.0985,-0.0971
kp20 run1.txt,4,-20.0,-1,178.000,-0.0970,-0.0971
kp20 run1.txt,4,-20.0,-1,179.000,-0.0977,-0.0970
kp20 run1.txt,4,-20.0,-1,180.000,-0.0948,-0.0970
kp20 run1.txt,4,-20.0,-1,181.000,-0.0966,-0.0970
kp20 run1.txt,4,-20.0,-1,182.000,-0.0966,-0.0970
kp20 run1.txt,4,-20.0,-1,183.000,-0.0985,-0.0970
kp20 run1.txt,4,-20.0,-1,184.000,-0.0963,-0.0970
kp20 run1.txt,4,-20.0,-1,185.000,-0.0985,-0.0970
kp20 run1.txt,4,-20.0,-1,186.000,-0.0963,-0.0970
kp20 run1.txt,4,-20.0,-1,187.000,-0.0974,-0.0970
kp20 run1.txt,4,-20.0,-1,188.000,-0.0977,-0.0970
kp20 run1.txt,4,-20.0,-1,189.000,-0.0999,-0.0970
kp20 run1.txt,4,-20.0,-1,190.000,-0.0970,-0.0971
kp20 run1.txt,4,-20.0,-1,191.000,-0.0985,-0.0971
kp20 run1.txt,4,-20.0,-1,192.000,-0.0952,-0.0971
kp20 run1.txt,4,-20.0,-1,193.000,-0.0963,-0.0972
kp20 run1.txt,4,-20.0,-1,194.000,-0.0992,-0.0972
kp20 run1.txt,4,-20.0,-1,195.000,-0.1006,-0.0973
kp20 run1.txt,4,-20.0,-1,196.000,-0.1050,-0.0973
kp20 run1.txt,4,-20.0,-1,197.000,-0.1014,-0.0973
kp20 run1.txt,4,-20.0,-1,198.000,-0.1028,-0.0974
kp20 run1.txt,4,-20.0,-1,199.000,-0.0992,-0.0975
kp20 run1.txt,4,-20.0,-1,200.000,-0.0999,-0.0975
kp20 run1.txt,4,-20.0,-1,201.000,-0.0926,-0.0976
kp20 run1.txt,4,-20.0,-1,202.000,-0.1003,-0.0976
kp20 run1.txt,4,-20.0,-1,203.000,-0.1028,-0.0977
kp20 run1.txt,4,-20.0,-1,204.000,-0.1014,-0.0977
kp20 run1.txt,4,-20.0,-1,205.000,-0.0791,-0.0978
kp20 run1.txt,4,-20.0,-1,206.000,-0.1014,-0.0979
kp20 run1.txt,4,-20.0,-1,207.000,-0.0999,-0.0979
kp20 run1.txt,4,-20.0,-1,208.000,-0.1072,-0.0980
kp20 run1.txt,4,-20.0,-1,209.000,-0.0963,-0.0981
kp20 run1.txt,4,-20.0,-1,210.000,-0.1014,-0.0981
kp20 run1.txt,4,-20.0,-1,211.000,-0.0999,-0.0982
kp20 run1.txt,4,-20.0,-1,212.000,-0.0934,-0.0983
kp20 run1.txt,4,-20.0,-1,213.000,-0.1014,-0.0983
kp20 run1.txt,4,-20.0,-1,214.000,-0.0977,-0.0984
kp20 run1.txt,4,-20.0,-1,215.000,-0.1014,-0.0985
kp20 run1.txt,4,-20.0,-1,216.000,-0.1021,-0.0985
kp20 run1.txt,4,-20.0,-1,217.000,-0.1014,-0.0986
kp20 run1.txt,4,-20.0,-1,218.000,-0.1072,-0.0987
kp20 run1.txt,4,-20.0,-1,219.000,-0.1014,-0.0987
kp20 run1.txt,4,-20.0,-1,220.000,-0.1014,-0.0988
kp20 run1.txt,4,-20.0,-1,221.000,-0.1021,-0.0988
kp20 run1.txt,4,-20.0,-1,222.000,-0.1036,-0.0989
kp20 run1.txt,4,-20.0,-1,223.000,-0.1043,-0.0990
kp20 run1.txt,4,-20.0,-1,224.000,-0.1021,-0.0990
kp20 run1.txt,4,-20.0,-1,225.000,-0.0988,-0.0991
kp20 run1.txt,4,-20.0,-1,226.000,-0.0875,-0.0991
kp20 run1.txt,4,-20.0,-1,227.000,-0.0966,-0.0992
kp20 run1.txt,4,-20.0,-1,228.000,-0.0988,-0.0993
kp20 run1.txt,4,-20.0,-1,229.000,-0.1021,-0.0993
kp20 run1.txt,4,-20.0,-1,230.000,-0.1014,-0.0994
kp20 run1.txt,4,-20.0,-1,231.000,-0.0999,-0.0994
kp20 run1.txt,4,-20.0,-1,232.000,-0.1028,-0.0995
kp20 run1.txt,4,-20.0,-1,233.000,-0.0985,-0.0995
kp20 run1.txt,4,-20.0,-1,234.000,-0.1014,-0.0996
kp20 run1.txt,4,-20.0,-1,235.000,-0.1036,-0.0996
kp20 run1.txt,4,-20.0,-1,236.000,-0.1025,-0.0996
kp20 run1.txt,4,-20.0,-1,237.000,-0.0853,-0.0997
kp20 run1.txt,4,-20.0,-1,238.000,-0.1025,-0.0997
kp20 run1.txt,4,-20.0,-1,239.000,-0.0992,-0.0998
kp20 run1.txt,4,-20.0,-1,240.000,-0.1032,-0.0998
kp20 run1.txt,4,-20.0,-1,241.000,-0.1006,-0.0998
kp20 run1.txt,4,-20.0,-1,242.000,-0.1036,-0.0999
kp20 run1.txt,4,-20.0,-1,243.000,-0.0999,-0.0999
kp20 run1.txt,4,-20.0,-1,244.000,-0.1021,-0.1000
kp20 run1.txt,4,-20.0,-1,245.000,-0.1006,-0.1000
kp20 run1.txt,4,-20.0,-1,246.000,-0.1003,-0.1000
kp20 run1.txt,4,-20.0,-1,247.000,-0.1014,-0.1000
kp20 run1.txt,4,-20.0,-1,248.000,-0.1094,-0.1001
kp20 run1.txt,4,-20.0,-1,249.000,-0.1054,-0.1001
kp20 run1.txt,4,-20.0,-1,250.000,-0.1006,-0.1001
kp20 run1.txt,4,-20.0,-1,251.000,-0.1050,-0.1001
kp20 run1.txt,4,-20.0,-1,252.000,-0.1036,-0.1002
kp20 run1.txt,4,-20.0,-1,253.000,-0.0941,-0.1002
kp20 run1.txt,4,-20.0,-1,254.000,-0.1014,-0.1002
kp20 run1.txt,4,-20.0,-1,255.000,-0.1006,-0.1002
kp20 run1.txt,4,-20.0,-1,256.000,-0.1021,-0.1002
kp20 run1.txt,4,-20.0,-1,257.000,-0.0992,-0.1003
kp20 run1.txt,4,-20.0,-1,258.000,-0.1021,-0.1003
kp20 run1.txt,4,-20.0,-1,259.000,-0.1006,-0.1003
kp20 run1.txt,4,-20.0,-1,260.000,-0.0948,-0.1003
kp20 run1.txt,4,-20.0,-1,261.000,-0.1079,-0.1003
kp20 run1.txt,4,-20.0,-1,262.000,-0.1006,-0.1003
kp20 run1.txt,4,-20.0,-1,263.000,-0.1014,-0.1003
kp20 run1.txt,4,-20.0,-1,264.000,-0.0996,-0.1003
kp20 run1.txt,4,-20.0,-1,265.000,-0.0992,-0.1004
kp20 run1.txt,4,-20.0,-1,266.000,-0.0985,-0.1004
kp20 run1.txt,4,-20.0,-1,267.000,-0.1014,-0.1004
kp20 run1.txt,4,-20.0,-1,268.000,-0.1021,-0.1004
kp20 run1.txt,4,-20.0,-1,269.000,-0.1014,-0.1004
kp20 run1.txt,4,-20.0,-1,270.000,-0.1014,-0.1004
kp20 run1.txt,4,-20.0,-1,271.000,-0.1014,-0.1004
kp20 run1.txt,4,-20.0,-1,272.000,-0.1017,-0.1004
kp20 run1.txt,4,-20.0,-1,273.000,-0.0992,-0.1004
kp20 run1.txt,4,-20.0,-1,274.000,-0.1021,-0.1004
kp20 run1.txt,4,-20.0,-1,275.000,-0.1036,-0.1004
kp20 run1.txt,4,-20.0,-1,276.000,-0.1014,-0.1004
kp20 run1.txt,4,-20.0,-1,277.000,-0.1017,-0.1004
kp20 run1.txt,4,-20.0,-1,278.000,-0.1014,-0.1004
kp20 run1.txt,4,-20.0,-1,279.000,-0.1036,-0.1004
kp20 run1.txt,4,-20.0,-1,280.000,-0.1025,-0.1004
kp20 run1.txt,4,-20.0,-1,281.000,-0.0919,-0.1004
kp20 run1.txt,4,-20.0,-1,282.000,-0.1006,-0.1004
kp20 run1.txt,4,-20.0,-1,283.000,-0.1160,-0.1004
kp20 run1.txt,4,-20.0,-1,284.000,-0.1021,-0.1004
kp20 run1.txt,4,-20.0,-1,285.000,-0.0948,-0.1004
kp20 run1.txt,4,-20.0,-1,286.000,-0.1174,-0.1003
kp20 run1.txt,4,-20.0,-1,287.000,-0.0970,-0.1003
kp20 run1.txt,4,-20.0,-1,288.000,-0.1021,-0.1003
kp20 run1.txt,4,-20.0,-1,289.000,-0.1014,-0.1003
kp20 run1.txt,4,-20.0,-1,290.000,-0.1021,-0.1003
kp20 run1.txt,4,-20.0,-1,291.000,-0.1021,-0.1003
kp20 run1.txt,4,-20.0,-1,292.000,-0.0970,-0.1003
kp20 run1.txt,4,-20.0,-1,293.000,-0.1021,-0.1003
kp20 run1.txt,4,-20.0,-1,294.000,-0.1014,-0.1003
kp20 run1.txt,4,-20.0,-1,295.000,-0.0999,-0.1003
kp20 run1.txt,4,-20.0,-1,296.000,-0.1014,-0.1003
kp20 run1.txt,4,-20.0,-1,297.000,-0.0996,-0.1003
kp20 run1.txt,4,-20.0,-1,298.000,-0.0963,-0.1003
kp20 run1.txt,4,-20.0,-1,299.000,-0.1014,-0.1003
kp20 run1.txt,4,-20.0,-1,300.000,-0.1014,-0.1002
kp20 run1.txt,4,-20.0,-1,301.000,-0.1054,-0.1002
kp20 run1.txt,4,-20.0,-1,302.000,-0.1025,-0.1002
kp20 run1.txt,4,-20.0,-1,303.000,-0.0999,-0.1002
kp20 run1.txt,4,-20.0,-1,304.000,-0.1014,-0.1002
kp20 run1.txt,4,-20.0,-1,305.000,-0.0970,-0.1002
kp20 run1.txt,4,-20.0,-1,306.000,-0.1101,-0.1002
kp20 run1.txt,4,-20.0,-1,307.000,-0.0999,-0.1002
kp20 run1.txt,4,-20.0,-1,308.000,-0.1014,-0.1002
kp20 run1.txt,4,-20.0,-1,309.000,-0.1014,-0.1002
kp20 run1.txt,4,-20.0,-1,310.000,-0.0999,-0.1002
kp20 run1.txt,4,-20.0,-1,311.000,-0.1050,-0.1002
kp20 run1.txt,4,-20.0,-1,312.000,-0.1021,-0.1002
kp20 run1.txt,4,-20.0,-1,313.000,-0.0999,-0.1001
kp20 run1.txt,4,-20.0,-1,314.000,-0.1014,-0.1001
kp20 run1.txt,4,-20.0,-1,315.000,-0.1014,-0.1001
kp20 run1.txt,4,-20.0,-1,316.000,-0.0992,-0.1001
kp20 run1.txt,4,-20.0,-1,317.000,-0.1014,-0.1001
kp20 run1.txt,4,-20.0,-1,318.000,-0.1014,-0.1001
kp20 run1.txt,4,-20.0,-1,319.000,-0.1006,-0.1001
kp20 run1.txt,4,-20.0,-1,320.000,-0.0985,-0.1001
kp20 run1.txt,4,-20.0,-1,321.000,-0.0992,-0.1001
kp20 run1.txt,4,-20.0,-1,322.000,-0.1014,-0.1001
kp20 run1.txt,4,-20.0,-1,323.000,-0.0985,-0.1001
kp20 run1.txt,4,-20.0,-1,324.000,-0.1006,-0.1001
kp20 run1.txt,4,-20.0,-1,325.000,-0.0992,-0.1001
kp20 run1.txt,4,-20.0,-1,326.000,-0.1021,-0.1001
kp20 run1.txt,4,-20.0,-1,327.000,-0.1025,-0.1001
kp20 run1.txt,4,-20.0,-1,328.000,-0.0999,-0.1000
kp20 run1.txt,4,-20.0,-1,329.000,-0.1006,-0.1000
kp20 run1.txt,4,-20.0,-1,330.000,-0.1043,-0.1000
kp20 run1.txt,4,-20.0,-1,331.000,-0.0977,-0.1000
kp20 run1.txt,4,-20.0,-1,332.000,-0.1014,-0.1000
kp20 run1.txt,4,-20.0,-1,333.000,-0.0999,-0.1000
kp20 run1.txt,4,-20.0,-1,334.000,-0.0999,-0.1000
kp20 run1.txt,4,-20.0,-1,335.000,-0.0977,-0.1000
kp20 run1.txt,4,-20.0,-1,336.000,-0.0941,-0.1000
kp20 run1.txt,4,-20.0,-1,337.000,-0.0985,-0.1000
kp20 run1.txt,4,-20.0,-1,338.000,-0.1006,-0.1000
kp20 run1.txt,4,-20.0,-1,339.000,-0.1014,-0.1000
kp20 run1.txt,4,-20.0,-1,340.000,-0.1028,-0.1000
kp20 run1.txt,4,-20.0,-1,341.000,-0.0985,-0.1000
kp20 run1.txt,4,-20.0,-1,342.000,-0.1021,-0.1000
kp20 run1.txt,4,-20.0,-1,343.000,-0.0970,-0.1000
kp20 run1.txt,4,-20.0,-1,344.000,-0.0988,-0.1000
kp20 run1.txt,4,-20.0,-1,345.000,-0.0999,-0.1000
kp20 run1.txt,4,-20.0,-1,346.000,-0.1014,-0.1000
kp20 run1.txt,4,-20.0,-1,347.000,-0.1006,-0.1000
kp20 run1.txt,4,-20.0,-1,348.000,-0.1054,-0.1000
kp20 run1.txt,4,-20.0,-1,349.000,-0.1043,-0.1000
kp20 run1.txt,4,-20.0,-1,350.000,-0.1014,-0.1000
kp20 run1.txt,4,-20.0,-1,351.000,-0.1014,-0.1000
kp20 run1.txt,4,-20.0,-1,352.000,-0.1014,-0.1000
kp20 run1.txt,4,-20.0,-1,353.000,-0.1006,-0.1000
kp20 run1.txt,4,-20.0,-1,354.000,-0.0992,-0.1000
kp20 run1.txt,4,-20.0,-1,355.000,-0.0992,-0.1000
kp20 run1.txt,4,-20.0,-1,356.000,-0.1028,-0.1000
kp20 run1.txt,4,-20.0,-1,357.000,-0.0992,-0.1000
kp20 run1.txt,4,-20.0,-1,358.000,-0.1014,-0.1000
kp20 run1.txt,4,-20.0,-1,359.000,-0.1003,-0.1000
kp20 run1.txt,4,-20.0,-1,360.000,-0.0868,-0.1000
kp20 run1.txt,4,-20.0,-1,361.000,-0.1043,-0.1000
kp20 run1.txt,4,-20.0,-1,362.000,-0.1021,-0.1000
kp20 run1.txt,4,-20.0,-1,363.000,-0.1065,-0.1000
kp20 run1.txt,4,-20.0,-1,364.000,-0.1014,-0.1000
kp20 run1.txt,4,-20.0,-1,365.000,-0.1032,-0.1000
kp20 run1.txt,4,-20.0,-1,366.000,-0.0999,-0.1000
kp20 run1.txt,4,-20.0,-1,367.000,-0.1006,-0.1000
kp20 run1.txt,4,-20.0,-1,368.000,-0.1014,-0.1000
kp20 run1.txt,4,-20.0,-1,369.000,-0.1014,-0.1000
kp20 run1.txt,4,-20.0,-1,370.000,-0.1014,-0.1000
kp20 run1.txt,4,-20.0,-1,371.000,-0.1006,-0.1000
kp20 run1.txt,4,-20.0,-1,372.000,-0.0999,-0.1000
kp20 run1.txt,4,-20.0,-1,373.000,-0.0992,-0.1000
kp20 run1.txt,4,-20.0,-1,374.000,-0.1006,-0.1000
kp20 run1.txt,4,-20.0,-1,375.000,-0.0955,-0.1000
kp20 run1.txt,4,-20.0,-1,376.000,-0.1006,-0.1000
kp20 run1.txt,4,-20.0,-1,377.000,-0.1006,-0.1000
kp20 run1.txt,4,-20.0,-1,378.000,-0.1072,-0.1000
kp20 run1.txt,4,-20.0,-1,379.000,-0.0985,-0.1000
kp20 run1.txt,4,-20.0,-1,380.000,-0.0992,-0.1000
kp20 run1.txt,4,-20.0,-1,381.000,-0.1006,-0.1000
kp20 run1.txt,4,-20.0,-1,382.000,-0.1006,-0.1000
kp20 run1.txt,4,-20.0,-1,383.000,-0.1006,-0.1000
kp20 run1.txt,4,-20.0,-1,384.000,-0.1072,-0.1000
kp20 run1.txt,4,-20.0,-1,385.000,-0.0999,-0.1000
kp20 run1.txt,4,-20.0,-1,386.000,-0.1025,-0.1000
kp20 run1.txt,4,-20.0,-1,387.000,-0.0926,-0.1000
kp20 run1.txt,4,-20.0,-1,388.000,-0.0963,-0.1000
kp20 run1.txt,4,-20.0,-1,389.000,-0.0963,-0.1000
kp20 run1.txt,4,-20.0,-1,390.000,-0.1006,-0.1000
kp20 run1.txt,4,-20.0,-1,391.000,-0.0999,-0.1000
kp20 run1.txt,4,-20.0,-1,392.000,-0.0999,-0.1000
kp20 run1.txt,4,-20.0,-1,393.000,-0.1014,-0.1000
kp20 run1.txt,4,-20.0,-1,394.000,-0.0992,-0.1000
kp20 run1.txt,4,-20.0,-1,395.000,-0.1006,-0.1000
kp20 run1.txt,4,-20.0,-1,396.000,-0.1014,-0.1000
kp20 run1.txt,4,-20.0,-1,397.000,-0.1021,-0.1000
kp20 run1.txt,4,-20.0,-1,398.000,-0.0999,-0.1000
kp20 run1.txt,4,-20.0,-1,399.000,-0.1065,-0.1000
kp20 run1.txt,4,-20.0,-1,400.000,-0.0992,-0.1000
kp20 run1.txt,4,-20.0,-1,401.000,-0.1006,-0.1000
kp20 run1.txt,4,-20.0,-1,402.000,-0.0985,-0.1000
kp20 run1.txt,4,-20.0,-1,403.000,-0.1006,-0.1000
kp20 run1.txt,4,-20.0,-1,404.000,-0.0996,-0.1000
kp20 run1.txt,4,-20.0,-1,405.000,-0.0992,-0.1000
kp20 run1.txt,4,-20.0,-1,406.000,-0.0985,-0.1000
kp20 run1.txt,4,-20.0,-1,407.000,-0.0992,-0.1000
kp20 run1.txt,4,-20.0,-1,408.000,-0.1006,-0.1000
kp20 run1.txt,4,-20.0,-1,409.000,-0.0966,-0.1000
kp20 run1.txt,4,-20.0,-1,410.000,-0.0996,-0.1000
kp20 run1.txt,4,-20.0,-1,411.000,-0.1014,-0.1000
kp20 run1.txt,4,-20.0,-1,412.000,-0.0985,-0.1000
kp20 run1.txt,4,-20.0,-1,413.000,-0.1006,-0.1000
kp20 run1.txt,4,-20.0,-1,414.000,-0.0996,-0.1000
kp20 run1.txt,4,-20.0,-1,415.000,-0.0988,-0.1000
kp20 run1.txt,4,-20.0,-1,416.000,-0.1010,-0.1000
kp20 run1.txt,4,-20.0,-1,417.000,-0.0985,-0.1000
kp20 run1.txt,4,-20.0,-1,418.000,-0.0996,-0.1000
kp20 run1.txt,4,-20.0,-1,419.000,-0.0963,-0.1000
kp20 run1.txt,4,-20.0,-1,420.000,-0.1006,-0.1000
kp20 run1.txt,4,-20.0,-1,421.000,-0.1021,-0.1000
kp20 run1.txt,4,-20.0,-1,422.000,-0.0999,-0.1000
kp20 run1.txt,4,-20.0,-1,423.000,-0.1014,-0.1000
kp20 run1.txt,4,-20.0,-1,424.000,-0.0992,-0.1000
kp20 run1.txt,4,-20.0,-1,425.000,-0.0992,-0.1000
kp20 run1.txt,4,-20.0,-1,426.000,-0.1021,-0.1000
kp20 run1.txt,4,-20.0,-1,427.000,-0.0992,-0.1000
kp20 run1.txt,4,-20.0,-1,428.000,-0.0941,-0.1000
kp20 run1.txt,4,-20.0,-1,429.000,-0.0985,-0.1000
kp20 run1.txt,4,-20.0,-1,430.000,-0.1014,-0.1000
kp20 run1.txt,4,-20.0,-1,431.000,-0.1006,-0.1000
kp20 run1.txt,4,-20.0,-1,432.000,-0.1028,-0.1000
kp20 run1.txt,4,-20.0,-1,433.000,-0.0985,-0.1000
kp20 run1.txt,4,-20.0,-1,434.000,-0.1006,-0.1000
kp20 run1.txt,4,-20.0,-1,435.000,-0.1006,-0.1000
kp20 run1.txt,4,-20.0,-1,436.000,-0.0985,-0.1000
kp20 run1.txt,4,-20.0,-1,437.000,-0.1006,-0.1000
kp20 run1.txt,4,-20.0,-1,438.000,-0.0999,-0.1000
kp20 run1.txt,4,-20.0,-1,439.000,-0.0992,-0.1000
kp20 run1.txt,4,-20.0,-1,440.000,-0.0985,-0.1000
kp20 run1.txt,4,-20.0,-1,441.000,-0.1006,-0.1000
kp20 run1.txt,4,-20.0,-1,442.000,-0.1014,-0.1000
kp20 run1.txt,4,-20.0,-1,443.000,-0.1003,-0.1000
kp20 run1.txt,4,-20.0,-1,444.000,-0.0999,-0.1000
kp20 run1.txt,4,-20.0,-1,445.000,-0.1006,-0.1000
kp20 run1.txt,4,-20.0,-1,446.000,-0.0996,-0.1000
kp20 run1.txt,4,-20.0,-1,447.000,-0.0985,-0.1000
kp20 run1.txt,4,-20.0,-1,448.000,-0.0985,-0.1000
kp20 run1.txt,4,-20.0,-1,449.000,-0.0977,-0.1000
kp20 run1.txt,4,-20.0,-1,450.000,-0.1006,-0.1000
kp20 run1.txt,4,-20.0,-1,451.000,-0.0985,-0.1000
kp20 run1.txt,4,-20.0,-1,452.000,-0.1043,-0.1000
kp20 run1.txt,4,-20.0,-1,453.000,-0.1006,-0.1000
kp20 run1.txt,4,-20.0,-1,454.000,-0.0985,-0.1000
kp20 run1.txt,4,-20.0,-1,455.000,-0.0977,-0.1000
kp20 run1.txt,4,-20.0,-1,456.000,-0.1003,-0.1000
kp20 run1.txt,4,-20.0,-1,457.000,-0.0934,-0.1000
kp20 run1.txt,4,-20.0,-1,458.000,-0.1021,-0.1000
kp20 run1.txt,4,-20.0,-1,459.000,-0.1014,-0.1000
kp20 run1.txt,4,-20.0,-1,460.000,-0.0999,-0.1000
kp20 run1.txt,4,-20.0,-1,461.000,-0.0846,-0.1000
kp20 run1.txt,4,-20.0,-1,462.000,-0.1123,-0.1000
kp20 run1.txt,4,-20.0,-1,463.000,-0.0999,-0.1000
kp20 run1.txt,4,-20.0,-1,464.000,-0.0985,-0.1000
kp20 run1.txt,4,-20.0,-1,465.000,-0.0996,-0.1000
kp20 run1.txt,4,-20.0,-1,466.000,-0.1025,-0.1000
kp20 run1.txt,4,-20.0,-1,467.000,-0.0999,-0.1000
kp20 run1.txt,4,-20.0,-1,468.000,-0.0992,-0.1000
kp20 run1.txt,4,-20.0,-1,469.000,-0.0992,-0.1000
kp20 run1.txt,4,-20.0,-1,470.000,-0.1138,-0.1000
kp20 run1.txt,4,-20.0,-1,471.000,-0.0904,-0.1000
kp20 run1.txt,4,-20.0,-1,472.000,-0.1021,-0.1000
kp20 run1.txt,4,-20.0,-1,473.000,-0.1006,-0.1000
kp20 run1.txt,4,-20.0,-1,474.000,-0.1006,-0.1000
kp20 run1.txt,4,-20.0,-1,475.000,-0.0999,-0.1000
kp20 run1.txt,4,-20.0,-1,476.000,-0.1079,-0.1000
kp20 run1.txt,4,-20.0,-1,477.000,-0.0948,-0.1000
kp20 run1.txt,4,-20.0,-1,478.000,-0.1006,-0.1000
kp20 run1.txt,4,-20.0,-1,479.000,-0.1036,-0.1000
kp20 run1.txt,4,-20.0,-1,480.000,-0.1028,-0.1000
kp20 run1.txt,4,-20.0,-1,481.000,-0.0985,-0.1000
kp20 run1.txt,4,-20.0,-1,482.000,-0.1028,-0.1000
kp20 run1.txt,4,-20.0,-1,483.000,-0.0977,-0.1000
kp20 run1.txt,4,-20.0,-1,484.000,-0.0996,-0.1000
kp20 run1.txt,4,-20.0,-1,485.000,-0.1014,-0.1000
kp20 run1.txt,4,-20.0,-1,486.000,-0.1028,-0.1000
kp20 run1.txt,4,-20.0,-1,487.000,-0.1025,-0.1000
kp20 run1.txt,4,-20.0,-1,488.000,-0.0996,-0.1000
kp20 run1.txt,4,-20.0,-1,489.000,-0.0985,-0.1000
kp20 run1.txt,4,-20.0,-1,490.000,-0.1021,-0.1000
kp20 run1.txt,4,-20.0,-1,491.000,-0.0992,-0.1000
kp20 run1.txt,4,-20.0,-1,492.000,-0.0977,-0.1000
kp20 run1.txt,4,-20.0,-1,493.000,-0.1006,-0.1000
kp20 run1.txt,4,-20.0,-1,494.000,-0.0985,-0.1000
kp20 run1.txt,4,-20.0,-1,495.000,-0.1003,-0.1000
kp20 run1.txt,4,-20.0,-1,496.000,-0.1010,-0.1000
kp20 run1.txt,4,-20.0,-1,497.000,-0.0999,-0.1000
kp20 run1.txt,4,-20.0,-1,498.000,-0.0999,-0.1000
kp20 run1.txt,4,-20.0,-1,499.000,-0.1006,-0.1000
kp20 run1.txt,4,-20.0,-1,500.000,-0.1021,-0.1000
kp20 run1.txt,4,-20.0,-1,501.000,-0.0941,-0.1000
kp20 run1.txt,4,-20.0,-1,502.000,-0.0985,-0.1000
kp20 run1.txt,4,-20.0,-1,503.000,-0.1003,-0.1000
kp20 run1.txt,4,-20.0,-1,504.000,-0.0999,-0.1000
kp20 run1.txt,4,-20.0,-1,505.000,-0.1006,-0.1000
kp20 run1.txt,4,-20.0,-1,506.000,-0.0985,-0.1000
kp20 run1.txt,4,-20.0,-1,507.000,-0.1006,-0.1000
kp20 run1.txt,4,-20.0,-1,508.000,-0.1006,-0.1000
kp20 run1.txt,4,-20.0,-1,509.000,-0.0780,-0.1000
kp20 run1.txt,4,-20.0,-1,510.000,-0.1014,-0.1000
kp20 run1.txt,4,-20.0,-1,511.000,-0.1014,-0.1000
kp20 run1.txt,4,-20.0,-1,512.000,-0.0992,-0.1000
kp20 run1.txt,4,-20.0,-1,513.000,-0.0904,-0.1000
kp20 run1.txt,4,-20.0,-1,514.000,-0.0999,-0.1000
kp20 run1.txt,4,-20.0,-1,515.000,-0.0996,-0.1000
kp20 run1.txt,4,-20.0,-1,516.000,-0.1006,-0.1000
kp20 run1.txt,4,-20.0,-1,517.000,-0.1006,-0.1000
kp20 run1.txt,4,-20.0,-1,518.000,-0.0992,-0.1000
kp20 run1.txt,4,-20.0,-1,519.000,-0.1006,-0.1000
kp20 run1.txt,4,-20.0,-1,520.000,-0.0992,-0.1000
kp20 run1.txt,4,-20.0,-1,521.000,-0.0992,-0.1000
kp20 run1.txt,4,-20.0,-1,522.000,-0.0985,-0.1000
kp20 run1.txt,4,-20.0,-1,523.000,-0.1006,-0.1000
kp20 run1.txt,4,-20.0,-1,524.000,-0.0934,-0.1000
kp20 run1.txt,4,-20.0,-1,525.000,-0.0985,-0.1000
kp20 run1.txt,4,-20.0,-1,526.000,-0.1050,-0.1000
kp20 run1.txt,4,-20.0,-1,527.000,-0.1014,-0.1000
kp20 run1.txt,4,-20.0,-1,528.000,-0.1014,-0.1000
kp20 run1.txt,4,-20.0,-1,529.000,-0.1006,-0.1000
kp20 run1.txt,4,-20.0,-1,530.000,-0.1025,-0.1000
kp20 run1.txt,4,-20.0,-1,531.000,-0.0992,-0.1000
kp20 run1.txt,4,-20.0,-1,532.000,-0.0970,-0.1000
kp20 run1.txt,4,-20.0,-1,533.000,-0.1006,-0.1000
kp20 run1.txt,4,-20.0,-1,534.000,-0.0970,-0.1000
kp20 run1.txt,4,-20.0,-1,535.000,-0.0996,-0.1000
kp20 run1.txt,4,-20.0,-1,536.000,-0.0992,-0.1000
kp20 run1.txt,4,-20.0,-1,537.000,-0.0985,-0.1000
kp20 run1.txt,4,-20.0,-1,538.000,-0.1014,-0.1000
kp20 run1.txt,4,-20.0,-1,539.000,-0.1006,-0.1000
kp20 run1.txt,4,-20.0,-1,540.000,-0.0992,-0.1000
kp20 run1.txt,4,-20.0,-1,541.000,-0.1014,-0.1000
kp20 run1.txt,4,-20.0,-1,542.000,-0.0963,-0.1000
kp20 run1.txt,4,-20.0,-1,543.000,-0.1021,-0.1000
kp20 run1.txt,4,-20.0,-1,544.000,-0.1050,-0.1000
kp20 run1.txt,4,-20.0,-1,545.000,-0.1006,-0.1000
kp20 run1.txt,4,-20.0,-1,546.000,-0.0999,-0.1000
kp20 run1.txt,4,-20.0,-1,547.000,-0.1006,-0.1000
kp20 run1.txt,4,-20.0,-1,548.000,-0.0963,-0.1000
kp20 run1.txt,4,-20.0,-1,549.000,-0.1014,-0.1000
kp20 run1.txt,4,-20.0,-1,550.000,-0.0992,-0.1000
kp20 run1.txt,4,-20.0,-1,551.000,-0.1003,-0.1000
kp20 run1.txt,4,-20.0,-1,552.000,-0.1006,-0.1000
kp20 run1.txt,4,-20.0,-1,553.000,-0.0948,-0.1000
kp20 run1.txt,4,-20.0,-1,554.000,-0.1247,-0.1000
kp20 run1.txt,4,-20.0,-1,555.000,-0.0955,-0.1000
kp20 run1.txt,4,-20.0,-1,556.000,-0.0996,-0.1000
kp20 run1.txt,4,-20.0,-1,557.000,-0.1065,-0.1000
kp20 run1.txt,4,-20.0,-1,558.000,-0.1021,-0.1000
kp20 run1.txt,4,-20.0,-1,559.000,-0.0992,-0.1000
kp20 run1.txt,4,-20.0,-1,560.000,-0.0970,-0.1000
kp20 run1.txt,4,-20.0,-1,561.000,-0.0977,-0.1000
kp20 run1.txt,4,-20.0,-1,562.000,-0.0996,-0.1000
kp20 run1.txt,4,-20.0,-1,563.000,-0.1017,-0.1000
kp20 run1.txt,4,-20.0,-1,564.000,-0.0999,-0.1000
kp20 run1.txt,4,-20.0,-1,565.000,-0.0955,-0.1000
kp20 run1.txt,4,-20.0,-1,566.000,-0.1025,-0.1000
kp20 run1.txt,4,-20.0,-1,567.000,-0.1021,-0.1000
kp20 run1.txt,4,-20.0,-1,568.000,-0.0992,-0.1000
kp20 run1.txt,4,-20.0,-1,569.000,-0.0985,-0.1000
kp20 run1.txt,4,-20.0,-1,570.000,-0.1021,-0.1000
kp20 run1.txt,4,-20.0,-1,571.000,-0.0985,-0.1000
kp20 run1.txt,4,-20.0,-1,572.000,-0.1014,-0.1000
kp20 run1.txt,4,-20.0,-1,573.000,-0.1014,-0.1000
kp20 run1.txt,4,-20.0,-1,574.000,-0.1043,-0.1000
kp20 run1.txt,4,-20.0,-1,575.000,-0.1006,-0.1000
kp20 run1.txt,4,-20.0,-1,576.000,-0.1021,-0.1000
kp20 run1.txt,4,-20.0,-1,577.000,-0.1006,-0.1000
kp20 run1.txt,4,-20.0,-1,578.000,-0.0999,-0.1000
kp20 run1.txt,4,-20.0,-1,579.000,-0.0992,-0.1000
kp20 run1.txt,4,-20.0,-1,580.000,-0.1021,-0.1000
kp20 run1.txt,4,-20.0,-1,581.000,-0.1014,-0.1000
kp20 run1.txt,4,-20.0,-1,582.000,-0.0992,-0.1000
kp20 run1.txt,4,-20.0,-1,583.000,-0.0985,-0.1000
kp20 run1.txt,4,-20.0,-1,584.000,-0.1006,-0.1000
kp20 run1.txt,4,-20.0,-1,585.000,-0.1014,-0.1000
kp20 run1.txt,4,-20.0,-1,586.000,-0.0955,-0.1000
kp20 run1.txt,4,-20.0,-1,587.000,-0.0985,-0.1000
kp20 run1.txt,4,-20.0,-1,588.000,-0.1028,-0.1000
kp20 run1.txt,4,-20.0,-1,589.000,-0.1021,-0.1000
kp20 run1.txt,4,-20.0,-1,590.000,-0.1006,-0.1000
kp20 run1.txt,4,-20.0,-1,591.000,-0.1043,-0.1000
kp20 run1.txt,4,-20.0,-1,592.000,-0.0996,-0.1000
kp20 run1.txt,4,-20.0,-1,593.000,-0.0999,-0.1000
kp20 run1.txt,4,-20.0,-1,594.000,-0.0992,-0.1000
kp20 run1.txt,4,-20.0,-1,595.000,-0.1010,-0.1000
kp20 run1.txt,4,-20.0,-1,596.000,-0.0992,-0.1000
kp20 run1.txt,4,-20.0,-1,597.000,-0.1014,-0.1000
kp20 run1.txt,4,-20.0,-1,598.000,-0.0999,-0.1000
kp20 run1.txt,4,-20.0,-1,599.000,-0.0996,-0.1000
kp20 run1.txt,5,-20.0,1,0.000,-0.1014,-0.1005
kp20 run1.txt,5,-20.0,1,1.000,-0.0996,-0.1005
kp20 run1.txt,5,-20.0,1,2.000,-0.1006,-0.1005
kp20 run1.txt,5,-20.0,1,3.000,-0.0992,-0.1003
kp20 run1.txt,5,-20.0,1,4.000,-0.0999,-0.0998
kp20 run1.txt,5,-20.0,1,5.000,-0.1014,-0.0989
kp20 run1.txt,5,-20.0,1,6.000,-0.0963,-0.0978
kp20 run1.txt,5,-20.0,1,7.000,-0.0955,-0.0964
kp20 run1.txt,5,-20.0,1,8.000,-0.0963,-0.0947
kp20 run1.txt,5,-20.0,1,9.000,-0.0930,-0.0927
kp20 run1.txt,5,-20.0,1,10.000,-0.0853,-0.0905
kp20 run1.txt,5,-20.0,1,11.000,-0.0850,-0.0881
kp20 run1.txt,5,-20.0,1,12.000,-0.0839,-0.0854
kp20 run1.txt,5,-20.0,1,13.000,-0.0802,-0.0826
kp20 run1.txt,5,-20.0,1,14.000,-0.0773,-0.0796
kp20 run1.txt,5,-20.0,1,15.000,-0.0722,-0.0764
kp20 run1.txt,5,-20.0,1,16.000,-0.0755,-0.0730
kp20 run1.txt,5,-20.0,1,17.000,-0.0700,-0.0695
kp20 run1.txt,5,-20.0,1,18.000,-0.0646,-0.0659
kp20 run1.txt,5,-20.0,1,19.000,-0.0602,-0.0622
kp20 run1.txt,5,-20.0,1,20.000,-0.0270,-0.0583
kp20 run1.txt,5,-20.0,1,21.000,-0.0482,-0.0544
kp20 run1.txt,5,-20.0,1,22.000,-0.0471,-0.0504
kp20 run1.txt,5,-20.0,1,23.000,-0.0383,-0.0463
kp20 run1.txt,5,-20.0,1,24.000,-0.0412,-0.0421
kp20 run1.txt,5,-20.0,1,25.000,-0.0372,-0.0379
kp20 run1.txt,5,-20.0,1,26.000,-0.0343,-0.0336
kp20 run1.txt,5,-20.0,1,27.000,-0.0270,-0.0293
kp20 run1.txt,5,-20.0,1,28.000,-0.0208,-0.0250
kp20 run1.txt,5,-20.0,1,29.000,-0.0205,-0.0206
kp20 run1.txt,5,-20.0,1,30.000,-0.0197,-0.0163
kp20 run1.txt,5,-20.0,1,31.000,-0.0205,-0.0119
kp20 run1.txt,5,-20.0,1,32.000,-0.0128,-0.0076
kp20 run1.txt,5,-20.0,1,33.000,-0.0081,-0.0032
kp20 run1.txt,5,-20.0,1,34.000,0.0131,0.0011
kp20 run1.txt,5,-20.0,1,35.000,0.0003,0.0054
kp20 run1.txt,5,-20.0,1,36.000,0.0058,0.0097
kp20 run1.txt,5,-20.0,1,37.000,0.0058,0.0139
kp20 run1.txt,5,-20.0,1,38.000,0.0131,0.0181
kp20 run1.txt,5,-20.0,1,39.000,0.0189,0.0222
kp20 run1.txt,5,-20.0,1,40.000,0.0240,0.0263
kp20 run1.txt,5,-20.0,1,41.000,0.0262,0.0303
kp20 run1.txt,5,-20.0,1,42.000,0.0284,0.0342
kp20 run1.txt,5,-20.0,1,43.000,0.0393,0.0381
kp20 run1.txt,5,-20.0,1,44.000,0.0375,0.0419
kp20 run1.txt,5,-20.0,1,45.000,0.0408,0.0457
kp20 run1.txt,5,-20.0,1,46.000,0.0320,0.0494
kp20 run1.txt,5,-20.0,1,47.000,0.0707,0.0530
kp20 run1.txt,5,-20.0,1,48.000,0.0495,0.0565
kp20 run1.txt,5,-20.0,1,49.000,0.0699,0.0599
kp20 run1.txt,5,-20.0,1,50.000,0.0568,0.0632
kp20 run1.txt,5,-20.0,1,51.000,0.0546,0.0665
kp20 run1.txt,5,-20.0,1,52.000,0.0641,0.0696
kp20 run1.txt,5,-20.0,1,53.000,0.0699,0.0727
kp20 run1.txt,5,-20.0,1,54.000,0.0718,0.0757
kp20 run1.txt,5,-20.0,1,55.000,0.0707,0.0786
kp20 run1.txt,5,-20.0,1,56.000,0.0754,0.0814
kp20 run1.txt,5,-20.0,1,57.000,0.0834,0.0841
kp20 run1.txt,5,-20.0,1,58.000,0.0812,0.0867
kp20 run1.txt,5,-20.0,1,59.000,0.0845,0.0892
kp20 run1.txt,5,-20.0,1,60.000,0.0729,0.0916
kp20 run1.txt,5,-20.0,1,61.000,0.0907,0.0939
kp20 run1.txt,5,-20.0,1,62.000,0.0958,0.0962
kp20 run1.txt,5,-20.0,1,63.000,0.0955,0.0983
kp20 run1.txt,5,-20.0,1,64.000,0.0977,0.1003
kp20 run1.txt,5,-20.0,1,65.000,0.0969,0.1023
kp20 run1.txt,5,-20.0,1,66.000,0.1024,0.1041
kp20 run1.txt,5,-20.0,1,67.000,0.1002,0.1059
kp20 run1.txt,5,-20.0,1,68.000,0.1115,0.1076
kp20 run1.txt,5,-20.0,1,69.000,0.1079,0.1092
kp20 run1.txt,5,-20.0,1,70.000,0.1086,0.1107
kp20 run1.txt,5,-20.0,1,71.000,0.1133,0.1121
kp20 run1.txt,5,-20.0,1,72.000,0.1100,0.1134
kp20 run1.txt,5,-20.0,1,73.000,0.1159,0.1147
kp20 run1.txt,5,-20.0,1,74.000,0.1144,0.1158
kp20 run1.txt,5,-20.0,1,75.000,0.1151,0.1169
kp20 run1.txt,5,-20.0,1,76.000,0.1159,0.1180
kp20 run1.txt,5,-20.0,1,77.000,0.1166,0.1189
kp20 run1.txt,5,-20.0,1,78.000,0.1181,0.1198
kp20 run1.txt,5,-20.0,1,79.000,0.1195,0.1205
kp20 run1.txt,5,-20.0,1,80.000,0.1195,0.1213
kp20 run1.txt,5,-20.0,1,81.000,0.1203,0.1219
kp20 run1.txt,5,-20.0,1,82.000,0.1210,0.1225
kp20 run1.txt,5,-20.0,1,83.000,0.1195,0.1230
kp20 run1.txt,5,-20.0,1,84.000,0.1217,0.1235
kp20 run1.txt,5,-20.0,1,85.000,0.1188,0.1239
kp20 run1.txt,5,-20.0,1,86.000,0.1232,0.1242
kp20 run1.txt,5,-20.0,1,87.000,0.1108,0.1245
kp20 run1.txt,5,-20.0,1,88.000,0.1195,0.1247
kp20 run1.txt,5,-20.0,1,89.000,0.1203,0.1249
kp20 run1.txt,5,-20.0,1,90.000,0.1195,0.1251
kp20 run1.txt,5,-20.0,1,91.000,0.1232,0.1251
kp20 run1.txt,5,-20.0,1,92.000,0.1217,0.1252
kp20 run1.txt,5,-20.0,1,93.000,0.1064,0.1252
kp20 run1.txt,5,-20.0,1,94.000,0.1181,0.1251
kp20 run1.txt,5,-20.0,1,95.000,0.1166,0.1250
kp20 run1.txt,5,-20.0,1,96.000,0.1203,0.1249
kp20 run1.txt,5,-20.0,1,97.000,0.1210,0.1247
kp20 run1.txt,5,-20.0,1,98.000,0.1195,0.1245
kp20 run1.txt,5,-20.0,1,99.000,0.1228,0.1243
kp20 run1.txt,5,-20.0,1,100.000,0.1250,0.1241
kp20 run1.txt,5,-20.0,1,101.000,0.1181,0.1238
kp20 run1.txt,5,-20.0,1,102.000,0.1195,0.1234
kp20 run1.txt,5,-20.0,1,103.000,0.1228,0.1231
kp20 run1.txt,5,-20.0,1,104.000,0.1232,0.1227
kp20 run1.txt,5,-20.0,1,105.000,0.1210,0.1224
kp20 run1.txt,5,-20.0,1,106.000,0.1243,0.1220
kp20 run1.txt,5,-20.0,1,107.000,0.1115,0.1215
kp20 run1.txt,5,-20.0,1,108.000,0.1108,0.1211
kp20 run1.txt,5,-20.0,1,109.000,0.1319,0.1206
kp20 run1.txt,5,-20.0,1,110.000,0.1195,0.1202
kp20 run1.txt,5,-20.0,1,111.000,0.1195,0.1197
kp20 run1.txt,5,-20.0,1,112.000,0.1217,0.1192
kp20 run1.txt,5,-20.0,1,113.000,0.1035,0.1187
kp20 run1.txt,5,-20.0,1,114.000,0.1151,0.1182
kp20 run1.txt,5,-20.0,1,115.000,0.1144,0.1177
kp20 run1.txt,5,-20.0,1,116.000,0.1111,0.1171
kp20 run1.txt,5,-20.0,1,117.000,0.1115,0.1166
kp20 run1.txt,5,-20.0,1,118.000,0.1137,0.1161
kp20 run1.txt,5,-20.0,1,119.000,0.1137,0.1155
kp20 run1.txt,5,-20.0,1,120.000,0.1093,0.1150
kp20 run1.txt,5,-20.0,1,121.000,0.1115,0.1145
kp20 run1.txt,5,-20.0,1,122.000,0.1108,0.1139
kp20 run1.txt,5,-20.0,1,123.000,0.1049,0.1134
kp20 run1.txt,5,-20.0,1,124.000,0.1115,0.1128
kp20 run1.txt,5,-20.0,1,125.000,0.1071,0.1123
kp20 run1.txt,5,-20.0,1,126.000,0.1086,0.1118
kp20 run1.txt,5,-20.0,1,127.000,0.1075,0.1113
kp20 run1.txt,5,-20.0,1,128.000,0.1086,0.1107
kp20 run1.txt,5,-20.0,1,129.000,0.1090,0.1102
kp20 run1.txt,5,-20.0,1,130.000,0.1042,0.1097
kp20 run1.txt,5,-20.0,1,131.000,0.1057,0.1092
kp20 run1.txt,5,-20.0,1,132.000,0.1057,0.1087
kp20 run1.txt,5,-20.0,1,133.000,0.1049,0.1083
kp20 run1.txt,5,-20.0,1,134.000,0.1028,0.1078
kp20 run1.txt,5,-20.0,1,135.000,0.1115,0.1073
kp20 run1.txt,5,-20.0,1,136.000,0.1035,0.1069
kp20 run1.txt,5,-20.0,1,137.000,0.1049,0.1064
kp20 run1.txt,5,-20.0,1,138.000,0.1006,0.1060
kp20 run1.txt,5,-20.0,1,139.000,0.0984,0.1055
kp20 run1.txt,5,-20.0,1,140.000,0.1035,0.1051
kp20 run1.txt,5,-20.0,1,141.000,0.0995,0.1047
kp20 run1.txt,5,-20.0,1,142.000,0.0984,0.1043
kp20 run1.txt,5,-20.0,1,143.000,0.0998,0.1039
kp20 run1.txt,5,-20.0,1,144.000,0.0940,0.1036
kp20 run1.txt,5,-20.0,1,145.000,0.0977,0.1032
kp20 run1.txt,5,-20.0,1,146.000,0.0984,0.1029
kp20 run1.txt,5,-20.0,1,147.000,0.0998,0.1025
kp20 run1.txt,5,-20.0,1,148.000,0.0977,0.1022
kp20 run1.txt,5,-20.0,1,149.000,0.0977,0.1019
kp20 run1.txt,5,-20.0,1,150.000,0.1079,0.1016
kp20 run1.txt,5,-20.0,1,151.000,0.0977,0.1013
kp20 run1.txt,5,-20.0,1,152.000,0.0969,0.1010
kp20 run1.txt,5,-20.0,1,153.000,0.1046,0.1007
kp20 run1.txt,5,-20.0,1,154.000,0.0977,0.1005
kp20 run1.txt,5,-20.0,1,155.000,0.0962,0.1002
kp20 run1.txt,5,-20.0,1,156.000,0.0998,0.1000
kp20 run1.txt,5,-20.0,1,157.000,0.0984,0.0998
kp20 run1.txt,5,-20.0,1,158.000,0.0977,0.0996
kp20 run1.txt,5,-20.0,1,159.000,0.0925,0.0994
kp20 run1.txt,5,-20.0,1,160.000,0.0998,0.0992
kp20 run1.txt,5,-20.0,1,161.000,0.0940,0.0990
kp20 run1.txt,5,-20.0,1,162.000,0.0962,0.0988
kp20 run1.txt,5,-20.0,1,163.000,0.0969,0.0987
kp20 run1.txt,5,-20.0,1,164.000,0.0987,0.0985
kp20 run1.txt,5,-20.0,1,165.000,0.1013,0.0984
kp20 run1.txt,5,-20.0,1,166.000,0.0969,0.0983
kp20 run1.txt,5,-20.0,1,167.000,0.0951,0.0981
kp20 run1.txt,5,-20.0,1,168.000,0.0969,0.0980
kp20 run1.txt,5,-20.0,1,169.000,0.0984,0.0979
kp20 run1.txt,5,-20.0,1,170.000,0.0995,0.0978
kp20 run1.txt,5,-20.0,1,171.000,0.0936,0.0977
kp20 run1.txt,5,-20.0,1,172.000,0.1031,0.0977
kp20 run1.txt,5,-20.0,1,173.000,0.0962,0.0976
kp20 run1.txt,5,-20.0,1,174.000,0.1049,0.0975
kp20 run1.txt,5,-20.0,1,175.000,0.0977,0.0975
kp20 run1.txt,5,-20.0,1,176.000,0.0962,0.0974
kp20 run1.txt,5,-20.0,1,177.000,0.0969,0.0974
kp20 run1.txt,5,-20.0,1,178.000,0.0969,0.0974
kp20 run1.txt,5,-20.0,1,179.000,0.0947,0.0974
kp20 run1.txt,5,-20.0,1,180.000,0.0977,0.0973
kp20 run1.txt,5,-20.0,1,181.000,0.0962,0.0973
kp20 run1.txt,5,-20.0,1,182.000,0.1013,0.0973
kp20 run1.txt,5,-20.0,1,183.000,0.0969,0.0973
kp20 run1.txt,5,-20.0,1,184.000,0.0969,0.0973
kp20 run1.txt,5,-20.0,1,185.000,0.0998,0.0973
kp20 run1.txt,5,-20.0,1,186.000,0.0977,0.0973
kp20 run1.txt,5,-20.0,1,187.000,0.0940,0.0974
kp20 run1.txt,5,-20.0,1,188.000,0.0969,0.0974
kp20 run1.txt,5,-20.0,1,189.000,0.0980,0.0974
kp20 run1.txt,5,-20.0,1,190.000,0.0969,0.0974
kp20 run1.txt,5,-20.0,1,191.000,0.0940,0.0975
kp20 run1.txt,5,-20.0,1,192.000,0.0977,0.0975
kp20 run1.txt,5,-20.0,1,193.000,0.1006,0.0976
kp20 run1.txt,5,-20.0,1,194.000,0.1035,0.0976
kp20 run1.txt,5,-20.0,1,195.000,0.1020,0.0976
kp20 run1.txt,5,-20.0,1,196.000,0.0984,0.0977
kp20 run1.txt,5,-20.0,1,197.000,0.0984,0.0977
kp20 run1.txt,5,-20.0,1,198.000,0.1002,0.0978
kp20 run1.txt,5,-20.0,1,199.000,0.0998,0.0979
kp20 run1.txt,5,-20.0,1,200.000,0.0977,0.0979
kp20 run1.txt,5,-20.0,1,201.000,0.0969,0.0980
kp20 run1.txt,5,-20.0,1,202.000,0.0987,0.0980
kp20 run1.txt,5,-20.0,1,203.000,0.1013,0.0981
kp20 run1.txt,5,-20.0,1,204.000,0.1093,0.0982
kp20 run1.txt,5,-20.0,1,205.000,0.1049,0.0982
kp20 run1.txt,5,-20.0,1,206.000,0.0998,0.0983
kp20 run1.txt,5,-20.0,1,207.000,0.0977,0.0983
kp20 run1.txt,5,-20.0,1,208.000,0.0977,0.0984
kp20 run1.txt,5,-20.0,1,209.000,0.0969,0.0985
kp20 run1.txt,5,-20.0,1,210.000,0.0991,0.0985
kp20 run1.txt,5,-20.0,1,211.000,0.0984,0.0986
kp20 run1.txt,5,-20.0,1,212.000,0.0991,0.0987
kp20 run1.txt,5,-20.0,1,213.000,0.0947,0.0987
kp20 run1.txt,5,-20.0,1,214.000,0.0998,0.0988
kp20 run1.txt,5,-20.0,1,215.000,0.0998,0.0989
kp20 run1.txt,5,-20.0,1,216.000,0.0991,0.0989
kp20 run1.txt,5,-20.0,1,217.000,0.1024,0.0990
kp20 run1.txt,5,-20.0,1,218.000,0.1028,0.0991
kp20 run1.txt,5,-20.0,1,219.000,0.1006,0.0991
kp20 run1.txt,5,-20.0,1,220.000,0.0998,0.0992
kp20 run1.txt,5,-20.0,1,221.000,0.1020,0.0993
kp20 run1.txt,5,-20.0,1,222.000,0.0969,0.0993
kp20 run1.txt,5,-20.0,1,223.000,0.1028,0.0994
kp20 run1.txt,5,-20.0,1,224.000,0.0991,0.0994
kp20 run1.txt,5,-20.0,1,225.000,0.1028,0.0995
kp20 run1.txt,5,-20.0,1,226.000,0.1006,0.0996
kp20 run1.txt,5,-20.0,1,227.000,0.0936,0.0996
kp20 run1.txt,5,-20.0,1,228.000,0.0998,0.0997
kp20 run1.txt,5,-20.0,1,229.000,0.0998,0.0997
kp20 run1.txt,5,-20.0,1,230.000,0.0998,0.0998
kp20 run1.txt,5,-20.0,1,231.000,0.0984,0.0998
kp20 run1.txt,5,-20.0,1,232.000,0.1006,0.0999
kp20 run1.txt,5,-20.0,1,233.000,0.1006,0.0999
kp20 run1.txt,5,-20.0,1,234.000,0.0998,0.1000
kp20 run1.txt,5,-20.0,1,235.000,0.0998,0.1000
kp20 run1.txt,5,-20.0,1,236.000,0.1028,0.1001
kp20 run1.txt,5,-20.0,1,237.000,0.0947,0.1001
kp20 run1.txt,5,-20.0,1,238.000,0.0991,0.1001
kp20 run1.txt,5,-20.0,1,239.000,0.1020,0.1002
kp20 run1.txt,5,-20.0,1,240.000,0.1254,0.1002
kp20 run1.txt,5,-20.0,1,241.000,0.1006,0.1003
kp20 run1.txt,5,-20.0,1,242.000,0.0980,0.1003
kp20 run1.txt,5,-20.0,1,243.000,0.0962,0.1003
kp20 run1.txt,5,-20.0,1,244.000,0.1006,0.1004
kp20 run1.txt,5,-20.0,1,245.000,0.0998,0.1004
kp20 run1.txt,5,-20.0,1,246.000,0.1006,0.1004
kp20 run1.txt,5,-20.0,1,247.000,0.0987,0.1004
kp20 run1.txt,5,-20.0,1,248.000,0.0947,0.1005
kp20 run1.txt,5,-20.0,1,249.000,0.0998,0.1005
kp20 run1.txt,5,-20.0,1,250.000,0.0977,0.1005
kp20 run1.txt,5,-20.0,1,251.000,0.0998,0.1005
kp20 run1.txt,5,-20.0,1,252.000,0.0911,0.1006
kp20 run1.txt,5,-20.0,1,253.000,0.0998,0.1006
kp20 run1.txt,5,-20.0,1,254.000,0.0998,0.1006
kp20 run1.txt,5,-20.0,1,255.000,0.0998,0.1006
kp20 run1.txt,5,-20.0,1,256.000,0.1093,0.1006
kp20 run1.txt,5,-20.0,1,257.000,0.1009,0.1006
kp20 run1.txt,5,-20.0,1,258.000,0.0969,0.1007
kp20 run1.txt,5,-20.0,1,259.000,0.1020,0.1007
kp20 run1.txt,5,-20.0,1,260.000,0.1042,0.1007
kp20 run1.txt,5,-20.0,1,261.000,0.0995,0.1007
kp20 run1.txt,5,-20.0,1,262.000,0.1002,0.1007
kp20 run1.txt,5,-20.0,1,263.000,0.0980,0.1007
kp20 run1.txt,5,-20.0,1,264.000,0.0955,0.1007
kp20 run1.txt,5,-20.0,1,265.000,0.0998,0.1007
kp20 run1.txt,5,-20.0,1,266.000,0.0918,0.1007
kp20 run1.txt,5,-20.0,1,267.000,0.0984,0.1007
kp20 run1.txt,5,-20.0,1,268.000,0.0984,0.1007
kp20 run1.txt,5,-20.0,1,269.000,0.1115,0.1007
kp20 run1.txt,5,-20.0,1,270.000,0.0991,0.1008
kp20 run1.txt,5,-20.0,1,271.000,0.1006,0.1008
kp20 run1.txt,5,-20.0,1,272.000,0.0995,0.1008
kp20 run1.txt,5,-20.0,1,273.000,0.1028,0.1008
kp20 run1.txt,5,-20.0,1,274.000,0.0998,0.1008
kp20 run1.txt,5,-20.0,1,275.000,0.1020,0.1008
kp20 run1.txt,5,-20.0,1,276.000,0.1020,0.1008
kp20 run1.txt,5,-20.0,1,277.000,0.1020,0.1008
kp20 run1.txt,5,-20.0,1,278.000,0.0991,0.1007
kp20 run1.txt,5,-20.0,1,279.000,0.0998,0.1007
kp20 run1.txt,5,-20.0,1,280.000,0.0998,0.1007
kp20 run1.txt,5,-20.0,1,281.000,0.0998,0.1007
kp20 run1.txt,5,-20.0,1,282.000,0.0998,0.1007
kp20 run1.txt,5,-20.0,1,283.000,0.0995,0.1007
kp20 run1.txt,5,-20.0,1,284.000,0.1006,0.1007
kp20 run1.txt,5,-20.0,1,285.000,0.0998,0.1007
kp20 run1.txt,5,-20.0,1,286.000,0.0998,0.1007
kp20 run1.txt,5,-20.0,1,287.000,0.1006,0.1007
kp20 run1.txt,5,-20.0,1,288.000,0.1017,0.1007
kp20 run1.txt,5,-20.0,1,289.000,0.1046,0.1007
kp20 run1.txt,5,-20.0,1,290.000,0.0998,0.1007
kp20 run1.txt,5,-20.0,1,291.000,0.1064,0.1007
kp20 run1.txt,5,-20.0,1,292.000,0.1042,0.1007
kp20 run1.txt,5,-20.0,1,293.000,0.0987,0.1007
kp20 run1.txt,5,-20.0,1,294.000,0.1013,0.1007
kp20 run1.txt,5,-20.0,1,295.000,0.1035,0.1006
kp20 run1.txt,5,-20.0,1,296.000,0.0962,0.1006
kp20 run1.txt,5,-20.0,1,297.000,0.0991,0.1006
kp20 run1.txt,5,-20.0,1,298.000,0.1028,0.1006
kp20 run1.txt,5,-20.0,1,299.000,0.0998,0.1006
kp20 run1.txt,5,-20.0,1,300.000,0.1020,0.1006
kp20 run1.txt,5,-20.0,1,301.000,0.0973,0.1006
kp20 run1.txt,5,-20.0,1,302.000,0.0998,0.1006
kp20 run1.txt,5,-20.0,1,303.000,0.0984,0.1006
kp20 run1.txt,5,-20.0,1,304.000,0.1049,0.1006
kp20 run1.txt,5,-20.0,1,305.000,0.1009,0.1006
kp20 run1.txt,5,-20.0,1,306.000,0.0962,0.1006
kp20 run1.txt,5,-20.0,1,307.000,0.1115,0.1005
kp20 run1.txt,5,-20.0,1,308.000,0.0962,0.1005
kp20 run1.txt,5,-20.0,1,309.000,0.1006,0.1005
kp20 run1.txt,5,-20.0,1,310.000,0.0991,0.1005
kp20 run1.txt,5,-20.0,1,311.000,0.0940,0.1005
kp20 run1.txt,5,-20.0,1,312.000,0.0998,0.1005
kp20 run1.txt,5,-20.0,1,313.000,0.0998,0.1005
kp20 run1.txt,5,-20.0,1,314.000,0.1006,0.1005
kp20 run1.txt,5,-20.0,1,315.000,0.1017,0.1005
kp20 run1.txt,5,-20.0,1,316.000,0.0998,0.1005
kp20 run1.txt,5,-20.0,1,317.000,0.1006,0.1005
kp20 run1.txt,5,-20.0,1,318.000,0.0977,0.1005
kp20 run1.txt,5,-20.0,1,319.000,0.1130,0.1005
kp20 run1.txt,5,-20.0,1,320.000,0.0955,0.1005
kp20 run1.txt,5,-20.0,1,321.000,0.1006,0.1004
kp20 run1.txt,5,-20.0,1,322.000,0.0991,0.1004
kp20 run1.txt,5,-20.0,1,323.000,0.1028,0.1004
kp20 run1.txt,5,-20.0,1,324.000,0.1006,0.1004
kp20 run1.txt,5,-20.0,1,325.000,0.1035,0.1004
kp20 run1.txt,5,-20.0,1,326.000,0.0925,0.1004
kp20 run1.txt,5,-20.0,1,327.000,0.0991,0.1004
kp20 run1.txt,5,-20.0,1,328.000,0.1006,0.1004
kp20 run1.txt,5,-20.0,1,329.000,0.1013,0.1004
kp20 run1.txt,5,-20.0,1,330.000,0.1006,0.1004
kp20 run1.txt,5,-20.0,1,331.000,0.0955,0.1004
kp20 run1.txt,5,-20.0,1,332.000,0.0933,0.1004
kp20 run1.txt,5,-20.0,1,333.000,0.0998,0.1004
kp20 run1.txt,5,-20.0,1,334.000,0.1028,0.1004
kp20 run1.txt,5,-20.0,1,335.000,0.1006,0.1004
kp20 run1.txt,5,-20.0,1,336.000,0.0998,0.1004
kp20 run1.txt,5,-20.0,1,337.000,0.0998,0.1004
kp20 run1.txt,5,-20.0,1,338.000,0.1017,0.1004
kp20 run1.txt,5,-20.0,1,339.000,0.1064,0.1004
kp20 run1.txt,5,-20.0,1,340.000,0.0889,0.1004
kp20 run1.txt,5,-20.0,1,341.000,0.0984,0.1004
kp20 run1.txt,5,-20.0,1,342.000,0.1108,0.1004
kp20 run1.txt,5,-20.0,1,343.000,0.0998,0.1004
kp20 run1.txt,5,-20.0,1,344.000,0.0962,0.1004
kp20 run1.txt,5,-20.0,1,345.000,0.0984,0.1003
kp20 run1.txt,5,-20.0,1,346.000,0.1082,0.1003
kp20 run1.txt,5,-20.0,1,347.000,0.1006,0.1003
kp20 run1.txt,5,-20.0,1,348.000,0.1046,0.1003
kp20 run1.txt,5,-20.0,1,349.000,0.1006,0.1003
kp20 run1.txt,5,-20.0,1,350.000,0.1079,0.1003
kp20 run1.txt,5,-20.0,1,351.000,0.0991,0.1003
kp20 run1.txt,5,-20.0,1,352.000,0.1020,0.1003
kp20 run1.txt,5,-20.0,1,353.000,0.1006,0.1003
kp20 run1.txt,5,-20.0,1,354.000,0.0984,0.1003
kp20 run1.txt,5,-20.0,1,355.000,0.0958,0.1003
kp20 run1.txt,5,-20.0,1,356.000,0.0998,0.1003
kp20 run1.txt,5,-20.0,1,357.000,0.0998,0.1003
kp20 run1.txt,5,-20.0,1,358.000,0.1086,0.1003
kp20 run1.txt,5,-20.0,1,359.000,0.1071,0.1003
kp20 run1.txt,5,-20.0,1,360.000,0.0940,0.1003
kp20 run1.txt,5,-20.0,1,361.000,0.0991,0.1003
kp20 run1.txt,5,-20.0,1,362.000,0.0998,0.1003
kp20 run1.txt,5,-20.0,1,363.000,0.1020,0.1003
kp20 run1.txt,5,-20.0,1,364.000,0.0998,0.1003
kp20 run1.txt,5,-20.0,1,365.000,0.0998,0.1003
kp20 run1.txt,5,-20.0,1,366.000,0.0962,0.1003
kp20 run1.txt,5,-20.0,1,367.000,0.1017,0.1003
kp20 run1.txt,5,-20.0,1,368.000,0.0882,0.1003
kp20 run1.txt,5,-20.0,1,369.000,0.1028,0.1003
kp20 run1.txt,5,-20.0,1,370.000,0.1006,0.1003
kp20 run1.txt,5,-20.0,1,371.000,0.1017,0.1003
kp20 run1.txt,5,-20.0,1,372.000,0.0991,0.1003
kp20 run1.txt,5,-20.0,1,373.000,0.0998,0.1003
kp20 run1.txt,5,-20.0,1,374.000,0.0991,0.1003
kp20 run1.txt,5,-20.0,1,375.000,0.1009,0.1003
kp20 run1.txt,5,-20.0,1,376.000,0.0853,0.1003
kp20 run1.txt,5,-20.0,1,377.000,0.0995,0.1003
kp20 run1.txt,5,-20.0,1,378.000,0.0980,0.1003
kp20 run1.txt,5,-20.0,1,379.000,0.0991,0.1003
kp20 run1.txt,5,-20.0,1,380.000,0.0998,0.1003
kp20 run1.txt,5,-20.0,1,381.000,0.1013,0.1003
kp20 run1.txt,5,-20.0,1,382.000,0.0969,0.1003
kp20 run1.txt,5,-20.0,1,383.000,0.0998,0.1003
kp20 run1.txt,5,-20.0,1,384.000,0.0991,0.1003
kp20 run1.txt,5,-20.0,1,385.000,0.1006,0.1003
kp20 run1.txt,5,-20.0,1,386.000,0.1006,0.1003
kp20 run1.txt,5,-20.0,1,387.000,0.0987,0.1003
kp20 run1.txt,5,-20.0,1,388.000,0.0998,0.1003
kp20 run1.txt,5,-20.0,1,389.000,0.1057,0.1003
kp20 run1.txt,5,-20.0,1,390.000,0.0991,0.1003
kp20 run1.txt,5,-20.0,1,391.000,0.0998,0.1003
kp20 run1.txt,5,-20.0,1,392.000,0.0987,0.1004
kp20 run1.txt,5,-20.0,1,393.000,0.1013,0.1004
kp20 run1.txt,5,-20.0,1,394.000,0.1046,0.1004
kp20 run1.txt,5,-20.0,1,395.000,0.1042,0.1004
kp20 run1.txt,5,-20.0,1,396.000,0.0998,0.1004
kp20 run1.txt,5,-20.0,1,397.000,0.0998,0.1004
kp20 run1.txt,5,-20.0,1,398.000,0.1079,0.1004
kp20 run1.txt,5,-20.0,1,399.000,0.1013,0.1004
kp20 run1.txt,5,-20.0,1,400.000,0.0991,0.1004
kp20 run1.txt,5,-20.0,1,401.000,0.1006,0.1004
kp20 run1.txt,5,-20.0,1,402.000,0.1013,0.1004
kp20 run1.txt,5,-20.0,1,403.000,0.1028,0.1004
kp20 run1.txt,5,-20.0,1,404.000,0.0995,0.1004
kp20 run1.txt,5,-20.0,1,405.000,0.1006,0.1004
kp20 run1.txt,5,-20.0,1,406.000,0.0995,0.1004
kp20 run1.txt,5,-20.0,1,407.000,0.0987,0.1004
kp20 run1.txt,5,-20.0,1,408.000,0.0969,0.1004
kp20 run1.txt,5,-20.0,1,409.000,0.1020,0.1004
kp20 run1.txt,5,-20.0,1,410.000,0.1013,0.1004
kp20 run1.txt,5,-20.0,1,411.000,0.1006,0.1004
kp20 run1.txt,5,-20.0,1,412.000,0.0998,0.1004
kp20 run1.txt,5,-20.0,1,413.000,0.1035,0.1004
kp20 run1.txt,5,-20.0,1,414.000,0.0962,0.1004
kp20 run1.txt,5,-20.0,1,415.000,0.1017,0.1004
kp20 run1.txt,5,-20.0,1,416.000,0.0977,0.1004
kp20 run1.txt,5,-20.0,1,417.000,0.1020,0.1004
kp20 run1.txt,5,-20.0,1,418.000,0.0969,0.1004
kp20 run1.txt,5,-20.0,1,419.000,0.0874,0.1004
kp20 run1.txt,5,-20.0,1,420.000,0.0998,0.1004
kp20 run1.txt,5,-20.0,1,421.000,0.1013,0.1004
kp20 run1.txt,5,-20.0,1,422.000,0.1006,0.1004
kp20 run1.txt,5,-20.0,1,423.000,0.0998,0.1004
kp20 run1.txt,5,-20.0,1,424.000,0.0991,0.1004
kp20 run1.txt,5,-20.0,1,425.000,0.0969,0.1004
kp20 run1.txt,5,-20.0,1,426.000,0.0995,0.1004
kp20 run1.txt,5,-20.0,1,427.000,0.0998,0.1004
kp20 run1.txt,5,-20.0,1,428.000,0.0987,0.1004
kp20 run1.txt,5,-20.0,1,429.000,0.1111,0.1004
kp20 run1.txt,5,-20.0,1,430.000,0.1013,0.1004
kp20 run1.txt,5,-20.0,1,431.000,0.1009,0.1004
kp20 run1.txt,5,-20.0,1,432.000,0.0933,0.1004
kp20 run1.txt,5,-20.0,1,433.000,0.1020,0.1004
kp20 run1.txt,5,-20.0,1,434.000,0.1017,0.1004
kp20 run1.txt,5,-20.0,1,435.000,0.0998,0.1004
kp20 run1.txt,5,-20.0,1,436.000,0.0991,0.1004
kp20 run1.txt,5,-20.0,1,437.000,0.1006,0.1004
kp20 run1.txt,5,-20.0,1,438.000,0.0991,0.1004
kp20 run1.txt,5,-20.0,1,439.000,0.1119,0.1004
kp20 run1.txt,5,-20.0,1,440.000,0.0998,0.1004
kp20 run1.txt,5,-20.0,1,441.000,0.0977,0.1004
kp20 run1.txt,5,-20.0,1,442.000,0.0969,0.1004
kp20 run1.txt,5,-20.0,1,443.000,0.1006,0.1004
kp20 run1.txt,5,-20.0,1,444.000,0.1006,0.1004
kp20 run1.txt,5,-20.0,1,445.000,0.1013,0.1004
kp20 run1.txt,5,-20.0,1,446.000,0.1017,0.1004
kp20 run1.txt,5,-20.0,1,447.000,0.1049,0.1004
kp20 run1.txt,5,-20.0,1,448.000,0.0940,0.1004
kp20 run1.txt,5,-20.0,1,449.000,0.1013,0.1004
kp20 run1.txt,5,-20.0,1,450.000,0.1038,0.1004
kp20 run1.txt,5,-20.0,1,451.000,0.0984,0.1004
kp20 run1.txt,5,-20.0,1,452.000,0.1006,0.1004
kp20 run1.txt,5,-20.0,1,453.000,0.0991,0.1004
kp20 run1.txt,5,-20.0,1,454.000,0.1017,0.1004
kp20 run1.txt,5,-20.0,1,455.000,0.1006,0.1004
kp20 run1.txt,5,-20.0,1,456.000,0.0904,0.1004
kp20 run1.txt,5,-20.0,1,457.000,0.0991,0.1004
kp20 run1.txt,5,-20.0,1,458.000,0.1141,0.1004
kp20 run1.txt,5,-20.0,1,459.000,0.1009,0.1004
kp20 run1.txt,5,-20.0,1,460.000,0.1079,0.1004
kp20 run1.txt,5,-20.0,1,461.000,0.1049,0.1004
kp20 run1.txt,5,-20.0,1,462.000,0.1009,0.1004
kp20 run1.txt,5,-20.0,1,463.000,0.0998,0.1004
kp20 run1.txt,5,-20.0,1,464.000,0.1006,0.1004
kp20 run1.txt,5,-20.0,1,465.000,0.1013,0.1004
kp20 run1.txt,5,-20.0,1,466.000,0.0991,0.1004
kp20 run1.txt,5,-20.0,1,467.000,0.0998,0.1004
kp20 run1.txt,5,-20.0,1,468.000,0.0998,0.1004
kp20 run1.txt,5,-20.0,1,469.000,0.0962,0.1004
kp20 run1.txt,5,-20.0,1,470.000,0.1017,0.1004
kp20 run1.txt,5,-20.0,1,471.000,0.1013,0.1004
kp20 run1.txt,5,-20.0,1,472.000,0.0998,0.1004
kp20 run1.txt,5,-20.0,1,473.000,0.1028,0.1004
kp20 run1.txt,5,-20.0,1,474.000,0.1020,0.1004
kp20 run1.txt,5,-20.0,1,475.000,0.0991,0.1004
kp20 run1.txt,5,-20.0,1,476.000,0.1006,0.1004
kp20 run1.txt,5,-20.0,1,477.000,0.1020,0.1004
kp20 run1.txt,5,-20.0,1,478.000,0.0998,0.1004
kp20 run1.txt,5,-20.0,1,479.000,0.1006,0.1004
kp20 run1.txt,5,-20.0,1,480.000,0.1028,0.1004
kp20 run1.txt,5,-20.0,1,481.000,0.0962,0.1004
kp20 run1.txt,5,-20.0,1,482.000,0.0998,0.1004
kp20 run1.txt,5,-20.0,1,483.000,0.1035,0.1004
kp20 run1.txt,5,-20.0,1,484.000,0.0933,0.1004
kp20 run1.txt,5,-20.0,1,485.000,0.1038,0.1004
kp20 run1.txt,5,-20.0,1,486.000,0.1006,0.1004
kp20 run1.txt,5,-20.0,1,487.000,0.1006,0.1004
kp20 run1.txt,5,-20.0,1,488.000,0.1009,0.1004
kp20 run1.txt,5,-20.0,1,489.000,0.1049,0.1004
kp20 run1.txt,5,-20.0,1,490.000,0.0991,0.1004
kp20 run1.txt,5,-20.0,1,491.000,0.0889,0.1004
kp20 run1.txt,5,-20.0,1,492.000,0.1049,0.1004
kp20 run1.txt,5,-20.0,1,493.000,0.0998,0.1004
kp20 run1.txt,5,-20.0,1,494.000,0.0998,0.1004
kp20 run1.txt,5,-20.0,1,495.000,0.1028,0.1004
kp20 run1.txt,5,-20.0,1,496.000,0.0969,0.1004
kp20 run1.txt,5,-20.0,1,497.000,0.1006,0.1004
kp20 run1.txt,5,-20.0,1,498.000,0.0998,0.1004
kp20 run1.txt,5,-20.0,1,499.000,0.0991,0.1004
kp20 run1.txt,5,-20.0,1,500.000,0.1006,0.1004
kp20 run1.txt,5,-20.0,1,501.000,0.1028,0.1004
kp20 run1.txt,5,-20.0,1,502.000,0.0998,0.1004
kp20 run1.txt,5,-20.0,1,503.000,0.1009,0.1004
kp20 run1.txt,5,-20.0,1,504.000,0.1071,0.1004
kp20 run1.txt,5,-20.0,1,505.000,0.1017,0.1004
kp20 run1.txt,5,-20.0,1,506.000,0.1020,0.1004
kp20 run1.txt,5,-20.0,1,507.000,0.1009,0.1004
kp20 run1.txt,5,-20.0,1,508.000,0.1031,0.1004
kp20 run1.txt,5,-20.0,1,509.000,0.0966,0.1004
kp20 run1.txt,5,-20.0,1,510.000,0.1122,0.1004
kp20 run1.txt,5,-20.0,1,511.000,0.1060,0.1004
kp20 run1.txt,5,-20.0,1,512.000,0.0998,0.1004
kp20 run1.txt,5,-20.0,1,513.000,0.1013,0.1004
kp20 run1.txt,5,-20.0,1,514.000,0.1028,0.1004
kp20 run1.txt,5,-20.0,1,515.000,0.0998,0.1004
kp20 run1.txt,5,-20.0,1,516.000,0.1013,0.1004
kp20 run1.txt,5,-20.0,1,517.000,0.1013,0.1004
kp20 run1.txt,5,-20.0,1,518.000,0.0874,0.1004
kp20 run1.txt,5,-20.0,1,519.000,0.1028,0.1004
kp20 run1.txt,5,-20.0,1,520.000,0.1020,0.1004
kp20 run1.txt,5,-20.0,1,521.000,0.0991,0.1004
kp20 run1.txt,5,-20.0,1,522.000,0.0940,0.1004
kp20 run1.txt,5,-20.0,1,523.000,0.1013,0.1004
kp20 run1.txt,5,-20.0,1,524.000,0.0962,0.1004
kp20 run1.txt,5,-20.0,1,525.000,0.0955,0.1004
kp20 run1.txt,5,-20.0,1,526.000,0.1006,0.1004
kp20 run1.txt,5,-20.0,1,527.000,0.1028,0.1004
kp20 run1.txt,5,-20.0,1,528.000,0.1024,0.1004
kp20 run1.txt,5,-20.0,1,529.000,0.0871,0.1004
kp20 run1.txt,5,-20.0,1,530.000,0.0984,0.1004
kp20 run1.txt,5,-20.0,1,531.000,0.0991,0.1004
kp20 run1.txt,5,-20.0,1,532.000,0.0998,0.1004
kp20 run1.txt,5,-20.0,1,533.000,0.1002,0.1004
kp20 run1.txt,5,-20.0,1,534.000,0.1057,0.1004
kp20 run1.txt,5,-20.0,1,535.000,0.1020,0.1004
kp20 run1.txt,5,-20.0,1,536.000,0.0969,0.1004
kp20 run1.txt,5,-20.0,1,537.000,0.1337,0.1004
kp20 run1.txt,5,-20.0,1,538.000,0.1013,0.1004
kp20 run1.txt,5,-20.0,1,539.000,0.0977,0.1004
kp20 run1.txt,5,-20.0,1,540.000,0.1028,0.1004
kp20 run1.txt,5,-20.0,1,541.000,0.0842,0.1004
kp20 run1.txt,5,-20.0,1,542.000,0.0933,0.1004
kp20 run1.txt,5,-20.0,1,543.000,0.0998,0.1004
kp20 run1.txt,5,-20.0,1,544.000,0.0991,0.1004
kp20 run1.txt,5,-20.0,1,545.000,0.0998,0.1004
kp20 run1.txt,5,-20.0,1,546.000,0.1013,0.1004
kp20 run1.txt,5,-20.0,1,547.000,0.0991,0.1004
kp20 run1.txt,5,-20.0,1,548.000,0.1024,0.1004
kp20 run1.txt,5,-20.0,1,549.000,0.0995,0.1004
kp20 run1.txt,5,-20.0,1,550.000,0.1042,0.1004
kp20 run1.txt,5,-20.0,1,551.000,0.0947,0.1004
kp20 run1.txt,5,-20.0,1,552.000,0.0998,0.1004
kp20 run1.txt,5,-20.0,1,553.000,0.0998,0.1004
kp20 run1.txt,5,-20.0,1,554.000,0.1035,0.1004
kp20 run1.txt,5,-20.0,1,555.000,0.0991,0.1004
kp20 run1.txt,5,-20.0,1,556.000,0.0998,0.1004
kp20 run1.txt,5,-20.0,1,557.000,0.0962,0.1004
kp20 run1.txt,5,-20.0,1,558.000,0.1020,0.1004
kp20 run1.txt,5,-20.0,1,559.000,0.0987,0.1004
kp20 run1.txt,5,-20.0,1,560.000,0.0984,0.1004
kp20 run1.txt,5,-20.0,1,561.000,0.0998,0.1004
kp20 run1.txt,5,-20.0,1,562.000,0.0998,0.1004
kp20 run1.txt,5,-20.0,1,563.000,0.0998,0.1004
kp20 run1.txt,5,-20.0,1,564.000,0.0984,0.1004
kp20 run1.txt,5,-20.0,1,565.000,0.0987,0.1004
kp20 run1.txt,5,-20.0,1,566.000,0.0940,0.1004
kp20 run1.txt,5,-20.0,1,567.000,0.1020,0.1004
kp20 run1.txt,5,-20.0,1,568.000,0.0987,0.1004
kp20 run1.txt,5,-20.0,1,569.000,0.1013,0.1004
kp20 run1.txt,5,-20.0,1,570.000,0.1064,0.1004
kp20 run1.txt,5,-20.0,1,571.000,0.1024,0.1004
kp20 run1.txt,5,-20.0,1,572.000,0.1017,0.1004
kp20 run1.txt,5,-20.0,1,573.000,0.1006,0.1004
kp20 run1.txt,5,-20.0,1,574.000,0.0998,0.1004
kp20 run1.txt,5,-20.0,1,575.000,0.0991,0.1004
kp20 run1.txt,5,-20.0,1,576.000,0.1013,0.1004
kp20 run1.txt,5,-20.0,1,577.000,0.0991,0.1004
kp20 run1.txt,5,-20.0,1,578.000,0.0991,0.1004
kp20 run1.txt,5,-20.0,1,579.000,0.0987,0.1004
kp20 run1.txt,5,-20.0,1,580.000,0.1013,0.1004
kp20 run1.txt,5,-20.0,1,581.000,0.0955,0.1004
kp20 run1.txt,5,-20.0,1,582.000,0.0962,0.1004
kp20 run1.txt,5,-20.0,1,583.000,0.1006,0.1004
kp20 run1.txt,5,-20.0,1,584.000,0.1020,0.1004
kp20 run1.txt,5,-20.0,1,585.000,0.1020,0.1004
kp20 run1.txt,5,-20.0,1,586.000,0.0977,0.1004
kp20 run1.txt,5,-20.0,1,587.000,0.0958,0.1004
kp20 run1.txt,5,-20.0,1,588.000,0.1024,0.1004
kp20 run1.txt,5,-20.0,1,589.000,0.1013,0.1004
kp20 run1.txt,5,-20.0,1,590.000,0.0955,0.1004
kp20 run1.txt,5,-20.0,1,591.000,0.1020,0.1004
kp20 run1.txt,5,-20.0,1,592.000,0.0998,0.1004
kp20 run1.txt,5,-20.0,1,593.000,0.0998,0.1004
kp20 run1.txt,5,-20.0,1,594.000,0.0998,0.1004
kp20 run1.txt,5,-20.0,1,595.000,0.1221,0.1004
kp20 run1.txt,5,-20.0,1,596.000,0.1013,0.1004
kp20 run1.txt,5,-20.0,1,597.000,0.0995,0.1004
kp20 run1.txt,5,-20.0,1,598.000,0.0998,0.1004
kp20 run1.txt,5,-20.0,1,599.000,0.1086,0.1004
kp20 run1.txt,6,-20.0,-1,0.000,0.1035,0.1105
kp20 run1.txt,6,-20.0,-1,1.000,0.1297,0.1104
kp20 run1.txt,6,-20.0,-1,2.000,0.0984,0.1098
kp20 run1.txt,6,-20.0,-1,3.000,0.1006,0.1090
kp20 run1.txt,6,-20.0,-1,4.000,0.1020,0.1078
kp20 run1.txt,6,-20.0,-1,5.000,0.1020,0.1063
kp20 run1.txt,6,-20.0,-1,6.000,0.0980,0.1045
kp20 run1.txt,6,-20.0,-1,7.000,0.0958,0.1025
kp20 run1.txt,6,-20.0,-1,8.000,0.0925,0.1002
kp20 run1.txt,6,-20.0,-1,9.000,0.0896,0.0976
kp20 run1.txt,6,-20.0,-1,10.000,0.0900,0.0949
kp20 run1.txt,6,-20.0,-1,11.000,0.0871,0.0919
kp20 run1.txt,6,-20.0,-1,12.000,0.0823,0.0888
kp20 run1.txt,6,-20.0,-1,13.000,0.0816,0.0854
kp20 run1.txt,6,-20.0,-1,14.000,0.0765,0.0819
kp20 run1.txt,6,-20.0,-1,15.000,0.0736,0.0783
kp20 run1.txt,6,-20.0,-1,16.000,0.0714,0.0745
kp20 run1.txt,6,-20.0,-1,17.000,0.0736,0.0706
kp20 run1.txt,6,-20.0,-1,18.000,0.0699,0.0665
kp20 run1.txt,6,-20.0,-1,19.000,0.0608,0.0624
kp20 run1.txt,6,-20.0,-1,20.000,0.0729,0.0582
kp20 run1.txt,6,-20.0,-1,21.000,0.0525,0.0539
kp20 run1.txt,6,-20.0,-1,22.000,0.0597,0.0495
kp20 run1.txt,6,-20.0,-1,23.000,0.0503,0.0450
kp20 run1.txt,6,-20.0,-1,24.000,0.0499,0.0406
kp20 run1.txt,6,-20.0,-1,25.000,0.0466,0.0360
kp20 run1.txt,6,-20.0,-1,26.000,0.0419,0.0315
kp20 run1.txt,6,-20.0,-1,27.000,0.0320,0.0269
kp20 run1.txt,6,-20.0,-1,28.000,0.0255,0.0224
kp20 run1.txt,6,-20.0,-1,29.000,0.0189,0.0178
kp20 run1.txt,6,-20.0,-1,30.000,0.0116,0.0132
kp20 run1.txt,6,-20.0,-1,31.000,0.0127,0.0086
kp20 run1.txt,6,-20.0,-1,32.000,0.0073,0.0041
kp20 run1.txt,6,-20.0,-1,33.000,0.0007,-0.0004
kp20 run1.txt,6,-20.0,-1,34.000,0.0076,-0.0049
kp20 run1.txt,6,-20.0,-1,35.000,-0.0051,-0.0093
kp20 run1.txt,6,-20.0,-1,36.000,-0.0110,-0.0137
kp20 run1.txt,6,-20.0,-1,37.000,-0.0117,-0.0181
kp20 run1.txt,6,-20.0,-1,38.000,-0.0179,-0.0224
kp20 run1.txt,6,-20.0,-1,39.000,-0.0212,-0.0266
kp20 run1.txt,6,-20.0,-1,40.000,-0.0241,-0.0307
kp20 run1.txt,6,-20.0,-1,41.000,-0.0256,-0.0348
kp20 run1.txt,6,-20.0,-1,42.000,-0.0310,-0.0389
kp20 run1.txt,6,-20.0,-1,43.000,-0.0372,-0.0428
kp20 run1.txt,6,-20.0,-1,44.000,-0.0401,-0.0467
kp20 run1.txt,6,-20.0,-1,45.000,-0.0471,-0.0504
kp20 run1.txt,6,-20.0,-1,46.000,-0.0489,-0.0541
kp20 run1.txt,6,-20.0,-1,47.000,-0.0533,-0.0577
kp20 run1.txt,6,-20.0,-1,48.000,-0.0591,-0.0613
kp20 run1.txt,6,-20.0,-1,49.000,-0.0598,-0.0647
kp20 run1.txt,6,-20.0,-1,50.000,-0.0649,-0.0680
kp20 run1.txt,6,-20.0,-1,51.000,-0.0584,-0.0713
kp20 run1.txt,6,-20.0,-1,52.000,-0.0664,-0.0744
kp20 run1.txt,6,-20.0,-1,53.000,-0.0722,-0.0774
kp20 run1.txt,6,-20.0,-1,54.000,-0.0627,-0.0804
kp20 run1.txt,6,-20.0,-1,55.000,-0.0890,-0.0832
kp20 run1.txt,6,-20.0,-1,56.000,-0.0810,-0.0860
kp20 run1.txt,6,-20.0,-1,57.000,-0.1130,-0.0886
kp20 run1.txt,6,-20.0,-1,58.000,-0.0853,-0.0912
kp20 run1.txt,6,-20.0,-1,59.000,-0.0868,-0.0936
kp20 run1.txt,6,-20.0,-1,60.000,-0.0937,-0.0960
kp20 run1.txt,6,-20.0,-1,61.000,-0.0955,-0.0982
kp20 run1.txt,6,-20.0,-1,62.000,-0.1141,-0.1004
kp20 run1.txt,6,-20.0,-1,63.000,-0.1017,-0.1024
kp20 run1.txt,6,-20.0,-1,64.000,-0.1014,-0.1044
kp20 run1.txt,6,-20.0,-1,65.000,-0.1098,-0.1062
kp20 run1.txt,6,-20.0,-1,66.000,-0.1058,-0.1080
kp20 run1.txt,6,-20.0,-1,67.000,-0.1072,-0.1097
kp20 run1.txt,6,-20.0,-1,68.000,-0.1112,-0.1113
kp20 run1.txt,6,-20.0,-1,69.000,-0.1116,-0.1128
kp20 run1.txt,6,-20.0,-1,70.000,-0.1138,-0.1142
kp20 run1.txt,6,-20.0,-1,71.000,-0.1196,-0.1155
kp20 run1.txt,6,-20.0,-1,72.000,-0.1174,-0.1167
kp20 run1.txt,6,-20.0,-1,73.000,-0.1141,-0.1179
kp20 run1.txt,6,-20.0,-1,74.000,-0.1232,-0.1190
kp20 run1.txt,6,-20.0,-1,75.000,-0.1196,-0.1200
kp20 run1.txt,6,-20.0,-1,76.000,-0.1200,-0.1209
kp20 run1.txt,6,-20.0,-1,77.000,-0.1364,-0.1217
kp20 run1.txt,6,-20.0,-1,78.000,-0.1203,-0.1225
kp20 run1.txt,6,-20.0,-1,79.000,-0.1196,-0.1232
kp20 run1.txt,6,-20.0,-1,80.000,-0.1294,-0.1238
kp20 run1.txt,6,-20.0,-1,81.000,-0.1203,-0.1243
kp20 run1.txt,6,-20.0,-1,82.000,-0.1189,-0.1248
kp20 run1.txt,6,-20.0,-1,83.000,-0.1218,-0.1253
kp20 run1.txt,6,-20.0,-1,84.000,-0.1229,-0.1256
kp20 run1.txt,6,-20.0,-1,85.000,-0.1163,-0.1259
kp20 run1.txt,6,-20.0,-1,86.000,-0.1240,-0.1262
kp20 run1.txt,6,-20.0,-1,87.000,-0.1254,-0.1264
kp20 run1.txt,6,-20.0,-1,88.000,-0.1232,-0.1265
kp20 run1.txt,6,-20.0,-1,89.000,-0.1342,-0.1266
kp20 run1.txt,6,-20.0,-1,90.000,-0.1225,-0.1266
kp20 run1.txt,6,-20.0,-1,91.000,-0.1232,-0.1266
kp20 run1.txt,6,-20.0,-1,92.000,-0.1236,-0.1266
kp20 run1.txt,6,-20.0,-1,93.000,-0.1218,-0.1265
kp20 run1.txt,6,-20.0,-1,94.000,-0.1258,-0.1264
kp20 run1.txt,6,-20.0,-1,95.000,-0.1240,-0.1262
kp20 run1.txt,6,-20.0,-1,96.000,-0.1232,-0.1260
kp20 run1.txt,6,-20.0,-1,97.000,-0.1254,-0.1258
kp20 run1.txt,6,-20.0,-1,98.000,-0.1254,-0.1255
kp20 run1.txt,6,-20.0,-1,99.000,-0.1181,-0.1252
kp20 run1.txt,6,-20.0,-1,100.000,-0.1222,-0.1249
kp20 run1.txt,6,-20.0,-1,101.000,-0.1232,-0.1245
kp20 run1.txt,6,-20.0,-1,102.000,-0.1276,-0.1241
kp20 run1.txt,6,-20.0,-1,103.000,-0.1218,-0.1237
kp20 run1.txt,6,-20.0,-1,104.000,-0.1200,-0.1233
kp20 run1.txt,6,-20.0,-1,105.000,-0.1203,-0.1229
kp20 run1.txt,6,-20.0,-1,106.000,-0.1203,-0.1224
kp20 run1.txt,6,-20.0,-1,107.000,-0.1196,-0.1219
kp20 run1.txt,6,-20.0,-1,108.000,-0.1145,-0.1214
kp20 run1.txt,6,-20.0,-1,109.000,-0.1181,-0.1209
kp20 run1.txt,6,-20.0,-1,110.000,-0.1192,-0.1204
kp20 run1.txt,6,-20.0,-1,111.000,-0.1171,-0.1199
kp20 run1.txt,6,-20.0,-1,112.000,-0.1130,-0.1193
kp20 run1.txt,6,-20.0,-1,113.000,-0.1167,-0.1188
kp20 run1.txt,6,-20.0,-1,114.000,-0.1105,-0.1182
kp20 run1.txt,6,-20.0,-1,115.000,-0.1138,-0.1177
kp20 run1.txt,6,-20.0,-1,116.000,-0.1123,-0.1171
kp20 run1.txt,6,-20.0,-1,117.000,-0.1138,-0.1166
kp20 run1.txt,6,-20.0,-1,118.000,-0.1138,-0.1160
kp20 run1.txt,6,-20.0,-1,119.000,-0.1123,-0.1154
kp20 run1.txt,6,-20.0,-1,120.000,-0.1109,-0.1149
kp20 run1.txt,6,-20.0,-1,121.000,-0.1101,-0.1143
kp20 run1.txt,6,-20.0,-1,122.000,-0.1072,-0.1137
kp20 run1.txt,6,-20.0,-1,123.000,-0.1094,-0.1132
kp20 run1.txt,6,-20.0,-1,124.000,-0.1036,-0.1126
kp20 run1.txt,6,-20.0,-1,125.000,-0.1072,-0.1121
kp20 run1.txt,6,-20.0,-1,126.000,-0.1061,-0.1115
kp20 run1.txt,6,-20.0,-1,127.000,-0.1050,-0.1110
kp20 run1.txt,6,-20.0,-1,128.000,-0.1112,-0.1105
kp20 run1.txt,6,-20.0,-1,129.000,-0.1021,-0.1099
kp20 run1.txt,6,-20.0,-1,130.000,-0.1025,-0.1094
kp20 run1.txt,6,-20.0,-1,131.000,-0.1025,-0.1089
kp20 run1.txt,6,-20.0,-1,132.000,-0.1006,-0.1084
kp20 run1.txt,6,-20.0,-1,133.000,-0.1028,-0.1079
kp20 run1.txt,6,-20.0,-1,134.000,-0.0912,-0.1074
kp20 run1.txt,6,-20.0,-1,135.000,-0.1021,-0.1070
kp20 run1.txt,6,-20.0,-1,136.000,-0.1014,-0.1065
kp20 run1.txt,6,-20.0,-1,137.000,-0.1036,-0.1061
kp20 run1.txt,6,-20.0,-1,138.000,-0.0985,-0.1056
kp20 run1.txt,6,-20.0,-1,139.000,-0.1006,-0.1052
kp20 run1.txt,6,-20.0,-1,140.000,-0.0999,-0.1048
kp20 run1.txt,6,-20.0,-1,141.000,-0.0985,-0.1044
kp20 run1.txt,6,-20.0,-1,142.000,-0.1025,-0.1040
kp20 run1.txt,6,-20.0,-1,143.000,-0.0992,-0.1036
kp20 run1.txt,6,-20.0,-1,144.000,-0.0930,-0.1032
kp20 run1.txt,6,-20.0,-1,145.000,-0.0970,-0.1029
kp20 run1.txt,6,-20.0,-1,146.000,-0.1014,-0.1025
kp20 run1.txt,6,-20.0,-1,147.000,-0.0963,-0.1022
kp20 run1.txt,6,-20.0,-1,148.000,-0.0985,-0.1019
kp20 run1.txt,6,-20.0,-1,149.000,-0.0977,-0.1016
kp20 run1.txt,6,-20.0,-1,150.000,-0.0977,-0.1013
kp20 run1.txt,6,-20.0,-1,151.000,-0.0963,-0.1010
kp20 run1.txt,6,-20.0,-1,152.000,-0.0974,-0.1007
kp20 run1.txt,6,-20.0,-1,153.000,-0.1010,-0.1005
kp20 run1.txt,6,-20.0,-1,154.000,-0.0934,-0.1002
kp20 run1.txt,6,-20.0,-1,155.000,-0.0963,-0.1000
kp20 run1.txt,6,-20.0,-1,156.000,-0.0952,-0.0998
kp20 run1.txt,6,-20.0,-1,157.000,-0.0977,-0.0995
kp20 run1.txt,6,-20.0,-1,158.000,-0.0966,-0.0993
kp20 run1.txt,6,-20.0,-1,159.000,-0.0970,-0.0992
kp20 run1.txt,6,-20.0,-1,160.000,-0.0959,-0.0990
kp20 run1.txt,6,-20.0,-1,161.000,-0.0810,-0.0988
kp20 run1.txt,6,-20.0,-1,162.000,-0.0977,-0.0987
kp20 run1.txt,6,-20.0,-1,163.000,-0.0963,-0.0985
kp20 run1.txt,6,-20.0,-1,164.000,-0.0977,-0.0984
kp20 run1.txt,6,-20.0,-1,165.000,-0.0970,-0.0982
kp20 run1.txt,6,-20.0,-1,166.000,-0.0955,-0.0981
kp20 run1.txt,6,-20.0,-1,167.000,-0.0970,-0.0980
kp20 run1.txt,6,-20.0,-1,168.000,-0.0963,-0.0979
kp20 run1.txt,6,-20.0,-1,169.000,-0.0955,-0.0978
kp20 run1.txt,6,-20.0,-1,170.000,-0.0981,-0.0978
kp20 run1.txt,6,-20.0,-1,171.000,-0.0963,-0.0977
kp20 run1.txt,6,-20.0,-1,172.000,-0.0970,-0.0976
kp20 run1.txt,6,-20.0,-1,173.000,-0.0963,-0.0976
kp20 run1.txt,6,-20.0,-1,174.000,-0.0817,-0.0975
kp20 run1.txt,6,-20.0,-1,175.000,-0.0999,-0.0975
kp20 run1.txt,6,-20.0,-1,176.000,-0.0948,-0.0974
kp20 run1.txt,6,-20.0,-1,177.000,-0.1050,-0.0974
kp20 run1.txt,6,-20.0,-1,178.000,-0.0992,-0.0974
kp20 run1.txt,6,-20.0,-1,179.000,-0.0846,-0.0974
kp20 run1.txt,6,-20.0,-1,180.000,-0.0941,-0.0974
kp20 run1.txt,6,-20.0,-1,181.000,-0.0934,-0.0974
kp20 run1.txt,6,-20.0,-1,182.000,-0.0966,-0.0974
kp20 run1.txt,6,-20.0,-1,183.000,-0.1050,-0.0974
kp20 run1.txt,6,-20.0,-1,184.000,-0.1014,-0.0974
kp20 run1.txt,6,-20.0,-1,185.000,-0.1047,-0.0974
kp20 run1.txt,6,-20.0,-1,186.000,-0.0992,-0.0974
kp20 run1.txt,6,-20.0,-1,187.000,-0.0963,-0.0975
kp20 run1.txt,6,-20.0,-1,188.000,-0.0977,-0.0975
kp20 run1.txt,6,-20.0,-1,189.000,-0.0992,-0.0975
kp20 run1.txt,6,-20.0,-1,190.000,-0.1006,-0.0976
kp20 run1.txt,6,-20.0,-1,191.000,-0.0963,-0.0976
kp20 run1.txt,6,-20.0,-1,192.000,-0.0992,-0.0977
kp20 run1.txt,6,-20.0,-1,193.000,-0.1021,-0.0977
kp20 run1.txt,6,-20.0,-1,194.000,-0.1138,-0.0978
kp20 run1.txt,6,-20.0,-1,195.000,-0.1043,-0.0978
kp20 run1.txt,6,-20.0,-1,196.000,-0.0992,-0.0979
kp20 run1.txt,6,-20.0,-1,197.000,-0.1123,-0.0979
kp20 run1.txt,6,-20.0,-1,198.000,-0.1021,-0.0980
kp20 run1.txt,6,-20.0,-1,199.000,-0.1036,-0.0981
kp20 run1.txt,6,-20.0,-1,200.000,-0.0999,-0.0981
kp20 run1.txt,6,-20.0,-1,201.000,-0.1025,-0.0982
kp20 run1.txt,6,-20.0,-1,202.000,-0.0999,-0.0982
kp20 run1.txt,6,-20.0,-1,203.000,-0.1079,-0.0983
kp20 run1.txt,6,-20.0,-1,204.000,-0.1006,-0.0984
kp20 run1.txt,6,-20.0,-1,205.000,-0.1043,-0.0984
kp20 run1.txt,6,-20.0,-1,206.000,-0.0868,-0.0985
kp20 run1.txt,6,-20.0,-1,207.000,-0.1028,-0.0986
kp20 run1.txt,6,-20.0,-1,208.000,-0.0955,-0.0987
kp20 run1.txt,6,-20.0,-1,209.000,-0.1021,-0.0987
kp20 run1.txt,6,-20.0,-1,210.000,-0.0988,-0.0988
kp20 run1.txt,6,-20.0,-1,211.000,-0.0992,-0.0989
kp20 run1.txt,6,-20.0,-1,212.000,-0.0970,-0.0989
kp20 run1.txt,6,-20.0,-1,213.000,-0.1094,-0.0990
kp20 run1.txt,6,-20.0,-1,214.000,-0.1072,-0.0991
kp20 run1.txt,6,-20.0,-1,215.000,-0.0999,-0.0991
kp20 run1.txt,6,-20.0,-1,216.000,-0.1006,-0.0992
kp20 run1.txt,6,-20.0,-1,217.000,-0.0985,-0.0993
kp20 run1.txt,6,-20.0,-1,218.000,-0.0974,-0.0993
kp20 run1.txt,6,-20.0,-1,219.000,-0.1014,-0.0994
kp20 run1.txt,6,-20.0,-1,220.000,-0.1032,-0.0995
kp20 run1.txt,6,-20.0,-1,221.000,-0.0996,-0.0995
kp20 run1.txt,6,-20.0,-1,222.000,-0.1025,-0.0996
kp20 run1.txt,6,-20.0,-1,223.000,-0.1014,-0.0997
kp20 run1.txt,6,-20.0,-1,224.000,-0.0904,-0.0997
kp20 run1.txt,6,-20.0,-1,225.000,-0.0999,-0.0998
kp20 run1.txt,6,-20.0,-1,226.000,-0.1021,-0.0998
kp20 run1.txt,6,-20.0,-1,227.000,-0.1006,-0.0999
kp20 run1.txt,6,-20.0,-1,228.000,-0.0992,-0.0999
kp20 run1.txt,6,-20.0,-1,229.000,-0.1014,-0.1000
kp20 run1.txt,6,-20.0,-1,230.000,-0.0912,-0.1001
kp20 run1.txt,6,-20.0,-1,231.000,-0.0992,-0.1001
kp20 run1.txt,6,-20.0,-1,232.000,-0.0992,-0.1001
kp20 run1.txt,6,-20.0,-1,233.000,-0.0868,-0.1002
kp20 run1.txt,6,-20.0,-1,234.000,-0.0948,-0.1002
kp20 run1.txt,6,-20.0,-1,235.000,-0.0988,-0.1003
kp20 run1.txt,6,-20.0,-1,236.000,-0.0985,-0.1003
kp20 run1.txt,6,-20.0,-1,237.000,-0.0941,-0.1004
kp20 run1.txt,6,-20.0,-1,238.000,-0.1021,-0.1004
kp20 run1.txt,6,-20.0,-1,239.000,-0.0999,-0.1005
kp20 run1.txt,6,-20.0,-1,240.000,-0.0999,-0.1005
kp20 run1.txt,6,-20.0,-1,241.000,-0.1014,-0.1005
kp20 run1.txt,6,-20.0,-1,242.000,-0.1014,-0.1006
kp20 run1.txt,6,-20.0,-1,243.000,-0.1043,-0.1006
kp20 run1.txt,6,-20.0,-1,244.000,-0.0934,-0.1006
kp20 run1.txt,6,-20.0,-1,245.000,-0.0985,-0.1007
kp20 run1.txt,6,-20.0,-1,246.000,-0.1050,-0.1007
kp20 run1.txt,6,-20.0,-1,247.000,-0.0992,-0.1007
kp20 run1.txt,6,-20.0,-1,248.000,-0.0996,-0.1007
kp20 run1.txt,6,-20.0,-1,249.000,-0.0999,-0.1008
kp20 run1.txt,6,-20.0,-1,250.000,-0.1039,-0.1008
kp20 run1.txt,6,-20.0,-1,251.000,-0.0992,-0.1008
kp20 run1.txt,6,-20.0,-1,252.000,-0.1058,-0.1008
kp20 run1.txt,6,-20.0,-1,253.000,-0.0992,-0.1008
kp20 run1.txt,6,-20.0,-1,254.000,-0.1043,-0.1009
kp20 run1.txt,6,-20.0,-1,255.000,-0.1014,-0.1009
kp20 run1.txt,6,-20.0,-1,256.000,-0.0992,-0.1009
kp20 run1.txt,6,-20.0,-1,257.000,-0.0996,-0.1009
kp20 run1.txt,6,-20.0,-1,258.000,-0.1006,-0.1009
kp20 run1.txt,6,-20.0,-1,259.000,-0.1072,-0.1009
kp20 run1.txt,6,-20.0,-1,260.000,-0.1014,-0.1009
kp20 run1.txt,6,-20.0,-1,261.000,-0.1021,-0.1009
kp20 run1.txt,6,-20.0,-1,262.000,-0.1021,-0.1010
kp20 run1.txt,6,-20.0,-1,263.000,-0.1036,-0.1010
kp20 run1.txt,6,-20.0,-1,264.000,-0.0992,-0.1010
kp20 run1.txt,6,-20.0,-1,265.000,-0.1036,-0.1010
kp20 run1.txt,6,-20.0,-1,266.000,-0.0835,-0.1010
kp20 run1.txt,6,-20.0,-1,267.000,-0.0999,-0.1010
kp20 run1.txt,6,-20.0,-1,268.000,-0.1006,-0.1010
kp20 run1.txt,6,-20.0,-1,269.000,-0.1050,-0.1010
kp20 run1.txt,6,-20.0,-1,270.000,-0.0985,-0.1010
kp20 run1.txt,6,-20.0,-1,271.000,-0.0999,-0.1010
kp20 run1.txt,6,-20.0,-1,272.000,-0.1021,-0.1010
kp20 run1.txt,6,-20.0,-1,273.000,-0.1014,-0.1010
kp20 run1.txt,6,-20.0,-1,274.000,-0.0992,-0.1010
kp20 run1.txt,6,-20.0,-1,275.000,-0.1014,-0.1010
kp20 run1.txt,6,-20.0,-1,276.000,-0.0963,-0.1010
kp20 run1.txt,6,-20.0,-1,277.000,-0.0992,-0.1010
kp20 run1.txt,6,-20.0,-1,278.000,-0.1006,-0.1010
kp20 run1.txt,6,-20.0,-1,279.000,-0.0992,-0.1010
kp20 run1.txt,6,-20.0,-1,280.000,-0.1105,-0.1010
kp20 run1.txt,6,-20.0,-1,281.000,-0.1032,-0.1010
kp20 run1.txt,6,-20.0,-1,282.000,-0.1021,-0.1010
kp20 run1.txt,6,-20.0,-1,283.000,-0.0970,-0.1009
kp20 run1.txt,6,-20.0,-1,284.000,-0.1025,-0.1009
kp20 run1.txt,6,-20.0,-1,285.000,-0.1043,-0.1009
kp20 run1.txt,6,-20.0,-1,286.000,-0.1014,-0.1009
kp20 run1.txt,6,-20.0,-1,287.000,-0.0992,-0.1009
kp20 run1.txt,6,-20.0,-1,288.000,-0.1006,-0.1009
kp20 run1.txt,6,-20.0,-1,289.000,-0.0977,-0.1009
kp20 run1.txt,6,-20.0,-1,290.000,-0.1028,-0.1009
kp20 run1.txt,6,-20.0,-1,291.000,-0.1050,-0.1009
kp20 run1.txt,6,-20.0,-1,292.000,-0.1025,-0.1009
kp20 run1.txt,6,-20.0,-1,293.000,-0.0977,-0.1009
kp20 run1.txt,6,-20.0,-1,294.000,-0.0992,-0.1009
kp20 run1.txt,6,-20.0,-1,295.000,-0.0992,-0.1009
kp20 run1.txt,6,-20.0,-1,296.000,-0.0999,-0.1008
kp20 run1.txt,6,-20.0,-1,297.000,-0.1123,-0.1008
kp20 run1.txt,6,-20.0,-1,298.000,-0.0977,-0.1008
kp20 run1.txt,6,-20.0,-1,299.000,-0.0963,-0.1008
kp20 run1.txt,6,-20.0,-1,300.000,-0.1003,-0.1008
kp20 run1.txt,6,-20.0,-1,301.000,-0.1021,-0.1008
kp20 run1.txt,6,-20.0,-1,302.000,-0.0999,-0.1008
kp20 run1.txt,6,-20.0,-1,303.000,-0.0999,-0.1008
kp20 run1.txt,6,-20.0,-1,304.000,-0.0977,-0.1008
kp20 run1.txt,6,-20.0,-1,305.000,-0.1036,-0.1008
kp20 run1.txt,6,-20.0,-1,306.000,-0.1021,-0.1008
kp20 run1.txt,6,-20.0,-1,307.000,-0.0992,-0.1008
kp20 run1.txt,6,-20.0,-1,308.000,-0.1014,-0.1007
kp20 run1.txt,6,-20.0,-1,309.000,-0.0992,-0.1007
kp20 run1.txt,6,-20.0,-1,310.000,-0.1006,-0.1007
kp20 run1.txt,6,-20.0,-1,311.000,-0.0959,-0.1007
kp20 run1.txt,6,-20.0,-1,312.000,-0.0996,-0.1007
kp20 run1.txt,6,-20.0,-1,313.000,-0.0992,-0.1007
kp20 run1.txt,6,-20.0,-1,314.000,-0.1021,-0.1007
kp20 run1.txt,6,-20.0,-1,315.000,-0.1006,-0.1007
kp20 run1.txt,6,-20.0,-1,316.000,-0.1061,-0.1007
kp20 run1.txt,6,-20.0,-1,317.000,-0.0999,-0.1007
kp20 run1.txt,6,-20.0,-1,318.000,-0.0996,-0.1007
kp20 run1.txt,6,-20.0,-1,319.000,-0.0941,-0.1007
kp20 run1.txt,6,-20.0,-1,320.000,-0.1003,-0.1007
kp20 run1.txt,6,-20.0,-1,321.000,-0.1036,-0.1007
kp20 run1.txt,6,-20.0,-1,322.000,-0.0963,-0.1006
kp20 run1.txt,6,-20.0,-1,323.000,-0.1021,-0.1006
kp20 run1.txt,6,-20.0,-1,324.000,-0.1028,-0.1006
kp20 run1.txt,6,-20.0,-1,325.000,-0.1021,-0.1006
kp20 run1.txt,6,-20.0,-1,326.000,-0.1058,-0.1006
kp20 run1.txt,6,-20.0,-1,327.000,-0.0934,-0.1006
kp20 run1.txt,6,-20.0,-1,328.000,-0.0999,-0.1006
kp20 run1.txt,6,-20.0,-1,329.000,-0.1025,-0.1006
kp20 run1.txt,6,-20.0,-1,330.000,-0.0948,-0.1006
kp20 run1.txt,6,-20.0,-1,331.000,-0.1050,-0.1006
kp20 run1.txt,6,-20.0,-1,332.000,-0.1200,-0.1006
kp20 run1.txt,6,-20.0,-1,333.000,-0.1014,-0.1006
kp20 run1.txt,6,-20.0,-1,334.000,-0.1006,-0.1006
kp20 run1.txt,6,-20.0,-1,335.000,-0.1123,-0.1006
kp20 run1.txt,6,-20.0,-1,336.000,-0.0992,-0.1006
kp20 run1.txt,6,-20.0,-1,337.000,-0.1050,-0.1006
kp20 run1.txt,6,-20.0,-1,338.000,-0.1021,-0.1006
kp20 run1.txt,6,-20.0,-1,339.000,-0.1014,-0.1006
kp20 run1.txt,6,-20.0,-1,340.000,-0.0992,-0.1006
kp20 run1.txt,6,-20.0,-1,341.000,-0.0985,-0.1006
kp20 run1.txt,6,-20.0,-1,342.000,-0.1014,-0.1006
kp20 run1.txt,6,-20.0,-1,343.000,-0.1006,-0.1006
kp20 run1.txt,6,-20.0,-1,344.000,-0.1021,-0.1006
kp20 run1.txt,6,-20.0,-1,345.000,-0.0999,-0.1006
kp20 run1.txt,6,-20.0,-1,346.000,-0.0985,-0.1006
kp20 run1.txt,6,-20.0,-1,347.000,-0.0992,-0.1005
kp20 run1.txt,6,-20.0,-1,348.000,-0.0992,-0.1005
kp20 run1.txt,6,-20.0,-1,349.000,-0.1014,-0.1005
kp20 run1.txt,6,-20.0,-1,350.000,-0.1036,-0.1005
kp20 run1.txt,6,-20.0,-1,351.000,-0.1014,-0.1005
kp20 run1.txt,6,-20.0,-1,352.000,-0.0996,-0.1005
kp20 run1.txt,6,-20.0,-1,353.000,-0.1014,-0.1005
kp20 run1.txt,6,-20.0,-1,354.000,-0.1061,-0.1005
kp20 run1.txt,6,-20.0,-1,355.000,-0.0963,-0.1005
kp20 run1.txt,6,-20.0,-1,356.000,-0.0890,-0.1005
kp20 run1.txt,6,-20.0,-1,357.000,-0.0985,-0.1005
kp20 run1.txt,6,-20.0,-1,358.000,-0.0977,-0.1005
kp20 run1.txt,6,-20.0,-1,359.000,-0.0977,-0.1005
kp20 run1.txt,6,-20.0,-1,360.000,-0.1010,-0.1005
kp20 run1.txt,6,-20.0,-1,361.000,-0.1006,-0.1005
kp20 run1.txt,6,-20.0,-1,362.000,-0.1036,-0.1005
kp20 run1.txt,6,-20.0,-1,363.000,-0.1036,-0.1005
kp20 run1.txt,6,-20.0,-1,364.000,-0.1021,-0.1005
kp20 run1.txt,6,-20.0,-1,365.000,-0.0992,-0.1005
kp20 run1.txt,6,-20.0,-1,366.000,-0.0999,-0.1005
kp20 run1.txt,6,-20.0,-1,367.000,-0.1014,-0.1005
kp20 run1.txt,6,-20.0,-1,368.000,-0.1017,-0.1005
kp20 run1.txt,6,-20.0,-1,369.000,-0.0999,-0.1005
kp20 run1.txt,6,-20.0,-1,370.000,-0.0977,-0.1005
kp20 run1.txt,6,-20.0,-1,371.000,-0.0926,-0.1005
kp20 run1.txt,6,-20.0,-1,372.000,-0.1014,-0.1005
kp20 run1.txt,6,-20.0,-1,373.000,-0.0992,-0.1005
kp20 run1.txt,6,-20.0,-1,374.000,-0.0992,-0.1005
kp20 run1.txt,6,-20.0,-1,375.000,-0.0966,-0.1005
kp20 run1.txt,6,-20.0,-1,376.000,-0.1014,-0.1005
kp20 run1.txt,6,-20.0,-1,377.000,-0.0963,-0.1005
kp20 run1.txt,6,-20.0,-1,378.000,-0.0992,-0.1005
kp20 run1.txt,6,-20.0,-1,379.000,-0.0955,-0.1005
kp20 run1.txt,6,-20.0,-1,380.000,-0.1025,-0.1005
kp20 run1.txt,6,-20.0,-1,381.000,-0.1025,-0.1006
kp20 run1.txt,6,-20.0,-1,382.000,-0.1006,-0.1006
kp20 run1.txt,6,-20.0,-1,383.000,-0.0992,-0.1006
kp20 run1.txt,6,-20.0,-1,384.000,-0.1014,-0.1006
kp20 run1.txt,6,-20.0,-1,385.000,-0.1065,-0.1006
kp20 run1.txt,6,-20.0,-1,386.000,-0.1003,-0.1006
kp20 run1.txt,6,-20.0,-1,387.000,-0.0985,-0.1006
kp20 run1.txt,6,-20.0,-1,388.000,-0.0999,-0.1006
kp20 run1.txt,6,-20.0,-1,389.000,-0.1058,-0.1006
kp20 run1.txt,6,-20.0,-1,390.000,-0.1036,-0.1006
kp20 run1.txt,6,-20.0,-1,391.000,-0.0963,-0.1006
kp20 run1.txt,6,-20.0,-1,392.000,-0.0985,-0.1006
kp20 run1.txt,6,-20.0,-1,393.000,-0.0955,-0.1006
kp20 run1.txt,6,-20.0,-1,394.000,-0.0992,-0.1006
kp20 run1.txt,6,-20.0,-1,395.000,-0.1028,-0.1006
kp20 run1.txt,6,-20.0,-1,396.000,-0.1028,-0.1006
kp20 run1.txt,6,-20.0,-1,397.000,-0.1021,-0.1006
kp20 run1.txt,6,-20.0,-1,398.000,-0.0966,-0.1006
kp20 run1.txt,6,-20.0,-1,399.000,-0.1014,-0.1006
kp20 run1.txt,6,-20.0,-1,400.000,-0.0992,-0.1006
kp20 run1.txt,6,-20.0,-1,401.000,-0.1006,-0.1006
kp20 run1.txt,6,-20.0,-1,402.000,-0.1014,-0.1006
kp20 run1.txt,6,-20.0,-1,403.000,-0.1003,-0.1006
kp20 run1.txt,6,-20.0,-1,404.000,-0.1021,-0.1006
kp20 run1.txt,6,-20.0,-1,405.000,-0.0908,-0.1006
kp20 run1.txt,6,-20.0,-1,406.000,-0.0955,-0.1006
kp20 run1.txt,6,-20.0,-1,407.000,-0.1014,-0.1006
kp20 run1.txt,6,-20.0,-1,408.000,-0.1043,-0.1006
kp20 run1.txt,6,-20.0,-1,409.000,-0.1014,-0.1006
kp20 run1.txt,6,-20.0,-1,410.000,-0.0977,-0.1006
kp20 run1.txt,6,-20.0,-1,411.000,-0.0996,-0.1006
kp20 run1.txt,6,-20.0,-1,412.000,-0.1014,-0.1006
kp20 run1.txt,6,-20.0,-1,413.000,-0.1006,-0.1006
kp20 run1.txt,6,-20.0,-1,414.000,-0.1014,-0.1006
kp20 run1.txt,6,-20.0,-1,415.000,-0.1021,-0.1006
kp20 run1.txt,6,-20.0,-1,416.000,-0.0999,-0.1006
kp20 run1.txt,6,-20.0,-1,417.000,-0.1036,-0.1006
kp20 run1.txt,6,-20.0,-1,418.000,-0.1014,-0.1006
kp20 run1.txt,6,-20.0,-1,419.000,-0.1043,-0.1006
kp20 run1.txt,6,-20.0,-1,420.000,-0.0985,-0.1006
kp20 run1.txt,6,-20.0,-1,421.000,-0.1090,-0.1006
kp20 run1.txt,6,-20.0,-1,422.000,-0.1021,-0.1006
kp20 run1.txt,6,-20.0,-1,423.000,-0.0955,-0.1006
kp20 run1.txt,6,-20.0,-1,424.000,-0.1006,-0.1006
kp20 run1.txt,6,-20.0,-1,425.000,-0.0992,-0.1006
kp20 run1.txt,6,-20.0,-1,426.000,-0.0996,-0.1006
kp20 run1.txt,6,-20.0,-1,427.000,-0.1025,-0.1006
kp20 run1.txt,6,-20.0,-1,428.000,-0.1021,-0.1006
kp20 run1.txt,6,-20.0,-1,429.000,-0.1014,-0.1006
kp20 run1.txt,6,-20.0,-1,430.000,-0.0988,-0.1006
kp20 run1.txt,6,-20.0,-1,431.000,-0.1072,-0.1006
kp20 run1.txt,6,-20.0,-1,432.000,-0.1014,-0.1006
kp20 run1.txt,6,-20.0,-1,433.000,-0.0996,-0.1006
kp20 run1.txt,6,-20.0,-1,434.000,-0.1006,-0.1006
kp20 run1.txt,6,-20.0,-1,435.000,-0.1006,-0.1006
kp20 run1.txt,6,-20.0,-1,436.000,-0.0996,-0.1006
kp20 run1.txt,6,-20.0,-1,437.000,-0.0955,-0.1006
kp20 run1.txt,6,-20.0,-1,438.000,-0.0988,-0.1006
kp20 run1.txt,6,-20.0,-1,439.000,-0.0904,-0.1006
kp20 run1.txt,6,-20.0,-1,440.000,-0.1025,-0.1006
kp20 run1.txt,6,-20.0,-1,441.000,-0.1017,-0.1006
kp20 run1.txt,6,-20.0,-1,442.000,-0.1014,-0.1006
kp20 run1.txt,6,-20.0,-1,443.000,-0.1028,-0.1006
kp20 run1.txt,6,-20.0,-1,444.000,-0.1006,-0.1006
kp20 run1.txt,6,-20.0,-1,445.000,-0.0992,-0.1006
kp20 run1.txt,6,-20.0,-1,446.000,-0.1006,-0.1006
kp20 run1.txt,6,-20.0,-1,447.000,-0.1014,-0.1006
kp20 run1.txt,6,-20.0,-1,448.000,-0.1025,-0.1006
kp20 run1.txt,6,-20.0,-1,449.000,-0.1047,-0.1006
kp20 run1.txt,6,-20.0,-1,450.000,-0.1050,-0.1006
kp20 run1.txt,6,-20.0,-1,451.000,-0.0977,-0.1006
kp20 run1.txt,6,-20.0,-1,452.000,-0.0985,-0.1006
kp20 run1.txt,6,-20.0,-1,453.000,-0.0985,-0.1006
kp20 run1.txt,6,-20.0,-1,454.000,-0.1043,-0.1006
kp20 run1.txt,6,-20.0,-1,455.000,-0.0992,-0.1006
kp20 run1.txt,6,-20.0,-1,456.000,-0.0996,-0.1006
kp20 run1.txt,6,-20.0,-1,457.000,-0.0875,-0.1006
kp20 run1.txt,6,-20.0,-1,458.000,-0.1006,-0.1006
kp20 run1.txt,6,-20.0,-1,459.000,-0.1065,-0.1006
kp20 run1.txt,6,-20.0,-1,460.000,-0.1010,-0.1006
kp20 run1.txt,6,-20.0,-1,461.000,-0.1021,-0.1006
kp20 run1.txt,6,-20.0,-1,462.000,-0.0992,-0.1006
kp20 run1.txt,6,-20.0,-1,463.000,-0.1006,-0.1006
kp20 run1.txt,6,-20.0,-1,464.000,-0.1076,-0.1006
kp20 run1.txt,6,-20.0,-1,465.000,-0.0999,-0.1006
kp20 run1.txt,6,-20.0,-1,466.000,-0.0999,-0.1006
kp20 run1.txt,6,-20.0,-1,467.000,-0.1028,-0.1006
kp20 run1.txt,6,-20.0,-1,468.000,-0.1006,-0.1006
kp20 run1.txt,6,-20.0,-1,469.000,-0.1006,-0.1006
kp20 run1.txt,6,-20.0,-1,470.000,-0.0992,-0.1006
kp20 run1.txt,6,-20.0,-1,471.000,-0.0934,-0.1006
kp20 run1.txt,6,-20.0,-1,472.000,-0.0919,-0.1006
kp20 run1.txt,6,-20.0,-1,473.000,-0.0996,-0.1006
kp20 run1.txt,6,-20.0,-1,474.000,-0.1043,-0.1006
kp20 run1.txt,6,-20.0,-1,475.000,-0.1014,-0.1006
kp20 run1.txt,6,-20.0,-1,476.000,-0.0985,-0.1006
kp20 run1.txt,6,-20.0,-1,477.000,-0.1065,-0.1006
kp20 run1.txt,6,-20.0,-1,478.000,-0.0999,-0.1006
kp20 run1.txt,6,-20.0,-1,479.000,-0.1021,-0.1006
kp20 run1.txt,6,-20.0,-1,480.000,-0.1006,-0.1006
kp20 run1.txt,6,-20.0,-1,481.000,-0.0992,-0.1006
kp20 run1.txt,6,-20.0,-1,482.000,-0.1028,-0.1006
kp20 run1.txt,6,-20.0,-1,483.000,-0.1006,-0.1006
kp20 run1.txt,6,-20.0,-1,484.000,-0.1028,-0.1006
kp20 run1.txt,6,-20.0,-1,485.000,-0.1014,-0.1006
kp20 run1.txt,6,-20.0,-1,486.000,-0.1006,-0.1006
kp20 run1.txt,6,-20.0,-1,487.000,-0.1006,-0.1006
kp20 run1.txt,6,-20.0,-1,488.000,-0.0985,-0.1006
kp20 run1.txt,6,-20.0,-1,489.000,-0.1014,-0.1006
kp20 run1.txt,6,-20.0,-1,490.000,-0.1021,-0.1006
kp20 run1.txt,6,-20.0,-1,491.000,-0.0999,-0.1006
kp20 run1.txt,6,-20.0,-1,492.000,-0.0868,-0.1006
kp20 run1.txt,6,-20.0,-1,493.000,-0.0992,-0.1006
kp20 run1.txt,6,-20.0,-1,494.000,-0.0999,-0.1006
kp20 run1.txt,6,-20.0,-1,495.000,-0.1010,-0.1006
kp20 run1.txt,6,-20.0,-1,496.000,-0.1006,-0.1006
kp20 run1.txt,6,-20.0,-1,497.000,-0.1083,-0.1006
kp20 run1.txt,6,-20.0,-1,498.000,-0.0963,-0.1006
kp20 run1.txt,6,-20.0,-1,499.000,-0.1006,-0.1006
kp20 run1.txt,6,-20.0,-1,500.000,-0.1021,-0.1006
kp20 run1.txt,6,-20.0,-1,501.000,-0.1043,-0.1006
kp20 run1.txt,6,-20.0,-1,502.000,-0.0955,-0.1006
kp20 run1.txt,6,-20.0,-1,503.000,-0.0952,-0.1006
kp20 run1.txt,6,-20.0,-1,504.000,-0.0996,-0.1006
kp20 run1.txt,6,-20.0,-1,505.000,-0.1006,-0.1006
kp20 run1.txt,6,-20.0,-1,506.000,-0.0985,-0.1006
kp20 run1.txt,6,-20.0,-1,507.000,-0.1014,-0.1006
kp20 run1.txt,6,-20.0,-1,508.000,-0.0966,-0.1006
kp20 run1.txt,6,-20.0,-1,509.000,-0.0992,-0.1006
kp20 run1.txt,6,-20.0,-1,510.000,-0.0963,-0.1006
kp20 run1.txt,6,-20.0,-1,511.000,-0.0999,-0.1006
kp20 run1.txt,6,-20.0,-1,512.000,-0.0992,-0.1006
kp20 run1.txt,6,-20.0,-1,513.000,-0.0985,-0.1006
kp20 run1.txt,6,-20.0,-1,514.000,-0.0985,-0.1006
kp20 run1.txt,6,-20.0,-1,515.000,-0.1021,-0.1006
kp20 run1.txt,6,-20.0,-1,516.000,-0.1006,-0.1006
kp20 run1.txt,6,-20.0,-1,517.000,-0.1006,-0.1006
kp20 run1.txt,6,-20.0,-1,518.000,-0.1014,-0.1006
kp20 run1.txt,6,-20.0,-1,519.000,-0.1006,-0.1006
kp20 run1.txt,6,-20.0,-1,520.000,-0.0926,-0.1006
kp20 run1.txt,6,-20.0,-1,521.000,-0.1028,-0.1006
kp20 run1.txt,6,-20.0,-1,522.000,-0.0996,-0.1006
kp20 run1.txt,6,-20.0,-1,523.000,-0.1014,-0.1006
kp20 run1.txt,6,-20.0,-1,524.000,-0.1006,-0.1006
kp20 run1.txt,6,-20.0,-1,525.000,-0.0999,-0.1006
kp20 run1.txt,6,-20.0,-1,526.000,-0.1028,-0.1006
kp20 run1.txt,6,-20.0,-1,527.000,-0.0963,-0.1006
kp20 run1.txt,6,-20.0,-1,528.000,-0.0999,-0.1006
kp20 run1.txt,6,-20.0,-1,529.000,-0.1017,-0.1006
kp20 run1.txt,6,-20.0,-1,530.000,-0.1014,-0.1006
kp20 run1.txt,6,-20.0,-1,531.000,-0.1006,-0.1006
kp20 run1.txt,6,-20.0,-1,532.000,-0.1028,-0.1006
kp20 run1.txt,6,-20.0,-1,533.000,-0.1094,-0.1006
kp20 run1.txt,6,-20.0,-1,534.000,-0.1021,-0.1006
kp20 run1.txt,6,-20.0,-1,535.000,-0.1050,-0.1006
kp20 run1.txt,6,-20.0,-1,536.000,-0.1065,-0.1006
kp20 run1.txt,6,-20.0,-1,537.000,-0.1006,-0.1006
kp20 run1.txt,6,-20.0,-1,538.000,-0.1006,-0.1006
kp20 run1.txt,6,-20.0,-1,539.000,-0.1021,-0.1006
kp20 run1.txt,6,-20.0,-1,540.000,-0.1079,-0.1006
kp20 run1.txt,6,-20.0,-1,541.000,-0.0791,-0.1006
kp20 run1.txt,6,-20.0,-1,542.000,-0.1014,-0.1006
kp20 run1.txt,6,-20.0,-1,543.000,-0.0992,-0.1006
kp20 run1.txt,6,-20.0,-1,544.000,-0.1021,-0.1006
kp20 run1.txt,6,-20.0,-1,545.000,-0.1025,-0.1006
kp20 run1.txt,6,-20.0,-1,546.000,-0.1021,-0.1006
kp20 run1.txt,6,-20.0,-1,547.000,-0.1014,-0.1006
kp20 run1.txt,6,-20.0,-1,548.000,-0.0985,-0.1006
kp20 run1.txt,6,-20.0,-1,549.000,-0.0992,-0.1006
kp20 run1.txt,6,-20.0,-1,550.000,-0.1021,-0.1006
kp20 run1.txt,6,-20.0,-1,551.000,-0.1006,-0.1006
kp20 run1.txt,6,-20.0,-1,552.000,-0.1083,-0.1006
kp20 run1.txt,6,-20.0,-1,553.000,-0.1014,-0.1006
kp20 run1.txt,6,-20.0,-1,554.000,-0.0988,-0.1006
kp20 run1.txt,6,-20.0,-1,555.000,-0.0974,-0.1006
kp20 run1.txt,6,-20.0,-1,556.000,-0.0963,-0.1006
kp20 run1.txt,6,-20.0,-1,557.000,-0.1087,-0.1006
kp20 run1.txt,6,-20.0,-1,558.000,-0.1025,-0.1006
kp20 run1.txt,6,-20.0,-1,559.000,-0.1014,-0.1006
kp20 run1.txt,6,-20.0,-1,560.000,-0.0977,-0.1006
kp20 run1.txt,6,-20.0,-1,561.000,-0.0934,-0.1006
kp20 run1.txt,6,-20.0,-1,562.000,-0.0992,-0.1006
kp20 run1.txt,6,-20.0,-1,563.000,-0.1021,-0.1006
kp20 run1.txt,6,-20.0,-1,564.000,-0.1014,-0.1006
kp20 run1.txt,6,-20.0,-1,565.000,-0.1072,-0.1006
kp20 run1.txt,6,-20.0,-1,566.000,-0.1003,-0.1006
kp20 run1.txt,6,-20.0,-1,567.000,-0.0985,-0.1006
kp20 run1.txt,6,-20.0,-1,568.000,-0.0996,-0.1006
kp20 run1.txt,6,-20.0,-1,569.000,-0.1010,-0.1006
kp20 run1.txt,6,-20.0,-1,570.000,-0.1028,-0.1006
kp20 run1.txt,6,-20.0,-1,571.000,-0.0955,-0.1006
kp20 run1.txt,6,-20.0,-1,572.000,-0.1006,-0.1006
kp20 run1.txt,6,-20.0,-1,573.000,-0.0996,-0.1006
kp20 run1.txt,6,-20.0,-1,574.000,-0.1061,-0.1006
kp20 run1.txt,6,-20.0,-1,575.000,-0.0999,-0.1006
kp20 run1.txt,6,-20.0,-1,576.000,-0.1079,-0.1006
kp20 run1.txt,6,-20.0,-1,577.000,-0.1006,-0.1006
kp20 run1.txt,6,-20.0,-1,578.000,-0.1006,-0.1006
kp20 run1.txt,6,-20.0,-1,579.000,-0.1006,-0.1006
kp20 run1.txt,6,-20.0,-1,580.000,-0.0985,-0.1006
kp20 run1.txt,6,-20.0,-1,581.000,-0.1006,-0.1006
kp20 run1.txt,6,-20.0,-1,582.000,-0.1028,-0.1006
kp20 run1.txt,6,-20.0,-1,583.000,-0.1028,-0.1006
kp20 run1.txt,6,-20.0,-1,584.000,-0.0999,-0.1006
kp20 run1.txt,6,-20.0,-1,585.000,-0.1006,-0.1006
kp20 run1.txt,6,-20.0,-1,586.000,-0.1036,-0.1006
kp20 run1.txt,6,-20.0,-1,587.000,-0.1050,-0.1006
kp20 run1.txt,6,-20.0,-1,588.000,-0.0999,-0.1006
kp20 run1.txt,6,-20.0,-1,589.000,-0.1006,-0.1006
kp20 run1.txt,6,-20.0,-1,590.000,-0.0999,-0.1006
kp20 run1.txt,6,-20.0,-1,591.000,-0.1101,-0.1006
kp20 run1.txt,6,-20.0,-1,592.000,-0.0985,-0.1006
kp20 run1.txt,6,-20.0,-1,593.000,-0.1021,-0.1006
kp20 run1.txt,6,-20.0,-1,594.000,-0.0992,-0.1006
kp20 run1.txt,6,-20.0,-1,595.000,-0.0996,-0.1006
kp20 run1.txt,6,-20.0,-1,596.000,-0.0996,-0.1006
kp20 run1.txt,6,-20.0,-1,597.000,-0.0996,-0.1006
kp20 run1.txt,6,-20.0,-1,598.000,-0.0999,-0.1006
kp20 run1.txt,6,-20.0,-1,599.000,-0.0996,-0.1006
kp20 run1.txt,7,-20.0,1,0.000,-0.1014,-0.0956
kp20 run1.txt,7,-20.0,1,1.000,-0.0861,-0.0956
kp20 run1.txt,7,-20.0,1,2.000,-0.0992,-0.0956
kp20 run1.txt,7,-20.0,1,3.000,-0.0985,-0.0956
kp20 run1.txt,7,-20.0,1,4.000,-0.1003,-0.0956
kp20 run1.txt,7,-20.0,1,5.000,-0.1072,-0.0954
kp20 run1.txt,7,-20.0,1,6.000,-0.0996,-0.0949
kp20 run1.txt,7,-20.0,1,7.000,-0.0985,-0.0940
kp20 run1.txt,7,-20.0,1,8.000,-0.0934,-0.0929
kp20 run1.txt,7,-20.0,1,9.000,-0.0926,-0.0915
kp20 run1.txt,7,-20.0,1,10.000,-0.0897,-0.0899
kp20 run1.txt,7,-20.0,1,11.000,-0.0846,-0.0879
kp20 run1.txt,7,-20.0,1,12.000,-0.0868,-0.0858
kp20 run1.txt,7,-20.0,1,13.000,-0.0839,-0.0834
kp20 run1.txt,7,-20.0,1,14.000,-0.0824,-0.0809
kp20 run1.txt,7,-20.0,1,15.000,-0.0773,-0.0781
kp20 run1.txt,7,-20.0,1,16.000,-0.0740,-0.0752
kp20 run1.txt,7,-20.0,1,17.000,-0.0700,-0.0721
kp20 run1.txt,7,-20.0,1,18.000,-0.0657,-0.0688
kp20 run1.txt,7,-20.0,1,19.000,-0.0598,-0.0655
kp20 run1.txt,7,-20.0,1,20.000,-0.0420,-0.0619
kp20 run1.txt,7,-20.0,1,21.000,-0.0503,-0.0583
kp20 run1.txt,7,-20.0,1,22.000,-0.0445,-0.0546
kp20 run1.txt,7,-20.0,1,23.000,-0.0412,-0.0507
kp20 run1.txt,7,-20.0,1,24.000,-0.0401,-0.0468
kp20 run1.txt,7,-20.0,1,25.000,-0.0372,-0.0428
kp20 run1.txt,7,-20.0,1,26.000,-0.0332,-0.0388
kp20 run1.txt,7,-20.0,1,27.000,-0.0299,-0.0347
kp20 run1.txt,7,-20.0,1,28.000,-0.0256,-0.0305
kp20 run1.txt,7,-20.0,1,29.000,-0.0226,-0.0263
kp20 run1.txt,7,-20.0,1,30.000,-0.0117,-0.0221
kp20 run1.txt,7,-20.0,1,31.000,-0.0088,-0.0179
kp20 run1.txt,7,-20.0,1,32.000,-0.0110,-0.0137
kp20 run1.txt,7,-20.0,1,33.000,-0.0030,-0.0095
kp20 run1.txt,7,-20.0,1,34.000,-0.0022,-0.0052
kp20 run1.txt,7,-20.0,1,35.000,0.0014,-0.0010
kp20 run1.txt,7,-20.0,1,36.000,-0.0197,0.0032
kp20 run1.txt,7,-20.0,1,37.000,0.0124,0.0074
kp20 run1.txt,7,-20.0,1,38.000,0.0116,0.0115
kp20 run1.txt,7,-20.0,1,39.000,0.0160,0.0156
kp20 run1.txt,7,-20.0,1,40.000,0.0218,0.0197
kp20 run1.txt,7,-20.0,1,41.000,0.0262,0.0237
kp20 run1.txt,7,-20.0,1,42.000,0.0284,0.0276
kp20 run1.txt,7,-20.0,1,43.000,0.0320,0.0315
kp20 run1.txt,7,-20.0,1,44.000,0.0364,0.0354
kp20 run1.txt,7,-20.0,1,45.000,0.0412,0.0392
kp20 run1.txt,7,-20.0,1,46.000,0.0437,0.0429
kp20 run1.txt,7,-20.0,1,47.000,0.0488,0.0465
kp20 run1.txt,7,-20.0,1,48.000,0.0473,0.0501
kp20 run1.txt,7,-20.0,1,49.000,0.0543,0.0536
kp20 run1.txt,7,-20.0,1,50.000,0.0554,0.0570
kp20 run1.txt,7,-20.0,1,51.000,0.0616,0.0603
kp20 run1.txt,7,-20.0,1,52.000,0.0517,0.0635
kp20 run1.txt,7,-20.0,1,53.000,0.0670,0.0667
kp20 run1.txt,7,-20.0,1,54.000,0.0714,0.0698
kp20 run1.txt,7,-20.0,1,55.000,0.0641,0.0728
kp20 run1.txt,7,-20.0,1,56.000,0.0805,0.0757
kp20 run1.txt,7,-20.0,1,57.000,0.0794,0.0785
kp20 run1.txt,7,-20.0,1,58.000,0.0823,0.0812
kp20 run1.txt,7,-20.0,1,59.000,0.0867,0.0838
kp20 run1.txt,7,-20.0,1,60.000,0.0984,0.0863
kp20 run1.txt,7,-20.0,1,61.000,0.0911,0.0888
kp20 run1.txt,7,-20.0,1,62.000,0.0918,0.0911
kp20 run1.txt,7,-20.0,1,63.000,0.0962,0.0934
kp20 run1.txt,7,-20.0,1,64.000,0.0911,0.0955
kp20 run1.txt,7,-20.0,1,65.000,0.0980,0.0976
kp20 run1.txt,7,-20.0,1,66.000,0.1020,0.0996
kp20 run1.txt,7,-20.0,1,67.000,0.1086,0.1015
kp20 run1.txt,7,-20.0,1,68.000,0.1064,0.1033
kp20 run1.txt,7,-20.0,1,69.000,0.1020,0.1050
kp20 run1.txt,7,-20.0,1,70.000,0.1115,0.1066
kp20 run1.txt,7,-20.0,1,71.000,0.1130,0.1082
kp20 run1.txt,7,-20.0,1,72.000,0.1224,0.1096
kp20 run1.txt,7,-20.0,1,73.000,0.1130,0.1110
kp20 run1.txt,7,-20.0,1,74.000,0.1122,0.1123
kp20 run1.txt,7,-20.0,1,75.000,0.1151,0.1135
kp20 run1.txt,7,-20.0,1,76.000,0.1203,0.1147
kp20 run1.txt,7,-20.0,1,77.000,0.1199,0.1157
kp20 run1.txt,7,-20.0,1,78.000,0.1203,0.1167
kp20 run1.txt,7,-20.0,1,79.000,0.1203,0.1176
kp20 run1.txt,7,-20.0,1,80.000,0.1203,0.1185
kp20 run1.txt,7,-20.0,1,81.000,0.1217,0.1192
kp20 run1.txt,7,-20.0,1,82.000,0.1210,0.1199
kp20 run1.txt,7,-20.0,1,83.000,0.1232,0.1206
kp20 run1.txt,7,-20.0,1,84.000,0.1166,0.1211
kp20 run1.txt,7,-20.0,1,85.000,0.1261,0.1216
kp20 run1.txt,7,-20.0,1,86.000,0.1217,0.1221
kp20 run1.txt,7,-20.0,1,87.000,0.1195,0.1225
kp20 run1.txt,7,-20.0,1,88.000,0.1203,0.1228
kp20 run1.txt,7,-20.0,1,89.000,0.1199,0.1231
kp20 run1.txt,7,-20.0,1,90.000,0.1224,0.1233
kp20 run1.txt,7,-20.0,1,91.000,0.1224,0.1235
kp20 run1.txt,7,-20.0,1,92.000,0.1279,0.1236
kp20 run1.txt,7,-20.0,1,93.000,0.1221,0.1237
kp20 run1.txt,7,-20.0,1,94.000,0.1232,0.1237
kp20 run1.txt,7,-20.0,1,95.000,0.1228,0.1237
kp20 run1.txt,7,-20.0,1,96.000,0.1210,0.1237
kp20 run1.txt,7,-20.0,1,97.000,0.1254,0.1236
kp20 run1.txt,7,-20.0,1,98.000,0.1232,0.1235
kp20 run1.txt,7,-20.0,1,99.000,0.1275,0.1233
kp20 run1.txt,7,-20.0,1,100.000,0.1297,0.1231
kp20 run1.txt,7,-20.0,1,101.000,0.1221,0.1229
kp20 run1.txt,7,-20.0,1,102.000,0.1181,0.1226
kp20 run1.txt,7,-20.0,1,103.000,0.1239,0.1224
kp20 run1.txt,7,-20.0,1,104.000,0.1224,0.1221
kp20 run1.txt,7,-20.0,1,105.000,0.1228,0.1217
kp20 run1.txt,7,-20.0,1,106.000,0.1203,0.1214
kp20 run1.txt,7,-20.0,1,107.000,0.1199,0.1210
kp20 run1.txt,7,-20.0,1,108.000,0.1192,0.1206
kp20 run1.txt,7,-20.0,1,109.000,0.1181,0.1202
kp20 run1.txt,7,-20.0,1,110.000,0.1210,0.1198
kp20 run1.txt,7,-20.0,1,111.000,0.1133,0.1193
kp20 run1.txt,7,-20.0,1,112.000,0.1181,0.1189
kp20 run1.txt,7,-20.0,1,113.000,0.1192,0.1184
kp20 run1.txt,7,-20.0,1,114.000,0.1159,0.1179
kp20 run1.txt,7,-20.0,1,115.000,0.1148,0.1174
kp20 run1.txt,7,-20.0,1,116.000,0.1148,0.1169
kp20 run1.txt,7,-20.0,1,117.000,0.1151,0.1164
kp20 run1.txt,7,-20.0,1,118.000,0.1162,0.1159
kp20 run1.txt,7,-20.0,1,119.000,0.1049,0.1154
kp20 run1.txt,7,-20.0,1,120.000,0.1115,0.1149
kp20 run1.txt,7,-20.0,1,121.000,0.1122,0.1144
kp20 run1.txt,7,-20.0,1,122.000,0.1104,0.1138
kp20 run1.txt,7,-20.0,1,123.000,0.1111,0.1133
kp20 run1.txt,7,-20.0,1,124.000,0.1075,0.1128
kp20 run1.txt,7,-20.0,1,125.000,0.1093,0.1123
kp20 run1.txt,7,-20.0,1,126.000,0.1068,0.1118
kp20 run1.txt,7,-20.0,1,127.000,0.1162,0.1112
kp20 run1.txt,7,-20.0,1,128.000,0.1028,0.1107
kp20 run1.txt,7,-20.0,1,129.000,0.1057,0.1102
kp20 run1.txt,7,-20.0,1,130.000,0.1046,0.1097
kp20 run1.txt,7,-20.0,1,131.000,0.1068,0.1092
kp20 run1.txt,7,-20.0,1,132.000,0.1002,0.1087
kp20 run1.txt,7,-20.0,1,133.000,0.1035,0.1082
kp20 run1.txt,7,-20.0,1,134.000,0.1035,0.1078
kp20 run1.txt,7,-20.0,1,135.000,0.1046,0.1073
kp20 run1.txt,7,-20.0,1,136.000,0.1130,0.1068
kp20 run1.txt,7,-20.0,1,137.000,0.1006,0.1064
kp20 run1.txt,7,-20.0,1,138.000,0.0896,0.1059
kp20 run1.txt,7,-20.0,1,139.000,0.0998,0.1055
kp20 run1.txt,7,-20.0,1,140.000,0.0980,0.1051
kp20 run1.txt,7,-20.0,1,141.000,0.0969,0.1047
kp20 run1.txt,7,-20.0,1,142.000,0.0980,0.1043
kp20 run1.txt,7,-20.0,1,143.000,0.0984,0.1039
kp20 run1.txt,7,-20.0,1,144.000,0.0969,0.1035
kp20 run1.txt,7,-20.0,1,145.000,0.0973,0.1031
kp20 run1.txt,7,-20.0,1,146.000,0.0962,0.1027
kp20 run1.txt,7,-20.0,1,147.000,0.0969,0.1024
kp20 run1.txt,7,-20.0,1,148.000,0.0907,0.1020
kp20 run1.txt,7,-20.0,1,149.000,0.0969,0.1017
kp20 run1.txt,7,-20.0,1,150.000,0.0969,0.1014
kp20 run1.txt,7,-20.0,1,151.000,0.0991,0.1011
kp20 run1.txt,7,-20.0,1,152.000,0.0966,0.1008
kp20 run1.txt,7,-20.0,1,153.000,0.0977,0.1005
kp20 run1.txt,7,-20.0,1,154.000,0.1009,0.1002
kp20 run1.txt,7,-20.0,1,155.000,0.0984,0.1000
kp20 run1.txt,7,-20.0,1,156.000,0.0947,0.0997
kp20 run1.txt,7,-20.0,1,157.000,0.1006,0.0995
kp20 run1.txt,7,-20.0,1,158.000,0.0896,0.0993
kp20 run1.txt,7,-20.0,1,159.000,0.0860,0.0991
kp20 run1.txt,7,-20.0,1,160.000,0.0904,0.0989
kp20 run1.txt,7,-20.0,1,161.000,0.1082,0.0987
kp20 run1.txt,7,-20.0,1,162.000,0.0955,0.0985
kp20 run1.txt,7,-20.0,1,163.000,0.0962,0.0983
kp20 run1.txt,7,-20.0,1,164.000,0.0998,0.0981
kp20 run1.txt,7,-20.0,1,165.000,0.0969,0.0980
kp20 run1.txt,7,-20.0,1,166.000,0.0925,0.0978
kp20 run1.txt,7,-20.0,1,167.000,0.0987,0.0977
kp20 run1.txt,7,-20.0,1,168.000,0.1079,0.0976
kp20 run1.txt,7,-20.0,1,169.000,0.0984,0.0975
kp20 run1.txt,7,-20.0,1,170.000,0.0969,0.0974
kp20 run1.txt,7,-20.0,1,171.000,0.0951,0.0973
kp20 run1.txt,7,-20.0,1,172.000,0.0955,0.0972
kp20 run1.txt,7,-20.0,1,173.000,0.0977,0.0971
kp20 run1.txt,7,-20.0,1,174.000,0.0962,0.0970
kp20 run1.txt,7,-20.0,1,175.000,0.0969,0.0969
kp20 run1.txt,7,-20.0,1,176.000,0.0962,0.0969
kp20 run1.txt,7,-20.0,1,177.000,0.0969,0.0968
kp20 run1.txt,7,-20.0,1,178.000,0.1013,0.0968
kp20 run1.txt,7,-20.0,1,179.000,0.0925,0.0968
kp20 run1.txt,7,-20.0,1,180.000,0.1006,0.0967
kp20 run1.txt,7,-20.0,1,181.000,0.0998,0.0967
kp20 run1.txt,7,-20.0,1,182.000,0.0969,0.0967
kp20 run1.txt,7,-20.0,1,183.000,0.0969,0.0967
kp20 run1.txt,7,-20.0,1,184.000,0.0958,0.0967
kp20 run1.txt,7,-20.0,1,185.000,0.0787,0.0967
kp20 run1.txt,7,-20.0,1,186.000,0.0925,0.0967
kp20 run1.txt,7,-20.0,1,187.000,0.0969,0.0967
kp20 run1.txt,7,-20.0,1,188.000,0.0977,0.0967
kp20 run1.txt,7,-20.0,1,189.000,0.0977,0.0967
kp20 run1.txt,7,-20.0,1,190.000,0.0977,0.0967
kp20 run1.txt,7,-20.0,1,191.000,0.0969,0.0968
kp20 run1.txt,7,-20.0,1,192.000,0.0984,0.0968
kp20 run1.txt,7,-20.0,1,193.000,0.0958,0.0968
kp20 run1.txt,7,-20.0,1,194.000,0.0969,0.0969
kp20 run1.txt,7,-20.0,1,195.000,0.0984,0.0969
kp20 run1.txt,7,-20.0,1,196.000,0.0977,0.0969
kp20 run1.txt,7,-20.0,1,197.000,0.1017,0.0970
kp20 run1.txt,7,-20.0,1,198.000,0.0969,0.0970
kp20 run1.txt,7,-20.0,1,199.000,0.0998,0.0971
kp20 run1.txt,7,-20.0,1,200.000,0.1035,0.0971
kp20 run1.txt,7,-20.0,1,201.000,0.0995,0.0972
kp20 run1.txt,7,-20.0,1,202.000,0.0998,0.0972
kp20 run1.txt,7,-20.0,1,203.000,0.1013,0.0973
kp20 run1.txt,7,-20.0,1,204.000,0.0987,0.0974
kp20 run1.txt,7,-20.0,1,205.000,0.1006,0.0974
kp20 run1.txt,7,-20.0,1,206.000,0.0812,0.0975
kp20 run1.txt,7,-20.0,1,207.000,0.0998,0.0975
kp20 run1.txt,7,-20.0,1,208.000,0.0977,0.0976
kp20 run1.txt,7,-20.0,1,209.000,0.1013,0.0977
kp20 run1.txt,7,-20.0,1,210.000,0.1013,0.0977
kp20 run1.txt,7,-20.0,1,211.000,0.0998,0.0978
kp20 run1.txt,7,-20.0,1,212.000,0.1035,0.0979
kp20 run1.txt,7,-20.0,1,213.000,0.1013,0.0979
kp20 run1.txt,7,-20.0,1,214.000,0.0973,0.0980
kp20 run1.txt,7,-20.0,1,215.000,0.0998,0.0981
kp20 run1.txt,7,-20.0,1,216.000,0.1017,0.0981
kp20 run1.txt,7,-20.0,1,217.000,0.1017,0.0982
kp20 run1.txt,7,-20.0,1,218.000,0.1035,0.0982
kp20 run1.txt,7,-20.0,1,219.000,0.1035,0.0983
kp20 run1.txt,7,-20.0,1,220.000,0.1028,0.0984
kp20 run1.txt,7,-20.0,1,221.000,0.1020,0.0984
kp20 run1.txt,7,-20.0,1,222.000,0.1009,0.0985
kp20 run1.txt,7,-20.0,1,223.000,0.1020,0.0986
kp20 run1.txt,7,-20.0,1,224.000,0.1013,0.0986
kp20 run1.txt,7,-20.0,1,225.000,0.1017,0.0987
kp20 run1.txt,7,-20.0,1,226.000,0.1013,0.0987
kp20 run1.txt,7,-20.0,1,227.000,0.1028,0.0988
kp20 run1.txt,7,-20.0,1,228.000,0.1006,0.0988
kp20 run1.txt,7,-20.0,1,229.000,0.1017,0.0989
kp20 run1.txt,7,-20.0,1,230.000,0.1017,0.0989
kp20 run1.txt,7,-20.0,1,231.000,0.1024,0.0990
kp20 run1.txt,7,-20.0,1,232.000,0.0907,0.0990
kp20 run1.txt,7,-20.0,1,233.000,0.1020,0.0991
kp20 run1.txt,7,-20.0,1,234.000,0.1020,0.0991
kp20 run1.txt,7,-20.0,1,235.000,0.0984,0.0992
kp20 run1.txt,7,-20.0,1,236.000,0.1028,0.0992
kp20 run1.txt,7,-20.0,1,237.000,0.1006,0.0993
kp20 run1.txt,7,-20.0,1,238.000,0.0947,0.0993
kp20 run1.txt,7,-20.0,1,239.000,0.1028,0.0994
kp20 run1.txt,7,-20.0,1,240.000,0.0998,0.0994
kp20 run1.txt,7,-20.0,1,241.000,0.1017,0.0994
kp20 run1.txt,7,-20.0,1,242.000,0.1017,0.0995
kp20 run1.txt,7,-20.0,1,243.000,0.1049,0.0995
kp20 run1.txt,7,-20.0,1,244.000,0.0969,0.0995
kp20 run1.txt,7,-20.0,1,245.000,0.1024,0.0996
kp20 run1.txt,7,-20.0,1,246.000,0.0987,0.0996
kp20 run1.txt,7,-20.0,1,247.000,0.1035,0.0996
kp20 run1.txt,7,-20.0,1,248.000,0.1017,0.0997
kp20 run1.txt,7,-20.0,1,249.000,0.1038,0.0997
kp20 run1.txt,7,-20.0,1,250.000,0.0969,0.0997
kp20 run1.txt,7,-20.0,1,251.000,0.0995,0.0997
kp20 run1.txt,7,-20.0,1,252.000,0.1013,0.0998
kp20 run1.txt,7,-20.0,1,253.000,0.0984,0.0998
kp20 run1.txt,7,-20.0,1,254.000,0.1046,0.0998
kp20 run1.txt,7,-20.0,1,255.000,0.1013,0.0998
kp20 run1.txt,7,-20.0,1,256.000,0.1035,0.0999
kp20 run1.txt,7,-20.0,1,257.000,0.1006,0.0999
kp20 run1.txt,7,-20.0,1,258.000,0.1035,0.0999
kp20 run1.txt,7,-20.0,1,259.000,0.1009,0.0999
kp20 run1.txt,7,-20.0,1,260.000,0.1071,0.0999
kp20 run1.txt,7,-20.0,1,261.000,0.1046,0.0999
kp20 run1.txt,7,-20.0,1,262.000,0.1108,0.0999
kp20 run1.txt,7,-20.0,1,263.000,0.1017,0.0999
kp20 run1.txt,7,-20.0,1,264.000,0.1017,0.1000
kp20 run1.txt,7,-20.0,1,265.000,0.1013,0.1000
kp20 run1.txt,7,-20.0,1,266.000,0.1020,0.1000
kp20 run1.txt,7,-20.0,1,267.000,0.0991,0.1000
kp20 run1.txt,7,-20.0,1,268.000,0.1002,0.1000
kp20 run1.txt,7,-20.0,1,269.000,0.1020,0.1000
kp20 run1.txt,7,-20.0,1,270.000,0.0998,0.1000
kp20 run1.txt,7,-20.0,1,271.000,0.1006,0.1000
kp20 run1.txt,7,-20.0,1,272.000,0.1017,0.1000
kp20 run1.txt,7,-20.0,1,273.000,0.1013,0.1000
kp20 run1.txt,7,-20.0,1,274.000,0.0998,0.1000
kp20 run1.txt,7,-20.0,1,275.000,0.0940,0.1000
kp20 run1.txt,7,-20.0,1,276.000,0.1017,0.1000
kp20 run1.txt,7,-20.0,1,277.000,0.0998,0.1000
kp20 run1.txt,7,-20.0,1,278.000,0.1009,0.1000
kp20 run1.txt,7,-20.0,1,279.000,0.1049,0.1000
kp20 run1.txt,7,-20.0,1,280.000,0.0904,0.1000
kp20 run1.txt,7,-20.0,1,281.000,0.0915,0.1000
kp20 run1.txt,7,-20.0,1,282.000,0.0991,0.1000
kp20 run1.txt,7,-20.0,1,283.000,0.1006,0.1000
kp20 run1.txt,7,-20.0,1,284.000,0.0991,0.1000
kp20 run1.txt,7,-20.0,1,285.000,0.0991,0.1000
kp20 run1.txt,7,-20.0,1,286.000,0.1020,0.1000
kp20 run1.txt,7,-20.0,1,287.000,0.0991,0.1000
kp20 run1.txt,7,-20.0,1,288.000,0.1017,0.1000
kp20 run1.txt,7,-20.0,1,289.000,0.1013,0.1000
kp20 run1.txt,7,-20.0,1,290.000,0.0980,0.0999
kp20 run1.txt,7,-20.0,1,291.000,0.1006,0.0999
kp20 run1.txt,7,-20.0,1,292.000,0.0969,0.0999
kp20 run1.txt,7,-20.0,1,293.000,0.0987,0.0999
kp20 run1.txt,7,-20.0,1,294.000,0.0998,0.0999
kp20 run1.txt,7,-20.0,1,295.000,0.0991,0.0999
kp20 run1.txt,7,-20.0,1,296.000,0.0998,0.0999
kp20 run1.txt,7,-20.0,1,297.000,0.0991,0.0999
kp20 run1.txt,7,-20.0,1,298.000,0.1009,0.0999
kp20 run1.txt,7,-20.0,1,299.000,0.0958,0.0999
kp20 run1.txt,7,-20.0,1,300.000,0.1028,0.0999
kp20 run1.txt,7,-20.0,1,301.000,0.0998,0.0999
kp20 run1.txt,7,-20.0,1,302.000,0.1028,0.0999
kp20 run1.txt,7,-20.0,1,303.000,0.1006,0.0999
kp20 run1.txt,7,-20.0,1,304.000,0.1035,0.0998
kp20 run1.txt,7,-20.0,1,305.000,0.0987,0.0998
kp20 run1.txt,7,-20.0,1,306.000,0.0984,0.0998
kp20 run1.txt,7,-20.0,1,307.000,0.0998,0.0998
kp20 run1.txt,7,-20.0,1,308.000,0.0991,0.0998
kp20 run1.txt,7,-20.0,1,309.000,0.0998,0.0998
kp20 run1.txt,7,-20.0,1,310.000,0.0962,0.0998
kp20 run1.txt,7,-20.0,1,311.000,0.1006,0.0998
kp20 run1.txt,7,-20.0,1,312.000,0.0991,0.0998
kp20 run1.txt,7,-20.0,1,313.000,0.0969,0.0998
kp20 run1.txt,7,-20.0,1,314.000,0.0995,0.0998
kp20 run1.txt,7,-20.0,1,315.000,0.0940,0.0998
kp20 run1.txt,7,-20.0,1,316.000,0.0991,0.0998
kp20 run1.txt,7,-20.0,1,317.000,0.0998,0.0997
kp20 run1.txt,7,-20.0,1,318.000,0.0984,0.0997
kp20 run1.txt,7,-20.0,1,319.000,0.0984,0.0997
kp20 run1.txt,7,-20.0,1,320.000,0.1013,0.0997
kp20 run1.txt,7,-20.0,1,321.000,0.0998,0.0997
kp20 run1.txt,7,-20.0,1,322.000,0.0984,0.0997
kp20 run1.txt,7,-20.0,1,323.000,0.0969,0.0997
kp20 run1.txt,7,-20.0,1,324.000,0.0955,0.0997
kp20 run1.txt,7,-20.0,1,325.000,0.0998,0.0997
kp20 run1.txt,7,-20.0,1,326.000,0.0984,0.0997
kp20 run1.txt,7,-20.0,1,327.000,0.0962,0.0997
kp20 run1.txt,7,-20.0,1,328.000,0.1020,0.0997
kp20 run1.txt,7,-20.0,1,329.000,0.1009,0.0997
kp20 run1.txt,7,-20.0,1,330.000,0.0969,0.0997
kp20 run1.txt,7,-20.0,1,331.000,0.1006,0.0997
kp20 run1.txt,7,-20.0,1,332.000,0.0998,0.0997
kp20 run1.txt,7,-20.0,1,333.000,0.0998,0.0997
kp20 run1.txt,7,-20.0,1,334.000,0.0991,0.0996
kp20 run1.txt,7,-20.0,1,335.000,0.0984,0.0996
kp20 run1.txt,7,-20.0,1,336.000,0.0998,0.0996
kp20 run1.txt,7,-20.0,1,337.000,0.0977,0.0996
kp20 run1.txt,7,-20.0,1,338.000,0.0984,0.0996
kp20 run1.txt,7,-20.0,1,339.000,0.0998,0.0996
kp20 run1.txt,7,-20.0,1,340.000,0.1020,0.0996
kp20 run1.txt,7,-20.0,1,341.000,0.0969,0.0996
kp20 run1.txt,7,-20.0,1,342.000,0.0998,0.0996
kp20 run1.txt,7,-20.0,1,343.000,0.0998,0.0996
kp20 run1.txt,7,-20.0,1,344.000,0.0998,0.0996
kp20 run1.txt,7,-20.0,1,345.000,0.0998,0.0996
kp20 run1.txt,7,-20.0,1,346.000,0.0984,0.0996
kp20 run1.txt,7,-20.0,1,347.000,0.0998,0.0996
kp20 run1.txt,7,-20.0,1,348.000,0.0998,0.0996
kp20 run1.txt,7,-20.0,1,349.000,0.0998,0.0996
kp20 run1.txt,7,-20.0,1,350.000,0.1006,0.0996
kp20 run1.txt,7,-20.0,1,351.000,0.0998,0.0996
kp20 run1.txt,7,-20.0,1,352.000,0.1006,0.0996
kp20 run1.txt,7,-20.0,1,353.000,0.0991,0.0996
kp20 run1.txt,7,-20.0,1,354.000,0.0933,0.0996
kp20 run1.txt,7,-20.0,1,355.000,0.1049,0.0996
kp20 run1.txt,7,-20.0,1,356.000,0.0991,0.0996
kp20 run1.txt,7,-20.0,1,357.000,0.0995,0.0996
kp20 run1.txt,7,-20.0,1,358.000,0.1017,0.0996
kp20 run1.txt,7,-20.0,1,359.000,0.1017,0.0996
kp20 run1.txt,7,-20.0,1,360.000,0.1006,0.0996
kp20 run1.txt,7,-20.0,1,361.000,0.1009,0.0996
kp20 run1.txt,7,-20.0,1,362.000,0.1006,0.0996
kp20 run1.txt,7,-20.0,1,363.000,0.0998,0.0996
kp20 run1.txt,7,-20.0,1,364.000,0.1013,0.0996
kp20 run1.txt,7,-20.0,1,365.000,0.1013,0.0996
kp20 run1.txt,7,-20.0,1,366.000,0.0947,0.0996
kp20 run1.txt,7,-20.0,1,367.000,0.1013,0.0996
kp20 run1.txt,7,-20.0,1,368.000,0.1020,0.0996
kp20 run1.txt,7,-20.0,1,369.000,0.1013,0.0996
kp20 run1.txt,7,-20.0,1,370.000,0.0998,0.0996
kp20 run1.txt,7,-20.0,1,371.000,0.0980,0.0996
kp20 run1.txt,7,-20.0,1,372.000,0.1020,0.0996
kp20 run1.txt,7,-20.0,1,373.000,0.1028,0.0996
kp20 run1.txt,7,-20.0,1,374.000,0.0958,0.0996
kp20 run1.txt,7,-20.0,1,375.000,0.0896,0.0996
kp20 run1.txt,7,-20.0,1,376.000,0.1020,0.0996
kp20 run1.txt,7,-20.0,1,377.000,0.1006,0.0996
kp20 run1.txt,7,-20.0,1,378.000,0.0991,0.0996
kp20 run1.txt,7,-20.0,1,379.000,0.0977,0.0996
kp20 run1.txt,7,-20.0,1,380.000,0.0969,0.0996
kp20 run1.txt,7,-20.0,1,381.000,0.1013,0.0996
kp20 run1.txt,7,-20.0,1,382.000,0.1006,0.0996
kp20 run1.txt,7,-20.0,1,383.000,0.0896,0.0996
kp20 run1.txt,7,-20.0,1,384.000,0.1013,0.0996
kp20 run1.txt,7,-20.0,1,385.000,0.1035,0.0996
kp20 run1.txt,7,-20.0,1,386.000,0.1038,0.0996
kp20 run1.txt,7,-20.0,1,387.000,0.1009,0.0996
kp20 run1.txt,7,-20.0,1,388.000,0.1064,0.0996
kp20 run1.txt,7,-20.0,1,389.000,0.1079,0.0996
kp20 run1.txt,7,-20.0,1,390.000,0.1028,0.0996
kp20 run1.txt,7,-20.0,1,391.000,0.0998,0.0996
kp20 run1.txt,7,-20.0,1,392.000,0.1020,0.0996
kp20 run1.txt,7,-20.0,1,393.000,0.0973,0.0996
kp20 run1.txt,7,-20.0,1,394.000,0.1017,0.0996
kp20 run1.txt,7,-20.0,1,395.000,0.1020,0.0996
kp20 run1.txt,7,-20.0,1,396.000,0.1108,0.0996
kp20 run1.txt,7,-20.0,1,397.000,0.1006,0.0996
kp20 run1.txt,7,-20.0,1,398.000,0.1017,0.0996
kp20 run1.txt,7,-20.0,1,399.000,0.1024,0.0996
kp20 run1.txt,7,-20.0,1,400.000,0.1006,0.0996
kp20 run1.txt,7,-20.0,1,401.000,0.1017,0.0996
kp20 run1.txt,7,-20.0,1,402.000,0.1035,0.0996
kp20 run1.txt,7,-20.0,1,403.000,0.0936,0.0996
kp20 run1.txt,7,-20.0,1,404.000,0.1020,0.0996
kp20 run1.txt,7,-20.0,1,405.000,0.0998,0.0996
kp20 run1.txt,7,-20.0,1,406.000,0.0998,0.0996
kp20 run1.txt,7,-20.0,1,407.000,0.1013,0.0996
kp20 run1.txt,7,-20.0,1,408.000,0.1028,0.0996
kp20 run1.txt,7,-20.0,1,409.000,0.0998,0.0996
kp20 run1.txt,7,-20.0,1,410.000,0.1009,0.0996
kp20 run1.txt,7,-20.0,1,411.000,0.0969,0.0996
kp20 run1.txt,7,-20.0,1,412.000,0.1006,0.0996
kp20 run1.txt,7,-20.0,1,413.000,0.1035,0.0996
kp20 run1.txt,7,-20.0,1,414.000,0.1020,0.0996
kp20 run1.txt,7,-20.0,1,415.000,0.0998,0.0996
kp20 run1.txt,7,-20.0,1,416.000,0.1009,0.0996
kp20 run1.txt,7,-20.0,1,417.000,0.1035,0.0996
kp20 run1.txt,7,-20.0,1,418.000,0.1057,0.0996
kp20 run1.txt,7,-20.0,1,419.000,0.1006,0.0996
kp20 run1.txt,7,-20.0,1,420.000,0.1020,0.0996
kp20 run1.txt,7,-20.0,1,421.000,0.1013,0.0996
kp20 run1.txt,7,-20.0,1,422.000,0.0991,0.0996
kp20 run1.txt,7,-20.0,1,423.000,0.1013,0.0996
kp20 run1.txt,7,-20.0,1,424.000,0.1009,0.0996
kp20 run1.txt,7,-20.0,1,425.000,0.0991,0.0996
kp20 run1.txt,7,-20.0,1,426.000,0.1006,0.0996
kp20 run1.txt,7,-20.0,1,427.000,0.1020,0.0996
kp20 run1.txt,7,-20.0,1,428.000,0.1024,0.0996
kp20 run1.txt,7,-20.0,1,429.000,0.1049,0.0996
kp20 run1.txt,7,-20.0,1,430.000,0.1013,0.0996
kp20 run1.txt,7,-20.0,1,431.000,0.1028,0.0996
kp20 run1.txt,7,-20.0,1,432.000,0.1006,0.0996
kp20 run1.txt,7,-20.0,1,433.000,0.1006,0.0996
kp20 run1.txt,7,-20.0,1,434.000,0.1009,0.0996
kp20 run1.txt,7,-20.0,1,435.000,0.1006,0.0996
kp20 run1.txt,7,-20.0,1,436.000,0.0998,0.0996
kp20 run1.txt,7,-20.0,1,437.000,0.0933,0.0996
kp20 run1.txt,7,-20.0,1,438.000,0.1013,0.0996
kp20 run1.txt,7,-20.0,1,439.000,0.0984,0.0996
kp20 run1.txt,7,-20.0,1,440.000,0.1017,0.0996
kp20 run1.txt,7,-20.0,1,441.000,0.0998,0.0996
kp20 run1.txt,7,-20.0,1,442.000,0.1020,0.0996
kp20 run1.txt,7,-20.0,1,443.000,0.1006,0.0996
kp20 run1.txt,7,-20.0,1,444.000,0.0991,0.0996
kp20 run1.txt,7,-20.0,1,445.000,0.0987,0.0996
kp20 run1.txt,7,-20.0,1,446.000,0.1046,0.0996
kp20 run1.txt,7,-20.0,1,447.000,0.1057,0.0996
kp20 run1.txt,7,-20.0,1,448.000,0.0987,0.0996
kp20 run1.txt,7,-20.0,1,449.000,0.0977,0.0996
kp20 run1.txt,7,-20.0,1,450.000,0.0998,0.0996
kp20 run1.txt,7,-20.0,1,451.000,0.1020,0.0996
kp20 run1.txt,7,-20.0,1,452.000,0.0853,0.0996
kp20 run1.txt,7,-20.0,1,453.000,0.1024,0.0996
kp20 run1.txt,7,-20.0,1,454.000,0.0969,0.0996
kp20 run1.txt,7,-20.0,1,455.000,0.0998,0.0996
kp20 run1.txt,7,-20.0,1,456.000,0.0995,0.0996
kp20 run1.txt,7,-20.0,1,457.000,0.0984,0.0996
kp20 run1.txt,7,-20.0,1,458.000,0.0987,0.0996
kp20 run1.txt,7,-20.0,1,459.000,0.0998,0.0996
kp20 run1.txt,7,-20.0,1,460.000,0.0969,0.0996
kp20 run1.txt,7,-20.0,1,461.000,0.1006,0.0996
kp20 run1.txt,7,-20.0,1,462.000,0.0958,0.0996
kp20 run1.txt,7,-20.0,1,463.000,0.0998,0.0996
kp20 run1.txt,7,-20.0,1,464.000,0.0969,0.0996
kp20 run1.txt,7,-20.0,1,465.000,0.1006,0.0996
kp20 run1.txt,7,-20.0,1,466.000,0.1009,0.0996
kp20 run1.txt,7,-20.0,1,467.000,0.1115,0.0996
kp20 run1.txt,7,-20.0,1,468.000,0.0969,0.0996
kp20 run1.txt,7,-20.0,1,469.000,0.0987,0.0996
kp20 run1.txt,7,-20.0,1,470.000,0.0955,0.0996
kp20 run1.txt,7,-20.0,1,471.000,0.0998,0.0996
kp20 run1.txt,7,-20.0,1,472.000,0.1020,0.0996
kp20 run1.txt,7,-20.0,1,473.000,0.0991,0.0996
kp20 run1.txt,7,-20.0,1,474.000,0.0998,0.0996
kp20 run1.txt,7,-20.0,1,475.000,0.0998,0.0996
kp20 run1.txt,7,-20.0,1,476.000,0.1013,0.0996
kp20 run1.txt,7,-20.0,1,477.000,0.0984,0.0996
kp20 run1.txt,7,-20.0,1,478.000,0.0998,0.0996
kp20 run1.txt,7,-20.0,1,479.000,0.0991,0.0996
kp20 run1.txt,7,-20.0,1,480.000,0.0991,0.0996
kp20 run1.txt,7,-20.0,1,481.000,0.1006,0.0996
kp20 run1.txt,7,-20.0,1,482.000,0.0991,0.0996
kp20 run1.txt,7,-20.0,1,483.000,0.0998,0.0996
kp20 run1.txt,7,-20.0,1,484.000,0.0958,0.0996
kp20 run1.txt,7,-20.0,1,485.000,0.0987,0.0996
kp20 run1.txt,7,-20.0,1,486.000,0.1006,0.0996
kp20 run1.txt,7,-20.0,1,487.000,0.0969,0.0996
kp20 run1.txt,7,-20.0,1,488.000,0.0947,0.0996
kp20 run1.txt,7,-20.0,1,489.000,0.1108,0.0996
kp20 run1.txt,7,-20.0,1,490.000,0.1009,0.0996
kp20 run1.txt,7,-20.0,1,491.000,0.0987,0.0996
kp20 run1.txt,7,-20.0,1,492.000,0.0998,0.0996
kp20 run1.txt,7,-20.0,1,493.000,0.1002,0.0996
kp20 run1.txt,7,-20.0,1,494.000,0.0962,0.0996
kp20 run1.txt,7,-20.0,1,495.000,0.0900,0.0996
kp20 run1.txt,7,-20.0,1,496.000,0.0987,0.0996
kp20 run1.txt,7,-20.0,1,497.000,0.0998,0.0996
kp20 run1.txt,7,-20.0,1,498.000,0.1006,0.0996
kp20 run1.txt,7,-20.0,1,499.000,0.0987,0.0996
kp20 run1.txt,7,-20.0,1,500.000,0.0882,0.0996
kp20 run1.txt,7,-20.0,1,501.000,0.0991,0.0996
kp20 run1.txt,7,-20.0,1,502.000,0.0955,0.0996
kp20 run1.txt,7,-20.0,1,503.000,0.1013,0.0996
kp20 run1.txt,7,-20.0,1,504.000,0.0984,0.0996
kp20 run1.txt,7,-20.0,1,505.000,0.1020,0.0996
kp20 run1.txt,7,-20.0,1,506.000,0.1013,0.0996
kp20 run1.txt,7,-20.0,1,507.000,0.0969,0.0996
kp20 run1.txt,7,-20.0,1,508.000,0.0962,0.0996
kp20 run1.txt,7,-20.0,1,509.000,0.1006,0.0996
kp20 run1.txt,7,-20.0,1,510.000,0.0987,0.0996
kp20 run1.txt,7,-20.0,1,511.000,0.0966,0.0996
kp20 run1.txt,7,-20.0,1,512.000,0.0947,0.0996
kp20 run1.txt,7,-20.0,1,513.000,0.1028,0.0996
kp20 run1.txt,7,-20.0,1,514.000,0.1028,0.0996
kp20 run1.txt,7,-20.0,1,515.000,0.0987,0.0996
kp20 run1.txt,7,-20.0,1,516.000,0.0987,0.0996
kp20 run1.txt,7,-20.0,1,517.000,0.0991,0.0996
kp20 run1.txt,7,-20.0,1,518.000,0.0969,0.0996
kp20 run1.txt,7,-20.0,1,519.000,0.1020,0.0996
kp20 run1.txt,7,-20.0,1,520.000,0.0991,0.0996
kp20 run1.txt,7,-20.0,1,521.000,0.1009,0.0996
kp20 run1.txt,7,-20.0,1,522.000,0.0991,0.0996
kp20 run1.txt,7,-20.0,1,523.000,0.0991,0.0996
kp20 run1.txt,7,-20.0,1,524.000,0.0991,0.0996
kp20 run1.txt,7,-20.0,1,525.000,0.0977,0.0996
kp20 run1.txt,7,-20.0,1,526.000,0.0998,0.0996
kp20 run1.txt,7,-20.0,1,527.000,0.1006,0.0996
kp20 run1.txt,7,-20.0,1,528.000,0.0998,0.0996
kp20 run1.txt,7,-20.0,1,529.000,0.1006,0.0996
kp20 run1.txt,7,-20.0,1,530.000,0.1046,0.0996
kp20 run1.txt,7,-20.0,1,531.000,0.0998,0.0996
kp20 run1.txt,7,-20.0,1,532.000,0.0998,0.0996
kp20 run1.txt,7,-20.0,1,533.000,0.0987,0.0996
kp20 run1.txt,7,-20.0,1,534.000,0.0991,0.0996
kp20 run1.txt,7,-20.0,1,535.000,0.0991,0.0996
kp20 run1.txt,7,-20.0,1,536.000,0.1057,0.0996
kp20 run1.txt,7,-20.0,1,537.000,0.0991,0.0996
kp20 run1.txt,7,-20.0,1,538.000,0.0969,0.0996
kp20 run1.txt,7,-20.0,1,539.000,0.0998,0.0996
kp20 run1.txt,7,-20.0,1,540.000,0.0977,0.0996
kp20 run1.txt,7,-20.0,1,541.000,0.1006,0.0996
kp20 run1.txt,7,-20.0,1,542.000,0.0984,0.0996
kp20 run1.txt,7,-20.0,1,543.000,0.1006,0.0996
kp20 run1.txt,7,-20.0,1,544.000,0.1013,0.0996
kp20 run1.txt,7,-20.0,1,545.000,0.1049,0.0996
kp20 run1.txt,7,-20.0,1,546.000,0.1020,0.0996
kp20 run1.txt,7,-20.0,1,547.000,0.0998,0.0996
kp20 run1.txt,7,-20.0,1,548.000,0.0998,0.0996
kp20 run1.txt,7,-20.0,1,549.000,0.1024,0.0996
kp20 run1.txt,7,-20.0,1,550.000,0.0991,0.0996
kp20 run1.txt,7,-20.0,1,551.000,0.0987,0.0996
kp20 run1.txt,7,-20.0,1,552.000,0.0998,0.0996
kp20 run1.txt,7,-20.0,1,553.000,0.0998,0.0996
kp20 run1.txt,7,-20.0,1,554.000,0.1013,0.0996
kp20 run1.txt,7,-20.0,1,555.000,0.0998,0.0996
kp20 run1.txt,7,-20.0,1,556.000,0.0991,0.0996
kp20 run1.txt,7,-20.0,1,557.000,0.0998,0.0996
kp20 run1.txt,7,-20.0,1,558.000,0.1013,0.0996
kp20 run1.txt,7,-20.0,1,559.000,0.0969,0.0996
kp20 run1.txt,7,-20.0,1,560.000,0.0998,0.0996
kp20 run1.txt,7,-20.0,1,561.000,0.0987,0.0996
kp20 run1.txt,7,-20.0,1,562.000,0.0991,0.0996
kp20 run1.txt,7,-20.0,1,563.000,0.1006,0.0996
kp20 run1.txt,7,-20.0,1,564.000,0.1006,0.0996
kp20 run1.txt,7,-20.0,1,565.000,0.1250,0.0996
kp20 run1.txt,7,-20.0,1,566.000,0.0984,0.0996
kp20 run1.txt,7,-20.0,1,567.000,0.0991,0.0996
kp20 run1.txt,7,-20.0,1,568.000,0.0995,0.0996
kp20 run1.txt,7,-20.0,1,569.000,0.0991,0.0996
kp20 run1.txt,7,-20.0,1,570.000,0.1006,0.0996
kp20 run1.txt,7,-20.0,1,571.000,0.0940,0.0996
kp20 run1.txt,7,-20.0,1,572.000,0.0991,0.0996
kp20 run1.txt,7,-20.0,1,573.000,0.1006,0.0996
kp20 run1.txt,7,-20.0,1,574.000,0.1035,0.0996
kp20 run1.txt,7,-20.0,1,575.000,0.0987,0.0996
kp20 run1.txt,7,-20.0,1,576.000,0.0987,0.0996
kp20 run1.txt,7,-20.0,1,577.000,0.0991,0.0996
kp20 run1.txt,7,-20.0,1,578.000,0.1024,0.0996
kp20 run1.txt,7,-20.0,1,579.000,0.1006,0.0996
kp20 run1.txt,7,-20.0,1,580.000,0.0987,0.0996
kp20 run1.txt,7,-20.0,1,581.000,0.0998,0.0996
kp20 run1.txt,7,-20.0,1,582.000,0.0998,0.0996
kp20 run1.txt,7,-20.0,1,583.000,0.0991,0.0996
kp20 run1.txt,7,-20.0,1,584.000,0.1006,0.0996
kp20 run1.txt,7,-20.0,1,585.000,0.0929,0.0996
kp20 run1.txt,7,-20.0,1,586.000,0.0977,0.0996
kp20 run1.txt,7,-20.0,1,587.000,0.0998,0.0996
kp20 run1.txt,7,-20.0,1,588.000,0.0991,0.0996
kp20 run1.txt,7,-20.0,1,589.000,0.0998,0.0996
kp20 run1.txt,7,-20.0,1,590.000,0.0998,0.0996
kp20 run1.txt,7,-20.0,1,591.000,0.0991,0.0996
kp20 run1.txt,7,-20.0,1,592.000,0.0991,0.0996
kp20 run1.txt,7,-20.0,1,593.000,0.0998,0.0996
kp20 run1.txt,7,-20.0,1,594.000,0.0991,0.0996
kp20 run1.txt,7,-20.0,1,595.000,0.0977,0.0996
kp20 run1.txt,7,-20.0,1,596.000,0.0998,0.0996
kp20 run1.txt,7,-20.0,1,597.000,0.1017,0.0996
kp20 run1.txt,7,-20.0,1,598.000,0.1020,0.0996
kp20 run1.txt,7,-20.0,1,599.000,0.1020,0.0996
kp20 run1.txt,8,-20.0,-1,0.000,0.0998,0.0993
kp20 run1.txt,8,-20.0,-1,1.000,0.0984,0.0993
kp20 run1.txt,8,-20.0,-1,2.000,0.0998,0.0993
kp20 run1.txt,8,-20.0,-1,3.000,0.1035,0.0991
kp20 run1.txt,8,-20.0,-1,4.000,0.1028,0.0986
kp20 run1.txt,8,-20.0,-1,5.000,0.0984,0.0978
kp20 run1.txt,8,-20.0,-1,6.000,0.0947,0.0966
kp20 run1.txt,8,-20.0,-1,7.000,0.0940,0.0952
kp20 run1.txt,8,-20.0,-1,8.000,0.0933,0.0935
kp20 run1.txt,8,-20.0,-1,9.000,0.0853,0.0915
kp20 run1.txt,8,-20.0,-1,10.000,0.0896,0.0894
kp20 run1.txt,8,-20.0,-1,11.000,0.0874,0.0869
kp20 run1.txt,8,-20.0,-1,12.000,0.0838,0.0843
kp20 run1.txt,8,-20.0,-1,13.000,0.0736,0.0815
kp20 run1.txt,8,-20.0,-1,14.000,0.0765,0.0785
kp20 run1.txt,8,-20.0,-1,15.000,0.0721,0.0753
kp20 run1.txt,8,-20.0,-1,16.000,0.0729,0.0720
kp20 run1.txt,8,-20.0,-1,17.000,0.0689,0.0685
kp20 run1.txt,8,-20.0,-1,18.000,0.0648,0.0649
kp20 run1.txt,8,-20.0,-1,19.000,0.0583,0.0612
kp20 run1.txt,8,-20.0,-1,20.000,0.0678,0.0574
kp20 run1.txt,8,-20.0,-1,21.000,0.0532,0.0535
kp20 run1.txt,8,-20.0,-1,22.000,0.0597,0.0495
kp20 run1.txt,8,-20.0,-1,23.000,0.0481,0.0454
kp20 run1.txt,8,-20.0,-1,24.000,0.0499,0.0413
kp20 run1.txt,8,-20.0,-1,25.000,0.0488,0.0371
kp20 run1.txt,8,-20.0,-1,26.000,0.0459,0.0328
kp20 run1.txt,8,-20.0,-1,27.000,0.0320,0.0286
kp20 run1.txt,8,-20.0,-1,28.000,0.0277,0.0243
kp20 run1.txt,8,-20.0,-1,29.000,0.0240,0.0199
kp20 run1.txt,8,-20.0,-1,30.000,0.0153,0.0156
kp20 run1.txt,8,-20.0,-1,31.000,0.0124,0.0113
kp20 run1.txt,8,-20.0,-1,32.000,0.0083,0.0070
kp20 run1.txt,8,-20.0,-1,33.000,0.0102,0.0026
kp20 run1.txt,8,-20.0,-1,34.000,0.0007,-0.0016
kp20 run1.txt,8,-20.0,-1,35.000,-0.0030,-0.0059
kp20 run1.txt,8,-20.0,-1,36.000,-0.0092,-0.0101
kp20 run1.txt,8,-20.0,-1,37.000,-0.0121,-0.0143
kp20 run1.txt,8,-20.0,-1,38.000,-0.0161,-0.0185
kp20 run1.txt,8,-20.0,-1,39.000,-0.0226,-0.0226
kp20 run1.txt,8,-20.0,-1,40.000,-0.0237,-0.0266
kp20 run1.txt,8,-20.0,-1,41.000,-0.0270,-0.0306
kp20 run1.txt,8,-20.0,-1,42.000,-0.0321,-0.0346
kp20 run1.txt,8,-20.0,-1,43.000,-0.0358,-0.0384
kp20 run1.txt,8,-20.0,-1,44.000,-0.0518,-0.0422
kp20 run1.txt,8,-20.0,-1,45.000,-0.0431,-0.0459
kp20 run1.txt,8,-20.0,-1,46.000,-0.0496,-0.0496
kp20 run1.txt,8,-20.0,-1,47.000,-0.0416,-0.0532
kp20 run1.txt,8,-20.0,-1,48.000,-0.0569,-0.0566
kp20 run1.txt,8,-20.0,-1,49.000,-0.0642,-0.0600
kp20 run1.txt,8,-20.0,-1,50.000,-0.0616,-0.0634
kp20 run1.txt,8,-20.0,-1,51.000,-0.0664,-0.0666
kp20 run1.txt,8,-20.0,-1,52.000,-0.0693,-0.0697
kp20 run1.txt,8,-20.0,-1,53.000,-0.0711,-0.0728
kp20 run1.txt,8,-20.0,-1,54.000,-0.0722,-0.0758
kp20 run1.txt,8,-20.0,-1,55.000,-0.0780,-0.0786
kp20 run1.txt,8,-20.0,-1,56.000,-0.0810,-0.0814
kp20 run1.txt,8,-20.0,-1,57.000,-0.0842,-0.0841
kp20 run1.txt,8,-20.0,-1,58.000,-0.0868,-0.0867
kp20 run1.txt,8,-20.0,-1,59.000,-0.0897,-0.0892
kp20 run1.txt,8,-20.0,-1,60.000,-0.0992,-0.0916
kp20 run1.txt,8,-20.0,-1,61.000,-0.0963,-0.0939
kp20 run1.txt,8,-20.0,-1,62.000,-0.0934,-0.0961
kp20 run1.txt,8,-20.0,-1,63.000,-0.0985,-0.0982
kp20 run1.txt,8,-20.0,-1,64.000,-0.1006,-0.1002
kp20 run1.txt,8,-20.0,-1,65.000,-0.1028,-0.1022
kp20 run1.txt,8,-20.0,-1,66.000,-0.1050,-0.1040
kp20 run1.txt,8,-20.0,-1,67.000,-0.1072,-0.1058
kp20 run1.txt,8,-20.0,-1,68.000,-0.1112,-0.1074
kp20 run1.txt,8,-20.0,-1,69.000,-0.1130,-0.1090
kp20 run1.txt,8,-20.0,-1,70.000,-0.1123,-0.1105
kp20 run1.txt,8,-20.0,-1,71.000,-0.1050,-0.1119
kp20 run1.txt,8,-20.0,-1,72.000,-0.1138,-0.1132
kp20 run1.txt,8,-20.0,-1,73.000,-0.1189,-0.1145
kp20 run1.txt,8,-20.0,-1,74.000,-0.1181,-0.1156
kp20 run1.txt,8,-20.0,-1,75.000,-0.1189,-0.1167
kp20 run1.txt,8,-20.0,-1,76.000,-0.1298,-0.1177
kp20 run1.txt,8,-20.0,-1,77.000,-0.1211,-0.1187
kp20 run1.txt,8,-20.0,-1,78.000,-0.1189,-0.1195
kp20 run1.txt,8,-20.0,-1,79.000,-0.1207,-0.1203
kp20 run1.txt,8,-20.0,-1,80.000,-0.1200,-0.1210
kp20 run1.txt,8,-20.0,-1,81.000,-0.1222,-0.1217
kp20 run1.txt,8,-20.0,-1,82.000,-0.1225,-0.1223
kp20 run1.txt,8,-20.0,-1,83.000,-0.1232,-0.1228
kp20 run1.txt,8,-20.0,-1,84.000,-0.1222,-0.1232
kp20 run1.txt,8,-20.0,-1,85.000,-0.1240,-0.1236
kp20 run1.txt,8,-20.0,-1,86.000,-0.1225,-0.1240
kp20 run1.txt,8,-20.0,-1,87.000,-0.1240,-0.1243
kp20 run1.txt,8,-20.0,-1,88.000,-0.1247,-0.1245
kp20 run1.txt,8,-20.0,-1,89.000,-0.1276,-0.1247
kp20 run1.txt,8,-20.0,-1,90.000,-0.1247,-0.1248
kp20 run1.txt,8,-20.0,-1,91.000,-0.1254,-0.1249
kp20 run1.txt,8,-20.0,-1,92.000,-0.1247,-0.1249
kp20 run1.txt,8,-20.0,-1,93.000,-0.1240,-0.1249
kp20 run1.txt,8,-20.0,-1,94.000,-0.1229,-0.1249
kp20 run1.txt,8,-20.0,-1,95.000,-0.1284,-0.1248
kp20 run1.txt,8,-20.0,-1,96.000,-0.1225,-0.1246
kp20 run1.txt,8,-20.0,-1,97.000,-0.1247,-0.1245
kp20 run1.txt,8,-20.0,-1,98.000,-0.1181,-0.1243
kp20 run1.txt,8,-20.0,-1,99.000,-0.1269,-0.1241
kp20 run1.txt,8,-20.0,-1,100.000,-0.1225,-0.1238
kp20 run1.txt,8,-20.0,-1,101.000,-0.1254,-0.1235
kp20 run1.txt,8,-20.0,-1,102.000,-0.1232,-0.1232
kp20 run1.txt,8,-20.0,-1,103.000,-0.1218,-0.1229
kp20 run1.txt,8,-20.0,-1,104.000,-0.1232,-0.1225
kp20 run1.txt,8,-20.0,-1,105.000,-0.1262,-0.1221
kp20 run1.txt,8,-20.0,-1,106.000,-0.1305,-0.1217
kp20 run1.txt,8,-20.0,-1,107.000,-0.1211,-0.1213
kp20 run1.txt,8,-20.0,-1,108.000,-0.1189,-0.1209
kp20 run1.txt,8,-20.0,-1,109.000,-0.1232,-0.1204
kp20 run1.txt,8,-20.0,-1,110.000,-0.1229,-0.1199
kp20 run1.txt,8,-20.0,-1,111.000,-0.1189,-0.1195
kp20 run1.txt,8,-20.0,-1,112.000,-0.1181,-0.1190
kp20 run1.txt,8,-20.0,-1,113.000,-0.1181,-0.1185
kp20 run1.txt,8,-20.0,-1,114.000,-0.1167,-0.1180
kp20 run1.txt,8,-20.0,-1,115.000,-0.1145,-0.1174
kp20 run1.txt,8,-20.0,-1,116.000,-0.1152,-0.1169
kp20 run1.txt,8,-20.0,-1,117.000,-0.1167,-0.1164
kp20 run1.txt,8,-20.0,-1,118.000,-0.1130,-0.1159
kp20 run1.txt,8,-20.0,-1,119.000,-0.1116,-0.1153
kp20 run1.txt,8,-20.0,-1,120.000,-0.1123,-0.1148
kp20 run1.txt,8,-20.0,-1,121.000,-0.1130,-0.1143
kp20 run1.txt,8,-20.0,-1,122.000,-0.1123,-0.1137
kp20 run1.txt,8,-20.0,-1,123.000,-0.1079,-0.1132
kp20 run1.txt,8,-20.0,-1,124.000,-0.1349,-0.1127
kp20 run1.txt,8,-20.0,-1,125.000,-0.1050,-0.1121
kp20 run1.txt,8,-20.0,-1,126.000,-0.0937,-0.1116
kp20 run1.txt,8,-20.0,-1,127.000,-0.1065,-0.1111
kp20 run1.txt,8,-20.0,-1,128.000,-0.1054,-0.1106
kp20 run1.txt,8,-20.0,-1,129.000,-0.1094,-0.1101
kp20 run1.txt,8,-20.0,-1,130.000,-0.1054,-0.1096
kp20 run1.txt,8,-20.0,-1,131.000,-0.1043,-0.1091
kp20 run1.txt,8,-20.0,-1,132.000,-0.1025,-0.1086
kp20 run1.txt,8,-20.0,-1,133.000,-0.1021,-0.1081
kp20 run1.txt,8,-20.0,-1,134.000,-0.1021,-0.1076
kp20 run1.txt,8,-20.0,-1,135.000,-0.1028,-0.1072
kp20 run1.txt,8,-20.0,-1,136.000,-0.1021,-0.1067
kp20 run1.txt,8,-20.0,-1,137.000,-0.1006,-0.1063
kp20 run1.txt,8,-20.0,-1,138.000,-0.1021,-0.1058
kp20 run1.txt,8,-20.0,-1,139.000,-0.0992,-0.1054
kp20 run1.txt,8,-20.0,-1,140.000,-0.0992,-0.1050
kp20 run1.txt,8,-20.0,-1,141.000,-0.1014,-0.1046
kp20 run1.txt,8,-20.0,-1,142.000,-0.0992,-0.1042
kp20 run1.txt,8,-20.0,-1,143.000,-0.0970,-0.1038
kp20 run1.txt,8,-20.0,-1,144.000,-0.0966,-0.1034
kp20 run1.txt,8,-20.0,-1,145.000,-0.0999,-0.1031
kp20 run1.txt,8,-20.0,-1,146.000,-0.0977,-0.1027
kp20 run1.txt,8,-20.0,-1,147.000,-0.0996,-0.1024
kp20 run1.txt,8,-20.0,-1,148.000,-0.0963,-0.1021
kp20 run1.txt,8,-20.0,-1,149.000,-0.0948,-0.1018
kp20 run1.txt,8,-20.0,-1,150.000,-0.0963,-0.1015
kp20 run1.txt,8,-20.0,-1,151.000,-0.0948,-0.1012
kp20 run1.txt,8,-20.0,-1,152.000,-0.0941,-0.1009
kp20 run1.txt,8,-20.0,-1,153.000,-0.0948,-0.1006
kp20 run1.txt,8,-20.0,-1,154.000,-0.0934,-0.1004
kp20 run1.txt,8,-20.0,-1,155.000,-0.0846,-0.1001
kp20 run1.txt,8,-20.0,-1,156.000,-0.1036,-0.0999
kp20 run1.txt,8,-20.0,-1,157.000,-0.0970,-0.0997
kp20 run1.txt,8,-20.0,-1,158.000,-0.0970,-0.0995
kp20 run1.txt,8,-20.0,-1,159.000,-0.0985,-0.0993
kp20 run1.txt,8,-20.0,-1,160.000,-0.0948,-0.0991
kp20 run1.txt,8,-20.0,-1,161.000,-0.0977,-0.0989
kp20 run1.txt,8,-20.0,-1,162.000,-0.1043,-0.0987
kp20 run1.txt,8,-20.0,-1,163.000,-0.0959,-0.0986
kp20 run1.txt,8,-20.0,-1,164.000,-0.0963,-0.0984
kp20 run1.txt,8,-20.0,-1,165.000,-0.0937,-0.0983
kp20 run1.txt,8,-20.0,-1,166.000,-0.0955,-0.0982
kp20 run1.txt,8,-20.0,-1,167.000,-0.0934,-0.0980
kp20 run1.txt,8,-20.0,-1,168.000,-0.0941,-0.0979
kp20 run1.txt,8,-20.0,-1,169.000,-0.0985,-0.0978
kp20 run1.txt,8,-20.0,-1,170.000,-0.0941,-0.0977
kp20 run1.txt,8,-20.0,-1,171.000,-0.0970,-0.0977
kp20 run1.txt,8,-20.0,-1,172.000,-0.0963,-0.0976
kp20 run1.txt,8,-20.0,-1,173.000,-0.0934,-0.0975
kp20 run1.txt,8,-20.0,-1,174.000,-0.0966,-0.0975
kp20 run1.txt,8,-20.0,-1,175.000,-0.0937,-0.0974
kp20 run1.txt,8,-20.0,-1,176.000,-0.0974,-0.0974
kp20 run1.txt,8,-20.0,-1,177.000,-0.0963,-0.0973
kp20 run1.txt,8,-20.0,-1,178.000,-0.0977,-0.0973
kp20 run1.txt,8,-20.0,-1,179.000,-0.0955,-0.0973
kp20 run1.txt,8,-20.0,-1,180.000,-0.0963,-0.0973
kp20 run1.txt,8,-20.0,-1,181.000,-0.0970,-0.0972
kp20 run1.txt,8,-20.0,-1,182.000,-0.0970,-0.0972
kp20 run1.txt,8,-20.0,-1,183.000,-0.0985,-0.0972
kp20 run1.txt,8,-20.0,-1,184.000,-0.0977,-0.0972
kp20 run1.txt,8,-20.0,-1,185.000,-0.0985,-0.0972
kp20 run1.txt,8,-20.0,-1,186.000,-0.1072,-0.0973
kp20 run1.txt,8,-20.0,-1,187.000,-0.0977,-0.0973
kp20 run1.txt,8,-20.0,-1,188.000,-0.0992,-0.0973
kp20 run1.txt,8,-20.0,-1,189.000,-0.0977,-0.0973
kp20 run1.txt,8,-20.0,-1,190.000,-0.0999,-0.0974
kp20 run1.txt,8,-20.0,-1,191.000,-0.0941,-0.0974
kp20 run1.txt,8,-20.0,-1,192.000,-0.1006,-0.0974
kp20 run1.txt,8,-20.0,-1,193.000,-0.1014,-0.0975
kp20 run1.txt,8,-20.0,-1,194.000,-0.1021,-0.0975
kp20 run1.txt,8,-20.0,-1,195.000,-0.0992,-0.0976
kp20 run1.txt,8,-20.0,-1,196.000,-0.0996,-0.0976
kp20 run1.txt,8,-20.0,-1,197.000,-0.1006,-0.0977
kp20 run1.txt,8,-20.0,-1,198.000,-0.1021,-0.0977
kp20 run1.txt,8,-20.0,-1,199.000,-0.0996,-0.0978
kp20 run1.txt,8,-20.0,-1,200.000,-0.0985,-0.0978
kp20 run1.txt,8,-20.0,-1,201.000,-0.1025,-0.0979
kp20 run1.txt,8,-20.0,-1,202.000,-0.0996,-0.0979
kp20 run1.txt,8,-20.0,-1,203.000,-0.1050,-0.0980
kp20 run1.txt,8,-20.0,-1,204.000,-0.1254,-0.0981
kp20 run1.txt,8,-20.0,-1,205.000,-0.1065,-0.0981
kp20 run1.txt,8,-20.0,-1,206.000,-0.1021,-0.0982
kp20 run1.txt,8,-20.0,-1,207.000,-0.1014,-0.0983
kp20 run1.txt,8,-20.0,-1,208.000,-0.1021,-0.0983
kp20 run1.txt,8,-20.0,-1,209.000,-0.1043,-0.0984
kp20 run1.txt,8,-20.0,-1,210.000,-0.1006,-0.0985
kp20 run1.txt,8,-20.0,-1,211.000,-0.0999,-0.0985
kp20 run1.txt,8,-20.0,-1,212.000,-0.1014,-0.0986
kp20 run1.txt,8,-20.0,-1,213.000,-0.1014,-0.0987
kp20 run1.txt,8,-20.0,-1,214.000,-0.0977,-0.0987
kp20 run1.txt,8,-20.0,-1,215.000,-0.1028,-0.0988
kp20 run1.txt,8,-20.0,-1,216.000,-0.1014,-0.0988
kp20 run1.txt,8,-20.0,-1,217.000,-0.0999,-0.0989
kp20 run1.txt,8,-20.0,-1,218.000,-0.1036,-0.0990
kp20 run1.txt,8,-20.0,-1,219.000,-0.1036,-0.0990
kp20 run1.txt,8,-20.0,-1,220.000,-0.0977,-0.0991
kp20 run1.txt,8,-20.0,-1,221.000,-0.1021,-0.0992
kp20 run1.txt,8,-20.0,-1,222.000,-0.1003,-0.0992
kp20 run1.txt,8,-20.0,-1,223.000,-0.1050,-0.0993
kp20 run1.txt,8,-20.0,-1,224.000,-0.1028,-0.0993
kp20 run1.txt,8,-20.0,-1,225.000,-0.0970,-0.0994
kp20 run1.txt,8,-20.0,-1,226.000,-0.1010,-0.0995
kp20 run1.txt,8,-20.0,-1,227.000,-0.0948,-0.0995
kp20 run1.txt,8,-20.0,-1,228.000,-0.0999,-0.0996
kp20 run1.txt,8,-20.0,-1,229.000,-0.0992,-0.0996
kp20 run1.txt,8,-20.0,-1,230.000,-0.0992,-0.0997
kp20 run1.txt,8,-20.0,-1,231.000,-0.0875,-0.0997
kp20 run1.txt,8,-20.0,-1,232.000,-0.0977,-0.0998
kp20 run1.txt,8,-20.0,-1,233.000,-0.0977,-0.0998
kp20 run1.txt,8,-20.0,-1,234.000,-0.1014,-0.0999
kp20 run1.txt,8,-20.0,-1,235.000,-0.1025,-0.0999
kp20 run1.txt,8,-20.0,-1,236.000,-0.1021,-0.1000
kp20 run1.txt,8,-20.0,-1,237.000,-0.0985,-0.1000
kp20 run1.txt,8,-20.0,-1,238.000,-0.1014,-0.1000
kp20 run1.txt,8,-20.0,-1,239.000,-0.1043,-0.1001
kp20 run1.txt,8,-20.0,-1,240.000,-0.1010,-0.1001
kp20 run1.txt,8,-20.0,-1,241.000,-0.1006,-0.1001
kp20 run1.txt,8,-20.0,-1,242.000,-0.1014,-0.1002
kp20 run1.txt,8,-20.0,-1,243.000,-0.1017,-0.1002
kp20 run1.txt,8,-20.0,-1,244.000,-0.0999,-0.1002
kp20 run1.txt,8,-20.0,-1,245.000,-0.0974,-0.1003
kp20 run1.txt,8,-20.0,-1,246.000,-0.0985,-0.1003
kp20 run1.txt,8,-20.0,-1,247.000,-0.1021,-0.1003
kp20 run1.txt,8,-20.0,-1,248.000,-0.0999,-0.1004
kp20 run1.txt,8,-20.0,-1,249.000,-0.1006,-0.1004
kp20 run1.txt,8,-20.0,-1,250.000,-0.1050,-0.1004
kp20 run1.txt,8,-20.0,-1,251.000,-0.1006,-0.1004
kp20 run1.txt,8,-20.0,-1,252.000,-0.1006,-0.1005
kp20 run1.txt,8,-20.0,-1,253.000,-0.1014,-0.1005
kp20 run1.txt,8,-20.0,-1,254.000,-0.1006,-0.1005
kp20 run1.txt,8,-20.0,-1,255.000,-0.1006,-0.1005
kp20 run1.txt,8,-20.0,-1,256.000,-0.0999,-0.1005
kp20 run1.txt,8,-20.0,-1,257.000,-0.0912,-0.1005
kp20 run1.txt,8,-20.0,-1,258.000,-0.1006,-0.1006
kp20 run1.txt,8,-20.0,-1,259.000,-0.1006,-0.1006
kp20 run1.txt,8,-20.0,-1,260.000,-0.1014,-0.1006
kp20 run1.txt,8,-20.0,-1,261.000,-0.0977,-0.1006
kp20 run1.txt,8,-20.0,-1,262.000,-0.1036,-0.1006
kp20 run1.txt,8,-20.0,-1,263.000,-0.0908,-0.1006
kp20 run1.txt,8,-20.0,-1,264.000,-0.1032,-0.1006
kp20 run1.txt,8,-20.0,-1,265.000,-0.1065,-0.1006
kp20 run1.txt,8,-20.0,-1,266.000,-0.1036,-0.1006
kp20 run1.txt,8,-20.0,-1,267.000,-0.1006,-0.1006
kp20 run1.txt,8,-20.0,-1,268.000,-0.0992,-0.1006
kp20 run1.txt,8,-20.0,-1,269.000,-0.0977,-0.1006
kp20 run1.txt,8,-20.0,-1,270.000,-0.0999,-0.1006
kp20 run1.txt,8,-20.0,-1,271.000,-0.1050,-0.1006
kp20 run1.txt,8,-20.0,-1,272.000,-0.0985,-0.1007
kp20 run1.txt,8,-20.0,-1,273.000,-0.1010,-0.1007
kp20 run1.txt,8,-20.0,-1,274.000,-0.1025,-0.1007
kp20 run1.txt,8,-20.0,-1,275.000,-0.1003,-0.1006
kp20 run1.txt,8,-20.0,-1,276.000,-0.0999,-0.1006
kp20 run1.txt,8,-20.0,-1,277.000,-0.1021,-0.1006
kp20 run1.txt,8,-20.0,-1,278.000,-0.0875,-0.1006
kp20 run1.txt,8,-20.0,-1,279.000,-0.1014,-0.1006
kp20 run1.txt,8,-20.0,-1,280.000,-0.1021,-0.1006
kp20 run1.txt,8,-20.0,-1,281.000,-0.1017,-0.1006
kp20 run1.txt,8,-20.0,-1,282.000,-0.1021,-0.1006
kp20 run1.txt,8,-20.0,-1,283.000,-0.1006,-0.1006
kp20 run1.txt,8,-20.0,-1,284.000,-0.0985,-0.1006
kp20 run1.txt,8,-20.0,-1,285.000,-0.0999,-0.1006
kp20 run1.txt,8,-20.0,-1,286.000,-0.1021,-0.1006
kp20 run1.txt,8,-20.0,-1,287.000,-0.0999,-0.1006
kp20 run1.txt,8,-20.0,-1,288.000,-0.1021,-0.1006
kp20 run1.txt,8,-20.0,-1,289.000,-0.0996,-0.1006
kp20 run1.txt,8,-20.0,-1,290.000,-0.1021,-0.1006
kp20 run1.txt,8,-20.0,-1,291.000,-0.1003,-0.1006
kp20 run1.txt,8,-20.0,-1,292.000,-0.1014,-0.1006
kp20 run1.txt,8,-20.0,-1,293.000,-0.1003,-0.1006
kp20 run1.txt,8,-20.0,-1,294.000,-0.0985,-0.1006
kp20 run1.txt,8,-20.0,-1,295.000,-0.1021,-0.1005
kp20 run1.txt,8,-20.0,-1,296.000,-0.1003,-0.1005
kp20 run1.txt,8,-20.0,-1,297.000,-0.1058,-0.1005
kp20 run1.txt,8,-20.0,-1,298.000,-0.1006,-0.1005
kp20 run1.txt,8,-20.0,-1,299.000,-0.1014,-0.1005
kp20 run1.txt,8,-20.0,-1,300.000,-0.0970,-0.1005
kp20 run1.txt,8,-20.0,-1,301.000,-0.1043,-0.1005
kp20 run1.txt,8,-20.0,-1,302.000,-0.1021,-0.1005
kp20 run1.txt,8,-20.0,-1,303.000,-0.1058,-0.1005
kp20 run1.txt,8,-20.0,-1,304.000,-0.1003,-0.1005
kp20 run1.txt,8,-20.0,-1,305.000,-0.1014,-0.1005
kp20 run1.txt,8,-20.0,-1,306.000,-0.0897,-0.1005
kp20 run1.txt,8,-20.0,-1,307.000,-0.0992,-0.1004
kp20 run1.txt,8,-20.0,-1,308.000,-0.1006,-0.1004
kp20 run1.txt,8,-20.0,-1,309.000,-0.0810,-0.1004
kp20 run1.txt,8,-20.0,-1,310.000,-0.0992,-0.1004
kp20 run1.txt,8,-20.0,-1,311.000,-0.1072,-0.1004
kp20 run1.txt,8,-20.0,-1,312.000,-0.0992,-0.1004
kp20 run1.txt,8,-20.0,-1,313.000,-0.1006,-0.1004
kp20 run1.txt,8,-20.0,-1,314.000,-0.1021,-0.1004
kp20 run1.txt,8,-20.0,-1,315.000,-0.0999,-0.1004
kp20 run1.txt,8,-20.0,-1,316.000,-0.1006,-0.1004
kp20 run1.txt,8,-20.0,-1,317.000,-0.0926,-0.1004
kp20 run1.txt,8,-20.0,-1,318.000,-0.0970,-0.1004
kp20 run1.txt,8,-20.0,-1,319.000,-0.0999,-0.1004
kp20 run1.txt,8,-20.0,-1,320.000,-0.0934,-0.1004
kp20 run1.txt,8,-20.0,-1,321.000,-0.1006,-0.1003
kp20 run1.txt,8,-20.0,-1,322.000,-0.1014,-0.1003
kp20 run1.txt,8,-20.0,-1,323.000,-0.1006,-0.1003
kp20 run1.txt,8,-20.0,-1,324.000,-0.1079,-0.1003
kp20 run1.txt,8,-20.0,-1,325.000,-0.1028,-0.1003
kp20 run1.txt,8,-20.0,-1,326.000,-0.1025,-0.1003
kp20 run1.txt,8,-20.0,-1,327.000,-0.1006,-0.1003
kp20 run1.txt,8,-20.0,-1,328.000,-0.0977,-0.1003
kp20 run1.txt,8,-20.0,-1,329.000,-0.1014,-0.1003
kp20 run1.txt,8,-20.0,-1,330.000,-0.0970,-0.1003
kp20 run1.txt,8,-20.0,-1,331.000,-0.0992,-0.1003
kp20 run1.txt,8,-20.0,-1,332.000,-0.1123,-0.1003
kp20 run1.txt,8,-20.0,-1,333.000,-0.1006,-0.1003
kp20 run1.txt,8,-20.0,-1,334.000,-0.1014,-0.1003
kp20 run1.txt,8,-20.0,-1,335.000,-0.1006,-0.1003
kp20 run1.txt,8,-20.0,-1,336.000,-0.0999,-0.1003
kp20 run1.txt,8,-20.0,-1,337.000,-0.0996,-0.1003
kp20 run1.txt,8,-20.0,-1,338.000,-0.1006,-0.1003
kp20 run1.txt,8,-20.0,-1,339.000,-0.1025,-0.1003
kp20 run1.txt,8,-20.0,-1,340.000,-0.1043,-0.1003
kp20 run1.txt,8,-20.0,-1,341.000,-0.0999,-0.1003
kp20 run1.txt,8,-20.0,-1,342.000,-0.0996,-0.1003
kp20 run1.txt,8,-20.0,-1,343.000,-0.1006,-0.1003
kp20 run1.txt,8,-20.0,-1,344.000,-0.1036,-0.1002
kp20 run1.txt,8,-20.0,-1,345.000,-0.0996,-0.1002
kp20 run1.txt,8,-20.0,-1,346.000,-0.1065,-0.1002
kp20 run1.txt,8,-20.0,-1,347.000,-0.0985,-0.1002
kp20 run1.txt,8,-20.0,-1,348.000,-0.0996,-0.1002
kp20 run1.txt,8,-20.0,-1,349.000,-0.1014,-0.1002
kp20 run1.txt,8,-20.0,-1,350.000,-0.1014,-0.1002
kp20 run1.txt,8,-20.0,-1,351.000,-0.0996,-0.1002
kp20 run1.txt,8,-20.0,-1,352.000,-0.1014,-0.1002
kp20 run1.txt,8,-20.0,-1,353.000,-0.1036,-0.1002
kp20 run1.txt,8,-20.0,-1,354.000,-0.1036,-0.1002
kp20 run1.txt,8,-20.0,-1,355.000,-0.0999,-0.1002
kp20 run1.txt,8,-20.0,-1,356.000,-0.0985,-0.1002
kp20 run1.txt,8,-20.0,-1,357.000,-0.1014,-0.1002
kp20 run1.txt,8,-20.0,-1,358.000,-0.1017,-0.1002
kp20 run1.txt,8,-20.0,-1,359.000,-0.0992,-0.1002
kp20 run1.txt,8,-20.0,-1,360.000,-0.1014,-0.1002
kp20 run1.txt,8,-20.0,-1,361.000,-0.1025,-0.1002
kp20 run1.txt,8,-20.0,-1,362.000,-0.1006,-0.1002
kp20 run1.txt,8,-20.0,-1,363.000,-0.1006,-0.1002
kp20 run1.txt,8,-20.0,-1,364.000,-0.0970,-0.1002
kp20 run1.txt,8,-20.0,-1,365.000,-0.1006,-0.1002
kp20 run1.txt,8,-20.0,-1,366.000,-0.0992,-0.1002
kp20 run1.txt,8,-20.0,-1,367.000,-0.1014,-0.1002
kp20 run1.txt,8,-20.0,-1,368.000,-0.1006,-0.1002
kp20 run1.txt,8,-20.0,-1,369.000,-0.1079,-0.1002
kp20 run1.txt,8,-20.0,-1,370.000,-0.1003,-0.1002
kp20 run1.txt,8,-20.0,-1,371.000,-0.0996,-0.1002
kp20 run1.txt,8,-20.0,-1,372.000,-0.1043,-0.1002
kp20 run1.txt,8,-20.0,-1,373.000,-0.1021,-0.1002
kp20 run1.txt,8,-20.0,-1,374.000,-0.1006,-0.1002
kp20 run1.txt,8,-20.0,-1,375.000,-0.1028,-0.1002
kp20 run1.txt,8,-20.0,-1,376.000,-0.1043,-0.1002
kp20 run1.txt,8,-20.0,-1,377.000,-0.1010,-0.1002
kp20 run1.txt,8,-20.0,-1,378.000,-0.1006,-0.1002
kp20 run1.txt,8,-20.0,-1,379.000,-0.1021,-0.1002
kp20 run1.txt,8,-20.0,-1,380.000,-0.1054,-0.1002
kp20 run1.txt,8,-20.0,-1,381.000,-0.0966,-0.1002
kp20 run1.txt,8,-20.0,-1,382.000,-0.0985,-0.1002
kp20 run1.txt,8,-20.0,-1,383.000,-0.1014,-0.1002
kp20 run1.txt,8,-20.0,-1,384.000,-0.1006,-0.1002
kp20 run1.txt,8,-20.0,-1,385.000,-0.0992,-0.1002
kp20 run1.txt,8,-20.0,-1,386.000,-0.0999,-0.1002
kp20 run1.txt,8,-20.0,-1,387.000,-0.0999,-0.1002
kp20 run1.txt,8,-20.0,-1,388.000,-0.0970,-0.1002
kp20 run1.txt,8,-20.0,-1,389.000,-0.1098,-0.1002
kp20 run1.txt,8,-20.0,-1,390.000,-0.1006,-0.1002
kp20 run1.txt,8,-20.0,-1,391.000,-0.0999,-0.1002
kp20 run1.txt,8,-20.0,-1,392.000,-0.0999,-0.1002
kp20 run1.txt,8,-20.0,-1,393.000,-0.1006,-0.1002
kp20 run1.txt,8,-20.0,-1,394.000,-0.1006,-0.1003
kp20 run1.txt,8,-20.0,-1,395.000,-0.0919,-0.1003
kp20 run1.txt,8,-20.0,-1,396.000,-0.0985,-0.1003
kp20 run1.txt,8,-20.0,-1,397.000,-0.0999,-0.1003
kp20 run1.txt,8,-20.0,-1,398.000,-0.1021,-0.1003
kp20 run1.txt,8,-20.0,-1,399.000,-0.1021,-0.1003
kp20 run1.txt,8,-20.0,-1,400.000,-0.1021,-0.1003
kp20 run1.txt,8,-20.0,-1,401.000,-0.1006,-0.1003
kp20 run1.txt,8,-20.0,-1,402.000,-0.0999,-0.1003
kp20 run1.txt,8,-20.0,-1,403.000,-0.0996,-0.1003
kp20 run1.txt,8,-20.0,-1,404.000,-0.1021,-0.1003
kp20 run1.txt,8,-20.0,-1,405.000,-0.1014,-0.1003
kp20 run1.txt,8,-20.0,-1,406.000,-0.1021,-0.1003
kp20 run1.txt,8,-20.0,-1,407.000,-0.1043,-0.1003
kp20 run1.txt,8,-20.0,-1,408.000,-0.0966,-0.1003
kp20 run1.txt,8,-20.0,-1,409.000,-0.1021,-0.1003
kp20 run1.txt,8,-20.0,-1,410.000,-0.1006,-0.1003
kp20 run1.txt,8,-20.0,-1,411.000,-0.1021,-0.1003
kp20 run1.txt,8,-20.0,-1,412.000,-0.1116,-0.1003
kp20 run1.txt,8,-20.0,-1,413.000,-0.0999,-0.1003
kp20 run1.txt,8,-20.0,-1,414.000,-0.0985,-0.1003
kp20 run1.txt,8,-20.0,-1,415.000,-0.1006,-0.1003
kp20 run1.txt,8,-20.0,-1,416.000,-0.1014,-0.1003
kp20 run1.txt,8,-20.0,-1,417.000,-0.1010,-0.1003
kp20 run1.txt,8,-20.0,-1,418.000,-0.1006,-0.1003
kp20 run1.txt,8,-20.0,-1,419.000,-0.1006,-0.1003
kp20 run1.txt,8,-20.0,-1,420.000,-0.0985,-0.1003
kp20 run1.txt,8,-20.0,-1,421.000,-0.0999,-0.1003
kp20 run1.txt,8,-20.0,-1,422.000,-0.1014,-0.1003
kp20 run1.txt,8,-20.0,-1,423.000,-0.1014,-0.1003
kp20 run1.txt,8,-20.0,-1,424.000,-0.0999,-0.1003
kp20 run1.txt,8,-20.0,-1,425.000,-0.0992,-0.1003
kp20 run1.txt,8,-20.0,-1,426.000,-0.1006,-0.1003
kp20 run1.txt,8,-20.0,-1,427.000,-0.0996,-0.1003
kp20 run1.txt,8,-20.0,-1,428.000,-0.1006,-0.1003
kp20 run1.txt,8,-20.0,-1,429.000,-0.0992,-0.1003
kp20 run1.txt,8,-20.0,-1,430.000,-0.1014,-0.1003
kp20 run1.txt,8,-20.0,-1,431.000,-0.1014,-0.1003
kp20 run1.txt,8,-20.0,-1,432.000,-0.1006,-0.1003
kp20 run1.txt,8,-20.0,-1,433.000,-0.0977,-0.1003
kp20 run1.txt,8,-20.0,-1,434.000,-0.0992,-0.1003
kp20 run1.txt,8,-20.0,-1,435.000,-0.1014,-0.1003
kp20 run1.txt,8,-20.0,-1,436.000,-0.0974,-0.1003
kp20 run1.txt,8,-20.0,-1,437.000,-0.1003,-0.1003
kp20 run1.txt,8,-20.0,-1,438.000,-0.1006,-0.1003
kp20 run1.txt,8,-20.0,-1,439.000,-0.0985,-0.1003
kp20 run1.txt,8,-20.0,-1,440.000,-0.0941,-0.1003
kp20 run1.txt,8,-20.0,-1,441.000,-0.0985,-0.1003
kp20 run1.txt,8,-20.0,-1,442.000,-0.1014,-0.1003
kp20 run1.txt,8,-20.0,-1,443.000,-0.1036,-0.1003
kp20 run1.txt,8,-20.0,-1,444.000,-0.1014,-0.1003
kp20 run1.txt,8,-20.0,-1,445.000,-0.1006,-0.1003
kp20 run1.txt,8,-20.0,-1,446.000,-0.1014,-0.1003
kp20 run1.txt,8,-20.0,-1,447.000,-0.1006,-0.1003
kp20 run1.txt,8,-20.0,-1,448.000,-0.1014,-0.1003
kp20 run1.txt,8,-20.0,-1,449.000,-0.0992,-0.1003
kp20 run1.txt,8,-20.0,-1,450.000,-0.1021,-0.1003
kp20 run1.txt,8,-20.0,-1,451.000,-0.1014,-0.1003
kp20 run1.txt,8,-20.0,-1,452.000,-0.1054,-0.1003
kp20 run1.txt,8,-20.0,-1,453.000,-0.0992,-0.1003
kp20 run1.txt,8,-20.0,-1,454.000,-0.1014,-0.1003
kp20 run1.txt,8,-20.0,-1,455.000,-0.0999,-0.1003
kp20 run1.txt,8,-20.0,-1,456.000,-0.1021,-0.1003
kp20 run1.txt,8,-20.0,-1,457.000,-0.0985,-0.1003
kp20 run1.txt,8,-20.0,-1,458.000,-0.1006,-0.1003
kp20 run1.txt,8,-20.0,-1,459.000,-0.0992,-0.1003
kp20 run1.txt,8,-20.0,-1,460.000,-0.0999,-0.1003
kp20 run1.txt,8,-20.0,-1,461.000,-0.0981,-0.1003
kp20 run1.txt,8,-20.0,-1,462.000,-0.0996,-0.1003
kp20 run1.txt,8,-20.0,-1,463.000,-0.0981,-0.1003
kp20 run1.txt,8,-20.0,-1,464.000,-0.0996,-0.1003
kp20 run1.txt,8,-20.0,-1,465.000,-0.0926,-0.1003
kp20 run1.txt,8,-20.0,-1,466.000,-0.0999,-0.1003
kp20 run1.txt,8,-20.0,-1,467.000,-0.0996,-0.1003
kp20 run1.txt,8,-20.0,-1,468.000,-0.0977,-0.1003
kp20 run1.txt,8,-20.0,-1,469.000,-0.1006,-0.1003
kp20 run1.txt,8,-20.0,-1,470.000,-0.1006,-0.1003
kp20 run1.txt,8,-20.0,-1,471.000,-0.0853,-0.1003
kp20 run1.txt,8,-20.0,-1,472.000,-0.0999,-0.1003
kp20 run1.txt,8,-20.0,-1,473.000,-0.1003,-0.1003
kp20 run1.txt,8,-20.0,-1,474.000,-0.0999,-0.1003
kp20 run1.txt,8,-20.0,-1,475.000,-0.0996,-0.1003
kp20 run1.txt,8,-20.0,-1,476.000,-0.1054,-0.1003
kp20 run1.txt,8,-20.0,-1,477.000,-0.1036,-0.1003
kp20 run1.txt,8,-20.0,-1,478.000,-0.1039,-0.1003
kp20 run1.txt,8,-20.0,-1,479.000,-0.1021,-0.1003
kp20 run1.txt,8,-20.0,-1,480.000,-0.1050,-0.1003
kp20 run1.txt,8,-20.0,-1,481.000,-0.0985,-0.1003
kp20 run1.txt,8,-20.0,-1,482.000,-0.0992,-0.1003
kp20 run1.txt,8,-20.0,-1,483.000,-0.1014,-0.1003
kp20 run1.txt,8,-20.0,-1,484.000,-0.1006,-0.1003
kp20 run1.txt,8,-20.0,-1,485.000,-0.1021,-0.1003
kp20 run1.txt,8,-20.0,-1,486.000,-0.0992,-0.1003
kp20 run1.txt,8,-20.0,-1,487.000,-0.0999,-0.1003
kp20 run1.txt,8,-20.0,-1,488.000,-0.1181,-0.1003
kp20 run1.txt,8,-20.0,-1,489.000,-0.0985,-0.1003
kp20 run1.txt,8,-20.0,-1,490.000,-0.0992,-0.1003
kp20 run1.txt,8,-20.0,-1,491.000,-0.1014,-0.1003
kp20 run1.txt,8,-20.0,-1,492.000,-0.1167,-0.1003
kp20 run1.txt,8,-20.0,-1,493.000,-0.1010,-0.1003
kp20 run1.txt,8,-20.0,-1,494.000,-0.0992,-0.1003
kp20 run1.txt,8,-20.0,-1,495.000,-0.1006,-0.1003
kp20 run1.txt,8,-20.0,-1,496.000,-0.0992,-0.1003
kp20 run1.txt,8,-20.0,-1,497.000,-0.1014,-0.1003
kp20 run1.txt,8,-20.0,-1,498.000,-0.1003,-0.1003
kp20 run1.txt,8,-20.0,-1,499.000,-0.0992,-0.1003
kp20 run1.txt,8,-20.0,-1,500.000,-0.0992,-0.1003
kp20 run1.txt,8,-20.0,-1,501.000,-0.1014,-0.1003
kp20 run1.txt,8,-20.0,-1,502.000,-0.0992,-0.1003
kp20 run1.txt,8,-20.0,-1,503.000,-0.1014,-0.1003
kp20 run1.txt,8,-20.0,-1,504.000,-0.1025,-0.1003
kp20 run1.txt,8,-20.0,-1,505.000,-0.1014,-0.1003
kp20 run1.txt,8,-20.0,-1,506.000,-0.1021,-0.1003
kp20 run1.txt,8,-20.0,-1,507.000,-0.0970,-0.1003
kp20 run1.txt,8,-20.0,-1,508.000,-0.1021,-0.1003
kp20 run1.txt,8,-20.0,-1,509.000,-0.1043,-0.1003
kp20 run1.txt,8,-20.0,-1,510.000,-0.0926,-0.1003
kp20 run1.txt,8,-20.0,-1,511.000,-0.0992,-0.1003
kp20 run1.txt,8,-20.0,-1,512.000,-0.0992,-0.1003
kp20 run1.txt,8,-20.0,-1,513.000,-0.1006,-0.1003
kp20 run1.txt,8,-20.0,-1,514.000,-0.0996,-0.1003
kp20 run1.txt,8,-20.0,-1,515.000,-0.1003,-0.1003
kp20 run1.txt,8,-20.0,-1,516.000,-0.1006,-0.1003
kp20 run1.txt,8,-20.0,-1,517.000,-0.0996,-0.1003
kp20 run1.txt,8,-20.0,-1,518.000,-0.0985,-0.1003
kp20 run1.txt,8,-20.0,-1,519.000,-0.0970,-0.1003
kp20 run1.txt,8,-20.0,-1,520.000,-0.0992,-0.1003
kp20 run1.txt,8,-20.0,-1,521.000,-0.0985,-0.1003
kp20 run1.txt,8,-20.0,-1,522.000,-0.0992,-0.1003
kp20 run1.txt,8,-20.0,-1,523.000,-0.1036,-0.1003
kp20 run1.txt,8,-20.0,-1,524.000,-0.0824,-0.1003
kp20 run1.txt,8,-20.0,-1,525.000,-0.1021,-0.1003
kp20 run1.txt,8,-20.0,-1,526.000,-0.1025,-0.1003
kp20 run1.txt,8,-20.0,-1,527.000,-0.0985,-0.1003
kp20 run1.txt,8,-20.0,-1,528.000,-0.0963,-0.1003
kp20 run1.txt,8,-20.0,-1,529.000,-0.0992,-0.1003
kp20 run1.txt,8,-20.0,-1,530.000,-0.1006,-0.1003
kp20 run1.txt,8,-20.0,-1,531.000,-0.0992,-0.1003
kp20 run1.txt,8,-20.0,-1,532.000,-0.0966,-0.1003
kp20 run1.txt,8,-20.0,-1,533.000,-0.0992,-0.1003
kp20 run1.txt,8,-20.0,-1,534.000,-0.0996,-0.1003
kp20 run1.txt,8,-20.0,-1,535.000,-0.1036,-0.1003
kp20 run1.txt,8,-20.0,-1,536.000,-0.1006,-0.1003
kp20 run1.txt,8,-20.0,-1,537.000,-0.1014,-0.1003
kp20 run1.txt,8,-20.0,-1,538.000,-0.0992,-0.1003
kp20 run1.txt,8,-20.0,-1,539.000,-0.0955,-0.1003
kp20 run1.txt,8,-20.0,-1,540.000,-0.1072,-0.1003
kp20 run1.txt,8,-20.0,-1,541.000,-0.1006,-0.1003
kp20 run1.txt,8,-20.0,-1,542.000,-0.1050,-0.1003
kp20 run1.txt,8,-20.0,-1,543.000,-0.0992,-0.1003
kp20 run1.txt,8,-20.0,-1,544.000,-0.0992,-0.1003
kp20 run1.txt,8,-20.0,-1,545.000,-0.0977,-0.1003
kp20 run1.txt,8,-20.0,-1,546.000,-0.1003,-0.1003
kp20 run1.txt,8,-20.0,-1,547.000,-0.1050,-0.1003
kp20 run1.txt,8,-20.0,-1,548.000,-0.1006,-0.1003
kp20 run1.txt,8,-20.0,-1,549.000,-0.1036,-0.1003
kp20 run1.txt,8,-20.0,-1,550.000,-0.0985,-0.1003
kp20 run1.txt,8,-20.0,-1,551.000,-0.0963,-0.1003
kp20 run1.txt,8,-20.0,-1,552.000,-0.0999,-0.1003
kp20 run1.txt,8,-20.0,-1,553.000,-0.0970,-0.1003
kp20 run1.txt,8,-20.0,-1,554.000,-0.0992,-0.1003
kp20 run1.txt,8,-20.0,-1,555.000,-0.1079,-0.1003
kp20 run1.txt,8,-20.0,-1,556.000,-0.1006,-0.1003
kp20 run1.txt,8,-20.0,-1,557.000,-0.1072,-0.1003
kp20 run1.txt,8,-20.0,-1,558.000,-0.0985,-0.1003
kp20 run1.txt,8,-20.0,-1,559.000,-0.0992,-0.1003
kp20 run1.txt,8,-20.0,-1,560.000,-0.0988,-0.1003
kp20 run1.txt,8,-20.0,-1,561.000,-0.0963,-0.1003
kp20 run1.txt,8,-20.0,-1,562.000,-0.1014,-0.1003
kp20 run1.txt,8,-20.0,-1,563.000,-0.1006,-0.1003
kp20 run1.txt,8,-20.0,-1,564.000,-0.0985,-0.1003
kp20 run1.txt,8,-20.0,-1,565.000,-0.1003,-0.1003
kp20 run1.txt,8,-20.0,-1,566.000,-0.0992,-0.1003
kp20 run1.txt,8,-20.0,-1,567.000,-0.1043,-0.1003
kp20 run1.txt,8,-20.0,-1,568.000,-0.0977,-0.1003
kp20 run1.txt,8,-20.0,-1,569.000,-0.0912,-0.1003
kp20 run1.txt,8,-20.0,-1,570.000,-0.1006,-0.1003
kp20 run1.txt,8,-20.0,-1,571.000,-0.1036,-0.1003
kp20 run1.txt,8,-20.0,-1,572.000,-0.1101,-0.1003
kp20 run1.txt,8,-20.0,-1,573.000,-0.1021,-0.1003
kp20 run1.txt,8,-20.0,-1,574.000,-0.0999,-0.1003
kp20 run1.txt,8,-20.0,-1,575.000,-0.1006,-0.1003
kp20 run1.txt,8,-20.0,-1,576.000,-0.1050,-0.1003
kp20 run1.txt,8,-20.0,-1,577.000,-0.0985,-0.1003
kp20 run1.txt,8,-20.0,-1,578.000,-0.0955,-0.1003
kp20 run1.txt,8,-20.0,-1,579.000,-0.0992,-0.1003
kp20 run1.txt,8,-20.0,-1,580.000,-0.0992,-0.1003
kp20 run1.txt,8,-20.0,-1,581.000,-0.0999,-0.1003
kp20 run1.txt,8,-20.0,-1,582.000,-0.0999,-0.1003
kp20 run1.txt,8,-20.0,-1,583.000,-0.0985,-0.1003
kp20 run1.txt,8,-20.0,-1,584.000,-0.1006,-0.1003
kp20 run1.txt,8,-20.0,-1,585.000,-0.0992,-0.1003
kp20 run1.txt,8,-20.0,-1,586.000,-0.1006,-0.1003
kp20 run1.txt,8,-20.0,-1,587.000,-0.0846,-0.1003
kp20 run1.txt,8,-20.0,-1,588.000,-0.1047,-0.1003
kp20 run1.txt,8,-20.0,-1,589.000,-0.1112,-0.1003
kp20 run1.txt,8,-20.0,-1,590.000,-0.1021,-0.1003
kp20 run1.txt,8,-20.0,-1,591.000,-0.1025,-0.1003
kp20 run1.txt,8,-20.0,-1,592.000,-0.0992,-0.1003
kp20 run1.txt,8,-20.0,-1,593.000,-0.0977,-0.1003
kp20 run1.txt,8,-20.0,-1,594.000,-0.0948,-0.1003
kp20 run1.txt,8,-20.0,-1,595.000,-0.0963,-0.1003
kp20 run1.txt,8,-20.0,-1,596.000,-0.1014,-0.1003
kp20 run1.txt,8,-20.0,-1,597.000,-0.1036,-0.1003
kp20 run1.txt,8,-20.0,-1,598.000,-0.0977,-0.1003
kp20 run1.txt,8,-20.0,-1,599.000,-0.0977,-0.1003
kp20 run1.txt,9,-20.0,1,0.000,-0.1006,-0.0989
kp20 run1.txt,9,-20.0,1,1.000,-0.1014,-0.0989
kp20 run1.txt,9,-20.0,1,2.000,-0.0948,-0.0989
kp20 run1.txt,9,-20.0,1,3.000,-0.1025,-0.0989
kp20 run1.txt,9,-20.0,1,4.000,-0.1006,-0.0987
kp20 run1.txt,9,-20.0,1,5.000,-0.1014,-0.0982
kp20 run1.txt,9,-20.0,1,6.000,-0.1021,-0.0974
kp20 run1.txt,9,-20.0,1,7.000,-0.0999,-0.0962
kp20 run1.txt,9,-20.0,1,8.000,-0.0966,-0.0948
kp20 run1.txt,9,-20.0,1,9.000,-0.0904,-0.0931
kp20 run1.txt,9,-20.0,1,10.000,-0.0908,-0.0912
kp20 run1.txt,9,-20.0,1,11.000,-0.0846,-0.0890
kp20 run1.txt,9,-20.0,1,12.000,-0.0883,-0.0866
kp20 run1.txt,9,-20.0,1,13.000,-0.0868,-0.0840
kp20 run1.txt,9,-20.0,1,14.000,-0.0802,-0.0812
kp20 run1.txt,9,-20.0,1,15.000,-0.0773,-0.0782
kp20 run1.txt,9,-20.0,1,16.000,-0.0737,-0.0750
kp20 run1.txt,9,-20.0,1,17.000,-0.0678,-0.0717
kp20 run1.txt,9,-20.0,1,18.000,-0.0657,-0.0683
kp20 run1.txt,9,-20.0,1,19.000,-0.0383,-0.0647
kp20 run1.txt,9,-20.0,1,20.000,-0.0591,-0.0610
kp20 run1.txt,9,-20.0,1,21.000,-0.0576,-0.0572
kp20 run1.txt,9,-20.0,1,22.000,-0.0365,-0.0533
kp20 run1.txt,9,-20.0,1,23.000,-0.0460,-0.0493
kp20 run1.txt,9,-20.0,1,24.000,-0.0401,-0.0452
kp20 run1.txt,9,-20.0,1,25.000,-0.0379,-0.0411
kp20 run1.txt,9,-20.0,1,26.000,-0.0365,-0.0369
kp20 run1.txt,9,-20.0,1,27.000,-0.0277,-0.0327
kp20 run1.txt,9,-20.0,1,28.000,-0.0285,-0.0284
kp20 run1.txt,9,-20.0,1,29.000,-0.0197,-0.0241
kp20 run1.txt,9,-20.0,1,30.000,-0.0208,-0.0198
kp20 run1.txt,9,-20.0,1,31.000,-0.0190,-0.0155
kp20 run1.txt,9,-20.0,1,32.000,-0.0117,-0.0112
kp20 run1.txt,9,-20.0,1,33.000,-0.0088,-0.0069
kp20 run1.txt,9,-20.0,1,34.000,-0.0044,-0.0026
kp20 run1.txt,9,-20.0,1,35.000,-0.0000,0.0017
kp20 run1.txt,9,-20.0,1,36.000,0.0036,0.0059
kp20 run1.txt,9,-20.0,1,37.000,0.0065,0.0101
kp20 run1.txt,9,-20.0,1,38.000,0.0131,0.0143
kp20 run1.txt,9,-20.0,1,39.000,0.0113,0.0185
kp20 run1.txt,9,-20.0,1,40.000,0.0065,0.0226
kp20 run1.txt,9,-20.0,1,41.000,0.0240,0.0266
kp20 run1.txt,9,-20.0,1,42.000,0.0240,0.0306
kp20 run1.txt,9,-20.0,1,43.000,0.0313,0.0345
kp20 run1.txt,9,-20.0,1,44.000,0.0328,0.0383
kp20 run1.txt,9,-20.0,1,45.000,0.0386,0.0421
kp20 run1.txt,9,-20.0,1,46.000,0.0408,0.0458
kp20 run1.txt,9,-20.0,1,47.000,0.0452,0.0495
kp20 run1.txt,9,-20.0,1,48.000,0.0473,0.0530
kp20 run1.txt,9,-20.0,1,49.000,0.0525,0.0565
kp20 run1.txt,9,-20.0,1,50.000,0.0641,0.0599
kp20 run1.txt,9,-20.0,1,51.000,0.0601,0.0632
kp20 run1.txt,9,-20.0,1,52.000,0.0623,0.0664
kp20 run1.txt,9,-20.0,1,53.000,0.0641,0.0695
kp20 run1.txt,9,-20.0,1,54.000,0.0685,0.0726
kp20 run1.txt,9,-20.0,1,55.000,0.0758,0.0755
kp20 run1.txt,9,-20.0,1,56.000,0.0758,0.0784
kp20 run1.txt,9,-20.0,1,57.000,0.0758,0.0811
kp20 run1.txt,9,-20.0,1,58.000,0.0707,0.0838
kp20 run1.txt,9,-20.0,1,59.000,0.0853,0.0864
kp20 run1.txt,9,-20.0,1,60.000,0.0867,0.0889
kp20 run1.txt,9,-20.0,1,61.000,0.0911,0.0913
kp20 run1.txt,9,-20.0,1,62.000,0.0794,0.0936
kp20 run1.txt,9,-20.0,1,63.000,0.0947,0.0958
kp20 run1.txt,9,-20.0,1,64.000,0.0969,0.0979
kp20 run1.txt,9,-20.0,1,65.000,0.1064,0.0999
kp20 run1.txt,9,-20.0,1,66.000,0.1017,0.1018
kp20 run1.txt,9,-20.0,1,67.000,0.1028,0.1037
kp20 run1.txt,9,-20.0,1,68.000,0.1057,0.1054
kp20 run1.txt,9,-20.0,1,69.000,0.1053,0.1071
kp20 run1.txt,9,-20.0,1,70.000,0.1086,0.1087
kp20 run1.txt,9,-20.0,1,71.000,0.1097,0.1101
kp20 run1.txt,9,-20.0,1,72.000,0.1126,0.1116
kp20 run1.txt,9,-20.0,1,73.000,0.1086,0.1129
kp20 run1.txt,9,-20.0,1,74.000,0.1093,0.1141
kp20 run1.txt,9,-20.0,1,75.000,0.0940,0.1153
kp20 run1.txt,9,-20.0,1,76.000,0.1141,0.1163
kp20 run1.txt,9,-20.0,1,77.000,0.1144,0.1174
kp20 run1.txt,9,-20.0,1,78.000,0.1173,0.1183
kp20 run1.txt,9,-20.0,1,79.000,0.1173,0.1191
kp20 run1.txt,9,-20.0,1,80.000,0.1166,0.1199
kp20 run1.txt,9,-20.0,1,81.000,0.1115,0.1206
kp20 run1.txt,9,-20.0,1,82.000,0.1195,0.1213
kp20 run1.txt,9,-20.0,1,83.000,0.1151,0.1219
kp20 run1.txt,9,-20.0,1,84.000,0.1195,0.1224
kp20 run1.txt,9,-20.0,1,85.000,0.1210,0.1228
kp20 run1.txt,9,-20.0,1,86.000,0.1195,0.1232
kp20 run1.txt,9,-20.0,1,87.000,0.1148,0.1236
kp20 run1.txt,9,-20.0,1,88.000,0.1203,0.1239
kp20 run1.txt,9,-20.0,1,89.000,0.1210,0.1241
kp20 run1.txt,9,-20.0,1,90.000,0.1181,0.1243
kp20 run1.txt,9,-20.0,1,91.000,0.1166,0.1244
kp20 run1.txt,9,-20.0,1,92.000,0.1203,0.1245
kp20 run1.txt,9,-20.0,1,93.000,0.1210,0.1245
kp20 run1.txt,9,-20.0,1,94.000,0.1224,0.1245
kp20 run1.txt,9,-20.0,1,95.000,0.1243,0.1244
kp20 run1.txt,9,-20.0,1,96.000,0.1221,0.1244
kp20 run1.txt,9,-20.0,1,97.000,0.1203,0.1242
kp20 run1.txt,9,-20.0,1,98.000,0.1250,0.1241
kp20 run1.txt,9,-20.0,1,99.000,0.1232,0.1239
kp20 run1.txt,9,-20.0,1,100.000,0.1210,0.1236
kp20 run1.txt,9,-20.0,1,101.000,0.1239,0.1234
kp20 run1.txt,9,-20.0,1,102.000,0.1250,0.1231
kp20 run1.txt,9,-20.0,1,103.000,0.1192,0.1228
kp20 run1.txt,9,-20.0,1,104.000,0.1275,0.1225
kp20 run1.txt,9,-20.0,1,105.000,0.1217,0.1221
kp20 run1.txt,9,-20.0,1,106.000,0.1213,0.1217
kp20 run1.txt,9,-20.0,1,107.000,0.1203,0.1213
kp20 run1.txt,9,-20.0,1,108.000,0.1181,0.1209
kp20 run1.txt,9,-20.0,1,109.000,0.1049,0.1205
kp20 run1.txt,9,-20.0,1,110.000,0.1210,0.1200
kp20 run1.txt,9,-20.0,1,111.000,0.1195,0.1195
kp20 run1.txt,9,-20.0,1,112.000,0.1199,0.1191
kp20 run1.txt,9,-20.0,1,113.000,0.1170,0.1186
kp20 run1.txt,9,-20.0,1,114.000,0.1155,0.1181
kp20 run1.txt,9,-20.0,1,115.000,0.1188,0.1176
kp20 run1.txt,9,-20.0,1,116.000,0.1155,0.1171
kp20 run1.txt,9,-20.0,1,117.000,0.1151,0.1165
kp20 run1.txt,9,-20.0,1,118.000,0.1144,0.1160
kp20 run1.txt,9,-20.0,1,119.000,0.1144,0.1155
kp20 run1.txt,9,-20.0,1,120.000,0.1126,0.1150
kp20 run1.txt,9,-20.0,1,121.000,0.1115,0.1144
kp20 run1.txt,9,-20.0,1,122.000,0.1122,0.1139
kp20 run1.txt,9,-20.0,1,123.000,0.1115,0.1134
kp20 run1.txt,9,-20.0,1,124.000,0.1100,0.1128
kp20 run1.txt,9,-20.0,1,125.000,0.1079,0.1123
kp20 run1.txt,9,-20.0,1,126.000,0.1057,0.1118
kp20 run1.txt,9,-20.0,1,127.000,0.1079,0.1112
kp20 run1.txt,9,-20.0,1,128.000,0.1079,0.1107
kp20 run1.txt,9,-20.0,1,129.000,0.1064,0.1102
kp20 run1.txt,9,-20.0,1,130.000,0.1057,0.1097
kp20 run1.txt,9,-20.0,1,131.000,0.1049,0.1092
kp20 run1.txt,9,-20.0,1,132.000,0.1079,0.1087
kp20 run1.txt,9,-20.0,1,133.000,0.0998,0.1082
kp20 run1.txt,9,-20.0,1,134.000,0.0907,0.1078
kp20 run1.txt,9,-20.0,1,135.000,0.0998,0.1073
kp20 run1.txt,9,-20.0,1,136.000,0.1006,0.1068
kp20 run1.txt,9,-20.0,1,137.000,0.1013,0.1064
kp20 run1.txt,9,-20.0,1,138.000,0.1009,0.1059
kp20 run1.txt,9,-20.0,1,139.000,0.1013,0.1055
kp20 run1.txt,9,-20.0,1,140.000,0.1020,0.1051
kp20 run1.txt,9,-20.0,1,141.000,0.0962,0.1047
kp20 run1.txt,9,-20.0,1,142.000,0.0998,0.1043
kp20 run1.txt,9,-20.0,1,143.000,0.1104,0.1039
kp20 run1.txt,9,-20.0,1,144.000,0.0998,0.1035
kp20 run1.txt,9,-20.0,1,145.000,0.0984,0.1031
kp20 run1.txt,9,-20.0,1,146.000,0.0995,0.1028
kp20 run1.txt,9,-20.0,1,147.000,0.0962,0.1024
kp20 run1.txt,9,-20.0,1,148.000,0.1042,0.1021
kp20 run1.txt,9,-20.0,1,149.000,0.0984,0.1018
kp20 run1.txt,9,-20.0,1,150.000,0.0977,0.1014
kp20 run1.txt,9,-20.0,1,151.000,0.0969,0.1011
kp20 run1.txt,9,-20.0,1,152.000,0.0984,0.1009
kp20 run1.txt,9,-20.0,1,153.000,0.0940,0.1006
kp20 run1.txt,9,-20.0,1,154.000,0.0998,0.1003
kp20 run1.txt,9,-20.0,1,155.000,0.0977,0.1001
kp20 run1.txt,9,-20.0,1,156.000,0.1009,0.0998
kp20 run1.txt,9,-20.0,1,157.000,0.0987,0.0996
kp20 run1.txt,9,-20.0,1,158.000,0.0966,0.0994
kp20 run1.txt,9,-20.0,1,159.000,0.0947,0.0992
kp20 run1.txt,9,-20.0,1,160.000,0.1217,0.0990
kp20 run1.txt,9,-20.0,1,161.000,0.1020,0.0988
kp20 run1.txt,9,-20.0,1,162.000,0.1049,0.0986
kp20 run1.txt,9,-20.0,1,163.000,0.1221,0.0984
kp20 run1.txt,9,-20.0,1,164.000,0.0984,0.0983
kp20 run1.txt,9,-20.0,1,165.000,0.0969,0.0981
kp20 run1.txt,9,-20.0,1,166.000,0.0969,0.0980
kp20 run1.txt,9,-20.0,1,167.000,0.0977,0.0979
kp20 run1.txt,9,-20.0,1,168.000,0.0991,0.0977
kp20 run1.txt,9,-20.0,1,169.000,0.0929,0.0976
kp20 run1.txt,9,-20.0,1,170.000,0.0987,0.0975
kp20 run1.txt,9,-20.0,1,171.000,0.0998,0.0974
kp20 run1.txt,9,-20.0,1,172.000,0.0962,0.0974
kp20 run1.txt,9,-20.0,1,173.000,0.0977,0.0973
kp20 run1.txt,9,-20.0,1,174.000,0.0977,0.0972
kp20 run1.txt,9,-20.0,1,175.000,0.0962,0.0972
kp20 run1.txt,9,-20.0,1,176.000,0.0991,0.0971
kp20 run1.txt,9,-20.0,1,177.000,0.0918,0.0971
kp20 run1.txt,9,-20.0,1,178.000,0.0991,0.0970
kp20 run1.txt,9,-20.0,1,179.000,0.0977,0.0970
kp20 run1.txt,9,-20.0,1,180.000,0.0969,0.0970
kp20 run1.txt,9,-20.0,1,181.000,0.0991,0.0969
kp20 run1.txt,9,-20.0,1,182.000,0.0977,0.0969
kp20 run1.txt,9,-20.0,1,183.000,0.0969,0.0969
kp20 run1.txt,9,-20.0,1,184.000,0.0969,0.0969
kp20 run1.txt,9,-20.0,1,185.000,0.0969,0.0969
kp20 run1.txt,9,-20.0,1,186.000,0.0955,0.0969
kp20 run1.txt,9,-20.0,1,187.000,0.0984,0.0970
kp20 run1.txt,9,-20.0,1,188.000,0.0962,0.0970
kp20 run1.txt,9,-20.0,1,189.000,0.0998,0.0970
kp20 run1.txt,9,-20.0,1,190.000,0.1035,0.0970
kp20 run1.txt,9,-20.0,1,191.000,0.0977,0.0970
kp20 run1.txt,9,-20.0,1,192.000,0.0984,0.0971
kp20 run1.txt,9,-20.0,1,193.000,0.0969,0.0971
kp20 run1.txt,9,-20.0,1,194.000,0.0977,0.0972
kp20 run1.txt,9,-20.0,1,195.000,0.1028,0.0972
kp20 run1.txt,9,-20.0,1,196.000,0.0987,0.0972
kp20 run1.txt,9,-20.0,1,197.000,0.0987,0.0973
kp20 run1.txt,9,-20.0,1,198.000,0.0969,0.0973
kp20 run1.txt,9,-20.0,1,199.000,0.1049,0.0974
kp20 run1.txt,9,-20.0,1,200.000,0.0991,0.0975
kp20 run1.txt,9,-20.0,1,201.000,0.0991,0.0975
kp20 run1.txt,9,-20.0,1,202.000,0.0984,0.0976
kp20 run1.txt,9,-20.0,1,203.000,0.0969,0.0976
kp20 run1.txt,9,-20.0,1,204.000,0.1060,0.0977
kp20 run1.txt,9,-20.0,1,205.000,0.0987,0.0978
kp20 run1.txt,9,-20.0,1,206.000,0.1053,0.0978
kp20 run1.txt,9,-20.0,1,207.000,0.1013,0.0979
kp20 run1.txt,9,-20.0,1,208.000,0.0969,0.0979
kp20 run1.txt,9,-20.0,1,209.000,0.0955,0.0980
kp20 run1.txt,9,-20.0,1,210.000,0.1046,0.0981
kp20 run1.txt,9,-20.0,1,211.000,0.1006,0.0981
kp20 run1.txt,9,-20.0,1,212.000,0.1009,0.0982
kp20 run1.txt,9,-20.0,1,213.000,0.0812,0.0983
kp20 run1.txt,9,-20.0,1,214.000,0.1006,0.0983
kp20 run1.txt,9,-20.0,1,215.000,0.1017,0.0984
kp20 run1.txt,9,-20.0,1,216.000,0.0991,0.0985
kp20 run1.txt,9,-20.0,1,217.000,0.0998,0.0985
kp20 run1.txt,9,-20.0,1,218.000,0.0998,0.0986
kp20 run1.txt,9,-20.0,1,219.000,0.1020,0.0987
kp20 run1.txt,9,-20.0,1,220.000,0.1009,0.0987
kp20 run1.txt,9,-20.0,1,221.000,0.0977,0.0988
kp20 run1.txt,9,-20.0,1,222.000,0.0998,0.0988
kp20 run1.txt,9,-20.0,1,223.000,0.0998,0.0989
kp20 run1.txt,9,-20.0,1,224.000,0.0995,0.0990
kp20 run1.txt,9,-20.0,1,225.000,0.0991,0.0990
kp20 run1.txt,9,-20.0,1,226.000,0.1028,0.0991
kp20 run1.txt,9,-20.0,1,227.000,0.0991,0.0991
kp20 run1.txt,9,-20.0,1,228.000,0.0995,0.0992
kp20 run1.txt,9,-20.0,1,229.000,0.0966,0.0992
kp20 run1.txt,9,-20.0,1,230.000,0.0998,0.0993
kp20 run1.txt,9,-20.0,1,231.000,0.1009,0.0994
kp20 run1.txt,9,-20.0,1,232.000,0.1006,0.0994
kp20 run1.txt,9,-20.0,1,233.000,0.0998,0.0995
kp20 run1.txt,9,-20.0,1,234.000,0.1006,0.0995
kp20 run1.txt,9,-20.0,1,235.000,0.0958,0.0995
kp20 run1.txt,9,-20.0,1,236.000,0.1031,0.0996
kp20 run1.txt,9,-20.0,1,237.000,0.1042,0.0996
kp20 run1.txt,9,-20.0,1,238.000,0.1020,0.0997
kp20 run1.txt,9,-20.0,1,239.000,0.1013,0.0997
kp20 run1.txt,9,-20.0,1,240.000,0.1006,0.0998
kp20 run1.txt,9,-20.0,1,241.000,0.1020,0.0998
kp20 run1.txt,9,-20.0,1,242.000,0.0969,0.0998
kp20 run1.txt,9,-20.0,1,243.000,0.0995,0.0999
kp20 run1.txt,9,-20.0,1,244.000,0.0991,0.0999
kp20 run1.txt,9,-20.0,1,245.000,0.1046,0.0999
kp20 run1.txt,9,-20.0,1,246.000,0.0991,0.1000
kp20 run1.txt,9,-20.0,1,247.000,0.1006,0.1000
kp20 run1.txt,9,-20.0,1,248.000,0.1006,0.1000
kp20 run1.txt,9,-20.0,1,249.000,0.1013,0.1000
kp20 run1.txt,9,-20.0,1,250.000,0.1049,0.1001
kp20 run1.txt,9,-20.0,1,251.000,0.1002,0.1001
kp20 run1.txt,9,-20.0,1,252.000,0.0984,0.1001
kp20 run1.txt,9,-20.0,1,253.000,0.0958,0.1001
kp20 run1.txt,9,-20.0,1,254.000,0.1006,0.1002
kp20 run1.txt,9,-20.0,1,255.000,0.1028,0.1002
kp20 run1.txt,9,-20.0,1,256.000,0.1013,0.1002
kp20 run1.txt,9,-20.0,1,257.000,0.0998,0.1002
kp20 run1.txt,9,-20.0,1,258.000,0.0969,0.1002
kp20 run1.txt,9,-20.0,1,259.000,0.0958,0.1002
kp20 run1.txt,9,-20.0,1,260.000,0.0998,0.1002
kp20 run1.txt,9,-20.0,1,261.000,0.0977,0.1003
kp20 run1.txt,9,-20.0,1,262.000,0.0998,0.1003
kp20 run1.txt,9,-20.0,1,263.000,0.1031,0.1003
kp20 run1.txt,9,-20.0,1,264.000,0.0962,0.1003
kp20 run1.txt,9,-20.0,1,265.000,0.1017,0.1003
kp20 run1.txt,9,-20.0,1,266.000,0.1006,0.1003
kp20 run1.txt,9,-20.0,1,267.000,0.1035,0.1003
kp20 run1.txt,9,-20.0,1,268.000,0.0893,0.1003
kp20 run1.txt,9,-20.0,1,269.000,0.1017,0.1003
kp20 run1.txt,9,-20.0,1,270.000,0.0998,0.1003
kp20 run1.txt,9,-20.0,1,271.000,0.1013,0.1003
kp20 run1.txt,9,-20.0,1,272.000,0.0933,0.1003
kp20 run1.txt,9,-20.0,1,273.000,0.1024,0.1003
kp20 run1.txt,9,-20.0,1,274.000,0.1006,0.1003
kp20 run1.txt,9,-20.0,1,275.000,0.0947,0.1003
kp20 run1.txt,9,-20.0,1,276.000,0.1108,0.1003
kp20 run1.txt,9,-20.0,1,277.000,0.0998,0.1003
kp20 run1.txt,9,-20.0,1,278.000,0.0998,0.1003
kp20 run1.txt,9,-20.0,1,279.000,0.1020,0.1003
kp20 run1.txt,9,-20.0,1,280.000,0.1006,0.1003
kp20 run1.txt,9,-20.0,1,281.000,0.0987,0.1003
kp20 run1.txt,9,-20.0,1,282.000,0.0958,0.1003
kp20 run1.txt,9,-20.0,1,283.000,0.0969,0.1003
kp20 run1.txt,9,-20.0,1,284.000,0.1035,0.1003
kp20 run1.txt,9,-20.0,1,285.000,0.1006,0.1003
kp20 run1.txt,9,-20.0,1,286.000,0.1006,0.1003
kp20 run1.txt,9,-20.0,1,287.000,0.1006,0.1003
kp20 run1.txt,9,-20.0,1,288.000,0.0991,0.1003
kp20 run1.txt,9,-20.0,1,289.000,0.1013,0.1003
kp20 run1.txt,9,-20.0,1,290.000,0.0991,0.1003
kp20 run1.txt,9,-20.0,1,291.000,0.1115,0.1003
kp20 run1.txt,9,-20.0,1,292.000,0.1093,0.1003
kp20 run1.txt,9,-20.0,1,293.000,0.0998,0.1002
kp20 run1.txt,9,-20.0,1,294.000,0.1020,0.1002
kp20 run1.txt,9,-20.0,1,295.000,0.0969,0.1002
kp20 run1.txt,9,-20.0,1,296.000,0.0998,0.1002
kp20 run1.txt,9,-20.0,1,297.000,0.0998,0.1002
kp20 run1.txt,9,-20.0,1,298.000,0.1046,0.1002
kp20 run1.txt,9,-20.0,1,299.000,0.1006,0.1002
kp20 run1.txt,9,-20.0,1,300.000,0.1006,0.1002
kp20 run1.txt,9,-20.0,1,301.000,0.0998,0.1002
kp20 run1.txt,9,-20.0,1,302.000,0.0991,0.1002
kp20 run1.txt,9,-20.0,1,303.000,0.0998,0.1002
kp20 run1.txt,9,-20.0,1,304.000,0.1006,0.1002
kp20 run1.txt,9,-20.0,1,305.000,0.1006,0.1001
kp20 run1.txt,9,-20.0,1,306.000,0.0933,0.1001
kp20 run1.txt,9,-20.0,1,307.000,0.0962,0.1001
kp20 run1.txt,9,-20.0,1,308.000,0.0987,0.1001
kp20 run1.txt,9,-20.0,1,309.000,0.0998,0.1001
kp20 run1.txt,9,-20.0,1,310.000,0.1035,0.1001
kp20 run1.txt,9,-20.0,1,311.000,0.0969,0.1001
kp20 run1.txt,9,-20.0,1,312.000,0.1009,0.1001
kp20 run1.txt,9,-20.0,1,313.000,0.0998,0.1001
kp20 run1.txt,9,-20.0,1,314.000,0.1009,0.1001
kp20 run1.txt,9,-20.0,1,315.000,0.1111,0.1001
kp20 run1.txt,9,-20.0,1,316.000,0.1020,0.1001
kp20 run1.txt,9,-20.0,1,317.000,0.0998,0.1001
kp20 run1.txt,9,-20.0,1,318.000,0.1020,0.1001
kp20 run1.txt,9,-20.0,1,319.000,0.0991,0.1000
kp20 run1.txt,9,-20.0,1,320.000,0.0998,0.1000
kp20 run1.txt,9,-20.0,1,321.000,0.1028,0.1000
kp20 run1.txt,9,-20.0,1,322.000,0.1049,0.1000
kp20 run1.txt,9,-20.0,1,323.000,0.1028,0.1000
kp20 run1.txt,9,-20.0,1,324.000,0.0991,0.1000
kp20 run1.txt,9,-20.0,1,325.000,0.1006,0.1000
kp20 run1.txt,9,-20.0,1,326.000,0.0977,0.1000
kp20 run1.txt,9,-20.0,1,327.000,0.1071,0.1000
kp20 run1.txt,9,-20.0,1,328.000,0.0998,0.1000
kp20 run1.txt,9,-20.0,1,329.000,0.1049,0.1000
kp20 run1.txt,9,-20.0,1,330.000,0.0991,0.1000
kp20 run1.txt,9,-20.0,1,331.000,0.0984,0.1000
kp20 run1.txt,9,-20.0,1,332.000,0.1017,0.1000
kp20 run1.txt,9,-20.0,1,333.000,0.1020,0.1000
kp20 run1.txt,9,-20.0,1,334.000,0.0977,0.1000
kp20 run1.txt,9,-20.0,1,335.000,0.1108,0.1000
kp20 run1.txt,9,-20.0,1,336.000,0.0977,0.1000
kp20 run1.txt,9,-20.0,1,337.000,0.1013,0.1000
kp20 run1.txt,9,-20.0,1,338.000,0.1115,0.0999
kp20 run1.txt,9,-20.0,1,339.000,0.0995,0.0999
kp20 run1.txt,9,-20.0,1,340.000,0.0991,0.0999
kp20 run1.txt,9,-20.0,1,341.000,0.1013,0.0999
kp20 run1.txt,9,-20.0,1,342.000,0.0947,0.0999
kp20 run1.txt,9,-20.0,1,343.000,0.1013,0.0999
kp20 run1.txt,9,-20.0,1,344.000,0.1086,0.0999
kp20 run1.txt,9,-20.0,1,345.000,0.0991,0.0999
kp20 run1.txt,9,-20.0,1,346.000,0.1013,0.0999
kp20 run1.txt,9,-20.0,1,347.000,0.0987,0.0999
kp20 run1.txt,9,-20.0,1,348.000,0.1035,0.0999
kp20 run1.txt,9,-20.0,1,349.000,0.1017,0.0999
kp20 run1.txt,9,-20.0,1,350.000,0.1013,0.0999
kp20 run1.txt,9,-20.0,1,351.000,0.1006,0.0999
kp20 run1.txt,9,-20.0,1,352.000,0.0998,0.0999
kp20 run1.txt,9,-20.0,1,353.000,0.1020,0.0999
kp20 run1.txt,9,-20.0,1,354.000,0.0911,0.0999
kp20 run1.txt,9,-20.0,1,355.000,0.1024,0.0999
kp20 run1.txt,9,-20.0,1,356.000,0.1006,0.0999
kp20 run1.txt,9,-20.0,1,357.000,0.1009,0.0999
kp20 run1.txt,9,-20.0,1,358.000,0.1020,0.0999
kp20 run1.txt,9,-20.0,1,359.000,0.1075,0.0999
kp20 run1.txt,9,-20.0,1,360.000,0.0995,0.0999
kp20 run1.txt,9,-20.0,1,361.000,0.0998,0.0999
kp20 run1.txt,9,-20.0,1,362.000,0.0962,0.0999
kp20 run1.txt,9,-20.0,1,363.000,0.1017,0.0999
kp20 run1.txt,9,-20.0,1,364.000,0.1035,0.0999
kp20 run1.txt,9,-20.0,1,365.000,0.0998,0.0999
kp20 run1.txt,9,-20.0,1,366.000,0.0998,0.0999
kp20 run1.txt,9,-20.0,1,367.000,0.1035,0.0999
kp20 run1.txt,9,-20.0,1,368.000,0.0969,0.0999
kp20 run1.txt,9,-20.0,1,369.000,0.0969,0.0999
kp20 run1.txt,9,-20.0,1,370.000,0.1013,0.0999
kp20 run1.txt,9,-20.0,1,371.000,0.0991,0.0999
kp20 run1.txt,9,-20.0,1,372.000,0.1006,0.0999
kp20 run1.txt,9,-20.0,1,373.000,0.0984,0.0999
kp20 run1.txt,9,-20.0,1,374.000,0.1013,0.0999
kp20 run1.txt,9,-20.0,1,375.000,0.1006,0.0999
kp20 run1.txt,9,-20.0,1,376.000,0.1028,0.0999
kp20 run1.txt,9,-20.0,1,377.000,0.1006,0.0999
kp20 run1.txt,9,-20.0,1,378.000,0.1009,0.0999
kp20 run1.txt,9,-20.0,1,379.000,0.1017,0.0999
kp20 run1.txt,9,-20.0,1,380.000,0.1002,0.0999
kp20 run1.txt,9,-20.0,1,381.000,0.1042,0.0999
kp20 run1.txt,9,-20.0,1,382.000,0.1013,0.0999
kp20 run1.txt,9,-20.0,1,383.000,0.1006,0.0999
kp20 run1.txt,9,-20.0,1,384.000,0.1060,0.0999
kp20 run1.txt,9,-20.0,1,385.000,0.1009,0.0999
kp20 run1.txt,9,-20.0,1,386.000,0.0962,0.0999
kp20 run1.txt,9,-20.0,1,387.000,0.0977,0.0999
kp20 run1.txt,9,-20.0,1,388.000,0.0991,0.0999
kp20 run1.txt,9,-20.0,1,389.000,0.1017,0.0999
kp20 run1.txt,9,-20.0,1,390.000,0.0991,0.0999
kp20 run1.txt,9,-20.0,1,391.000,0.0998,0.0999
kp20 run1.txt,9,-20.0,1,392.000,0.0991,0.0999
kp20 run1.txt,9,-20.0,1,393.000,0.1017,0.0999
kp20 run1.txt,9,-20.0,1,394.000,0.0977,0.0999
kp20 run1.txt,9,-20.0,1,395.000,0.0995,0.0999
kp20 run1.txt,9,-20.0,1,396.000,0.1020,0.0999
kp20 run1.txt,9,-20.0,1,397.000,0.0998,0.0999
kp20 run1.txt,9,-20.0,1,398.000,0.1013,0.0999
kp20 run1.txt,9,-20.0,1,399.000,0.1017,0.0999
kp20 run1.txt,9,-20.0,1,400.000,0.0998,0.0999
kp20 run1.txt,9,-20.0,1,401.000,0.0969,0.0999
kp20 run1.txt,9,-20.0,1,402.000,0.1017,0.0999
kp20 run1.txt,9,-20.0,1,403.000,0.0991,0.0999
kp20 run1.txt,9,-20.0,1,404.000,0.0998,0.0999
kp20 run1.txt,9,-20.0,1,405.000,0.0969,0.0999
kp20 run1.txt,9,-20.0,1,406.000,0.0998,0.0999
kp20 run1.txt,9,-20.0,1,407.000,0.0977,0.0999
kp20 run1.txt,9,-20.0,1,408.000,0.1020,0.0999
kp20 run1.txt,9,-20.0,1,409.000,0.0867,0.0999
kp20 run1.txt,9,-20.0,1,410.000,0.1013,0.0999
kp20 run1.txt,9,-20.0,1,411.000,0.0969,0.0999
kp20 run1.txt,9,-20.0,1,412.000,0.1017,0.0999
kp20 run1.txt,9,-20.0,1,413.000,0.0998,0.0999
kp20 run1.txt,9,-20.0,1,414.000,0.1013,0.0999
kp20 run1.txt,9,-20.0,1,415.000,0.1017,0.0999
kp20 run1.txt,9,-20.0,1,416.000,0.1017,0.0999
kp20 run1.txt,9,-20.0,1,417.000,0.1006,0.0999
kp20 run1.txt,9,-20.0,1,418.000,0.1020,0.0999
kp20 run1.txt,9,-20.0,1,419.000,0.0933,0.1000
kp20 run1.txt,9,-20.0,1,420.000,0.1035,0.1000
kp20 run1.txt,9,-20.0,1,421.000,0.0998,0.1000
kp20 run1.txt,9,-20.0,1,422.000,0.0998,0.1000
kp20 run1.txt,9,-20.0,1,423.000,0.1042,0.1000
kp20 run1.txt,9,-20.0,1,424.000,0.1049,0.1000
kp20 run1.txt,9,-20.0,1,425.000,0.1017,0.1000
kp20 run1.txt,9,-20.0,1,426.000,0.0955,0.1000
kp20 run1.txt,9,-20.0,1,427.000,0.1006,0.1000
kp20 run1.txt,9,-20.0,1,428.000,0.0991,0.1000
kp20 run1.txt,9,-20.0,1,429.000,0.0991,0.1000
kp20 run1.txt,9,-20.0,1,430.000,0.0998,0.1000
kp20 run1.txt,9,-20.0,1,431.000,0.0977,0.1000
kp20 run1.txt,9,-20.0,1,432.000,0.1006,0.1000
kp20 run1.txt,9,-20.0,1,433.000,0.1035,0.1000
kp20 run1.txt,9,-20.0,1,434.000,0.1093,0.1000
kp20 run1.txt,9,-20.0,1,435.000,0.1042,0.1000
kp20 run1.txt,9,-20.0,1,436.000,0.0998,0.1000
kp20 run1.txt,9,-20.0,1,437.000,0.1006,0.1000
kp20 run1.txt,9,-20.0,1,438.000,0.1013,0.1000
kp20 run1.txt,9,-20.0,1,439.000,0.1049,0.1000
kp20 run1.txt,9,-20.0,1,440.000,0.1006,0.1000
kp20 run1.txt,9,-20.0,1,441.000,0.0991,0.1000
kp20 run1.txt,9,-20.0,1,442.000,0.1006,0.1000
kp20 run1.txt,9,-20.0,1,443.000,0.0991,0.1000
kp20 run1.txt,9,-20.0,1,444.000,0.1028,0.1000
kp20 run1.txt,9,-20.0,1,445.000,0.0984,0.1000
kp20 run1.txt,9,-20.0,1,446.000,0.1020,0.1000
kp20 run1.txt,9,-20.0,1,447.000,0.0998,0.1000
kp20 run1.txt,9,-20.0,1,448.000,0.1013,0.1000
kp20 run1.txt,9,-20.0,1,449.000,0.1068,0.1000
kp20 run1.txt,9,-20.0,1,450.000,0.0998,0.1000
kp20 run1.txt,9,-20.0,1,451.000,0.0987,0.1000
kp20 run1.txt,9,-20.0,1,452.000,0.1035,0.1000
kp20 run1.txt,9,-20.0,1,453.000,0.1013,0.1000
kp20 run1.txt,9,-20.0,1,454.000,0.1006,0.1000
kp20 run1.txt,9,-20.0,1,455.000,0.0998,0.1000
kp20 run1.txt,9,-20.0,1,456.000,0.0980,0.1000
kp20 run1.txt,9,-20.0,1,457.000,0.1006,0.1000
kp20 run1.txt,9,-20.0,1,458.000,0.0962,0.1000
kp20 run1.txt,9,-20.0,1,459.000,0.1020,0.1000
kp20 run1.txt,9,-20.0,1,460.000,0.0998,0.1000
kp20 run1.txt,9,-20.0,1,461.000,0.0998,0.1000
kp20 run1.txt,9,-20.0,1,462.000,0.1013,0.1000
kp20 run1.txt,9,-20.0,1,463.000,0.1017,0.1000
kp20 run1.txt,9,-20.0,1,464.000,0.1017,0.1000
kp20 run1.txt,9,-20.0,1,465.000,0.1020,0.1000
kp20 run1.txt,9,-20.0,1,466.000,0.1020,0.1000
kp20 run1.txt,9,-20.0,1,467.000,0.1006,0.1000
kp20 run1.txt,9,-20.0,1,468.000,0.0998,0.1000
kp20 run1.txt,9,-20.0,1,469.000,0.1013,0.1000
kp20 run1.txt,9,-20.0,1,470.000,0.1002,0.1000
kp20 run1.txt,9,-20.0,1,471.000,0.0998,0.1000
kp20 run1.txt,9,-20.0,1,472.000,0.1017,0.1000
kp20 run1.txt,9,-20.0,1,473.000,0.1028,0.1000
kp20 run1.txt,9,-20.0,1,474.000,0.1009,0.1000
kp20 run1.txt,9,-20.0,1,475.000,0.0977,0.1000
kp20 run1.txt,9,-20.0,1,476.000,0.0969,0.1000
kp20 run1.txt,9,-20.0,1,477.000,0.0962,0.1000
kp20 run1.txt,9,-20.0,1,478.000,0.1020,0.1000
kp20 run1.txt,9,-20.0,1,479.000,0.1100,0.1000
kp20 run1.txt,9,-20.0,1,480.000,0.0933,0.1000
kp20 run1.txt,9,-20.0,1,481.000,0.1057,0.1000
kp20 run1.txt,9,-20.0,1,482.000,0.0991,0.1000
kp20 run1.txt,9,-20.0,1,483.000,0.1020,0.1000
kp20 run1.txt,9,-20.0,1,484.000,0.0995,0.1000
kp20 run1.txt,9,-20.0,1,485.000,0.1035,0.1000
kp20 run1.txt,9,-20.0,1,486.000,0.1028,0.1000
kp20 run1.txt,9,-20.0,1,487.000,0.0911,0.1000
kp20 run1.txt,9,-20.0,1,488.000,0.0984,0.1000
kp20 run1.txt,9,-20.0,1,489.000,0.0998,0.1000
kp20 run1.txt,9,-20.0,1,490.000,0.0995,0.1000
kp20 run1.txt,9,-20.0,1,491.000,0.1013,0.1000
kp20 run1.txt,9,-20.0,1,492.000,0.0998,0.1000
kp20 run1.txt,9,-20.0,1,493.000,0.1024,0.1000
kp20 run1.txt,9,-20.0,1,494.000,0.0991,0.1000
kp20 run1.txt,9,-20.0,1,495.000,0.0951,0.1000
kp20 run1.txt,9,-20.0,1,496.000,0.1028,0.1000
kp20 run1.txt,9,-20.0,1,497.000,0.1028,0.1000
kp20 run1.txt,9,-20.0,1,498.000,0.1020,0.1000
kp20 run1.txt,9,-20.0,1,499.000,0.0925,0.1000
kp20 run1.txt,9,-20.0,1,500.000,0.1006,0.1000
kp20 run1.txt,9,-20.0,1,501.000,0.0991,0.1000
kp20 run1.txt,9,-20.0,1,502.000,0.0977,0.1000
kp20 run1.txt,9,-20.0,1,503.000,0.1057,0.1000
kp20 run1.txt,9,-20.0,1,504.000,0.0962,0.1000
kp20 run1.txt,9,-20.0,1,505.000,0.1020,0.1000
kp20 run1.txt,9,-20.0,1,506.000,0.0991,0.1000
kp20 run1.txt,9,-20.0,1,507.000,0.0991,0.1000
kp20 run1.txt,9,-20.0,1,508.000,0.0995,0.1000
kp20 run1.txt,9,-20.0,1,509.000,0.1013,0.1000
kp20 run1.txt,9,-20.0,1,510.000,0.1017,0.1000
kp20 run1.txt,9,-20.0,1,511.000,0.0984,0.1000
kp20 run1.txt,9,-20.0,1,512.000,0.1024,0.1000
kp20 run1.txt,9,-20.0,1,513.000,0.0998,0.1000
kp20 run1.txt,9,-20.0,1,514.000,0.1020,0.1000
kp20 run1.txt,9,-20.0,1,515.000,0.0962,0.1000
kp20 run1.txt,9,-20.0,1,516.000,0.1006,0.1000
kp20 run1.txt,9,-20.0,1,517.000,0.0991,0.1000
kp20 run1.txt,9,-20.0,1,518.000,0.0962,0.1000
kp20 run1.txt,9,-20.0,1,519.000,0.0998,0.1000
kp20 run1.txt,9,-20.0,1,520.000,0.1017,0.1000
kp20 run1.txt,9,-20.0,1,521.000,0.0900,0.1000
kp20 run1.txt,9,-20.0,1,522.000,0.0998,0.1000
kp20 run1.txt,9,-20.0,1,523.000,0.1013,0.1000
kp20 run1.txt,9,-20.0,1,524.000,0.0991,0.1000
kp20 run1.txt,9,-20.0,1,525.000,0.1009,0.1000
kp20 run1.txt,9,-20.0,1,526.000,0.0998,0.1000
kp20 run1.txt,9,-20.0,1,527.000,0.0998,0.1000
kp20 run1.txt,9,-20.0,1,528.000,0.1002,0.1000
kp20 run1.txt,9,-20.0,1,529.000,0.0969,0.1000
kp20 run1.txt,9,-20.0,1,530.000,0.1028,0.1000
kp20 run1.txt,9,-20.0,1,531.000,0.1009,0.1000
kp20 run1.txt,9,-20.0,1,532.000,0.0991,0.1000
kp20 run1.txt,9,-20.0,1,533.000,0.1049,0.1000
kp20 run1.txt,9,-20.0,1,534.000,0.1020,0.1000
kp20 run1.txt,9,-20.0,1,535.000,0.1013,0.1000
kp20 run1.txt,9,-20.0,1,536.000,0.0998,0.1000
kp20 run1.txt,9,-20.0,1,537.000,0.0998,0.1000
kp20 run1.txt,9,-20.0,1,538.000,0.1013,0.1000
kp20 run1.txt,9,-20.0,1,539.000,0.1009,0.1000
kp20 run1.txt,9,-20.0,1,540.000,0.0998,0.1000
kp20 run1.txt,9,-20.0,1,541.000,0.0962,0.1000
kp20 run1.txt,9,-20.0,1,542.000,0.0845,0.1000
kp20 run1.txt,9,-20.0,1,543.000,0.0969,0.1000
kp20 run1.txt,9,-20.0,1,544.000,0.1035,0.1000
kp20 run1.txt,9,-20.0,1,545.000,0.0977,0.1000
kp20 run1.txt,9,-20.0,1,546.000,0.1013,0.1000
kp20 run1.txt,9,-20.0,1,547.000,0.0991,0.1000
kp20 run1.txt,9,-20.0,1,548.000,0.0984,0.1000
kp20 run1.txt,9,-20.0,1,549.000,0.0998,0.1000
kp20 run1.txt,9,-20.0,1,550.000,0.1013,0.1000
kp20 run1.txt,9,-20.0,1,551.000,0.1020,0.1000
kp20 run1.txt,9,-20.0,1,552.000,0.1020,0.1000
kp20 run1.txt,9,-20.0,1,553.000,0.1017,0.1000
kp20 run1.txt,9,-20.0,1,554.000,0.1017,0.1000
kp20 run1.txt,9,-20.0,1,555.000,0.0998,0.1000
kp20 run1.txt,9,-20.0,1,556.000,0.1035,0.1000
kp20 run1.txt,9,-20.0,1,557.000,0.1006,0.1000
kp20 run1.txt,9,-20.0,1,558.000,0.0991,0.1000
kp20 run1.txt,9,-20.0,1,559.000,0.1130,0.1000
kp20 run1.txt,9,-20.0,1,560.000,0.1079,0.1000
kp20 run1.txt,9,-20.0,1,561.000,0.0962,0.1000
kp20 run1.txt,9,-20.0,1,562.000,0.1017,0.1000
kp20 run1.txt,9,-20.0,1,563.000,0.1017,0.1000
kp20 run1.txt,9,-20.0,1,564.000,0.1020,0.1000
kp20 run1.txt,9,-20.0,1,565.000,0.1013,0.1000
kp20 run1.txt,9,-20.0,1,566.000,0.1020,0.1000
kp20 run1.txt,9,-20.0,1,567.000,0.1086,0.1000
kp20 run1.txt,9,-20.0,1,568.000,0.1035,0.1000
kp20 run1.txt,9,-20.0,1,569.000,0.1006,0.1000
kp20 run1.txt,9,-20.0,1,570.000,0.1013,0.1000
kp20 run1.txt,9,-20.0,1,571.000,0.1006,0.1000
kp20 run1.txt,9,-20.0,1,572.000,0.1006,0.1000
kp20 run1.txt,9,-20.0,1,573.000,0.0987,0.1000
kp20 run1.txt,9,-20.0,1,574.000,0.1006,0.1000
kp20 run1.txt,9,-20.0,1,575.000,0.0998,0.1000
kp20 run1.txt,9,-20.0,1,576.000,0.1035,0.1000
kp20 run1.txt,9,-20.0,1,577.000,0.1006,0.1000
kp20 run1.txt,9,-20.0,1,578.000,0.1028,0.1000
kp20 run1.txt,9,-20.0,1,579.000,0.1049,0.1000
kp20 run1.txt,9,-20.0,1,580.000,0.0998,0.1000
kp20 run1.txt,9,-20.0,1,581.000,0.1006,0.1000
kp20 run1.txt,9,-20.0,1,582.000,0.0980,0.1000
kp20 run1.txt,9,-20.0,1,583.000,0.0977,0.1000
kp20 run1.txt,9,-20.0,1,584.000,0.0995,0.1000
kp20 run1.txt,9,-20.0,1,585.000,0.0962,0.1000
kp20 run1.txt,9,-20.0,1,586.000,0.0991,0.1000
kp20 run1.txt,9,-20.0,1,587.000,0.0918,0.1000
kp20 run1.txt,9,-20.0,1,588.000,0.0984,0.1000
kp20 run1.txt,9,-20.0,1,589.000,0.1020,0.1000
kp20 run1.txt,9,-20.0,1,590.000,0.0991,0.1000
kp20 run1.txt,9,-20.0,1,591.000,0.0977,0.1000
kp20 run1.txt,9,-20.0,1,592.000,0.0980,0.1000
kp20 run1.txt,9,-20.0,1,593.000,0.0998,0.1000
kp20 run1.txt,9,-20.0,1,594.000,0.0933,0.1000
kp20 run1.txt,9,-20.0,1,595.000,0.0940,0.1000
kp20 run1.txt,9,-20.0,1,596.000,0.0998,0.1000
kp20 run1.txt,9,-20.0,1,597.000,0.0991,0.1000
kp20 run1.txt,9,-20.0,1,598.000,0.0987,0.1000
kp20 run1.txt,9,-20.0,1,599.000,0.0998,0.1000
kp20 run1.txt,10,-20.0,-1,0.000,0.0969,0.1008
kp20 run1.txt,10,-20.0,-1,1.000,0.1006,0.1008
kp20 run1.txt,10,-20.0,-1,2.000,0.1049,0.1006
kp20 run1.txt,10,-20.0,-1,3.000,0.0998,0.1001
kp20 run1.txt,10,-20.0,-1,4.000,0.0987,0.0992
kp20 run1.txt,10,-20.0,-1,5.000,0.1035,0.0981
kp20 run1.txt,10,-20.0,-1,6.000,0.0991,0.0966
kp20 run1.txt,10,-20.0,-1,7.000,0.0933,0.0949
kp20 run1.txt,10,-20.0,-1,8.000,0.0918,0.0929
kp20 run1.txt,10,-20.0,-1,9.000,0.0904,0.0907
kp20 run1.txt,10,-20.0,-1,10.000,0.0882,0.0883
kp20 run1.txt,10,-20.0,-1,11.000,0.0860,0.0857
kp20 run1.txt,10,-20.0,-1,12.000,0.0816,0.0828
kp20 run1.txt,10,-20.0,-1,13.000,0.0802,0.0798
kp20 run1.txt,10,-20.0,-1,14.000,0.0791,0.0766
kp20 run1.txt,10,-20.0,-1,15.000,0.0747,0.0733
kp20 run1.txt,10,-20.0,-1,16.000,0.0685,0.0698
kp20 run1.txt,10,-20.0,-1,17.000,0.0667,0.0661
kp20 run1.txt,10,-20.0,-1,18.000,0.0590,0.0624
kp20 run1.txt,10,-20.0,-1,19.000,0.0612,0.0585
kp20 run1.txt,10,-20.0,-1,20.000,0.0576,0.0546
kp20 run1.txt,10,-20.0,-1,21.000,0.0473,0.0505
kp20 run1.txt,10,-20.0,-1,22.000,0.0543,0.0464
kp20 run1.txt,10,-20.0,-1,23.000,0.0481,0.0423
kp20 run1.txt,10,-20.0,-1,24.000,0.0466,0.0380
kp20 run1.txt,10,-20.0,-1,25.000,0.0277,0.0338
kp20 run1.txt,10,-20.0,-1,26.000,0.0328,0.0295
kp20 run1.txt,10,-20.0,-1,27.000,0.0277,0.0251
kp20 run1.txt,10,-20.0,-1,28.000,0.0262,0.0208
kp20 run1.txt,10,-20.0,-1,29.000,0.0218,0.0164
kp20 run1.txt,10,-20.0,-1,30.000,0.0182,0.0120
kp20 run1.txt,10,-20.0,-1,31.000,0.0178,0.0077
kp20 run1.txt,10,-20.0,-1,32.000,0.0087,0.0033
kp20 run1.txt,10,-20.0,-1,33.000,0.0025,-0.0010
kp20 run1.txt,10,-20.0,-1,34.000,-0.0051,-0.0053
kp20 run1.txt,10,-20.0,-1,35.000,-0.0030,-0.0096
kp20 run1.txt,10,-20.0,-1,36.000,-0.0088,-0.0138
kp20 run1.txt,10,-20.0,-1,37.000,-0.0183,-0.0180
kp20 run1.txt,10,-20.0,-1,38.000,-0.0168,-0.0221
kp20 run1.txt,10,-20.0,-1,39.000,-0.0121,-0.0262
kp20 run1.txt,10,-20.0,-1,40.000,-0.0234,-0.0302
kp20 run1.txt,10,-20.0,-1,41.000,-0.0299,-0.0342
kp20 run1.txt,10,-20.0,-1,42.000,-0.0292,-0.0381
kp20 run1.txt,10,-20.0,-1,43.000,-0.0354,-0.0419
kp20 run1.txt,10,-20.0,-1,44.000,-0.0409,-0.0456
kp20 run1.txt,10,-20.0,-1,45.000,-0.0496,-0.0493
kp20 run1.txt,10,-20.0,-1,46.000,-0.0482,-0.0529
kp20 run1.txt,10,-20.0,-1,47.000,-0.0496,-0.0564
kp20 run1.txt,10,-20.0,-1,48.000,-0.0533,-0.0599
kp20 run1.txt,10,-20.0,-1,49.000,-0.0584,-0.0632
kp20 run1.txt,10,-20.0,-1,50.000,-0.0657,-0.0665
kp20 run1.txt,10,-20.0,-1,51.000,-0.0635,-0.0696
kp20 run1.txt,10,-20.0,-1,52.000,-0.0675,-0.0727
kp20 run1.txt,10,-20.0,-1,53.000,-0.0700,-0.0757
kp20 run1.txt,10,-20.0,-1,54.000,-0.0762,-0.0786
kp20 run1.txt,10,-20.0,-1,55.000,-0.0780,-0.0814
kp20 run1.txt,10,-20.0,-1,56.000,-0.0839,-0.0841
kp20 run1.txt,10,-20.0,-1,57.000,-0.0832,-0.0867
kp20 run1.txt,10,-20.0,-1,58.000,-0.0853,-0.0892
kp20 run1.txt,10,-20.0,-1,59.000,-0.0875,-0.0916
kp20 run1.txt,10,-20.0,-1,60.000,-0.0883,-0.0940
kp20 run1.txt,10,-20.0,-1,61.000,-0.1028,-0.0962
kp20 run1.txt,10,-20.0,-1,62.000,-0.0948,-0.0983
kp20 run1.txt,10,-20.0,-1,63.000,-0.0974,-0.1004
kp20 run1.txt,10,-20.0,-1,64.000,-0.0992,-0.1023
kp20 run1.txt,10,-20.0,-1,65.000,-0.1021,-0.1042
kp20 run1.txt,10,-20.0,-1,66.000,-0.1079,-0.1060
kp20 run1.txt,10,-20.0,-1,67.000,-0.1050,-0.1076
kp20 run1.txt,10,-20.0,-1,68.000,-0.1101,-0.1092
kp20 run1.txt,10,-20.0,-1,69.000,-0.1101,-0.1107
kp20 run1.txt,10,-20.0,-1,70.000,-0.1109,-0.1121
kp20 run1.txt,10,-20.0,-1,71.000,-0.1094,-0.1135
kp20 run1.txt,10,-20.0,-1,72.000,-0.1145,-0.1147
kp20 run1.txt,10,-20.0,-1,73.000,-0.1171,-0.1159
kp20 run1.txt,10,-20.0,-1,74.000,-0.1298,-0.1170
kp20 run1.txt,10,-20.0,-1,75.000,-0.1178,-0.1180
kp20 run1.txt,10,-20.0,-1,76.000,-0.1181,-0.1190
kp20 run1.txt,10,-20.0,-1,77.000,-0.1196,-0.1198
kp20 run1.txt,10,-20.0,-1,78.000,-0.1218,-0.1206
kp20 run1.txt,10,-20.0,-1,79.000,-0.1225,-0.1213
kp20 run1.txt,10,-20.0,-1,80.000,-0.1247,-0.1220
kp20 run1.txt,10,-20.0,-1,81.000,-0.1218,-0.1226
kp20 run1.txt,10,-20.0,-1,82.000,-0.1229,-0.1231
kp20 run1.txt,10,-20.0,-1,83.000,-0.1203,-0.1236
kp20 run1.txt,10,-20.0,-1,84.000,-0.1240,-0.1240
kp20 run1.txt,10,-20.0,-1,85.000,-0.1276,-0.1243
kp20 run1.txt,10,-20.0,-1,86.000,-0.1236,-0.1246
kp20 run1.txt,10,-20.0,-1,87.000,-0.1247,-0.1248
kp20 run1.txt,10,-20.0,-1,88.000,-0.1254,-0.1250
kp20 run1.txt,10,-20.0,-1,89.000,-0.1232,-0.1251
kp20 run1.txt,10,-20.0,-1,90.000,-0.1254,-0.1252
kp20 run1.txt,10,-20.0,-1,91.000,-0.1225,-0.1253
kp20 run1.txt,10,-20.0,-1,92.000,-0.1262,-0.1252
kp20 run1.txt,10,-20.0,-1,93.000,-0.1254,-0.1252
kp20 run1.txt,10,-20.0,-1,94.000,-0.1247,-0.1251
kp20 run1.txt,10,-20.0,-1,95.000,-0.1112,-0.1250
kp20 run1.txt,10,-20.0,-1,96.000,-0.1240,-0.1248
kp20 run1.txt,10,-20.0,-1,97.000,-0.1211,-0.1246
kp20 run1.txt,10,-20.0,-1,98.000,-0.1225,-0.1244
kp20 run1.txt,10,-20.0,-1,99.000,-0.1181,-0.1241
kp20 run1.txt,10,-20.0,-1,100.000,-0.1247,-0.1238
kp20 run1.txt,10,-20.0,-1,101.000,-0.1276,-0.1235
kp20 run1.txt,10,-20.0,-1,102.000,-0.1189,-0.1232
kp20 run1.txt,10,-20.0,-1,103.000,-0.1232,-0.1228
kp20 run1.txt,10,-20.0,-1,104.000,-0.1247,-0.1224
kp20 run1.txt,10,-20.0,-1,105.000,-0.1189,-0.1220
kp20 run1.txt,10,-20.0,-1,106.000,-0.1196,-0.1216
kp20 run1.txt,10,-20.0,-1,107.000,-0.1240,-0.1212
kp20 run1.txt,10,-20.0,-1,108.000,-0.1232,-0.1207
kp20 run1.txt,10,-20.0,-1,109.000,-0.1276,-0.1202
kp20 run1.txt,10,-20.0,-1,110.000,-0.1181,-0.1197
kp20 run1.txt,10,-20.0,-1,111.000,-0.1174,-0.1193
kp20 run1.txt,10,-20.0,-1,112.000,-0.1189,-0.1187
kp20 run1.txt,10,-20.0,-1,113.000,-0.1203,-0.1182
kp20 run1.txt,10,-20.0,-1,114.000,-0.1152,-0.1177
kp20 run1.txt,10,-20.0,-1,115.000,-0.1160,-0.1172
kp20 run1.txt,10,-20.0,-1,116.000,-0.1130,-0.1167
kp20 run1.txt,10,-20.0,-1,117.000,-0.1152,-0.1161
kp20 run1.txt,10,-20.0,-1,118.000,-0.1160,-0.1156
kp20 run1.txt,10,-20.0,-1,119.000,-0.1123,-0.1151
kp20 run1.txt,10,-20.0,-1,120.000,-0.1152,-0.1145
kp20 run1.txt,10,-20.0,-1,121.000,-0.1130,-0.1140
kp20 run1.txt,10,-20.0,-1,122.000,-0.1043,-0.1134
kp20 run1.txt,10,-20.0,-1,123.000,-0.1145,-0.1129
kp20 run1.txt,10,-20.0,-1,124.000,-0.1141,-0.1124
kp20 run1.txt,10,-20.0,-1,125.000,-0.1094,-0.1118
kp20 run1.txt,10,-20.0,-1,126.000,-0.1058,-0.1113
kp20 run1.txt,10,-20.0,-1,127.000,-0.1072,-0.1108
kp20 run1.txt,10,-20.0,-1,128.000,-0.1130,-0.1103
kp20 run1.txt,10,-20.0,-1,129.000,-0.1043,-0.1098
kp20 run1.txt,10,-20.0,-1,130.000,-0.1021,-0.1093
kp20 run1.txt,10,-20.0,-1,131.000,-0.1109,-0.1088
kp20 run1.txt,10,-20.0,-1,132.000,-0.1025,-0.1083
kp20 run1.txt,10,-20.0,-1,133.000,-0.1050,-0.1078
kp20 run1.txt,10,-20.0,-1,134.000,-0.1021,-0.1074
kp20 run1.txt,10,-20.0,-1,135.000,-0.1043,-0.1069
kp20 run1.txt,10,-20.0,-1,136.000,-0.0996,-0.1065
kp20 run1.txt,10,-20.0,-1,137.000,-0.0996,-0.1060
kp20 run1.txt,10,-20.0,-1,138.000,-0.0985,-0.1056
kp20 run1.txt,10,-20.0,-1,139.000,-0.0875,-0.1052
kp20 run1.txt,10,-20.0,-1,140.000,-0.0963,-0.1048
kp20 run1.txt,10,-20.0,-1,141.000,-0.0985,-0.1044
kp20 run1.txt,10,-20.0,-1,142.000,-0.0985,-0.1040
kp20 run1.txt,10,-20.0,-1,143.000,-0.0890,-0.1036
kp20 run1.txt,10,-20.0,-1,144.000,-0.0868,-0.1033
kp20 run1.txt,10,-20.0,-1,145.000,-0.0974,-0.1029
kp20 run1.txt,10,-20.0,-1,146.000,-0.0966,-0.1026
kp20 run1.txt,10,-20.0,-1,147.000,-0.0966,-0.1022
kp20 run1.txt,10,-20.0,-1,148.000,-0.0970,-0.1019
kp20 run1.txt,10,-20.0,-1,149.000,-0.0955,-0.1016
kp20 run1.txt,10,-20.0,-1,150.000,-0.1021,-0.1013
kp20 run1.txt,10,-20.0,-1,151.000,-0.0977,-0.1010
kp20 run1.txt,10,-20.0,-1,152.000,-0.0970,-0.1008
kp20 run1.txt,10,-20.0,-1,153.000,-0.0985,-0.1005
kp20 run1.txt,10,-20.0,-1,154.000,-0.0963,-0.1003
kp20 run1.txt,10,-20.0,-1,155.000,-0.1119,-0.1000
kp20 run1.txt,10,-20.0,-1,156.000,-0.1058,-0.0998
kp20 run1.txt,10,-20.0,-1,157.000,-0.0963,-0.0996
kp20 run1.txt,10,-20.0,-1,158.000,-0.0974,-0.0994
kp20 run1.txt,10,-20.0,-1,159.000,-0.0985,-0.0992
kp20 run1.txt,10,-20.0,-1,160.000,-0.1036,-0.0990
kp20 run1.txt,10,-20.0,-1,161.000,-0.0941,-0.0989
kp20 run1.txt,10,-20.0,-1,162.000,-0.0985,-0.0987
kp20 run1.txt,10,-20.0,-1,163.000,-0.0985,-0.0986
kp20 run1.txt,10,-20.0,-1,164.000,-0.0926,-0.0984
kp20 run1.txt,10,-20.0,-1,165.000,-0.0985,-0.0983
kp20 run1.txt,10,-20.0,-1,166.000,-0.0985,-0.0982
kp20 run1.txt,10,-20.0,-1,167.000,-0.0966,-0.0981
kp20 run1.txt,10,-20.0,-1,168.000,-0.0963,-0.0980
kp20 run1.txt,10,-20.0,-1,169.000,-0.0996,-0.0979
kp20 run1.txt,10,-20.0,-1,170.000,-0.0992,-0.0978
kp20 run1.txt,10,-20.0,-1,171.000,-0.0977,-0.0977
kp20 run1.txt,10,-20.0,-1,172.000,-0.0985,-0.0976
kp20 run1.txt,10,-20.0,-1,173.000,-0.0955,-0.0976
kp20 run1.txt,10,-20.0,-1,174.000,-0.0999,-0.0975
kp20 run1.txt,10,-20.0,-1,175.000,-0.1025,-0.0975
kp20 run1.txt,10,-20.0,-1,176.000,-0.0977,-0.0974
kp20 run1.txt,10,-20.0,-1,177.000,-0.0985,-0.0974
kp20 run1.txt,10,-20.0,-1,178.000,-0.0945,-0.0974
kp20 run1.txt,10,-20.0,-1,179.000,-0.0985,-0.0974
kp20 run1.txt,10,-20.0,-1,180.000,-0.0985,-0.0974
kp20 run1.txt,10,-20.0,-1,181.000,-0.0952,-0.0973
kp20 run1.txt,10,-20.0,-1,182.000,-0.0955,-0.0973
kp20 run1.txt,10,-20.0,-1,183.000,-0.0977,-0.0974
kp20 run1.txt,10,-20.0,-1,184.000,-0.0963,-0.0974
kp20 run1.txt,10,-20.0,-1,185.000,-0.1043,-0.0974
kp20 run1.txt,10,-20.0,-1,186.000,-0.0985,-0.0974
kp20 run1.txt,10,-20.0,-1,187.000,-0.0985,-0.0974
kp20 run1.txt,10,-20.0,-1,188.000,-0.0977,-0.0974
kp20 run1.txt,10,-20.0,-1,189.000,-0.0985,-0.0975
kp20 run1.txt,10,-20.0,-1,190.000,-0.0985,-0.0975
kp20 run1.txt,10,-20.0,-1,191.000,-0.0966,-0.0975
kp20 run1.txt,10,-20.0,-1,192.000,-0.1054,-0.0976
kp20 run1.txt,10,-20.0,-1,193.000,-0.1050,-0.0976
kp20 run1.txt,10,-20.0,-1,194.000,-0.0861,-0.0977
kp20 run1.txt,10,-20.0,-1,195.000,-0.0832,-0.0977
kp20 run1.txt,10,-20.0,-1,196.000,-0.0996,-0.0978
kp20 run1.txt,10,-20.0,-1,197.000,-0.0948,-0.0978
kp20 run1.txt,10,-20.0,-1,198.000,-0.0923,-0.0979
kp20 run1.txt,10,-20.0,-1,199.000,-0.1014,-0.0979
kp20 run1.txt,10,-20.0,-1,200.000,-0.1036,-0.0980
kp20 run1.txt,10,-20.0,-1,201.000,-0.0996,-0.0981
kp20 run1.txt,10,-20.0,-1,202.000,-0.0904,-0.0981
kp20 run1.txt,10,-20.0,-1,203.000,-0.1094,-0.0982
kp20 run1.txt,10,-20.0,-1,204.000,-0.0992,-0.0983
kp20 run1.txt,10,-20.0,-1,205.000,-0.0999,-0.0983
kp20 run1.txt,10,-20.0,-1,206.000,-0.0955,-0.0984
kp20 run1.txt,10,-20.0,-1,207.000,-0.1050,-0.0984
kp20 run1.txt,10,-20.0,-1,208.000,-0.1021,-0.0985
kp20 run1.txt,10,-20.0,-1,209.000,-0.0937,-0.0986
kp20 run1.txt,10,-20.0,-1,210.000,-0.1014,-0.0986
kp20 run1.txt,10,-20.0,-1,211.000,-0.0963,-0.0987
kp20 run1.txt,10,-20.0,-1,212.000,-0.1014,-0.0988
kp20 run1.txt,10,-20.0,-1,213.000,-0.1006,-0.0988
kp20 run1.txt,10,-20.0,-1,214.000,-0.1021,-0.0989
kp20 run1.txt,10,-20.0,-1,215.000,-0.1021,-0.0990
kp20 run1.txt,10,-20.0,-1,216.000,-0.1006,-0.0990
kp20 run1.txt,10,-20.0,-1,217.000,-0.1036,-0.0991
kp20 run1.txt,10,-20.0,-1,218.000,-0.1043,-0.0992
kp20 run1.txt,10,-20.0,-1,219.000,-0.0963,-0.0992
kp20 run1.txt,10,-20.0,-1,220.000,-0.1032,-0.0993
kp20 run1.txt,10,-20.0,-1,221.000,-0.1014,-0.0994
kp20 run1.txt,10,-20.0,-1,222.000,-0.1087,-0.0994
kp20 run1.txt,10,-20.0,-1,223.000,-0.1021,-0.0995
kp20 run1.txt,10,-20.0,-1,224.000,-0.0985,-0.0995
kp20 run1.txt,10,-20.0,-1,225.000,-0.0985,-0.0996
kp20 run1.txt,10,-20.0,-1,226.000,-0.1014,-0.0996
kp20 run1.txt,10,-20.0,-1,227.000,-0.1014,-0.0997
kp20 run1.txt,10,-20.0,-1,228.000,-0.1021,-0.0998
kp20 run1.txt,10,-20.0,-1,229.000,-0.1028,-0.0998
kp20 run1.txt,10,-20.0,-1,230.000,-0.1006,-0.0999
kp20 run1.txt,10,-20.0,-1,231.000,-0.1036,-0.0999
kp20 run1.txt,10,-20.0,-1,232.000,-0.0970,-0.1000
kp20 run1.txt,10,-20.0,-1,233.000,-0.0955,-0.1000
kp20 run1.txt,10,-20.0,-1,234.000,-0.0915,-0.1000
kp20 run1.txt,10,-20.0,-1,235.000,-0.0977,-0.1001
kp20 run1.txt,10,-20.0,-1,236.000,-0.1021,-0.1001
kp20 run1.txt,10,-20.0,-1,237.000,-0.1021,-0.1002
kp20 run1.txt,10,-20.0,-1,238.000,-0.1014,-0.1002
kp20 run1.txt,10,-20.0,-1,239.000,-0.0992,-0.1003
kp20 run1.txt,10,-20.0,-1,240.000,-0.1065,-0.1003
kp20 run1.txt,10,-20.0,-1,241.000,-0.1014,-0.1003
kp20 run1.txt,10,-20.0,-1,242.000,-0.0996,-0.1004
kp20 run1.txt,10,-20.0,-1,243.000,-0.1025,-0.1004
kp20 run1.txt,10,-20.0,-1,244.000,-0.0996,-0.1004
kp20 run1.txt,10,-20.0,-1,245.000,-0.1025,-0.1004
kp20 run1.txt,10,-20.0,-1,246.000,-0.1006,-0.1005
kp20 run1.txt,10,-20.0,-1,247.000,-0.1021,-0.1005
kp20 run1.txt,10,-20.0,-1,248.000,-0.1079,-0.1005
kp20 run1.txt,10,-20.0,-1,249.000,-0.1014,-0.1006
kp20 run1.txt,10,-20.0,-1,250.000,-0.1072,-0.1006
kp20 run1.txt,10,-20.0,-1,251.000,-0.1021,-0.1006
kp20 run1.txt,10,-20.0,-1,252.000,-0.1025,-0.1006
kp20 run1.txt,10,-20.0,-1,253.000,-0.1028,-0.1006
kp20 run1.txt,10,-20.0,-1,254.000,-0.1021,-0.1007
kp20 run1.txt,10,-20.0,-1,255.000,-0.1006,-0.1007
kp20 run1.txt,10,-20.0,-1,256.000,-0.1014,-0.1007
kp20 run1.txt,10,-20.0,-1,257.000,-0.1050,-0.1007
kp20 run1.txt,10,-20.0,-1,258.000,-0.1006,-0.1007
kp20 run1.txt,10,-20.0,-1,259.000,-0.1036,-0.1007
kp20 run1.txt,10,-20.0,-1,260.000,-0.0996,-0.1007
kp20 run1.txt,10,-20.0,-1,261.000,-0.1021,-0.1007
kp20 run1.txt,10,-20.0,-1,262.000,-0.1058,-0.1008
kp20 run1.txt,10,-20.0,-1,263.000,-0.1021,-0.1008
kp20 run1.txt,10,-20.0,-1,264.000,-0.1025,-0.1008
kp20 run1.txt,10,-20.0,-1,265.000,-0.1014,-0.1008
kp20 run1.txt,10,-20.0,-1,266.000,-0.1072,-0.1008
kp20 run1.txt,10,-20.0,-1,267.000,-0.1025,-0.1008
kp20 run1.txt,10,-20.0,-1,268.000,-0.1014,-0.1008
kp20 run1.txt,10,-20.0,-1,269.000,-0.1032,-0.1008
kp20 run1.txt,10,-20.0,-1,270.000,-0.1083,-0.1008
kp20 run1.txt,10,-20.0,-1,271.000,-0.1043,-0.1008
kp20 run1.txt,10,-20.0,-1,272.000,-0.1025,-0.1008
kp20 run1.txt,10,-20.0,-1,273.000,-0.1006,-0.1008
kp20 run1.txt,10,-20.0,-1,274.000,-0.1021,-0.1008
kp20 run1.txt,10,-20.0,-1,275.000,-0.1014,-0.1008
kp20 run1.txt,10,-20.0,-1,276.000,-0.1006,-0.1008
kp20 run1.txt,10,-20.0,-1,277.000,-0.0999,-0.1008
kp20 run1.txt,10,-20.0,-1,278.000,-0.0992,-0.1008
kp20 run1.txt,10,-20.0,-1,279.000,-0.1010,-0.1008
kp20 run1.txt,10,-20.0,-1,280.000,-0.1014,-0.1008
kp20 run1.txt,10,-20.0,-1,281.000,-0.0945,-0.1008
kp20 run1.txt,10,-20.0,-1,282.000,-0.1043,-0.1008
kp20 run1.txt,10,-20.0,-1,283.000,-0.0992,-0.1008
kp20 run1.txt,10,-20.0,-1,284.000,-0.0992,-0.1008
kp20 run1.txt,10,-20.0,-1,285.000,-0.0963,-0.1007
kp20 run1.txt,10,-20.0,-1,286.000,-0.0992,-0.1007
kp20 run1.txt,10,-20.0,-1,287.000,-0.0996,-0.1007
kp20 run1.txt,10,-20.0,-1,288.000,-0.1014,-0.1007
kp20 run1.txt,10,-20.0,-1,289.000,-0.1014,-0.1007
kp20 run1.txt,10,-20.0,-1,290.000,-0.1043,-0.1007
kp20 run1.txt,10,-20.0,-1,291.000,-0.0992,-0.1007
kp20 run1.txt,10,-20.0,-1,292.000,-0.0985,-0.1007
kp20 run1.txt,10,-20.0,-1,293.000,-0.0948,-0.1007
kp20 run1.txt,10,-20.0,-1,294.000,-0.1014,-0.1007
kp20 run1.txt,10,-20.0,-1,295.000,-0.0963,-0.1007
kp20 run1.txt,10,-20.0,-1,296.000,-0.1006,-0.1007
kp20 run1.txt,10,-20.0,-1,297.000,-0.0985,-0.1007
kp20 run1.txt,10,-20.0,-1,298.000,-0.0999,-0.1007
kp20 run1.txt,10,-20.0,-1,299.000,-0.1083,-0.1006
kp20 run1.txt,10,-20.0,-1,300.000,-0.0999,-0.1006
kp20 run1.txt,10,-20.0,-1,301.000,-0.1028,-0.1006
kp20 run1.txt,10,-20.0,-1,302.000,-0.0992,-0.1006
kp20 run1.txt,10,-20.0,-1,303.000,-0.0985,-0.1006
kp20 run1.txt,10,-20.0,-1,304.000,-0.0955,-0.1006
kp20 run1.txt,10,-20.0,-1,305.000,-0.1014,-0.1006
kp20 run1.txt,10,-20.0,-1,306.000,-0.0985,-0.1006
kp20 run1.txt,10,-20.0,-1,307.000,-0.0934,-0.1006
kp20 run1.txt,10,-20.0,-1,308.000,-0.0977,-0.1006
kp20 run1.txt,10,-20.0,-1,309.000,-0.0992,-0.1006
kp20 run1.txt,10,-20.0,-1,310.000,-0.0992,-0.1006
kp20 run1.txt,10,-20.0,-1,311.000,-0.0985,-0.1005
kp20 run1.txt,10,-20.0,-1,312.000,-0.0948,-0.1005
kp20 run1.txt,10,-20.0,-1,313.000,-0.0985,-0.1005
kp20 run1.txt,10,-20.0,-1,314.000,-0.0970,-0.1005
kp20 run1.txt,10,-20.0,-1,315.000,-0.0992,-0.1005
kp20 run1.txt,10,-20.0,-1,316.000,-0.0992,-0.1005
kp20 run1.txt,10,-20.0,-1,317.000,-0.1021,-0.1005
kp20 run1.txt,10,-20.0,-1,318.000,-0.1028,-0.1005
kp20 run1.txt,10,-20.0,-1,319.000,-0.1006,-0.1005
kp20 run1.txt,10,-20.0,-1,320.000,-0.1014,-0.1005
kp20 run1.txt,10,-20.0,-1,321.000,-0.0992,-0.1005
kp20 run1.txt,10,-20.0,-1,322.000,-0.0996,-0.1005
kp20 run1.txt,10,-20.0,-1,323.000,-0.0977,-0.1005
kp20 run1.txt,10,-20.0,-1,324.000,-0.1043,-0.1005
kp20 run1.txt,10,-20.0,-1,325.000,-0.0992,-0.1005
kp20 run1.txt,10,-20.0,-1,326.000,-0.1006,-0.1005
kp20 run1.txt,10,-20.0,-1,327.000,-0.0992,-0.1004
kp20 run1.txt,10,-20.0,-1,328.000,-0.1006,-0.1004
kp20 run1.txt,10,-20.0,-1,329.000,-0.0992,-0.1004
kp20 run1.txt,10,-20.0,-1,330.000,-0.0970,-0.1004
kp20 run1.txt,10,-20.0,-1,331.000,-0.0992,-0.1004
kp20 run1.txt,10,-20.0,-1,332.000,-0.1014,-0.1004
kp20 run1.txt,10,-20.0,-1,333.000,-0.0999,-0.1004
kp20 run1.txt,10,-20.0,-1,334.000,-0.1050,-0.1004
kp20 run1.txt,10,-20.0,-1,335.000,-0.0996,-0.1004
kp20 run1.txt,10,-20.0,-1,336.000,-0.0996,-0.1004
kp20 run1.txt,10,-20.0,-1,337.000,-0.0985,-0.1004
kp20 run1.txt,10,-20.0,-1,338.000,-0.1014,-0.1004
kp20 run1.txt,10,-20.0,-1,339.000,-0.1006,-0.1004
kp20 run1.txt,10,-20.0,-1,340.000,-0.0992,-0.1004
kp20 run1.txt,10,-20.0,-1,341.000,-0.0985,-0.1004
kp20 run1.txt,10,-20.0,-1,342.000,-0.1028,-0.1004
kp20 run1.txt,10,-20.0,-1,343.000,-0.0985,-0.1004
kp20 run1.txt,10,-20.0,-1,344.000,-0.0992,-0.1004
kp20 run1.txt,10,-20.0,-1,345.000,-0.0988,-0.1004
kp20 run1.txt,10,-20.0,-1,346.000,-0.0941,-0.1004
kp20 run1.txt,10,-20.0,-1,347.000,-0.0992,-0.1004
kp20 run1.txt,10,-20.0,-1,348.000,-0.1021,-0.1004
kp20 run1.txt,10,-20.0,-1,349.000,-0.0992,-0.1004
kp20 run1.txt,10,-20.0,-1,350.000,-0.0992,-0.1004
kp20 run1.txt,10,-20.0,-1,351.000,-0.0988,-0.1004
kp20 run1.txt,10,-20.0,-1,352.000,-0.1006,-0.1004
kp20 run1.txt,10,-20.0,-1,353.000,-0.0992,-0.1004
kp20 run1.txt,10,-20.0,-1,354.000,-0.0996,-0.1004
kp20 run1.txt,10,-20.0,-1,355.000,-0.0985,-0.1004
kp20 run1.txt,10,-20.0,-1,356.000,-0.1014,-0.1004
kp20 run1.txt,10,-20.0,-1,357.000,-0.0981,-0.1004
kp20 run1.txt,10,-20.0,-1,358.000,-0.1006,-0.1004
kp20 run1.txt,10,-20.0,-1,359.000,-0.1149,-0.1004
kp20 run1.txt,10,-20.0,-1,360.000,-0.0996,-0.1004
kp20 run1.txt,10,-20.0,-1,361.000,-0.0977,-0.1004
kp20 run1.txt,10,-20.0,-1,362.000,-0.0985,-0.1004
kp20 run1.txt,10,-20.0,-1,363.000,-0.1014,-0.1004
kp20 run1.txt,10,-20.0,-1,364.000,-0.1006,-0.1004
kp20 run1.txt,10,-20.0,-1,365.000,-0.1006,-0.1004
kp20 run1.txt,10,-20.0,-1,366.000,-0.0974,-0.1004
kp20 run1.txt,10,-20.0,-1,367.000,-0.0955,-0.1004
kp20 run1.txt,10,-20.0,-1,368.000,-0.1021,-0.1004
kp20 run1.txt,10,-20.0,-1,369.000,-0.0988,-0.1004
kp20 run1.txt,10,-20.0,-1,370.000,-0.0992,-0.1004
kp20 run1.txt,10,-20.0,-1,371.000,-0.1036,-0.1004
kp20 run1.txt,10,-20.0,-1,372.000,-0.0948,-0.1004
kp20 run1.txt,10,-20.0,-1,373.000,-0.0992,-0.1004
kp20 run1.txt,10,-20.0,-1,374.000,-0.0977,-0.1004
kp20 run1.txt,10,-20.0,-1,375.000,-0.0879,-0.1004
kp20 run1.txt,10,-20.0,-1,376.000,-0.1014,-0.1004
kp20 run1.txt,10,-20.0,-1,377.000,-0.0970,-0.1004
kp20 run1.txt,10,-20.0,-1,378.000,-0.0992,-0.1004
kp20 run1.txt,10,-20.0,-1,379.000,-0.0955,-0.1004
kp20 run1.txt,10,-20.0,-1,380.000,-0.1014,-0.1004
kp20 run1.txt,10,-20.0,-1,381.000,-0.0996,-0.1004
kp20 run1.txt,10,-20.0,-1,382.000,-0.0970,-0.1004
kp20 run1.txt,10,-20.0,-1,383.000,-0.0996,-0.1004
kp20 run1.txt,10,-20.0,-1,384.000,-0.0985,-0.1004
kp20 run1.txt,10,-20.0,-1,385.000,-0.0996,-0.1004
kp20 run1.txt,10,-20.0,-1,386.000,-0.0992,-0.1004
kp20 run1.txt,10,-20.0,-1,387.000,-0.1006,-0.1004
kp20 run1.txt,10,-20.0,-1,388.000,-0.0999,-0.1004
kp20 run1.txt,10,-20.0,-1,389.000,-0.0999,-0.1004
kp20 run1.txt,10,-20.0,-1,390.000,-0.0977,-0.1004
kp20 run1.txt,10,-20.0,-1,391.000,-0.0966,-0.1004
kp20 run1.txt,10,-20.0,-1,392.000,-0.0985,-0.1004
kp20 run1.txt,10,-20.0,-1,393.000,-0.0992,-0.1004
kp20 run1.txt,10,-20.0,-1,394.000,-0.0992,-0.1004
kp20 run1.txt,10,-20.0,-1,395.000,-0.1021,-0.1004
kp20 run1.txt,10,-20.0,-1,396.000,-0.1021,-0.1004
kp20 run1.txt,10,-20.0,-1,397.000,-0.1006,-0.1004
kp20 run1.txt,10,-20.0,-1,398.000,-0.0992,-0.1004
kp20 run1.txt,10,-20.0,-1,399.000,-0.0999,-0.1004
kp20 run1.txt,10,-20.0,-1,400.000,-0.0897,-0.1004
kp20 run1.txt,10,-20.0,-1,401.000,-0.0985,-0.1004
kp20 run1.txt,10,-20.0,-1,402.000,-0.0996,-0.1004
kp20 run1.txt,10,-20.0,-1,403.000,-0.0985,-0.1004
kp20 run1.txt,10,-20.0,-1,404.000,-0.0966,-0.1004
kp20 run1.txt,10,-20.0,-1,405.000,-0.0996,-0.1004
kp20 run1.txt,10,-20.0,-1,406.000,-0.0985,-0.1004
kp20 run1.txt,10,-20.0,-1,407.000,-0.0926,-0.1004
kp20 run1.txt,10,-20.0,-1,408.000,-0.0992,-0.1004
kp20 run1.txt,10,-20.0,-1,409.000,-0.0966,-0.1004
kp20 run1.txt,10,-20.0,-1,410.000,-0.0955,-0.1004
kp20 run1.txt,10,-20.0,-1,411.000,-0.1050,-0.1004
kp20 run1.txt,10,-20.0,-1,412.000,-0.0992,-0.1004
kp20 run1.txt,10,-20.0,-1,413.000,-0.0966,-0.1004
kp20 run1.txt,10,-20.0,-1,414.000,-0.1079,-0.1004
kp20 run1.txt,10,-20.0,-1,415.000,-0.1014,-0.1004
kp20 run1.txt,10,-20.0,-1,416.000,-0.1043,-0.1004
kp20 run1.txt,10,-20.0,-1,417.000,-0.0992,-0.1004
kp20 run1.txt,10,-20.0,-1,418.000,-0.0955,-0.1004
kp20 run1.txt,10,-20.0,-1,419.000,-0.0985,-0.1004
kp20 run1.txt,10,-20.0,-1,420.000,-0.1021,-0.1004
kp20 run1.txt,10,-20.0,-1,421.000,-0.1014,-0.1004
kp20 run1.txt,10,-20.0,-1,422.000,-0.1036,-0.1004
kp20 run1.txt,10,-20.0,-1,423.000,-0.1021,-0.1004
kp20 run1.txt,10,-20.0,-1,424.000,-0.1021,-0.1004
kp20 run1.txt,10,-20.0,-1,425.000,-0.1036,-0.1004
kp20 run1.txt,10,-20.0,-1,426.000,-0.1043,-0.1004
kp20 run1.txt,10,-20.0,-1,427.000,-0.0890,-0.1004
kp20 run1.txt,10,-20.0,-1,428.000,-0.0999,-0.1004
kp20 run1.txt,10,-20.0,-1,429.000,-0.1021,-0.1004
kp20 run1.txt,10,-20.0,-1,430.000,-0.0963,-0.1004
kp20 run1.txt,10,-20.0,-1,431.000,-0.1014,-0.1004
kp20 run1.txt,10,-20.0,-1,432.000,-0.1014,-0.1004
kp20 run1.txt,10,-20.0,-1,433.000,-0.0955,-0.1004
kp20 run1.txt,10,-20.0,-1,434.000,-0.1014,-0.1004
kp20 run1.txt,10,-20.0,-1,435.000,-0.1017,-0.1004
kp20 run1.txt,10,-20.0,-1,436.000,-0.1014,-0.1004
kp20 run1.txt,10,-20.0,-1,437.000,-0.0966,-0.1004
kp20 run1.txt,10,-20.0,-1,438.000,-0.0996,-0.1004
kp20 run1.txt,10,-20.0,-1,439.000,-0.0992,-0.1004
kp20 run1.txt,10,-20.0,-1,440.000,-0.0999,-0.1004
kp20 run1.txt,10,-20.0,-1,441.000,-0.1025,-0.1004
kp20 run1.txt,10,-20.0,-1,442.000,-0.1079,-0.1004
kp20 run1.txt,10,-20.0,-1,443.000,-0.1006,-0.1004
kp20 run1.txt,10,-20.0,-1,444.000,-0.0999,-0.1004
kp20 run1.txt,10,-20.0,-1,445.000,-0.1014,-0.1004
kp20 run1.txt,10,-20.0,-1,446.000,-0.0977,-0.1004
kp20 run1.txt,10,-20.0,-1,447.000,-0.1006,-0.1004
kp20 run1.txt,10,-20.0,-1,448.000,-0.1109,-0.1004
kp20 run1.txt,10,-20.0,-1,449.000,-0.1025,-0.1004
kp20 run1.txt,10,-20.0,-1,450.000,-0.1003,-0.1004
kp20 run1.txt,10,-20.0,-1,451.000,-0.1014,-0.1004
kp20 run1.txt,10,-20.0,-1,452.000,-0.1021,-0.1004
kp20 run1.txt,10,-20.0,-1,453.000,-0.1028,-0.1004
kp20 run1.txt,10,-20.0,-1,454.000,-0.1006,-0.1004
kp20 run1.txt,10,-20.0,-1,455.000,-0.1028,-0.1004
kp20 run1.txt,10,-20.0,-1,456.000,-0.1025,-0.1004
kp20 run1.txt,10,-20.0,-1,457.000,-0.1036,-0.1004
kp20 run1.txt,10,-20.0,-1,458.000,-0.1058,-0.1004
kp20 run1.txt,10,-20.0,-1,459.000,-0.1025,-0.1004
kp20 run1.txt,10,-20.0,-1,460.000,-0.0992,-0.1004
kp20 run1.txt,10,-20.0,-1,461.000,-0.1028,-0.1004
kp20 run1.txt,10,-20.0,-1,462.000,-0.0977,-0.1004
kp20 run1.txt,10,-20.0,-1,463.000,-0.1025,-0.1004
kp20 run1.txt,10,-20.0,-1,464.000,-0.1014,-0.1004
kp20 run1.txt,10,-20.0,-1,465.000,-0.1006,-0.1004
kp20 run1.txt,10,-20.0,-1,466.000,-0.1021,-0.1004
kp20 run1.txt,10,-20.0,-1,467.000,-0.1021,-0.1004
kp20 run1.txt,10,-20.0,-1,468.000,-0.1171,-0.1004
kp20 run1.txt,10,-20.0,-1,469.000,-0.1006,-0.1004
kp20 run1.txt,10,-20.0,-1,470.000,-0.1050,-0.1004
kp20 run1.txt,10,-20.0,-1,471.000,-0.0985,-0.1004
kp20 run1.txt,10,-20.0,-1,472.000,-0.1014,-0.1004
kp20 run1.txt,10,-20.0,-1,473.000,-0.1014,-0.1004
kp20 run1.txt,10,-20.0,-1,474.000,-0.1036,-0.1004
kp20 run1.txt,10,-20.0,-1,475.000,-0.1014,-0.1004
kp20 run1.txt,10,-20.0,-1,476.000,-0.1101,-0.1004
kp20 run1.txt,10,-20.0,-1,477.000,-0.1043,-0.1004
kp20 run1.txt,10,-20.0,-1,478.000,-0.0992,-0.1004
kp20 run1.txt,10,-20.0,-1,479.000,-0.1050,-0.1004
kp20 run1.txt,10,-20.0,-1,480.000,-0.1021,-0.1004
kp20 run1.txt,10,-20.0,-1,481.000,-0.1014,-0.1004
kp20 run1.txt,10,-20.0,-1,482.000,-0.0970,-0.1004
kp20 run1.txt,10,-20.0,-1,483.000,-0.1014,-0.1004
kp20 run1.txt,10,-20.0,-1,484.000,-0.1006,-0.1004
kp20 run1.txt,10,-20.0,-1,485.000,-0.1072,-0.1004
kp20 run1.txt,10,-20.0,-1,486.000,-0.0977,-0.1004
kp20 run1.txt,10,-20.0,-1,487.000,-0.0963,-0.1004
kp20 run1.txt,10,-20.0,-1,488.000,-0.1043,-0.1004
kp20 run1.txt,10,-20.0,-1,489.000,-0.0992,-0.1004
kp20 run1.txt,10,-20.0,-1,490.000,-0.1058,-0.1004
kp20 run1.txt,10,-20.0,-1,491.000,-0.1017,-0.1004
kp20 run1.txt,10,-20.0,-1,492.000,-0.1014,-0.1004
kp20 run1.txt,10,-20.0,-1,493.000,-0.0992,-0.1004
kp20 run1.txt,10,-20.0,-1,494.000,-0.0890,-0.1004
kp20 run1.txt,10,-20.0,-1,495.000,-0.0988,-0.1004
kp20 run1.txt,10,-20.0,-1,496.000,-0.1006,-0.1004
kp20 run1.txt,10,-20.0,-1,497.000,-0.1006,-0.1004
kp20 run1.txt,10,-20.0,-1,498.000,-0.1017,-0.1004
kp20 run1.txt,10,-20.0,-1,499.000,-0.0985,-0.1004
kp20 run1.txt,10,-20.0,-1,500.000,-0.0985,-0.1004
kp20 run1.txt,10,-20.0,-1,501.000,-0.1043,-0.1004
kp20 run1.txt,10,-20.0,-1,502.000,-0.0999,-0.1004
kp20 run1.txt,10,-20.0,-1,503.000,-0.1014,-0.1004
kp20 run1.txt,10,-20.0,-1,504.000,-0.0977,-0.1004
kp20 run1.txt,10,-20.0,-1,505.000,-0.1014,-0.1004
kp20 run1.txt,10,-20.0,-1,506.000,-0.1006,-0.1004
kp20 run1.txt,10,-20.0,-1,507.000,-0.1079,-0.1004
kp20 run1.txt,10,-20.0,-1,508.000,-0.0996,-0.1004
kp20 run1.txt,10,-20.0,-1,509.000,-0.1006,-0.1004
kp20 run1.txt,10,-20.0,-1,510.000,-0.1021,-0.1004
kp20 run1.txt,10,-20.0,-1,511.000,-0.0999,-0.1004
kp20 run1.txt,10,-20.0,-1,512.000,-0.1006,-0.1004
kp20 run1.txt,10,-20.0,-1,513.000,-0.0970,-0.1004
kp20 run1.txt,10,-20.0,-1,514.000,-0.1003,-0.1004
kp20 run1.txt,10,-20.0,-1,515.000,-0.1006,-0.1004
kp20 run1.txt,10,-20.0,-1,516.000,-0.0999,-0.1004
kp20 run1.txt,10,-20.0,-1,517.000,-0.1003,-0.1004
kp20 run1.txt,10,-20.0,-1,518.000,-0.0985,-0.1004
kp20 run1.txt,10,-20.0,-1,519.000,-0.1006,-0.1004
kp20 run1.txt,10,-20.0,-1,520.000,-0.0996,-0.1004
kp20 run1.txt,10,-20.0,-1,521.000,-0.0999,-0.1004
kp20 run1.txt,10,-20.0,-1,522.000,-0.1006,-0.1004
kp20 run1.txt,10,-20.0,-1,523.000,-0.1003,-0.1004
kp20 run1.txt,10,-20.0,-1,524.000,-0.1065,-0.1004
kp20 run1.txt,10,-20.0,-1,525.000,-0.0963,-0.1004
kp20 run1.txt,10,-20.0,-1,526.000,-0.0985,-0.1004
kp20 run1.txt,10,-20.0,-1,527.000,-0.0988,-0.1004
kp20 run1.txt,10,-20.0,-1,528.000,-0.1014,-0.1004
kp20 run1.txt,10,-20.0,-1,529.000,-0.0948,-0.1004
kp20 run1.txt,10,-20.0,-1,530.000,-0.0996,-0.1004
kp20 run1.txt,10,-20.0,-1,531.000,-0.0999,-0.1004
kp20 run1.txt,10,-20.0,-1,532.000,-0.1006,-0.1004
kp20 run1.txt,10,-20.0,-1,533.000,-0.1021,-0.1004
kp20 run1.txt,10,-20.0,-1,534.000,-0.1021,-0.1004
kp20 run1.txt,10,-20.0,-1,535.000,-0.1014,-0.1004
kp20 run1.txt,10,-20.0,-1,536.000,-0.0996,-0.1004
kp20 run1.txt,10,-20.0,-1,537.000,-0.1160,-0.1004
kp20 run1.txt,10,-20.0,-1,538.000,-0.1006,-0.1004
kp20 run1.txt,10,-20.0,-1,539.000,-0.1036,-0.1004
kp20 run1.txt,10,-20.0,-1,540.000,-0.1014,-0.1004
kp20 run1.txt,10,-20.0,-1,541.000,-0.0992,-0.1004
kp20 run1.txt,10,-20.0,-1,542.000,-0.1014,-0.1004
kp20 run1.txt,10,-20.0,-1,543.000,-0.0934,-0.1004
kp20 run1.txt,10,-20.0,-1,544.000,-0.1006,-0.1004
kp20 run1.txt,10,-20.0,-1,545.000,-0.1006,-0.1004
kp20 run1.txt,10,-20.0,-1,546.000,-0.1014,-0.1004
kp20 run1.txt,10,-20.0,-1,547.000,-0.0985,-0.1004
kp20 run1.txt,10,-20.0,-1,548.000,-0.1006,-0.1004
kp20 run1.txt,10,-20.0,-1,549.000,-0.0985,-0.1004
kp20 run1.txt,10,-20.0,-1,550.000,-0.1017,-0.1004
kp20 run1.txt,10,-20.0,-1,551.000,-0.1017,-0.1004
kp20 run1.txt,10,-20.0,-1,552.000,-0.0999,-0.1004
kp20 run1.txt,10,-20.0,-1,553.000,-0.1021,-0.1004
kp20 run1.txt,10,-20.0,-1,554.000,-0.1006,-0.1004
kp20 run1.txt,10,-20.0,-1,555.000,-0.1021,-0.1004
kp20 run1.txt,10,-20.0,-1,556.000,-0.1054,-0.1004
kp20 run1.txt,10,-20.0,-1,557.000,-0.1021,-0.1004
kp20 run1.txt,10,-20.0,-1,558.000,-0.1006,-0.1004
kp20 run1.txt,10,-20.0,-1,559.000,-0.1014,-0.1004
kp20 run1.txt,10,-20.0,-1,560.000,-0.0934,-0.1004
kp20 run1.txt,10,-20.0,-1,561.000,-0.0996,-0.1004
kp20 run1.txt,10,-20.0,-1,562.000,-0.0992,-0.1004
kp20 run1.txt,10,-20.0,-1,563.000,-0.1006,-0.1004
kp20 run1.txt,10,-20.0,-1,564.000,-0.0992,-0.1004
kp20 run1.txt,10,-20.0,-1,565.000,-0.1021,-0.1004
kp20 run1.txt,10,-20.0,-1,566.000,-0.1006,-0.1004
kp20 run1.txt,10,-20.0,-1,567.000,-0.1006,-0.1004
kp20 run1.txt,10,-20.0,-1,568.000,-0.1006,-0.1004
kp20 run1.txt,10,-20.0,-1,569.000,-0.1014,-0.1004
kp20 run1.txt,10,-20.0,-1,570.000,-0.0963,-0.1004
kp20 run1.txt,10,-20.0,-1,571.000,-0.0992,-0.1004
kp20 run1.txt,10,-20.0,-1,572.000,-0.0945,-0.1004
kp20 run1.txt,10,-20.0,-1,573.000,-0.0999,-0.1004
kp20 run1.txt,10,-20.0,-1,574.000,-0.0992,-0.1004
kp20 run1.txt,10,-20.0,-1,575.000,-0.0992,-0.1004
kp20 run1.txt,10,-20.0,-1,576.000,-0.1050,-0.1004
kp20 run1.txt,10,-20.0,-1,577.000,-0.0985,-0.1004
kp20 run1.txt,10,-20.0,-1,578.000,-0.0897,-0.1004
kp20 run1.txt,10,-20.0,-1,579.000,-0.1116,-0.1004
kp20 run1.txt,10,-20.0,-1,580.000,-0.1003,-0.1004
kp20 run1.txt,10,-20.0,-1,581.000,-0.1043,-0.1004
kp20 run1.txt,10,-20.0,-1,582.000,-0.1006,-0.1004
kp20 run1.txt,10,-20.0,-1,583.000,-0.0999,-0.1004
kp20 run1.txt,10,-20.0,-1,584.000,-0.1130,-0.1004
kp20 run1.txt,10,-20.0,-1,585.000,-0.1072,-0.1004
kp20 run1.txt,10,-20.0,-1,586.000,-0.0955,-0.1004
kp20 run1.txt,10,-20.0,-1,587.000,-0.0992,-0.1004
kp20 run1.txt,10,-20.0,-1,588.000,-0.0966,-0.1004
kp20 run1.txt,10,-20.0,-1,589.000,-0.0955,-0.1004
kp20 run1.txt,10,-20.0,-1,590.000,-0.1014,-0.1004
kp20 run1.txt,10,-20.0,-1,591.000,-0.0977,-0.1004
kp20 run1.txt,10,-20.0,-1,592.000,-0.1043,-0.1004
kp20 run1.txt,10,-20.0,-1,593.000,-0.0992,-0.1004
kp20 run1.txt,10,-20.0,-1,594.000,-0.0999,-0.1004
kp20 run1.txt,10,-20.0,-1,595.000,-0.0970,-0.1004
kp20 run1.txt,10,-20.0,-1,596.000,-0.0996,-0.1004
kp20 run1.txt,10,-20.0,-1,597.000,-0.0992,-0.1004
kp20 run1.txt,10,-20.0,-1,598.000,-0.0985,-0.1004
kp20 run1.txt,10,-20.0,-1,599.000,-0.0988,-0.1004
kp25 run1.txt,21,-25.0,1,0.000,-0.0992,-0.1016
kp25 run1.txt,21,-25.0,1,1.000,-0.1065,-0.1016
kp25 run1.txt,21,-25.0,1,2.000,-0.0992,-0.1016
kp25 run1.txt,21,-25.0,1,3.000,-0.0941,-0.1013
kp25 run1.txt,21,-25.0,1,4.000,-0.0985,-0.1006
kp25 run1.txt,21,-25.0,1,5.000,-0.0996,-0.0995
kp25 run1.txt,21,-25.0,1,6.000,-0.0996,-0.0980
kp25 run1.txt,21,-25.0,1,7.000,-0.0934,-0.0962
kp25 run1.txt,21,-25.0,1,8.000,-0.0963,-0.0940
kp25 run1.txt,21,-25.0,1,9.000,-0.0897,-0.0915
kp25 run1.txt,21,-25.0,1,10.000,-0.0879,-0.0888
kp25 run1.txt,21,-25.0,1,11.000,-0.0832,-0.0857
kp25 run1.txt,21,-25.0,1,12.000,-0.0868,-0.0824
kp25 run1.txt,21,-25.0,1,13.000,-0.0733,-0.0788
kp25 run1.txt,21,-25.0,1,14.000,-0.0744,-0.0751
kp25 run1.txt,21,-25.0,1,15.000,-0.0671,-0.0711
kp25 run1.txt,21,-25.0,1,16.000,-0.0635,-0.0669
kp25 run1.txt,21,-25.0,1,17.000,-0.0646,-0.0626
kp25 run1.txt,21,-25.0,1,18.000,-0.0547,-0.0581
kp25 run1.txt,21,-25.0,1,19.000,-0.0500,-0.0535
kp25 run1.txt,21,-25.0,1,20.000,-0.0423,-0.0488
kp25 run1.txt,21,-25.0,1,21.000,-0.0416,-0.0439
kp25 run1.txt,21,-25.0,1,22.000,-0.0365,-0.0390
kp25 run1.txt,21,-25.0,1,23.000,-0.0314,-0.0340
kp25 run1.txt,21,-25.0,1,24.000,-0.0263,-0.0290
kp25 run1.txt,21,-25.0,1,25.000,0.0007,-0.0239
kp25 run1.txt,21,-25.0,1,26.000,-0.0179,-0.0187
kp25 run1.txt,21,-25.0,1,27.000,-0.0059,-0.0136
kp25 run1.txt,21,-25.0,1,28.000,-0.0059,-0.0084
kp25 run1.txt,21,-25.0,1,29.000,-0.0030,-0.0033
kp25 run1.txt,21,-25.0,1,30.000,0.0040,0.0019
kp25 run1.txt,21,-25.0,1,31.000,0.0102,0.0070
kp25 run1.txt,21,-25.0,1,32.000,0.0138,0.0121
kp25 run1.txt,21,-25.0,1,33.000,0.0204,0.0172
kp25 run1.txt,21,-25.0,1,34.000,0.0291,0.0222
kp25 run1.txt,21,-25.0,1,35.000,0.0262,0.0271
kp25 run1.txt,21,-25.0,1,36.000,0.0339,0.0320
kp25 run1.txt,21,-25.0,1,37.000,0.0386,0.0368
kp25 run1.txt,21,-25.0,1,38.000,0.0390,0.0415
kp25 run1.txt,21,-25.0,1,39.000,0.0452,0.0461
kp25 run1.txt,21,-25.0,1,40.000,0.0510,0.0506
kp25 run1.txt,21,-25.0,1,41.000,0.0554,0.0551
kp25 run1.txt,21,-25.0,1,42.000,0.0608,0.0594
kp25 run1.txt,21,-25.0,1,43.000,0.0641,0.0636
kp25 run1.txt,21,-25.0,1,44.000,0.0663,0.0677
kp25 run1.txt,21,-25.0,1,45.000,0.0707,0.0717
kp25 run1.txt,21,-25.0,1,46.000,0.0699,0.0756
kp25 run1.txt,21,-25.0,1,47.000,0.0783,0.0793
kp25 run1.txt,21,-25.0,1,48.000,0.0838,0.0829
kp25 run1.txt,21,-25.0,1,49.000,0.0882,0.0864
kp25 run1.txt,21,-25.0,1,50.000,0.0904,0.0898
kp25 run1.txt,21,-25.0,1,51.000,0.0955,0.0930
kp25 run1.txt,21,-25.0,1,52.000,0.0958,0.0961
kp25 run1.txt,21,-25.0,1,53.000,0.1071,0.0991
kp25 run1.txt,21,-25.0,1,54.000,0.0929,0.1019
kp25 run1.txt,21,-25.0,1,55.000,0.1071,0.1046
kp25 run1.txt,21,-25.0,1,56.000,0.1159,0.1072
kp25 run1.txt,21,-25.0,1,57.000,0.1137,0.1096
kp25 run1.txt,21,-25.0,1,58.000,0.1283,0.1120
kp25 run1.txt,21,-25.0,1,59.000,0.1181,0.1141
kp25 run1.txt,21,-25.0,1,60.000,0.1166,0.1162
kp25 run1.txt,21,-25.0,1,61.000,0.1232,0.1181
kp25 run1.txt,21,-25.0,1,62.000,0.1224,0.1199
kp25 run1.txt,21,-25.0,1,63.000,0.1250,0.1216
kp25 run1.txt,21,-25.0,1,64.000,0.1254,0.1232
kp25 run1.txt,21,-25.0,1,65.000,0.1268,0.1246
kp25 run1.txt,21,-25.0,1,66.000,0.1326,0.1259
kp25 run1.txt,21,-25.0,1,67.000,0.1290,0.1271
kp25 run1.txt,21,-25.0,1,68.000,0.1403,0.1282
kp25 run1.txt,21,-25.0,1,69.000,0.1323,0.1292
kp25 run1.txt,21,-25.0,1,70.000,0.1305,0.1301
kp25 run1.txt,21,-25.0,1,71.000,0.1367,0.1308
kp25 run1.txt,21,-25.0,1,72.000,0.1377,0.1315
kp25 run1.txt,21,-25.0,1,73.000,0.1348,0.1321
kp25 run1.txt,21,-25.0,1,74.000,0.1326,0.1326
kp25 run1.txt,21,-25.0,1,75.000,0.1330,0.1330
kp25 run1.txt,21,-25.0,1,76.000,0.1330,0.1333
kp25 run1.txt,21,-25.0,1,77.000,0.1337,0.1335
kp25 run1.txt,21,-25.0,1,78.000,0.1392,0.1336
kp25 run1.txt,21,-25.0,1,79.000,0.1312,0.1337
kp25 run1.txt,21,-25.0,1,80.000,0.1341,0.1337
kp25 run1.txt,21,-25.0,1,81.000,0.1341,0.1336
kp25 run1.txt,21,-25.0,1,82.000,0.1316,0.1334
kp25 run1.txt,21,-25.0,1,83.000,0.1341,0.1332
kp25 run1.txt,21,-25.0,1,84.000,0.1330,0.1329
kp25 run1.txt,21,-25.0,1,85.000,0.1283,0.1326
kp25 run1.txt,21,-25.0,1,86.000,0.1348,0.1322
kp25 run1.txt,21,-25.0,1,87.000,0.1341,0.1318
kp25 run1.txt,21,-25.0,1,88.000,0.1290,0.1313
kp25 run1.txt,21,-25.0,1,89.000,0.1399,0.1308
kp25 run1.txt,21,-25.0,1,90.000,0.1312,0.1302
kp25 run1.txt,21,-25.0,1,91.000,0.1326,0.1296
kp25 run1.txt,21,-25.0,1,92.000,0.1297,0.1289
kp25 run1.txt,21,-25.0,1,93.000,0.1275,0.1283
kp25 run1.txt,21,-25.0,1,94.000,0.1232,0.1276
kp25 run1.txt,21,-25.0,1,95.000,0.1254,0.1268
kp25 run1.txt,21,-25.0,1,96.000,0.1261,0.1261
kp25 run1.txt,21,-25.0,1,97.000,0.1133,0.1253
kp25 run1.txt,21,-25.0,1,98.000,0.1221,0.1245
kp25 run1.txt,21,-25.0,1,99.000,0.1224,0.1237
kp25 run1.txt,21,-25.0,1,100.000,0.1203,0.1229
kp25 run1.txt,21,-25.0,1,101.000,0.1195,0.1220
kp25 run1.txt,21,-25.0,1,102.000,0.1224,0.1212
kp25 run1.txt,21,-25.0,1,103.000,0.1173,0.1203
kp25 run1.txt,21,-25.0,1,104.000,0.1173,0.1195
kp25 run1.txt,21,-25.0,1,105.000,0.1203,0.1186
kp25 run1.txt,21,-25.0,1,106.000,0.1111,0.1177
kp25 run1.txt,21,-25.0,1,107.000,0.1130,0.1169
kp25 run1.txt,21,-25.0,1,108.000,0.1137,0.1160
kp25 run1.txt,21,-25.0,1,109.000,0.1144,0.1152
kp25 run1.txt,21,-25.0,1,110.000,0.1079,0.1143
kp25 run1.txt,21,-25.0,1,111.000,0.1079,0.1135
kp25 run1.txt,21,-25.0,1,112.000,0.1028,0.1127
kp25 run1.txt,21,-25.0,1,113.000,0.1057,0.1119
kp25 run1.txt,21,-25.0,1,114.000,0.0772,0.1111
kp25 run1.txt,21,-25.0,1,115.000,0.1068,0.1103
kp25 run1.txt,21,-25.0,1,116.000,0.1079,0.1095
kp25 run1.txt,21,-25.0,1,117.000,0.1028,0.1087
kp25 run1.txt,21,-25.0,1,118.000,0.1046,0.1080
kp25 run1.txt,21,-25.0,1,119.000,0.1031,0.1072
kp25 run1.txt,21,-25.0,1,120.000,0.1173,0.1065
kp25 run1.txt,21,-25.0,1,121.000,0.1006,0.1058
kp25 run1.txt,21,-25.0,1,122.000,0.0998,0.1052
kp25 run1.txt,21,-25.0,1,123.000,0.0922,0.1045
kp25 run1.txt,21,-25.0,1,124.000,0.0969,0.1039
kp25 run1.txt,21,-25.0,1,125.000,0.0882,0.1033
kp25 run1.txt,21,-25.0,1,126.000,0.1006,0.1027
kp25 run1.txt,21,-25.0,1,127.000,0.0995,0.1021
kp25 run1.txt,21,-25.0,1,128.000,0.0977,0.1016
kp25 run1.txt,21,-25.0,1,129.000,0.0955,0.1010
kp25 run1.txt,21,-25.0,1,130.000,0.0973,0.1005
kp25 run1.txt,21,-25.0,1,131.000,0.0958,0.1000
kp25 run1.txt,21,-25.0,1,132.000,0.0940,0.0996
kp25 run1.txt,21,-25.0,1,133.000,0.0995,0.0991
kp25 run1.txt,21,-25.0,1,134.000,0.0958,0.0987
kp25 run1.txt,21,-25.0,1,135.000,0.0940,0.0983
kp25 run1.txt,21,-25.0,1,136.000,0.0955,0.0980
kp25 run1.txt,21,-25.0,1,137.000,0.0955,0.0976
kp25 run1.txt,21,-25.0,1,138.000,0.0845,0.0973
kp25 run1.txt,21,-25.0,1,139.000,0.0911,0.0970
kp25 run1.txt,21,-25.0,1,140.000,0.0882,0.0967
kp25 run1.txt,21,-25.0,1,141.000,0.0933,0.0964
kp25 run1.txt,21,-25.0,1,142.000,0.0787,0.0962
kp25 run1.txt,21,-25.0,1,143.000,0.0933,0.0959
kp25 run1.txt,21,-25.0,1,144.000,0.0940,0.0957
kp25 run1.txt,21,-25.0,1,145.000,0.0933,0.0955
kp25 run1.txt,21,-25.0,1,146.000,0.0998,0.0954
kp25 run1.txt,21,-25.0,1,147.000,0.0918,0.0952
kp25 run1.txt,21,-25.0,1,148.000,0.0933,0.0951
kp25 run1.txt,21,-25.0,1,149.000,0.0947,0.0949
kp25 run1.txt,21,-25.0,1,150.000,0.0969,0.0948
kp25 run1.txt,21,-25.0,1,151.000,0.0904,0.0948
kp25 run1.txt,21,-25.0,1,152.000,0.0947,0.0947
kp25 run1.txt,21,-25.0,1,153.000,0.0893,0.0946
kp25 run1.txt,21,-25.0,1,154.000,0.0947,0.0946
kp25 run1.txt,21,-25.0,1,155.000,0.0969,0.0945
kp25 run1.txt,21,-25.0,1,156.000,0.0904,0.0945
kp25 run1.txt,21,-25.0,1,157.000,0.0845,0.0945
kp25 run1.txt,21,-25.0,1,158.000,0.0947,0.0945
kp25 run1.txt,21,-25.0,1,159.000,0.0947,0.0946
kp25 run1.txt,21,-25.0,1,160.000,0.0947,0.0946
kp25 run1.txt,21,-25.0,1,161.000,0.0962,0.0946
kp25 run1.txt,21,-25.0,1,162.000,0.1108,0.0947
kp25 run1.txt,21,-25.0,1,163.000,0.0904,0.0947
kp25 run1.txt,21,-25.0,1,164.000,0.0955,0.0948
kp25 run1.txt,21,-25.0,1,165.000,0.0918,0.0949
kp25 run1.txt,21,-25.0,1,166.000,0.0973,0.0950
kp25 run1.txt,21,-25.0,1,167.000,0.0933,0.0951
kp25 run1.txt,21,-25.0,1,168.000,0.0969,0.0952
kp25 run1.txt,21,-25.0,1,169.000,0.0977,0.0953
kp25 run1.txt,21,-25.0,1,170.000,0.0998,0.0954
kp25 run1.txt,21,-25.0,1,171.000,0.1020,0.0955
kp25 run1.txt,21,-25.0,1,172.000,0.0977,0.0956
kp25 run1.txt,21,-25.0,1,173.000,0.1068,0.0957
kp25 run1.txt,21,-25.0,1,174.000,0.1028,0.0959
kp25 run1.txt,21,-25.0,1,175.000,0.1020,0.0960
kp25 run1.txt,21,-25.0,1,176.000,0.1031,0.0961
kp25 run1.txt,21,-25.0,1,177.000,0.0977,0.0963
kp25 run1.txt,21,-25.0,1,178.000,0.0871,0.0964
kp25 run1.txt,21,-25.0,1,179.000,0.0998,0.0965
kp25 run1.txt,21,-25.0,1,180.000,0.1020,0.0967
kp25 run1.txt,21,-25.0,1,181.000,0.0998,0.0968
kp25 run1.txt,21,-25.0,1,182.000,0.0969,0.0970
kp25 run1.txt,21,-25.0,1,183.000,0.1013,0.0971
kp25 run1.txt,21,-25.0,1,184.000,0.1013,0.0973
kp25 run1.txt,21,-25.0,1,185.000,0.1028,0.0974
kp25 run1.txt,21,-25.0,1,186.000,0.1006,0.0975
kp25 run1.txt,21,-25.0,1,187.000,0.1020,0.0977
kp25 run1.txt,21,-25.0,1,188.000,0.1057,0.0978
kp25 run1.txt,21,-25.0,1,189.000,0.0991,0.0980
kp25 run1.txt,21,-25.0,1,190.000,0.1020,0.0981
kp25 run1.txt,21,-25.0,1,191.000,0.1006,0.0982
kp25 run1.txt,21,-25.0,1,192.000,0.1002,0.0984
kp25 run1.txt,21,-25.0,1,193.000,0.1028,0.0985
kp25 run1.txt,21,-25.0,1,194.000,0.0998,0.0986
kp25 run1.txt,21,-25.0,1,195.000,0.1009,0.0987
kp25 run1.txt,21,-25.0,1,196.000,0.1017,0.0989
kp25 run1.txt,21,-25.0,1,197.000,0.0998,0.0990
kp25 run1.txt,21,-25.0,1,198.000,0.1017,0.0991
kp25 run1.txt,21,-25.0,1,199.000,0.1028,0.0992
kp25 run1.txt,21,-25.0,1,200.000,0.1013,0.0993
kp25 run1.txt,21,-25.0,1,201.000,0.0991,0.0994
kp25 run1.txt,21,-25.0,1,202.000,0.1020,0.0995
kp25 run1.txt,21,-25.0,1,203.000,0.1017,0.0996
kp25 run1.txt,21,-25.0,1,204.000,0.1017,0.0997
kp25 run1.txt,21,-25.0,1,205.000,0.1097,0.0998
kp25 run1.txt,21,-25.0,1,206.000,0.0998,0.0999
kp25 run1.txt,21,-25.0,1,207.000,0.0882,0.1000
kp25 run1.txt,21,-25.0,1,208.000,0.1035,0.1001
kp25 run1.txt,21,-25.0,1,209.000,0.1028,0.1002
kp25 run1.txt,21,-25.0,1,210.000,0.1020,0.1002
kp25 run1.txt,21,-25.0,1,211.000,0.1155,0.1003
kp25 run1.txt,21,-25.0,1,212.000,0.1020,0.1004
kp25 run1.txt,21,-25.0,1,213.000,0.1013,0.1004
kp25 run1.txt,21,-25.0,1,214.000,0.1064,0.1005
kp25 run1.txt,21,-25.0,1,215.000,0.1006,0.1006
kp25 run1.txt,21,-25.0,1,216.000,0.1028,0.1006
kp25 run1.txt,21,-25.0,1,217.000,0.1013,0.1007
kp25 run1.txt,21,-25.0,1,218.000,0.1020,0.1007
kp25 run1.txt,21,-25.0,1,219.000,0.1028,0.1008
kp25 run1.txt,21,-25.0,1,220.000,0.1020,0.1008
kp25 run1.txt,21,-25.0,1,221.000,0.0977,0.1008
kp25 run1.txt,21,-25.0,1,222.000,0.1028,0.1009
kp25 run1.txt,21,-25.0,1,223.000,0.0998,0.1009
kp25 run1.txt,21,-25.0,1,224.000,0.1028,0.1009
kp25 run1.txt,21,-25.0,1,225.000,0.0991,0.1009
kp25 run1.txt,21,-25.0,1,226.000,0.0977,0.1010
kp25 run1.txt,21,-25.0,1,227.000,0.1013,0.1010
kp25 run1.txt,21,-25.0,1,228.000,0.1035,0.1010
kp25 run1.txt,21,-25.0,1,229.000,0.1013,0.1010
kp25 run1.txt,21,-25.0,1,230.000,0.1071,0.1010
kp25 run1.txt,21,-25.0,1,231.000,0.1013,0.1010
kp25 run1.txt,21,-25.0,1,232.000,0.1028,0.1010
kp25 run1.txt,21,-25.0,1,233.000,0.0998,0.1010
kp25 run1.txt,21,-25.0,1,234.000,0.1020,0.1010
kp25 run1.txt,21,-25.0,1,235.000,0.0933,0.1010
kp25 run1.txt,21,-25.0,1,236.000,0.1020,0.1010
kp25 run1.txt,21,-25.0,1,237.000,0.0998,0.1010
kp25 run1.txt,21,-25.0,1,238.000,0.0984,0.1010
kp25 run1.txt,21,-25.0,1,239.000,0.0991,0.1010
kp25 run1.txt,21,-25.0,1,240.000,0.1006,0.1010
kp25 run1.txt,21,-25.0,1,241.000,0.0991,0.1010
kp25 run1.txt,21,-25.0,1,242.000,0.1064,0.1010
kp25 run1.txt,21,-25.0,1,243.000,0.0991,0.1010
kp25 run1.txt,21,-25.0,1,244.000,0.0969,0.1010
kp25 run1.txt,21,-25.0,1,245.000,0.1013,0.1009
kp25 run1.txt,21,-25.0,1,246.000,0.0998,0.1009
kp25 run1.txt,21,-25.0,1,247.000,0.1006,0.1009
kp25 run1.txt,21,-25.0,1,248.000,0.1028,0.1009
kp25 run1.txt,21,-25.0,1,249.000,0.1020,0.1009
kp25 run1.txt,21,-25.0,1,250.000,0.0940,0.1009
kp25 run1.txt,21,-25.0,1,251.000,0.0995,0.1008
kp25 run1.txt,21,-25.0,1,252.000,0.1009,0.1008
kp25 run1.txt,21,-25.0,1,253.000,0.1013,0.1008
kp25 run1.txt,21,-25.0,1,254.000,0.1028,0.1008
kp25 run1.txt,21,-25.0,1,255.000,0.0998,0.1007
kp25 run1.txt,21,-25.0,1,256.000,0.0984,0.1007
kp25 run1.txt,21,-25.0,1,257.000,0.0987,0.1007
kp25 run1.txt,21,-25.0,1,258.000,0.0977,0.1007
kp25 run1.txt,21,-25.0,1,259.000,0.0998,0.1007
kp25 run1.txt,21,-25.0,1,260.000,0.1042,0.1006
kp25 run1.txt,21,-25.0,1,261.000,0.0991,0.1006
kp25 run1.txt,21,-25.0,1,262.000,0.1079,0.1006
kp25 run1.txt,21,-25.0,1,263.000,0.1166,0.1006
kp25 run1.txt,21,-25.0,1,264.000,0.1006,0.1005
kp25 run1.txt,21,-25.0,1,265.000,0.1006,0.1005
kp25 run1.txt,21,-25.0,1,266.000,0.1020,0.1005
kp25 run1.txt,21,-25.0,1,267.000,0.1009,0.1005
kp25 run1.txt,21,-25.0,1,268.000,0.1006,0.1004
kp25 run1.txt,21,-25.0,1,269.000,0.0998,0.1004
kp25 run1.txt,21,-25.0,1,270.000,0.1093,0.1004
kp25 run1.txt,21,-25.0,1,271.000,0.0991,0.1004
kp25 run1.txt,21,-25.0,1,272.000,0.0998,0.1004
kp25 run1.txt,21,-25.0,1,273.000,0.1013,0.1003
kp25 run1.txt,21,-25.0,1,274.000,0.0991,0.1003
kp25 run1.txt,21,-25.0,1,275.000,0.1006,0.1003
kp25 run1.txt,21,-25.0,1,276.000,0.0998,0.1003
kp25 run1.txt,21,-25.0,1,277.000,0.0998,0.1003
kp25 run1.txt,21,-25.0,1,278.000,0.0987,0.1002
kp25 run1.txt,21,-25.0,1,279.000,0.0998,0.1002
kp25 run1.txt,21,-25.0,1,280.000,0.1104,0.1002
kp25 run1.txt,21,-25.0,1,281.000,0.0998,0.1002
kp25 run1.txt,21,-25.0,1,282.000,0.0998,0.1002
kp25 run1.txt,21,-25.0,1,283.000,0.0987,0.1002
kp25 run1.txt,21,-25.0,1,284.000,0.0991,0.1001
kp25 run1.txt,21,-25.0,1,285.000,0.0984,0.1001
kp25 run1.txt,21,-25.0,1,286.000,0.1049,0.1001
kp25 run1.txt,21,-25.0,1,287.000,0.1035,0.1001
kp25 run1.txt,21,-25.0,1,288.000,0.0998,0.1001
kp25 run1.txt,21,-25.0,1,289.000,0.0962,0.1001
kp25 run1.txt,21,-25.0,1,290.000,0.0984,0.1001
kp25 run1.txt,21,-25.0,1,291.000,0.0955,0.1001
kp25 run1.txt,21,-25.0,1,292.000,0.1009,0.1000
kp25 run1.txt,21,-25.0,1,293.000,0.1013,0.1000
kp25 run1.txt,21,-25.0,1,294.000,0.0987,0.1000
kp25 run1.txt,21,-25.0,1,295.000,0.0998,0.1000
kp25 run1.txt,21,-25.0,1,296.000,0.0998,0.1000
kp25 run1.txt,21,-25.0,1,297.000,0.0882,0.1000
kp25 run1.txt,21,-25.0,1,298.000,0.1028,0.1000
kp25 run1.txt,21,-25.0,1,299.000,0.1017,0.1000
kp25 run1.txt,21,-25.0,1,300.000,0.0984,0.1000
kp25 run1.txt,21,-25.0,1,301.000,0.1013,0.1000
kp25 run1.txt,21,-25.0,1,302.000,0.0984,0.1000
kp25 run1.txt,21,-25.0,1,303.000,0.0940,0.1000
kp25 run1.txt,21,-25.0,1,304.000,0.1028,0.1000
kp25 run1.txt,21,-25.0,1,305.000,0.1009,0.1000
kp25 run1.txt,21,-25.0,1,306.000,0.0969,0.1000
kp25 run1.txt,21,-25.0,1,307.000,0.1006,0.1000
kp25 run1.txt,21,-25.0,1,308.000,0.0991,0.1000
kp25 run1.txt,21,-25.0,1,309.000,0.0977,0.1000
kp25 run1.txt,21,-25.0,1,310.000,0.0987,0.1000
kp25 run1.txt,21,-25.0,1,311.000,0.1020,0.1000
kp25 run1.txt,21,-25.0,1,312.000,0.0991,0.1000
kp25 run1.txt,21,-25.0,1,313.000,0.1024,0.1000
kp25 run1.txt,21,-25.0,1,314.000,0.1013,0.1000
kp25 run1.txt,21,-25.0,1,315.000,0.1042,0.1000
kp25 run1.txt,21,-25.0,1,316.000,0.1013,0.1000
kp25 run1.txt,21,-25.0,1,317.000,0.1017,0.1000
kp25 run1.txt,21,-25.0,1,318.000,0.1031,0.1000
kp25 run1.txt,21,-25.0,1,319.000,0.0991,0.1000
kp25 run1.txt,21,-25.0,1,320.000,0.0998,0.1000
kp25 run1.txt,21,-25.0,1,321.000,0.1006,0.1000
kp25 run1.txt,21,-25.0,1,322.000,0.1071,0.1000
kp25 run1.txt,21,-25.0,1,323.000,0.1028,0.1000
kp25 run1.txt,21,-25.0,1,324.000,0.1035,0.1000
kp25 run1.txt,21,-25.0,1,325.000,0.0991,0.1000
kp25 run1.txt,21,-25.0,1,326.000,0.0998,0.1000
kp25 run1.txt,21,-25.0,1,327.000,0.1006,0.1000
kp25 run1.txt,21,-25.0,1,328.000,0.0998,0.1000
kp25 run1.txt,21,-25.0,1,329.000,0.0991,0.1000
kp25 run1.txt,21,-25.0,1,330.000,0.0991,0.1000
kp25 run1.txt,21,-25.0,1,331.000,0.0867,0.1000
kp25 run1.txt,21,-25.0,1,332.000,0.1006,0.1000
kp25 run1.txt,21,-25.0,1,333.000,0.0947,0.1000
kp25 run1.txt,21,-25.0,1,334.000,0.0991,0.1000
kp25 run1.txt,21,-25.0,1,335.000,0.1013,0.1000
kp25 run1.txt,21,-25.0,1,336.000,0.1017,0.1000
kp25 run1.txt,21,-25.0,1,337.000,0.0820,0.1000
kp25 run1.txt,21,-25.0,1,338.000,0.0969,0.1000
kp25 run1.txt,21,-25.0,1,339.000,0.1122,0.1000
kp25 run1.txt,21,-25.0,1,340.000,0.1017,0.1000
kp25 run1.txt,21,-25.0,1,341.000,0.1006,0.1000
kp25 run1.txt,21,-25.0,1,342.000,0.1006,0.1000
kp25 run1.txt,21,-25.0,1,343.000,0.0998,0.1001
kp25 run1.txt,21,-25.0,1,344.000,0.1013,0.1001
kp25 run1.txt,21,-25.0,1,345.000,0.0998,0.1001
kp25 run1.txt,21,-25.0,1,346.000,0.1013,0.1001
kp25 run1.txt,21,-25.0,1,347.000,0.0987,0.1001
kp25 run1.txt,21,-25.0,1,348.000,0.0998,0.1001
kp25 run1.txt,21,-25.0,1,349.000,0.1006,0.1001
kp25 run1.txt,21,-25.0,1,350.000,0.0998,0.1001
kp25 run1.txt,21,-25.0,1,351.000,0.0984,0.1001
kp25 run1.txt,21,-25.0,1,352.000,0.0984,0.1001
kp25 run1.txt,21,-25.0,1,353.000,0.1013,0.1001
kp25 run1.txt,21,-25.0,1,354.000,0.0984,0.1001
kp25 run1.txt,21,-25.0,1,355.000,0.1017,0.1001
kp25 run1.txt,21,-25.0,1,356.000,0.1006,0.1001
kp25 run1.txt,21,-25.0,1,357.000,0.1006,0.1001
kp25 run1.txt,21,-25.0,1,358.000,0.1006,0.1001
kp25 run1.txt,21,-25.0,1,359.000,0.1020,0.1001
kp25 run1.txt,21,-25.0,1,360.000,0.0998,0.1001
kp25 run1.txt,21,-25.0,1,361.000,0.1006,0.1001
kp25 run1.txt,21,-25.0,1,362.000,0.0845,0.1001
kp25 run1.txt,21,-25.0,1,363.000,0.0998,0.1001
kp25 run1.txt,21,-25.0,1,364.000,0.0998,0.1001
kp25 run1.txt,21,-25.0,1,365.000,0.0998,0.1001
kp25 run1.txt,21,-25.0,1,366.000,0.0998,0.1001
kp25 run1.txt,21,-25.0,1,367.000,0.1035,0.1001
kp25 run1.txt,21,-25.0,1,368.000,0.1009,0.1001
kp25 run1.txt,21,-25.0,1,369.000,0.0947,0.1001
kp25 run1.txt,21,-25.0,1,370.000,0.0991,0.1001
kp25 run1.txt,21,-25.0,1,371.000,0.1006,0.1001
kp25 run1.txt,21,-25.0,1,372.000,0.0882,0.1001
kp25 run1.txt,21,-25.0,1,373.000,0.0984,0.1001
kp25 run1.txt,21,-25.0,1,374.000,0.1006,0.1001
kp25 run1.txt,21,-25.0,1,375.000,0.1020,0.1001
kp25 run1.txt,21,-25.0,1,376.000,0.1002,0.1001
kp25 run1.txt,21,-25.0,1,377.000,0.1017,0.1001
kp25 run1.txt,21,-25.0,1,378.000,0.0998,0.1001
kp25 run1.txt,21,-25.0,1,379.000,0.1006,0.1001
kp25 run1.txt,21,-25.0,1,380.000,0.1042,0.1001
kp25 run1.txt,21,-25.0,1,381.000,0.0991,0.1001
kp25 run1.txt,21,-25.0,1,382.000,0.1006,0.1001
kp25 run1.txt,21,-25.0,1,383.000,0.1006,0.1001
kp25 run1.txt,21,-25.0,1,384.000,0.0918,0.1001
kp25 run1.txt,21,-25.0,1,385.000,0.0998,0.1001
kp25 run1.txt,21,-25.0,1,386.000,0.0955,0.1001
kp25 run1.txt,21,-25.0,1,387.000,0.1013,0.1001
kp25 run1.txt,21,-25.0,1,388.000,0.0998,0.1001
kp25 run1.txt,21,-25.0,1,389.000,0.0998,0.1001
kp25 run1.txt,21,-25.0,1,390.000,0.1082,0.1001
kp25 run1.txt,21,-25.0,1,391.000,0.1006,0.1001
kp25 run1.txt,21,-25.0,1,392.000,0.0998,0.1001
kp25 run1.txt,21,-25.0,1,393.000,0.1020,0.1001
kp25 run1.txt,21,-25.0,1,394.000,0.0845,0.1001
kp25 run1.txt,21,-25.0,1,395.000,0.0962,0.1001
kp25 run1.txt,21,-25.0,1,396.000,0.0962,0.1001
kp25 run1.txt,21,-25.0,1,397.000,0.1013,0.1001
kp25 run1.txt,21,-25.0,1,398.000,0.0998,0.1001
kp25 run1.txt,21,-25.0,1,399.000,0.0998,0.1001
kp25 run1.txt,21,-25.0,1,400.000,0.0958,0.1001
kp25 run1.txt,21,-25.0,1,401.000,0.1006,0.1001
kp25 run1.txt,21,-25.0,1,402.000,0.0991,0.1001
kp25 run1.txt,21,-25.0,1,403.000,0.1006,0.1001
kp25 run1.txt,21,-25.0,1,404.000,0.1049,0.1001
kp25 run1.txt,21,-25.0,1,405.000,0.0991,0.1001
kp25 run1.txt,21,-25.0,1,406.000,0.0998,0.1001
kp25 run1.txt,21,-25.0,1,407.000,0.0998,0.1001
kp25 run1.txt,21,-25.0,1,408.000,0.1013,0.1001
kp25 run1.txt,21,-25.0,1,409.000,0.0991,0.1001
kp25 run1.txt,21,-25.0,1,410.000,0.0977,0.1001
kp25 run1.txt,21,-25.0,1,411.000,0.1013,0.1001
kp25 run1.txt,21,-25.0,1,412.000,0.0991,0.1001
kp25 run1.txt,21,-25.0,1,413.000,0.0991,0.1001
kp25 run1.txt,21,-25.0,1,414.000,0.1017,0.1001
kp25 run1.txt,21,-25.0,1,415.000,0.0864,0.1001
kp25 run1.txt,21,-25.0,1,416.000,0.0991,0.1001
kp25 run1.txt,21,-25.0,1,417.000,0.1024,0.1001
kp25 run1.txt,21,-25.0,1,418.000,0.1013,0.1001
kp25 run1.txt,21,-25.0,1,419.000,0.0998,0.1001
kp25 run1.txt,21,-25.0,1,420.000,0.0991,0.1001
kp25 run1.txt,21,-25.0,1,421.000,0.1006,0.1001
kp25 run1.txt,21,-25.0,1,422.000,0.1020,0.1001
kp25 run1.txt,21,-25.0,1,423.000,0.1006,0.1001
kp25 run1.txt,21,-25.0,1,424.000,0.0977,0.1001
kp25 run1.txt,21,-25.0,1,425.000,0.0991,0.1001
kp25 run1.txt,21,-25.0,1,426.000,0.1006,0.1001
kp25 run1.txt,21,-25.0,1,427.000,0.1006,0.1001
kp25 run1.txt,21,-25.0,1,428.000,0.0991,0.1001
kp25 run1.txt,21,-25.0,1,429.000,0.0998,0.1001
kp25 run1.txt,21,-25.0,1,430.000,0.1035,0.1001
kp25 run1.txt,21,-25.0,1,431.000,0.1006,0.1001
kp25 run1.txt,21,-25.0,1,432.000,0.0987,0.1001
kp25 run1.txt,21,-25.0,1,433.000,0.0984,0.1001
kp25 run1.txt,21,-25.0,1,434.016,0.1017,0.1001
kp25 run1.txt,21,-25.0,1,435.000,0.1006,0.1001
kp25 run1.txt,21,-25.0,1,436.000,0.0998,0.1001
kp25 run1.txt,21,-25.0,1,437.000,0.1038,0.1001
kp25 run1.txt,21,-25.0,1,438.000,0.1006,0.1001
kp25 run1.txt,21,-25.0,1,439.000,0.1006,0.1001
kp25 run1.txt,21,-25.0,1,440.000,0.0991,0.1001
kp25 run1.txt,21,-25.0,1,441.000,0.0991,0.1001
kp25 run1.txt,21,-25.0,1,442.000,0.0977,0.1001
kp25 run1.txt,21,-25.0,1,443.000,0.1009,0.1001
kp25 run1.txt,21,-25.0,1,444.000,0.0998,0.1001
kp25 run1.txt,21,-25.0,1,445.000,0.1064,0.1001
kp25 run1.txt,21,-25.0,1,446.000,0.0918,0.1001
kp25 run1.txt,21,-25.0,1,447.000,0.0991,0.1001
kp25 run1.txt,21,-25.0,1,448.000,0.0998,0.1001
kp25 run1.txt,21,-25.0,1,449.000,0.1046,0.1001
kp25 run1.txt,21,-25.0,1,450.000,0.0998,0.1001
kp25 run1.txt,21,-25.0,1,451.000,0.0998,0.1001
kp25 run1.txt,21,-25.0,1,452.000,0.1017,0.1001
kp25 run1.txt,21,-25.0,1,453.000,0.1009,0.1001
kp25 run1.txt,21,-25.0,1,454.000,0.1006,0.1001
kp25 run1.txt,21,-25.0,1,455.000,0.0998,0.1001
kp25 run1.txt,21,-25.0,1,456.000,0.0998,0.1001
kp25 run1.txt,21,-25.0,1,457.000,0.1013,0.1001
kp25 run1.txt,21,-25.0,1,458.000,0.0998,0.1001
kp25 run1.txt,21,-25.0,1,459.000,0.0984,0.1001
kp25 run1.txt,21,-25.0,1,460.000,0.1006,0.1001
kp25 run1.txt,21,-25.0,1,461.000,0.1028,0.1001
kp25 run1.txt,21,-25.0,1,462.000,0.0962,0.1001
kp25 run1.txt,21,-25.0,1,463.000,0.1006,0.1001
kp25 run1.txt,21,-25.0,1,464.000,0.0998,0.1001
kp25 run1.txt,21,-25.0,1,465.000,0.1031,0.1001
kp25 run1.txt,21,-25.0,1,466.000,0.0995,0.1001
kp25 run1.txt,21,-25.0,1,467.000,0.0984,0.1001
kp25 run1.txt,21,-25.0,1,468.000,0.0998,0.1001
kp25 run1.txt,21,-25.0,1,469.000,0.0991,0.1001
kp25 run1.txt,21,-25.0,1,470.000,0.1009,0.1001
kp25 run1.txt,21,-25.0,1,471.000,0.0998,0.1001
kp25 run1.txt,21,-25.0,1,472.000,0.1024,0.1001
kp25 run1.txt,21,-25.0,1,473.000,0.0998,0.1001
kp25 run1.txt,21,-25.0,1,474.000,0.0998,0.1001
kp25 run1.txt,21,-25.0,1,475.000,0.1017,0.1001
kp25 run1.txt,21,-25.0,1,476.000,0.0998,0.1001
kp25 run1.txt,21,-25.0,1,477.000,0.0991,0.1001
kp25 run1.txt,21,-25.0,1,478.000,0.0907,0.1001
kp25 run1.txt,21,-25.0,1,479.000,0.0925,0.1001
kp25 run1.txt,21,-25.0,1,480.000,0.0998,0.1001
kp25 run1.txt,21,-25.0,1,481.000,0.1020,0.1001
kp25 run1.txt,21,-25.0,1,482.000,0.1181,0.1001
kp25 run1.txt,21,-25.0,1,483.000,0.0998,0.1001
kp25 run1.txt,21,-25.0,1,484.000,0.0991,0.1001
kp25 run1.txt,21,-25.0,1,485.000,0.0933,0.1001
kp25 run1.txt,21,-25.0,1,486.000,0.1006,0.1001
kp25 run1.txt,21,-25.0,1,487.000,0.1013,0.1001
kp25 run1.txt,21,-25.0,1,488.000,0.1086,0.1001
kp25 run1.txt,21,-25.0,1,489.000,0.1009,0.1001
kp25 run1.txt,21,-25.0,1,490.000,0.0977,0.1001
kp25 run1.txt,21,-25.0,1,491.000,0.0998,0.1001
kp25 run1.txt,21,-25.0,1,492.000,0.1017,0.1001
kp25 run1.txt,21,-25.0,1,493.000,0.0904,0.1001
kp25 run1.txt,21,-25.0,1,494.000,0.0966,0.1001
kp25 run1.txt,21,-25.0,1,495.000,0.1020,0.1001
kp25 run1.txt,21,-25.0,1,496.000,0.0984,0.1001
kp25 run1.txt,21,-25.0,1,497.000,0.1020,0.1001
kp25 run1.txt,21,-25.0,1,498.000,0.0998,0.1001
kp25 run1.txt,21,-25.0,1,499.000,0.1020,0.1001
kp25 run1.txt,21,-25.0,1,500.000,0.1009,0.1001
kp25 run1.txt,21,-25.0,1,501.000,0.1013,0.1001
kp25 run1.txt,21,-25.0,1,502.000,0.0969,0.1001
kp25 run1.txt,21,-25.0,1,503.000,0.0991,0.1001
kp25 run1.txt,21,-25.0,1,504.000,0.0995,0.1001
kp25 run1.txt,21,-25.0,1,505.000,0.1006,0.1001
kp25 run1.txt,21,-25.0,1,506.000,0.0962,0.1001
kp25 run1.txt,21,-25.0,1,507.000,0.0991,0.1001
kp25 run1.txt,21,-25.0,1,508.000,0.0991,0.1001
kp25 run1.txt,21,-25.0,1,509.000,0.1009,0.1001
kp25 run1.txt,21,-25.0,1,510.000,0.0987,0.1001
kp25 run1.txt,21,-25.0,1,511.000,0.0998,0.1001
kp25 run1.txt,21,-25.0,1,512.000,0.1057,0.1001
kp25 run1.txt,21,-25.0,1,513.000,0.0987,0.1001
kp25 run1.txt,21,-25.0,1,514.000,0.0987,0.1001
kp25 run1.txt,21,-25.0,1,515.000,0.1013,0.1001
kp25 run1.txt,21,-25.0,1,516.000,0.0998,0.1001
kp25 run1.txt,21,-25.0,1,517.000,0.1006,0.1001
kp25 run1.txt,21,-25.0,1,518.000,0.1006,0.1001
kp25 run1.txt,21,-25.0,1,519.000,0.1017,0.1001
kp25 run1.txt,21,-25.0,1,520.000,0.1020,0.1001
kp25 run1.txt,21,-25.0,1,521.000,0.1017,0.1001
kp25 run1.txt,21,-25.0,1,522.000,0.1013,0.1001
kp25 run1.txt,21,-25.0,1,523.000,0.0962,0.1001
kp25 run1.txt,21,-25.0,1,524.000,0.0998,0.1001
kp25 run1.txt,21,-25.0,1,525.000,0.0991,0.1001
kp25 run1.txt,21,-25.0,1,526.000,0.0991,0.1001
kp25 run1.txt,21,-25.0,1,527.000,0.0998,0.1001
kp25 run1.txt,21,-25.0,1,528.000,0.0998,0.1001
kp25 run1.txt,21,-25.0,1,529.000,0.1013,0.1001
kp25 run1.txt,21,-25.0,1,530.000,0.1006,0.1001
kp25 run1.txt,21,-25.0,1,531.000,0.1028,0.1001
kp25 run1.txt,21,-25.0,1,532.000,0.0991,0.1001
kp25 run1.txt,21,-25.0,1,533.000,0.1006,0.1001
kp25 run1.txt,21,-25.0,1,534.000,0.0998,0.1001
kp25 run1.txt,21,-25.0,1,535.000,0.1035,0.1001
kp25 run1.txt,21,-25.0,1,536.000,0.1020,0.1001
kp25 run1.txt,21,-25.0,1,537.000,0.1020,0.1001
kp25 run1.txt,21,-25.0,1,538.000,0.1020,0.1001
kp25 run1.txt,21,-25.0,1,539.000,0.0962,0.1001
kp25 run1.txt,21,-25.0,1,540.000,0.1006,0.1001
kp25 run1.txt,21,-25.0,1,541.000,0.0998,0.1001
kp25 run1.txt,21,-25.0,1,542.000,0.1006,0.1001
kp25 run1.txt,21,-25.0,1,543.000,0.0977,0.1001
kp25 run1.txt,21,-25.0,1,544.000,0.0955,0.1001
kp25 run1.txt,21,-25.0,1,545.000,0.0969,0.1001
kp25 run1.txt,21,-25.0,1,546.000,0.0998,0.1001
kp25 run1.txt,21,-25.0,1,547.000,0.0991,0.1001
kp25 run1.txt,21,-25.0,1,548.000,0.1006,0.1001
kp25 run1.txt,21,-25.0,1,549.000,0.0991,0.1001
kp25 run1.txt,21,-25.0,1,550.000,0.0998,0.1001
kp25 run1.txt,21,-25.0,1,551.000,0.1028,0.1001
kp25 run1.txt,21,-25.0,1,552.000,0.0984,0.1001
kp25 run1.txt,21,-25.0,1,553.000,0.1006,0.1001
kp25 run1.txt,21,-25.0,1,554.000,0.1020,0.1001
kp25 run1.txt,21,-25.0,1,555.000,0.0977,0.1001
kp25 run1.txt,21,-25.0,1,556.000,0.1006,0.1001
kp25 run1.txt,21,-25.0,1,557.000,0.0995,0.1001
kp25 run1.txt,21,-25.0,1,558.000,0.1028,0.1001
kp25 run1.txt,21,-25.0,1,559.000,0.1020,0.1001
kp25 run1.txt,21,-25.0,1,560.000,0.0998,0.1001
kp25 run1.txt,21,-25.0,1,561.000,0.0987,0.1001
kp25 run1.txt,21,-25.0,1,562.000,0.0947,0.1001
kp25 run1.txt,21,-25.0,1,563.000,0.0995,0.1001
kp25 run1.txt,21,-25.0,1,564.000,0.0998,0.1001
kp25 run1.txt,21,-25.0,1,565.000,0.1017,0.1001
kp25 run1.txt,21,-25.0,1,566.000,0.1009,0.1001
kp25 run1.txt,21,-25.0,1,567.000,0.1006,0.1001
kp25 run1.txt,21,-25.0,1,568.000,0.0998,0.1001
kp25 run1.txt,21,-25.0,1,569.000,0.0955,0.1001
kp25 run1.txt,21,-25.0,1,570.000,0.0984,0.1001
kp25 run1.txt,21,-25.0,1,571.000,0.1020,0.1001
kp25 run1.txt,21,-25.0,1,572.000,0.0998,0.1001
kp25 run1.txt,21,-25.0,1,573.000,0.0958,0.1001
kp25 run1.txt,21,-25.0,1,574.000,0.0998,0.1001
kp25 run1.txt,21,-25.0,1,575.000,0.0987,0.1001
kp25 run1.txt,21,-25.0,1,576.000,0.1013,0.1001
kp25 run1.txt,21,-25.0,1,577.000,0.1006,0.1001
kp25 run1.txt,21,-25.0,1,578.000,0.0969,0.1001
kp25 run1.txt,21,-25.0,1,579.000,0.0969,0.1001
kp25 run1.txt,21,-25.0,1,580.000,0.1035,0.1001
kp25 run1.txt,21,-25.0,1,581.000,0.1006,0.1001
kp25 run1.txt,21,-25.0,1,582.000,0.0969,0.1001
kp25 run1.txt,21,-25.0,1,583.000,0.1020,0.1001
kp25 run1.txt,21,-25.0,1,584.000,0.0991,0.1001
kp25 run1.txt,21,-25.0,1,585.000,0.0995,0.1001
kp25 run1.txt,21,-25.0,1,586.000,0.1028,0.1001
kp25 run1.txt,21,-25.0,1,587.000,0.1017,0.1001
kp25 run1.txt,21,-25.0,1,588.000,0.1006,0.1001
kp25 run1.txt,21,-25.0,1,589.000,0.1013,0.1001
kp25 run1.txt,21,-25.0,1,590.000,0.0987,0.1001
kp25 run1.txt,21,-25.0,1,591.000,0.0998,0.1001
kp25 run1.txt,21,-25.0,1,592.000,0.1006,0.1001
kp25 run1.txt,21,-25.0,1,593.000,0.0998,0.1001
kp25 run1.txt,21,-25.0,1,594.000,0.1035,0.1001
kp25 run1.txt,21,-25.0,1,595.000,0.0998,0.1001
kp25 run1.txt,21,-25.0,1,596.000,0.1020,0.1001
kp25 run1.txt,21,-25.0,1,597.000,0.1017,0.1001
kp25 run1.txt,21,-25.0,1,598.000,0.0998,0.1001
kp25 run1.txt,21,-25.0,1,599.000,0.1013,0.1001
kp25 run1.txt,22,-25.0,-1,0.000,0.1006,0.1023
kp25 run1.txt,22,-25.0,-1,1.000,0.1049,0.1023
kp25 run1.txt,22,-25.0,-1,2.000,0.1013,0.1023
kp25 run1.txt,22,-25.0,-1,3.000,0.0860,0.1020
kp25 run1.txt,22,-25.0,-1,4.000,0.0998,0.1013
kp25 run1.txt,22,-25.0,-1,5.000,0.0998,0.1001
kp25 run1.txt,22,-25.0,-1,6.000,0.0969,0.0987
kp25 run1.txt,22,-25.0,-1,7.000,0.0947,0.0968
kp25 run1.txt,22,-25.0,-1,8.000,0.0922,0.0946
kp25 run1.txt,22,-25.0,-1,9.000,0.0874,0.0921
kp25 run1.txt,22,-25.0,-1,10.000,0.0612,0.0894
kp25 run1.txt,22,-25.0,-1,11.000,0.0816,0.0863
kp25 run1.txt,22,-25.0,-1,12.000,0.0787,0.0830
kp25 run1.txt,22,-25.0,-1,13.000,0.0736,0.0794
kp25 run1.txt,22,-25.0,-1,14.000,0.0699,0.0756
kp25 run1.txt,22,-25.0,-1,15.000,0.0670,0.0716
kp25 run1.txt,22,-25.0,-1,16.000,0.0725,0.0674
kp25 run1.txt,22,-25.0,-1,17.000,0.0586,0.0631
kp25 run1.txt,22,-25.0,-1,18.000,0.0532,0.0586
kp25 run1.txt,22,-25.0,-1,19.000,0.0503,0.0540
kp25 run1.txt,22,-25.0,-1,20.000,0.0452,0.0492
kp25 run1.txt,22,-25.0,-1,21.000,0.0218,0.0444
kp25 run1.txt,22,-25.0,-1,22.000,0.0433,0.0395
kp25 run1.txt,22,-25.0,-1,23.000,0.0218,0.0344
kp25 run1.txt,22,-25.0,-1,24.000,0.0335,0.0294
kp25 run1.txt,22,-25.0,-1,25.000,0.0182,0.0242
kp25 run1.txt,22,-25.0,-1,26.000,0.0218,0.0191
kp25 run1.txt,22,-25.0,-1,27.000,0.0211,0.0139
kp25 run1.txt,22,-25.0,-1,28.000,0.0171,0.0087
kp25 run1.txt,22,-25.0,-1,29.000,0.0098,0.0036
kp25 run1.txt,22,-25.0,-1,30.000,0.0094,-0.0016
kp25 run1.txt,22,-25.0,-1,31.000,-0.0066,-0.0067
kp25 run1.txt,22,-25.0,-1,32.000,-0.0132,-0.0119
kp25 run1.txt,22,-25.0,-1,33.000,-0.0175,-0.0169
kp25 run1.txt,22,-25.0,-1,34.000,-0.0248,-0.0219
kp25 run1.txt,22,-25.0,-1,35.000,-0.0285,-0.0269
kp25 run1.txt,22,-25.0,-1,36.000,-0.0343,-0.0318
kp25 run1.txt,22,-25.0,-1,37.000,-0.0416,-0.0366
kp25 run1.txt,22,-25.0,-1,38.000,-0.0482,-0.0413
kp25 run1.txt,22,-25.0,-1,39.000,-0.0525,-0.0459
kp25 run1.txt,22,-25.0,-1,40.000,-0.0518,-0.0505
kp25 run1.txt,22,-25.0,-1,41.000,-0.0576,-0.0549
kp25 run1.txt,22,-25.0,-1,42.000,-0.0616,-0.0593
kp25 run1.txt,22,-25.0,-1,43.000,-0.0649,-0.0635
kp25 run1.txt,22,-25.0,-1,44.000,-0.0693,-0.0676
kp25 run1.txt,22,-25.0,-1,45.000,-0.0762,-0.0716
kp25 run1.txt,22,-25.0,-1,46.000,-0.0842,-0.0755
kp25 run1.txt,22,-25.0,-1,47.000,-0.0839,-0.0793
kp25 run1.txt,22,-25.0,-1,48.000,-0.0875,-0.0829
kp25 run1.txt,22,-25.0,-1,49.000,-0.1014,-0.0864
kp25 run1.txt,22,-25.0,-1,50.000,-0.0966,-0.0898
kp25 run1.txt,22,-25.0,-1,51.000,-0.0999,-0.0930
kp25 run1.txt,22,-25.0,-1,52.000,-0.1036,-0.0961
kp25 run1.txt,22,-25.0,-1,53.000,-0.1050,-0.0991
kp25 run1.txt,22,-25.0,-1,54.000,-0.1065,-0.1020
kp25 run1.txt,22,-25.0,-1,55.000,-0.1087,-0.1047
kp25 run1.txt,22,-25.0,-1,56.000,-0.1167,-0.1073
kp25 run1.txt,22,-25.0,-1,57.000,-0.1160,-0.1097
kp25 run1.txt,22,-25.0,-1,58.000,-0.1378,-0.1120
kp25 run1.txt,22,-25.0,-1,59.000,-0.1211,-0.1142
kp25 run1.txt,22,-25.0,-1,60.000,-0.1218,-0.1163
kp25 run1.txt,22,-25.0,-1,61.000,-0.1276,-0.1182
kp25 run1.txt,22,-25.0,-1,62.000,-0.1269,-0.1200
kp25 run1.txt,22,-25.0,-1,63.000,-0.1313,-0.1217
kp25 run1.txt,22,-25.0,-1,64.000,-0.1298,-0.1233
kp25 run1.txt,22,-25.0,-1,65.000,-0.1327,-0.1247
kp25 run1.txt,22,-25.0,-1,66.000,-0.1276,-0.1260
kp25 run1.txt,22,-25.0,-1,67.000,-0.1284,-0.1272
kp25 run1.txt,22,-25.0,-1,68.000,-0.1320,-0.1283
kp25 run1.txt,22,-25.0,-1,69.000,-0.1375,-0.1293
kp25 run1.txt,22,-25.0,-1,70.000,-0.1524,-0.1302
kp25 run1.txt,22,-25.0,-1,71.000,-0.1364,-0.1310
kp25 run1.txt,22,-25.0,-1,72.000,-0.1335,-0.1317
kp25 run1.txt,22,-25.0,-1,73.000,-0.1367,-0.1322
kp25 run1.txt,22,-25.0,-1,74.000,-0.1342,-0.1327
kp25 run1.txt,22,-25.0,-1,75.000,-0.1364,-0.1331
kp25 run1.txt,22,-25.0,-1,76.000,-0.1364,-0.1334
kp25 run1.txt,22,-25.0,-1,77.000,-0.1371,-0.1336
kp25 run1.txt,22,-25.0,-1,78.000,-0.1342,-0.1338
kp25 run1.txt,22,-25.0,-1,79.000,-0.1327,-0.1338
kp25 run1.txt,22,-25.0,-1,80.000,-0.1342,-0.1338
kp25 run1.txt,22,-25.0,-1,81.000,-0.1342,-0.1337
kp25 run1.txt,22,-25.0,-1,82.000,-0.1342,-0.1336
kp25 run1.txt,22,-25.0,-1,83.000,-0.1342,-0.1334
kp25 run1.txt,22,-25.0,-1,84.000,-0.1356,-0.1331
kp25 run1.txt,22,-25.0,-1,85.000,-0.1335,-0.1328
kp25 run1.txt,22,-25.0,-1,86.000,-0.1364,-0.1324
kp25 run1.txt,22,-25.0,-1,87.000,-0.1247,-0.1319
kp25 run1.txt,22,-25.0,-1,88.000,-0.1240,-0.1314
kp25 run1.txt,22,-25.0,-1,89.000,-0.1320,-0.1309
kp25 run1.txt,22,-25.0,-1,90.000,-0.1294,-0.1303
kp25 run1.txt,22,-25.0,-1,91.000,-0.1298,-0.1297
kp25 run1.txt,22,-25.0,-1,92.000,-0.1284,-0.1291
kp25 run1.txt,22,-25.0,-1,93.000,-0.1251,-0.1284
kp25 run1.txt,22,-25.0,-1,94.000,-0.1335,-0.1277
kp25 run1.txt,22,-25.0,-1,95.000,-0.1251,-0.1269
kp25 run1.txt,22,-25.0,-1,96.000,-0.1247,-0.1262
kp25 run1.txt,22,-25.0,-1,97.000,-0.1229,-0.1254
kp25 run1.txt,22,-25.0,-1,98.000,-0.1167,-0.1246
kp25 run1.txt,22,-25.0,-1,99.000,-0.1218,-0.1238
kp25 run1.txt,22,-25.0,-1,100.000,-0.1152,-0.1230
kp25 run1.txt,22,-25.0,-1,101.000,-0.1181,-0.1221
kp25 run1.txt,22,-25.0,-1,102.000,-0.1163,-0.1213
kp25 run1.txt,22,-25.0,-1,103.000,-0.1141,-0.1204
kp25 run1.txt,22,-25.0,-1,104.000,-0.1196,-0.1196
kp25 run1.txt,22,-25.0,-1,105.000,-0.1138,-0.1187
kp25 run1.txt,22,-25.0,-1,106.000,-0.0883,-0.1178
kp25 run1.txt,22,-25.0,-1,107.000,-0.1101,-0.1170
kp25 run1.txt,22,-25.0,-1,108.000,-0.1112,-0.1161
kp25 run1.txt,22,-25.0,-1,109.000,-0.1116,-0.1153
kp25 run1.txt,22,-25.0,-1,110.000,-0.1116,-0.1144
kp25 run1.txt,22,-25.0,-1,111.000,-0.0966,-0.1136
kp25 run1.txt,22,-25.0,-1,112.000,-0.1090,-0.1127
kp25 run1.txt,22,-25.0,-1,113.000,-0.1065,-0.1119
kp25 run1.txt,22,-25.0,-1,114.000,-0.1065,-0.1111
kp25 run1.txt,22,-25.0,-1,115.000,-0.1043,-0.1103
kp25 run1.txt,22,-25.0,-1,116.000,-0.1014,-0.1096
kp25 run1.txt,22,-25.0,-1,117.000,-0.1058,-0.1088
kp25 run1.txt,22,-25.0,-1,118.000,-0.1043,-0.1080
kp25 run1.txt,22,-25.0,-1,119.000,-0.1021,-0.1073
kp25 run1.txt,22,-25.0,-1,120.000,-0.1021,-0.1066
kp25 run1.txt,22,-25.0,-1,121.000,-0.1014,-0.1059
kp25 run1.txt,22,-25.0,-1,122.000,-0.0963,-0.1052
kp25 run1.txt,22,-25.0,-1,123.000,-0.1006,-0.1046
kp25 run1.txt,22,-25.0,-1,124.000,-0.1043,-0.1039
kp25 run1.txt,22,-25.0,-1,125.000,-0.0934,-0.1033
kp25 run1.txt,22,-25.0,-1,126.000,-0.0985,-0.1027
kp25 run1.txt,22,-25.0,-1,127.000,-0.0992,-0.1022
kp25 run1.txt,22,-25.0,-1,128.000,-0.0966,-0.1016
kp25 run1.txt,22,-25.0,-1,129.000,-0.0959,-0.1011
kp25 run1.txt,22,-25.0,-1,130.000,-0.1050,-0.1006
kp25 run1.txt,22,-25.0,-1,131.000,-0.0908,-0.1001
kp25 run1.txt,22,-25.0,-1,132.000,-0.0948,-0.0996
kp25 run1.txt,22,-25.0,-1,133.000,-0.0941,-0.0992
kp25 run1.txt,22,-25.0,-1,134.000,-0.0926,-0.0988
kp25 run1.txt,22,-25.0,-1,135.000,-0.0955,-0.0984
kp25 run1.txt,22,-25.0,-1,136.000,-0.0926,-0.0980
kp25 run1.txt,22,-25.0,-1,137.000,-0.0919,-0.0976
kp25 run1.txt,22,-25.0,-1,138.000,-0.1014,-0.0973
kp25 run1.txt,22,-25.0,-1,139.000,-0.0963,-0.0970
kp25 run1.txt,22,-25.0,-1,140.000,-0.0966,-0.0967
kp25 run1.txt,22,-25.0,-1,141.000,-0.0948,-0.0964
kp25 run1.txt,22,-25.0,-1,142.000,-0.0948,-0.0962
kp25 run1.txt,22,-25.0,-1,143.000,-0.1014,-0.0960
kp25 run1.txt,22,-25.0,-1,144.000,-0.0955,-0.0957
kp25 run1.txt,22,-25.0,-1,145.000,-0.0937,-0.0955
kp25 run1.txt,22,-25.0,-1,146.000,-0.0948,-0.0954
kp25 run1.txt,22,-25.0,-1,147.000,-0.0948,-0.0952
kp25 run1.txt,22,-25.0,-1,148.000,-0.0955,-0.0951
kp25 run1.txt,22,-25.0,-1,149.000,-0.0930,-0.0950
kp25 run1.txt,22,-25.0,-1,150.000,-0.0955,-0.0949
kp25 run1.txt,22,-25.0,-1,151.000,-0.0955,-0.0948
kp25 run1.txt,22,-25.0,-1,152.000,-0.0926,-0.0947
kp25 run1.txt,22,-25.0,-1,153.000,-0.0945,-0.0946
kp25 run1.txt,22,-25.0,-1,154.000,-0.0926,-0.0946
kp25 run1.txt,22,-25.0,-1,155.000,-0.0955,-0.0946
kp25 run1.txt,22,-25.0,-1,156.000,-0.0955,-0.0945
kp25 run1.txt,22,-25.0,-1,157.000,-0.0926,-0.0945
kp25 run1.txt,22,-25.0,-1,158.000,-0.0955,-0.0946
kp25 run1.txt,22,-25.0,-1,159.000,-0.0934,-0.0946
kp25 run1.txt,22,-25.0,-1,160.000,-0.0977,-0.0946
kp25 run1.txt,22,-25.0,-1,161.000,-0.0948,-0.0946
kp25 run1.txt,22,-25.0,-1,162.000,-0.0948,-0.0947
kp25 run1.txt,22,-25.0,-1,163.000,-0.0941,-0.0948
kp25 run1.txt,22,-25.0,-1,164.000,-0.0959,-0.0948
kp25 run1.txt,22,-25.0,-1,165.000,-0.0934,-0.0949
kp25 run1.txt,22,-25.0,-1,166.000,-0.0948,-0.0950
kp25 run1.txt,22,-25.0,-1,167.000,-0.0955,-0.0951
kp25 run1.txt,22,-25.0,-1,168.000,-0.0948,-0.0952
kp25 run1.txt,22,-25.0,-1,169.000,-0.0948,-0.0953
kp25 run1.txt,22,-25.0,-1,170.000,-0.0853,-0.0954
kp25 run1.txt,22,-25.0,-1,171.000,-0.0974,-0.0955
kp25 run1.txt,22,-25.0,-1,172.000,-0.1014,-0.0956
kp25 run1.txt,22,-25.0,-1,173.000,-0.1065,-0.0958
kp25 run1.txt,22,-25.0,-1,174.000,-0.1043,-0.0959
kp25 run1.txt,22,-25.0,-1,175.000,-0.1006,-0.0960
kp25 run1.txt,22,-25.0,-1,176.000,-0.0992,-0.0961
kp25 run1.txt,22,-25.0,-1,177.000,-0.0999,-0.0963
kp25 run1.txt,22,-25.0,-1,178.000,-0.0970,-0.0964
kp25 run1.txt,22,-25.0,-1,179.000,-0.0999,-0.0966
kp25 run1.txt,22,-25.0,-1,180.000,-0.1006,-0.0967
kp25 run1.txt,22,-25.0,-1,181.000,-0.0937,-0.0968
kp25 run1.txt,22,-25.0,-1,182.000,-0.0985,-0.0970
kp25 run1.txt,22,-25.0,-1,183.000,-0.1028,-0.0971
kp25 run1.txt,22,-25.0,-1,184.000,-0.1014,-0.0973
kp25 run1.txt,22,-25.0,-1,185.000,-0.0992,-0.0974
kp25 run1.txt,22,-25.0,-1,186.000,-0.0992,-0.0976
kp25 run1.txt,22,-25.0,-1,187.000,-0.0992,-0.0977
kp25 run1.txt,22,-25.0,-1,188.000,-0.1014,-0.0978
kp25 run1.txt,22,-25.0,-1,189.000,-0.1021,-0.0980
kp25 run1.txt,22,-25.0,-1,190.000,-0.1014,-0.0981
kp25 run1.txt,22,-25.0,-1,191.000,-0.1014,-0.0983
kp25 run1.txt,22,-25.0,-1,192.000,-0.1014,-0.0984
kp25 run1.txt,22,-25.0,-1,193.000,-0.1021,-0.0985
kp25 run1.txt,22,-25.0,-1,194.000,-0.0999,-0.0987
kp25 run1.txt,22,-25.0,-1,195.000,-0.0999,-0.0988
kp25 run1.txt,22,-25.0,-1,196.000,-0.1101,-0.0989
kp25 run1.txt,22,-25.0,-1,197.000,-0.1006,-0.0990
kp25 run1.txt,22,-25.0,-1,198.000,-0.0996,-0.0991
kp25 run1.txt,22,-25.0,-1,199.000,-0.1112,-0.0993
kp25 run1.txt,22,-25.0,-1,200.000,-0.1043,-0.0994
kp25 run1.txt,22,-25.0,-1,201.000,-0.1006,-0.0995
kp25 run1.txt,22,-25.0,-1,202.000,-0.0996,-0.0996
kp25 run1.txt,22,-25.0,-1,203.000,-0.1014,-0.0997
kp25 run1.txt,22,-25.0,-1,204.000,-0.0985,-0.0998
kp25 run1.txt,22,-25.0,-1,205.000,-0.1160,-0.0999
kp25 run1.txt,22,-25.0,-1,206.000,-0.1014,-0.1000
kp25 run1.txt,22,-25.0,-1,207.000,-0.0999,-0.1000
kp25 run1.txt,22,-25.0,-1,208.000,-0.1010,-0.1001
kp25 run1.txt,22,-25.0,-1,209.000,-0.1043,-0.1002
kp25 run1.txt,22,-25.0,-1,210.000,-0.1025,-0.1003
kp25 run1.txt,22,-25.0,-1,211.000,-0.1050,-0.1003
kp25 run1.txt,22,-25.0,-1,212.000,-0.1025,-0.1004
kp25 run1.txt,22,-25.0,-1,213.000,-0.1021,-0.1005
kp25 run1.txt,22,-25.0,-1,214.000,-0.1006,-0.1005
kp25 run1.txt,22,-25.0,-1,215.000,-0.1021,-0.1006
kp25 run1.txt,22,-25.0,-1,216.000,-0.1010,-0.1007
kp25 run1.txt,22,-25.0,-1,217.000,-0.0999,-0.1007
kp25 run1.txt,22,-25.0,-1,218.000,-0.1079,-0.1007
kp25 run1.txt,22,-25.0,-1,219.000,-0.1014,-0.1008
kp25 run1.txt,22,-25.0,-1,220.000,-0.1014,-0.1008
kp25 run1.txt,22,-25.0,-1,221.000,-0.1006,-0.1009
kp25 run1.txt,22,-25.0,-1,222.000,-0.1021,-0.1009
kp25 run1.txt,22,-25.0,-1,223.000,-0.1014,-0.1009
kp25 run1.txt,22,-25.0,-1,224.000,-0.0996,-0.1010
kp25 run1.txt,22,-25.0,-1,225.000,-0.1017,-0.1010
kp25 run1.txt,22,-25.0,-1,226.000,-0.1006,-0.1010
kp25 run1.txt,22,-25.0,-1,227.000,-0.1028,-0.1010
kp25 run1.txt,22,-25.0,-1,228.000,-0.1028,-0.1010
kp25 run1.txt,22,-25.0,-1,229.000,-0.1014,-0.1011
kp25 run1.txt,22,-25.0,-1,230.000,-0.0985,-0.1011
kp25 run1.txt,22,-25.0,-1,231.000,-0.1032,-0.1011
kp25 run1.txt,22,-25.0,-1,232.000,-0.0966,-0.1011
kp25 run1.txt,22,-25.0,-1,233.000,-0.1028,-0.1011
kp25 run1.txt,22,-25.0,-1,234.000,-0.1014,-0.1011
kp25 run1.txt,22,-25.0,-1,235.000,-0.0992,-0.1011
kp25 run1.txt,22,-25.0,-1,236.000,-0.1014,-0.1011
kp25 run1.txt,22,-25.0,-1,237.000,-0.1006,-0.1011
kp25 run1.txt,22,-25.0,-1,238.000,-0.0955,-0.1011
kp25 run1.txt,22,-25.0,-1,239.000,-0.1021,-0.1011
kp25 run1.txt,22,-25.0,-1,240.000,-0.0999,-0.1011
kp25 run1.txt,22,-25.0,-1,241.000,-0.0999,-0.1010
kp25 run1.txt,22,-25.0,-1,242.000,-0.1043,-0.1010
kp25 run1.txt,22,-25.0,-1,243.000,-0.1065,-0.1010
kp25 run1.txt,22,-25.0,-1,244.000,-0.1006,-0.1010
kp25 run1.txt,22,-25.0,-1,245.000,-0.1021,-0.1010
kp25 run1.txt,22,-25.0,-1,246.000,-0.0992,-0.1010
kp25 run1.txt,22,-25.0,-1,247.000,-0.1006,-0.1010
kp25 run1.txt,22,-25.0,-1,248.000,-0.1119,-0.1009
kp25 run1.txt,22,-25.0,-1,249.000,-0.1006,-0.1009
kp25 run1.txt,22,-25.0,-1,250.000,-0.1014,-0.1009
kp25 run1.txt,22,-25.0,-1,251.000,-0.1043,-0.1009
kp25 run1.txt,22,-25.0,-1,252.000,-0.1021,-0.1008
kp25 run1.txt,22,-25.0,-1,253.000,-0.1003,-0.1008
kp25 run1.txt,22,-25.0,-1,254.000,-0.0996,-0.1008
kp25 run1.txt,22,-25.0,-1,255.000,-0.0988,-0.1008
kp25 run1.txt,22,-25.0,-1,256.000,-0.0977,-0.1008
kp25 run1.txt,22,-25.0,-1,257.000,-0.1036,-0.1007
kp25 run1.txt,22,-25.0,-1,258.000,-0.1050,-0.1007
kp25 run1.txt,22,-25.0,-1,259.000,-0.1014,-0.1007
kp25 run1.txt,22,-25.0,-1,260.000,-0.1028,-0.1007
kp25 run1.txt,22,-25.0,-1,261.000,-0.1014,-0.1006
kp25 run1.txt,22,-25.0,-1,262.000,-0.1021,-0.1006
kp25 run1.txt,22,-25.0,-1,263.000,-0.0959,-0.1006
kp25 run1.txt,22,-25.0,-1,264.000,-0.1021,-0.1006
kp25 run1.txt,22,-25.0,-1,265.000,-0.0970,-0.1005
kp25 run1.txt,22,-25.0,-1,266.000,-0.0955,-0.1005
kp25 run1.txt,22,-25.0,-1,267.000,-0.0999,-0.1005
kp25 run1.txt,22,-25.0,-1,268.000,-0.1006,-0.1005
kp25 run1.txt,22,-25.0,-1,269.000,-0.0992,-0.1005
kp25 run1.txt,22,-25.0,-1,270.000,-0.0999,-0.1004
kp25 run1.txt,22,-25.0,-1,271.000,-0.1006,-0.1004
kp25 run1.txt,22,-25.0,-1,272.000,-0.1014,-0.1004
kp25 run1.txt,22,-25.0,-1,273.000,-0.1006,-0.1004
kp25 run1.txt,22,-25.0,-1,274.000,-0.0926,-0.1003
kp25 run1.txt,22,-25.0,-1,275.000,-0.0992,-0.1003
kp25 run1.txt,22,-25.0,-1,276.000,-0.1014,-0.1003
kp25 run1.txt,22,-25.0,-1,277.000,-0.0992,-0.1003
kp25 run1.txt,22,-25.0,-1,278.000,-0.0992,-0.1003
kp25 run1.txt,22,-25.0,-1,279.000,-0.0988,-0.1003
kp25 run1.txt,22,-25.0,-1,280.000,-0.0996,-0.1002
kp25 run1.txt,22,-25.0,-1,281.000,-0.1003,-0.1002
kp25 run1.txt,22,-25.0,-1,282.000,-0.1006,-0.1002
kp25 run1.txt,22,-25.0,-1,283.000,-0.1006,-0.1002
kp25 run1.txt,22,-25.0,-1,284.000,-0.0963,-0.1002
kp25 run1.txt,22,-25.0,-1,285.000,-0.1090,-0.1002
kp25 run1.txt,22,-25.0,-1,286.000,-0.1006,-0.1001
kp25 run1.txt,22,-25.0,-1,287.000,-0.0912,-0.1001
kp25 run1.txt,22,-25.0,-1,288.000,-0.0992,-0.1001
kp25 run1.txt,22,-25.0,-1,289.000,-0.1006,-0.1001
kp25 run1.txt,22,-25.0,-1,290.000,-0.0985,-0.1001
kp25 run1.txt,22,-25.0,-1,291.000,-0.1014,-0.1001
kp25 run1.txt,22,-25.0,-1,292.000,-0.1006,-0.1001
kp25 run1.txt,22,-25.0,-1,293.000,-0.0999,-0.1001
kp25 run1.txt,22,-25.0,-1,294.000,-0.0999,-0.1001
kp25 run1.txt,22,-25.0,-1,295.000,-0.1006,-0.1001
kp25 run1.txt,22,-25.0,-1,296.000,-0.1021,-0.1000
kp25 run1.txt,22,-25.0,-1,297.000,-0.0966,-0.1000
kp25 run1.txt,22,-25.0,-1,298.000,-0.0992,-0.1000
kp25 run1.txt,22,-25.0,-1,299.000,-0.0981,-0.1000
kp25 run1.txt,22,-25.0,-1,300.000,-0.1021,-0.1000
kp25 run1.txt,22,-25.0,-1,301.000,-0.1109,-0.1000
kp25 run1.txt,22,-25.0,-1,302.000,-0.1014,-0.1000
kp25 run1.txt,22,-25.0,-1,303.000,-0.1021,-0.1000
kp25 run1.txt,22,-25.0,-1,304.000,-0.0992,-0.1000
kp25 run1.txt,22,-25.0,-1,305.000,-0.0999,-0.1000
kp25 run1.txt,22,-25.0,-1,306.000,-0.1058,-0.1000
kp25 run1.txt,22,-25.0,-1,307.000,-0.1006,-0.1000
kp25 run1.txt,22,-25.0,-1,308.000,-0.0985,-0.1000
kp25 run1.txt,22,-25.0,-1,309.000,-0.0999,-0.1000
kp25 run1.txt,22,-25.0,-1,310.000,-0.0970,-0.1000
kp25 run1.txt,22,-25.0,-1,311.000,-0.0999,-0.1000
kp25 run1.txt,22,-25.0,-1,312.000,-0.1028,-0.1000
kp25 run1.txt,22,-25.0,-1,313.000,-0.0999,-0.1000
kp25 run1.txt,22,-25.0,-1,314.000,-0.0977,-0.1000
kp25 run1.txt,22,-25.0,-1,315.000,-0.0992,-0.1000
kp25 run1.txt,22,-25.0,-1,316.000,-0.0751,-0.1000
kp25 run1.txt,22,-25.0,-1,317.000,-0.1043,-0.1000
kp25 run1.txt,22,-25.0,-1,318.000,-0.1021,-0.1000
kp25 run1.txt,22,-25.0,-1,319.000,-0.1006,-0.1000
kp25 run1.txt,22,-25.0,-1,320.000,-0.1006,-0.1000
kp25 run1.txt,22,-25.0,-1,321.000,-0.0985,-0.1000
kp25 run1.txt,22,-25.0,-1,322.000,-0.1006,-0.1000
kp25 run1.txt,22,-25.0,-1,323.000,-0.0977,-0.1000
kp25 run1.txt,22,-25.0,-1,324.000,-0.0959,-0.1000
kp25 run1.txt,22,-25.0,-1,325.000,-0.0996,-0.1000
kp25 run1.txt,22,-25.0,-1,326.000,-0.0985,-0.1000
kp25 run1.txt,22,-25.0,-1,327.000,-0.1025,-0.1000
kp25 run1.txt,22,-25.0,-1,328.000,-0.0985,-0.1000
kp25 run1.txt,22,-25.0,-1,329.000,-0.0963,-0.1000
kp25 run1.txt,22,-25.0,-1,330.000,-0.0996,-0.1000
kp25 run1.txt,22,-25.0,-1,331.000,-0.0977,-0.1000
kp25 run1.txt,22,-25.0,-1,332.000,-0.0926,-0.1000
kp25 run1.txt,22,-25.0,-1,333.000,-0.0963,-0.1000
kp25 run1.txt,22,-25.0,-1,334.000,-0.0999,-0.1001
kp25 run1.txt,22,-25.0,-1,335.000,-0.0985,-0.1001
kp25 run1.txt,22,-25.0,-1,336.000,-0.0992,-0.1001
kp25 run1.txt,22,-25.0,-1,337.000,-0.1017,-0.1001
kp25 run1.txt,22,-25.0,-1,338.000,-0.1036,-0.1001
kp25 run1.txt,22,-25.0,-1,339.000,-0.0985,-0.1001
kp25 run1.txt,22,-25.0,-1,340.000,-0.1006,-0.1001
kp25 run1.txt,22,-25.0,-1,341.000,-0.0996,-0.1001
kp25 run1.txt,22,-25.0,-1,342.000,-0.1014,-0.1001
kp25 run1.txt,22,-25.0,-1,343.000,-0.0963,-0.1001
kp25 run1.txt,22,-25.0,-1,344.000,-0.1079,-0.1001
kp25 run1.txt,22,-25.0,-1,345.000,-0.1094,-0.1001
kp25 run1.txt,22,-25.0,-1,346.000,-0.1036,-0.1001
kp25 run1.txt,22,-25.0,-1,347.000,-0.0992,-0.1001
kp25 run1.txt,22,-25.0,-1,348.000,-0.1036,-0.1001
kp25 run1.txt,22,-25.0,-1,349.000,-0.1014,-0.1001
kp25 run1.txt,22,-25.0,-1,350.000,-0.0996,-0.1001
kp25 run1.txt,22,-25.0,-1,351.000,-0.1021,-0.1001
kp25 run1.txt,22,-25.0,-1,352.000,-0.0992,-0.1001
kp25 run1.txt,22,-25.0,-1,353.000,-0.0974,-0.1001
kp25 run1.txt,22,-25.0,-1,354.000,-0.0996,-0.1001
kp25 run1.txt,22,-25.0,-1,355.000,-0.0999,-0.1001
kp25 run1.txt,22,-25.0,-1,356.000,-0.0992,-0.1001
kp25 run1.txt,22,-25.0,-1,357.000,-0.1028,-0.1001
kp25 run1.txt,22,-25.0,-1,358.000,-0.1014,-0.1001
kp25 run1.txt,22,-25.0,-1,359.000,-0.1021,-0.1001
kp25 run1.txt,22,-25.0,-1,360.000,-0.0996,-0.1001
kp25 run1.txt,22,-25.0,-1,361.000,-0.1017,-0.1001
kp25 run1.txt,22,-25.0,-1,362.000,-0.0985,-0.1001
kp25 run1.txt,22,-25.0,-1,363.000,-0.0963,-0.1001
kp25 run1.txt,22,-25.0,-1,364.000,-0.1006,-0.1002
kp25 run1.txt,22,-25.0,-1,365.000,-0.0985,-0.1002
kp25 run1.txt,22,-25.0,-1,366.000,-0.0970,-0.1002
kp25 run1.txt,22,-25.0,-1,367.000,-0.1039,-0.1002
kp25 run1.txt,22,-25.0,-1,368.000,-0.0996,-0.1002
kp25 run1.txt,22,-25.0,-1,369.000,-0.1003,-0.1002
kp25 run1.txt,22,-25.0,-1,370.000,-0.0985,-0.1002
kp25 run1.txt,22,-25.0,-1,371.000,-0.1006,-0.1002
kp25 run1.txt,22,-25.0,-1,372.000,-0.0985,-0.1002
kp25 run1.txt,22,-25.0,-1,373.000,-0.1006,-0.1002
kp25 run1.txt,22,-25.0,-1,374.000,-0.1014,-0.1002
kp25 run1.txt,22,-25.0,-1,375.000,-0.1032,-0.1002
kp25 run1.txt,22,-25.0,-1,376.000,-0.1017,-0.1002
kp25 run1.txt,22,-25.0,-1,377.000,-0.0999,-0.1002
kp25 run1.txt,22,-25.0,-1,378.000,-0.0966,-0.1002
kp25 run1.txt,22,-25.0,-1,379.000,-0.1021,-0.1002
kp25 run1.txt,22,-25.0,-1,380.000,-0.0992,-0.1002
kp25 run1.txt,22,-25.0,-1,381.000,-0.0963,-0.1002
kp25 run1.txt,22,-25.0,-1,382.000,-0.0988,-0.1002
kp25 run1.txt,22,-25.0,-1,383.000,-0.1036,-0.1002
kp25 run1.txt,22,-25.0,-1,384.000,-0.1006,-0.1002
kp25 run1.txt,22,-25.0,-1,385.000,-0.0992,-0.1002
kp25 run1.txt,22,-25.0,-1,386.000,-0.0985,-0.1002
kp25 run1.txt,22,-25.0,-1,387.000,-0.1036,-0.1002
kp25 run1.txt,22,-25.0,-1,388.000,-0.1036,-0.1002
kp25 run1.txt,22,-25.0,-1,389.000,-0.0996,-0.1002
kp25 run1.txt,22,-25.0,-1,390.000,-0.1006,-0.1002
kp25 run1.txt,22,-25.0,-1,391.000,-0.1006,-0.1002
kp25 run1.txt,22,-25.0,-1,392.000,-0.0992,-0.1002
kp25 run1.txt,22,-25.0,-1,393.000,-0.0996,-0.1002
kp25 run1.txt,22,-25.0,-1,394.000,-0.0897,-0.1002
kp25 run1.txt,22,-25.0,-1,395.000,-0.1087,-0.1002
kp25 run1.txt,22,-25.0,-1,396.000,-0.1006,-0.1002
kp25 run1.txt,22,-25.0,-1,397.000,-0.0996,-0.1002
kp25 run1.txt,22,-25.0,-1,398.000,-0.0985,-0.1002
kp25 run1.txt,22,-25.0,-1,399.000,-0.1014,-0.1002
kp25 run1.txt,22,-25.0,-1,400.000,-0.0999,-0.1002
kp25 run1.txt,22,-25.0,-1,401.000,-0.0992,-0.1002
kp25 run1.txt,22,-25.0,-1,402.000,-0.0996,-0.1002
kp25 run1.txt,22,-25.0,-1,403.000,-0.0992,-0.1002
kp25 run1.txt,22,-25.0,-1,404.000,-0.1003,-0.1002
kp25 run1.txt,22,-25.0,-1,405.000,-0.1050,-0.1002
kp25 run1.txt,22,-25.0,-1,406.000,-0.0985,-0.1002
kp25 run1.txt,22,-25.0,-1,407.000,-0.0999,-0.1002
kp25 run1.txt,22,-25.0,-1,408.000,-0.1014,-0.1002
kp25 run1.txt,22,-25.0,-1,409.000,-0.1050,-0.1002
kp25 run1.txt,22,-25.0,-1,410.000,-0.1025,-0.1002
kp25 run1.txt,22,-25.0,-1,411.000,-0.0977,-0.1002
kp25 run1.txt,22,-25.0,-1,412.000,-0.1006,-0.1002
kp25 run1.txt,22,-25.0,-1,413.000,-0.0948,-0.1002
kp25 run1.txt,22,-25.0,-1,414.000,-0.0992,-0.1002
kp25 run1.txt,22,-25.0,-1,415.000,-0.0955,-0.1002
kp25 run1.txt,22,-25.0,-1,416.000,-0.0999,-0.1002
kp25 run1.txt,22,-25.0,-1,417.000,-0.1006,-0.1002
kp25 run1.txt,22,-25.0,-1,418.000,-0.1003,-0.1002
kp25 run1.txt,22,-25.0,-1,419.000,-0.0966,-0.1002
kp25 run1.txt,22,-25.0,-1,420.000,-0.1054,-0.1002
kp25 run1.txt,22,-25.0,-1,421.000,-0.0985,-0.1002
kp25 run1.txt,22,-25.0,-1,422.000,-0.0992,-0.1002
kp25 run1.txt,22,-25.0,-1,423.000,-0.1021,-0.1002
kp25 run1.txt,22,-25.0,-1,424.000,-0.0948,-0.1002
kp25 run1.txt,22,-25.0,-1,425.000,-0.1014,-0.1002
kp25 run1.txt,22,-25.0,-1,426.000,-0.0977,-0.1002
kp25 run1.txt,22,-25.0,-1,427.000,-0.0985,-0.1002
kp25 run1.txt,22,-25.0,-1,428.000,-0.1043,-0.1002
kp25 run1.txt,22,-25.0,-1,429.000,-0.0999,-0.1002
kp25 run1.txt,22,-25.0,-1,430.000,-0.1025,-0.1002
kp25 run1.txt,22,-25.0,-1,431.000,-0.0985,-0.1002
kp25 run1.txt,22,-25.0,-1,432.000,-0.1010,-0.1002
kp25 run1.txt,22,-25.0,-1,433.000,-0.0996,-0.1002
kp25 run1.txt,22,-25.0,-1,434.000,-0.1003,-0.1002
kp25 run1.txt,22,-25.0,-1,435.000,-0.0992,-0.1002
kp25 run1.txt,22,-25.0,-1,436.000,-0.1006,-0.1002
kp25 run1.txt,22,-25.0,-1,437.000,-0.0996,-0.1002
kp25 run1.txt,22,-25.0,-1,438.000,-0.0992,-0.1002
kp25 run1.txt,22,-25.0,-1,439.000,-0.1014,-0.1002
kp25 run1.txt,22,-25.0,-1,440.000,-0.1014,-0.1002
kp25 run1.txt,22,-25.0,-1,441.000,-0.0963,-0.1001
kp25 run1.txt,22,-25.0,-1,442.000,-0.0955,-0.1001
kp25 run1.txt,22,-25.0,-1,443.000,-0.0992,-0.1001
kp25 run1.txt,22,-25.0,-1,444.000,-0.0999,-0.1001
kp25 run1.txt,22,-25.0,-1,445.000,-0.1043,-0.1001
kp25 run1.txt,22,-25.0,-1,446.000,-0.1014,-0.1001
kp25 run1.txt,22,-25.0,-1,447.000,-0.0955,-0.1001
kp25 run1.txt,22,-25.0,-1,448.000,-0.1014,-0.1001
kp25 run1.txt,22,-25.0,-1,449.000,-0.0999,-0.1001
kp25 run1.txt,22,-25.0,-1,450.000,-0.1014,-0.1001
kp25 run1.txt,22,-25.0,-1,451.000,-0.1028,-0.1001
kp25 run1.txt,22,-25.0,-1,452.000,-0.1006,-0.1001
kp25 run1.txt,22,-25.0,-1,453.000,-0.0985,-0.1001
kp25 run1.txt,22,-25.0,-1,454.000,-0.0999,-0.1001
kp25 run1.txt,22,-25.0,-1,455.000,-0.0970,-0.1001
kp25 run1.txt,22,-25.0,-1,456.000,-0.1025,-0.1001
kp25 run1.txt,22,-25.0,-1,457.000,-0.0996,-0.1001
kp25 run1.txt,22,-25.0,-1,458.000,-0.0992,-0.1001
kp25 run1.txt,22,-25.0,-1,459.000,-0.0996,-0.1001
kp25 run1.txt,22,-25.0,-1,460.000,-0.0996,-0.1001
kp25 run1.txt,22,-25.0,-1,461.000,-0.1003,-0.1001
kp25 run1.txt,22,-25.0,-1,462.000,-0.0992,-0.1001
kp25 run1.txt,22,-25.0,-1,463.000,-0.0992,-0.1001
kp25 run1.txt,22,-25.0,-1,464.000,-0.0985,-0.1001
kp25 run1.txt,22,-25.0,-1,465.000,-0.0992,-0.1001
kp25 run1.txt,22,-25.0,-1,466.000,-0.1043,-0.1001
kp25 run1.txt,22,-25.0,-1,467.000,-0.0992,-0.1001
kp25 run1.txt,22,-25.0,-1,468.000,-0.1058,-0.1001
kp25 run1.txt,22,-25.0,-1,469.000,-0.1025,-0.1001
kp25 run1.txt,22,-25.0,-1,470.000,-0.0985,-0.1001
kp25 run1.txt,22,-25.0,-1,471.000,-0.0985,-0.1001
kp25 run1.txt,22,-25.0,-1,472.000,-0.0988,-0.1001
kp25 run1.txt,22,-25.0,-1,473.000,-0.1014,-0.1001
kp25 run1.txt,22,-25.0,-1,474.000,-0.0992,-0.1001
kp25 run1.txt,22,-25.0,-1,475.000,-0.1036,-0.1001
kp25 run1.txt,22,-25.0,-1,476.000,-0.1003,-0.1001
kp25 run1.txt,22,-25.0,-1,477.000,-0.0999,-0.1001
kp25 run1.txt,22,-25.0,-1,478.000,-0.0985,-0.1001
kp25 run1.txt,22,-25.0,-1,479.000,-0.0948,-0.1001
kp25 run1.txt,22,-25.0,-1,480.000,-0.1003,-0.1001
kp25 run1.txt,22,-25.0,-1,481.000,-0.0992,-0.1001
kp25 run1.txt,22,-25.0,-1,482.000,-0.1006,-0.1001
kp25 run1.txt,22,-25.0,-1,483.000,-0.1043,-0.1001
kp25 run1.txt,22,-25.0,-1,484.000,-0.0992,-0.1001
kp25 run1.txt,22,-25.0,-1,485.000,-0.1021,-0.1001
kp25 run1.txt,22,-25.0,-1,486.000,-0.0919,-0.1001
kp25 run1.txt,22,-25.0,-1,487.000,-0.0996,-0.1001
kp25 run1.txt,22,-25.0,-1,488.000,-0.0999,-0.1001
kp25 run1.txt,22,-25.0,-1,489.000,-0.0992,-0.1001
kp25 run1.txt,22,-25.0,-1,490.000,-0.1028,-0.1001
kp25 run1.txt,22,-25.0,-1,491.000,-0.1006,-0.1001
kp25 run1.txt,22,-25.0,-1,492.000,-0.0992,-0.1001
kp25 run1.txt,22,-25.0,-1,493.000,-0.1006,-0.1001
kp25 run1.txt,22,-25.0,-1,494.000,-0.0992,-0.1001
kp25 run1.txt,22,-25.0,-1,495.000,-0.0985,-0.1001
kp25 run1.txt,22,-25.0,-1,496.000,-0.0977,-0.1001
kp25 run1.txt,22,-25.0,-1,497.000,-0.0948,-0.1001
kp25 run1.txt,22,-25.0,-1,498.000,-0.0999,-0.1001
kp25 run1.txt,22,-25.0,-1,499.000,-0.1014,-0.1001
kp25 run1.txt,22,-25.0,-1,500.000,-0.1003,-0.1001
kp25 run1.txt,22,-25.0,-1,501.000,-0.0992,-0.1001
kp25 run1.txt,22,-25.0,-1,502.000,-0.0966,-0.1001
kp25 run1.txt,22,-25.0,-1,503.000,-0.0992,-0.1001
kp25 run1.txt,22,-25.0,-1,504.000,-0.1006,-0.1001
kp25 run1.txt,22,-25.0,-1,505.000,-0.0985,-0.1001
kp25 run1.txt,22,-25.0,-1,506.000,-0.0963,-0.1001
kp25 run1.txt,22,-25.0,-1,507.000,-0.0934,-0.1001
kp25 run1.txt,22,-25.0,-1,508.000,-0.1003,-0.1001
kp25 run1.txt,22,-25.0,-1,509.000,-0.1036,-0.1001
kp25 run1.txt,22,-25.0,-1,510.000,-0.0992,-0.1001
kp25 run1.txt,22,-25.0,-1,511.000,-0.0999,-0.1001
kp25 run1.txt,22,-25.0,-1,512.000,-0.0992,-0.1001
kp25 run1.txt,22,-25.0,-1,513.000,-0.1021,-0.1001
kp25 run1.txt,22,-25.0,-1,514.000,-0.1021,-0.1001
kp25 run1.txt,22,-25.0,-1,515.000,-0.0970,-0.1001
kp25 run1.txt,22,-25.0,-1,516.000,-0.0992,-0.1001
kp25 run1.txt,22,-25.0,-1,517.000,-0.0992,-0.1001
kp25 run1.txt,22,-25.0,-1,518.000,-0.1065,-0.1001
kp25 run1.txt,22,-25.0,-1,519.000,-0.0999,-0.1002
kp25 run1.txt,22,-25.0,-1,520.000,-0.1021,-0.1002
kp25 run1.txt,22,-25.0,-1,521.000,-0.0999,-0.1002
kp25 run1.txt,22,-25.0,-1,522.000,-0.0985,-0.1002
kp25 run1.txt,22,-25.0,-1,523.000,-0.1021,-0.1002
kp25 run1.txt,22,-25.0,-1,524.000,-0.1014,-0.1002
kp25 run1.txt,22,-25.0,-1,525.000,-0.0985,-0.1002
kp25 run1.txt,22,-25.0,-1,526.000,-0.1025,-0.1002
kp25 run1.txt,22,-25.0,-1,527.000,-0.1050,-0.1002
kp25 run1.txt,22,-25.0,-1,528.000,-0.1006,-0.1002
kp25 run1.txt,22,-25.0,-1,529.000,-0.0963,-0.1002
kp25 run1.txt,22,-25.0,-1,530.000,-0.0970,-0.1002
kp25 run1.txt,22,-25.0,-1,531.000,-0.0952,-0.1002
kp25 run1.txt,22,-25.0,-1,532.000,-0.1028,-0.1002
kp25 run1.txt,22,-25.0,-1,533.000,-0.1072,-0.1002
kp25 run1.txt,22,-25.0,-1,534.000,-0.0992,-0.1002
kp25 run1.txt,22,-25.0,-1,535.000,-0.0996,-0.1002
kp25 run1.txt,22,-25.0,-1,536.000,-0.0999,-0.1002
kp25 run1.txt,22,-25.0,-1,537.000,-0.0985,-0.1002
kp25 run1.txt,22,-25.0,-1,538.000,-0.1050,-0.1002
kp25 run1.txt,22,-25.0,-1,539.000,-0.0985,-0.1002
kp25 run1.txt,22,-25.0,-1,540.000,-0.0992,-0.1002
kp25 run1.txt,22,-25.0,-1,541.000,-0.0996,-0.1002
kp25 run1.txt,22,-25.0,-1,542.000,-0.0992,-0.1002
kp25 run1.txt,22,-25.0,-1,543.000,-0.0992,-0.1002
kp25 run1.txt,22,-25.0,-1,544.000,-0.0985,-0.1002
kp25 run1.txt,22,-25.0,-1,545.000,-0.0970,-0.1002
kp25 run1.txt,22,-25.0,-1,546.000,-0.0996,-0.1002
kp25 run1.txt,22,-25.0,-1,547.000,-0.1043,-0.1002
kp25 run1.txt,22,-25.0,-1,548.000,-0.1006,-0.1002
kp25 run1.txt,22,-25.0,-1,549.000,-0.0992,-0.1002
kp25 run1.txt,22,-25.0,-1,550.000,-0.0996,-0.1002
kp25 run1.txt,22,-25.0,-1,551.000,-0.1014,-0.1002
kp25 run1.txt,22,-25.0,-1,552.000,-0.1006,-0.1002
kp25 run1.txt,22,-25.0,-1,553.000,-0.0992,-0.1002
kp25 run1.txt,22,-25.0,-1,554.000,-0.0992,-0.1002
kp25 run1.txt,22,-25.0,-1,555.000,-0.1014,-0.1002
kp25 run1.txt,22,-25.0,-1,556.000,-0.1006,-0.1002
kp25 run1.txt,22,-25.0,-1,557.000,-0.0999,-0.1002
kp25 run1.txt,22,-25.0,-1,558.000,-0.1087,-0.1002
kp25 run1.txt,22,-25.0,-1,559.000,-0.0977,-0.1002
kp25 run1.txt,22,-25.0,-1,560.000,-0.1010,-0.1002
kp25 run1.txt,22,-25.0,-1,561.000,-0.0999,-0.1002
kp25 run1.txt,22,-25.0,-1,562.000,-0.0985,-0.1002
kp25 run1.txt,22,-25.0,-1,563.000,-0.0996,-0.1002
kp25 run1.txt,22,-25.0,-1,564.000,-0.1043,-0.1002
kp25 run1.txt,22,-25.0,-1,565.000,-0.1006,-0.1002
kp25 run1.txt,22,-25.0,-1,566.000,-0.0966,-0.1002
kp25 run1.txt,22,-25.0,-1,567.000,-0.0999,-0.1002
kp25 run1.txt,22,-25.0,-1,568.000,-0.0992,-0.1002
kp25 run1.txt,22,-25.0,-1,569.000,-0.0985,-0.1002
kp25 run1.txt,22,-25.0,-1,570.000,-0.0985,-0.1002
kp25 run1.txt,22,-25.0,-1,571.000,-0.1006,-0.1002
kp25 run1.txt,22,-25.0,-1,572.000,-0.0985,-0.1002
kp25 run1.txt,22,-25.0,-1,573.000,-0.1054,-0.1002
kp25 run1.txt,22,-25.0,-1,574.000,-0.0992,-0.1002
kp25 run1.txt,22,-25.0,-1,575.000,-0.1006,-0.1002
kp25 run1.txt,22,-25.0,-1,576.000,-0.1072,-0.1002
kp25 run1.txt,22,-25.0,-1,577.000,-0.0996,-0.1002
kp25 run1.txt,22,-25.0,-1,578.000,-0.1006,-0.1002
kp25 run1.txt,22,-25.0,-1,579.000,-0.0963,-0.1002
kp25 run1.txt,22,-25.0,-1,580.000,-0.1021,-0.1002
kp25 run1.txt,22,-25.0,-1,581.000,-0.1028,-0.1002
kp25 run1.txt,22,-25.0,-1,582.000,-0.0985,-0.1002
kp25 run1.txt,22,-25.0,-1,583.000,-0.0985,-0.1002
kp25 run1.txt,22,-25.0,-1,584.000,-0.0963,-0.1002
kp25 run1.txt,22,-25.0,-1,585.000,-0.1123,-0.1002
kp25 run1.txt,22,-25.0,-1,586.000,-0.0996,-0.1002
kp25 run1.txt,22,-25.0,-1,587.000,-0.1006,-0.1002
kp25 run1.txt,22,-25.0,-1,588.000,-0.1025,-0.1002
kp25 run1.txt,22,-25.0,-1,589.000,-0.1032,-0.1002
kp25 run1.txt,22,-25.0,-1,590.000,-0.0996,-0.1002
kp25 run1.txt,22,-25.0,-1,591.000,-0.1006,-0.1002
kp25 run1.txt,22,-25.0,-1,592.000,-0.0992,-0.1002
kp25 run1.txt,22,-25.0,-1,593.000,-0.0996,-0.1002
kp25 run1.txt,22,-25.0,-1,594.000,-0.1014,-0.1002
kp25 run1.txt,22,-25.0,-1,595.000,-0.0919,-0.1002
kp25 run1.txt,22,-25.0,-1,596.000,-0.1006,-0.1001
kp25 run1.txt,22,-25.0,-1,597.000,-0.1006,-0.1001
kp25 run1.txt,22,-25.0,-1,598.000,-0.1036,-0.1001
kp25 run1.txt,22,-25.0,-1,599.000,-0.1021,-0.1001
kp25 run1.txt,23,-25.0,-1,0.000,0.0940,0.0974
kp25 run1.txt,23,-25.0,-1,1.000,0.0998,0.0974
kp25 run1.txt,23,-25.0,-1,2.000,0.0984,0.0974
kp25 run1.txt,23,-25.0,-1,3.000,0.0874,0.0974
kp25 run1.txt,23,-25.0,-1,4.000,0.0998,0.0971
kp25 run1.txt,23,-25.0,-1,5.000,0.0991,0.0964
kp25 run1.txt,23,-25.0,-1,6.000,0.0980,0.0953
kp25 run1.txt,23,-25.0,-1,7.000,0.0951,0.0939
kp25 run1.txt,23,-25.0,-1,8.000,0.0911,0.0921
kp25 run1.txt,23,-25.0,-1,9.000,0.0867,0.0900
kp25 run1.txt,23,-25.0,-1,10.000,0.0969,0.0875
kp25 run1.txt,23,-25.0,-1,11.000,0.0823,0.0848
kp25 run1.txt,23,-25.0,-1,12.000,0.0707,0.0818
kp25 run1.txt,23,-25.0,-1,13.000,0.0743,0.0786
kp25 run1.txt,23,-25.0,-1,14.000,0.0714,0.0751
kp25 run1.txt,23,-25.0,-1,15.000,0.0663,0.0714
kp25 run1.txt,23,-25.0,-1,16.000,0.0648,0.0675
kp25 run1.txt,23,-25.0,-1,17.000,0.0583,0.0634
kp25 run1.txt,23,-25.0,-1,18.000,0.0554,0.0592
kp25 run1.txt,23,-25.0,-1,19.000,0.0525,0.0548
kp25 run1.txt,23,-25.0,-1,20.000,0.0426,0.0503
kp25 run1.txt,23,-25.0,-1,21.000,0.0408,0.0456
kp25 run1.txt,23,-25.0,-1,22.000,0.0350,0.0409
kp25 run1.txt,23,-25.0,-1,23.000,0.0291,0.0361
kp25 run1.txt,23,-25.0,-1,24.000,0.0299,0.0312
kp25 run1.txt,23,-25.0,-1,25.000,0.0196,0.0262
kp25 run1.txt,23,-25.0,-1,26.000,0.0299,0.0212
kp25 run1.txt,23,-25.0,-1,27.000,0.0116,0.0162
kp25 run1.txt,23,-25.0,-1,28.000,0.0087,0.0112
kp25 run1.txt,23,-25.0,-1,29.000,0.0029,0.0061
kp25 run1.txt,23,-25.0,-1,30.000,-0.0033,0.0011
kp25 run1.txt,23,-25.0,-1,31.000,-0.0124,-0.0040
kp25 run1.txt,23,-25.0,-1,32.000,-0.0168,-0.0090
kp25 run1.txt,23,-25.0,-1,33.000,-0.0183,-0.0140
kp25 run1.txt,23,-25.0,-1,34.000,-0.0248,-0.0189
kp25 run1.txt,23,-25.0,-1,35.000,-0.0303,-0.0238
kp25 run1.txt,23,-25.0,-1,36.000,-0.0343,-0.0287
kp25 run1.txt,23,-25.0,-1,37.000,-0.0387,-0.0334
kp25 run1.txt,23,-25.0,-1,38.000,-0.0445,-0.0381
kp25 run1.txt,23,-25.0,-1,39.000,-0.0482,-0.0427
kp25 run1.txt,23,-25.0,-1,40.000,-0.0540,-0.0473
kp25 run1.txt,23,-25.0,-1,41.000,-0.0547,-0.0517
kp25 run1.txt,23,-25.0,-1,42.000,-0.0657,-0.0560
kp25 run1.txt,23,-25.0,-1,43.000,-0.0657,-0.0603
kp25 run1.txt,23,-25.0,-1,44.000,-0.0635,-0.0644
kp25 run1.txt,23,-25.0,-1,45.000,-0.0664,-0.0684
kp25 run1.txt,23,-25.0,-1,46.000,-0.0828,-0.0723
kp25 run1.txt,23,-25.0,-1,47.000,-0.0832,-0.0761
kp25 run1.txt,23,-25.0,-1,48.000,-0.0890,-0.0798
kp25 run1.txt,23,-25.0,-1,49.000,-0.0890,-0.0833
kp25 run1.txt,23,-25.0,-1,50.000,-0.1094,-0.0867
kp25 run1.txt,23,-25.0,-1,51.000,-0.0970,-0.0900
kp25 run1.txt,23,-25.0,-1,52.000,-0.1021,-0.0932
kp25 run1.txt,23,-25.0,-1,53.000,-0.1079,-0.0962
kp25 run1.txt,23,-25.0,-1,54.000,-0.1087,-0.0992
kp25 run1.txt,23,-25.0,-1,55.000,-0.1101,-0.1019
kp25 run1.txt,23,-25.0,-1,56.000,-0.1265,-0.1046
kp25 run1.txt,23,-25.0,-1,57.000,-0.1130,-0.1071
kp25 run1.txt,23,-25.0,-1,58.000,-0.1167,-0.1095
kp25 run1.txt,23,-25.0,-1,59.000,-0.1218,-0.1118
kp25 run1.txt,23,-25.0,-1,60.000,-0.1232,-0.1139
kp25 run1.txt,23,-25.0,-1,61.000,-0.1313,-0.1159
kp25 run1.txt,23,-25.0,-1,62.000,-0.1276,-0.1178
kp25 run1.txt,23,-25.0,-1,63.000,-0.1298,-0.1196
kp25 run1.txt,23,-25.0,-1,64.000,-0.1276,-0.1212
kp25 run1.txt,23,-25.0,-1,65.000,-0.1305,-0.1227
kp25 run1.txt,23,-25.0,-1,66.000,-0.1287,-0.1241
kp25 run1.txt,23,-25.0,-1,67.000,-0.1305,-0.1254
kp25 run1.txt,23,-25.0,-1,68.000,-0.1335,-0.1266
kp25 run1.txt,23,-25.0,-1,69.000,-0.1345,-0.1277
kp25 run1.txt,23,-25.0,-1,70.000,-0.1342,-0.1286
kp25 run1.txt,23,-25.0,-1,71.000,-0.1335,-0.1295
kp25 run1.txt,23,-25.0,-1,72.000,-0.1294,-0.1303
kp25 run1.txt,23,-25.0,-1,73.000,-0.1364,-0.1309
kp25 run1.txt,23,-25.0,-1,74.000,-0.1342,-0.1315
kp25 run1.txt,23,-25.0,-1,75.000,-0.1364,-0.1319
kp25 run1.txt,23,-25.0,-1,76.000,-0.1335,-0.1323
kp25 run1.txt,23,-25.0,-1,77.000,-0.1345,-0.1326
kp25 run1.txt,23,-25.0,-1,78.000,-0.1342,-0.1328
kp25 run1.txt,23,-25.0,-1,79.000,-0.1342,-0.1330
kp25 run1.txt,23,-25.0,-1,80.000,-0.1364,-0.1330
kp25 run1.txt,23,-25.0,-1,81.000,-0.1353,-0.1330
kp25 run1.txt,23,-25.0,-1,82.000,-0.1342,-0.1329
kp25 run1.txt,23,-25.0,-1,83.000,-0.1320,-0.1328
kp25 run1.txt,23,-25.0,-1,84.000,-0.1356,-0.1326
kp25 run1.txt,23,-25.0,-1,85.000,-0.1356,-0.1323
kp25 run1.txt,23,-25.0,-1,86.000,-0.1371,-0.1320
kp25 run1.txt,23,-25.0,-1,87.000,-0.1254,-0.1316
kp25 run1.txt,23,-25.0,-1,88.000,-0.1335,-0.1312
kp25 run1.txt,23,-25.0,-1,89.000,-0.1313,-0.1307
kp25 run1.txt,23,-25.0,-1,90.000,-0.1269,-0.1302
kp25 run1.txt,23,-25.0,-1,91.000,-0.1269,-0.1296
kp25 run1.txt,23,-25.0,-1,92.000,-0.1320,-0.1290
kp25 run1.txt,23,-25.0,-1,93.000,-0.1254,-0.1284
kp25 run1.txt,23,-25.0,-1,94.000,-0.1287,-0.1277
kp25 run1.txt,23,-25.0,-1,95.000,-0.1276,-0.1270
kp25 run1.txt,23,-25.0,-1,96.000,-0.1240,-0.1263
kp25 run1.txt,23,-25.0,-1,97.000,-0.1211,-0.1256
kp25 run1.txt,23,-25.0,-1,98.000,-0.1240,-0.1248
kp25 run1.txt,23,-25.0,-1,99.000,-0.1196,-0.1240
kp25 run1.txt,23,-25.0,-1,100.000,-0.1189,-0.1232
kp25 run1.txt,23,-25.0,-1,101.000,-0.1167,-0.1224
kp25 run1.txt,23,-25.0,-1,102.000,-0.1225,-0.1216
kp25 run1.txt,23,-25.0,-1,103.000,-0.1200,-0.1208
kp25 run1.txt,23,-25.0,-1,104.000,-0.1160,-0.1199
kp25 run1.txt,23,-25.0,-1,105.000,-0.1145,-0.1191
kp25 run1.txt,23,-25.0,-1,106.000,-0.1152,-0.1183
kp25 run1.txt,23,-25.0,-1,107.000,-0.1138,-0.1174
kp25 run1.txt,23,-25.0,-1,108.000,-0.1116,-0.1166
kp25 run1.txt,23,-25.0,-1,109.000,-0.1112,-0.1158
kp25 run1.txt,23,-25.0,-1,110.000,-0.1218,-0.1149
kp25 run1.txt,23,-25.0,-1,111.000,-0.1109,-0.1141
kp25 run1.txt,23,-25.0,-1,112.000,-0.1072,-0.1133
kp25 run1.txt,23,-25.0,-1,113.000,-0.1043,-0.1125
kp25 run1.txt,23,-25.0,-1,114.000,-0.1050,-0.1117
kp25 run1.txt,23,-25.0,-1,115.000,-0.1021,-0.1109
kp25 run1.txt,23,-25.0,-1,116.000,-0.1036,-0.1101
kp25 run1.txt,23,-25.0,-1,117.000,-0.1021,-0.1093
kp25 run1.txt,23,-25.0,-1,118.000,-0.1017,-0.1086
kp25 run1.txt,23,-25.0,-1,119.000,-0.1043,-0.1079
kp25 run1.txt,23,-25.0,-1,120.000,-0.0999,-0.1072
kp25 run1.txt,23,-25.0,-1,121.000,-0.0890,-0.1065
kp25 run1.txt,23,-25.0,-1,122.000,-0.1072,-0.1058
kp25 run1.txt,23,-25.0,-1,123.000,-0.1006,-0.1051
kp25 run1.txt,23,-25.0,-1,124.000,-0.0963,-0.1045
kp25 run1.txt,23,-25.0,-1,125.000,-0.0959,-0.1039
kp25 run1.txt,23,-25.0,-1,126.000,-0.1101,-0.1033
kp25 run1.txt,23,-25.0,-1,127.000,-0.0963,-0.1027
kp25 run1.txt,23,-25.0,-1,128.000,-0.0966,-0.1021
kp25 run1.txt,23,-25.0,-1,129.000,-0.0937,-0.1016
kp25 run1.txt,23,-25.0,-1,130.000,-0.0941,-0.1011
kp25 run1.txt,23,-25.0,-1,131.000,-0.0930,-0.1006
kp25 run1.txt,23,-25.0,-1,132.000,-0.1079,-0.1001
kp25 run1.txt,23,-25.0,-1,133.000,-0.0890,-0.0996
kp25 run1.txt,23,-25.0,-1,134.000,-0.0937,-0.0992
kp25 run1.txt,23,-25.0,-1,135.000,-0.0930,-0.0988
kp25 run1.txt,23,-25.0,-1,136.000,-0.0904,-0.0984
kp25 run1.txt,23,-25.0,-1,137.000,-0.1014,-0.0981
kp25 run1.txt,23,-25.0,-1,138.000,-0.0919,-0.0977
kp25 run1.txt,23,-25.0,-1,139.000,-0.0912,-0.0974
kp25 run1.txt,23,-25.0,-1,140.000,-0.1014,-0.0971
kp25 run1.txt,23,-25.0,-1,141.000,-0.0934,-0.0968
kp25 run1.txt,23,-25.0,-1,142.000,-0.0966,-0.0965
kp25 run1.txt,23,-25.0,-1,143.000,-0.0926,-0.0963
kp25 run1.txt,23,-25.0,-1,144.000,-0.0941,-0.0961
kp25 run1.txt,23,-25.0,-1,145.000,-0.0897,-0.0959
kp25 run1.txt,23,-25.0,-1,146.000,-0.0904,-0.0957
kp25 run1.txt,23,-25.0,-1,147.000,-0.0926,-0.0955
kp25 run1.txt,23,-25.0,-1,148.000,-0.0963,-0.0954
kp25 run1.txt,23,-25.0,-1,149.000,-0.0915,-0.0952
kp25 run1.txt,23,-25.0,-1,150.000,-0.0926,-0.0951
kp25 run1.txt,23,-25.0,-1,151.000,-0.0963,-0.0950
kp25 run1.txt,23,-25.0,-1,152.000,-0.0948,-0.0949
kp25 run1.txt,23,-25.0,-1,153.000,-0.0934,-0.0948
kp25 run1.txt,23,-25.0,-1,154.000,-0.0937,-0.0948
kp25 run1.txt,23,-25.0,-1,155.000,-0.0955,-0.0947
kp25 run1.txt,23,-25.0,-1,156.000,-0.0926,-0.0947
kp25 run1.txt,23,-25.0,-1,157.000,-0.0926,-0.0947
kp25 run1.txt,23,-25.0,-1,158.000,-0.0934,-0.0947
kp25 run1.txt,23,-25.0,-1,159.000,-0.0919,-0.0947
kp25 run1.txt,23,-25.0,-1,160.000,-0.0934,-0.0947
kp25 run1.txt,23,-25.0,-1,161.000,-0.0912,-0.0948
kp25 run1.txt,23,-25.0,-1,162.000,-0.0934,-0.0948
kp25 run1.txt,23,-25.0,-1,163.000,-0.0948,-0.0948
kp25 run1.txt,23,-25.0,-1,164.000,-0.0912,-0.0949
kp25 run1.txt,23,-25.0,-1,165.000,-0.0977,-0.0950
kp25 run1.txt,23,-25.0,-1,166.000,-0.0937,-0.0950
kp25 run1.txt,23,-25.0,-1,167.000,-0.0926,-0.0951
kp25 run1.txt,23,-25.0,-1,168.000,-0.0955,-0.0952
kp25 run1.txt,23,-25.0,-1,169.000,-0.0985,-0.0953
kp25 run1.txt,23,-25.0,-1,170.000,-0.0955,-0.0954
kp25 run1.txt,23,-25.0,-1,171.000,-0.0955,-0.0955
kp25 run1.txt,23,-25.0,-1,172.000,-0.0985,-0.0956
kp25 run1.txt,23,-25.0,-1,173.000,-0.0948,-0.0958
kp25 run1.txt,23,-25.0,-1,174.000,-0.0974,-0.0959
kp25 run1.txt,23,-25.0,-1,175.000,-0.0966,-0.0960
kp25 run1.txt,23,-25.0,-1,176.000,-0.0985,-0.0961
kp25 run1.txt,23,-25.0,-1,177.000,-0.0992,-0.0963
kp25 run1.txt,23,-25.0,-1,178.000,-0.0992,-0.0964
kp25 run1.txt,23,-25.0,-1,179.000,-0.1043,-0.0965
kp25 run1.txt,23,-25.0,-1,180.000,-0.0996,-0.0967
kp25 run1.txt,23,-25.0,-1,181.000,-0.0992,-0.0968
kp25 run1.txt,23,-25.0,-1,182.000,-0.0985,-0.0969
kp25 run1.txt,23,-25.0,-1,183.000,-0.0963,-0.0971
kp25 run1.txt,23,-25.0,-1,184.000,-0.1006,-0.0972
kp25 run1.txt,23,-25.0,-1,185.000,-0.1006,-0.0974
kp25 run1.txt,23,-25.0,-1,186.000,-0.0970,-0.0975
kp25 run1.txt,23,-25.0,-1,187.000,-0.1017,-0.0976
kp25 run1.txt,23,-25.0,-1,188.000,-0.1025,-0.0978
kp25 run1.txt,23,-25.0,-1,189.000,-0.1036,-0.0979
kp25 run1.txt,23,-25.0,-1,190.000,-0.1043,-0.0981
kp25 run1.txt,23,-25.0,-1,191.000,-0.1003,-0.0982
kp25 run1.txt,23,-25.0,-1,192.000,-0.1028,-0.0983
kp25 run1.txt,23,-25.0,-1,193.000,-0.1006,-0.0984
kp25 run1.txt,23,-25.0,-1,194.000,-0.0996,-0.0986
kp25 run1.txt,23,-25.0,-1,195.000,-0.1014,-0.0987
kp25 run1.txt,23,-25.0,-1,196.000,-0.1036,-0.0988
kp25 run1.txt,23,-25.0,-1,197.000,-0.1025,-0.0989
kp25 run1.txt,23,-25.0,-1,198.000,-0.0996,-0.0991
kp25 run1.txt,23,-25.0,-1,199.000,-0.1014,-0.0992
kp25 run1.txt,23,-25.0,-1,200.000,-0.0977,-0.0993
kp25 run1.txt,23,-25.0,-1,201.000,-0.1058,-0.0994
kp25 run1.txt,23,-25.0,-1,202.000,-0.0977,-0.0995
kp25 run1.txt,23,-25.0,-1,203.000,-0.1043,-0.0996
kp25 run1.txt,23,-25.0,-1,204.000,-0.1130,-0.0997
kp25 run1.txt,23,-25.0,-1,205.000,-0.0985,-0.0998
kp25 run1.txt,23,-25.0,-1,206.000,-0.1072,-0.0999
kp25 run1.txt,23,-25.0,-1,207.000,-0.1050,-0.1000
kp25 run1.txt,23,-25.0,-1,208.000,-0.1054,-0.1001
kp25 run1.txt,23,-25.0,-1,209.000,-0.1014,-0.1001
kp25 run1.txt,23,-25.0,-1,210.000,-0.1025,-0.1002
kp25 run1.txt,23,-25.0,-1,211.000,-0.1025,-0.1003
kp25 run1.txt,23,-25.0,-1,212.000,-0.0999,-0.1004
kp25 run1.txt,23,-25.0,-1,213.000,-0.1021,-0.1004
kp25 run1.txt,23,-25.0,-1,214.000,-0.1014,-0.1005
kp25 run1.txt,23,-25.0,-1,215.000,-0.1014,-0.1005
kp25 run1.txt,23,-25.0,-1,216.000,-0.1021,-0.1006
kp25 run1.txt,23,-25.0,-1,217.000,-0.1025,-0.1007
kp25 run1.txt,23,-25.0,-1,218.000,-0.0985,-0.1007
kp25 run1.txt,23,-25.0,-1,219.000,-0.1021,-0.1007
kp25 run1.txt,23,-25.0,-1,220.000,-0.1065,-0.1008
kp25 run1.txt,23,-25.0,-1,221.000,-0.1025,-0.1008
kp25 run1.txt,23,-25.0,-1,222.000,-0.1079,-0.1009
kp25 run1.txt,23,-25.0,-1,223.000,-0.1021,-0.1009
kp25 run1.txt,23,-25.0,-1,224.000,-0.0970,-0.1009
kp25 run1.txt,23,-25.0,-1,225.000,-0.1036,-0.1010
kp25 run1.txt,23,-25.0,-1,226.000,-0.1021,-0.1010
kp25 run1.txt,23,-25.0,-1,227.000,-0.1025,-0.1010
kp25 run1.txt,23,-25.0,-1,228.000,-0.1090,-0.1010
kp25 run1.txt,23,-25.0,-1,229.000,-0.1054,-0.1010
kp25 run1.txt,23,-25.0,-1,230.000,-0.1021,-0.1010
kp25 run1.txt,23,-25.0,-1,231.000,-0.1025,-0.1011
kp25 run1.txt,23,-25.0,-1,232.000,-0.1043,-0.1011
kp25 run1.txt,23,-25.0,-1,233.000,-0.1021,-0.1011
kp25 run1.txt,23,-25.0,-1,234.000,-0.1021,-0.1011
kp25 run1.txt,23,-25.0,-1,235.000,-0.1079,-0.1011
kp25 run1.txt,23,-25.0,-1,236.000,-0.1021,-0.1011
kp25 run1.txt,23,-25.0,-1,237.000,-0.1043,-0.1011
kp25 run1.txt,23,-25.0,-1,238.000,-0.1032,-0.1011
kp25 run1.txt,23,-25.0,-1,239.000,-0.1014,-0.1011
kp25 run1.txt,23,-25.0,-1,240.000,-0.1021,-0.1011
kp25 run1.txt,23,-25.0,-1,241.000,-0.1010,-0.1010
kp25 run1.txt,23,-25.0,-1,242.000,-0.1006,-0.1010
kp25 run1.txt,23,-25.0,-1,243.000,-0.1058,-0.1010
kp25 run1.txt,23,-25.0,-1,244.000,-0.1025,-0.1010
kp25 run1.txt,23,-25.0,-1,245.000,-0.0970,-0.1010
kp25 run1.txt,23,-25.0,-1,246.000,-0.0992,-0.1010
kp25 run1.txt,23,-25.0,-1,247.000,-0.0999,-0.1010
kp25 run1.txt,23,-25.0,-1,248.000,-0.0992,-0.1009
kp25 run1.txt,23,-25.0,-1,249.000,-0.0992,-0.1009
kp25 run1.txt,23,-25.0,-1,250.000,-0.0839,-0.1009
kp25 run1.txt,23,-25.0,-1,251.000,-0.0985,-0.1009
kp25 run1.txt,23,-25.0,-1,252.000,-0.1021,-0.1009
kp25 run1.txt,23,-25.0,-1,253.000,-0.0992,-0.1008
kp25 run1.txt,23,-25.0,-1,254.000,-0.0985,-0.1008
kp25 run1.txt,23,-25.0,-1,255.000,-0.1032,-0.1008
kp25 run1.txt,23,-25.0,-1,256.000,-0.1021,-0.1008
kp25 run1.txt,23,-25.0,-1,257.000,-0.1006,-0.1008
kp25 run1.txt,23,-25.0,-1,258.000,-0.0985,-0.1007
kp25 run1.txt,23,-25.0,-1,259.000,-0.0992,-0.1007
kp25 run1.txt,23,-25.0,-1,260.000,-0.0999,-0.1007
kp25 run1.txt,23,-25.0,-1,261.000,-0.0985,-0.1007
kp25 run1.txt,23,-25.0,-1,262.000,-0.0988,-0.1006
kp25 run1.txt,23,-25.0,-1,263.000,-0.0985,-0.1006
kp25 run1.txt,23,-25.0,-1,264.000,-0.0992,-0.1006
kp25 run1.txt,23,-25.0,-1,265.000,-0.0996,-0.1006
kp25 run1.txt,23,-25.0,-1,266.000,-0.1014,-0.1006
kp25 run1.txt,23,-25.0,-1,267.000,-0.0992,-0.1005
kp25 run1.txt,23,-25.0,-1,268.000,-0.1021,-0.1005
kp25 run1.txt,23,-25.0,-1,269.000,-0.0941,-0.1005
kp25 run1.txt,23,-25.0,-1,270.000,-0.0999,-0.1005
kp25 run1.txt,23,-25.0,-1,271.000,-0.0996,-0.1004
kp25 run1.txt,23,-25.0,-1,272.000,-0.0999,-0.1004
kp25 run1.txt,23,-25.0,-1,273.000,-0.1006,-0.1004
kp25 run1.txt,23,-25.0,-1,274.000,-0.0999,-0.1004
kp25 run1.txt,23,-25.0,-1,275.000,-0.0992,-0.1004
kp25 run1.txt,23,-25.0,-1,276.000,-0.1043,-0.1003
kp25 run1.txt,23,-25.0,-1,277.000,-0.1014,-0.1003
kp25 run1.txt,23,-25.0,-1,278.000,-0.1021,-0.1003
kp25 run1.txt,23,-25.0,-1,279.000,-0.0992,-0.1003
kp25 run1.txt,23,-25.0,-1,280.000,-0.0992,-0.1003
kp25 run1.txt,23,-25.0,-1,281.000,-0.0992,-0.1003
kp25 run1.txt,23,-25.0,-1,282.000,-0.0974,-0.1002
kp25 run1.txt,23,-25.0,-1,283.000,-0.0996,-0.1002
kp25 run1.txt,23,-25.0,-1,284.000,-0.0992,-0.1002
kp25 run1.txt,23,-25.0,-1,285.000,-0.1017,-0.1002
kp25 run1.txt,23,-25.0,-1,286.000,-0.0992,-0.1002
kp25 run1.txt,23,-25.0,-1,287.000,-0.0955,-0.1002
kp25 run1.txt,23,-25.0,-1,288.000,-0.1050,-0.1002
kp25 run1.txt,23,-25.0,-1,289.000,-0.0992,-0.1001
kp25 run1.txt,23,-25.0,-1,290.000,-0.0999,-0.1001
kp25 run1.txt,23,-25.0,-1,291.000,-0.0966,-0.1001
kp25 run1.txt,23,-25.0,-1,292.000,-0.1006,-0.1001
kp25 run1.txt,23,-25.0,-1,293.000,-0.0992,-0.1001
kp25 run1.txt,23,-25.0,-1,294.000,-0.1006,-0.1001
kp25 run1.txt,23,-25.0,-1,295.000,-0.0977,-0.1001
kp25 run1.txt,23,-25.0,-1,296.000,-0.1028,-0.1001
kp25 run1.txt,23,-25.0,-1,297.000,-0.0992,-0.1001
kp25 run1.txt,23,-25.0,-1,298.000,-0.0992,-0.1001
kp25 run1.txt,23,-25.0,-1,299.000,-0.0966,-0.1001
kp25 run1.txt,23,-25.0,-1,300.000,-0.0970,-0.1000
kp25 run1.txt,23,-25.0,-1,301.000,-0.0875,-0.1000
kp25 run1.txt,23,-25.0,-1,302.000,-0.0999,-0.1000
kp25 run1.txt,23,-25.0,-1,303.000,-0.0992,-0.1000
kp25 run1.txt,23,-25.0,-1,304.000,-0.1109,-0.1000
kp25 run1.txt,23,-25.0,-1,305.000,-0.1006,-0.1000
kp25 run1.txt,23,-25.0,-1,306.000,-0.0996,-0.1000
kp25 run1.txt,23,-25.0,-1,307.000,-0.0970,-0.1000
kp25 run1.txt,23,-25.0,-1,308.000,-0.1032,-0.1000
kp25 run1.txt,23,-25.0,-1,309.000,-0.0970,-0.1000
kp25 run1.txt,23,-25.0,-1,310.000,-0.0996,-0.1000
kp25 run1.txt,23,-25.0,-1,311.000,-0.0963,-0.1000
kp25 run1.txt,23,-25.0,-1,312.000,-0.1014,-0.1000
kp25 run1.txt,23,-25.0,-1,313.000,-0.1021,-0.1000
kp25 run1.txt,23,-25.0,-1,314.000,-0.0926,-0.1000
kp25 run1.txt,23,-25.0,-1,315.000,-0.0985,-0.1000
kp25 run1.txt,23,-25.0,-1,316.000,-0.0992,-0.1000
kp25 run1.txt,23,-25.0,-1,317.000,-0.0966,-0.1000
kp25 run1.txt,23,-25.0,-1,318.000,-0.0985,-0.1000
kp25 run1.txt,23,-25.0,-1,319.000,-0.1014,-0.1000
kp25 run1.txt,23,-25.0,-1,320.000,-0.0985,-0.1000
kp25 run1.txt,23,-25.0,-1,321.000,-0.1054,-0.1000
kp25 run1.txt,23,-25.0,-1,322.000,-0.0966,-0.1000
kp25 run1.txt,23,-25.0,-1,323.000,-0.0996,-0.1000
kp25 run1.txt,23,-25.0,-1,324.000,-0.1006,-0.1000
kp25 run1.txt,23,-25.0,-1,325.000,-0.0977,-0.1000
kp25 run1.txt,23,-25.0,-1,326.000,-0.1014,-0.1000
kp25 run1.txt,23,-25.0,-1,327.000,-0.0992,-0.1000
kp25 run1.txt,23,-25.0,-1,328.000,-0.1006,-0.1000
kp25 run1.txt,23,-25.0,-1,329.000,-0.1014,-0.1000
kp25 run1.txt,23,-25.0,-1,330.000,-0.0985,-0.1001
kp25 run1.txt,23,-25.0,-1,331.000,-0.0996,-0.1001
kp25 run1.txt,23,-25.0,-1,332.000,-0.0977,-0.1001
kp25 run1.txt,23,-25.0,-1,333.000,-0.0992,-0.1001
kp25 run1.txt,23,-25.0,-1,334.000,-0.1025,-0.1001
kp25 run1.txt,23,-25.0,-1,335.000,-0.0985,-0.1001
kp25 run1.txt,23,-25.0,-1,336.000,-0.0963,-0.1001
kp25 run1.txt,23,-25.0,-1,337.000,-0.1014,-0.1001
kp25 run1.txt,23,-25.0,-1,338.000,-0.1050,-0.1001
kp25 run1.txt,23,-25.0,-1,339.000,-0.1006,-0.1001
kp25 run1.txt,23,-25.0,-1,340.000,-0.1006,-0.1001
kp25 run1.txt,23,-25.0,-1,341.000,-0.0999,-0.1001
kp25 run1.txt,23,-25.0,-1,342.000,-0.0992,-0.1001
kp25 run1.txt,23,-25.0,-1,343.000,-0.1006,-0.1001
kp25 run1.txt,23,-25.0,-1,344.000,-0.1014,-0.1001
kp25 run1.txt,23,-25.0,-1,345.000,-0.0992,-0.1001
kp25 run1.txt,23,-25.0,-1,346.000,-0.0999,-0.1001
kp25 run1.txt,23,-25.0,-1,347.000,-0.0955,-0.1001
kp25 run1.txt,23,-25.0,-1,348.000,-0.1039,-0.1001
kp25 run1.txt,23,-25.0,-1,349.000,-0.1006,-0.1001
kp25 run1.txt,23,-25.0,-1,350.000,-0.0992,-0.1001
kp25 run1.txt,23,-25.0,-1,351.000,-0.1006,-0.1001
kp25 run1.txt,23,-25.0,-1,352.000,-0.0996,-0.1001
kp25 run1.txt,23,-25.0,-1,353.000,-0.1021,-0.1001
kp25 run1.txt,23,-25.0,-1,354.000,-0.1014,-0.1001
kp25 run1.txt,23,-25.0,-1,355.000,-0.1072,-0.1001
kp25 run1.txt,23,-25.0,-1,356.000,-0.0985,-0.1001
kp25 run1.txt,23,-25.0,-1,357.000,-0.1014,-0.1001
kp25 run1.txt,23,-25.0,-1,358.000,-0.0996,-0.1002
kp25 run1.txt,23,-25.0,-1,359.000,-0.1006,-0.1002
kp25 run1.txt,23,-25.0,-1,360.000,-0.1123,-0.1002
kp25 run1.txt,23,-25.0,-1,361.000,-0.1006,-0.1002
kp25 run1.txt,23,-25.0,-1,362.000,-0.1021,-0.1002
kp25 run1.txt,23,-25.0,-1,363.000,-0.0996,-0.1002
kp25 run1.txt,23,-25.0,-1,364.000,-0.1028,-0.1002
kp25 run1.txt,23,-25.0,-1,365.000,-0.0992,-0.1002
kp25 run1.txt,23,-25.0,-1,366.000,-0.0992,-0.1002
kp25 run1.txt,23,-25.0,-1,367.000,-0.1043,-0.1002
kp25 run1.txt,23,-25.0,-1,368.000,-0.0974,-0.1002
kp25 run1.txt,23,-25.0,-1,369.000,-0.0992,-0.1002
kp25 run1.txt,23,-25.0,-1,370.000,-0.0948,-0.1002
kp25 run1.txt,23,-25.0,-1,371.000,-0.0992,-0.1002
kp25 run1.txt,23,-25.0,-1,372.000,-0.0992,-0.1002
kp25 run1.txt,23,-25.0,-1,373.000,-0.1006,-0.1002
kp25 run1.txt,23,-25.0,-1,374.000,-0.0996,-0.1002
kp25 run1.txt,23,-25.0,-1,375.000,-0.0999,-0.1002
kp25 run1.txt,23,-25.0,-1,376.000,-0.0977,-0.1002
kp25 run1.txt,23,-25.0,-1,377.000,-0.0992,-0.1002
kp25 run1.txt,23,-25.0,-1,378.000,-0.1006,-0.1002
kp25 run1.txt,23,-25.0,-1,379.000,-0.1006,-0.1002
kp25 run1.txt,23,-25.0,-1,380.000,-0.0999,-0.1002
kp25 run1.txt,23,-25.0,-1,381.000,-0.1006,-0.1002
kp25 run1.txt,23,-25.0,-1,382.000,-0.0966,-0.1002
kp25 run1.txt,23,-25.0,-1,383.000,-0.0985,-0.1002
kp25 run1.txt,23,-25.0,-1,384.000,-0.0992,-0.1002
kp25 run1.txt,23,-25.0,-1,385.000,-0.0985,-0.1002
kp25 run1.txt,23,-25.0,-1,386.000,-0.0970,-0.1002
kp25 run1.txt,23,-25.0,-1,387.000,-0.1006,-0.1002
kp25 run1.txt,23,-25.0,-1,388.000,-0.0963,-0.1002
kp25 run1.txt,23,-25.0,-1,389.000,-0.0992,-0.1002
kp25 run1.txt,23,-25.0,-1,390.000,-0.1006,-0.1002
kp25 run1.txt,23,-25.0,-1,391.000,-0.1003,-0.1002
kp25 run1.txt,23,-25.0,-1,392.000,-0.0992,-0.1002
kp25 run1.txt,23,-25.0,-1,393.000,-0.0985,-0.1002
kp25 run1.txt,23,-25.0,-1,394.000,-0.0985,-0.1002
kp25 run1.txt,23,-25.0,-1,395.000,-0.0955,-0.1002
kp25 run1.txt,23,-25.0,-1,396.000,-0.1032,-0.1002
kp25 run1.txt,23,-25.0,-1,397.000,-0.0985,-0.1002
kp25 run1.txt,23,-25.0,-1,398.000,-0.0992,-0.1002
kp25 run1.txt,23,-25.0,-1,399.000,-0.0992,-0.1002
kp25 run1.txt,23,-25.0,-1,400.000,-0.0985,-0.1002
kp25 run1.txt,23,-25.0,-1,401.000,-0.0977,-0.1002
kp25 run1.txt,23,-25.0,-1,402.000,-0.1010,-0.1002
kp25 run1.txt,23,-25.0,-1,403.000,-0.0948,-0.1002
kp25 run1.txt,23,-25.0,-1,404.000,-0.0908,-0.1002
kp25 run1.txt,23,-25.0,-1,405.000,-0.1050,-0.1002
kp25 run1.txt,23,-25.0,-1,406.000,-0.1006,-0.1002
kp25 run1.txt,23,-25.0,-1,407.000,-0.0992,-0.1002
kp25 run1.txt,23,-25.0,-1,408.000,-0.1006,-0.1002
kp25 run1.txt,23,-25.0,-1,409.000,-0.0977,-0.1002
kp25 run1.txt,23,-25.0,-1,410.000,-0.1028,-0.1002
kp25 run1.txt,23,-25.0,-1,411.000,-0.0926,-0.1002
kp25 run1.txt,23,-25.0,-1,412.000,-0.0985,-0.1002
kp25 run1.txt,23,-25.0,-1,413.000,-0.1028,-0.1002
kp25 run1.txt,23,-25.0,-1,414.000,-0.1006,-0.1002
kp25 run1.txt,23,-25.0,-1,415.000,-0.0985,-0.1002
kp25 run1.txt,23,-25.0,-1,416.000,-0.1079,-0.1002
kp25 run1.txt,23,-25.0,-1,417.000,-0.0992,-0.1002
kp25 run1.txt,23,-25.0,-1,418.000,-0.0985,-0.1002
kp25 run1.txt,23,-25.0,-1,419.000,-0.0963,-0.1002
kp25 run1.txt,23,-25.0,-1,420.000,-0.1043,-0.1002
kp25 run1.txt,23,-25.0,-1,421.000,-0.0992,-0.1002
kp25 run1.txt,23,-25.0,-1,422.000,-0.0992,-0.1002
kp25 run1.txt,23,-25.0,-1,423.000,-0.1014,-0.1002
kp25 run1.txt,23,-25.0,-1,424.000,-0.1006,-0.1002
kp25 run1.txt,23,-25.0,-1,425.000,-0.0977,-0.1002
kp25 run1.txt,23,-25.0,-1,426.000,-0.0996,-0.1002
kp25 run1.txt,23,-25.0,-1,427.000,-0.1006,-0.1002
kp25 run1.txt,23,-25.0,-1,428.000,-0.0992,-0.1002
kp25 run1.txt,23,-25.0,-1,429.000,-0.0992,-0.1002
kp25 run1.txt,23,-25.0,-1,430.000,-0.1021,-0.1002
kp25 run1.txt,23,-25.0,-1,431.000,-0.0985,-0.1002
kp25 run1.txt,23,-25.0,-1,432.000,-0.1014,-0.1002
kp25 run1.txt,23,-25.0,-1,433.000,-0.1036,-0.1002
kp25 run1.txt,23,-25.0,-1,434.000,-0.1014,-0.1002
kp25 run1.txt,23,-25.0,-1,435.000,-0.0974,-0.1002
kp25 run1.txt,23,-25.0,-1,436.000,-0.1006,-0.1002
kp25 run1.txt,23,-25.0,-1,437.000,-0.1006,-0.1002
kp25 run1.txt,23,-25.0,-1,438.000,-0.0977,-0.1002
kp25 run1.txt,23,-25.0,-1,439.000,-0.1014,-0.1002
kp25 run1.txt,23,-25.0,-1,440.000,-0.0985,-0.1002
kp25 run1.txt,23,-25.0,-1,441.000,-0.1021,-0.1002
kp25 run1.txt,23,-25.0,-1,442.000,-0.1006,-0.1002
kp25 run1.txt,23,-25.0,-1,443.000,-0.1006,-0.1002
kp25 run1.txt,23,-25.0,-1,444.000,-0.0999,-0.1002
kp25 run1.txt,23,-25.0,-1,445.000,-0.0897,-0.1002
kp25 run1.txt,23,-25.0,-1,446.000,-0.0992,-0.1002
kp25 run1.txt,23,-25.0,-1,447.000,-0.0992,-0.1002
kp25 run1.txt,23,-25.0,-1,448.000,-0.0992,-0.1002
kp25 run1.txt,23,-25.0,-1,449.000,-0.1014,-0.1002
kp25 run1.txt,23,-25.0,-1,450.000,-0.0992,-0.1002
kp25 run1.txt,23,-25.0,-1,451.000,-0.0999,-0.1002
kp25 run1.txt,23,-25.0,-1,452.000,-0.0996,-0.1002
kp25 run1.txt,23,-25.0,-1,453.000,-0.0992,-0.1002
kp25 run1.txt,23,-25.0,-1,454.000,-0.0985,-0.1002
kp25 run1.txt,23,-25.0,-1,455.000,-0.1109,-0.1002
kp25 run1.txt,23,-25.0,-1,456.000,-0.1101,-0.1002
kp25 run1.txt,23,-25.0,-1,457.000,-0.1014,-0.1002
kp25 run1.txt,23,-25.0,-1,458.000,-0.1025,-0.1002
kp25 run1.txt,23,-25.0,-1,459.000,-0.1025,-0.1002
kp25 run1.txt,23,-25.0,-1,460.000,-0.1014,-0.1002
kp25 run1.txt,23,-25.0,-1,461.000,-0.0985,-0.1002
kp25 run1.txt,23,-25.0,-1,462.000,-0.1021,-0.1002
kp25 run1.txt,23,-25.0,-1,463.000,-0.1006,-0.1002
kp25 run1.txt,23,-25.0,-1,464.000,-0.0992,-0.1002
kp25 run1.txt,23,-25.0,-1,465.000,-0.0996,-0.1002
kp25 run1.txt,23,-25.0,-1,466.000,-0.1006,-0.1002
kp25 run1.txt,23,-25.0,-1,467.000,-0.1006,-0.1002
kp25 run1.txt,23,-25.0,-1,468.000,-0.1021,-0.1002
kp25 run1.txt,23,-25.0,-1,469.000,-0.0999,-0.1002
kp25 run1.txt,23,-25.0,-1,470.000,-0.0999,-0.1002
kp25 run1.txt,23,-25.0,-1,471.000,-0.0999,-0.1002
kp25 run1.txt,23,-25.0,-1,472.000,-0.1006,-0.1002
kp25 run1.txt,23,-25.0,-1,473.000,-0.0985,-0.1002
kp25 run1.txt,23,-25.0,-1,474.000,-0.1079,-0.1002
kp25 run1.txt,23,-25.0,-1,475.000,-0.0999,-0.1002
kp25 run1.txt,23,-25.0,-1,476.000,-0.1014,-0.1002
kp25 run1.txt,23,-25.0,-1,477.000,-0.1014,-0.1002
kp25 run1.txt,23,-25.0,-1,478.000,-0.1006,-0.1002
kp25 run1.txt,23,-25.0,-1,479.000,-0.1006,-0.1002
kp25 run1.txt,23,-25.0,-1,480.000,-0.0963,-0.1002
kp25 run1.txt,23,-25.0,-1,481.000,-0.0897,-0.1002
kp25 run1.txt,23,-25.0,-1,482.000,-0.1006,-0.1002
kp25 run1.txt,23,-25.0,-1,483.000,-0.1014,-0.1002
kp25 run1.txt,23,-25.0,-1,484.000,-0.1003,-0.1002
kp25 run1.txt,23,-25.0,-1,485.000,-0.1006,-0.1002
kp25 run1.txt,23,-25.0,-1,486.000,-0.1028,-0.1002
kp25 run1.txt,23,-25.0,-1,487.000,-0.1006,-0.1002
kp25 run1.txt,23,-25.0,-1,488.000,-0.0992,-0.1002
kp25 run1.txt,23,-25.0,-1,489.000,-0.1006,-0.1002
kp25 run1.txt,23,-25.0,-1,490.000,-0.0966,-0.1002
kp25 run1.txt,23,-25.0,-1,491.000,-0.1014,-0.1002
kp25 run1.txt,23,-25.0,-1,492.000,-0.0999,-0.1002
kp25 run1.txt,23,-25.0,-1,493.000,-0.1021,-0.1002
kp25 run1.txt,23,-25.0,-1,494.000,-0.1021,-0.1002
kp25 run1.txt,23,-25.0,-1,495.000,-0.0926,-0.1002
kp25 run1.txt,23,-25.0,-1,496.000,-0.0999,-0.1002
kp25 run1.txt,23,-25.0,-1,497.000,-0.1036,-0.1002
kp25 run1.txt,23,-25.0,-1,498.000,-0.1036,-0.1002
kp25 run1.txt,23,-25.0,-1,499.000,-0.0999,-0.1002
kp25 run1.txt,23,-25.0,-1,500.000,-0.0999,-0.1002
kp25 run1.txt,23,-25.0,-1,501.000,-0.1014,-0.1002
kp25 run1.txt,23,-25.0,-1,502.000,-0.0999,-0.1002
kp25 run1.txt,23,-25.0,-1,503.000,-0.1006,-0.1002
kp25 run1.txt,23,-25.0,-1,504.000,-0.1014,-0.1002
kp25 run1.txt,23,-25.0,-1,505.000,-0.1116,-0.1002
kp25 run1.txt,23,-25.0,-1,506.000,-0.1017,-0.1002
kp25 run1.txt,23,-25.0,-1,507.000,-0.1021,-0.1002
kp25 run1.txt,23,-25.0,-1,508.000,-0.1021,-0.1002
kp25 run1.txt,23,-25.0,-1,509.000,-0.1014,-0.1002
kp25 run1.txt,23,-25.0,-1,510.000,-0.0919,-0.1002
kp25 run1.txt,23,-25.0,-1,511.000,-0.0999,-0.1002
kp25 run1.txt,23,-25.0,-1,512.000,-0.0977,-0.1002
kp25 run1.txt,23,-25.0,-1,513.000,-0.1028,-0.1002
kp25 run1.txt,23,-25.0,-1,514.000,-0.1006,-0.1002
kp25 run1.txt,23,-25.0,-1,515.000,-0.0992,-0.1002
kp25 run1.txt,23,-25.0,-1,516.000,-0.1079,-0.1002
kp25 run1.txt,23,-25.0,-1,517.000,-0.0999,-0.1002
kp25 run1.txt,23,-25.0,-1,518.000,-0.1043,-0.1002
kp25 run1.txt,23,-25.0,-1,519.000,-0.0996,-0.1002
kp25 run1.txt,23,-25.0,-1,520.000,-0.1014,-0.1002
kp25 run1.txt,23,-25.0,-1,521.000,-0.1083,-0.1002
kp25 run1.txt,23,-25.0,-1,522.000,-0.1021,-0.1002
kp25 run1.txt,23,-25.0,-1,523.000,-0.1021,-0.1002
kp25 run1.txt,23,-25.0,-1,524.000,-0.1006,-0.1002
kp25 run1.txt,23,-25.0,-1,525.000,-0.1021,-0.1002
kp25 run1.txt,23,-25.0,-1,526.000,-0.1065,-0.1002
kp25 run1.txt,23,-25.0,-1,527.000,-0.0992,-0.1002
kp25 run1.txt,23,-25.0,-1,528.000,-0.0999,-0.1002
kp25 run1.txt,23,-25.0,-1,529.000,-0.0981,-0.1002
kp25 run1.txt,23,-25.0,-1,530.000,-0.0977,-0.1002
kp25 run1.txt,23,-25.0,-1,531.000,-0.0992,-0.1002
kp25 run1.txt,23,-25.0,-1,532.000,-0.1006,-0.1002
kp25 run1.txt,23,-25.0,-1,533.000,-0.0992,-0.1002
kp25 run1.txt,23,-25.0,-1,534.000,-0.1076,-0.1002
kp25 run1.txt,23,-25.0,-1,535.000,-0.0988,-0.1002
kp25 run1.txt,23,-25.0,-1,536.000,-0.0934,-0.1002
kp25 run1.txt,23,-25.0,-1,537.000,-0.0985,-0.1002
kp25 run1.txt,23,-25.0,-1,538.000,-0.0963,-0.1002
kp25 run1.txt,23,-25.0,-1,539.000,-0.1014,-0.1002
kp25 run1.txt,23,-25.0,-1,540.000,-0.0999,-0.1002
kp25 run1.txt,23,-25.0,-1,541.000,-0.0992,-0.1002
kp25 run1.txt,23,-25.0,-1,542.000,-0.0999,-0.1002
kp25 run1.txt,23,-25.0,-1,543.000,-0.1014,-0.1002
kp25 run1.txt,23,-25.0,-1,544.000,-0.1014,-0.1002
kp25 run1.txt,23,-25.0,-1,545.000,-0.0999,-0.1002
kp25 run1.txt,23,-25.0,-1,546.000,-0.0930,-0.1002
kp25 run1.txt,23,-25.0,-1,547.000,-0.0981,-0.1002
kp25 run1.txt,23,-25.0,-1,548.000,-0.0996,-0.1002
kp25 run1.txt,23,-25.0,-1,549.000,-0.0992,-0.1002
kp25 run1.txt,23,-25.0,-1,550.000,-0.0996,-0.1002
kp25 run1.txt,23,-25.0,-1,551.000,-0.0963,-0.1002
kp25 run1.txt,23,-25.0,-1,552.000,-0.1014,-0.1002
kp25 run1.txt,23,-25.0,-1,553.000,-0.1021,-0.1002
kp25 run1.txt,23,-25.0,-1,554.000,-0.1006,-0.1002
kp25 run1.txt,23,-25.0,-1,555.000,-0.1043,-0.1002
kp25 run1.txt,23,-25.0,-1,556.000,-0.1014,-0.1002
kp25 run1.txt,23,-25.0,-1,557.000,-0.1017,-0.1002
kp25 run1.txt,23,-25.0,-1,558.000,-0.1006,-0.1002
kp25 run1.txt,23,-25.0,-1,559.000,-0.0970,-0.1002
kp25 run1.txt,23,-25.0,-1,560.000,-0.1014,-0.1002
kp25 run1.txt,23,-25.0,-1,561.000,-0.0904,-0.1002
kp25 run1.txt,23,-25.0,-1,562.000,-0.1014,-0.1002
kp25 run1.txt,23,-25.0,-1,563.000,-0.0992,-0.1002
kp25 run1.txt,23,-25.0,-1,564.000,-0.0999,-0.1002
kp25 run1.txt,23,-25.0,-1,565.000,-0.1130,-0.1002
kp25 run1.txt,23,-25.0,-1,566.000,-0.1021,-0.1002
kp25 run1.txt,23,-25.0,-1,567.000,-0.0992,-0.1002
kp25 run1.txt,23,-25.0,-1,568.000,-0.1032,-0.1002
kp25 run1.txt,23,-25.0,-1,569.000,-0.1006,-0.1002
kp25 run1.txt,23,-25.0,-1,570.000,-0.1021,-0.1002
kp25 run1.txt,23,-25.0,-1,571.000,-0.0999,-0.1002
kp25 run1.txt,23,-25.0,-1,572.000,-0.0985,-0.1002
kp25 run1.txt,23,-25.0,-1,573.000,-0.1006,-0.1002
kp25 run1.txt,23,-25.0,-1,574.000,-0.0992,-0.1002
kp25 run1.txt,23,-25.0,-1,575.000,-0.1006,-0.1002
kp25 run1.txt,23,-25.0,-1,576.000,-0.1014,-0.1002
kp25 run1.txt,23,-25.0,-1,577.000,-0.0999,-0.1002
kp25 run1.txt,23,-25.0,-1,578.000,-0.0996,-0.1002
kp25 run1.txt,23,-25.0,-1,579.000,-0.0999,-0.1002
kp25 run1.txt,23,-25.0,-1,580.000,-0.0955,-0.1002
kp25 run1.txt,23,-25.0,-1,581.000,-0.0999,-0.1002
kp25 run1.txt,23,-25.0,-1,582.000,-0.1014,-0.1002
kp25 run1.txt,23,-25.0,-1,583.000,-0.1006,-0.1002
kp25 run1.txt,23,-25.0,-1,584.000,-0.0992,-0.1002
kp25 run1.txt,23,-25.0,-1,585.000,-0.1028,-0.1002
kp25 run1.txt,23,-25.0,-1,586.000,-0.1014,-0.1002
kp25 run1.txt,23,-25.0,-1,587.000,-0.1006,-0.1002
kp25 run1.txt,23,-25.0,-1,588.000,-0.0999,-0.1002
kp25 run1.txt,23,-25.0,-1,589.000,-0.0992,-0.1002
kp25 run1.txt,23,-25.0,-1,590.000,-0.0963,-0.1002
kp25 run1.txt,23,-25.0,-1,591.000,-0.1006,-0.1002
kp25 run1.txt,23,-25.0,-1,592.000,-0.0992,-0.1002
kp25 run1.txt,23,-25.0,-1,593.000,-0.1014,-0.1002
kp25 run1.txt,23,-25.0,-1,594.000,-0.0999,-0.1002
kp25 run1.txt,23,-25.0,-1,595.000,-0.1105,-0.1002
kp25 run1.txt,23,-25.0,-1,596.000,-0.0762,-0.1002
kp25 run1.txt,23,-25.0,-1,597.000,-0.0963,-0.1002
kp25 run1.txt,23,-25.0,-1,598.000,-0.1072,-0.1002
kp25 run1.txt,23,-25.0,-1,599.000,-0.0904,-0.1002
kp25 run1.txt,24,-25.0,1,0.000,-0.1014,-0.0992
kp25 run1.txt,24,-25.0,1,1.000,-0.0977,-0.0992
kp25 run1.txt,24,-25.0,1,2.000,-0.0985,-0.0989
kp25 run1.txt,24,-25.0,1,3.000,-0.0992,-0.0982
kp25 run1.txt,24,-25.0,1,4.000,-0.0974,-0.0971
kp25 run1.txt,24,-25.0,1,5.000,-0.0985,-0.0956
kp25 run1.txt,24,-25.0,1,6.000,-0.0955,-0.0938
kp25 run1.txt,24,-25.0,1,7.000,-0.0934,-0.0917
kp25 run1.txt,24,-25.0,1,8.000,-0.0890,-0.0892
kp25 run1.txt,24,-25.0,1,9.000,-0.0839,-0.0865
kp25 run1.txt,24,-25.0,1,10.000,-0.0846,-0.0835
kp25 run1.txt,24,-25.0,1,11.000,-0.0850,-0.0802
kp25 run1.txt,24,-25.0,1,12.000,-0.0751,-0.0767
kp25 run1.txt,24,-25.0,1,13.000,-0.0839,-0.0729
kp25 run1.txt,24,-25.0,1,14.000,-0.0700,-0.0690
kp25 run1.txt,24,-25.0,1,15.000,-0.0642,-0.0649
kp25 run1.txt,24,-25.0,1,16.000,-0.0678,-0.0606
kp25 run1.txt,24,-25.0,1,17.000,-0.0584,-0.0562
kp25 run1.txt,24,-25.0,1,18.000,-0.0547,-0.0516
kp25 run1.txt,24,-25.0,1,19.000,-0.0525,-0.0470
kp25 run1.txt,24,-25.0,1,20.000,-0.0449,-0.0422
kp25 run1.txt,24,-25.0,1,21.000,-0.0365,-0.0373
kp25 run1.txt,24,-25.0,1,22.000,-0.0350,-0.0324
kp25 run1.txt,24,-25.0,1,23.000,-0.0292,-0.0274
kp25 run1.txt,24,-25.0,1,24.000,-0.0401,-0.0223
kp25 run1.txt,24,-25.0,1,25.000,-0.0175,-0.0173
kp25 run1.txt,24,-25.0,1,26.000,0.0047,-0.0122
kp25 run1.txt,24,-25.0,1,27.000,-0.0092,-0.0071
kp25 run1.txt,24,-25.0,1,28.000,-0.0044,-0.0020
kp25 run1.txt,24,-25.0,1,29.000,0.0025,0.0031
kp25 run1.txt,24,-25.0,1,30.000,0.0036,0.0082
kp25 run1.txt,24,-25.0,1,31.000,0.0113,0.0132
kp25 run1.txt,24,-25.0,1,32.000,0.0167,0.0182
kp25 run1.txt,24,-25.0,1,33.000,0.0211,0.0231
kp25 run1.txt,24,-25.0,1,34.000,0.0247,0.0280
kp25 run1.txt,24,-25.0,1,35.000,0.0262,0.0328
kp25 run1.txt,24,-25.0,1,36.000,0.0350,0.0376
kp25 run1.txt,24,-25.0,1,37.000,0.0371,0.0422
kp25 run1.txt,24,-25.0,1,38.000,0.0433,0.0468
kp25 run1.txt,24,-25.0,1,39.000,0.0554,0.0513
kp25 run1.txt,24,-25.0,1,40.000,0.0525,0.0556
kp25 run1.txt,24,-25.0,1,41.000,0.0583,0.0599
kp25 run1.txt,24,-25.0,1,42.000,0.0638,0.0641
kp25 run1.txt,24,-25.0,1,43.000,0.0656,0.0681
kp25 run1.txt,24,-25.0,1,44.000,0.0663,0.0721
kp25 run1.txt,24,-25.0,1,45.000,0.0736,0.0759
kp25 run1.txt,24,-25.0,1,46.000,0.0776,0.0796
kp25 run1.txt,24,-25.0,1,47.000,0.0823,0.0832
kp25 run1.txt,24,-25.0,1,48.000,0.0845,0.0866
kp25 run1.txt,24,-25.0,1,49.000,0.0860,0.0900
kp25 run1.txt,24,-25.0,1,50.000,0.0933,0.0932
kp25 run1.txt,24,-25.0,1,51.000,0.0882,0.0962
kp25 run1.txt,24,-25.0,1,52.000,0.1006,0.0992
kp25 run1.txt,24,-25.0,1,53.000,0.0991,0.1020
kp25 run1.txt,24,-25.0,1,54.000,0.1057,0.1046
kp25 run1.txt,24,-25.0,1,55.000,0.1086,0.1072
kp25 run1.txt,24,-25.0,1,56.000,0.1093,0.1096
kp25 run1.txt,24,-25.0,1,57.000,0.1144,0.1119
kp25 run1.txt,24,-25.0,1,58.000,0.1155,0.1140
kp25 run1.txt,24,-25.0,1,59.000,0.1166,0.1161
kp25 run1.txt,24,-25.0,1,60.000,0.1195,0.1180
kp25 run1.txt,24,-25.0,1,61.000,0.1217,0.1198
kp25 run1.txt,24,-25.0,1,62.000,0.1235,0.1214
kp25 run1.txt,24,-25.0,1,63.000,0.1250,0.1229
kp25 run1.txt,24,-25.0,1,64.000,0.1254,0.1244
kp25 run1.txt,24,-25.0,1,65.000,0.1385,0.1257
kp25 run1.txt,24,-25.0,1,66.000,0.1290,0.1269
kp25 run1.txt,24,-25.0,1,67.000,0.1166,0.1279
kp25 run1.txt,24,-25.0,1,68.000,0.1297,0.1289
kp25 run1.txt,24,-25.0,1,69.000,0.1319,0.1298
kp25 run1.txt,24,-25.0,1,70.000,0.1312,0.1305
kp25 run1.txt,24,-25.0,1,71.000,0.1326,0.1312
kp25 run1.txt,24,-25.0,1,72.000,0.1290,0.1318
kp25 run1.txt,24,-25.0,1,73.000,0.1323,0.1323
kp25 run1.txt,24,-25.0,1,74.000,0.1348,0.1326
kp25 run1.txt,24,-25.0,1,75.000,0.1345,0.1329
kp25 run1.txt,24,-25.0,1,76.000,0.1377,0.1332
kp25 run1.txt,24,-25.0,1,77.000,0.1261,0.1333
kp25 run1.txt,24,-25.0,1,78.000,0.1377,0.1334
kp25 run1.txt,24,-25.0,1,79.000,0.1279,0.1333
kp25 run1.txt,24,-25.0,1,80.000,0.1341,0.1333
kp25 run1.txt,24,-25.0,1,81.000,0.1348,0.1331
kp25 run1.txt,24,-25.0,1,82.000,0.1334,0.1329
kp25 run1.txt,24,-25.0,1,83.000,0.1301,0.1326
kp25 run1.txt,24,-25.0,1,84.000,0.1166,0.1323
kp25 run1.txt,24,-25.0,1,85.000,0.1297,0.1319
kp25 run1.txt,24,-25.0,1,86.000,0.1337,0.1315
kp25 run1.txt,24,-25.0,1,87.000,0.1348,0.1310
kp25 run1.txt,24,-25.0,1,88.000,0.1326,0.1305
kp25 run1.txt,24,-25.0,1,89.000,0.1312,0.1299
kp25 run1.txt,24,-25.0,1,90.000,0.1297,0.1293
kp25 run1.txt,24,-25.0,1,91.000,0.1316,0.1287
kp25 run1.txt,24,-25.0,1,92.000,0.1283,0.1280
kp25 run1.txt,24,-25.0,1,93.000,0.1283,0.1273
kp25 run1.txt,24,-25.0,1,94.000,0.1224,0.1266
kp25 run1.txt,24,-25.0,1,95.000,0.1246,0.1258
kp25 run1.txt,24,-25.0,1,96.000,0.1268,0.1251
kp25 run1.txt,24,-25.0,1,97.000,0.1232,0.1243
kp25 run1.txt,24,-25.0,1,98.000,0.1250,0.1235
kp25 run1.txt,24,-25.0,1,99.000,0.1210,0.1227
kp25 run1.txt,24,-25.0,1,100.000,0.1224,0.1218
kp25 run1.txt,24,-25.0,1,101.000,0.1203,0.1210
kp25 run1.txt,24,-25.0,1,102.000,0.1199,0.1201
kp25 run1.txt,24,-25.0,1,103.000,0.1203,0.1193
kp25 run1.txt,24,-25.0,1,104.000,0.1162,0.1185
kp25 run1.txt,24,-25.0,1,105.000,0.1232,0.1176
kp25 run1.txt,24,-25.0,1,106.000,0.1188,0.1168
kp25 run1.txt,24,-25.0,1,107.000,0.1086,0.1159
kp25 run1.txt,24,-25.0,1,108.000,0.1133,0.1151
kp25 run1.txt,24,-25.0,1,109.000,0.1173,0.1142
kp25 run1.txt,24,-25.0,1,110.000,0.1115,0.1134
kp25 run1.txt,24,-25.0,1,111.000,0.1133,0.1126
kp25 run1.txt,24,-25.0,1,112.000,0.1079,0.1118
kp25 run1.txt,24,-25.0,1,113.000,0.1046,0.1110
kp25 run1.txt,24,-25.0,1,114.000,0.1046,0.1102
kp25 run1.txt,24,-25.0,1,115.000,0.1049,0.1094
kp25 run1.txt,24,-25.0,1,116.000,0.0991,0.1087
kp25 run1.txt,24,-25.0,1,117.000,0.1108,0.1080
kp25 run1.txt,24,-25.0,1,118.000,0.1049,0.1072
kp25 run1.txt,24,-25.0,1,119.000,0.1017,0.1065
kp25 run1.txt,24,-25.0,1,120.000,0.1024,0.1058
kp25 run1.txt,24,-25.0,1,121.000,0.0998,0.1052
kp25 run1.txt,24,-25.0,1,122.000,0.1151,0.1045
kp25 run1.txt,24,-25.0,1,123.000,0.1017,0.1039
kp25 run1.txt,24,-25.0,1,124.000,0.0962,0.1033
kp25 run1.txt,24,-25.0,1,125.000,0.0966,0.1027
kp25 run1.txt,24,-25.0,1,126.000,0.0977,0.1022
kp25 run1.txt,24,-25.0,1,127.000,0.0984,0.1016
kp25 run1.txt,24,-25.0,1,128.000,0.0969,0.1011
kp25 run1.txt,24,-25.0,1,129.000,0.0969,0.1006
kp25 run1.txt,24,-25.0,1,130.000,0.0947,0.1001
kp25 run1.txt,24,-25.0,1,131.000,0.0874,0.0997
kp25 run1.txt,24,-25.0,1,132.000,0.0940,0.0992
kp25 run1.txt,24,-25.0,1,133.000,0.1017,0.0988
kp25 run1.txt,24,-25.0,1,134.000,0.0922,0.0984
kp25 run1.txt,24,-25.0,1,135.000,0.0969,0.0981
kp25 run1.txt,24,-25.0,1,136.000,0.0900,0.0977
kp25 run1.txt,24,-25.0,1,137.000,0.0947,0.0974
kp25 run1.txt,24,-25.0,1,138.000,0.0933,0.0971
kp25 run1.txt,24,-25.0,1,139.000,0.0940,0.0968
kp25 run1.txt,24,-25.0,1,140.000,0.0933,0.0965
kp25 run1.txt,24,-25.0,1,141.000,0.0918,0.0963
kp25 run1.txt,24,-25.0,1,142.000,0.0925,0.0960
kp25 run1.txt,24,-25.0,1,143.000,0.0962,0.0958
kp25 run1.txt,24,-25.0,1,144.000,0.0955,0.0957
kp25 run1.txt,24,-25.0,1,145.000,0.1082,0.0955
kp25 run1.txt,24,-25.0,1,146.000,0.0925,0.0953
kp25 run1.txt,24,-25.0,1,147.000,0.0918,0.0952
kp25 run1.txt,24,-25.0,1,148.000,0.0911,0.0951
kp25 run1.txt,24,-25.0,1,149.000,0.0947,0.0950
kp25 run1.txt,24,-25.0,1,150.000,0.0929,0.0949
kp25 run1.txt,24,-25.0,1,151.000,0.0918,0.0948
kp25 run1.txt,24,-25.0,1,152.000,0.0947,0.0948
kp25 run1.txt,24,-25.0,1,153.000,0.0933,0.0947
kp25 run1.txt,24,-25.0,1,154.000,0.0896,0.0947
kp25 run1.txt,24,-25.0,1,155.000,0.0758,0.0947
kp25 run1.txt,24,-25.0,1,156.000,0.0933,0.0947
kp25 run1.txt,24,-25.0,1,157.000,0.0940,0.0947
kp25 run1.txt,24,-25.0,1,158.000,0.0900,0.0947
kp25 run1.txt,24,-25.0,1,159.000,0.0933,0.0947
kp25 run1.txt,24,-25.0,1,160.000,0.0955,0.0948
kp25 run1.txt,24,-25.0,1,161.000,0.0958,0.0948
kp25 run1.txt,24,-25.0,1,162.000,0.0933,0.0949
kp25 run1.txt,24,-25.0,1,163.000,0.0969,0.0949
kp25 run1.txt,24,-25.0,1,164.000,0.0955,0.0950
kp25 run1.txt,24,-25.0,1,165.000,0.0911,0.0951
kp25 run1.txt,24,-25.0,1,166.000,0.0951,0.0952
kp25 run1.txt,24,-25.0,1,167.000,0.0955,0.0953
kp25 run1.txt,24,-25.0,1,168.000,0.0904,0.0954
kp25 run1.txt,24,-25.0,1,169.000,0.0969,0.0955
kp25 run1.txt,24,-25.0,1,170.000,0.0962,0.0956
kp25 run1.txt,24,-25.0,1,171.000,0.0940,0.0957
kp25 run1.txt,24,-25.0,1,172.000,0.0966,0.0959
kp25 run1.txt,24,-25.0,1,173.000,0.0966,0.0960
kp25 run1.txt,24,-25.0,1,174.000,0.0940,0.0961
kp25 run1.txt,24,-25.0,1,175.000,0.0998,0.0962
kp25 run1.txt,24,-25.0,1,176.000,0.0940,0.0964
kp25 run1.txt,24,-25.0,1,177.000,0.0958,0.0965
kp25 run1.txt,24,-25.0,1,178.000,0.0969,0.0967
kp25 run1.txt,24,-25.0,1,179.000,0.0998,0.0968
kp25 run1.txt,24,-25.0,1,180.000,0.0933,0.0969
kp25 run1.txt,24,-25.0,1,181.000,0.1020,0.0971
kp25 run1.txt,24,-25.0,1,182.000,0.1020,0.0972
kp25 run1.txt,24,-25.0,1,183.000,0.1053,0.0974
kp25 run1.txt,24,-25.0,1,184.000,0.0998,0.0975
kp25 run1.txt,24,-25.0,1,185.000,0.0962,0.0976
kp25 run1.txt,24,-25.0,1,186.000,0.0991,0.0978
kp25 run1.txt,24,-25.0,1,187.000,0.1020,0.0979
kp25 run1.txt,24,-25.0,1,188.000,0.1093,0.0981
kp25 run1.txt,24,-25.0,1,189.000,0.1049,0.0982
kp25 run1.txt,24,-25.0,1,190.000,0.1046,0.0983
kp25 run1.txt,24,-25.0,1,191.000,0.1046,0.0985
kp25 run1.txt,24,-25.0,1,192.000,0.1035,0.0986
kp25 run1.txt,24,-25.0,1,193.000,0.1020,0.0987
kp25 run1.txt,24,-25.0,1,194.000,0.0987,0.0988
kp25 run1.txt,24,-25.0,1,195.000,0.1049,0.0990
kp25 run1.txt,24,-25.0,1,196.000,0.1064,0.0991
kp25 run1.txt,24,-25.0,1,197.000,0.1042,0.0992
kp25 run1.txt,24,-25.0,1,198.000,0.1020,0.0993
kp25 run1.txt,24,-25.0,1,199.000,0.1017,0.0994
kp25 run1.txt,24,-25.0,1,200.000,0.1028,0.0995
kp25 run1.txt,24,-25.0,1,201.000,0.1046,0.0996
kp25 run1.txt,24,-25.0,1,202.000,0.0998,0.0997
kp25 run1.txt,24,-25.0,1,203.000,0.1042,0.0998
kp25 run1.txt,24,-25.0,1,204.000,0.1049,0.0999
kp25 run1.txt,24,-25.0,1,205.000,0.1009,0.1000
kp25 run1.txt,24,-25.0,1,206.000,0.1035,0.1001
kp25 run1.txt,24,-25.0,1,207.000,0.1028,0.1002
kp25 run1.txt,24,-25.0,1,208.000,0.1042,0.1002
kp25 run1.txt,24,-25.0,1,209.000,0.1086,0.1003
kp25 run1.txt,24,-25.0,1,210.000,0.1020,0.1004
kp25 run1.txt,24,-25.0,1,211.000,0.1020,0.1004
kp25 run1.txt,24,-25.0,1,212.000,0.1035,0.1005
kp25 run1.txt,24,-25.0,1,213.000,0.1035,0.1006
kp25 run1.txt,24,-25.0,1,214.000,0.1042,0.1006
kp25 run1.txt,24,-25.0,1,215.000,0.1057,0.1007
kp25 run1.txt,24,-25.0,1,216.000,0.0991,0.1007
kp25 run1.txt,24,-25.0,1,217.000,0.1035,0.1008
kp25 run1.txt,24,-25.0,1,218.000,0.1151,0.1008
kp25 run1.txt,24,-25.0,1,219.000,0.1028,0.1009
kp25 run1.txt,24,-25.0,1,220.000,0.1042,0.1009
kp25 run1.txt,24,-25.0,1,221.000,0.0969,0.1009
kp25 run1.txt,24,-25.0,1,222.000,0.0966,0.1010
kp25 run1.txt,24,-25.0,1,223.000,0.1042,0.1010
kp25 run1.txt,24,-25.0,1,224.000,0.1020,0.1010
kp25 run1.txt,24,-25.0,1,225.000,0.1028,0.1010
kp25 run1.txt,24,-25.0,1,226.000,0.0991,0.1010
kp25 run1.txt,24,-25.0,1,227.000,0.1024,0.1011
kp25 run1.txt,24,-25.0,1,228.000,0.0984,0.1011
kp25 run1.txt,24,-25.0,1,229.000,0.1064,0.1011
kp25 run1.txt,24,-25.0,1,230.000,0.0991,0.1011
kp25 run1.txt,24,-25.0,1,231.000,0.1038,0.1011
kp25 run1.txt,24,-25.0,1,232.000,0.0998,0.1011
kp25 run1.txt,24,-25.0,1,233.000,0.1013,0.1011
kp25 run1.txt,24,-25.0,1,234.000,0.1119,0.1011
kp25 run1.txt,24,-25.0,1,235.000,0.0998,0.1011
kp25 run1.txt,24,-25.0,1,236.000,0.1057,0.1011
kp25 run1.txt,24,-25.0,1,237.000,0.0998,0.1011
kp25 run1.txt,24,-25.0,1,238.000,0.1013,0.1011
kp25 run1.txt,24,-25.0,1,239.000,0.0987,0.1011
kp25 run1.txt,24,-25.0,1,240.000,0.0991,0.1011
kp25 run1.txt,24,-25.0,1,241.000,0.0958,0.1010
kp25 run1.txt,24,-25.0,1,242.000,0.1020,0.1010
kp25 run1.txt,24,-25.0,1,243.000,0.0998,0.1010
kp25 run1.txt,24,-25.0,1,244.000,0.1024,0.1010
kp25 run1.txt,24,-25.0,1,245.000,0.1009,0.1010
kp25 run1.txt,24,-25.0,1,246.000,0.0977,0.1010
kp25 run1.txt,24,-25.0,1,247.000,0.1046,0.1010
kp25 run1.txt,24,-25.0,1,248.000,0.0998,0.1009
kp25 run1.txt,24,-25.0,1,249.000,0.1013,0.1009
kp25 run1.txt,24,-25.0,1,250.000,0.1046,0.1009
kp25 run1.txt,24,-25.0,1,251.000,0.0987,0.1009
kp25 run1.txt,24,-25.0,1,252.000,0.1006,0.1009
kp25 run1.txt,24,-25.0,1,253.000,0.0991,0.1008
kp25 run1.txt,24,-25.0,1,254.000,0.0918,0.1008
kp25 run1.txt,24,-25.0,1,255.000,0.0918,0.1008
kp25 run1.txt,24,-25.0,1,256.000,0.1017,0.1008
kp25 run1.txt,24,-25.0,1,257.000,0.1013,0.1007
kp25 run1.txt,24,-25.0,1,258.000,0.1006,0.1007
kp25 run1.txt,24,-25.0,1,259.000,0.1020,0.1007
kp25 run1.txt,24,-25.0,1,260.000,0.0911,0.1007
kp25 run1.txt,24,-25.0,1,261.000,0.1031,0.1006
kp25 run1.txt,24,-25.0,1,262.000,0.1035,0.1006
kp25 run1.txt,24,-25.0,1,263.000,0.1013,0.1006
kp25 run1.txt,24,-25.0,1,264.000,0.0969,0.1006
kp25 run1.txt,24,-25.0,1,265.000,0.1009,0.1005
kp25 run1.txt,24,-25.0,1,266.000,0.1013,0.1005
kp25 run1.txt,24,-25.0,1,267.000,0.1017,0.1005
kp25 run1.txt,24,-25.0,1,268.000,0.1028,0.1005
kp25 run1.txt,24,-25.0,1,269.000,0.1017,0.1005
kp25 run1.txt,24,-25.0,1,270.000,0.1017,0.1004
kp25 run1.txt,24,-25.0,1,271.000,0.1042,0.1004
kp25 run1.txt,24,-25.0,1,272.000,0.0962,0.1004
kp25 run1.txt,24,-25.0,1,273.000,0.0991,0.1004
kp25 run1.txt,24,-25.0,1,274.000,0.0998,0.1004
kp25 run1.txt,24,-25.0,1,275.000,0.1006,0.1003
kp25 run1.txt,24,-25.0,1,276.000,0.0998,0.1003
kp25 run1.txt,24,-25.0,1,277.000,0.0977,0.1003
kp25 run1.txt,24,-25.0,1,278.000,0.0998,0.1003
kp25 run1.txt,24,-25.0,1,279.000,0.0998,0.1003
kp25 run1.txt,24,-25.0,1,280.000,0.1006,0.1003
kp25 run1.txt,24,-25.0,1,281.000,0.1057,0.1002
kp25 run1.txt,24,-25.0,1,282.000,0.1013,0.1002
kp25 run1.txt,24,-25.0,1,283.000,0.0955,0.1002
kp25 run1.txt,24,-25.0,1,284.000,0.0998,0.1002
kp25 run1.txt,24,-25.0,1,285.000,0.0998,0.1002
kp25 run1.txt,24,-25.0,1,286.000,0.0889,0.1002
kp25 run1.txt,24,-25.0,1,287.000,0.0991,0.1002
kp25 run1.txt,24,-25.0,1,288.000,0.1024,0.1001
kp25 run1.txt,24,-25.0,1,289.000,0.0958,0.1001
kp25 run1.txt,24,-25.0,1,290.000,0.0977,0.1001
kp25 run1.txt,24,-25.0,1,291.000,0.1020,0.1001
kp25 run1.txt,24,-25.0,1,292.000,0.0936,0.1001
kp25 run1.txt,24,-25.0,1,293.000,0.0998,0.1001
kp25 run1.txt,24,-25.0,1,294.000,0.0991,0.1001
kp25 run1.txt,24,-25.0,1,295.000,0.1006,0.1001
kp25 run1.txt,24,-25.0,1,296.000,0.1006,0.1001
kp25 run1.txt,24,-25.0,1,297.000,0.0962,0.1001
kp25 run1.txt,24,-25.0,1,298.000,0.0969,0.1001
kp25 run1.txt,24,-25.0,1,299.000,0.0998,0.1001
kp25 run1.txt,24,-25.0,1,300.000,0.1006,0.1001
kp25 run1.txt,24,-25.0,1,301.000,0.1115,0.1000
kp25 run1.txt,24,-25.0,1,302.000,0.0980,0.1000
kp25 run1.txt,24,-25.0,1,303.000,0.1020,0.1000
kp25 run1.txt,24,-25.0,1,304.000,0.0984,0.1000
kp25 run1.txt,24,-25.0,1,305.000,0.1006,0.1000
kp25 run1.txt,24,-25.0,1,306.000,0.0977,0.1000
kp25 run1.txt,24,-25.0,1,307.000,0.0962,0.1000
kp25 run1.txt,24,-25.0,1,308.000,0.0991,0.1000
kp25 run1.txt,24,-25.0,1,309.000,0.0991,0.1000
kp25 run1.txt,24,-25.0,1,310.000,0.1049,0.1000
kp25 run1.txt,24,-25.0,1,311.000,0.1020,0.1000
kp25 run1.txt,24,-25.0,1,312.000,0.1020,0.1000
kp25 run1.txt,24,-25.0,1,313.000,0.1013,0.1000
kp25 run1.txt,24,-25.0,1,314.000,0.1017,0.1000
kp25 run1.txt,24,-25.0,1,315.000,0.1064,0.1000
kp25 run1.txt,24,-25.0,1,316.000,0.0987,0.1000
kp25 run1.txt,24,-25.0,1,317.000,0.1057,0.1000
kp25 run1.txt,24,-25.0,1,318.000,0.1013,0.1000
kp25 run1.txt,24,-25.0,1,319.000,0.1046,0.1000
kp25 run1.txt,24,-25.0,1,320.000,0.0998,0.1000
kp25 run1.txt,24,-25.0,1,321.000,0.0998,0.1000
kp25 run1.txt,24,-25.0,1,322.000,0.1006,0.1000
kp25 run1.txt,24,-25.0,1,323.000,0.0969,0.1001
kp25 run1.txt,24,-25.0,1,324.000,0.0995,0.1001
kp25 run1.txt,24,-25.0,1,325.000,0.1006,0.1001
kp25 run1.txt,24,-25.0,1,326.000,0.1013,0.1001
kp25 run1.txt,24,-25.0,1,327.000,0.0969,0.1001
kp25 run1.txt,24,-25.0,1,328.000,0.1009,0.1001
kp25 run1.txt,24,-25.0,1,329.000,0.1028,0.1001
kp25 run1.txt,24,-25.0,1,330.000,0.0900,0.1001
kp25 run1.txt,24,-25.0,1,331.000,0.0962,0.1001
kp25 run1.txt,24,-25.0,1,332.000,0.1057,0.1001
kp25 run1.txt,24,-25.0,1,333.000,0.1020,0.1001
kp25 run1.txt,24,-25.0,1,334.000,0.1020,0.1001
kp25 run1.txt,24,-25.0,1,335.000,0.1020,0.1001
kp25 run1.txt,24,-25.0,1,336.000,0.0998,0.1001
kp25 run1.txt,24,-25.0,1,337.000,0.0991,0.1001
kp25 run1.txt,24,-25.0,1,338.000,0.1028,0.1001
kp25 run1.txt,24,-25.0,1,339.000,0.1013,0.1001
kp25 run1.txt,24,-25.0,1,340.000,0.1020,0.1001
kp25 run1.txt,24,-25.0,1,341.000,0.1020,0.1001
kp25 run1.txt,24,-25.0,1,342.000,0.0991,0.1001
kp25 run1.txt,24,-25.0,1,343.000,0.1028,0.1001
kp25 run1.txt,24,-25.0,1,344.000,0.1035,0.1001
kp25 run1.txt,24,-25.0,1,345.000,0.0987,0.1001
kp25 run1.txt,24,-25.0,1,346.000,0.0991,0.1001
kp25 run1.txt,24,-25.0,1,347.000,0.1013,0.1001
kp25 run1.txt,24,-25.0,1,348.000,0.0969,0.1001
kp25 run1.txt,24,-25.0,1,349.000,0.1002,0.1001
kp25 run1.txt,24,-25.0,1,350.000,0.1009,0.1001
kp25 run1.txt,24,-25.0,1,351.000,0.0889,0.1002
kp25 run1.txt,24,-25.0,1,352.000,0.1035,0.1002
kp25 run1.txt,24,-25.0,1,353.000,0.1035,0.1002
kp25 run1.txt,24,-25.0,1,354.000,0.0998,0.1002
kp25 run1.txt,24,-25.0,1,355.000,0.0987,0.1002
kp25 run1.txt,24,-25.0,1,356.000,0.0845,0.1002
kp25 run1.txt,24,-25.0,1,357.000,0.0915,0.1002
kp25 run1.txt,24,-25.0,1,358.000,0.1006,0.1002
kp25 run1.txt,24,-25.0,1,359.000,0.1006,0.1002
kp25 run1.txt,24,-25.0,1,360.000,0.1057,0.1002
kp25 run1.txt,24,-25.0,1,361.000,0.1035,0.1002
kp25 run1.txt,24,-25.0,1,362.000,0.0973,0.1002
kp25 run1.txt,24,-25.0,1,363.000,0.0991,0.1002
kp25 run1.txt,24,-25.0,1,364.000,0.0998,0.1002
kp25 run1.txt,24,-25.0,1,365.000,0.0998,0.1002
kp25 run1.txt,24,-25.0,1,366.000,0.1057,0.1002
kp25 run1.txt,24,-25.0,1,367.000,0.1042,0.1002
kp25 run1.txt,24,-25.0,1,368.000,0.0998,0.1002
kp25 run1.txt,24,-25.0,1,369.000,0.1006,0.1002
kp25 run1.txt,24,-25.0,1,370.000,0.1013,0.1002
kp25 run1.txt,24,-25.0,1,371.000,0.1006,0.1002
kp25 run1.txt,24,-25.0,1,372.000,0.0991,0.1002
kp25 run1.txt,24,-25.0,1,373.000,0.1035,0.1002
kp25 run1.txt,24,-25.0,1,374.000,0.1006,0.1002
kp25 run1.txt,24,-25.0,1,375.000,0.1028,0.1002
kp25 run1.txt,24,-25.0,1,376.000,0.0998,0.1002
kp25 run1.txt,24,-25.0,1,377.000,0.0998,0.1002
kp25 run1.txt,24,-25.0,1,378.000,0.0991,0.1002
kp25 run1.txt,24,-25.0,1,379.000,0.1020,0.1002
kp25 run1.txt,24,-25.0,1,380.000,0.1006,0.1002
kp25 run1.txt,24,-25.0,1,381.000,0.0991,0.1002
kp25 run1.txt,24,-25.0,1,382.000,0.1042,0.1002
kp25 run1.txt,24,-25.0,1,383.000,0.0969,0.1002
kp25 run1.txt,24,-25.0,1,384.000,0.1009,0.1002
kp25 run1.txt,24,-25.0,1,385.000,0.1028,0.1002
kp25 run1.txt,24,-25.0,1,386.000,0.0984,0.1002
kp25 run1.txt,24,-25.0,1,387.000,0.1028,0.1002
kp25 run1.txt,24,-25.0,1,388.000,0.0977,0.1002
kp25 run1.txt,24,-25.0,1,389.000,0.0991,0.1002
kp25 run1.txt,24,-25.0,1,390.000,0.1006,0.1002
kp25 run1.txt,24,-25.0,1,391.000,0.0998,0.1002
kp25 run1.txt,24,-25.0,1,392.000,0.0984,0.1002
kp25 run1.txt,24,-25.0,1,393.000,0.0969,0.1002
kp25 run1.txt,24,-25.0,1,394.000,0.1020,0.1002
kp25 run1.txt,24,-25.0,1,395.000,0.1020,0.1002
kp25 run1.txt,24,-25.0,1,396.000,0.1024,0.1002
kp25 run1.txt,24,-25.0,1,397.000,0.1017,0.1002
kp25 run1.txt,24,-25.0,1,398.000,0.0998,0.1002
kp25 run1.txt,24,-25.0,1,399.000,0.1013,0.1002
kp25 run1.txt,24,-25.0,1,400.000,0.1017,0.1002
kp25 run1.txt,24,-25.0,1,401.000,0.0940,0.1002
kp25 run1.txt,24,-25.0,1,402.000,0.1028,0.1002
kp25 run1.txt,24,-25.0,1,403.000,0.1028,0.1002
kp25 run1.txt,24,-25.0,1,404.000,0.1108,0.1002
kp25 run1.txt,24,-25.0,1,405.000,0.1057,0.1002
kp25 run1.txt,24,-25.0,1,406.000,0.1028,0.1002
kp25 run1.txt,24,-25.0,1,407.000,0.0860,0.1002
kp25 run1.txt,24,-25.0,1,408.000,0.1006,0.1002
kp25 run1.txt,24,-25.0,1,409.000,0.0962,0.1002
kp25 run1.txt,24,-25.0,1,410.000,0.0984,0.1002
kp25 run1.txt,24,-25.0,1,411.000,0.0998,0.1002
kp25 run1.txt,24,-25.0,1,412.000,0.0947,0.1002
kp25 run1.txt,24,-25.0,1,413.000,0.0991,0.1002
kp25 run1.txt,24,-25.0,1,414.000,0.0987,0.1002
kp25 run1.txt,24,-25.0,1,415.000,0.1006,0.1002
kp25 run1.txt,24,-25.0,1,416.000,0.1013,0.1002
kp25 run1.txt,24,-25.0,1,417.000,0.1199,0.1002
kp25 run1.txt,24,-25.0,1,418.000,0.1009,0.1002
kp25 run1.txt,24,-25.0,1,419.000,0.1020,0.1002
kp25 run1.txt,24,-25.0,1,420.000,0.1020,0.1002
kp25 run1.txt,24,-25.0,1,421.000,0.1035,0.1002
kp25 run1.txt,24,-25.0,1,422.000,0.0874,0.1002
kp25 run1.txt,24,-25.0,1,423.000,0.0871,0.1002
kp25 run1.txt,24,-25.0,1,424.000,0.0991,0.1002
kp25 run1.txt,24,-25.0,1,425.000,0.0991,0.1002
kp25 run1.txt,24,-25.0,1,426.000,0.1035,0.1002
kp25 run1.txt,24,-25.0,1,427.000,0.1079,0.1002
kp25 run1.txt,24,-25.0,1,428.000,0.1006,0.1002
kp25 run1.txt,24,-25.0,1,429.000,0.1006,0.1002
kp25 run1.txt,24,-25.0,1,430.000,0.1017,0.1002
kp25 run1.txt,24,-25.0,1,431.000,0.1013,0.1002
kp25 run1.txt,24,-25.0,1,432.000,0.1006,0.1002
kp25 run1.txt,24,-25.0,1,433.000,0.1057,0.1002
kp25 run1.txt,24,-25.0,1,434.000,0.0984,0.1002
kp25 run1.txt,24,-25.0,1,435.000,0.0998,0.1002
kp25 run1.txt,24,-25.0,1,436.000,0.0962,0.1002
kp25 run1.txt,24,-25.0,1,437.000,0.0991,0.1002
kp25 run1.txt,24,-25.0,1,438.000,0.0998,0.1002
kp25 run1.txt,24,-25.0,1,439.000,0.1013,0.1002
kp25 run1.txt,24,-25.0,1,440.000,0.0889,0.1002
kp25 run1.txt,24,-25.0,1,441.000,0.0929,0.1002
kp25 run1.txt,24,-25.0,1,442.000,0.1002,0.1002
kp25 run1.txt,24,-25.0,1,443.000,0.1006,0.1002
kp25 run1.txt,24,-25.0,1,444.000,0.1057,0.1002
kp25 run1.txt,24,-25.0,1,445.000,0.0907,0.1002
kp25 run1.txt,24,-25.0,1,446.000,0.1020,0.1002
kp25 run1.txt,24,-25.0,1,447.000,0.0987,0.1002
kp25 run1.txt,24,-25.0,1,448.000,0.1006,0.1002
kp25 run1.txt,24,-25.0,1,449.000,0.1009,0.1002
kp25 run1.txt,24,-25.0,1,450.000,0.0984,0.1002
kp25 run1.txt,24,-25.0,1,451.000,0.1057,0.1002
kp25 run1.txt,24,-25.0,1,452.000,0.1100,0.1002
kp25 run1.txt,24,-25.0,1,453.000,0.1006,0.1002
kp25 run1.txt,24,-25.0,1,454.000,0.1038,0.1002
kp25 run1.txt,24,-25.0,1,455.000,0.1028,0.1002
kp25 run1.txt,24,-25.0,1,456.000,0.1020,0.1002
kp25 run1.txt,24,-25.0,1,457.000,0.0998,0.1002
kp25 run1.txt,24,-25.0,1,458.000,0.0998,0.1002
kp25 run1.txt,24,-25.0,1,459.000,0.1020,0.1002
kp25 run1.txt,24,-25.0,1,460.000,0.0962,0.1002
kp25 run1.txt,24,-25.0,1,461.000,0.0969,0.1002
kp25 run1.txt,24,-25.0,1,462.000,0.1020,0.1002
kp25 run1.txt,24,-25.0,1,463.000,0.0969,0.1002
kp25 run1.txt,24,-25.0,1,464.000,0.0977,0.1002
kp25 run1.txt,24,-25.0,1,465.000,0.0991,0.1002
kp25 run1.txt,24,-25.0,1,466.000,0.0955,0.1002
kp25 run1.txt,24,-25.0,1,467.000,0.0878,0.1002
kp25 run1.txt,24,-25.0,1,468.000,0.0984,0.1002
kp25 run1.txt,24,-25.0,1,469.000,0.0991,0.1002
kp25 run1.txt,24,-25.0,1,470.000,0.1042,0.1002
kp25 run1.txt,24,-25.0,1,471.000,0.0991,0.1002
kp25 run1.txt,24,-25.0,1,472.000,0.0987,0.1002
kp25 run1.txt,24,-25.0,1,473.000,0.1006,0.1002
kp25 run1.txt,24,-25.0,1,474.000,0.0969,0.1002
kp25 run1.txt,24,-25.0,1,475.000,0.0951,0.1002
kp25 run1.txt,24,-25.0,1,476.000,0.1006,0.1002
kp25 run1.txt,24,-25.0,1,477.000,0.0998,0.1002
kp25 run1.txt,24,-25.0,1,478.000,0.0977,0.1002
kp25 run1.txt,24,-25.0,1,479.000,0.0984,0.1002
kp25 run1.txt,24,-25.0,1,480.000,0.0991,0.1002
kp25 run1.txt,24,-25.0,1,481.000,0.0991,0.1002
kp25 run1.txt,24,-25.0,1,482.000,0.1006,0.1002
kp25 run1.txt,24,-25.0,1,483.000,0.0958,0.1002
kp25 run1.txt,24,-25.0,1,484.000,0.0977,0.1002
kp25 run1.txt,24,-25.0,1,485.000,0.1090,0.1002
kp25 run1.txt,24,-25.0,1,486.006,0.0925,0.1002
kp25 run1.txt,24,-25.0,1,487.000,0.0980,0.1002
kp25 run1.txt,24,-25.0,1,488.000,0.0987,0.1002
kp25 run1.txt,24,-25.0,1,489.000,0.0984,0.1002
kp25 run1.txt,24,-25.0,1,490.000,0.1071,0.1002
kp25 run1.txt,24,-25.0,1,491.000,0.1049,0.1002
kp25 run1.txt,24,-25.0,1,492.000,0.0984,0.1002
kp25 run1.txt,24,-25.0,1,493.000,0.0984,0.1002
kp25 run1.txt,24,-25.0,1,494.000,0.0998,0.1002
kp25 run1.txt,24,-25.0,1,495.000,0.0977,0.1002
kp25 run1.txt,24,-25.0,1,496.000,0.0991,0.1002
kp25 run1.txt,24,-25.0,1,497.000,0.0991,0.1002
kp25 run1.txt,24,-25.0,1,498.000,0.0987,0.1002
kp25 run1.txt,24,-25.0,1,499.000,0.1020,0.1002
kp25 run1.txt,24,-25.0,1,500.000,0.1028,0.1002
kp25 run1.txt,24,-25.0,1,501.000,0.0980,0.1002
kp25 run1.txt,24,-25.0,1,502.000,0.0987,0.1002
kp25 run1.txt,24,-25.0,1,503.000,0.1042,0.1002
kp25 run1.txt,24,-25.0,1,504.000,0.1006,0.1002
kp25 run1.txt,24,-25.0,1,505.000,0.0991,0.1002
kp25 run1.txt,24,-25.0,1,506.000,0.0987,0.1002
kp25 run1.txt,24,-25.0,1,507.000,0.0991,0.1002
kp25 run1.txt,24,-25.0,1,508.000,0.0918,0.1002
kp25 run1.txt,24,-25.0,1,509.000,0.0980,0.1002
kp25 run1.txt,24,-25.0,1,510.000,0.0998,0.1002
kp25 run1.txt,24,-25.0,1,511.000,0.0980,0.1002
kp25 run1.txt,24,-25.0,1,512.000,0.1006,0.1002
kp25 run1.txt,24,-25.0,1,513.000,0.1017,0.1002
kp25 run1.txt,24,-25.0,1,514.000,0.0991,0.1002
kp25 run1.txt,24,-25.0,1,515.000,0.0984,0.1002
kp25 run1.txt,24,-25.0,1,516.000,0.0991,0.1002
kp25 run1.txt,24,-25.0,1,517.000,0.1006,0.1002
kp25 run1.txt,24,-25.0,1,518.000,0.1013,0.1002
kp25 run1.txt,24,-25.0,1,519.000,0.0995,0.1002
kp25 run1.txt,24,-25.0,1,520.000,0.0998,0.1002
kp25 run1.txt,24,-25.0,1,521.000,0.0977,0.1002
kp25 run1.txt,24,-25.0,1,522.000,0.0998,0.1002
kp25 run1.txt,24,-25.0,1,523.000,0.0991,0.1002
kp25 run1.txt,24,-25.0,1,524.000,0.0980,0.1002
kp25 run1.txt,24,-25.0,1,525.000,0.0991,0.1002
kp25 run1.txt,24,-25.0,1,526.000,0.0984,0.1002
kp25 run1.txt,24,-25.0,1,527.000,0.1009,0.1002
kp25 run1.txt,24,-25.0,1,528.000,0.1028,0.1002
kp25 run1.txt,24,-25.0,1,529.000,0.0991,0.1002
kp25 run1.txt,24,-25.0,1,530.000,0.1006,0.1002
kp25 run1.txt,24,-25.0,1,531.000,0.0980,0.1002
kp25 run1.txt,24,-25.0,1,532.000,0.0969,0.1002
kp25 run1.txt,24,-25.0,1,533.000,0.0987,0.1002
kp25 run1.txt,24,-25.0,1,534.000,0.0998,0.1002
kp25 run1.txt,24,-25.0,1,535.000,0.0933,0.1002
kp25 run1.txt,24,-25.0,1,536.000,0.0969,0.1002
kp25 run1.txt,24,-25.0,1,537.000,0.0991,0.1002
kp25 run1.txt,24,-25.0,1,538.000,0.1006,0.1002
kp25 run1.txt,24,-25.0,1,539.000,0.0977,0.1002
kp25 run1.txt,24,-25.0,1,540.000,0.0998,0.1002
kp25 run1.txt,24,-25.0,1,541.000,0.0991,0.1002
kp25 run1.txt,24,-25.0,1,542.000,0.1017,0.1002
kp25 run1.txt,24,-25.0,1,543.000,0.0987,0.1002
kp25 run1.txt,24,-25.0,1,544.000,0.0998,0.1002
kp25 run1.txt,24,-25.0,1,545.000,0.0984,0.1002
kp25 run1.txt,24,-25.0,1,546.000,0.0995,0.1002
kp25 run1.txt,24,-25.0,1,547.000,0.0998,0.1002
kp25 run1.txt,24,-25.0,1,548.000,0.1031,0.1002
kp25 run1.txt,24,-25.0,1,549.000,0.1028,0.1002
kp25 run1.txt,24,-25.0,1,550.000,0.0995,0.1002
kp25 run1.txt,24,-25.0,1,551.000,0.1006,0.1002
kp25 run1.txt,24,-25.0,1,552.000,0.1006,0.1002
kp25 run1.txt,24,-25.0,1,553.000,0.1049,0.1002
kp25 run1.txt,24,-25.0,1,554.000,0.0998,0.1002
kp25 run1.txt,24,-25.0,1,555.000,0.1017,0.1002
kp25 run1.txt,24,-25.0,1,556.000,0.1006,0.1002
kp25 run1.txt,24,-25.0,1,557.000,0.1028,0.1002
kp25 run1.txt,24,-25.0,1,558.000,0.1020,0.1002
kp25 run1.txt,24,-25.0,1,559.000,0.0987,0.1002
kp25 run1.txt,24,-25.0,1,560.000,0.0998,0.1002
kp25 run1.txt,24,-25.0,1,561.000,0.0998,0.1002
kp25 run1.txt,24,-25.0,1,562.000,0.1006,0.1002
kp25 run1.txt,24,-25.0,1,563.000,0.1020,0.1002
kp25 run1.txt,24,-25.0,1,564.000,0.1130,0.1002
kp25 run1.txt,24,-25.0,1,565.000,0.1006,0.1002
kp25 run1.txt,24,-25.0,1,566.000,0.1006,0.1002
kp25 run1.txt,24,-25.0,1,567.000,0.0984,0.1002
kp25 run1.txt,24,-25.0,1,568.000,0.0984,0.1002
kp25 run1.txt,24,-25.0,1,569.000,0.0973,0.1002
kp25 run1.txt,24,-25.0,1,570.000,0.0984,0.1002
kp25 run1.txt,24,-25.0,1,571.000,0.1020,0.1002
kp25 run1.txt,24,-25.0,1,572.000,0.1017,0.1002
kp25 run1.txt,24,-25.0,1,573.000,0.0987,0.1002
kp25 run1.txt,24,-25.0,1,574.000,0.1024,0.1002
kp25 run1.txt,24,-25.0,1,575.000,0.1020,0.1002
kp25 run1.txt,24,-25.0,1,576.000,0.1017,0.1002
kp25 run1.txt,24,-25.0,1,577.000,0.0955,0.1002
kp25 run1.txt,24,-25.0,1,578.000,0.1020,0.1002
kp25 run1.txt,24,-25.0,1,579.000,0.0958,0.1002
kp25 run1.txt,24,-25.0,1,580.000,0.1042,0.1002
kp25 run1.txt,24,-25.0,1,581.000,0.0998,0.1002
kp25 run1.txt,24,-25.0,1,582.000,0.0977,0.1002
kp25 run1.txt,24,-25.0,1,583.000,0.1017,0.1002
kp25 run1.txt,24,-25.0,1,584.000,0.0991,0.1002
kp25 run1.txt,24,-25.0,1,585.000,0.1020,0.1002
kp25 run1.txt,24,-25.0,1,586.000,0.1020,0.1002
kp25 run1.txt,24,-25.0,1,587.000,0.1049,0.1002
kp25 run1.txt,24,-25.0,1,588.000,0.0991,0.1002
kp25 run1.txt,24,-25.0,1,589.000,0.1042,0.1002
kp25 run1.txt,24,-25.0,1,590.000,0.0969,0.1002
kp25 run1.txt,24,-25.0,1,591.000,0.1013,0.1002
kp25 run1.txt,24,-25.0,1,592.000,0.1046,0.1002
kp25 run1.txt,24,-25.0,1,593.000,0.1100,0.1002
kp25 run1.txt,24,-25.0,1,594.000,0.1013,0.1002
kp25 run1.txt,24,-25.0,1,595.000,0.1020,0.1002
kp25 run1.txt,24,-25.0,1,596.000,0.1006,0.1002
kp25 run1.txt,24,-25.0,1,597.000,0.1017,0.1002
kp25 run1.txt,24,-25.0,1,598.000,0.1006,0.1002
kp25 run1.txt,24,-25.0,1,599.000,0.1042,0.1002
kp25 run1.txt,25,-25.0,-1,0.000,0.0995,0.1007
kp25 run1.txt,25,-25.0,-1,1.000,0.1020,0.1007
kp25 run1.txt,25,-25.0,-1,2.000,0.1006,0.1004
kp25 run1.txt,25,-25.0,-1,3.000,0.0991,0.0997
kp25 run1.txt,25,-25.0,-1,4.000,0.1042,0.0986
kp25 run1.txt,25,-25.0,-1,5.000,0.0958,0.0971
kp25 run1.txt,25,-25.0,-1,6.000,0.0958,0.0953
kp25 run1.txt,25,-25.0,-1,7.000,0.0955,0.0931
kp25 run1.txt,25,-25.0,-1,8.000,0.0838,0.0907
kp25 run1.txt,25,-25.0,-1,9.000,0.0882,0.0879
kp25 run1.txt,25,-25.0,-1,10.032,0.0882,0.0847
kp25 run1.txt,25,-25.0,-1,11.000,0.0845,0.0815
kp25 run1.txt,25,-25.0,-1,12.000,0.0809,0.0780
kp25 run1.txt,25,-25.0,-1,13.000,0.0736,0.0742
kp25 run1.txt,25,-25.0,-1,14.000,0.0721,0.0703
kp25 run1.txt,25,-25.0,-1,15.000,0.0670,0.0661
kp25 run1.txt,25,-25.0,-1,16.000,0.0597,0.0618
kp25 run1.txt,25,-25.0,-1,17.000,0.0590,0.0574
kp25 run1.txt,25,-25.0,-1,18.000,0.0532,0.0528
kp25 run1.txt,25,-25.0,-1,19.000,0.0495,0.0481
kp25 run1.txt,25,-25.0,-1,20.000,0.0433,0.0433
kp25 run1.txt,25,-25.0,-1,21.000,0.0517,0.0384
kp25 run1.txt,25,-25.0,-1,22.000,0.0357,0.0334
kp25 run1.txt,25,-25.0,-1,23.000,0.0299,0.0284
kp25 run1.txt,25,-25.0,-1,24.000,0.0262,0.0233
kp25 run1.txt,25,-25.0,-1,25.000,0.0459,0.0182
kp25 run1.txt,25,-25.0,-1,26.000,0.0153,0.0130
kp25 run1.txt,25,-25.0,-1,27.000,0.0171,0.0079
kp25 run1.txt,25,-25.0,-1,28.000,0.0065,0.0027
kp25 run1.txt,25,-25.0,-1,29.000,0.0051,-0.0024
kp25 run1.txt,25,-25.0,-1,30.000,-0.0030,-0.0075
kp25 run1.txt,25,-25.0,-1,31.000,-0.0139,-0.0126
kp25 run1.txt,25,-25.0,-1,32.000,-0.0153,-0.0176
kp25 run1.txt,25,-25.0,-1,33.000,-0.0190,-0.0226
kp25 run1.txt,25,-25.0,-1,34.000,-0.0248,-0.0275
kp25 run1.txt,25,-25.0,-1,35.000,-0.0292,-0.0323
kp25 run1.txt,25,-25.0,-1,36.000,-0.0354,-0.0371
kp25 run1.txt,25,-25.0,-1,37.000,-0.0398,-0.0418
kp25 run1.txt,25,-25.0,-1,38.000,-0.0441,-0.0464
kp25 run1.txt,25,-25.0,-1,39.000,-0.0496,-0.0509
kp25 run1.txt,25,-25.0,-1,40.000,-0.0533,-0.0553
kp25 run1.txt,25,-25.0,-1,41.000,-0.0591,-0.0596
kp25 run1.txt,25,-25.0,-1,42.000,-0.0664,-0.0638
kp25 run1.txt,25,-25.0,-1,43.000,-0.0671,-0.0679
kp25 run1.txt,25,-25.0,-1,44.000,-0.0675,-0.0719
kp25 run1.txt,25,-25.0,-1,45.000,-0.0751,-0.0757
kp25 run1.txt,25,-25.0,-1,46.000,-0.0773,-0.0794
kp25 run1.txt,25,-25.0,-1,47.000,-0.0832,-0.0830
kp25 run1.txt,25,-25.0,-1,48.000,-0.0864,-0.0865
kp25 run1.txt,25,-25.0,-1,49.000,-0.0937,-0.0899
kp25 run1.txt,25,-25.0,-1,50.000,-0.1021,-0.0931
kp25 run1.txt,25,-25.0,-1,51.000,-0.0970,-0.0962
kp25 run1.txt,25,-25.0,-1,52.000,-0.1014,-0.0991
kp25 run1.txt,25,-25.0,-1,53.000,-0.1072,-0.1020
kp25 run1.txt,25,-25.0,-1,54.000,-0.1083,-0.1047
kp25 run1.txt,25,-25.0,-1,55.000,-0.1065,-0.1072
kp25 run1.txt,25,-25.0,-1,56.000,-0.1072,-0.1097
kp25 run1.txt,25,-25.0,-1,57.000,-0.0948,-0.1120
kp25 run1.txt,25,-25.0,-1,58.000,-0.1196,-0.1141
kp25 run1.txt,25,-25.0,-1,59.000,-0.1200,-0.1162
kp25 run1.txt,25,-25.0,-1,60.000,-0.1203,-0.1181
kp25 run1.txt,25,-25.0,-1,61.000,-0.1240,-0.1199
kp25 run1.txt,25,-25.0,-1,62.000,-0.1349,-0.1216
kp25 run1.txt,25,-25.0,-1,63.000,-0.1254,-0.1231
kp25 run1.txt,25,-25.0,-1,64.000,-0.1302,-0.1245
kp25 run1.txt,25,-25.0,-1,65.000,-0.1324,-0.1259
kp25 run1.txt,25,-25.0,-1,66.000,-0.1378,-0.1271
kp25 run1.txt,25,-25.0,-1,67.000,-0.1269,-0.1281
kp25 run1.txt,25,-25.0,-1,68.000,-0.1335,-0.1291
kp25 run1.txt,25,-25.0,-1,69.000,-0.1349,-0.1300
kp25 run1.txt,25,-25.0,-1,70.000,-0.1342,-0.1308
kp25 run1.txt,25,-25.0,-1,71.000,-0.1342,-0.1314
kp25 run1.txt,25,-25.0,-1,72.000,-0.1345,-0.1320
kp25 run1.txt,25,-25.0,-1,73.000,-0.1360,-0.1325
kp25 run1.txt,25,-25.0,-1,74.000,-0.1364,-0.1329
kp25 run1.txt,25,-25.0,-1,75.000,-0.1364,-0.1332
kp25 run1.txt,25,-25.0,-1,76.000,-0.1364,-0.1334
kp25 run1.txt,25,-25.0,-1,77.000,-0.1291,-0.1335
kp25 run1.txt,25,-25.0,-1,78.000,-0.1371,-0.1336
kp25 run1.txt,25,-25.0,-1,79.000,-0.1349,-0.1336
kp25 run1.txt,25,-25.0,-1,80.000,-0.1371,-0.1335
kp25 run1.txt,25,-25.0,-1,81.000,-0.1364,-0.1333
kp25 run1.txt,25,-25.0,-1,82.000,-0.1356,-0.1331
kp25 run1.txt,25,-25.0,-1,83.000,-0.1342,-0.1329
kp25 run1.txt,25,-25.0,-1,84.000,-0.1313,-0.1325
kp25 run1.txt,25,-25.0,-1,85.000,-0.1371,-0.1321
kp25 run1.txt,25,-25.0,-1,86.000,-0.1364,-0.1317
kp25 run1.txt,25,-25.0,-1,87.000,-0.1335,-0.1312
kp25 run1.txt,25,-25.0,-1,88.000,-0.1342,-0.1307
kp25 run1.txt,25,-25.0,-1,89.000,-0.1171,-0.1301
kp25 run1.txt,25,-25.0,-1,90.000,-0.1087,-0.1295
kp25 run1.txt,25,-25.0,-1,91.000,-0.1455,-0.1289
kp25 run1.txt,25,-25.0,-1,92.000,-0.1313,-0.1282
kp25 run1.txt,25,-25.0,-1,93.000,-0.1298,-0.1275
kp25 run1.txt,25,-25.0,-1,94.000,-0.1305,-0.1268
kp25 run1.txt,25,-25.0,-1,95.000,-0.1298,-0.1260
kp25 run1.txt,25,-25.0,-1,96.000,-0.1422,-0.1252
kp25 run1.txt,25,-25.0,-1,97.000,-0.1138,-0.1244
kp25 run1.txt,25,-25.0,-1,98.000,-0.1254,-0.1236
kp25 run1.txt,25,-25.0,-1,99.000,-0.1240,-0.1228
kp25 run1.txt,25,-25.0,-1,100.000,-0.1240,-0.1220
kp25 run1.txt,25,-25.0,-1,101.000,-0.1218,-0.1211
kp25 run1.txt,25,-25.0,-1,102.000,-0.1189,-0.1203
kp25 run1.txt,25,-25.0,-1,103.000,-0.1189,-0.1194
kp25 run1.txt,25,-25.0,-1,104.000,-0.1167,-0.1186
kp25 run1.txt,25,-25.0,-1,105.000,-0.1178,-0.1177
kp25 run1.txt,25,-25.0,-1,106.000,-0.1130,-0.1169
kp25 run1.txt,25,-25.0,-1,107.000,-0.1160,-0.1160
kp25 run1.txt,25,-25.0,-1,108.000,-0.1138,-0.1152
kp25 run1.txt,25,-25.0,-1,109.000,-0.1160,-0.1143
kp25 run1.txt,25,-25.0,-1,110.000,-0.1101,-0.1135
kp25 run1.txt,25,-25.0,-1,111.000,-0.1109,-0.1127
kp25 run1.txt,25,-25.0,-1,112.000,-0.1123,-0.1119
kp25 run1.txt,25,-25.0,-1,113.000,-0.1087,-0.1111
kp25 run1.txt,25,-25.0,-1,114.000,-0.1058,-0.1103
kp25 run1.txt,25,-25.0,-1,115.000,-0.1065,-0.1095
kp25 run1.txt,25,-25.0,-1,116.000,-0.1065,-0.1087
kp25 run1.txt,25,-25.0,-1,117.000,-0.1050,-0.1080
kp25 run1.txt,25,-25.0,-1,118.000,-0.1043,-0.1073
kp25 run1.txt,25,-25.0,-1,119.000,-0.1021,-0.1066
kp25 run1.txt,25,-25.0,-1,120.000,-0.1006,-0.1059
kp25 run1.txt,25,-25.0,-1,121.000,-0.1065,-0.1052
kp25 run1.txt,25,-25.0,-1,122.000,-0.0934,-0.1046
kp25 run1.txt,25,-25.0,-1,123.000,-0.1014,-0.1039
kp25 run1.txt,25,-25.0,-1,124.000,-0.0955,-0.1033
kp25 run1.txt,25,-25.0,-1,125.000,-0.0992,-0.1027
kp25 run1.txt,25,-25.0,-1,126.000,-0.1050,-0.1022
kp25 run1.txt,25,-25.0,-1,127.000,-0.0963,-0.1016
kp25 run1.txt,25,-25.0,-1,128.000,-0.0941,-0.1011
kp25 run1.txt,25,-25.0,-1,129.000,-0.0955,-0.1006
kp25 run1.txt,25,-25.0,-1,130.000,-0.1006,-0.1001
kp25 run1.txt,25,-25.0,-1,131.000,-0.0821,-0.0996
kp25 run1.txt,25,-25.0,-1,132.000,-0.0955,-0.0992
kp25 run1.txt,25,-25.0,-1,133.000,-0.0934,-0.0988
kp25 run1.txt,25,-25.0,-1,134.000,-0.0948,-0.0984
kp25 run1.txt,25,-25.0,-1,135.000,-0.0948,-0.0980
kp25 run1.txt,25,-25.0,-1,136.000,-0.0948,-0.0977
kp25 run1.txt,25,-25.0,-1,137.000,-0.0828,-0.0973
kp25 run1.txt,25,-25.0,-1,138.000,-0.0934,-0.0970
kp25 run1.txt,25,-25.0,-1,139.000,-0.0955,-0.0967
kp25 run1.txt,25,-25.0,-1,140.000,-0.0934,-0.0965
kp25 run1.txt,25,-25.0,-1,141.000,-0.0934,-0.0962
kp25 run1.txt,25,-25.0,-1,142.000,-0.0897,-0.0960
kp25 run1.txt,25,-25.0,-1,143.000,-0.0934,-0.0958
kp25 run1.txt,25,-25.0,-1,144.000,-0.0934,-0.0956
kp25 run1.txt,25,-25.0,-1,145.000,-0.0934,-0.0954
kp25 run1.txt,25,-25.0,-1,146.000,-0.0948,-0.0953
kp25 run1.txt,25,-25.0,-1,147.000,-0.0937,-0.0951
kp25 run1.txt,25,-25.0,-1,148.000,-0.0904,-0.0950
kp25 run1.txt,25,-25.0,-1,149.000,-0.0934,-0.0949
kp25 run1.txt,25,-25.0,-1,150.000,-0.0934,-0.0948
kp25 run1.txt,25,-25.0,-1,151.000,-0.0875,-0.0948
kp25 run1.txt,25,-25.0,-1,152.000,-0.0926,-0.0947
kp25 run1.txt,25,-25.0,-1,153.000,-0.0985,-0.0947
kp25 run1.txt,25,-25.0,-1,154.000,-0.1036,-0.0946
kp25 run1.txt,25,-25.0,-1,155.000,-0.0926,-0.0946
kp25 run1.txt,25,-25.0,-1,156.000,-0.0934,-0.0946
kp25 run1.txt,25,-25.0,-1,157.000,-0.0941,-0.0946
kp25 run1.txt,25,-25.0,-1,158.000,-0.0937,-0.0946
kp25 run1.txt,25,-25.0,-1,159.000,-0.0966,-0.0947
kp25 run1.txt,25,-25.0,-1,160.000,-0.0861,-0.0947
kp25 run1.txt,25,-25.0,-1,161.000,-0.0937,-0.0948
kp25 run1.txt,25,-25.0,-1,162.000,-0.0948,-0.0948
kp25 run1.txt,25,-25.0,-1,163.000,-0.0948,-0.0949
kp25 run1.txt,25,-25.0,-1,164.000,-0.0963,-0.0950
kp25 run1.txt,25,-25.0,-1,165.000,-0.0963,-0.0950
kp25 run1.txt,25,-25.0,-1,166.000,-0.0941,-0.0951
kp25 run1.txt,25,-25.0,-1,167.000,-0.0948,-0.0952
kp25 run1.txt,25,-25.0,-1,168.000,-0.0966,-0.0953
kp25 run1.txt,25,-25.0,-1,169.000,-0.0985,-0.0955
kp25 run1.txt,25,-25.0,-1,170.000,-0.1043,-0.0956
kp25 run1.txt,25,-25.0,-1,171.000,-0.0970,-0.0957
kp25 run1.txt,25,-25.0,-1,172.000,-0.0985,-0.0958
kp25 run1.txt,25,-25.0,-1,173.000,-0.0977,-0.0959
kp25 run1.txt,25,-25.0,-1,174.000,-0.0926,-0.0961
kp25 run1.txt,25,-25.0,-1,175.000,-0.0992,-0.0962
kp25 run1.txt,25,-25.0,-1,176.000,-0.0992,-0.0963
kp25 run1.txt,25,-25.0,-1,177.000,-0.1006,-0.0965
kp25 run1.txt,25,-25.0,-1,178.000,-0.0883,-0.0966
kp25 run1.txt,25,-25.0,-1,179.000,-0.0999,-0.0968
kp25 run1.txt,25,-25.0,-1,180.000,-0.1006,-0.0969
kp25 run1.txt,25,-25.0,-1,181.000,-0.1043,-0.0970
kp25 run1.txt,25,-25.0,-1,182.000,-0.0992,-0.0972
kp25 run1.txt,25,-25.0,-1,183.000,-0.1014,-0.0973
kp25 run1.txt,25,-25.0,-1,184.000,-0.0912,-0.0975
kp25 run1.txt,25,-25.0,-1,185.000,-0.1006,-0.0976
kp25 run1.txt,25,-25.0,-1,186.000,-0.1025,-0.0977
kp25 run1.txt,25,-25.0,-1,187.000,-0.1021,-0.0979
kp25 run1.txt,25,-25.0,-1,188.000,-0.1050,-0.0980
kp25 run1.txt,25,-25.0,-1,189.000,-0.1036,-0.0982
kp25 run1.txt,25,-25.0,-1,190.000,-0.1036,-0.0983
kp25 run1.txt,25,-25.0,-1,191.000,-0.1025,-0.0984
kp25 run1.txt,25,-25.0,-1,192.000,-0.1003,-0.0986
kp25 run1.txt,25,-25.0,-1,193.000,-0.1025,-0.0987
kp25 run1.txt,25,-25.0,-1,194.000,-0.1021,-0.0988
kp25 run1.txt,25,-25.0,-1,195.000,-0.0992,-0.0989
kp25 run1.txt,25,-25.0,-1,196.000,-0.1036,-0.0991
kp25 run1.txt,25,-25.0,-1,197.000,-0.1006,-0.0992
kp25 run1.txt,25,-25.0,-1,198.000,-0.1014,-0.0993
kp25 run1.txt,25,-25.0,-1,199.000,-0.1014,-0.0994
kp25 run1.txt,25,-25.0,-1,200.000,-0.1014,-0.0995
kp25 run1.txt,25,-25.0,-1,201.000,-0.1006,-0.0996
kp25 run1.txt,25,-25.0,-1,202.000,-0.1014,-0.0997
kp25 run1.txt,25,-25.0,-1,203.000,-0.1021,-0.0998
kp25 run1.txt,25,-25.0,-1,204.000,-0.0992,-0.0999
kp25 run1.txt,25,-25.0,-1,205.000,-0.1021,-0.1000
kp25 run1.txt,25,-25.0,-1,206.000,-0.1010,-0.1001
kp25 run1.txt,25,-25.0,-1,207.000,-0.1025,-0.1001
kp25 run1.txt,25,-25.0,-1,208.000,-0.1079,-0.1002
kp25 run1.txt,25,-25.0,-1,209.000,-0.1036,-0.1003
kp25 run1.txt,25,-25.0,-1,210.000,-0.1072,-0.1004
kp25 run1.txt,25,-25.0,-1,211.000,-0.1021,-0.1004
kp25 run1.txt,25,-25.0,-1,212.000,-0.1014,-0.1005
kp25 run1.txt,25,-25.0,-1,213.000,-0.1043,-0.1006
kp25 run1.txt,25,-25.0,-1,214.000,-0.1014,-0.1006
kp25 run1.txt,25,-25.0,-1,215.000,-0.1028,-0.1007
kp25 run1.txt,25,-25.0,-1,216.000,-0.1006,-0.1007
kp25 run1.txt,25,-25.0,-1,217.000,-0.1021,-0.1008
kp25 run1.txt,25,-25.0,-1,218.000,-0.1043,-0.1008
kp25 run1.txt,25,-25.0,-1,219.000,-0.1021,-0.1008
kp25 run1.txt,25,-25.0,-1,220.000,-0.1028,-0.1009
kp25 run1.txt,25,-25.0,-1,221.000,-0.1021,-0.1009
kp25 run1.txt,25,-25.0,-1,222.000,-0.1021,-0.1009
kp25 run1.txt,25,-25.0,-1,223.000,-0.1021,-0.1010
kp25 run1.txt,25,-25.0,-1,224.000,-0.1050,-0.1010
kp25 run1.txt,25,-25.0,-1,225.000,-0.1025,-0.1010
kp25 run1.txt,25,-25.0,-1,226.000,-0.1006,-0.1010
kp25 run1.txt,25,-25.0,-1,227.000,-0.1014,-0.1011
kp25 run1.txt,25,-25.0,-1,228.000,-0.1036,-0.1011
kp25 run1.txt,25,-25.0,-1,229.000,-0.1014,-0.1011
kp25 run1.txt,25,-25.0,-1,230.000,-0.0992,-0.1011
kp25 run1.txt,25,-25.0,-1,231.000,-0.1058,-0.1011
kp25 run1.txt,25,-25.0,-1,232.000,-0.1003,-0.1011
kp25 run1.txt,25,-25.0,-1,233.000,-0.1021,-0.1011
kp25 run1.txt,25,-25.0,-1,234.000,-0.0981,-0.1011
kp25 run1.txt,25,-25.0,-1,235.000,-0.0992,-0.1011
kp25 run1.txt,25,-25.0,-1,236.000,-0.0974,-0.1011
kp25 run1.txt,25,-25.0,-1,237.000,-0.1014,-0.1011
kp25 run1.txt,25,-25.0,-1,238.000,-0.1006,-0.1011
kp25 run1.txt,25,-25.0,-1,239.000,-0.0992,-0.1011
kp25 run1.txt,25,-25.0,-1,240.000,-0.0992,-0.1011
kp25 run1.txt,25,-25.0,-1,241.000,-0.0992,-0.1010
kp25 run1.txt,25,-25.0,-1,242.000,-0.0985,-0.1010
kp25 run1.txt,25,-25.0,-1,243.000,-0.0985,-0.1010
kp25 run1.txt,25,-25.0,-1,244.000,-0.0966,-0.1010
kp25 run1.txt,25,-25.0,-1,245.000,-0.0977,-0.1010
kp25 run1.txt,25,-25.0,-1,246.000,-0.0934,-0.1010
kp25 run1.txt,25,-25.0,-1,247.000,-0.0897,-0.1009
kp25 run1.txt,25,-25.0,-1,248.000,-0.0977,-0.1009
kp25 run1.txt,25,-25.0,-1,249.000,-0.0897,-0.1009
kp25 run1.txt,25,-25.0,-1,250.000,-0.1021,-0.1009
kp25 run1.txt,25,-25.0,-1,251.000,-0.0992,-0.1009
kp25 run1.txt,25,-25.0,-1,252.000,-0.0879,-0.1008
kp25 run1.txt,25,-25.0,-1,253.000,-0.0992,-0.1008
kp25 run1.txt,25,-25.0,-1,254.000,-0.1014,-0.1008
kp25 run1.txt,25,-25.0,-1,255.000,-0.0985,-0.1008
kp25 run1.txt,25,-25.0,-1,256.000,-0.1025,-0.1008
kp25 run1.txt,25,-25.0,-1,257.000,-0.0948,-0.1007
kp25 run1.txt,25,-25.0,-1,258.000,-0.0985,-0.1007
kp25 run1.txt,25,-25.0,-1,259.000,-0.0985,-0.1007
kp25 run1.txt,25,-25.0,-1,260.000,-0.0992,-0.1007
kp25 run1.txt,25,-25.0,-1,261.000,-0.0977,-0.1006
kp25 run1.txt,25,-25.0,-1,262.000,-0.0999,-0.1006
kp25 run1.txt,25,-25.0,-1,263.000,-0.1141,-0.1006
kp25 run1.txt,25,-25.0,-1,264.000,-0.0970,-0.1006
kp25 run1.txt,25,-25.0,-1,265.000,-0.0985,-0.1005
kp25 run1.txt,25,-25.0,-1,266.000,-0.1006,-0.1005
kp25 run1.txt,25,-25.0,-1,267.000,-0.0985,-0.1005
kp25 run1.txt,25,-25.0,-1,268.000,-0.1006,-0.1005
kp25 run1.txt,25,-25.0,-1,269.000,-0.0988,-0.1005
kp25 run1.txt,25,-25.0,-1,270.000,-0.0963,-0.1004
kp25 run1.txt,25,-25.0,-1,271.000,-0.0977,-0.1004
kp25 run1.txt,25,-25.0,-1,272.000,-0.0992,-0.1004
kp25 run1.txt,25,-25.0,-1,273.000,-0.1006,-0.1004
kp25 run1.txt,25,-25.0,-1,274.000,-0.0992,-0.1003
kp25 run1.txt,25,-25.0,-1,275.000,-0.0981,-0.1003
kp25 run1.txt,25,-25.0,-1,276.000,-0.0992,-0.1003
kp25 run1.txt,25,-25.0,-1,277.000,-0.0985,-0.1003
kp25 run1.txt,25,-25.0,-1,278.000,-0.0985,-0.1003
kp25 run1.txt,25,-25.0,-1,279.000,-0.0985,-0.1003
kp25 run1.txt,25,-25.0,-1,280.000,-0.0999,-0.1002
kp25 run1.txt,25,-25.0,-1,281.000,-0.1021,-0.1002
kp25 run1.txt,25,-25.0,-1,282.000,-0.0966,-0.1002
kp25 run1.txt,25,-25.0,-1,283.000,-0.0996,-0.1002
kp25 run1.txt,25,-25.0,-1,284.000,-0.0999,-0.1002
kp25 run1.txt,25,-25.0,-1,285.000,-0.0966,-0.1002
kp25 run1.txt,25,-25.0,-1,286.000,-0.0999,-0.1002
kp25 run1.txt,25,-25.0,-1,287.000,-0.1101,-0.1001
kp25 run1.txt,25,-25.0,-1,288.000,-0.1014,-0.1001
kp25 run1.txt,25,-25.0,-1,289.000,-0.0977,-0.1001
kp25 run1.txt,25,-25.0,-1,290.000,-0.1036,-0.1001
kp25 run1.txt,25,-25.0,-1,291.000,-0.1006,-0.1001
kp25 run1.txt,25,-25.0,-1,292.000,-0.1105,-0.1001
kp25 run1.txt,25,-25.0,-1,293.000,-0.0985,-0.1001
kp25 run1.txt,25,-25.0,-1,294.000,-0.1014,-0.1001
kp25 run1.txt,25,-25.0,-1,295.000,-0.0992,-0.1001
kp25 run1.txt,25,-25.0,-1,296.000,-0.1065,-0.1001
kp25 run1.txt,25,-25.0,-1,297.000,-0.1050,-0.1001
kp25 run1.txt,25,-25.0,-1,298.000,-0.0985,-0.1001
kp25 run1.txt,25,-25.0,-1,299.000,-0.0970,-0.1000
kp25 run1.txt,25,-25.0,-1,300.000,-0.0992,-0.1000
kp25 run1.txt,25,-25.0,-1,301.000,-0.0992,-0.1000
kp25 run1.txt,25,-25.0,-1,302.000,-0.0992,-0.1000
kp25 run1.txt,25,-25.0,-1,303.000,-0.1006,-0.1000
kp25 run1.txt,25,-25.0,-1,304.000,-0.0977,-0.1000
kp25 run1.txt,25,-25.0,-1,305.000,-0.1014,-0.1000
kp25 run1.txt,25,-25.0,-1,306.000,-0.0985,-0.1000
kp25 run1.txt,25,-25.0,-1,307.000,-0.1014,-0.1000
kp25 run1.txt,25,-25.0,-1,308.000,-0.1006,-0.1000
kp25 run1.txt,25,-25.0,-1,309.000,-0.0977,-0.1000
kp25 run1.txt,25,-25.0,-1,310.000,-0.1021,-0.1000
kp25 run1.txt,25,-25.0,-1,311.000,-0.1021,-0.1000
kp25 run1.txt,25,-25.0,-1,312.000,-0.0996,-0.1000
kp25 run1.txt,25,-25.0,-1,313.000,-0.0992,-0.1000
kp25 run1.txt,25,-25.0,-1,314.000,-0.0999,-0.1000
kp25 run1.txt,25,-25.0,-1,315.000,-0.0977,-0.1000
kp25 run1.txt,25,-25.0,-1,316.000,-0.0992,-0.1000
kp25 run1.txt,25,-25.0,-1,317.000,-0.1021,-0.1000
kp25 run1.txt,25,-25.0,-1,318.000,-0.0926,-0.1000
kp25 run1.txt,25,-25.0,-1,319.000,-0.1006,-0.1000
kp25 run1.txt,25,-25.0,-1,320.000,-0.1006,-0.1000
kp25 run1.txt,25,-25.0,-1,321.000,-0.0985,-0.1000
kp25 run1.txt,25,-25.0,-1,322.000,-0.0992,-0.1000
kp25 run1.txt,25,-25.0,-1,323.000,-0.1043,-0.1000
kp25 run1.txt,25,-25.0,-1,324.000,-0.1072,-0.1000
kp25 run1.txt,25,-25.0,-1,325.000,-0.0999,-0.1000
kp25 run1.txt,25,-25.0,-1,326.000,-0.0955,-0.1000
kp25 run1.txt,25,-25.0,-1,327.000,-0.1036,-0.1001
kp25 run1.txt,25,-25.0,-1,328.000,-0.0985,-0.1001
kp25 run1.txt,25,-25.0,-1,329.000,-0.1010,-0.1001
kp25 run1.txt,25,-25.0,-1,330.000,-0.0985,-0.1001
kp25 run1.txt,25,-25.0,-1,331.000,-0.0992,-0.1001
kp25 run1.txt,25,-25.0,-1,332.000,-0.0985,-0.1001
kp25 run1.txt,25,-25.0,-1,333.000,-0.0985,-0.1001
kp25 run1.txt,25,-25.0,-1,334.000,-0.0985,-0.1001
kp25 run1.txt,25,-25.0,-1,335.000,-0.0985,-0.1001
kp25 run1.txt,25,-25.0,-1,336.000,-0.0963,-0.1001
kp25 run1.txt,25,-25.0,-1,337.000,-0.0992,-0.1001
kp25 run1.txt,25,-25.0,-1,338.000,-0.1025,-0.1001
kp25 run1.txt,25,-25.0,-1,339.000,-0.1014,-0.1001
kp25 run1.txt,25,-25.0,-1,340.000,-0.1025,-0.1001
kp25 run1.txt,25,-25.0,-1,341.000,-0.1006,-0.1001
kp25 run1.txt,25,-25.0,-1,342.000,-0.0955,-0.1001
kp25 run1.txt,25,-25.0,-1,343.000,-0.1014,-0.1001
kp25 run1.txt,25,-25.0,-1,344.000,-0.0999,-0.1001
kp25 run1.txt,25,-25.0,-1,345.000,-0.1021,-0.1001
kp25 run1.txt,25,-25.0,-1,346.000,-0.0766,-0.1001
kp25 run1.txt,25,-25.0,-1,347.000,-0.1003,-0.1001
kp25 run1.txt,25,-25.0,-1,348.000,-0.1043,-0.1001
kp25 run1.txt,25,-25.0,-1,349.000,-0.1014,-0.1001
kp25 run1.txt,25,-25.0,-1,350.000,-0.0999,-0.1001
kp25 run1.txt,25,-25.0,-1,351.000,-0.1021,-0.1001
kp25 run1.txt,25,-25.0,-1,352.000,-0.1006,-0.1001
kp25 run1.txt,25,-25.0,-1,353.000,-0.0996,-0.1001
kp25 run1.txt,25,-25.0,-1,354.000,-0.1014,-0.1002
kp25 run1.txt,25,-25.0,-1,355.000,-0.1043,-0.1002
kp25 run1.txt,25,-25.0,-1,356.000,-0.1021,-0.1002
kp25 run1.txt,25,-25.0,-1,357.000,-0.1006,-0.1002
kp25 run1.txt,25,-25.0,-1,358.000,-0.1014,-0.1002
kp25 run1.txt,25,-25.0,-1,359.000,-0.0999,-0.1002
kp25 run1.txt,25,-25.0,-1,360.000,-0.0992,-0.1002
kp25 run1.txt,25,-25.0,-1,361.000,-0.1014,-0.1002
kp25 run1.txt,25,-25.0,-1,362.000,-0.1014,-0.1002
kp25 run1.txt,25,-25.0,-1,363.000,-0.0955,-0.1002
kp25 run1.txt,25,-25.0,-1,364.000,-0.1006,-0.1002
kp25 run1.txt,25,-25.0,-1,365.000,-0.0992,-0.1002
kp25 run1.txt,25,-25.0,-1,366.000,-0.0955,-0.1002
kp25 run1.txt,25,-25.0,-1,367.000,-0.1014,-0.1002
kp25 run1.txt,25,-25.0,-1,368.000,-0.0996,-0.1002
kp25 run1.txt,25,-25.0,-1,369.000,-0.1036,-0.1002
kp25 run1.txt,25,-25.0,-1,370.000,-0.1028,-0.1002
kp25 run1.txt,25,-25.0,-1,371.000,-0.1006,-0.1002
kp25 run1.txt,25,-25.0,-1,372.000,-0.1054,-0.1002
kp25 run1.txt,25,-25.0,-1,373.000,-0.0999,-0.1002
kp25 run1.txt,25,-25.0,-1,374.000,-0.1006,-0.1002
kp25 run1.txt,25,-25.0,-1,375.000,-0.1014,-0.1002
kp25 run1.txt,25,-25.0,-1,376.000,-0.0985,-0.1002
kp25 run1.txt,25,-25.0,-1,377.000,-0.1014,-0.1002
kp25 run1.txt,25,-25.0,-1,378.000,-0.1021,-0.1002
kp25 run1.txt,25,-25.0,-1,379.000,-0.1014,-0.1002
kp25 run1.txt,25,-25.0,-1,380.000,-0.1014,-0.1002
kp25 run1.txt,25,-25.0,-1,381.000,-0.1006,-0.1002
kp25 run1.txt,25,-25.0,-1,382.000,-0.0890,-0.1002
kp25 run1.txt,25,-25.0,-1,383.000,-0.0977,-0.1002
kp25 run1.txt,25,-25.0,-1,384.000,-0.1006,-0.1002
kp25 run1.txt,25,-25.0,-1,385.000,-0.0992,-0.1002
kp25 run1.txt,25,-25.0,-1,386.000,-0.1014,-0.1002
kp25 run1.txt,25,-25.0,-1,387.000,-0.1025,-0.1002
kp25 run1.txt,25,-25.0,-1,388.000,-0.1014,-0.1002
kp25 run1.txt,25,-25.0,-1,389.000,-0.1094,-0.1002
kp25 run1.txt,25,-25.0,-1,390.000,-0.0999,-0.1002
kp25 run1.txt,25,-25.0,-1,391.000,-0.1028,-0.1002
kp25 run1.txt,25,-25.0,-1,392.000,-0.1123,-0.1002
kp25 run1.txt,25,-25.0,-1,393.000,-0.0996,-0.1002
kp25 run1.txt,25,-25.0,-1,394.000,-0.1021,-0.1002
kp25 run1.txt,25,-25.0,-1,395.000,-0.0981,-0.1002
kp25 run1.txt,25,-25.0,-1,396.000,-0.0996,-0.1002
kp25 run1.txt,25,-25.0,-1,397.000,-0.1006,-0.1002
kp25 run1.txt,25,-25.0,-1,398.000,-0.0985,-0.1002
kp25 run1.txt,25,-25.0,-1,399.000,-0.0992,-0.1002
kp25 run1.txt,25,-25.0,-1,400.000,-0.0999,-0.1002
kp25 run1.txt,25,-25.0,-1,401.000,-0.0996,-0.1002
kp25 run1.txt,25,-25.0,-1,402.000,-0.0970,-0.1002
kp25 run1.txt,25,-25.0,-1,403.000,-0.0985,-0.1002
kp25 run1.txt,25,-25.0,-1,404.000,-0.1036,-0.1002
kp25 run1.txt,25,-25.0,-1,405.000,-0.0999,-0.1002
kp25 run1.txt,25,-25.0,-1,406.000,-0.0999,-0.1002
kp25 run1.txt,25,-25.0,-1,407.000,-0.0966,-0.1002
kp25 run1.txt,25,-25.0,-1,408.000,-0.0992,-0.1002
kp25 run1.txt,25,-25.0,-1,409.000,-0.0948,-0.1002
kp25 run1.txt,25,-25.0,-1,410.000,-0.1232,-0.1002
kp25 run1.txt,25,-25.0,-1,411.000,-0.1006,-0.1002
kp25 run1.txt,25,-25.0,-1,412.000,-0.1021,-0.1002
kp25 run1.txt,25,-25.0,-1,413.000,-0.1006,-0.1002
kp25 run1.txt,25,-25.0,-1,414.000,-0.1014,-0.1002
kp25 run1.txt,25,-25.0,-1,415.000,-0.1003,-0.1002
kp25 run1.txt,25,-25.0,-1,416.000,-0.1014,-0.1002
kp25 run1.txt,25,-25.0,-1,417.000,-0.1043,-0.1002
kp25 run1.txt,25,-25.0,-1,418.000,-0.0937,-0.1002
kp25 run1.txt,25,-25.0,-1,419.000,-0.0985,-0.1002
kp25 run1.txt,25,-25.0,-1,420.000,-0.1006,-0.1002
kp25 run1.txt,25,-25.0,-1,421.000,-0.1028,-0.1002
kp25 run1.txt,25,-25.0,-1,422.000,-0.1021,-0.1002
kp25 run1.txt,25,-25.0,-1,423.000,-0.1028,-0.1002
kp25 run1.txt,25,-25.0,-1,424.000,-0.0999,-0.1002
kp25 run1.txt,25,-25.0,-1,425.000,-0.1021,-0.1002
kp25 run1.txt,25,-25.0,-1,426.000,-0.1036,-0.1002
kp25 run1.txt,25,-25.0,-1,427.000,-0.0992,-0.1002
kp25 run1.txt,25,-25.0,-1,428.000,-0.0992,-0.1002
kp25 run1.txt,25,-25.0,-1,429.000,-0.0996,-0.1002
kp25 run1.txt,25,-25.0,-1,430.000,-0.0992,-0.1002
kp25 run1.txt,25,-25.0,-1,431.000,-0.1006,-0.1002
kp25 run1.txt,25,-25.0,-1,432.000,-0.1014,-0.1002
kp25 run1.txt,25,-25.0,-1,433.000,-0.1050,-0.1002
kp25 run1.txt,25,-25.0,-1,434.000,-0.0992,-0.1002
kp25 run1.txt,25,-25.0,-1,435.000,-0.1028,-0.1002
kp25 run1.txt,25,-25.0,-1,436.000,-0.0985,-0.1002
kp25 run1.txt,25,-25.0,-1,437.000,-0.0992,-0.1002
kp25 run1.txt,25,-25.0,-1,438.000,-0.1014,-0.1002
kp25 run1.txt,25,-25.0,-1,439.000,-0.1014,-0.1002
kp25 run1.txt,25,-25.0,-1,440.000,-0.0999,-0.1002
kp25 run1.txt,25,-25.0,-1,441.000,-0.1006,-0.1002
kp25 run1.txt,25,-25.0,-1,442.000,-0.1043,-0.1002
kp25 run1.txt,25,-25.0,-1,443.000,-0.1010,-0.1002
kp25 run1.txt,25,-25.0,-1,444.000,-0.0999,-0.1002
kp25 run1.txt,25,-25.0,-1,445.000,-0.0999,-0.1002
kp25 run1.txt,25,-25.0,-1,446.000,-0.1130,-0.1002
kp25 run1.txt,25,-25.0,-1,447.000,-0.1006,-0.1002
kp25 run1.txt,25,-25.0,-1,448.000,-0.0985,-0.1002
kp25 run1.txt,25,-25.0,-1,449.000,-0.0999,-0.1002
kp25 run1.txt,25,-25.0,-1,450.000,-0.0977,-0.1002
kp25 run1.txt,25,-25.0,-1,451.000,-0.0955,-0.1002
kp25 run1.txt,25,-25.0,-1,452.000,-0.1014,-0.1002
kp25 run1.txt,25,-25.0,-1,453.000,-0.1021,-0.1002
kp25 run1.txt,25,-25.0,-1,454.000,-0.1116,-0.1002
kp25 run1.txt,25,-25.0,-1,455.000,-0.0883,-0.1002
kp25 run1.txt,25,-25.0,-1,456.000,-0.1014,-0.1002
kp25 run1.txt,25,-25.0,-1,457.000,-0.1014,-0.1002
kp25 run1.txt,25,-25.0,-1,458.000,-0.1006,-0.1002
kp25 run1.txt,25,-25.0,-1,459.000,-0.0992,-0.1002
kp25 run1.txt,25,-25.0,-1,460.000,-0.0977,-0.1002
kp25 run1.txt,25,-25.0,-1,461.000,-0.0992,-0.1002
kp25 run1.txt,25,-25.0,-1,462.000,-0.0992,-0.1002
kp25 run1.txt,25,-25.0,-1,463.000,-0.1014,-0.1002
kp25 run1.txt,25,-25.0,-1,464.000,-0.0985,-0.1002
kp25 run1.txt,25,-25.0,-1,465.000,-0.1014,-0.1002
kp25 run1.txt,25,-25.0,-1,466.000,-0.1006,-0.1002
kp25 run1.txt,25,-25.0,-1,467.000,-0.0999,-0.1002
kp25 run1.txt,25,-25.0,-1,468.000,-0.1021,-0.1002
kp25 run1.txt,25,-25.0,-1,469.000,-0.1014,-0.1002
kp25 run1.txt,25,-25.0,-1,470.000,-0.0999,-0.1002
kp25 run1.txt,25,-25.0,-1,471.000,-0.1021,-0.1002
kp25 run1.txt,25,-25.0,-1,472.000,-0.1014,-0.1002
kp25 run1.txt,25,-25.0,-1,473.000,-0.1025,-0.1002
kp25 run1.txt,25,-25.0,-1,474.000,-0.1014,-0.1002
kp25 run1.txt,25,-25.0,-1,475.000,-0.1006,-0.1002
kp25 run1.txt,25,-25.0,-1,476.000,-0.1021,-0.1002
kp25 run1.txt,25,-25.0,-1,477.000,-0.0992,-0.1002
kp25 run1.txt,25,-25.0,-1,478.000,-0.1006,-0.1002
kp25 run1.txt,25,-25.0,-1,479.000,-0.1021,-0.1002
kp25 run1.txt,25,-25.0,-1,480.000,-0.1014,-0.1002
kp25 run1.txt,25,-25.0,-1,481.000,-0.0966,-0.1002
kp25 run1.txt,25,-25.0,-1,482.000,-0.0912,-0.1002
kp25 run1.txt,25,-25.0,-1,483.000,-0.0999,-0.1002
kp25 run1.txt,25,-25.0,-1,484.000,-0.1006,-0.1002
kp25 run1.txt,25,-25.0,-1,485.000,-0.1021,-0.1002
kp25 run1.txt,25,-25.0,-1,486.000,-0.0999,-0.1002
kp25 run1.txt,25,-25.0,-1,487.000,-0.1014,-0.1002
kp25 run1.txt,25,-25.0,-1,488.000,-0.0985,-0.1002
kp25 run1.txt,25,-25.0,-1,489.000,-0.0897,-0.1002
kp25 run1.txt,25,-25.0,-1,490.000,-0.1021,-0.1002
kp25 run1.txt,25,-25.0,-1,491.000,-0.0966,-0.1002
kp25 run1.txt,25,-25.0,-1,492.000,-0.1014,-0.1002
kp25 run1.txt,25,-25.0,-1,493.000,-0.1014,-0.1002
kp25 run1.txt,25,-25.0,-1,494.000,-0.0999,-0.1002
kp25 run1.txt,25,-25.0,-1,495.000,-0.0977,-0.1002
kp25 run1.txt,25,-25.0,-1,496.000,-0.0996,-0.1002
kp25 run1.txt,25,-25.0,-1,497.000,-0.0977,-0.1002
kp25 run1.txt,25,-25.0,-1,498.000,-0.1050,-0.1002
kp25 run1.txt,25,-25.0,-1,499.000,-0.0934,-0.1002
kp25 run1.txt,25,-25.0,-1,500.000,-0.0992,-0.1002
kp25 run1.txt,25,-25.0,-1,501.000,-0.1014,-0.1002
kp25 run1.txt,25,-25.0,-1,502.000,-0.0955,-0.1002
kp25 run1.txt,25,-25.0,-1,503.000,-0.1006,-0.1002
kp25 run1.txt,25,-25.0,-1,504.000,-0.1021,-0.1002
kp25 run1.txt,25,-25.0,-1,505.000,-0.0999,-0.1002
kp25 run1.txt,25,-25.0,-1,506.000,-0.1050,-0.1002
kp25 run1.txt,25,-25.0,-1,507.000,-0.1010,-0.1002
kp25 run1.txt,25,-25.0,-1,508.000,-0.1036,-0.1002
kp25 run1.txt,25,-25.0,-1,509.000,-0.0996,-0.1002
kp25 run1.txt,25,-25.0,-1,510.000,-0.0992,-0.1002
kp25 run1.txt,25,-25.0,-1,511.000,-0.0970,-0.1002
kp25 run1.txt,25,-25.0,-1,512.000,-0.1014,-0.1002
kp25 run1.txt,25,-25.0,-1,513.000,-0.1006,-0.1002
kp25 run1.txt,25,-25.0,-1,514.000,-0.1006,-0.1002
kp25 run1.txt,25,-25.0,-1,515.009,-0.1006,-0.1002
kp25 run1.txt,25,-25.0,-1,516.000,-0.1003,-0.1002
kp25 run1.txt,25,-25.0,-1,517.000,-0.0992,-0.1002
kp25 run1.txt,25,-25.0,-1,518.000,-0.0963,-0.1002
kp25 run1.txt,25,-25.0,-1,519.000,-0.1006,-0.1002
kp25 run1.txt,25,-25.0,-1,520.000,-0.1021,-0.1002
kp25 run1.txt,25,-25.0,-1,521.000,-0.1006,-0.1002
kp25 run1.txt,25,-25.0,-1,522.000,-0.1006,-0.1002
kp25 run1.txt,25,-25.0,-1,523.000,-0.1014,-0.1002
kp25 run1.txt,25,-25.0,-1,524.000,-0.0988,-0.1002
kp25 run1.txt,25,-25.0,-1,525.000,-0.0999,-0.1002
kp25 run1.txt,25,-25.0,-1,526.000,-0.0934,-0.1002
kp25 run1.txt,25,-25.0,-1,527.000,-0.1028,-0.1002
kp25 run1.txt,25,-25.0,-1,528.000,-0.1014,-0.1002
kp25 run1.txt,25,-25.0,-1,529.000,-0.1028,-0.1002
kp25 run1.txt,25,-25.0,-1,530.000,-0.0992,-0.1002
kp25 run1.txt,25,-25.0,-1,531.000,-0.0985,-0.1002
kp25 run1.txt,25,-25.0,-1,532.000,-0.1021,-0.1002
kp25 run1.txt,25,-25.0,-1,533.000,-0.0970,-0.1002
kp25 run1.txt,25,-25.0,-1,534.000,-0.0992,-0.1002
kp25 run1.txt,25,-25.0,-1,535.000,-0.1006,-0.1002
kp25 run1.txt,25,-25.0,-1,536.000,-0.0999,-0.1002
kp25 run1.txt,25,-25.0,-1,537.000,-0.1014,-0.1002
kp25 run1.txt,25,-25.0,-1,538.000,-0.1036,-0.1002
kp25 run1.txt,25,-25.0,-1,539.000,-0.1021,-0.1002
kp25 run1.txt,25,-25.0,-1,540.000,-0.1025,-0.1002
kp25 run1.txt,25,-25.0,-1,541.000,-0.1014,-0.1002
kp25 run1.txt,25,-25.0,-1,542.000,-0.1014,-0.1002
kp25 run1.txt,25,-25.0,-1,543.000,-0.0985,-0.1002
kp25 run1.txt,25,-25.0,-1,544.000,-0.0985,-0.1002
kp25 run1.txt,25,-25.0,-1,545.000,-0.0985,-0.1002
kp25 run1.txt,25,-25.0,-1,546.000,-0.1006,-0.1002
kp25 run1.txt,25,-25.0,-1,547.000,-0.1036,-0.1002
kp25 run1.txt,25,-25.0,-1,548.000,-0.1021,-0.1002
kp25 run1.txt,25,-25.0,-1,549.000,-0.0970,-0.1002
kp25 run1.txt,25,-25.0,-1,550.000,-0.0992,-0.1002
kp25 run1.txt,25,-25.0,-1,551.000,-0.1021,-0.1002
kp25 run1.txt,25,-25.0,-1,552.000,-0.0941,-0.1002
kp25 run1.txt,25,-25.0,-1,553.000,-0.1006,-0.1002
kp25 run1.txt,25,-25.0,-1,554.000,-0.1043,-0.1002
kp25 run1.txt,25,-25.0,-1,555.000,-0.1006,-0.1002
kp25 run1.txt,25,-25.0,-1,556.000,-0.0999,-0.1002
kp25 run1.txt,25,-25.0,-1,557.000,-0.0996,-0.1002
kp25 run1.txt,25,-25.0,-1,558.000,-0.0999,-0.1002
kp25 run1.txt,25,-25.0,-1,559.000,-0.0985,-0.1002
kp25 run1.txt,25,-25.0,-1,560.000,-0.0996,-0.1002
kp25 run1.txt,25,-25.0,-1,561.000,-0.0999,-0.1002
kp25 run1.txt,25,-25.0,-1,562.000,-0.1014,-0.1002
kp25 run1.txt,25,-25.0,-1,563.000,-0.1014,-0.1002
kp25 run1.txt,25,-25.0,-1,564.000,-0.0999,-0.1002
kp25 run1.txt,25,-25.0,-1,565.000,-0.1006,-0.1002
kp25 run1.txt,25,-25.0,-1,566.000,-0.1112,-0.1002
kp25 run1.txt,25,-25.0,-1,567.000,-0.1021,-0.1002
kp25 run1.txt,25,-25.0,-1,568.000,-0.0948,-0.1002
kp25 run1.txt,25,-25.0,-1,569.000,-0.0861,-0.1002
kp25 run1.txt,25,-25.0,-1,570.000,-0.1079,-0.1002
kp25 run1.txt,25,-25.0,-1,571.000,-0.1028,-0.1002
kp25 run1.txt,25,-25.0,-1,572.000,-0.1017,-0.1002
kp25 run1.txt,25,-25.0,-1,573.000,-0.1061,-0.1002
kp25 run1.txt,25,-25.0,-1,574.000,-0.1036,-0.1002
kp25 run1.txt,25,-25.0,-1,575.000,-0.1006,-0.1002
kp25 run1.txt,25,-25.0,-1,576.000,-0.0992,-0.1002
kp25 run1.txt,25,-25.0,-1,577.000,-0.0996,-0.1002
kp25 run1.txt,25,-25.0,-1,578.000,-0.1021,-0.1002
kp25 run1.txt,25,-25.0,-1,579.000,-0.1017,-0.1002
kp25 run1.txt,25,-25.0,-1,580.000,-0.1028,-0.1002
kp25 run1.txt,25,-25.0,-1,581.000,-0.1028,-0.1002
kp25 run1.txt,25,-25.0,-1,582.000,-0.1014,-0.1002
kp25 run1.txt,25,-25.0,-1,583.000,-0.0992,-0.1002
kp25 run1.txt,25,-25.0,-1,584.000,-0.0985,-0.1002
kp25 run1.txt,25,-25.0,-1,585.000,-0.1006,-0.1002
kp25 run1.txt,25,-25.0,-1,586.000,-0.1014,-0.1002
kp25 run1.txt,25,-25.0,-1,587.000,-0.0955,-0.1002
kp25 run1.txt,25,-25.0,-1,588.000,-0.1025,-0.1002
kp25 run1.txt,25,-25.0,-1,589.000,-0.1014,-0.1002
kp25 run1.txt,25,-25.0,-1,590.000,-0.0999,-0.1002
kp25 run1.txt,25,-25.0,-1,591.000,-0.0985,-0.1002
kp25 run1.txt,25,-25.0,-1,592.000,-0.1025,-0.1002
kp25 run1.txt,25,-25.0,-1,593.000,-0.0992,-0.1002
kp25 run1.txt,25,-25.0,-1,594.000,-0.0992,-0.1002
kp25 run1.txt,25,-25.0,-1,595.000,-0.1014,-0.1002
kp25 run1.txt,25,-25.0,-1,596.000,-0.1006,-0.1002
kp25 run1.txt,25,-25.0,-1,597.000,-0.0992,-0.1002
kp25 run1.txt,25,-25.0,-1,598.000,-0.1025,-0.1002
kp25 run1.txt,25,-25.0,-1,599.000,-0.0992,-0.1002
kp25 run1.txt,26,-25.0,1,0.000,-0.1003,-0.1000
kp25 run1.txt,26,-25.0,1,1.000,-0.0955,-0.1000
kp25 run1.txt,26,-25.0,1,2.000,-0.1043,-0.1000
kp25 run1.txt,26,-25.0,1,3.000,-0.0999,-0.1000
kp25 run1.txt,26,-25.0,1,4.000,-0.1021,-0.0997
kp25 run1.txt,26,-25.0,1,5.000,-0.1043,-0.0990
kp25 run1.txt,26,-25.0,1,6.000,-0.0948,-0.0979
kp25 run1.txt,26,-25.0,1,7.000,-0.0963,-0.0965
kp25 run1.txt,26,-25.0,1,8.000,-0.0934,-0.0946
kp25 run1.txt,26,-25.0,1,9.000,-0.0904,-0.0925
kp25 run1.txt,26,-25.0,1,10.000,-0.0875,-0.0900
kp25 run1.txt,26,-25.0,1,11.000,-0.0832,-0.0872
kp25 run1.txt,26,-25.0,1,12.000,-0.0802,-0.0842
kp25 run1.txt,26,-25.0,1,13.000,-0.0759,-0.0809
kp25 run1.txt,26,-25.0,1,14.000,-0.0722,-0.0773
kp25 run1.txt,26,-25.0,1,15.000,-0.0686,-0.0736
kp25 run1.txt,26,-25.0,1,16.000,-0.0635,-0.0696
kp25 run1.txt,26,-25.0,1,17.000,-0.0606,-0.0655
kp25 run1.txt,26,-25.0,1,18.000,-0.0511,-0.0612
kp25 run1.txt,26,-25.0,1,19.000,-0.0525,-0.0567
kp25 run1.txt,26,-25.0,1,20.007,-0.0438,-0.0521
kp25 run1.txt,26,-25.0,1,21.000,-0.0441,-0.0474
kp25 run1.txt,26,-25.0,1,22.000,-0.0354,-0.0426
kp25 run1.txt,26,-25.0,1,23.000,-0.0336,-0.0377
kp25 run1.txt,26,-25.0,1,24.000,-0.0292,-0.0327
kp25 run1.txt,26,-25.0,1,25.000,-0.0237,-0.0277
kp25 run1.txt,26,-25.0,1,26.000,-0.0051,-0.0226
kp25 run1.txt,26,-25.0,1,27.000,-0.0073,-0.0175
kp25 run1.txt,26,-25.0,1,28.000,-0.0062,-0.0124
kp25 run1.txt,26,-25.0,1,29.000,-0.0022,-0.0072
kp25 run1.txt,26,-25.0,1,30.000,0.0043,-0.0021
kp25 run1.txt,26,-25.0,1,31.000,0.0058,0.0030
kp25 run1.txt,26,-25.0,1,32.000,0.0138,0.0081
kp25 run1.txt,26,-25.0,1,33.000,0.0211,0.0132
kp25 run1.txt,26,-25.0,1,34.000,0.0218,0.0182
kp25 run1.txt,26,-25.0,1,35.000,0.0240,0.0232
kp25 run1.txt,26,-25.0,1,36.000,0.0313,0.0281
kp25 run1.txt,26,-25.0,1,37.000,0.0299,0.0330
kp25 run1.txt,26,-25.0,1,38.000,0.0422,0.0377
kp25 run1.txt,26,-25.0,1,39.000,0.0466,0.0424
kp25 run1.txt,26,-25.0,1,40.000,0.0495,0.0470
kp25 run1.txt,26,-25.0,1,41.000,0.0554,0.0515
kp25 run1.txt,26,-25.0,1,42.000,0.0576,0.0559
kp25 run1.txt,26,-25.0,1,43.000,0.0641,0.0603
kp25 run1.txt,26,-25.0,1,44.000,0.0670,0.0644
kp25 run1.txt,26,-25.0,1,45.000,0.0729,0.0685
kp25 run1.txt,26,-25.0,1,46.000,0.0765,0.0725
kp25 run1.txt,26,-25.0,1,47.000,0.0812,0.0764
kp25 run1.txt,26,-25.0,1,48.000,0.0842,0.0801
kp25 run1.txt,26,-25.0,1,49.000,0.0893,0.0837
kp25 run1.txt,26,-25.0,1,50.000,0.0951,0.0872
kp25 run1.txt,26,-25.0,1,51.000,0.0889,0.0905
kp25 run1.txt,26,-25.0,1,52.000,0.0940,0.0937
kp25 run1.txt,26,-25.0,1,53.000,0.0998,0.0968
kp25 run1.txt,26,-25.0,1,54.000,0.1049,0.0998
kp25 run1.txt,26,-25.0,1,55.000,0.1049,0.1026
kp25 run1.txt,26,-25.0,1,56.000,0.1130,0.1053
kp25 run1.txt,26,-25.0,1,57.000,0.1122,0.1079
kp25 run1.txt,26,-25.0,1,58.000,0.1133,0.1103
kp25 run1.txt,26,-25.0,1,59.000,0.1166,0.1126
kp25 run1.txt,26,-25.0,1,60.000,0.1170,0.1148
kp25 run1.txt,26,-25.0,1,61.000,0.1239,0.1168
kp25 run1.txt,26,-25.0,1,62.000,0.1290,0.1187
kp25 run1.txt,26,-25.0,1,63.000,0.1246,0.1205
kp25 run1.txt,26,-25.0,1,64.000,0.1246,0.1222
kp25 run1.txt,26,-25.0,1,65.000,0.1283,0.1237
kp25 run1.txt,26,-25.0,1,66.000,0.1275,0.1252
kp25 run1.txt,26,-25.0,1,67.000,0.1290,0.1265
kp25 run1.txt,26,-25.0,1,68.000,0.1297,0.1277
kp25 run1.txt,26,-25.0,1,69.000,0.1523,0.1288
kp25 run1.txt,26,-25.0,1,70.000,0.1319,0.1298
kp25 run1.txt,26,-25.0,1,71.000,0.1374,0.1306
kp25 run1.txt,26,-25.0,1,72.000,0.1319,0.1314
kp25 run1.txt,26,-25.0,1,73.000,0.1326,0.1321
kp25 run1.txt,26,-25.0,1,74.000,0.1334,0.1326
kp25 run1.txt,26,-25.0,1,75.000,0.1301,0.1331
kp25 run1.txt,26,-25.0,1,76.000,0.1337,0.1335
kp25 run1.txt,26,-25.0,1,77.000,0.1319,0.1338
kp25 run1.txt,26,-25.0,1,78.000,0.1326,0.1340
kp25 run1.txt,26,-25.0,1,79.000,0.1312,0.1342
kp25 run1.txt,26,-25.0,1,80.000,0.1334,0.1342
kp25 run1.txt,26,-25.0,1,81.000,0.1334,0.1342
kp25 run1.txt,26,-25.0,1,82.000,0.1283,0.1341
kp25 run1.txt,26,-25.0,1,83.000,0.1319,0.1340
kp25 run1.txt,26,-25.0,1,84.000,0.1319,0.1338
kp25 run1.txt,26,-25.0,1,85.000,0.1429,0.1335
kp25 run1.txt,26,-25.0,1,86.000,0.1326,0.1332
kp25 run1.txt,26,-25.0,1,87.000,0.1326,0.1328
kp25 run1.txt,26,-25.0,1,88.000,0.1283,0.1323
kp25 run1.txt,26,-25.0,1,89.000,0.1283,0.1318
kp25 run1.txt,26,-25.0,1,90.000,0.1297,0.1313
kp25 run1.txt,26,-25.0,1,91.000,0.1297,0.1308
kp25 run1.txt,26,-25.0,1,92.000,0.1279,0.1301
kp25 run1.txt,26,-25.0,1,93.000,0.1345,0.1295
kp25 run1.txt,26,-25.0,1,94.000,0.1232,0.1288
kp25 run1.txt,26,-25.0,1,95.000,0.1264,0.1281
kp25 run1.txt,26,-25.0,1,96.000,0.1224,0.1274
kp25 run1.txt,26,-25.0,1,97.000,0.1264,0.1266
kp25 run1.txt,26,-25.0,1,98.000,0.1228,0.1259
kp25 run1.txt,26,-25.0,1,99.000,0.1224,0.1251
kp25 run1.txt,26,-25.0,1,100.000,0.1213,0.1243
kp25 run1.txt,26,-25.0,1,101.000,0.1195,0.1234
kp25 run1.txt,26,-25.0,1,102.000,0.1155,0.1226
kp25 run1.txt,26,-25.0,1,103.000,0.1173,0.1218
kp25 run1.txt,26,-25.0,1,104.000,0.1108,0.1209
kp25 run1.txt,26,-25.0,1,105.000,0.1137,0.1201
kp25 run1.txt,26,-25.0,1,106.000,0.1166,0.1192
kp25 run1.txt,26,-25.0,1,107.000,0.1133,0.1184
kp25 run1.txt,26,-25.0,1,108.000,0.1119,0.1175
kp25 run1.txt,26,-25.0,1,109.000,0.1093,0.1167
kp25 run1.txt,26,-25.0,1,110.000,0.1108,0.1158
kp25 run1.txt,26,-25.0,1,111.000,0.1108,0.1150
kp25 run1.txt,26,-25.0,1,112.000,0.1122,0.1141
kp25 run1.txt,26,-25.0,1,113.000,0.1071,0.1133
kp25 run1.txt,26,-25.0,1,114.000,0.0969,0.1125
kp25 run1.txt,26,-25.0,1,115.000,0.1064,0.1117
kp25 run1.txt,26,-25.0,1,116.000,0.1057,0.1109
kp25 run1.txt,26,-25.0,1,117.000,0.1006,0.1101
kp25 run1.txt,26,-25.0,1,118.000,0.1020,0.1094
kp25 run1.txt,26,-25.0,1,119.000,0.0998,0.1086
kp25 run1.txt,26,-25.0,1,120.000,0.1013,0.1079
kp25 run1.txt,26,-25.0,1,121.000,0.0969,0.1072
kp25 run1.txt,26,-25.0,1,122.000,0.0998,0.1065
kp25 run1.txt,26,-25.0,1,123.000,0.0991,0.1058
kp25 run1.txt,26,-25.0,1,124.000,0.0969,0.1052
kp25 run1.txt,26,-25.0,1,125.000,0.1071,0.1046
kp25 run1.txt,26,-25.0,1,126.000,0.0977,0.1040
kp25 run1.txt,26,-25.0,1,127.000,0.0991,0.1034
kp25 run1.txt,26,-25.0,1,128.000,0.0962,0.1028
kp25 run1.txt,26,-25.0,1,129.000,0.0962,0.1022
kp25 run1.txt,26,-25.0,1,130.000,0.0955,0.1017
kp25 run1.txt,26,-25.0,1,131.000,0.0962,0.1012
kp25 run1.txt,26,-25.0,1,132.000,0.0958,0.1007
kp25 run1.txt,26,-25.0,1,133.000,0.0947,0.1003
kp25 run1.txt,26,-25.0,1,134.000,0.0955,0.0998
kp25 run1.txt,26,-25.0,1,135.000,0.0991,0.0994
kp25 run1.txt,26,-25.0,1,136.000,0.0940,0.0990
kp25 run1.txt,26,-25.0,1,137.000,0.0962,0.0987
kp25 run1.txt,26,-25.0,1,138.000,0.0962,0.0983
kp25 run1.txt,26,-25.0,1,139.000,0.0962,0.0980
kp25 run1.txt,26,-25.0,1,140.000,0.0947,0.0977
kp25 run1.txt,26,-25.0,1,141.000,0.0889,0.0974
kp25 run1.txt,26,-25.0,1,142.000,0.0940,0.0971
kp25 run1.txt,26,-25.0,1,143.000,0.0962,0.0969
kp25 run1.txt,26,-25.0,1,144.000,0.0951,0.0966
kp25 run1.txt,26,-25.0,1,145.000,0.0955,0.0964
kp25 run1.txt,26,-25.0,1,146.000,0.0816,0.0962
kp25 run1.txt,26,-25.0,1,147.000,0.0955,0.0961
kp25 run1.txt,26,-25.0,1,148.000,0.0940,0.0959
kp25 run1.txt,26,-25.0,1,149.000,0.0874,0.0958
kp25 run1.txt,26,-25.0,1,150.000,0.0991,0.0957
kp25 run1.txt,26,-25.0,1,151.000,0.0955,0.0956
kp25 run1.txt,26,-25.0,1,152.000,0.0918,0.0955
kp25 run1.txt,26,-25.0,1,153.000,0.0958,0.0954
kp25 run1.txt,26,-25.0,1,154.000,0.0911,0.0953
kp25 run1.txt,26,-25.0,1,155.000,0.0940,0.0953
kp25 run1.txt,26,-25.0,1,156.000,0.0940,0.0953
kp25 run1.txt,26,-25.0,1,157.000,0.0962,0.0952
kp25 run1.txt,26,-25.0,1,158.000,0.0940,0.0952
kp25 run1.txt,26,-25.0,1,159.000,0.0940,0.0953
kp25 run1.txt,26,-25.0,1,160.000,0.0940,0.0953
kp25 run1.txt,26,-25.0,1,161.000,0.0904,0.0953
kp25 run1.txt,26,-25.0,1,162.000,0.0940,0.0953
kp25 run1.txt,26,-25.0,1,163.000,0.0955,0.0954
kp25 run1.txt,26,-25.0,1,164.000,0.0958,0.0955
kp25 run1.txt,26,-25.0,1,165.000,0.0984,0.0955
kp25 run1.txt,26,-25.0,1,166.000,0.0998,0.0956
kp25 run1.txt,26,-25.0,1,167.000,0.0987,0.0957
kp25 run1.txt,26,-25.0,1,168.000,0.0969,0.0958
kp25 run1.txt,26,-25.0,1,169.000,0.0977,0.0959
kp25 run1.txt,26,-25.0,1,170.000,0.1017,0.0960
kp25 run1.txt,26,-25.0,1,171.000,0.1006,0.0961
kp25 run1.txt,26,-25.0,1,172.000,0.0998,0.0962
kp25 run1.txt,26,-25.0,1,173.000,0.0991,0.0963
kp25 run1.txt,26,-25.0,1,174.000,0.0984,0.0964
kp25 run1.txt,26,-25.0,1,175.000,0.1028,0.0966
kp25 run1.txt,26,-25.0,1,176.000,0.0984,0.0967
kp25 run1.txt,26,-25.0,1,177.000,0.0998,0.0968
kp25 run1.txt,26,-25.0,1,178.000,0.1042,0.0970
kp25 run1.txt,26,-25.0,1,179.000,0.0969,0.0971
kp25 run1.txt,26,-25.0,1,180.000,0.1137,0.0972
kp25 run1.txt,26,-25.0,1,181.000,0.1006,0.0974
kp25 run1.txt,26,-25.0,1,182.000,0.1017,0.0975
kp25 run1.txt,26,-25.0,1,183.000,0.1275,0.0977
kp25 run1.txt,26,-25.0,1,184.000,0.0998,0.0978
kp25 run1.txt,26,-25.0,1,185.000,0.0867,0.0980
kp25 run1.txt,26,-25.0,1,186.000,0.1006,0.0981
kp25 run1.txt,26,-25.0,1,187.000,0.0998,0.0982
kp25 run1.txt,26,-25.0,1,188.000,0.1028,0.0984
kp25 run1.txt,26,-25.0,1,189.000,0.1024,0.0985
kp25 run1.txt,26,-25.0,1,190.000,0.1028,0.0987
kp25 run1.txt,26,-25.0,1,191.000,0.1020,0.0988
kp25 run1.txt,26,-25.0,1,192.000,0.1006,0.0989
kp25 run1.txt,26,-25.0,1,193.000,0.1028,0.0991
kp25 run1.txt,26,-25.0,1,194.000,0.1071,0.0992
kp25 run1.txt,26,-25.0,1,195.000,0.1013,0.0993
kp25 run1.txt,26,-25.0,1,196.000,0.1020,0.0994
kp25 run1.txt,26,-25.0,1,197.000,0.1028,0.0996
kp25 run1.txt,26,-25.0,1,198.000,0.0962,0.0997
kp25 run1.txt,26,-25.0,1,199.000,0.1031,0.0998
kp25 run1.txt,26,-25.0,1,200.000,0.1017,0.0999
kp25 run1.txt,26,-25.0,1,201.000,0.1006,0.1000
kp25 run1.txt,26,-25.0,1,202.000,0.0969,0.1001
kp25 run1.txt,26,-25.0,1,203.000,0.1009,0.1002
kp25 run1.txt,26,-25.0,1,204.000,0.1020,0.1003
kp25 run1.txt,26,-25.0,1,205.000,0.1017,0.1004
kp25 run1.txt,26,-25.0,1,206.000,0.1013,0.1005
kp25 run1.txt,26,-25.0,1,207.000,0.1017,0.1006
kp25 run1.txt,26,-25.0,1,208.000,0.0998,0.1007
kp25 run1.txt,26,-25.0,1,209.000,0.0955,0.1008
kp25 run1.txt,26,-25.0,1,210.000,0.1028,0.1009
kp25 run1.txt,26,-25.0,1,211.000,0.1031,0.1009
kp25 run1.txt,26,-25.0,1,212.000,0.1013,0.1010
kp25 run1.txt,26,-25.0,1,213.000,0.1013,0.1011
kp25 run1.txt,26,-25.0,1,214.000,0.1053,0.1011
kp25 run1.txt,26,-25.0,1,215.000,0.0977,0.1012
kp25 run1.txt,26,-25.0,1,216.000,0.1038,0.1013
kp25 run1.txt,26,-25.0,1,217.000,0.1035,0.1013
kp25 run1.txt,26,-25.0,1,218.000,0.1020,0.1014
kp25 run1.txt,26,-25.0,1,219.000,0.1046,0.1014
kp25 run1.txt,26,-25.0,1,220.000,0.1035,0.1014
kp25 run1.txt,26,-25.0,1,221.000,0.0998,0.1015
kp25 run1.txt,26,-25.0,1,222.000,0.1006,0.1015
kp25 run1.txt,26,-25.0,1,223.000,0.1100,0.1016
kp25 run1.txt,26,-25.0,1,224.000,0.0998,0.1016
kp25 run1.txt,26,-25.0,1,225.000,0.1017,0.1016
kp25 run1.txt,26,-25.0,1,226.000,0.0995,0.1016
kp25 run1.txt,26,-25.0,1,227.000,0.0998,0.1017
kp25 run1.txt,26,-25.0,1,228.000,0.1013,0.1017
kp25 run1.txt,26,-25.0,1,229.000,0.1017,0.1017
kp25 run1.txt,26,-25.0,1,230.000,0.1028,0.1017
kp25 run1.txt,26,-25.0,1,231.000,0.1006,0.1017
kp25 run1.txt,26,-25.0,1,232.000,0.1017,0.1017
kp25 run1.txt,26,-25.0,1,233.000,0.1053,0.1017
kp25 run1.txt,26,-25.0,1,234.000,0.1028,0.1017
kp25 run1.txt,26,-25.0,1,235.000,0.1017,0.1017
kp25 run1.txt,26,-25.0,1,236.000,0.0969,0.1017
kp25 run1.txt,26,-25.0,1,237.000,0.1017,0.1017
kp25 run1.txt,26,-25.0,1,238.000,0.0984,0.1017
kp25 run1.txt,26,-25.0,1,239.000,0.1020,0.1017
kp25 run1.txt,26,-25.0,1,240.000,0.0998,0.1017
kp25 run1.txt,26,-25.0,1,241.000,0.1042,0.1017
kp25 run1.txt,26,-25.0,1,242.000,0.0977,0.1017
kp25 run1.txt,26,-25.0,1,243.000,0.1006,0.1017
kp25 run1.txt,26,-25.0,1,244.000,0.0991,0.1017
kp25 run1.txt,26,-25.0,1,245.000,0.1020,0.1017
kp25 run1.txt,26,-25.0,1,246.000,0.0977,0.1016
kp25 run1.txt,26,-25.0,1,247.000,0.0987,0.1016
kp25 run1.txt,26,-25.0,1,248.000,0.0984,0.1016
kp25 run1.txt,26,-25.0,1,249.000,0.1013,0.1016
kp25 run1.txt,26,-25.0,1,250.000,0.0998,0.1016
kp25 run1.txt,26,-25.0,1,251.000,0.1020,0.1015
kp25 run1.txt,26,-25.0,1,252.000,0.0969,0.1015
kp25 run1.txt,26,-25.0,1,253.000,0.1009,0.1015
kp25 run1.txt,26,-25.0,1,254.000,0.0842,0.1015
kp25 run1.txt,26,-25.0,1,255.000,0.0969,0.1015
kp25 run1.txt,26,-25.0,1,256.000,0.0991,0.1014
kp25 run1.txt,26,-25.0,1,257.000,0.0977,0.1014
kp25 run1.txt,26,-25.0,1,258.000,0.0991,0.1014
kp25 run1.txt,26,-25.0,1,259.000,0.0984,0.1014
kp25 run1.txt,26,-25.0,1,260.000,0.0998,0.1013
kp25 run1.txt,26,-25.0,1,261.000,0.1035,0.1013
kp25 run1.txt,26,-25.0,1,262.000,0.0991,0.1013
kp25 run1.txt,26,-25.0,1,263.000,0.0991,0.1013
kp25 run1.txt,26,-25.0,1,264.000,0.0991,0.1012
kp25 run1.txt,26,-25.0,1,265.000,0.0991,0.1012
kp25 run1.txt,26,-25.0,1,266.000,0.0984,0.1012
kp25 run1.txt,26,-25.0,1,267.000,0.0991,0.1012
kp25 run1.txt,26,-25.0,1,268.000,0.1013,0.1012
kp25 run1.txt,26,-25.0,1,269.000,0.1017,0.1011
kp25 run1.txt,26,-25.0,1,270.000,0.0998,0.1011
kp25 run1.txt,26,-25.0,1,271.000,0.0998,0.1011
kp25 run1.txt,26,-25.0,1,272.000,0.0991,0.1011
kp25 run1.txt,26,-25.0,1,273.000,0.0998,0.1010
kp25 run1.txt,26,-25.0,1,274.000,0.1024,0.1010
kp25 run1.txt,26,-25.0,1,275.000,0.0987,0.1010
kp25 run1.txt,26,-25.0,1,276.000,0.0969,0.1010
kp25 run1.txt,26,-25.0,1,277.000,0.1006,0.1010
kp25 run1.txt,26,-25.0,1,278.000,0.0991,0.1009
kp25 run1.txt,26,-25.0,1,279.000,0.0991,0.1009
kp25 run1.txt,26,-25.0,1,280.000,0.0991,0.1009
kp25 run1.txt,26,-25.0,1,281.000,0.1035,0.1009
kp25 run1.txt,26,-25.0,1,282.000,0.0991,0.1009
kp25 run1.txt,26,-25.0,1,283.000,0.0987,0.1009
kp25 run1.txt,26,-25.0,1,284.000,0.0933,0.1008
kp25 run1.txt,26,-25.0,1,285.000,0.1028,0.1008
kp25 run1.txt,26,-25.0,1,286.000,0.0998,0.1008
kp25 run1.txt,26,-25.0,1,287.000,0.0998,0.1008
kp25 run1.txt,26,-25.0,1,288.000,0.0969,0.1008
kp25 run1.txt,26,-25.0,1,289.000,0.0984,0.1008
kp25 run1.txt,26,-25.0,1,290.000,0.0940,0.1008
kp25 run1.txt,26,-25.0,1,291.000,0.1028,0.1008
kp25 run1.txt,26,-25.0,1,292.000,0.0955,0.1007
kp25 run1.txt,26,-25.0,1,293.000,0.0998,0.1007
kp25 run1.txt,26,-25.0,1,294.000,0.0958,0.1007
kp25 run1.txt,26,-25.0,1,295.000,0.0991,0.1007
kp25 run1.txt,26,-25.0,1,296.000,0.0998,0.1007
kp25 run1.txt,26,-25.0,1,297.000,0.1020,0.1007
kp25 run1.txt,26,-25.0,1,298.000,0.0998,0.1007
kp25 run1.txt,26,-25.0,1,299.000,0.1020,0.1007
kp25 run1.txt,26,-25.0,1,300.000,0.1006,0.1007
kp25 run1.txt,26,-25.0,1,301.000,0.0998,0.1007
kp25 run1.txt,26,-25.0,1,302.000,0.0969,0.1007
kp25 run1.txt,26,-25.0,1,303.000,0.0998,0.1007
kp25 run1.txt,26,-25.0,1,304.000,0.0991,0.1007
kp25 run1.txt,26,-25.0,1,305.000,0.0977,0.1007
kp25 run1.txt,26,-25.0,1,306.000,0.0998,0.1007
kp25 run1.txt,26,-25.0,1,307.000,0.0998,0.1007
kp25 run1.txt,26,-25.0,1,308.000,0.0998,0.1007
kp25 run1.txt,26,-25.0,1,309.000,0.1006,0.1007
kp25 run1.txt,26,-25.0,1,310.000,0.1115,0.1007
kp25 run1.txt,26,-25.0,1,311.000,0.0962,0.1007
kp25 run1.txt,26,-25.0,1,312.000,0.1013,0.1007
kp25 run1.txt,26,-25.0,1,313.000,0.1020,0.1007
kp25 run1.txt,26,-25.0,1,314.000,0.0998,0.1007
kp25 run1.txt,26,-25.0,1,315.000,0.0998,0.1007
kp25 run1.txt,26,-25.0,1,316.000,0.0998,0.1007
kp25 run1.txt,26,-25.0,1,317.000,0.1006,0.1007
kp25 run1.txt,26,-25.0,1,318.000,0.0984,0.1007
kp25 run1.txt,26,-25.0,1,319.000,0.1013,0.1007
kp25 run1.txt,26,-25.0,1,320.000,0.0984,0.1007
kp25 run1.txt,26,-25.0,1,321.000,0.1006,0.1007
kp25 run1.txt,26,-25.0,1,322.000,0.0998,0.1007
kp25 run1.txt,26,-25.0,1,323.000,0.0998,0.1007
kp25 run1.txt,26,-25.0,1,324.000,0.0991,0.1007
kp25 run1.txt,26,-25.0,1,325.000,0.0998,0.1007
kp25 run1.txt,26,-25.0,1,326.000,0.0998,0.1007
kp25 run1.txt,26,-25.0,1,327.000,0.0882,0.1007
kp25 run1.txt,26,-25.0,1,328.000,0.0929,0.1007
kp25 run1.txt,26,-25.0,1,329.000,0.0998,0.1007
kp25 run1.txt,26,-25.0,1,330.000,0.0991,0.1007
kp25 run1.txt,26,-25.0,1,331.000,0.1013,0.1007
kp25 run1.txt,26,-25.0,1,332.000,0.1075,0.1007
kp25 run1.txt,26,-25.0,1,333.000,0.1017,0.1007
kp25 run1.txt,26,-25.0,1,334.000,0.0995,0.1007
kp25 run1.txt,26,-25.0,1,335.000,0.0998,0.1007
kp25 run1.txt,26,-25.0,1,336.000,0.1009,0.1007
kp25 run1.txt,26,-25.0,1,337.000,0.0998,0.1007
kp25 run1.txt,26,-25.0,1,338.000,0.0904,0.1007
kp25 run1.txt,26,-25.0,1,339.000,0.0987,0.1007
kp25 run1.txt,26,-25.0,1,340.000,0.1006,0.1007
kp25 run1.txt,26,-25.0,1,341.000,0.1151,0.1007
kp25 run1.txt,26,-25.0,1,342.000,0.0958,0.1007
kp25 run1.txt,26,-25.0,1,343.000,0.0995,0.1007
kp25 run1.txt,26,-25.0,1,344.000,0.1013,0.1007
kp25 run1.txt,26,-25.0,1,345.000,0.1013,0.1007
kp25 run1.txt,26,-25.0,1,346.000,0.0962,0.1008
kp25 run1.txt,26,-25.0,1,347.000,0.0998,0.1008
kp25 run1.txt,26,-25.0,1,348.000,0.1017,0.1008
kp25 run1.txt,26,-25.0,1,349.000,0.1071,0.1008
kp25 run1.txt,26,-25.0,1,350.000,0.1020,0.1008
kp25 run1.txt,26,-25.0,1,351.000,0.1017,0.1008
kp25 run1.txt,26,-25.0,1,352.000,0.1009,0.1008
kp25 run1.txt,26,-25.0,1,353.000,0.0998,0.1008
kp25 run1.txt,26,-25.0,1,354.000,0.0925,0.1008
kp25 run1.txt,26,-25.0,1,355.000,0.1006,0.1008
kp25 run1.txt,26,-25.0,1,356.000,0.1024,0.1008
kp25 run1.txt,26,-25.0,1,357.000,0.1024,0.1008
kp25 run1.txt,26,-25.0,1,358.000,0.0969,0.1008
kp25 run1.txt,26,-25.0,1,359.000,0.1020,0.1008
kp25 run1.txt,26,-25.0,1,360.000,0.1020,0.1008
kp25 run1.txt,26,-25.0,1,361.000,0.0995,0.1008
kp25 run1.txt,26,-25.0,1,362.000,0.1035,0.1008
kp25 run1.txt,26,-25.0,1,363.000,0.1009,0.1008
kp25 run1.txt,26,-25.0,1,364.000,0.0998,0.1008
kp25 run1.txt,26,-25.0,1,365.000,0.0998,0.1008
kp25 run1.txt,26,-25.0,1,366.000,0.1042,0.1008
kp25 run1.txt,26,-25.0,1,367.000,0.1006,0.1008
kp25 run1.txt,26,-25.0,1,368.000,0.1017,0.1008
kp25 run1.txt,26,-25.0,1,369.000,0.1020,0.1008
kp25 run1.txt,26,-25.0,1,370.000,0.1006,0.1008
kp25 run1.txt,26,-25.0,1,371.000,0.0977,0.1008
kp25 run1.txt,26,-25.0,1,372.000,0.1020,0.1008
kp25 run1.txt,26,-25.0,1,373.000,0.0998,0.1008
kp25 run1.txt,26,-25.0,1,374.000,0.0987,0.1008
kp25 run1.txt,26,-25.0,1,375.000,0.0998,0.1008
kp25 run1.txt,26,-25.0,1,376.000,0.0991,0.1008
kp25 run1.txt,26,-25.0,1,377.000,0.0977,0.1008
kp25 run1.txt,26,-25.0,1,378.000,0.0977,0.1008
kp25 run1.txt,26,-25.0,1,379.000,0.1122,0.1008
kp25 run1.txt,26,-25.0,1,380.000,0.1006,0.1008
kp25 run1.txt,26,-25.0,1,381.000,0.0977,0.1008
kp25 run1.txt,26,-25.0,1,382.000,0.1006,0.1008
kp25 run1.txt,26,-25.0,1,383.000,0.0987,0.1008
kp25 run1.txt,26,-25.0,1,384.000,0.0853,0.1008
kp25 run1.txt,26,-25.0,1,385.000,0.1028,0.1008
kp25 run1.txt,26,-25.0,1,386.000,0.0969,0.1008
kp25 run1.txt,26,-25.0,1,387.000,0.0940,0.1008
kp25 run1.txt,26,-25.0,1,388.000,0.0969,0.1008
kp25 run1.txt,26,-25.0,1,389.000,0.0998,0.1008
kp25 run1.txt,26,-25.0,1,390.000,0.0998,0.1008
kp25 run1.txt,26,-25.0,1,391.000,0.0998,0.1008
kp25 run1.txt,26,-25.0,1,392.000,0.0991,0.1008
kp25 run1.txt,26,-25.0,1,393.000,0.0969,0.1008
kp25 run1.txt,26,-25.0,1,394.000,0.0998,0.1008
kp25 run1.txt,26,-25.0,1,395.000,0.1006,0.1008
kp25 run1.txt,26,-25.0,1,396.000,0.0998,0.1008
kp25 run1.txt,26,-25.0,1,397.000,0.0995,0.1008
kp25 run1.txt,26,-25.0,1,398.000,0.1017,0.1008
kp25 run1.txt,26,-25.0,1,399.000,0.1020,0.1008
kp25 run1.txt,26,-25.0,1,400.000,0.0998,0.1008
kp25 run1.txt,26,-25.0,1,401.000,0.0998,0.1008
kp25 run1.txt,26,-25.0,1,402.000,0.0998,0.1008
kp25 run1.txt,26,-25.0,1,403.000,0.0998,0.1008
kp25 run1.txt,26,-25.0,1,404.000,0.0998,0.1008
kp25 run1.txt,26,-25.0,1,405.000,0.1006,0.1008
kp25 run1.txt,26,-25.0,1,406.000,0.1009,0.1008
kp25 run1.txt,26,-25.0,1,407.000,0.0998,0.1008
kp25 run1.txt,26,-25.0,1,408.000,0.1006,0.1008
kp25 run1.txt,26,-25.0,1,409.000,0.0998,0.1008
kp25 run1.txt,26,-25.0,1,410.000,0.0831,0.1008
kp25 run1.txt,26,-25.0,1,411.000,0.1028,0.1008
kp25 run1.txt,26,-25.0,1,412.000,0.0998,0.1008
kp25 run1.txt,26,-25.0,1,413.000,0.1013,0.1008
kp25 run1.txt,26,-25.0,1,414.000,0.1028,0.1008
kp25 run1.txt,26,-25.0,1,415.000,0.1006,0.1008
kp25 run1.txt,26,-25.0,1,416.000,0.1006,0.1008
kp25 run1.txt,26,-25.0,1,417.000,0.1020,0.1008
kp25 run1.txt,26,-25.0,1,418.000,0.0940,0.1008
kp25 run1.txt,26,-25.0,1,419.000,0.1013,0.1008
kp25 run1.txt,26,-25.0,1,420.000,0.0998,0.1008
kp25 run1.txt,26,-25.0,1,421.000,0.0998,0.1008
kp25 run1.txt,26,-25.0,1,422.000,0.0878,0.1008
kp25 run1.txt,26,-25.0,1,423.000,0.1020,0.1008
kp25 run1.txt,26,-25.0,1,424.000,0.1006,0.1008
kp25 run1.txt,26,-25.0,1,425.000,0.1006,0.1008
kp25 run1.txt,26,-25.0,1,426.000,0.0998,0.1008
kp25 run1.txt,26,-25.0,1,427.000,0.0998,0.1008
kp25 run1.txt,26,-25.0,1,428.000,0.1006,0.1008
kp25 run1.txt,26,-25.0,1,429.000,0.1028,0.1008
kp25 run1.txt,26,-25.0,1,430.000,0.1020,0.1008
kp25 run1.txt,26,-25.0,1,431.000,0.1020,0.1008
kp25 run1.txt,26,-25.0,1,432.000,0.1042,0.1008
kp25 run1.txt,26,-25.0,1,433.000,0.0991,0.1008
kp25 run1.txt,26,-25.0,1,434.000,0.0998,0.1008
kp25 run1.txt,26,-25.0,1,435.000,0.1013,0.1008
kp25 run1.txt,26,-25.0,1,436.000,0.0991,0.1008
kp25 run1.txt,26,-25.0,1,437.000,0.1017,0.1008
kp25 run1.txt,26,-25.0,1,438.000,0.1006,0.1008
kp25 run1.txt,26,-25.0,1,439.000,0.1006,0.1008
kp25 run1.txt,26,-25.0,1,440.000,0.0991,0.1008
kp25 run1.txt,26,-25.0,1,441.000,0.1035,0.1008
kp25 run1.txt,26,-25.0,1,442.000,0.1017,0.1008
kp25 run1.txt,26,-25.0,1,443.000,0.0987,0.1008
kp25 run1.txt,26,-25.0,1,444.000,0.1031,0.1008
kp25 run1.txt,26,-25.0,1,445.000,0.1100,0.1008
kp25 run1.txt,26,-25.0,1,446.000,0.1013,0.1008
kp25 run1.txt,26,-25.0,1,447.000,0.1035,0.1008
kp25 run1.txt,26,-25.0,1,448.000,0.0893,0.1008
kp25 run1.txt,26,-25.0,1,449.000,0.1006,0.1008
kp25 run1.txt,26,-25.0,1,450.000,0.0998,0.1008
kp25 run1.txt,26,-25.0,1,451.000,0.1013,0.1008
kp25 run1.txt,26,-25.0,1,452.000,0.1020,0.1008
kp25 run1.txt,26,-25.0,1,453.000,0.1020,0.1008
kp25 run1.txt,26,-25.0,1,454.000,0.1006,0.1008
kp25 run1.txt,26,-25.0,1,455.000,0.1013,0.1008
kp25 run1.txt,26,-25.0,1,456.000,0.1006,0.1008
kp25 run1.txt,26,-25.0,1,457.000,0.1006,0.1008
kp25 run1.txt,26,-25.0,1,458.000,0.1006,0.1008
kp25 run1.txt,26,-25.0,1,459.000,0.1009,0.1008
kp25 run1.txt,26,-25.0,1,460.000,0.0998,0.1008
kp25 run1.txt,26,-25.0,1,461.000,0.0998,0.1008
kp25 run1.txt,26,-25.0,1,462.000,0.1017,0.1008
kp25 run1.txt,26,-25.0,1,463.000,0.1006,0.1008
kp25 run1.txt,26,-25.0,1,464.000,0.1017,0.1008
kp25 run1.txt,26,-25.0,1,465.000,0.1035,0.1008
kp25 run1.txt,26,-25.0,1,466.000,0.0955,0.1008
kp25 run1.txt,26,-25.0,1,467.000,0.0998,0.1008
kp25 run1.txt,26,-25.0,1,468.000,0.0977,0.1008
kp25 run1.txt,26,-25.0,1,469.000,0.1020,0.1008
kp25 run1.txt,26,-25.0,1,470.000,0.1020,0.1008
kp25 run1.txt,26,-25.0,1,471.000,0.0998,0.1008
kp25 run1.txt,26,-25.0,1,472.000,0.1006,0.1008
kp25 run1.txt,26,-25.0,1,473.000,0.1006,0.1008
kp25 run1.txt,26,-25.0,1,474.000,0.1006,0.1008
kp25 run1.txt,26,-25.0,1,475.000,0.1006,0.1008
kp25 run1.txt,26,-25.0,1,476.000,0.1006,0.1008
kp25 run1.txt,26,-25.0,1,477.000,0.1020,0.1008
kp25 run1.txt,26,-25.0,1,478.000,0.0998,0.1008
kp25 run1.txt,26,-25.0,1,479.000,0.0951,0.1008
kp25 run1.txt,26,-25.0,1,480.000,0.0998,0.1008
kp25 run1.txt,26,-25.0,1,481.000,0.1017,0.1008
kp25 run1.txt,26,-25.0,1,482.000,0.1009,0.1008
kp25 run1.txt,26,-25.0,1,483.000,0.1020,0.1008
kp25 run1.txt,26,-25.0,1,484.000,0.1035,0.1008
kp25 run1.txt,26,-25.0,1,485.000,0.0998,0.1008
kp25 run1.txt,26,-25.0,1,486.000,0.1020,0.1008
kp25 run1.txt,26,-25.0,1,487.000,0.0860,0.1008
kp25 run1.txt,26,-25.0,1,488.000,0.1013,0.1008
kp25 run1.txt,26,-25.0,1,489.000,0.1017,0.1008
kp25 run1.txt,26,-25.0,1,490.000,0.1057,0.1008
kp25 run1.txt,26,-25.0,1,491.000,0.0998,0.1008
kp25 run1.txt,26,-25.0,1,492.000,0.0947,0.1008
kp25 run1.txt,26,-25.0,1,493.000,0.1137,0.1008
kp25 run1.txt,26,-25.0,1,494.000,0.1009,0.1008
kp25 run1.txt,26,-25.0,1,495.000,0.1028,0.1008
kp25 run1.txt,26,-25.0,1,496.000,0.0984,0.1008
kp25 run1.txt,26,-25.0,1,497.000,0.0991,0.1008
kp25 run1.txt,26,-25.0,1,498.000,0.0991,0.1008
kp25 run1.txt,26,-25.0,1,499.000,0.1017,0.1008
kp25 run1.txt,26,-25.0,1,500.000,0.0998,0.1008
kp25 run1.txt,26,-25.0,1,501.000,0.1013,0.1008
kp25 run1.txt,26,-25.0,1,502.000,0.1028,0.1008
kp25 run1.txt,26,-25.0,1,503.000,0.0977,0.1008
kp25 run1.txt,26,-25.0,1,504.000,0.0991,0.1008
kp25 run1.txt,26,-25.0,1,505.000,0.1024,0.1008
kp25 run1.txt,26,-25.0,1,506.000,0.1017,0.1008
kp25 run1.txt,26,-25.0,1,507.000,0.0998,0.1008
kp25 run1.txt,26,-25.0,1,508.000,0.1006,0.1008
kp25 run1.txt,26,-25.0,1,509.000,0.1028,0.1008
kp25 run1.txt,26,-25.0,1,510.000,0.0987,0.1008
kp25 run1.txt,26,-25.0,1,511.000,0.0995,0.1008
kp25 run1.txt,26,-25.0,1,512.000,0.1049,0.1008
kp25 run1.txt,26,-25.0,1,513.000,0.1006,0.1008
kp25 run1.txt,26,-25.0,1,514.000,0.1020,0.1008
kp25 run1.txt,26,-25.0,1,515.000,0.1090,0.1008
kp25 run1.txt,26,-25.0,1,516.000,0.1017,0.1008
kp25 run1.txt,26,-25.0,1,517.000,0.0966,0.1008
kp25 run1.txt,26,-25.0,1,518.000,0.0998,0.1008
kp25 run1.txt,26,-25.0,1,519.000,0.1017,0.1008
kp25 run1.txt,26,-25.0,1,520.000,0.1042,0.1008
kp25 run1.txt,26,-25.0,1,521.000,0.1017,0.1008
kp25 run1.txt,26,-25.0,1,522.000,0.0998,0.1008
kp25 run1.txt,26,-25.0,1,523.000,0.1020,0.1008
kp25 run1.txt,26,-25.0,1,524.000,0.0893,0.1008
kp25 run1.txt,26,-25.0,1,525.000,0.0977,0.1008
kp25 run1.txt,26,-25.0,1,526.000,0.0904,0.1008
kp25 run1.txt,26,-25.0,1,527.000,0.1020,0.1008
kp25 run1.txt,26,-25.0,1,528.000,0.1013,0.1008
kp25 run1.txt,26,-25.0,1,529.000,0.1006,0.1008
kp25 run1.txt,26,-25.0,1,530.000,0.0969,0.1008
kp25 run1.txt,26,-25.0,1,531.000,0.1028,0.1008
kp25 run1.txt,26,-25.0,1,532.000,0.0998,0.1008
kp25 run1.txt,26,-25.0,1,533.000,0.1006,0.1008
kp25 run1.txt,26,-25.0,1,534.000,0.1006,0.1008
kp25 run1.txt,26,-25.0,1,535.000,0.1006,0.1008
kp25 run1.txt,26,-25.0,1,536.000,0.0987,0.1008
kp25 run1.txt,26,-25.0,1,537.000,0.0998,0.1008
kp25 run1.txt,26,-25.0,1,538.000,0.0998,0.1008
kp25 run1.txt,26,-25.0,1,539.000,0.0991,0.1008
kp25 run1.txt,26,-25.0,1,540.000,0.1239,0.1008
kp25 run1.txt,26,-25.0,1,541.000,0.0998,0.1008
kp25 run1.txt,26,-25.0,1,542.000,0.0955,0.1008
kp25 run1.txt,26,-25.0,1,543.000,0.1017,0.1008
kp25 run1.txt,26,-25.0,1,544.000,0.0947,0.1008
kp25 run1.txt,26,-25.0,1,545.000,0.0998,0.1008
kp25 run1.txt,26,-25.0,1,546.000,0.0962,0.1008
kp25 run1.txt,26,-25.0,1,547.000,0.0998,0.1008
kp25 run1.txt,26,-25.0,1,548.000,0.0977,0.1008
kp25 run1.txt,26,-25.0,1,549.000,0.1020,0.1008
kp25 run1.txt,26,-25.0,1,550.000,0.0929,0.1008
kp25 run1.txt,26,-25.0,1,551.000,0.1049,0.1008
kp25 run1.txt,26,-25.0,1,552.000,0.1020,0.1008
kp25 run1.txt,26,-25.0,1,553.000,0.1020,0.1008
kp25 run1.txt,26,-25.0,1,554.000,0.0998,0.1008
kp25 run1.txt,26,-25.0,1,555.000,0.0998,0.1008
kp25 run1.txt,26,-25.0,1,556.000,0.0998,0.1008
kp25 run1.txt,26,-25.0,1,557.000,0.0991,0.1008
kp25 run1.txt,26,-25.0,1,558.000,0.0998,0.1008
kp25 run1.txt,26,-25.0,1,559.000,0.0998,0.1008
kp25 run1.txt,26,-25.0,1,560.000,0.0998,0.1008
kp25 run1.txt,26,-25.0,1,561.000,0.1006,0.1008
kp25 run1.txt,26,-25.0,1,562.000,0.0998,0.1008
kp25 run1.txt,26,-25.0,1,563.000,0.1013,0.1008
kp25 run1.txt,26,-25.0,1,564.000,0.1017,0.1008
kp25 run1.txt,26,-25.0,1,565.000,0.1017,0.1008
kp25 run1.txt,26,-25.0,1,566.000,0.0998,0.1008
kp25 run1.txt,26,-25.0,1,567.000,0.1071,0.1008
kp25 run1.txt,26,-25.0,1,568.000,0.0977,0.1008
kp25 run1.txt,26,-25.0,1,569.000,0.0966,0.1008
kp25 run1.txt,26,-25.0,1,570.000,0.1013,0.1008
kp25 run1.txt,26,-25.0,1,571.000,0.1006,0.1008
kp25 run1.txt,26,-25.0,1,572.000,0.1115,0.1008
kp25 run1.txt,26,-25.0,1,573.000,0.0984,0.1008
kp25 run1.txt,26,-25.0,1,574.000,0.0998,0.1008
kp25 run1.txt,26,-25.0,1,575.000,0.0940,0.1008
kp25 run1.txt,26,-25.0,1,576.000,0.1013,0.1008
kp25 run1.txt,26,-25.0,1,577.000,0.1028,0.1008
kp25 run1.txt,26,-25.0,1,578.000,0.1071,0.1008
kp25 run1.txt,26,-25.0,1,579.000,0.0998,0.1008
kp25 run1.txt,26,-25.0,1,580.000,0.0998,0.1008
kp25 run1.txt,26,-25.0,1,581.000,0.1017,0.1008
kp25 run1.txt,26,-25.0,1,582.000,0.1035,0.1008
kp25 run1.txt,26,-25.0,1,583.000,0.1035,0.1008
kp25 run1.txt,26,-25.0,1,584.000,0.0969,0.1008
kp25 run1.txt,26,-25.0,1,585.000,0.1020,0.1008
kp25 run1.txt,26,-25.0,1,586.000,0.1013,0.1008
kp25 run1.txt,26,-25.0,1,587.000,0.1020,0.1008
kp25 run1.txt,26,-25.0,1,588.000,0.1035,0.1008
kp25 run1.txt,26,-25.0,1,589.000,0.1028,0.1008
kp25 run1.txt,26,-25.0,1,590.000,0.0991,0.1008
kp25 run1.txt,26,-25.0,1,591.000,0.1020,0.1008
kp25 run1.txt,26,-25.0,1,592.000,0.1046,0.1008
kp25 run1.txt,26,-25.0,1,593.000,0.1002,0.1008
kp25 run1.txt,26,-25.0,1,594.000,0.1162,0.1008
kp25 run1.txt,26,-25.0,1,595.000,0.1028,0.1008
kp25 run1.txt,26,-25.0,1,596.000,0.0969,0.1008
kp25 run1.txt,26,-25.0,1,597.000,0.1017,0.1008
kp25 run1.txt,26,-25.0,1,598.000,0.1002,0.1008
kp25 run1.txt,26,-25.0,1,599.000,0.0977,0.1008
kp25 run1.txt,27,-25.0,1,0.000,-0.1014,-0.1013
kp25 run1.txt,27,-25.0,1,1.000,-0.1010,-0.1013
kp25 run1.txt,27,-25.0,1,2.000,-0.1014,-0.1013
kp25 run1.txt,27,-25.0,1,3.000,-0.1021,-0.1010
kp25 run1.txt,27,-25.0,1,4.000,-0.1017,-0.1003
kp25 run1.txt,27,-25.0,1,5.000,-0.0996,-0.0991
kp25 run1.txt,27,-25.0,1,6.000,-0.0970,-0.0977
kp25 run1.txt,27,-25.0,1,7.000,-0.1010,-0.0958
kp25 run1.txt,27,-25.0,1,8.000,-0.0955,-0.0936
kp25 run1.txt,27,-25.0,1,9.000,-0.0904,-0.0912
kp25 run1.txt,27,-25.0,1,10.000,-0.0875,-0.0884
kp25 run1.txt,27,-25.0,1,11.000,-0.0890,-0.0853
kp25 run1.txt,27,-25.0,1,12.000,-0.0810,-0.0820
kp25 run1.txt,27,-25.0,1,13.000,-0.0729,-0.0784
kp25 run1.txt,27,-25.0,1,14.000,-0.0744,-0.0746
kp25 run1.txt,27,-25.0,1,15.000,-0.0664,-0.0707
kp25 run1.txt,27,-25.0,1,16.000,-0.0646,-0.0665
kp25 run1.txt,27,-25.0,1,17.000,-0.0591,-0.0621
kp25 run1.txt,27,-25.0,1,18.000,-0.0584,-0.0577
kp25 run1.txt,27,-25.0,1,19.000,-0.0518,-0.0530
kp25 run1.txt,27,-25.0,1,20.000,-0.0482,-0.0483
kp25 run1.txt,27,-25.0,1,21.000,-0.0372,-0.0434
kp25 run1.txt,27,-25.0,1,22.000,-0.0358,-0.0385
kp25 run1.txt,27,-25.0,1,23.000,-0.0318,-0.0335
kp25 run1.txt,27,-25.0,1,24.000,-0.0266,-0.0284
kp25 run1.txt,27,-25.0,1,25.000,-0.0263,-0.0233
kp25 run1.txt,27,-25.0,1,26.000,0.0054,-0.0182
kp25 run1.txt,27,-25.0,1,27.000,-0.0102,-0.0130
kp25 run1.txt,27,-25.0,1,28.000,-0.0037,-0.0078
kp25 run1.txt,27,-25.0,1,29.000,-0.0015,-0.0027
kp25 run1.txt,27,-25.0,1,30.000,0.0043,0.0025
kp25 run1.txt,27,-25.0,1,31.000,0.0087,0.0076
kp25 run1.txt,27,-25.0,1,32.000,0.0131,0.0127
kp25 run1.txt,27,-25.0,1,33.000,0.0182,0.0178
kp25 run1.txt,27,-25.0,1,34.000,0.0240,0.0228
kp25 run1.txt,27,-25.0,1,35.000,0.0277,0.0278
kp25 run1.txt,27,-25.0,1,36.000,0.0320,0.0326
kp25 run1.txt,27,-25.0,1,37.000,0.0371,0.0374
kp25 run1.txt,27,-25.0,1,38.000,0.0393,0.0422
kp25 run1.txt,27,-25.0,1,39.000,0.0473,0.0468
kp25 run1.txt,27,-25.0,1,40.000,0.0481,0.0513
kp25 run1.txt,27,-25.0,1,41.000,0.0546,0.0558
kp25 run1.txt,27,-25.0,1,42.000,0.0608,0.0601
kp25 run1.txt,27,-25.0,1,43.000,0.0667,0.0643
kp25 run1.txt,27,-25.0,1,44.000,0.0663,0.0685
kp25 run1.txt,27,-25.0,1,45.000,0.0696,0.0724
kp25 run1.txt,27,-25.0,1,46.000,0.0627,0.0763
kp25 run1.txt,27,-25.0,1,47.000,0.0794,0.0801
kp25 run1.txt,27,-25.0,1,48.000,0.0955,0.0837
kp25 run1.txt,27,-25.0,1,49.000,0.0882,0.0872
kp25 run1.txt,27,-25.0,1,50.000,0.0896,0.0906
kp25 run1.txt,27,-25.0,1,51.000,0.0940,0.0938
kp25 run1.txt,27,-25.0,1,52.000,0.0969,0.0969
kp25 run1.txt,27,-25.0,1,53.000,0.1006,0.0999
kp25 run1.txt,27,-25.0,1,54.000,0.1038,0.1028
kp25 run1.txt,27,-25.0,1,55.000,0.1057,0.1055
kp25 run1.txt,27,-25.0,1,56.000,0.1064,0.1080
kp25 run1.txt,27,-25.0,1,57.000,0.1115,0.1105
kp25 run1.txt,27,-25.0,1,58.013,0.1130,0.1128
kp25 run1.txt,27,-25.0,1,59.000,0.1188,0.1150
kp25 run1.txt,27,-25.0,1,60.000,0.1181,0.1171
kp25 run1.txt,27,-25.0,1,61.000,0.1203,0.1190
kp25 run1.txt,27,-25.0,1,62.000,0.1188,0.1208
kp25 run1.txt,27,-25.0,1,63.000,0.1203,0.1225
kp25 run1.txt,27,-25.0,1,64.000,0.1268,0.1240
kp25 run1.txt,27,-25.0,1,65.000,0.1268,0.1255
kp25 run1.txt,27,-25.0,1,66.000,0.1334,0.1268
kp25 run1.txt,27,-25.0,1,67.000,0.1279,0.1280
kp25 run1.txt,27,-25.0,1,68.000,0.1199,0.1291
kp25 run1.txt,27,-25.0,1,69.000,0.1312,0.1301
kp25 run1.txt,27,-25.0,1,70.000,0.1290,0.1310
kp25 run1.txt,27,-25.0,1,71.000,0.1308,0.1317
kp25 run1.txt,27,-25.0,1,72.000,0.1363,0.1324
kp25 run1.txt,27,-25.0,1,73.000,0.1305,0.1330
kp25 run1.txt,27,-25.0,1,74.000,0.1326,0.1335
kp25 run1.txt,27,-25.0,1,75.000,0.1341,0.1339
kp25 run1.txt,27,-25.0,1,76.000,0.1326,0.1342
kp25 run1.txt,27,-25.0,1,77.000,0.1337,0.1344
kp25 run1.txt,27,-25.0,1,78.000,0.1326,0.1345
kp25 run1.txt,27,-25.0,1,79.000,0.1326,0.1346
kp25 run1.txt,27,-25.0,1,80.000,0.1414,0.1346
kp25 run1.txt,27,-25.0,1,81.000,0.1319,0.1345
kp25 run1.txt,27,-25.0,1,82.000,0.1312,0.1343
kp25 run1.txt,27,-25.0,1,83.000,0.1297,0.1341
kp25 run1.txt,27,-25.0,1,84.000,0.1297,0.1339
kp25 run1.txt,27,-25.0,1,85.000,0.1319,0.1335
kp25 run1.txt,27,-25.0,1,86.000,0.1334,0.1331
kp25 run1.txt,27,-25.0,1,87.000,0.1326,0.1327
kp25 run1.txt,27,-25.0,1,88.000,0.1367,0.1322
kp25 run1.txt,27,-25.0,1,89.000,0.1316,0.1317
kp25 run1.txt,27,-25.0,1,90.000,0.1286,0.1311
kp25 run1.txt,27,-25.0,1,91.000,0.1261,0.1305
kp25 run1.txt,27,-25.0,1,92.000,0.1308,0.1298
kp25 run1.txt,27,-25.0,1,93.000,0.1268,0.1292
kp25 run1.txt,27,-25.0,1,94.000,0.1261,0.1284
kp25 run1.txt,27,-25.0,1,95.000,0.1224,0.1277
kp25 run1.txt,27,-25.0,1,96.000,0.1246,0.1270
kp25 run1.txt,27,-25.0,1,97.000,0.1261,0.1262
kp25 run1.txt,27,-25.0,1,98.000,0.1232,0.1254
kp25 run1.txt,27,-25.0,1,99.000,0.1221,0.1246
kp25 run1.txt,27,-25.0,1,100.000,0.1264,0.1237
kp25 run1.txt,27,-25.0,1,101.000,0.1151,0.1229
kp25 run1.txt,27,-25.0,1,102.000,0.1203,0.1220
kp25 run1.txt,27,-25.0,1,103.000,0.1151,0.1212
kp25 run1.txt,27,-25.0,1,104.000,0.1173,0.1203
kp25 run1.txt,27,-25.0,1,105.000,0.1108,0.1195
kp25 run1.txt,27,-25.0,1,106.000,0.1115,0.1186
kp25 run1.txt,27,-25.0,1,107.000,0.1137,0.1178
kp25 run1.txt,27,-25.0,1,108.000,0.1133,0.1169
kp25 run1.txt,27,-25.0,1,109.000,0.1064,0.1160
kp25 run1.txt,27,-25.0,1,110.000,0.1126,0.1152
kp25 run1.txt,27,-25.0,1,111.000,0.1093,0.1144
kp25 run1.txt,27,-25.0,1,112.000,0.1064,0.1135
kp25 run1.txt,27,-25.0,1,113.000,0.1090,0.1127
kp25 run1.txt,27,-25.0,1,114.000,0.1064,0.1119
kp25 run1.txt,27,-25.0,1,115.000,0.1137,0.1111
kp25 run1.txt,27,-25.0,1,116.000,0.1028,0.1103
kp25 run1.txt,27,-25.0,1,117.000,0.1035,0.1096
kp25 run1.txt,27,-25.0,1,118.000,0.1006,0.1088
kp25 run1.txt,27,-25.0,1,119.000,0.1009,0.1081
kp25 run1.txt,27,-25.0,1,120.000,0.0933,0.1074
kp25 run1.txt,27,-25.0,1,121.000,0.0995,0.1067
kp25 run1.txt,27,-25.0,1,122.000,0.1006,0.1060
kp25 run1.txt,27,-25.0,1,123.000,0.0947,0.1054
kp25 run1.txt,27,-25.0,1,124.000,0.0929,0.1047
kp25 run1.txt,27,-25.0,1,125.000,0.0911,0.1041
kp25 run1.txt,27,-25.0,1,126.000,0.0966,0.1035
kp25 run1.txt,27,-25.0,1,127.000,0.0929,0.1029
kp25 run1.txt,27,-25.0,1,128.000,0.0977,0.1024
kp25 run1.txt,27,-25.0,1,129.000,0.0977,0.1019
kp25 run1.txt,27,-25.0,1,130.000,0.0962,0.1014
kp25 run1.txt,27,-25.0,1,131.000,0.0947,0.1009
kp25 run1.txt,27,-25.0,1,132.000,0.0925,0.1004
kp25 run1.txt,27,-25.0,1,133.000,0.0947,0.1000
kp25 run1.txt,27,-25.0,1,134.000,0.0962,0.0996
kp25 run1.txt,27,-25.0,1,135.000,0.0936,0.0992
kp25 run1.txt,27,-25.0,1,136.000,0.0867,0.0988
kp25 run1.txt,27,-25.0,1,137.000,0.0929,0.0984
kp25 run1.txt,27,-25.0,1,138.000,0.0958,0.0981
kp25 run1.txt,27,-25.0,1,139.000,0.1006,0.0978
kp25 run1.txt,27,-25.0,1,140.000,0.0977,0.0975
kp25 run1.txt,27,-25.0,1,141.000,0.0955,0.0972
kp25 run1.txt,27,-25.0,1,142.000,0.0933,0.0970
kp25 run1.txt,27,-25.0,1,143.000,0.0947,0.0968
kp25 run1.txt,27,-25.0,1,144.000,0.0955,0.0965
kp25 run1.txt,27,-25.0,1,145.000,0.0998,0.0963
kp25 run1.txt,27,-25.0,1,146.000,0.0955,0.0962
kp25 run1.txt,27,-25.0,1,147.000,0.0940,0.0960
kp25 run1.txt,27,-25.0,1,148.000,0.0955,0.0959
kp25 run1.txt,27,-25.0,1,149.000,0.0947,0.0958
kp25 run1.txt,27,-25.0,1,150.000,0.0962,0.0957
kp25 run1.txt,27,-25.0,1,151.000,0.0969,0.0956
kp25 run1.txt,27,-25.0,1,152.000,0.0940,0.0955
kp25 run1.txt,27,-25.0,1,153.000,0.0940,0.0954
kp25 run1.txt,27,-25.0,1,154.000,0.0940,0.0954
kp25 run1.txt,27,-25.0,1,155.000,0.0940,0.0954
kp25 run1.txt,27,-25.0,1,156.000,0.0904,0.0954
kp25 run1.txt,27,-25.0,1,157.000,0.0969,0.0953
kp25 run1.txt,27,-25.0,1,158.000,0.0940,0.0954
kp25 run1.txt,27,-25.0,1,159.000,0.0962,0.0954
kp25 run1.txt,27,-25.0,1,160.000,0.0958,0.0954
kp25 run1.txt,27,-25.0,1,161.000,0.0962,0.0954
kp25 run1.txt,27,-25.0,1,162.000,0.0845,0.0955
kp25 run1.txt,27,-25.0,1,163.000,0.0940,0.0956
kp25 run1.txt,27,-25.0,1,164.000,0.0962,0.0956
kp25 run1.txt,27,-25.0,1,165.000,0.0955,0.0957
kp25 run1.txt,27,-25.0,1,166.000,0.0882,0.0958
kp25 run1.txt,27,-25.0,1,167.000,0.0962,0.0959
kp25 run1.txt,27,-25.0,1,168.000,0.0958,0.0960
kp25 run1.txt,27,-25.0,1,169.000,0.0991,0.0961
kp25 run1.txt,27,-25.0,1,170.000,0.1086,0.0962
kp25 run1.txt,27,-25.0,1,171.000,0.0984,0.0963
kp25 run1.txt,27,-25.0,1,172.000,0.1017,0.0964
kp25 run1.txt,27,-25.0,1,173.000,0.0991,0.0966
kp25 run1.txt,27,-25.0,1,174.000,0.0977,0.0967
kp25 run1.txt,27,-25.0,1,175.000,0.1049,0.0968
kp25 run1.txt,27,-25.0,1,176.000,0.1006,0.0969
kp25 run1.txt,27,-25.0,1,177.000,0.1046,0.0971
kp25 run1.txt,27,-25.0,1,178.000,0.1009,0.0972
kp25 run1.txt,27,-25.0,1,179.000,0.1006,0.0974
kp25 run1.txt,27,-25.0,1,180.000,0.0998,0.0975
kp25 run1.txt,27,-25.0,1,181.000,0.1013,0.0976
kp25 run1.txt,27,-25.0,1,182.000,0.0987,0.0978
kp25 run1.txt,27,-25.0,1,183.000,0.0998,0.0979
kp25 run1.txt,27,-25.0,1,184.000,0.1057,0.0981
kp25 run1.txt,27,-25.0,1,185.000,0.0998,0.0982
kp25 run1.txt,27,-25.0,1,186.000,0.1013,0.0984
kp25 run1.txt,27,-25.0,1,187.000,0.0998,0.0985
kp25 run1.txt,27,-25.0,1,188.000,0.1020,0.0986
kp25 run1.txt,27,-25.0,1,189.000,0.0998,0.0988
kp25 run1.txt,27,-25.0,1,190.000,0.0998,0.0989
kp25 run1.txt,27,-25.0,1,191.000,0.0969,0.0991
kp25 run1.txt,27,-25.0,1,192.000,0.0991,0.0992
kp25 run1.txt,27,-25.0,1,193.000,0.1017,0.0993
kp25 run1.txt,27,-25.0,1,194.000,0.0984,0.0994
kp25 run1.txt,27,-25.0,1,195.000,0.1006,0.0996
kp25 run1.txt,27,-25.0,1,196.000,0.1017,0.0997
kp25 run1.txt,27,-25.0,1,197.000,0.1035,0.0998
kp25 run1.txt,27,-25.0,1,198.000,0.1020,0.0999
kp25 run1.txt,27,-25.0,1,199.000,0.1020,0.1000
kp25 run1.txt,27,-25.0,1,200.000,0.0823,0.1002
kp25 run1.txt,27,-25.0,1,201.000,0.1017,0.1003
kp25 run1.txt,27,-25.0,1,202.000,0.0984,0.1004
kp25 run1.txt,27,-25.0,1,203.000,0.0998,0.1005
kp25 run1.txt,27,-25.0,1,204.000,0.0991,0.1006
kp25 run1.txt,27,-25.0,1,205.000,0.1020,0.1007
kp25 run1.txt,27,-25.0,1,206.000,0.1013,0.1008
kp25 run1.txt,27,-25.0,1,207.000,0.1013,0.1008
kp25 run1.txt,27,-25.0,1,208.000,0.1006,0.1009
kp25 run1.txt,27,-25.0,1,209.000,0.1006,0.1010
kp25 run1.txt,27,-25.0,1,210.000,0.1049,0.1011
kp25 run1.txt,27,-25.0,1,211.000,0.1028,0.1011
kp25 run1.txt,27,-25.0,1,212.000,0.0955,0.1012
kp25 run1.txt,27,-25.0,1,213.000,0.1028,0.1013
kp25 run1.txt,27,-25.0,1,214.000,0.1028,0.1013
kp25 run1.txt,27,-25.0,1,215.000,0.0998,0.1014
kp25 run1.txt,27,-25.0,1,216.000,0.0998,0.1014
kp25 run1.txt,27,-25.0,1,217.000,0.1028,0.1015
kp25 run1.txt,27,-25.0,1,218.000,0.0991,0.1015
kp25 run1.txt,27,-25.0,1,219.000,0.1017,0.1016
kp25 run1.txt,27,-25.0,1,220.000,0.0991,0.1016
kp25 run1.txt,27,-25.0,1,221.000,0.1031,0.1017
kp25 run1.txt,27,-25.0,1,222.000,0.0991,0.1017
kp25 run1.txt,27,-25.0,1,223.000,0.0998,0.1017
kp25 run1.txt,27,-25.0,1,224.000,0.1006,0.1018
kp25 run1.txt,27,-25.0,1,225.000,0.1031,0.1018
kp25 run1.txt,27,-25.0,1,226.000,0.1024,0.1018
kp25 run1.txt,27,-25.0,1,227.000,0.0955,0.1018
kp25 run1.txt,27,-25.0,1,228.000,0.1035,0.1018
kp25 run1.txt,27,-25.0,1,229.000,0.1006,0.1018
kp25 run1.txt,27,-25.0,1,230.000,0.0998,0.1019
kp25 run1.txt,27,-25.0,1,231.000,0.0987,0.1019
kp25 run1.txt,27,-25.0,1,232.000,0.0998,0.1019
kp25 run1.txt,27,-25.0,1,233.000,0.0977,0.1019
kp25 run1.txt,27,-25.0,1,234.000,0.1017,0.1019
kp25 run1.txt,27,-25.0,1,235.000,0.1006,0.1019
kp25 run1.txt,27,-25.0,1,236.000,0.0998,0.1019
kp25 run1.txt,27,-25.0,1,237.000,0.0998,0.1019
kp25 run1.txt,27,-25.0,1,238.000,0.0998,0.1019
kp25 run1.txt,27,-25.0,1,239.000,0.0966,0.1019
kp25 run1.txt,27,-25.0,1,240.000,0.0918,0.1018
kp25 run1.txt,27,-25.0,1,241.000,0.0969,0.1018
kp25 run1.txt,27,-25.0,1,242.000,0.0998,0.1018
kp25 run1.txt,27,-25.0,1,243.000,0.0998,0.1018
kp25 run1.txt,27,-25.0,1,244.000,0.0998,0.1018
kp25 run1.txt,27,-25.0,1,245.000,0.1006,0.1018
kp25 run1.txt,27,-25.0,1,246.000,0.1013,0.1018
kp25 run1.txt,27,-25.0,1,247.000,0.0998,0.1017
kp25 run1.txt,27,-25.0,1,248.000,0.1020,0.1017
kp25 run1.txt,27,-25.0,1,249.000,0.1028,0.1017
kp25 run1.txt,27,-25.0,1,250.000,0.1006,0.1017
kp25 run1.txt,27,-25.0,1,251.000,0.1028,0.1017
kp25 run1.txt,27,-25.0,1,252.000,0.1035,0.1016
kp25 run1.txt,27,-25.0,1,253.000,0.0977,0.1016
kp25 run1.txt,27,-25.0,1,254.000,0.1028,0.1016
kp25 run1.txt,27,-25.0,1,255.000,0.1031,0.1016
kp25 run1.txt,27,-25.0,1,256.000,0.0998,0.1016
kp25 run1.txt,27,-25.0,1,257.000,0.0998,0.1015
kp25 run1.txt,27,-25.0,1,258.000,0.0977,0.1015
kp25 run1.txt,27,-25.0,1,259.000,0.1017,0.1015
kp25 run1.txt,27,-25.0,1,260.000,0.1013,0.1015
kp25 run1.txt,27,-25.0,1,261.000,0.1006,0.1014
kp25 run1.txt,27,-25.0,1,262.000,0.0998,0.1014
kp25 run1.txt,27,-25.0,1,263.000,0.0998,0.1014
kp25 run1.txt,27,-25.0,1,264.000,0.0991,0.1014
kp25 run1.txt,27,-25.0,1,265.000,0.0998,0.1013
kp25 run1.txt,27,-25.0,1,266.000,0.1006,0.1013
kp25 run1.txt,27,-25.0,1,267.000,0.1013,0.1013
kp25 run1.txt,27,-25.0,1,268.000,0.0984,0.1013
kp25 run1.txt,27,-25.0,1,269.000,0.1006,0.1013
kp25 run1.txt,27,-25.0,1,270.000,0.1071,0.1012
kp25 run1.txt,27,-25.0,1,271.000,0.1017,0.1012
kp25 run1.txt,27,-25.0,1,272.000,0.1020,0.1012
kp25 run1.txt,27,-25.0,1,273.000,0.1006,0.1012
kp25 run1.txt,27,-25.0,1,274.000,0.1115,0.1011
kp25 run1.txt,27,-25.0,1,275.000,0.0998,0.1011
kp25 run1.txt,27,-25.0,1,276.000,0.0998,0.1011
kp25 run1.txt,27,-25.0,1,277.000,0.1013,0.1011
kp25 run1.txt,27,-25.0,1,278.000,0.0998,0.1011
kp25 run1.txt,27,-25.0,1,279.000,0.1006,0.1011
kp25 run1.txt,27,-25.0,1,280.000,0.1013,0.1010
kp25 run1.txt,27,-25.0,1,281.000,0.1017,0.1010
kp25 run1.txt,27,-25.0,1,282.000,0.1017,0.1010
kp25 run1.txt,27,-25.0,1,283.000,0.1133,0.1010
kp25 run1.txt,27,-25.0,1,284.000,0.0940,0.1010
kp25 run1.txt,27,-25.0,1,285.000,0.1057,0.1010
kp25 run1.txt,27,-25.0,1,286.000,0.1020,0.1009
kp25 run1.txt,27,-25.0,1,287.000,0.1053,0.1009
kp25 run1.txt,27,-25.0,1,288.000,0.1057,0.1009
kp25 run1.txt,27,-25.0,1,289.000,0.0998,0.1009
kp25 run1.txt,27,-25.0,1,290.000,0.0911,0.1009
kp25 run1.txt,27,-25.0,1,291.000,0.0984,0.1009
kp25 run1.txt,27,-25.0,1,292.000,0.1035,0.1009
kp25 run1.txt,27,-25.0,1,293.000,0.1017,0.1009
kp25 run1.txt,27,-25.0,1,294.000,0.0995,0.1009
kp25 run1.txt,27,-25.0,1,295.000,0.0998,0.1009
kp25 run1.txt,27,-25.0,1,296.000,0.1006,0.1008
kp25 run1.txt,27,-25.0,1,297.000,0.1079,0.1008
kp25 run1.txt,27,-25.0,1,298.000,0.1108,0.1008
kp25 run1.txt,27,-25.0,1,299.000,0.0991,0.1008
kp25 run1.txt,27,-25.0,1,300.000,0.0977,0.1008
kp25 run1.txt,27,-25.0,1,301.000,0.1064,0.1008
kp25 run1.txt,27,-25.0,1,302.000,0.1020,0.1008
kp25 run1.txt,27,-25.0,1,303.000,0.0998,0.1008
kp25 run1.txt,27,-25.0,1,304.000,0.1006,0.1008
kp25 run1.txt,27,-25.0,1,305.000,0.0998,0.1008
kp25 run1.txt,27,-25.0,1,306.000,0.0991,0.1008
kp25 run1.txt,27,-25.0,1,307.000,0.1020,0.1008
kp25 run1.txt,27,-25.0,1,308.000,0.0991,0.1008
kp25 run1.txt,27,-25.0,1,309.000,0.1042,0.1008
kp25 run1.txt,27,-25.0,1,310.000,0.1006,0.1008
kp25 run1.txt,27,-25.0,1,311.000,0.1006,0.1008
kp25 run1.txt,27,-25.0,1,312.000,0.0944,0.1008
kp25 run1.txt,27,-25.0,1,313.000,0.1006,0.1008
kp25 run1.txt,27,-25.0,1,314.000,0.1028,0.1008
kp25 run1.txt,27,-25.0,1,315.000,0.1020,0.1008
kp25 run1.txt,27,-25.0,1,316.000,0.1006,0.1008
kp25 run1.txt,27,-25.0,1,317.000,0.0998,0.1008
kp25 run1.txt,27,-25.0,1,318.000,0.0998,0.1008
kp25 run1.txt,27,-25.0,1,319.000,0.0998,0.1008
kp25 run1.txt,27,-25.0,1,320.000,0.1035,0.1008
kp25 run1.txt,27,-25.0,1,321.000,0.1013,0.1008
kp25 run1.txt,27,-25.0,1,322.000,0.1006,0.1008
kp25 run1.txt,27,-25.0,1,323.000,0.0977,0.1008
kp25 run1.txt,27,-25.0,1,324.000,0.1006,0.1008
kp25 run1.txt,27,-25.0,1,325.000,0.0998,0.1008
kp25 run1.txt,27,-25.0,1,326.000,0.0977,0.1008
kp25 run1.txt,27,-25.0,1,327.000,0.0998,0.1008
kp25 run1.txt,27,-25.0,1,328.000,0.0998,0.1008
kp25 run1.txt,27,-25.0,1,329.000,0.1013,0.1008
kp25 run1.txt,27,-25.0,1,330.000,0.1006,0.1008
kp25 run1.txt,27,-25.0,1,331.000,0.1013,0.1008
kp25 run1.txt,27,-25.0,1,332.000,0.0962,0.1008
kp25 run1.txt,27,-25.0,1,333.000,0.0984,0.1008
kp25 run1.txt,27,-25.0,1,334.000,0.0998,0.1008
kp25 run1.txt,27,-25.0,1,335.000,0.1017,0.1009
kp25 run1.txt,27,-25.0,1,336.000,0.1020,0.1009
kp25 run1.txt,27,-25.0,1,337.000,0.1013,0.1009
kp25 run1.txt,27,-25.0,1,338.000,0.1006,0.1009
kp25 run1.txt,27,-25.0,1,339.000,0.1006,0.1009
kp25 run1.txt,27,-25.0,1,340.000,0.1020,0.1009
kp25 run1.txt,27,-25.0,1,341.000,0.1006,0.1009
kp25 run1.txt,27,-25.0,1,342.000,0.1013,0.1009
kp25 run1.txt,27,-25.0,1,343.000,0.1013,0.1009
kp25 run1.txt,27,-25.0,1,344.000,0.0987,0.1009
kp25 run1.txt,27,-25.0,1,345.000,0.0991,0.1009
kp25 run1.txt,27,-25.0,1,346.000,0.0977,0.1009
kp25 run1.txt,27,-25.0,1,347.000,0.1020,0.1009
kp25 run1.txt,27,-25.0,1,348.000,0.1013,0.1009
kp25 run1.txt,27,-25.0,1,349.000,0.0991,0.1009
kp25 run1.txt,27,-25.0,1,350.000,0.1006,0.1009
kp25 run1.txt,27,-25.0,1,351.000,0.1006,0.1009
kp25 run1.txt,27,-25.0,1,352.000,0.1024,0.1009
kp25 run1.txt,27,-25.0,1,353.000,0.0998,0.1009
kp25 run1.txt,27,-25.0,1,354.000,0.0987,0.1009
kp25 run1.txt,27,-25.0,1,355.000,0.1006,0.1009
kp25 run1.txt,27,-25.0,1,356.000,0.1013,0.1009
kp25 run1.txt,27,-25.0,1,357.000,0.0998,0.1009
kp25 run1.txt,27,-25.0,1,358.000,0.1024,0.1009
kp25 run1.txt,27,-25.0,1,359.000,0.1017,0.1009
kp25 run1.txt,27,-25.0,1,360.000,0.1042,0.1009
kp25 run1.txt,27,-25.0,1,361.000,0.1006,0.1009
kp25 run1.txt,27,-25.0,1,362.000,0.0984,0.1009
kp25 run1.txt,27,-25.0,1,363.000,0.1017,0.1009
kp25 run1.txt,27,-25.0,1,364.000,0.1006,0.1009
kp25 run1.txt,27,-25.0,1,365.000,0.0984,0.1010
kp25 run1.txt,27,-25.0,1,366.000,0.1013,0.1010
kp25 run1.txt,27,-25.0,1,367.000,0.0933,0.1010
kp25 run1.txt,27,-25.0,1,368.000,0.0998,0.1010
kp25 run1.txt,27,-25.0,1,369.000,0.0998,0.1010
kp25 run1.txt,27,-25.0,1,370.000,0.0998,0.1010
kp25 run1.txt,27,-25.0,1,371.000,0.0991,0.1010
kp25 run1.txt,27,-25.0,1,372.000,0.0998,0.1010
kp25 run1.txt,27,-25.0,1,373.000,0.0998,0.1010
kp25 run1.txt,27,-25.0,1,374.000,0.0940,0.1010
kp25 run1.txt,27,-25.0,1,375.000,0.0842,0.1010
kp25 run1.txt,27,-25.0,1,376.000,0.1013,0.1010
kp25 run1.txt,27,-25.0,1,377.000,0.1006,0.1010
kp25 run1.txt,27,-25.0,1,378.000,0.0831,0.1010
kp25 run1.txt,27,-25.0,1,379.000,0.0958,0.1010
kp25 run1.txt,27,-25.0,1,380.000,0.1020,0.1010
kp25 run1.txt,27,-25.0,1,381.000,0.1006,0.1010
kp25 run1.txt,27,-25.0,1,382.000,0.0998,0.1010
kp25 run1.txt,27,-25.0,1,383.000,0.1100,0.1010
kp25 run1.txt,27,-25.0,1,384.000,0.0998,0.1010
kp25 run1.txt,27,-25.0,1,385.000,0.1028,0.1010
kp25 run1.txt,27,-25.0,1,386.000,0.0951,0.1010
kp25 run1.txt,27,-25.0,1,387.000,0.1013,0.1010
kp25 run1.txt,27,-25.0,1,388.000,0.0933,0.1010
kp25 run1.txt,27,-25.0,1,389.000,0.0998,0.1010
kp25 run1.txt,27,-25.0,1,390.000,0.0998,0.1010
kp25 run1.txt,27,-25.0,1,391.000,0.0991,0.1010
kp25 run1.txt,27,-25.0,1,392.000,0.1017,0.1010
kp25 run1.txt,27,-25.0,1,393.000,0.0998,0.1010
kp25 run1.txt,27,-25.0,1,394.000,0.1013,0.1010
kp25 run1.txt,27,-25.0,1,395.000,0.0998,0.1010
kp25 run1.txt,27,-25.0,1,396.000,0.1006,0.1010
kp25 run1.txt,27,-25.0,1,397.000,0.0998,0.1010
kp25 run1.txt,27,-25.0,1,398.000,0.0991,0.1010
kp25 run1.txt,27,-25.0,1,399.000,0.0998,0.1010
kp25 run1.txt,27,-25.0,1,400.000,0.0998,0.1010
kp25 run1.txt,27,-25.0,1,401.000,0.0991,0.1010
kp25 run1.txt,27,-25.0,1,402.000,0.1028,0.1010
kp25 run1.txt,27,-25.0,1,403.000,0.1006,0.1010
kp25 run1.txt,27,-25.0,1,404.000,0.0991,0.1010
kp25 run1.txt,27,-25.0,1,405.000,0.0977,0.1010
kp25 run1.txt,27,-25.0,1,406.000,0.1006,0.1010
kp25 run1.txt,27,-25.0,1,407.000,0.0991,0.1010
kp25 run1.txt,27,-25.0,1,408.000,0.1020,0.1010
kp25 run1.txt,27,-25.0,1,409.000,0.0991,0.1010
kp25 run1.txt,27,-25.0,1,410.000,0.1006,0.1010
kp25 run1.txt,27,-25.0,1,411.000,0.1028,0.1010
kp25 run1.txt,27,-25.0,1,412.000,0.1006,0.1010
kp25 run1.txt,27,-25.0,1,413.000,0.0955,0.1010
kp25 run1.txt,27,-25.0,1,414.000,0.1006,0.1010
kp25 run1.txt,27,-25.0,1,415.000,0.0998,0.1010
kp25 run1.txt,27,-25.0,1,416.000,0.0998,0.1010
kp25 run1.txt,27,-25.0,1,417.000,0.1028,0.1010
kp25 run1.txt,27,-25.0,1,418.000,0.0874,0.1010
kp25 run1.txt,27,-25.0,1,419.000,0.1049,0.1010
kp25 run1.txt,27,-25.0,1,420.000,0.1020,0.1010
kp25 run1.txt,27,-25.0,1,421.000,0.1064,0.1010
kp25 run1.txt,27,-25.0,1,422.000,0.0984,0.1010
kp25 run1.txt,27,-25.0,1,423.000,0.1028,0.1010
kp25 run1.txt,27,-25.0,1,424.000,0.0991,0.1010
kp25 run1.txt,27,-25.0,1,425.000,0.1137,0.1010
kp25 run1.txt,27,-25.0,1,426.000,0.1013,0.1010
kp25 run1.txt,27,-25.0,1,427.000,0.1006,0.1010
kp25 run1.txt,27,-25.0,1,428.000,0.1020,0.1010
kp25 run1.txt,27,-25.0,1,429.000,0.0991,0.1010
kp25 run1.txt,27,-25.0,1,430.000,0.0962,0.1010
kp25 run1.txt,27,-25.0,1,431.000,0.0984,0.1010
kp25 run1.txt,27,-25.0,1,432.000,0.1028,0.1010
kp25 run1.txt,27,-25.0,1,433.000,0.1049,0.1010
kp25 run1.txt,27,-25.0,1,434.000,0.0947,0.1009
kp25 run1.txt,27,-25.0,1,435.000,0.0991,0.1009
kp25 run1.txt,27,-25.0,1,436.000,0.0998,0.1009
kp25 run1.txt,27,-25.0,1,437.000,0.0987,0.1009
kp25 run1.txt,27,-25.0,1,438.000,0.1006,0.1009
kp25 run1.txt,27,-25.0,1,439.000,0.0969,0.1009
kp25 run1.txt,27,-25.0,1,440.000,0.1006,0.1009
kp25 run1.txt,27,-25.0,1,441.000,0.1064,0.1009
kp25 run1.txt,27,-25.0,1,442.000,0.1071,0.1009
kp25 run1.txt,27,-25.0,1,443.000,0.0998,0.1009
kp25 run1.txt,27,-25.0,1,444.000,0.0998,0.1009
kp25 run1.txt,27,-25.0,1,445.000,0.1006,0.1009
kp25 run1.txt,27,-25.0,1,446.000,0.0998,0.1009
kp25 run1.txt,27,-25.0,1,447.000,0.1006,0.1009
kp25 run1.txt,27,-25.0,1,448.000,0.0955,0.1009
kp25 run1.txt,27,-25.0,1,449.000,0.1017,0.1009
kp25 run1.txt,27,-25.0,1,450.000,0.0998,0.1009
kp25 run1.txt,27,-25.0,1,451.000,0.0998,0.1009
kp25 run1.txt,27,-25.0,1,452.000,0.0998,0.1009
kp25 run1.txt,27,-25.0,1,453.000,0.0995,0.1009
kp25 run1.txt,27,-25.0,1,454.000,0.1013,0.1009
kp25 run1.txt,27,-25.0,1,455.000,0.1017,0.1009
kp25 run1.txt,27,-25.0,1,456.000,0.1046,0.1009
kp25 run1.txt,27,-25.0,1,457.000,0.1013,0.1009
kp25 run1.txt,27,-25.0,1,458.000,0.1020,0.1009
kp25 run1.txt,27,-25.0,1,459.000,0.1038,0.1009
kp25 run1.txt,27,-25.0,1,460.000,0.0977,0.1009
kp25 run1.txt,27,-25.0,1,461.000,0.1006,0.1009
kp25 run1.txt,27,-25.0,1,462.000,0.0889,0.1009
kp25 run1.txt,27,-25.0,1,463.000,0.1035,0.1009
kp25 run1.txt,27,-25.0,1,464.000,0.1013,0.1009
kp25 run1.txt,27,-25.0,1,465.000,0.1028,0.1009
kp25 run1.txt,27,-25.0,1,466.000,0.1028,0.1009
kp25 run1.txt,27,-25.0,1,467.000,0.1017,0.1009
kp25 run1.txt,27,-25.0,1,468.000,0.0998,0.1009
kp25 run1.txt,27,-25.0,1,469.000,0.0987,0.1009
kp25 run1.txt,27,-25.0,1,470.000,0.1221,0.1009
kp25 run1.txt,27,-25.0,1,471.000,0.1006,0.1009
kp25 run1.txt,27,-25.0,1,472.000,0.1020,0.1009
kp25 run1.txt,27,-25.0,1,473.000,0.0998,0.1009
kp25 run1.txt,27,-25.0,1,474.000,0.1017,0.1009
kp25 run1.txt,27,-25.0,1,475.000,0.1049,0.1009
kp25 run1.txt,27,-25.0,1,476.000,0.0991,0.1009
kp25 run1.txt,27,-25.0,1,477.000,0.1020,0.1009
kp25 run1.txt,27,-25.0,1,478.000,0.1020,0.1009
kp25 run1.txt,27,-25.0,1,479.000,0.0987,0.1009
kp25 run1.txt,27,-25.0,1,480.000,0.0998,0.1009
kp25 run1.txt,27,-25.0,1,481.000,0.0940,0.1009
kp25 run1.txt,27,-25.0,1,482.000,0.0991,0.1009
kp25 run1.txt,27,-25.0,1,483.000,0.1006,0.1009
kp25 run1.txt,27,-25.0,1,484.000,0.0940,0.1009
kp25 run1.txt,27,-25.0,1,485.000,0.0998,0.1009
kp25 run1.txt,27,-25.0,1,486.000,0.1020,0.1009
kp25 run1.txt,27,-25.0,1,487.000,0.0998,0.1009
kp25 run1.txt,27,-25.0,1,488.000,0.1038,0.1009
kp25 run1.txt,27,-25.0,1,489.000,0.1009,0.1009
kp25 run1.txt,27,-25.0,1,490.000,0.0998,0.1009
kp25 run1.txt,27,-25.0,1,491.000,0.1006,0.1009
kp25 run1.txt,27,-25.0,1,492.000,0.0995,0.1009
kp25 run1.txt,27,-25.0,1,493.000,0.1017,0.1009
kp25 run1.txt,27,-25.0,1,494.000,0.1017,0.1009
kp25 run1.txt,27,-25.0,1,495.000,0.0962,0.1009
kp25 run1.txt,27,-25.0,1,496.000,0.1006,0.1009
kp25 run1.txt,27,-25.0,1,497.000,0.1017,0.1009
kp25 run1.txt,27,-25.0,1,498.000,0.1006,0.1009
kp25 run1.txt,27,-25.0,1,499.000,0.0947,0.1009
kp25 run1.txt,27,-25.0,1,500.000,0.0998,0.1009
kp25 run1.txt,27,-25.0,1,501.000,0.1049,0.1009
kp25 run1.txt,27,-25.0,1,502.000,0.0998,0.1009
kp25 run1.txt,27,-25.0,1,503.000,0.0991,0.1009
kp25 run1.txt,27,-25.0,1,504.000,0.1013,0.1009
kp25 run1.txt,27,-25.0,1,505.000,0.0962,0.1009
kp25 run1.txt,27,-25.0,1,506.000,0.1006,0.1009
kp25 run1.txt,27,-25.0,1,507.000,0.1017,0.1009
kp25 run1.txt,27,-25.0,1,508.000,0.0998,0.1009
kp25 run1.txt,27,-25.0,1,509.000,0.0998,0.1009
kp25 run1.txt,27,-25.0,1,510.000,0.0998,0.1009
kp25 run1.txt,27,-25.0,1,511.000,0.1028,0.1009
kp25 run1.txt,27,-25.0,1,512.000,0.0962,0.1009
kp25 run1.txt,27,-25.0,1,513.000,0.1038,0.1009
kp25 run1.txt,27,-25.0,1,514.000,0.0998,0.1009
kp25 run1.txt,27,-25.0,1,515.000,0.1031,0.1009
kp25 run1.txt,27,-25.0,1,516.000,0.1042,0.1009
kp25 run1.txt,27,-25.0,1,517.000,0.0987,0.1009
kp25 run1.txt,27,-25.0,1,518.000,0.0998,0.1009
kp25 run1.txt,27,-25.0,1,519.000,0.1006,0.1009
kp25 run1.txt,27,-25.0,1,520.000,0.0991,0.1009
kp25 run1.txt,27,-25.0,1,521.000,0.0991,0.1009
kp25 run1.txt,27,-25.0,1,522.000,0.0998,0.1009
kp25 run1.txt,27,-25.0,1,523.000,0.1075,0.1009
kp25 run1.txt,27,-25.0,1,524.000,0.0998,0.1009
kp25 run1.txt,27,-25.0,1,525.000,0.1009,0.1009
kp25 run1.txt,27,-25.0,1,526.000,0.0995,0.1009
kp25 run1.txt,27,-25.0,1,527.000,0.0987,0.1009
kp25 run1.txt,27,-25.0,1,528.000,0.1020,0.1009
kp25 run1.txt,27,-25.0,1,529.000,0.0987,0.1009
kp25 run1.txt,27,-25.0,1,530.000,0.1006,0.1009
kp25 run1.txt,27,-25.0,1,531.000,0.1013,0.1009
kp25 run1.txt,27,-25.0,1,532.000,0.1093,0.1009
kp25 run1.txt,27,-25.0,1,533.000,0.1020,0.1009
kp25 run1.txt,27,-25.0,1,534.000,0.0998,0.1009
kp25 run1.txt,27,-25.0,1,535.000,0.0962,0.1009
kp25 run1.txt,27,-25.0,1,536.000,0.0995,0.1009
kp25 run1.txt,27,-25.0,1,537.000,0.0962,0.1009
kp25 run1.txt,27,-25.0,1,538.000,0.1006,0.1009
kp25 run1.txt,27,-25.0,1,539.000,0.1006,0.1009
kp25 run1.txt,27,-25.0,1,540.000,0.0998,0.1009
kp25 run1.txt,27,-25.0,1,541.000,0.1006,0.1009
kp25 run1.txt,27,-25.0,1,542.000,0.1038,0.1009
kp25 run1.txt,27,-25.0,1,543.000,0.0991,0.1009
kp25 run1.txt,27,-25.0,1,544.000,0.1224,0.1009
kp25 run1.txt,27,-25.0,1,545.000,0.1006,0.1009
kp25 run1.txt,27,-25.0,1,546.000,0.0780,0.1009
kp25 run1.txt,27,-25.0,1,547.000,0.1038,0.1009
kp25 run1.txt,27,-25.0,1,548.000,0.1002,0.1009
kp25 run1.txt,27,-25.0,1,549.000,0.1086,0.1009
kp25 run1.txt,27,-25.0,1,550.000,0.1006,0.1009
kp25 run1.txt,27,-25.0,1,551.000,0.1020,0.1009
kp25 run1.txt,27,-25.0,1,552.000,0.1028,0.1009
kp25 run1.txt,27,-25.0,1,553.000,0.0969,0.1009
kp25 run1.txt,27,-25.0,1,554.000,0.1017,0.1009
kp25 run1.txt,27,-25.0,1,555.000,0.0998,0.1009
kp25 run1.txt,27,-25.0,1,556.000,0.1017,0.1009
kp25 run1.txt,27,-25.0,1,557.000,0.1013,0.1009
kp25 run1.txt,27,-25.0,1,558.000,0.0977,0.1009
kp25 run1.txt,27,-25.0,1,559.000,0.1028,0.1009
kp25 run1.txt,27,-25.0,1,560.000,0.1020,0.1009
kp25 run1.txt,27,-25.0,1,561.000,0.1042,0.1009
kp25 run1.txt,27,-25.0,1,562.000,0.1013,0.1009
kp25 run1.txt,27,-25.0,1,563.000,0.1017,0.1009
kp25 run1.txt,27,-25.0,1,564.000,0.0874,0.1009
kp25 run1.txt,27,-25.0,1,565.000,0.0998,0.1009
kp25 run1.txt,27,-25.0,1,566.000,0.0998,0.1009
kp25 run1.txt,27,-25.0,1,567.000,0.0998,0.1009
kp25 run1.txt,27,-25.0,1,568.000,0.0998,0.1009
kp25 run1.txt,27,-25.0,1,569.000,0.1097,0.1009
kp25 run1.txt,27,-25.0,1,570.000,0.1020,0.1009
kp25 run1.txt,27,-25.0,1,571.000,0.1013,0.1009
kp25 run1.txt,27,-25.0,1,572.000,0.1006,0.1009
kp25 run1.txt,27,-25.0,1,573.000,0.0998,0.1009
kp25 run1.txt,27,-25.0,1,574.000,0.1013,0.1009
kp25 run1.txt,27,-25.0,1,575.000,0.0998,0.1009
kp25 run1.txt,27,-25.0,1,576.000,0.1006,0.1009
kp25 run1.txt,27,-25.0,1,577.000,0.0998,0.1009
kp25 run1.txt,27,-25.0,1,578.000,0.1283,0.1009
kp25 run1.txt,27,-25.0,1,579.000,0.1104,0.1009
kp25 run1.txt,27,-25.0,1,580.000,0.0977,0.1009
kp25 run1.txt,27,-25.0,1,581.000,0.0998,0.1009
kp25 run1.txt,27,-25.0,1,582.000,0.0991,0.1009
kp25 run1.txt,27,-25.0,1,583.000,0.0969,0.1009
kp25 run1.txt,27,-25.0,1,584.000,0.1006,0.1009
kp25 run1.txt,27,-25.0,1,585.000,0.1064,0.1009
kp25 run1.txt,27,-25.0,1,586.000,0.1049,0.1009
kp25 run1.txt,27,-25.0,1,587.000,0.1009,0.1009
kp25 run1.txt,27,-25.0,1,588.000,0.1035,0.1009
kp25 run1.txt,27,-25.0,1,589.000,0.1020,0.1009
kp25 run1.txt,27,-25.0,1,590.000,0.1013,0.1009
kp25 run1.txt,27,-25.0,1,591.000,0.1228,0.1009
kp25 run1.txt,27,-25.0,1,592.000,0.1115,0.1009
kp25 run1.txt,27,-25.0,1,593.000,0.0998,0.1009
kp25 run1.txt,27,-25.0,1,594.000,0.0998,0.1009
kp25 run1.txt,27,-25.0,1,595.000,0.1020,0.1009
kp25 run1.txt,27,-25.0,1,596.000,0.0962,0.1009
kp25 run1.txt,27,-25.0,1,597.000,0.0987,0.1009
kp25 run1.txt,27,-25.0,1,598.000,0.1006,0.1009
kp25 run1.txt,27,-25.0,1,599.000,0.0816,0.1009
kp25 run1.txt,28,-25.0,-1,0.000,0.0977,0.0987
kp25 run1.txt,28,-25.0,-1,1.000,0.0998,0.0987
kp25 run1.txt,28,-25.0,-1,2.000,0.0987,0.0987
kp25 run1.txt,28,-25.0,-1,3.000,0.0987,0.0987
kp25 run1.txt,28,-25.0,-1,4.000,0.1064,0.0984
kp25 run1.txt,28,-25.0,-1,5.000,0.0991,0.0977
kp25 run1.txt,28,-25.0,-1,6.000,0.0969,0.0966
kp25 run1.txt,28,-25.0,-1,7.000,0.0958,0.0952
kp25 run1.txt,28,-25.0,-1,8.000,0.0947,0.0934
kp25 run1.txt,28,-25.0,-1,9.000,0.0904,0.0912
kp25 run1.txt,28,-25.0,-1,10.000,0.0882,0.0888
kp25 run1.txt,28,-25.0,-1,11.000,0.0860,0.0860
kp25 run1.txt,28,-25.0,-1,12.000,0.0809,0.0830
kp25 run1.txt,28,-25.0,-1,13.000,0.0805,0.0797
kp25 run1.txt,28,-25.0,-1,14.000,0.0736,0.0762
kp25 run1.txt,28,-25.0,-1,15.000,0.0699,0.0725
kp25 run1.txt,28,-25.0,-1,16.000,0.0667,0.0686
kp25 run1.txt,28,-25.0,-1,17.000,0.0612,0.0644
kp25 run1.txt,28,-25.0,-1,18.000,0.0597,0.0602
kp25 run1.txt,28,-25.0,-1,19.000,0.0535,0.0557
kp25 run1.txt,28,-25.0,-1,20.000,0.0466,0.0512
kp25 run1.txt,28,-25.0,-1,21.000,0.0415,0.0465
kp25 run1.txt,28,-25.0,-1,22.000,0.0386,0.0417
kp25 run1.txt,28,-25.0,-1,23.000,0.0335,0.0369
kp25 run1.txt,28,-25.0,-1,24.000,0.0284,0.0319
kp25 run1.txt,28,-25.0,-1,25.000,0.0269,0.0269
kp25 run1.txt,28,-25.0,-1,26.000,0.0342,0.0219
kp25 run1.txt,28,-25.0,-1,27.000,0.0054,0.0168
kp25 run1.txt,28,-25.0,-1,28.000,0.0182,0.0117
kp25 run1.txt,28,-25.0,-1,29.000,0.0036,0.0066
kp25 run1.txt,28,-25.0,-1,30.000,-0.0030,0.0015
kp25 run1.txt,28,-25.0,-1,31.000,-0.0059,-0.0036
kp25 run1.txt,28,-25.0,-1,32.000,-0.0121,-0.0086
kp25 run1.txt,28,-25.0,-1,33.000,-0.0150,-0.0136
kp25 run1.txt,28,-25.0,-1,34.000,-0.0190,-0.0186
kp25 run1.txt,28,-25.0,-1,35.000,-0.0259,-0.0236
kp25 run1.txt,28,-25.0,-1,36.000,-0.0328,-0.0285
kp25 run1.txt,28,-25.0,-1,37.000,-0.0365,-0.0333
kp25 run1.txt,28,-25.0,-1,38.000,-0.0438,-0.0380
kp25 run1.txt,28,-25.0,-1,39.000,-0.0482,-0.0427
kp25 run1.txt,28,-25.0,-1,40.000,-0.0540,-0.0472
kp25 run1.txt,28,-25.0,-1,41.000,-0.0646,-0.0517
kp25 run1.txt,28,-25.0,-1,42.000,-0.0606,-0.0561
kp25 run1.txt,28,-25.0,-1,43.000,-0.0664,-0.0603
kp25 run1.txt,28,-25.0,-1,44.000,-0.0708,-0.0645
kp25 run1.txt,28,-25.0,-1,45.000,-0.0715,-0.0686
kp25 run1.txt,28,-25.0,-1,46.000,-0.0780,-0.0725
kp25 run1.txt,28,-25.0,-1,47.000,-0.0832,-0.0763
kp25 run1.txt,28,-25.0,-1,48.000,-0.0897,-0.0800
kp25 run1.txt,28,-25.0,-1,49.000,-0.0970,-0.0836
kp25 run1.txt,28,-25.0,-1,50.000,-0.0963,-0.0871
kp25 run1.txt,28,-25.0,-1,51.000,-0.0977,-0.0904
kp25 run1.txt,28,-25.0,-1,52.000,-0.1014,-0.0936
kp25 run1.txt,28,-25.0,-1,53.000,-0.1072,-0.0966
kp25 run1.txt,28,-25.0,-1,54.000,-0.1072,-0.0996
kp25 run1.txt,28,-25.0,-1,55.000,-0.1101,-0.1024
kp25 run1.txt,28,-25.0,-1,56.000,-0.1123,-0.1051
kp25 run1.txt,28,-25.0,-1,57.000,-0.1141,-0.1076
kp25 run1.txt,28,-25.0,-1,58.000,-0.1167,-0.1100
kp25 run1.txt,28,-25.0,-1,59.000,-0.1189,-0.1123
kp25 run1.txt,28,-25.0,-1,60.000,-0.1240,-0.1145
kp25 run1.txt,28,-25.0,-1,61.000,-0.1240,-0.1165
kp25 run1.txt,28,-25.0,-1,62.000,-0.1258,-0.1184
kp25 run1.txt,28,-25.0,-1,63.000,-0.1269,-0.1202
kp25 run1.txt,28,-25.0,-1,64.000,-0.1313,-0.1218
kp25 run1.txt,28,-25.0,-1,65.000,-0.1284,-0.1234
kp25 run1.txt,28,-25.0,-1,66.000,-0.1291,-0.1248
kp25 run1.txt,28,-25.0,-1,67.000,-0.1302,-0.1261
kp25 run1.txt,28,-25.0,-1,68.000,-0.1345,-0.1273
kp25 run1.txt,28,-25.0,-1,69.000,-0.1335,-0.1284
kp25 run1.txt,28,-25.0,-1,70.000,-0.1335,-0.1293
kp25 run1.txt,28,-25.0,-1,71.000,-0.1349,-0.1302
kp25 run1.txt,28,-25.0,-1,72.000,-0.1335,-0.1310
kp25 run1.txt,28,-25.0,-1,73.000,-0.1393,-0.1316
kp25 run1.txt,28,-25.0,-1,74.000,-0.1342,-0.1322
kp25 run1.txt,28,-25.0,-1,75.000,-0.1335,-0.1327
kp25 run1.txt,28,-25.0,-1,76.000,-0.1364,-0.1331
kp25 run1.txt,28,-25.0,-1,77.000,-0.1349,-0.1334
kp25 run1.txt,28,-25.0,-1,78.000,-0.1356,-0.1336
kp25 run1.txt,28,-25.0,-1,79.000,-0.1364,-0.1337
kp25 run1.txt,28,-25.0,-1,80.000,-0.1338,-0.1338
kp25 run1.txt,28,-25.0,-1,81.000,-0.1356,-0.1338
kp25 run1.txt,28,-25.0,-1,82.000,-0.1356,-0.1337
kp25 run1.txt,28,-25.0,-1,83.000,-0.1488,-0.1335
kp25 run1.txt,28,-25.0,-1,84.000,-0.1356,-0.1333
kp25 run1.txt,28,-25.0,-1,85.000,-0.1327,-0.1330
kp25 run1.txt,28,-25.0,-1,86.000,-0.1335,-0.1327
kp25 run1.txt,28,-25.0,-1,87.000,-0.1342,-0.1323
kp25 run1.txt,28,-25.0,-1,88.000,-0.1342,-0.1319
kp25 run1.txt,28,-25.0,-1,89.000,-0.1335,-0.1314
kp25 run1.txt,28,-25.0,-1,90.000,-0.1101,-0.1309
kp25 run1.txt,28,-25.0,-1,91.000,-0.1316,-0.1303
kp25 run1.txt,28,-25.0,-1,92.000,-0.1320,-0.1297
kp25 run1.txt,28,-25.0,-1,93.000,-0.1327,-0.1291
kp25 run1.txt,28,-25.0,-1,94.000,-0.1305,-0.1284
kp25 run1.txt,28,-25.0,-1,95.000,-0.1298,-0.1277
kp25 run1.txt,28,-25.0,-1,96.000,-0.1247,-0.1270
kp25 run1.txt,28,-25.0,-1,97.000,-0.1269,-0.1262
kp25 run1.txt,28,-25.0,-1,98.000,-0.1247,-0.1255
kp25 run1.txt,28,-25.0,-1,99.000,-0.1211,-0.1247
kp25 run1.txt,28,-25.0,-1,100.000,-0.1203,-0.1239
kp25 run1.txt,28,-25.0,-1,101.000,-0.1211,-0.1231
kp25 run1.txt,28,-25.0,-1,102.000,-0.1225,-0.1222
kp25 run1.txt,28,-25.0,-1,103.000,-0.1196,-0.1214
kp25 run1.txt,28,-25.0,-1,104.000,-0.1181,-0.1206
kp25 run1.txt,28,-25.0,-1,105.000,-0.1196,-0.1197
kp25 run1.txt,28,-25.0,-1,106.000,-0.1101,-0.1189
kp25 run1.txt,28,-25.0,-1,107.000,-0.1138,-0.1180
kp25 run1.txt,28,-25.0,-1,108.000,-0.1116,-0.1172
kp25 run1.txt,28,-25.0,-1,109.000,-0.1101,-0.1163
kp25 run1.txt,28,-25.0,-1,110.000,-0.1123,-0.1155
kp25 run1.txt,28,-25.0,-1,111.000,-0.1094,-0.1147
kp25 run1.txt,28,-25.0,-1,112.000,-0.1087,-0.1138
kp25 run1.txt,28,-25.0,-1,113.000,-0.1087,-0.1130
kp25 run1.txt,28,-25.0,-1,114.000,-0.1072,-0.1122
kp25 run1.txt,28,-25.0,-1,115.000,-0.1061,-0.1114
kp25 run1.txt,28,-25.0,-1,116.000,-0.1072,-0.1106
kp25 run1.txt,28,-25.0,-1,117.000,-0.1043,-0.1099
kp25 run1.txt,28,-25.0,-1,118.000,-0.1065,-0.1091
kp25 run1.txt,28,-25.0,-1,119.000,-0.1021,-0.1084
kp25 run1.txt,28,-25.0,-1,120.000,-0.0846,-0.1076
kp25 run1.txt,28,-25.0,-1,121.000,-0.0985,-0.1069
kp25 run1.txt,28,-25.0,-1,122.000,-0.1050,-0.1063
kp25 run1.txt,28,-25.0,-1,123.000,-0.0974,-0.1056
kp25 run1.txt,28,-25.0,-1,124.000,-0.1006,-0.1050
kp25 run1.txt,28,-25.0,-1,125.000,-0.0963,-0.1043
kp25 run1.txt,28,-25.0,-1,126.000,-0.0988,-0.1037
kp25 run1.txt,28,-25.0,-1,127.000,-0.1014,-0.1031
kp25 run1.txt,28,-25.0,-1,128.000,-0.0955,-0.1026
kp25 run1.txt,28,-25.0,-1,129.000,-0.0999,-0.1020
kp25 run1.txt,28,-25.0,-1,130.000,-0.0948,-0.1015
kp25 run1.txt,28,-25.0,-1,131.000,-0.0839,-0.1010
kp25 run1.txt,28,-25.0,-1,132.000,-0.0908,-0.1005
kp25 run1.txt,28,-25.0,-1,133.000,-0.0934,-0.1001
kp25 run1.txt,28,-25.0,-1,134.000,-0.0919,-0.0996
kp25 run1.txt,28,-25.0,-1,135.000,-0.0934,-0.0992
kp25 run1.txt,28,-25.0,-1,136.000,-0.0948,-0.0988
kp25 run1.txt,28,-25.0,-1,137.000,-0.0926,-0.0985
kp25 run1.txt,28,-25.0,-1,138.000,-0.0959,-0.0981
kp25 run1.txt,28,-25.0,-1,139.000,-0.0963,-0.0978
kp25 run1.txt,28,-25.0,-1,140.000,-0.0941,-0.0975
kp25 run1.txt,28,-25.0,-1,141.000,-0.0952,-0.0972
kp25 run1.txt,28,-25.0,-1,142.000,-0.0861,-0.0969
kp25 run1.txt,28,-25.0,-1,143.000,-0.0937,-0.0967
kp25 run1.txt,28,-25.0,-1,144.000,-0.0996,-0.0965
kp25 run1.txt,28,-25.0,-1,145.000,-0.0926,-0.0963
kp25 run1.txt,28,-25.0,-1,146.000,-0.0937,-0.0961
kp25 run1.txt,28,-25.0,-1,147.000,-0.0941,-0.0959
kp25 run1.txt,28,-25.0,-1,148.000,-0.0966,-0.0957
kp25 run1.txt,28,-25.0,-1,149.000,-0.0897,-0.0956
kp25 run1.txt,28,-25.0,-1,150.000,-0.0955,-0.0955
kp25 run1.txt,28,-25.0,-1,151.000,-0.0948,-0.0954
kp25 run1.txt,28,-25.0,-1,152.000,-0.0955,-0.0953
kp25 run1.txt,28,-25.0,-1,153.000,-0.0941,-0.0952
kp25 run1.txt,28,-25.0,-1,154.000,-0.1101,-0.0952
kp25 run1.txt,28,-25.0,-1,155.000,-0.0985,-0.0951
kp25 run1.txt,28,-25.0,-1,156.000,-0.0948,-0.0951
kp25 run1.txt,28,-25.0,-1,157.000,-0.0937,-0.0951
kp25 run1.txt,28,-25.0,-1,158.000,-0.0955,-0.0951
kp25 run1.txt,28,-25.0,-1,159.000,-0.0937,-0.0951
kp25 run1.txt,28,-25.0,-1,160.000,-0.0934,-0.0951
kp25 run1.txt,28,-25.0,-1,161.000,-0.0948,-0.0951
kp25 run1.txt,28,-25.0,-1,162.000,-0.0937,-0.0952
kp25 run1.txt,28,-25.0,-1,163.000,-0.0948,-0.0952
kp25 run1.txt,28,-25.0,-1,164.000,-0.0955,-0.0953
kp25 run1.txt,28,-25.0,-1,165.000,-0.0955,-0.0954
kp25 run1.txt,28,-25.0,-1,166.000,-0.0955,-0.0954
kp25 run1.txt,28,-25.0,-1,167.000,-0.0890,-0.0955
kp25 run1.txt,28,-25.0,-1,168.000,-0.0963,-0.0956
kp25 run1.txt,28,-25.0,-1,169.000,-0.0963,-0.0957
kp25 run1.txt,28,-25.0,-1,170.000,-0.0977,-0.0958
kp25 run1.txt,28,-25.0,-1,171.000,-0.1006,-0.0959
kp25 run1.txt,28,-25.0,-1,172.000,-0.0992,-0.0960
kp25 run1.txt,28,-25.0,-1,173.000,-0.0963,-0.0961
kp25 run1.txt,28,-25.0,-1,174.000,-0.0966,-0.0963
kp25 run1.txt,28,-25.0,-1,175.000,-0.0985,-0.0964
kp25 run1.txt,28,-25.0,-1,176.000,-0.0992,-0.0965
kp25 run1.txt,28,-25.0,-1,177.000,-0.1006,-0.0967
kp25 run1.txt,28,-25.0,-1,178.000,-0.0992,-0.0968
kp25 run1.txt,28,-25.0,-1,179.000,-0.1025,-0.0969
kp25 run1.txt,28,-25.0,-1,180.000,-0.0970,-0.0971
kp25 run1.txt,28,-25.0,-1,181.000,-0.1043,-0.0972
kp25 run1.txt,28,-25.0,-1,182.000,-0.0992,-0.0974
kp25 run1.txt,28,-25.0,-1,183.000,-0.0992,-0.0975
kp25 run1.txt,28,-25.0,-1,184.000,-0.1025,-0.0976
kp25 run1.txt,28,-25.0,-1,185.000,-0.0970,-0.0978
kp25 run1.txt,28,-25.0,-1,186.000,-0.1065,-0.0979
kp25 run1.txt,28,-25.0,-1,187.000,-0.1014,-0.0981
kp25 run1.txt,28,-25.0,-1,188.000,-0.1021,-0.0982
kp25 run1.txt,28,-25.0,-1,189.000,-0.1036,-0.0983
kp25 run1.txt,28,-25.0,-1,190.000,-0.1058,-0.0985
kp25 run1.txt,28,-25.0,-1,191.000,-0.1050,-0.0986
kp25 run1.txt,28,-25.0,-1,192.000,-0.1050,-0.0987
kp25 run1.txt,28,-25.0,-1,193.000,-0.1043,-0.0989
kp25 run1.txt,28,-25.0,-1,194.000,-0.1021,-0.0990
kp25 run1.txt,28,-25.0,-1,195.000,-0.0963,-0.0991
kp25 run1.txt,28,-25.0,-1,196.000,-0.1014,-0.0992
kp25 run1.txt,28,-25.0,-1,197.000,-0.1014,-0.0994
kp25 run1.txt,28,-25.0,-1,198.000,-0.1006,-0.0995
kp25 run1.txt,28,-25.0,-1,199.000,-0.1021,-0.0996
kp25 run1.txt,28,-25.0,-1,200.000,-0.1006,-0.0997
kp25 run1.txt,28,-25.0,-1,201.000,-0.1036,-0.0998
kp25 run1.txt,28,-25.0,-1,202.000,-0.1043,-0.0999
kp25 run1.txt,28,-25.0,-1,203.000,-0.1003,-0.1000
kp25 run1.txt,28,-25.0,-1,204.000,-0.1138,-0.1001
kp25 run1.txt,28,-25.0,-1,205.000,-0.1025,-0.1002
kp25 run1.txt,28,-25.0,-1,206.000,-0.1006,-0.1003
kp25 run1.txt,28,-25.0,-1,207.000,-0.1050,-0.1004
kp25 run1.txt,28,-25.0,-1,208.000,-0.0999,-0.1005
kp25 run1.txt,28,-25.0,-1,209.000,-0.1006,-0.1006
kp25 run1.txt,28,-25.0,-1,210.000,-0.1021,-0.1007
kp25 run1.txt,28,-25.0,-1,211.000,-0.1021,-0.1007
kp25 run1.txt,28,-25.0,-1,212.000,-0.1047,-0.1008
kp25 run1.txt,28,-25.0,-1,213.000,-0.1025,-0.1009
kp25 run1.txt,28,-25.0,-1,214.000,-0.1043,-0.1009
kp25 run1.txt,28,-25.0,-1,215.000,-0.1072,-0.1010
kp25 run1.txt,28,-25.0,-1,216.000,-0.0963,-0.1010
kp25 run1.txt,28,-25.0,-1,217.000,-0.1043,-0.1011
kp25 run1.txt,28,-25.0,-1,218.000,-0.1036,-0.1011
kp25 run1.txt,28,-25.0,-1,219.000,-0.1021,-0.1012
kp25 run1.txt,28,-25.0,-1,220.000,-0.1050,-0.1012
kp25 run1.txt,28,-25.0,-1,221.000,-0.1006,-0.1013
kp25 run1.txt,28,-25.0,-1,222.000,-0.0992,-0.1013
kp25 run1.txt,28,-25.0,-1,223.000,-0.1014,-0.1013
kp25 run1.txt,28,-25.0,-1,224.000,-0.1021,-0.1014
kp25 run1.txt,28,-25.0,-1,225.000,-0.0999,-0.1014
kp25 run1.txt,28,-25.0,-1,226.000,-0.1014,-0.1014
kp25 run1.txt,28,-25.0,-1,227.000,-0.0996,-0.1014
kp25 run1.txt,28,-25.0,-1,228.000,-0.0985,-0.1015
kp25 run1.txt,28,-25.0,-1,229.000,-0.0996,-0.1015
kp25 run1.txt,28,-25.0,-1,230.000,-0.1006,-0.1015
kp25 run1.txt,28,-25.0,-1,231.000,-0.1006,-0.1015
kp25 run1.txt,28,-25.0,-1,232.000,-0.1014,-0.1015
kp25 run1.txt,28,-25.0,-1,233.000,-0.1014,-0.1015
kp25 run1.txt,28,-25.0,-1,234.000,-0.1003,-0.1015
kp25 run1.txt,28,-25.0,-1,235.000,-0.0992,-0.1015
kp25 run1.txt,28,-25.0,-1,236.000,-0.1036,-0.1015
kp25 run1.txt,28,-25.0,-1,237.000,-0.0992,-0.1015
kp25 run1.txt,28,-25.0,-1,238.000,-0.0985,-0.1015
kp25 run1.txt,28,-25.0,-1,239.000,-0.1021,-0.1015
kp25 run1.txt,28,-25.0,-1,240.000,-0.0985,-0.1015
kp25 run1.txt,28,-25.0,-1,241.000,-0.1006,-0.1015
kp25 run1.txt,28,-25.0,-1,242.000,-0.0996,-0.1015
kp25 run1.txt,28,-25.0,-1,243.000,-0.1006,-0.1015
kp25 run1.txt,28,-25.0,-1,244.000,-0.0992,-0.1015
kp25 run1.txt,28,-25.0,-1,245.000,-0.0999,-0.1014
kp25 run1.txt,28,-25.0,-1,246.000,-0.0992,-0.1014
kp25 run1.txt,28,-25.0,-1,247.000,-0.0996,-0.1014
kp25 run1.txt,28,-25.0,-1,248.000,-0.0992,-0.1014
kp25 run1.txt,28,-25.0,-1,249.000,-0.0999,-0.1014
kp25 run1.txt,28,-25.0,-1,250.000,-0.1036,-0.1014
kp25 run1.txt,28,-25.0,-1,251.000,-0.0955,-0.1013
kp25 run1.txt,28,-25.0,-1,252.000,-0.0985,-0.1013
kp25 run1.txt,28,-25.0,-1,253.000,-0.1014,-0.1013
kp25 run1.txt,28,-25.0,-1,254.000,-0.1006,-0.1013
kp25 run1.txt,28,-25.0,-1,255.000,-0.1021,-0.1012
kp25 run1.txt,28,-25.0,-1,256.000,-0.1014,-0.1012
kp25 run1.txt,28,-25.0,-1,257.000,-0.1014,-0.1012
kp25 run1.txt,28,-25.0,-1,258.000,-0.1043,-0.1012
kp25 run1.txt,28,-25.0,-1,259.000,-0.1028,-0.1012
kp25 run1.txt,28,-25.0,-1,260.000,-0.0999,-0.1011
kp25 run1.txt,28,-25.0,-1,261.000,-0.1006,-0.1011
kp25 run1.txt,28,-25.0,-1,262.000,-0.0992,-0.1011
kp25 run1.txt,28,-25.0,-1,263.000,-0.0999,-0.1011
kp25 run1.txt,28,-25.0,-1,264.000,-0.1017,-0.1010
kp25 run1.txt,28,-25.0,-1,265.000,-0.1006,-0.1010
kp25 run1.txt,28,-25.0,-1,266.000,-0.0996,-0.1010
kp25 run1.txt,28,-25.0,-1,267.000,-0.0985,-0.1010
kp25 run1.txt,28,-25.0,-1,268.000,-0.1003,-0.1009
kp25 run1.txt,28,-25.0,-1,269.000,-0.0999,-0.1009
kp25 run1.txt,28,-25.0,-1,270.000,-0.0996,-0.1009
kp25 run1.txt,28,-25.0,-1,271.000,-0.0999,-0.1009
kp25 run1.txt,28,-25.0,-1,272.000,-0.1006,-0.1009
kp25 run1.txt,28,-25.0,-1,273.000,-0.0966,-0.1008
kp25 run1.txt,28,-25.0,-1,274.000,-0.1058,-0.1008
kp25 run1.txt,28,-25.0,-1,275.000,-0.1014,-0.1008
kp25 run1.txt,28,-25.0,-1,276.000,-0.0999,-0.1008
kp25 run1.txt,28,-25.0,-1,277.000,-0.1006,-0.1008
kp25 run1.txt,28,-25.0,-1,278.000,-0.1014,-0.1007
kp25 run1.txt,28,-25.0,-1,279.000,-0.0996,-0.1007
kp25 run1.txt,28,-25.0,-1,280.000,-0.1010,-0.1007
kp25 run1.txt,28,-25.0,-1,281.000,-0.0996,-0.1007
kp25 run1.txt,28,-25.0,-1,282.000,-0.1061,-0.1007
kp25 run1.txt,28,-25.0,-1,283.000,-0.0955,-0.1007
kp25 run1.txt,28,-25.0,-1,284.000,-0.0937,-0.1006
kp25 run1.txt,28,-25.0,-1,285.000,-0.1006,-0.1006
kp25 run1.txt,28,-25.0,-1,286.000,-0.1006,-0.1006
kp25 run1.txt,28,-25.0,-1,287.000,-0.1014,-0.1006
kp25 run1.txt,28,-25.0,-1,288.000,-0.1021,-0.1006
kp25 run1.txt,28,-25.0,-1,289.000,-0.0996,-0.1006
kp25 run1.txt,28,-25.0,-1,290.000,-0.1021,-0.1006
kp25 run1.txt,28,-25.0,-1,291.000,-0.1003,-0.1006
kp25 run1.txt,28,-25.0,-1,292.000,-0.1014,-0.1005
kp25 run1.txt,28,-25.0,-1,293.000,-0.1006,-0.1005
kp25 run1.txt,28,-25.0,-1,294.000,-0.1028,-0.1005
kp25 run1.txt,28,-25.0,-1,295.000,-0.0992,-0.1005
kp25 run1.txt,28,-25.0,-1,296.000,-0.1145,-0.1005
kp25 run1.txt,28,-25.0,-1,297.000,-0.0992,-0.1005
kp25 run1.txt,28,-25.0,-1,298.000,-0.0981,-0.1005
kp25 run1.txt,28,-25.0,-1,299.000,-0.1021,-0.1005
kp25 run1.txt,28,-25.0,-1,300.000,-0.0934,-0.1005
kp25 run1.txt,28,-25.0,-1,301.000,-0.0985,-0.1005
kp25 run1.txt,28,-25.0,-1,302.000,-0.1083,-0.1005
kp25 run1.txt,28,-25.0,-1,303.000,-0.1014,-0.1005
kp25 run1.txt,28,-25.0,-1,304.000,-0.0996,-0.1005
kp25 run1.txt,28,-25.0,-1,305.000,-0.1112,-0.1005
kp25 run1.txt,28,-25.0,-1,306.000,-0.1014,-0.1005
kp25 run1.txt,28,-25.0,-1,307.000,-0.0992,-0.1005
kp25 run1.txt,28,-25.0,-1,308.000,-0.0759,-0.1005
kp25 run1.txt,28,-25.0,-1,309.000,-0.0955,-0.1005
kp25 run1.txt,28,-25.0,-1,310.000,-0.0999,-0.1004
kp25 run1.txt,28,-25.0,-1,311.000,-0.0996,-0.1004
kp25 run1.txt,28,-25.0,-1,312.000,-0.0992,-0.1004
kp25 run1.txt,28,-25.0,-1,313.000,-0.1014,-0.1004
kp25 run1.txt,28,-25.0,-1,314.000,-0.1054,-0.1004
kp25 run1.txt,28,-25.0,-1,315.000,-0.0985,-0.1004
kp25 run1.txt,28,-25.0,-1,316.000,-0.1109,-0.1004
kp25 run1.txt,28,-25.0,-1,317.000,-0.0970,-0.1005
kp25 run1.txt,28,-25.0,-1,318.000,-0.0977,-0.1005
kp25 run1.txt,28,-25.0,-1,319.000,-0.0999,-0.1005
kp25 run1.txt,28,-25.0,-1,320.000,-0.0955,-0.1005
kp25 run1.txt,28,-25.0,-1,321.000,-0.0985,-0.1005
kp25 run1.txt,28,-25.0,-1,322.000,-0.0996,-0.1005
kp25 run1.txt,28,-25.0,-1,323.000,-0.1006,-0.1005
kp25 run1.txt,28,-25.0,-1,324.000,-0.0999,-0.1005
kp25 run1.txt,28,-25.0,-1,325.000,-0.1006,-0.1005
kp25 run1.txt,28,-25.0,-1,326.000,-0.1050,-0.1005
kp25 run1.txt,28,-25.0,-1,327.000,-0.0992,-0.1005
kp25 run1.txt,28,-25.0,-1,328.000,-0.0977,-0.1005
kp25 run1.txt,28,-25.0,-1,329.000,-0.1006,-0.1005
kp25 run1.txt,28,-25.0,-1,330.000,-0.1043,-0.1005
kp25 run1.txt,28,-25.0,-1,331.000,-0.1025,-0.1005
kp25 run1.txt,28,-25.0,-1,332.000,-0.1006,-0.1005
kp25 run1.txt,28,-25.0,-1,333.000,-0.1014,-0.1005
kp25 run1.txt,28,-25.0,-1,334.000,-0.0948,-0.1005
kp25 run1.txt,28,-25.0,-1,335.000,-0.1021,-0.1005
kp25 run1.txt,28,-25.0,-1,336.000,-0.0999,-0.1005
kp25 run1.txt,28,-25.0,-1,337.000,-0.0970,-0.1005
kp25 run1.txt,28,-25.0,-1,338.000,-0.1014,-0.1005
kp25 run1.txt,28,-25.0,-1,339.000,-0.0992,-0.1005
kp25 run1.txt,28,-25.0,-1,340.000,-0.0996,-0.1005
kp25 run1.txt,28,-25.0,-1,341.000,-0.0966,-0.1005
kp25 run1.txt,28,-25.0,-1,342.000,-0.1006,-0.1005
kp25 run1.txt,28,-25.0,-1,343.000,-0.1006,-0.1005
kp25 run1.txt,28,-25.0,-1,344.000,-0.1025,-0.1005
kp25 run1.txt,28,-25.0,-1,345.000,-0.1021,-0.1005
kp25 run1.txt,28,-25.0,-1,346.000,-0.0904,-0.1005
kp25 run1.txt,28,-25.0,-1,347.000,-0.1087,-0.1005
kp25 run1.txt,28,-25.0,-1,348.000,-0.0996,-0.1006
kp25 run1.txt,28,-25.0,-1,349.000,-0.1014,-0.1006
kp25 run1.txt,28,-25.0,-1,350.000,-0.1021,-0.1006
kp25 run1.txt,28,-25.0,-1,351.000,-0.0999,-0.1006
kp25 run1.txt,28,-25.0,-1,352.000,-0.1025,-0.1006
kp25 run1.txt,28,-25.0,-1,353.000,-0.1006,-0.1006
kp25 run1.txt,28,-25.0,-1,354.000,-0.1014,-0.1006
kp25 run1.txt,28,-25.0,-1,355.000,-0.1036,-0.1006
kp25 run1.txt,28,-25.0,-1,356.000,-0.1021,-0.1006
kp25 run1.txt,28,-25.0,-1,357.000,-0.1006,-0.1006
kp25 run1.txt,28,-25.0,-1,358.000,-0.0970,-0.1006
kp25 run1.txt,28,-25.0,-1,359.000,-0.1028,-0.1006
kp25 run1.txt,28,-25.0,-1,360.000,-0.0996,-0.1006
kp25 run1.txt,28,-25.0,-1,361.000,-0.0996,-0.1006
kp25 run1.txt,28,-25.0,-1,362.000,-0.0883,-0.1006
kp25 run1.txt,28,-25.0,-1,363.000,-0.0999,-0.1006
kp25 run1.txt,28,-25.0,-1,364.000,-0.0985,-0.1006
kp25 run1.txt,28,-25.0,-1,365.000,-0.0992,-0.1006
kp25 run1.txt,28,-25.0,-1,366.000,-0.1006,-0.1006
kp25 run1.txt,28,-25.0,-1,367.000,-0.1006,-0.1006
kp25 run1.txt,28,-25.0,-1,368.000,-0.1050,-0.1006
kp25 run1.txt,28,-25.0,-1,369.000,-0.0985,-0.1006
kp25 run1.txt,28,-25.0,-1,370.000,-0.1028,-0.1006
kp25 run1.txt,28,-25.0,-1,371.000,-0.1014,-0.1006
kp25 run1.txt,28,-25.0,-1,372.000,-0.1006,-0.1006
kp25 run1.txt,28,-25.0,-1,373.000,-0.0992,-0.1006
kp25 run1.txt,28,-25.0,-1,374.000,-0.0966,-0.1006
kp25 run1.txt,28,-25.0,-1,375.000,-0.1043,-0.1006
kp25 run1.txt,28,-25.0,-1,376.000,-0.0996,-0.1006
kp25 run1.txt,28,-25.0,-1,377.000,-0.1017,-0.1006
kp25 run1.txt,28,-25.0,-1,378.000,-0.0948,-0.1006
kp25 run1.txt,28,-25.0,-1,379.000,-0.0977,-0.1006
kp25 run1.txt,28,-25.0,-1,380.000,-0.1017,-0.1006
kp25 run1.txt,28,-25.0,-1,381.000,-0.0977,-0.1006
kp25 run1.txt,28,-25.0,-1,382.000,-0.0999,-0.1006
kp25 run1.txt,28,-25.0,-1,383.000,-0.0999,-0.1006
kp25 run1.txt,28,-25.0,-1,384.000,-0.0999,-0.1006
kp25 run1.txt,28,-25.0,-1,385.000,-0.1014,-0.1006
kp25 run1.txt,28,-25.0,-1,386.000,-0.0992,-0.1006
kp25 run1.txt,28,-25.0,-1,387.000,-0.0948,-0.1006
kp25 run1.txt,28,-25.0,-1,388.000,-0.0890,-0.1006
kp25 run1.txt,28,-25.0,-1,389.000,-0.0996,-0.1006
kp25 run1.txt,28,-25.0,-1,390.000,-0.0985,-0.1006
kp25 run1.txt,28,-25.0,-1,391.000,-0.1006,-0.1006
kp25 run1.txt,28,-25.0,-1,392.000,-0.0985,-0.1006
kp25 run1.txt,28,-25.0,-1,393.000,-0.1003,-0.1006
kp25 run1.txt,28,-25.0,-1,394.000,-0.1014,-0.1006
kp25 run1.txt,28,-25.0,-1,395.000,-0.1017,-0.1006
kp25 run1.txt,28,-25.0,-1,396.000,-0.0948,-0.1006
kp25 run1.txt,28,-25.0,-1,397.000,-0.1065,-0.1006
kp25 run1.txt,28,-25.0,-1,398.000,-0.1014,-0.1006
kp25 run1.txt,28,-25.0,-1,399.000,-0.1006,-0.1006
kp25 run1.txt,28,-25.0,-1,400.000,-0.1006,-0.1006
kp25 run1.txt,28,-25.0,-1,401.000,-0.0985,-0.1006
kp25 run1.txt,28,-25.0,-1,402.000,-0.1006,-0.1006
kp25 run1.txt,28,-25.0,-1,403.000,-0.0999,-0.1006
kp25 run1.txt,28,-25.0,-1,404.000,-0.1006,-0.1006
kp25 run1.txt,28,-25.0,-1,405.000,-0.0999,-0.1006
kp25 run1.txt,28,-25.0,-1,406.000,-0.1028,-0.1006
kp25 run1.txt,28,-25.0,-1,407.000,-0.0992,-0.1006
kp25 run1.txt,28,-25.0,-1,408.000,-0.0977,-0.1006
kp25 run1.txt,28,-25.0,-1,409.000,-0.0977,-0.1006
kp25 run1.txt,28,-25.0,-1,410.000,-0.1021,-0.1006
kp25 run1.txt,28,-25.0,-1,411.000,-0.0996,-0.1006
kp25 run1.txt,28,-25.0,-1,412.000,-0.1014,-0.1006
kp25 run1.txt,28,-25.0,-1,413.000,-0.1014,-0.1006
kp25 run1.txt,28,-25.0,-1,414.000,-0.0996,-0.1006
kp25 run1.txt,28,-25.0,-1,415.000,-0.1043,-0.1006
kp25 run1.txt,28,-25.0,-1,416.000,-0.0992,-0.1006
kp25 run1.txt,28,-25.0,-1,417.000,-0.1010,-0.1006
kp25 run1.txt,28,-25.0,-1,418.000,-0.1021,-0.1006
kp25 run1.txt,28,-25.0,-1,419.000,-0.0977,-0.1006
kp25 run1.txt,28,-25.0,-1,420.000,-0.0999,-0.1006
kp25 run1.txt,28,-25.0,-1,421.000,-0.1014,-0.1006
kp25 run1.txt,28,-25.0,-1,422.000,-0.1014,-0.1006
kp25 run1.txt,28,-25.0,-1,423.000,-0.0985,-0.1006
kp25 run1.txt,28,-25.0,-1,424.000,-0.0955,-0.1006
kp25 run1.txt,28,-25.0,-1,425.000,-0.0952,-0.1006
kp25 run1.txt,28,-25.0,-1,426.000,-0.0926,-0.1006
kp25 run1.txt,28,-25.0,-1,427.000,-0.1006,-0.1006
kp25 run1.txt,28,-25.0,-1,428.000,-0.0992,-0.1006
kp25 run1.txt,28,-25.0,-1,429.000,-0.1021,-0.1006
kp25 run1.txt,28,-25.0,-1,430.000,-0.0966,-0.1006
kp25 run1.txt,28,-25.0,-1,431.000,-0.0996,-0.1006
kp25 run1.txt,28,-25.0,-1,432.000,-0.1006,-0.1006
kp25 run1.txt,28,-25.0,-1,433.000,-0.1006,-0.1006
kp25 run1.txt,28,-25.0,-1,434.000,-0.1025,-0.1006
kp25 run1.txt,28,-25.0,-1,435.000,-0.0992,-0.1006
kp25 run1.txt,28,-25.0,-1,436.000,-0.0992,-0.1006
kp25 run1.txt,28,-25.0,-1,437.000,-0.1119,-0.1006
kp25 run1.txt,28,-25.0,-1,438.000,-0.1006,-0.1006
kp25 run1.txt,28,-25.0,-1,439.000,-0.1006,-0.1006
kp25 run1.txt,28,-25.0,-1,440.000,-0.1010,-0.1006
kp25 run1.txt,28,-25.0,-1,441.000,-0.0977,-0.1006
kp25 run1.txt,28,-25.0,-1,442.000,-0.1006,-0.1006
kp25 run1.txt,28,-25.0,-1,443.000,-0.1021,-0.1006
kp25 run1.txt,28,-25.0,-1,444.000,-0.0996,-0.1006
kp25 run1.txt,28,-25.0,-1,445.000,-0.0999,-0.1006
kp25 run1.txt,28,-25.0,-1,446.000,-0.0999,-0.1006
kp25 run1.txt,28,-25.0,-1,447.000,-0.0985,-0.1006
kp25 run1.txt,28,-25.0,-1,448.000,-0.1014,-0.1006
kp25 run1.txt,28,-25.0,-1,449.000,-0.1006,-0.1006
kp25 run1.txt,28,-25.0,-1,450.000,-0.1025,-0.1006
kp25 run1.txt,28,-25.0,-1,451.000,-0.1021,-0.1006
kp25 run1.txt,28,-25.0,-1,452.000,-0.1014,-0.1006
kp25 run1.txt,28,-25.0,-1,453.000,-0.1079,-0.1006
kp25 run1.txt,28,-25.0,-1,454.000,-0.0974,-0.1006
kp25 run1.txt,28,-25.0,-1,455.000,-0.0985,-0.1006
kp25 run1.txt,28,-25.0,-1,456.000,-0.0992,-0.1006
kp25 run1.txt,28,-25.0,-1,457.000,-0.1014,-0.1006
kp25 run1.txt,28,-25.0,-1,458.000,-0.1014,-0.1006
kp25 run1.txt,28,-25.0,-1,459.000,-0.1006,-0.1006
kp25 run1.txt,28,-25.0,-1,460.000,-0.1014,-0.1006
kp25 run1.txt,28,-25.0,-1,461.000,-0.0999,-0.1006
kp25 run1.txt,28,-25.0,-1,462.000,-0.0992,-0.1006
kp25 run1.txt,28,-25.0,-1,463.000,-0.1006,-0.1006
kp25 run1.txt,28,-25.0,-1,464.000,-0.0963,-0.1006
kp25 run1.txt,28,-25.0,-1,465.000,-0.0999,-0.1006
kp25 run1.txt,28,-25.0,-1,466.000,-0.0999,-0.1006
kp25 run1.txt,28,-25.0,-1,467.000,-0.1021,-0.1006
kp25 run1.txt,28,-25.0,-1,468.000,-0.1006,-0.1006
kp25 run1.txt,28,-25.0,-1,469.000,-0.1006,-0.1006
kp25 run1.txt,28,-25.0,-1,470.000,-0.0992,-0.1006
kp25 run1.txt,28,-25.0,-1,471.000,-0.1021,-0.1006
kp25 run1.txt,28,-25.0,-1,472.000,-0.1014,-0.1006
kp25 run1.txt,28,-25.0,-1,473.000,-0.1006,-0.1006
kp25 run1.txt,28,-25.0,-1,474.000,-0.0897,-0.1006
kp25 run1.txt,28,-25.0,-1,475.000,-0.0992,-0.1006
kp25 run1.txt,28,-25.0,-1,476.000,-0.1021,-0.1006
kp25 run1.txt,28,-25.0,-1,477.000,-0.1006,-0.1006
kp25 run1.txt,28,-25.0,-1,478.000,-0.1058,-0.1006
kp25 run1.txt,28,-25.0,-1,479.000,-0.0992,-0.1006
kp25 run1.txt,28,-25.0,-1,480.000,-0.1006,-0.1006
kp25 run1.txt,28,-25.0,-1,481.000,-0.0996,-0.1006
kp25 run1.txt,28,-25.0,-1,482.000,-0.1006,-0.1006
kp25 run1.txt,28,-25.0,-1,483.000,-0.0992,-0.1006
kp25 run1.txt,28,-25.0,-1,484.000,-0.0977,-0.1006
kp25 run1.txt,28,-25.0,-1,485.000,-0.0985,-0.1006
kp25 run1.txt,28,-25.0,-1,486.000,-0.1006,-0.1006
kp25 run1.txt,28,-25.0,-1,487.000,-0.0970,-0.1006
kp25 run1.txt,28,-25.0,-1,488.000,-0.1021,-0.1006
kp25 run1.txt,28,-25.0,-1,489.000,-0.1014,-0.1006
kp25 run1.txt,28,-25.0,-1,490.000,-0.1079,-0.1006
kp25 run1.txt,28,-25.0,-1,491.000,-0.1021,-0.1006
kp25 run1.txt,28,-25.0,-1,492.000,-0.1036,-0.1006
kp25 run1.txt,28,-25.0,-1,493.000,-0.1036,-0.1006
kp25 run1.txt,28,-25.0,-1,494.000,-0.0992,-0.1006
kp25 run1.txt,28,-25.0,-1,495.000,-0.0985,-0.1006
kp25 run1.txt,28,-25.0,-1,496.000,-0.1014,-0.1006
kp25 run1.txt,28,-25.0,-1,497.000,-0.0999,-0.1006
kp25 run1.txt,28,-25.0,-1,498.000,-0.1014,-0.1006
kp25 run1.txt,28,-25.0,-1,499.000,-0.0985,-0.1006
kp25 run1.txt,28,-25.0,-1,500.000,-0.1050,-0.1006
kp25 run1.txt,28,-25.0,-1,501.000,-0.0981,-0.1006
kp25 run1.txt,28,-25.0,-1,502.000,-0.1006,-0.1006
kp25 run1.txt,28,-25.0,-1,503.000,-0.1014,-0.1006
kp25 run1.txt,28,-25.0,-1,504.000,-0.1014,-0.1006
kp25 run1.txt,28,-25.0,-1,505.000,-0.1021,-0.1006
kp25 run1.txt,28,-25.0,-1,506.000,-0.0999,-0.1006
kp25 run1.txt,28,-25.0,-1,507.000,-0.1021,-0.1006
kp25 run1.txt,28,-25.0,-1,508.000,-0.0985,-0.1006
kp25 run1.txt,28,-25.0,-1,509.000,-0.0985,-0.1006
kp25 run1.txt,28,-25.0,-1,510.000,-0.0992,-0.1006
kp25 run1.txt,28,-25.0,-1,511.000,-0.1021,-0.1006
kp25 run1.txt,28,-25.0,-1,512.000,-0.1006,-0.1006
kp25 run1.txt,28,-25.0,-1,513.000,-0.0992,-0.1006
kp25 run1.txt,28,-25.0,-1,514.000,-0.1058,-0.1006
kp25 run1.txt,28,-25.0,-1,515.000,-0.0985,-0.1006
kp25 run1.txt,28,-25.0,-1,516.000,-0.0999,-0.1006
kp25 run1.txt,28,-25.0,-1,517.000,-0.1014,-0.1006
kp25 run1.txt,28,-25.0,-1,518.000,-0.0999,-0.1006
kp25 run1.txt,28,-25.0,-1,519.000,-0.1021,-0.1006
kp25 run1.txt,28,-25.0,-1,520.000,-0.0996,-0.1006
kp25 run1.txt,28,-25.0,-1,521.000,-0.0926,-0.1006
kp25 run1.txt,28,-25.0,-1,522.000,-0.1014,-0.1006
kp25 run1.txt,28,-25.0,-1,523.000,-0.0992,-0.1006
kp25 run1.txt,28,-25.0,-1,524.000,-0.1014,-0.1006
kp25 run1.txt,28,-25.0,-1,525.000,-0.1021,-0.1006
kp25 run1.txt,28,-25.0,-1,526.000,-0.1006,-0.1006
kp25 run1.txt,28,-25.0,-1,527.000,-0.1006,-0.1006
kp25 run1.txt,28,-25.0,-1,528.000,-0.1003,-0.1006
kp25 run1.txt,28,-25.0,-1,529.000,-0.0974,-0.1006
kp25 run1.txt,28,-25.0,-1,530.000,-0.0992,-0.1006
kp25 run1.txt,28,-25.0,-1,531.000,-0.1006,-0.1006
kp25 run1.txt,28,-25.0,-1,532.000,-0.1006,-0.1006
kp25 run1.txt,28,-25.0,-1,533.000,-0.1014,-0.1006
kp25 run1.txt,28,-25.0,-1,534.000,-0.1025,-0.1006
kp25 run1.txt,28,-25.0,-1,535.000,-0.0996,-0.1006
kp25 run1.txt,28,-25.0,-1,536.000,-0.0992,-0.1006
kp25 run1.txt,28,-25.0,-1,537.000,-0.1021,-0.1006
kp25 run1.txt,28,-25.0,-1,538.000,-0.1094,-0.1006
kp25 run1.txt,28,-25.0,-1,539.000,-0.1014,-0.1006
kp25 run1.txt,28,-25.0,-1,540.000,-0.0992,-0.1006
kp25 run1.txt,28,-25.0,-1,541.000,-0.0992,-0.1006
kp25 run1.txt,28,-25.0,-1,542.000,-0.1014,-0.1006
kp25 run1.txt,28,-25.0,-1,543.000,-0.1006,-0.1006
kp25 run1.txt,28,-25.0,-1,544.000,-0.0992,-0.1006
kp25 run1.txt,28,-25.0,-1,545.000,-0.1014,-0.1006
kp25 run1.txt,28,-25.0,-1,546.000,-0.0963,-0.1006
kp25 run1.txt,28,-25.0,-1,547.000,-0.1014,-0.1006
kp25 run1.txt,28,-25.0,-1,548.000,-0.1006,-0.1006
kp25 run1.txt,28,-25.0,-1,549.000,-0.1021,-0.1006
kp25 run1.txt,28,-25.0,-1,550.000,-0.0996,-0.1006
kp25 run1.txt,28,-25.0,-1,551.000,-0.0992,-0.1006
kp25 run1.txt,28,-25.0,-1,552.000,-0.1021,-0.1006
kp25 run1.txt,28,-25.0,-1,553.000,-0.0985,-0.1006
kp25 run1.txt,28,-25.0,-1,554.000,-0.0988,-0.1006
kp25 run1.txt,28,-25.0,-1,555.000,-0.1006,-0.1006
kp25 run1.txt,28,-25.0,-1,556.000,-0.1014,-0.1006
kp25 run1.txt,28,-25.0,-1,557.000,-0.0985,-0.1006
kp25 run1.txt,28,-25.0,-1,558.000,-0.0974,-0.1006
kp25 run1.txt,28,-25.0,-1,559.000,-0.0985,-0.1006
kp25 run1.txt,28,-25.0,-1,560.000,-0.1014,-0.1006
kp25 run1.txt,28,-25.0,-1,561.000,-0.1036,-0.1006
kp25 run1.txt,28,-25.0,-1,562.000,-0.0985,-0.1006
kp25 run1.txt,28,-25.0,-1,563.000,-0.1003,-0.1006
kp25 run1.txt,28,-25.0,-1,564.000,-0.1043,-0.1006
kp25 run1.txt,28,-25.0,-1,565.000,-0.1006,-0.1006
kp25 run1.txt,28,-25.0,-1,566.000,-0.0992,-0.1006
kp25 run1.txt,28,-25.0,-1,567.000,-0.0996,-0.1006
kp25 run1.txt,28,-25.0,-1,568.000,-0.0992,-0.1006
kp25 run1.txt,28,-25.0,-1,569.000,-0.0999,-0.1006
kp25 run1.txt,28,-25.0,-1,570.000,-0.1014,-0.1006
kp25 run1.txt,28,-25.0,-1,571.000,-0.0999,-0.1006
kp25 run1.txt,28,-25.0,-1,572.000,-0.0992,-0.1006
kp25 run1.txt,28,-25.0,-1,573.000,-0.0996,-0.1006
kp25 run1.txt,28,-25.0,-1,574.000,-0.0985,-0.1006
kp25 run1.txt,28,-25.0,-1,575.000,-0.0996,-0.1006
kp25 run1.txt,28,-25.0,-1,576.000,-0.0999,-0.1006
kp25 run1.txt,28,-25.0,-1,577.000,-0.0999,-0.1006
kp25 run1.txt,28,-25.0,-1,578.000,-0.0985,-0.1006
kp25 run1.txt,28,-25.0,-1,579.000,-0.0999,-0.1006
kp25 run1.txt,28,-25.0,-1,580.000,-0.0992,-0.1006
kp25 run1.txt,28,-25.0,-1,581.000,-0.1014,-0.1006
kp25 run1.txt,28,-25.0,-1,582.000,-0.1006,-0.1006
kp25 run1.txt,28,-25.0,-1,583.000,-0.1025,-0.1006
kp25 run1.txt,28,-25.0,-1,584.000,-0.1006,-0.1006
kp25 run1.txt,28,-25.0,-1,585.000,-0.1028,-0.1006
kp25 run1.txt,28,-25.0,-1,586.000,-0.1050,-0.1006
kp25 run1.txt,28,-25.0,-1,587.000,-0.1036,-0.1006
kp25 run1.txt,28,-25.0,-1,588.000,-0.0996,-0.1006
kp25 run1.txt,28,-25.0,-1,589.000,-0.0992,-0.1006
kp25 run1.txt,28,-25.0,-1,590.000,-0.1058,-0.1006
kp25 run1.txt,28,-25.0,-1,591.000,-0.1006,-0.1006
kp25 run1.txt,28,-25.0,-1,592.000,-0.1036,-0.1006
kp25 run1.txt,28,-25.0,-1,593.000,-0.1006,-0.1006
kp25 run1.txt,28,-25.0,-1,594.000,-0.1021,-0.1006
kp25 run1.txt,28,-25.0,-1,595.000,-0.1021,-0.1006
kp25 run1.txt,28,-25.0,-1,596.000,-0.1006,-0.1006
kp25 run1.txt,28,-25.0,-1,597.000,-0.0985,-0.1006
kp25 run1.txt,28,-25.0,-1,598.000,-0.0955,-0.1006
kp25 run1.txt,28,-25.0,-1,599.000,-0.1083,-0.1006
kp25 run1.txt,29,-25.0,-1,0.000,0.0991,0.1003
kp25 run1.txt,29,-25.0,-1,1.000,0.1020,0.1003
kp25 run1.txt,29,-25.0,-1,2.000,0.0998,0.1003
kp25 run1.txt,29,-25.0,-1,3.000,0.0987,0.1000
kp25 run1.txt,29,-25.0,-1,4.000,0.0958,0.0993
kp25 run1.txt,29,-25.0,-1,5.000,0.0962,0.0982
kp25 run1.txt,29,-25.0,-1,6.000,0.0951,0.0967
kp25 run1.txt,29,-25.0,-1,7.000,0.0911,0.0949
kp25 run1.txt,29,-25.0,-1,8.000,0.0904,0.0927
kp25 run1.txt,29,-25.0,-1,9.000,0.0878,0.0903
kp25 run1.txt,29,-25.0,-1,10.000,0.0860,0.0875
kp25 run1.txt,29,-25.0,-1,11.000,0.0823,0.0845
kp25 run1.txt,29,-25.0,-1,12.000,0.0765,0.0812
kp25 run1.txt,29,-25.0,-1,13.000,0.0729,0.0776
kp25 run1.txt,29,-25.0,-1,14.000,0.0627,0.0739
kp25 run1.txt,29,-25.0,-1,15.000,0.0619,0.0699
kp25 run1.txt,29,-25.0,-1,16.000,0.0590,0.0658
kp25 run1.txt,29,-25.0,-1,17.000,0.0550,0.0615
kp25 run1.txt,29,-25.0,-1,18.000,0.0525,0.0570
kp25 run1.txt,29,-25.0,-1,19.000,0.0492,0.0524
kp25 run1.txt,29,-25.0,-1,20.000,0.0430,0.0477
kp25 run1.txt,29,-25.0,-1,21.000,0.0408,0.0429
kp25 run1.txt,29,-25.0,-1,22.000,0.0328,0.0380
kp25 run1.txt,29,-25.0,-1,23.000,0.0299,0.0331
kp25 run1.txt,29,-25.0,-1,24.000,0.0262,0.0280
kp25 run1.txt,29,-25.0,-1,25.000,-0.0062,0.0230
kp25 run1.txt,29,-25.0,-1,26.000,0.0153,0.0179
kp25 run1.txt,29,-25.0,-1,27.000,0.0131,0.0127
kp25 run1.txt,29,-25.0,-1,28.000,0.0087,0.0076
kp25 run1.txt,29,-25.0,-1,29.000,0.0036,0.0025
kp25 run1.txt,29,-25.0,-1,30.000,-0.0037,-0.0027
kp25 run1.txt,29,-25.0,-1,31.000,-0.0121,-0.0078
kp25 run1.txt,29,-25.0,-1,32.000,-0.0168,-0.0128
kp25 run1.txt,29,-25.0,-1,33.000,-0.0205,-0.0178
kp25 run1.txt,29,-25.0,-1,34.000,-0.0146,-0.0228
kp25 run1.txt,29,-25.0,-1,35.000,-0.0314,-0.0277
kp25 run1.txt,29,-25.0,-1,36.000,-0.0365,-0.0326
kp25 run1.txt,29,-25.0,-1,37.000,-0.0387,-0.0373
kp25 run1.txt,29,-25.0,-1,38.000,-0.0307,-0.0420
kp25 run1.txt,29,-25.0,-1,39.000,-0.0471,-0.0466
kp25 run1.txt,29,-25.0,-1,40.000,-0.0525,-0.0511
kp25 run1.txt,29,-25.0,-1,41.000,-0.0613,-0.0555
kp25 run1.txt,29,-25.0,-1,42.000,-0.0576,-0.0598
kp25 run1.txt,29,-25.0,-1,43.000,-0.0671,-0.0640
kp25 run1.txt,29,-25.0,-1,44.000,-0.0700,-0.0681
kp25 run1.txt,29,-25.0,-1,45.000,-0.0762,-0.0721
kp25 run1.txt,29,-25.0,-1,46.000,-0.0788,-0.0759
kp25 run1.txt,29,-25.0,-1,47.000,-0.0839,-0.0796
kp25 run1.txt,29,-25.0,-1,48.000,-0.0832,-0.0832
kp25 run1.txt,29,-25.0,-1,49.000,-0.0919,-0.0867
kp25 run1.txt,29,-25.0,-1,50.000,-0.0963,-0.0901
kp25 run1.txt,29,-25.0,-1,51.000,-0.0985,-0.0933
kp25 run1.txt,29,-25.0,-1,52.000,-0.1021,-0.0964
kp25 run1.txt,29,-25.0,-1,53.000,-0.1043,-0.0993
kp25 run1.txt,29,-25.0,-1,54.000,-0.1072,-0.1021
kp25 run1.txt,29,-25.0,-1,55.000,-0.1181,-0.1048
kp25 run1.txt,29,-25.0,-1,56.000,-0.1138,-0.1074
kp25 run1.txt,29,-25.0,-1,57.000,-0.1112,-0.1098
kp25 run1.txt,29,-25.0,-1,58.000,-0.1189,-0.1121
kp25 run1.txt,29,-25.0,-1,59.000,-0.1196,-0.1143
kp25 run1.txt,29,-25.0,-1,60.000,-0.1240,-0.1163
kp25 run1.txt,29,-25.0,-1,61.000,-0.1247,-0.1182
kp25 run1.txt,29,-25.0,-1,62.000,-0.1262,-0.1200
kp25 run1.txt,29,-25.0,-1,63.000,-0.1276,-0.1217
kp25 run1.txt,29,-25.0,-1,64.000,-0.1309,-0.1233
kp25 run1.txt,29,-25.0,-1,65.000,-0.1258,-0.1247
kp25 run1.txt,29,-25.0,-1,66.000,-0.1313,-0.1260
kp25 run1.txt,29,-25.0,-1,67.000,-0.1262,-0.1272
kp25 run1.txt,29,-25.0,-1,68.000,-0.1305,-0.1283
kp25 run1.txt,29,-25.0,-1,69.000,-0.1335,-0.1293
kp25 run1.txt,29,-25.0,-1,70.000,-0.1320,-0.1301
kp25 run1.txt,29,-25.0,-1,71.000,-0.1342,-0.1309
kp25 run1.txt,29,-25.0,-1,72.000,-0.1386,-0.1316
kp25 run1.txt,29,-25.0,-1,73.000,-0.1316,-0.1321
kp25 run1.txt,29,-25.0,-1,74.000,-0.1335,-0.1326
kp25 run1.txt,29,-25.0,-1,75.000,-0.1349,-0.1330
kp25 run1.txt,29,-25.0,-1,76.000,-0.1353,-0.1333
kp25 run1.txt,29,-25.0,-1,77.000,-0.1342,-0.1335
kp25 run1.txt,29,-25.0,-1,78.000,-0.1342,-0.1337
kp25 run1.txt,29,-25.0,-1,79.000,-0.1393,-0.1337
kp25 run1.txt,29,-25.0,-1,80.000,-0.1342,-0.1337
kp25 run1.txt,29,-25.0,-1,81.000,-0.1342,-0.1336
kp25 run1.txt,29,-25.0,-1,82.000,-0.1345,-0.1335
kp25 run1.txt,29,-25.0,-1,83.000,-0.1349,-0.1333
kp25 run1.txt,29,-25.0,-1,84.000,-0.1393,-0.1330
kp25 run1.txt,29,-25.0,-1,85.000,-0.1342,-0.1327
kp25 run1.txt,29,-25.0,-1,86.000,-0.1480,-0.1323
kp25 run1.txt,29,-25.0,-1,87.000,-0.1320,-0.1318
kp25 run1.txt,29,-25.0,-1,88.000,-0.1324,-0.1314
kp25 run1.txt,29,-25.0,-1,89.000,-0.1284,-0.1308
kp25 run1.txt,29,-25.0,-1,90.000,-0.1316,-0.1303
kp25 run1.txt,29,-25.0,-1,91.000,-0.1287,-0.1296
kp25 run1.txt,29,-25.0,-1,92.000,-0.1287,-0.1290
kp25 run1.txt,29,-25.0,-1,93.000,-0.1269,-0.1283
kp25 run1.txt,29,-25.0,-1,94.000,-0.1305,-0.1276
kp25 run1.txt,29,-25.0,-1,95.000,-0.1254,-0.1269
kp25 run1.txt,29,-25.0,-1,96.000,-0.1269,-0.1261
kp25 run1.txt,29,-25.0,-1,97.000,-0.1229,-0.1254
kp25 run1.txt,29,-25.0,-1,98.000,-0.1251,-0.1246
kp25 run1.txt,29,-25.0,-1,99.000,-0.1232,-0.1238
kp25 run1.txt,29,-25.0,-1,100.000,-0.1240,-0.1230
kp25 run1.txt,29,-25.0,-1,101.000,-0.1083,-0.1221
kp25 run1.txt,29,-25.0,-1,102.000,-0.1192,-0.1213
kp25 run1.txt,29,-25.0,-1,103.000,-0.1171,-0.1204
kp25 run1.txt,29,-25.0,-1,104.000,-0.1145,-0.1196
kp25 run1.txt,29,-25.0,-1,105.000,-0.1152,-0.1187
kp25 run1.txt,29,-25.0,-1,106.000,-0.1160,-0.1179
kp25 run1.txt,29,-25.0,-1,107.000,-0.1123,-0.1170
kp25 run1.txt,29,-25.0,-1,108.000,-0.1109,-0.1162
kp25 run1.txt,29,-25.0,-1,109.000,-0.1141,-0.1153
kp25 run1.txt,29,-25.0,-1,110.000,-0.1058,-0.1145
kp25 run1.txt,29,-25.0,-1,111.000,-0.1083,-0.1137
kp25 run1.txt,29,-25.0,-1,112.000,-0.1079,-0.1128
kp25 run1.txt,29,-25.0,-1,113.000,-0.1068,-0.1120
kp25 run1.txt,29,-25.0,-1,114.000,-0.1050,-0.1112
kp25 run1.txt,29,-25.0,-1,115.000,-0.1050,-0.1104
kp25 run1.txt,29,-25.0,-1,116.000,-0.1043,-0.1097
kp25 run1.txt,29,-25.0,-1,117.000,-0.0985,-0.1089
kp25 run1.txt,29,-25.0,-1,118.000,-0.1043,-0.1082
kp25 run1.txt,29,-25.0,-1,119.000,-0.1028,-0.1074
kp25 run1.txt,29,-25.0,-1,120.000,-0.1014,-0.1067
kp25 run1.txt,29,-25.0,-1,121.000,-0.1014,-0.1060
kp25 run1.txt,29,-25.0,-1,122.000,-0.0992,-0.1054
kp25 run1.txt,29,-25.0,-1,123.000,-0.0996,-0.1047
kp25 run1.txt,29,-25.0,-1,124.000,-0.0966,-0.1041
kp25 run1.txt,29,-25.0,-1,125.000,-0.0970,-0.1035
kp25 run1.txt,29,-25.0,-1,126.000,-0.0963,-0.1029
kp25 run1.txt,29,-25.0,-1,127.000,-0.0970,-0.1023
kp25 run1.txt,29,-25.0,-1,128.000,-0.0955,-0.1018
kp25 run1.txt,29,-25.0,-1,129.000,-0.0985,-0.1013
kp25 run1.txt,29,-25.0,-1,130.000,-0.0941,-0.1008
kp25 run1.txt,29,-25.0,-1,131.000,-0.0959,-0.1003
kp25 run1.txt,29,-25.0,-1,132.000,-0.0941,-0.0998
kp25 run1.txt,29,-25.0,-1,133.000,-0.0904,-0.0994
kp25 run1.txt,29,-25.0,-1,134.000,-0.0963,-0.0990
kp25 run1.txt,29,-25.0,-1,135.000,-0.0904,-0.0986
kp25 run1.txt,29,-25.0,-1,136.000,-0.0937,-0.0982
kp25 run1.txt,29,-25.0,-1,137.000,-0.0955,-0.0978
kp25 run1.txt,29,-25.0,-1,138.000,-0.0948,-0.0975
kp25 run1.txt,29,-25.0,-1,139.000,-0.0912,-0.0972
kp25 run1.txt,29,-25.0,-1,140.000,-0.0963,-0.0969
kp25 run1.txt,29,-25.0,-1,141.000,-0.0934,-0.0967
kp25 run1.txt,29,-25.0,-1,142.000,-0.0926,-0.0964
kp25 run1.txt,29,-25.0,-1,143.000,-0.0955,-0.0962
kp25 run1.txt,29,-25.0,-1,144.000,-0.0941,-0.0960
kp25 run1.txt,29,-25.0,-1,145.000,-0.0948,-0.0958
kp25 run1.txt,29,-25.0,-1,146.000,-0.0985,-0.0956
kp25 run1.txt,29,-25.0,-1,147.000,-0.0941,-0.0955
kp25 run1.txt,29,-25.0,-1,148.000,-0.0919,-0.0953
kp25 run1.txt,29,-25.0,-1,149.000,-0.0941,-0.0952
kp25 run1.txt,29,-25.0,-1,150.000,-0.1083,-0.0951
kp25 run1.txt,29,-25.0,-1,151.000,-0.0941,-0.0950
kp25 run1.txt,29,-25.0,-1,152.000,-0.1079,-0.0949
kp25 run1.txt,29,-25.0,-1,153.000,-0.0879,-0.0949
kp25 run1.txt,29,-25.0,-1,154.000,-0.0959,-0.0948
kp25 run1.txt,29,-25.0,-1,155.000,-0.0963,-0.0948
kp25 run1.txt,29,-25.0,-1,156.000,-0.0934,-0.0948
kp25 run1.txt,29,-25.0,-1,157.000,-0.0963,-0.0948
kp25 run1.txt,29,-25.0,-1,158.000,-0.0926,-0.0948
kp25 run1.txt,29,-25.0,-1,159.000,-0.0926,-0.0948
kp25 run1.txt,29,-25.0,-1,160.000,-0.0963,-0.0948
kp25 run1.txt,29,-25.0,-1,161.000,-0.0904,-0.0949
kp25 run1.txt,29,-25.0,-1,162.000,-0.0948,-0.0949
kp25 run1.txt,29,-25.0,-1,163.000,-0.0945,-0.0950
kp25 run1.txt,29,-25.0,-1,164.000,-0.0955,-0.0951
kp25 run1.txt,29,-25.0,-1,165.000,-0.0963,-0.0951
kp25 run1.txt,29,-25.0,-1,166.000,-0.0919,-0.0952
kp25 run1.txt,29,-25.0,-1,167.000,-0.0926,-0.0953
kp25 run1.txt,29,-25.0,-1,168.000,-0.0985,-0.0954
kp25 run1.txt,29,-25.0,-1,169.000,-0.0875,-0.0955
kp25 run1.txt,29,-25.0,-1,170.000,-0.0955,-0.0956
kp25 run1.txt,29,-25.0,-1,171.000,-0.0977,-0.0957
kp25 run1.txt,29,-25.0,-1,172.000,-0.0992,-0.0959
kp25 run1.txt,29,-25.0,-1,173.000,-0.0985,-0.0960
kp25 run1.txt,29,-25.0,-1,174.000,-0.0985,-0.0961
kp25 run1.txt,29,-25.0,-1,175.000,-0.0970,-0.0962
kp25 run1.txt,29,-25.0,-1,176.000,-0.0992,-0.0964
kp25 run1.txt,29,-25.0,-1,177.000,-0.0999,-0.0965
kp25 run1.txt,29,-25.0,-1,178.000,-0.1003,-0.0966
kp25 run1.txt,29,-25.0,-1,179.000,-0.1006,-0.0968
kp25 run1.txt,29,-25.0,-1,180.000,-0.1043,-0.0969
kp25 run1.txt,29,-25.0,-1,181.000,-0.0996,-0.0971
kp25 run1.txt,29,-25.0,-1,182.000,-0.0985,-0.0972
kp25 run1.txt,29,-25.0,-1,183.000,-0.1010,-0.0974
kp25 run1.txt,29,-25.0,-1,184.000,-0.1028,-0.0975
kp25 run1.txt,29,-25.0,-1,185.000,-0.1032,-0.0976
kp25 run1.txt,29,-25.0,-1,186.000,-0.1021,-0.0978
kp25 run1.txt,29,-25.0,-1,187.000,-0.0897,-0.0979
kp25 run1.txt,29,-25.0,-1,188.000,-0.0985,-0.0981
kp25 run1.txt,29,-25.0,-1,189.000,-0.1006,-0.0982
kp25 run1.txt,29,-25.0,-1,190.000,-0.1014,-0.0983
kp25 run1.txt,29,-25.0,-1,191.000,-0.1021,-0.0985
kp25 run1.txt,29,-25.0,-1,192.000,-0.1014,-0.0986
kp25 run1.txt,29,-25.0,-1,193.000,-0.1036,-0.0987
kp25 run1.txt,29,-25.0,-1,194.000,-0.1021,-0.0989
kp25 run1.txt,29,-25.0,-1,195.000,-0.0992,-0.0990
kp25 run1.txt,29,-25.0,-1,196.000,-0.1017,-0.0991
kp25 run1.txt,29,-25.0,-1,197.000,-0.1021,-0.0992
kp25 run1.txt,29,-25.0,-1,198.000,-0.1021,-0.0993
kp25 run1.txt,29,-25.0,-1,199.000,-0.1036,-0.0994
kp25 run1.txt,29,-25.0,-1,200.000,-0.1058,-0.0996
kp25 run1.txt,29,-25.0,-1,201.000,-0.1072,-0.0997
kp25 run1.txt,29,-25.0,-1,202.000,-0.1043,-0.0998
kp25 run1.txt,29,-25.0,-1,203.000,-0.1014,-0.0999
kp25 run1.txt,29,-25.0,-1,204.000,-0.1050,-0.1000
kp25 run1.txt,29,-25.0,-1,205.000,-0.1014,-0.1001
kp25 run1.txt,29,-25.0,-1,206.000,-0.1021,-0.1001
kp25 run1.txt,29,-25.0,-1,207.000,-0.1021,-0.1002
kp25 run1.txt,29,-25.0,-1,208.000,-0.1028,-0.1003
kp25 run1.txt,29,-25.0,-1,209.000,-0.1006,-0.1004
kp25 run1.txt,29,-25.0,-1,210.000,-0.1032,-0.1005
kp25 run1.txt,29,-25.0,-1,211.000,-0.1021,-0.1005
kp25 run1.txt,29,-25.0,-1,212.000,-0.0977,-0.1006
kp25 run1.txt,29,-25.0,-1,213.000,-0.1021,-0.1007
kp25 run1.txt,29,-25.0,-1,214.000,-0.1028,-0.1007
kp25 run1.txt,29,-25.0,-1,215.000,-0.1101,-0.1008
kp25 run1.txt,29,-25.0,-1,216.000,-0.1043,-0.1008
kp25 run1.txt,29,-25.0,-1,217.000,-0.1036,-0.1009
kp25 run1.txt,29,-25.0,-1,218.000,-0.1050,-0.1009
kp25 run1.txt,29,-25.0,-1,219.000,-0.1072,-0.1010
kp25 run1.txt,29,-25.0,-1,220.000,-0.1112,-0.1010
kp25 run1.txt,29,-25.0,-1,221.000,-0.1021,-0.1011
kp25 run1.txt,29,-25.0,-1,222.000,-0.1021,-0.1011
kp25 run1.txt,29,-25.0,-1,223.000,-0.1021,-0.1011
kp25 run1.txt,29,-25.0,-1,224.000,-0.1021,-0.1011
kp25 run1.txt,29,-25.0,-1,225.000,-0.1028,-0.1012
kp25 run1.txt,29,-25.0,-1,226.000,-0.1036,-0.1012
kp25 run1.txt,29,-25.0,-1,227.000,-0.0999,-0.1012
kp25 run1.txt,29,-25.0,-1,228.000,-0.1006,-0.1012
kp25 run1.txt,29,-25.0,-1,229.000,-0.0992,-0.1012
kp25 run1.txt,29,-25.0,-1,230.000,-0.1014,-0.1012
kp25 run1.txt,29,-25.0,-1,231.000,-0.0988,-0.1013
kp25 run1.txt,29,-25.0,-1,232.000,-0.1006,-0.1013
kp25 run1.txt,29,-25.0,-1,233.000,-0.0919,-0.1013
kp25 run1.txt,29,-25.0,-1,234.000,-0.0992,-0.1013
kp25 run1.txt,29,-25.0,-1,235.000,-0.0908,-0.1013
kp25 run1.txt,29,-25.0,-1,236.000,-0.1021,-0.1013
kp25 run1.txt,29,-25.0,-1,237.000,-0.1021,-0.1013
kp25 run1.txt,29,-25.0,-1,238.000,-0.0999,-0.1013
kp25 run1.txt,29,-25.0,-1,239.000,-0.0985,-0.1012
kp25 run1.txt,29,-25.0,-1,240.000,-0.0934,-0.1012
kp25 run1.txt,29,-25.0,-1,241.000,-0.0996,-0.1012
kp25 run1.txt,29,-25.0,-1,242.000,-0.0977,-0.1012
kp25 run1.txt,29,-25.0,-1,243.000,-0.0992,-0.1012
kp25 run1.txt,29,-25.0,-1,244.000,-0.0992,-0.1012
kp25 run1.txt,29,-25.0,-1,245.000,-0.1014,-0.1012
kp25 run1.txt,29,-25.0,-1,246.000,-0.0977,-0.1012
kp25 run1.txt,29,-25.0,-1,247.000,-0.0999,-0.1011
kp25 run1.txt,29,-25.0,-1,248.000,-0.0992,-0.1011
kp25 run1.txt,29,-25.0,-1,249.000,-0.1043,-0.1011
kp25 run1.txt,29,-25.0,-1,250.000,-0.0992,-0.1011
kp25 run1.txt,29,-25.0,-1,251.000,-0.0992,-0.1011
kp25 run1.txt,29,-25.0,-1,252.000,-0.1025,-0.1010
kp25 run1.txt,29,-25.0,-1,253.000,-0.1006,-0.1010
kp25 run1.txt,29,-25.0,-1,254.000,-0.0996,-0.1010
kp25 run1.txt,29,-25.0,-1,255.000,-0.1021,-0.1010
kp25 run1.txt,29,-25.0,-1,256.000,-0.1014,-0.1009
kp25 run1.txt,29,-25.0,-1,257.000,-0.1021,-0.1009
kp25 run1.txt,29,-25.0,-1,258.000,-0.0977,-0.1009
kp25 run1.txt,29,-25.0,-1,259.000,-0.0999,-0.1009
kp25 run1.txt,29,-25.0,-1,260.000,-0.0985,-0.1009
kp25 run1.txt,29,-25.0,-1,261.000,-0.1028,-0.1008
kp25 run1.txt,29,-25.0,-1,262.000,-0.0992,-0.1008
kp25 run1.txt,29,-25.0,-1,263.000,-0.0992,-0.1008
kp25 run1.txt,29,-25.0,-1,264.000,-0.0996,-0.1008
kp25 run1.txt,29,-25.0,-1,265.000,-0.0999,-0.1007
kp25 run1.txt,29,-25.0,-1,266.000,-0.0985,-0.1007
kp25 run1.txt,29,-25.0,-1,267.000,-0.0996,-0.1007
kp25 run1.txt,29,-25.0,-1,268.000,-0.1003,-0.1007
kp25 run1.txt,29,-25.0,-1,269.000,-0.0948,-0.1006
kp25 run1.txt,29,-25.0,-1,270.000,-0.1014,-0.1006
kp25 run1.txt,29,-25.0,-1,271.000,-0.0999,-0.1006
kp25 run1.txt,29,-25.0,-1,272.000,-0.0992,-0.1006
kp25 run1.txt,29,-25.0,-1,273.000,-0.0970,-0.1006
kp25 run1.txt,29,-25.0,-1,274.000,-0.0992,-0.1005
kp25 run1.txt,29,-25.0,-1,275.000,-0.1014,-0.1005
kp25 run1.txt,29,-25.0,-1,276.000,-0.0992,-0.1005
kp25 run1.txt,29,-25.0,-1,277.000,-0.0985,-0.1005
kp25 run1.txt,29,-25.0,-1,278.000,-0.0999,-0.1005
kp25 run1.txt,29,-25.0,-1,279.000,-0.0985,-0.1004
kp25 run1.txt,29,-25.0,-1,280.000,-0.0992,-0.1004
kp25 run1.txt,29,-25.0,-1,281.000,-0.1050,-0.1004
kp25 run1.txt,29,-25.0,-1,282.000,-0.0992,-0.1004
kp25 run1.txt,29,-25.0,-1,283.000,-0.0970,-0.1004
kp25 run1.txt,29,-25.0,-1,284.000,-0.0996,-0.1004
kp25 run1.txt,29,-25.0,-1,285.000,-0.0999,-0.1004
kp25 run1.txt,29,-25.0,-1,286.000,-0.0952,-0.1003
kp25 run1.txt,29,-25.0,-1,287.000,-0.1006,-0.1003
kp25 run1.txt,29,-25.0,-1,288.000,-0.1036,-0.1003
kp25 run1.txt,29,-25.0,-1,289.000,-0.0897,-0.1003
kp25 run1.txt,29,-25.0,-1,290.000,-0.1014,-0.1003
kp25 run1.txt,29,-25.0,-1,291.000,-0.0999,-0.1003
kp25 run1.txt,29,-25.0,-1,292.000,-0.0992,-0.1003
kp25 run1.txt,29,-25.0,-1,293.000,-0.0996,-0.1003
kp25 run1.txt,29,-25.0,-1,294.000,-0.0992,-0.1003
kp25 run1.txt,29,-25.0,-1,295.000,-0.1025,-0.1002
kp25 run1.txt,29,-25.0,-1,296.000,-0.0996,-0.1002
kp25 run1.txt,29,-25.0,-1,297.000,-0.1116,-0.1002
kp25 run1.txt,29,-25.0,-1,298.000,-0.0996,-0.1002
kp25 run1.txt,29,-25.0,-1,299.000,-0.0974,-0.1002
kp25 run1.txt,29,-25.0,-1,300.000,-0.1014,-0.1002
kp25 run1.txt,29,-25.0,-1,301.000,-0.0977,-0.1002
kp25 run1.txt,29,-25.0,-1,302.000,-0.0992,-0.1002
kp25 run1.txt,29,-25.0,-1,303.000,-0.0963,-0.1002
kp25 run1.txt,29,-25.0,-1,304.000,-0.0985,-0.1002
kp25 run1.txt,29,-25.0,-1,305.000,-0.1017,-0.1002
kp25 run1.txt,29,-25.0,-1,306.000,-0.0992,-0.1002
kp25 run1.txt,29,-25.0,-1,307.000,-0.0996,-0.1002
kp25 run1.txt,29,-25.0,-1,308.000,-0.0992,-0.1002
kp25 run1.txt,29,-25.0,-1,309.000,-0.0999,-0.1002
kp25 run1.txt,29,-25.0,-1,310.000,-0.0985,-0.1002
kp25 run1.txt,29,-25.0,-1,311.000,-0.1036,-0.1002
kp25 run1.txt,29,-25.0,-1,312.000,-0.0999,-0.1002
kp25 run1.txt,29,-25.0,-1,313.000,-0.1014,-0.1002
kp25 run1.txt,29,-25.0,-1,314.000,-0.0992,-0.1002
kp25 run1.txt,29,-25.0,-1,315.000,-0.1036,-0.1002
kp25 run1.txt,29,-25.0,-1,316.000,-0.1014,-0.1002
kp25 run1.txt,29,-25.0,-1,317.000,-0.0999,-0.1002
kp25 run1.txt,29,-25.0,-1,318.000,-0.0992,-0.1002
kp25 run1.txt,29,-25.0,-1,319.000,-0.0890,-0.1002
kp25 run1.txt,29,-25.0,-1,320.000,-0.1021,-0.1002
kp25 run1.txt,29,-25.0,-1,321.000,-0.0992,-0.1002
kp25 run1.txt,29,-25.0,-1,322.000,-0.0955,-0.1002
kp25 run1.txt,29,-25.0,-1,323.000,-0.0985,-0.1002
kp25 run1.txt,29,-25.0,-1,324.000,-0.1006,-0.1002
kp25 run1.txt,29,-25.0,-1,325.000,-0.0996,-0.1002
kp25 run1.txt,29,-25.0,-1,326.000,-0.0996,-0.1002
kp25 run1.txt,29,-25.0,-1,327.000,-0.0992,-0.1002
kp25 run1.txt,29,-25.0,-1,328.000,-0.0985,-0.1002
kp25 run1.txt,29,-25.0,-1,329.000,-0.1021,-0.1002
kp25 run1.txt,29,-25.0,-1,330.000,-0.0999,-0.1002
kp25 run1.txt,29,-25.0,-1,331.000,-0.0861,-0.1002
kp25 run1.txt,29,-25.0,-1,332.000,-0.1014,-0.1002
kp25 run1.txt,29,-25.0,-1,333.000,-0.0992,-0.1002
kp25 run1.txt,29,-25.0,-1,334.000,-0.0996,-0.1002
kp25 run1.txt,29,-25.0,-1,335.000,-0.1021,-0.1002
kp25 run1.txt,29,-25.0,-1,336.000,-0.1043,-0.1003
kp25 run1.txt,29,-25.0,-1,337.000,-0.1006,-0.1003
kp25 run1.txt,29,-25.0,-1,338.000,-0.1006,-0.1003
kp25 run1.txt,29,-25.0,-1,339.000,-0.1006,-0.1003
kp25 run1.txt,29,-25.0,-1,340.000,-0.1006,-0.1003
kp25 run1.txt,29,-25.0,-1,341.000,-0.0977,-0.1003
kp25 run1.txt,29,-25.0,-1,342.000,-0.1014,-0.1003
kp25 run1.txt,29,-25.0,-1,343.000,-0.1006,-0.1003
kp25 run1.txt,29,-25.0,-1,344.000,-0.1006,-0.1003
kp25 run1.txt,29,-25.0,-1,345.000,-0.0934,-0.1003
kp25 run1.txt,29,-25.0,-1,346.000,-0.0996,-0.1003
kp25 run1.txt,29,-25.0,-1,347.000,-0.1054,-0.1003
kp25 run1.txt,29,-25.0,-1,348.000,-0.1014,-0.1003
kp25 run1.txt,29,-25.0,-1,349.000,-0.1006,-0.1003
kp25 run1.txt,29,-25.0,-1,350.000,-0.1017,-0.1003
kp25 run1.txt,29,-25.0,-1,351.000,-0.1043,-0.1003
kp25 run1.txt,29,-25.0,-1,352.000,-0.0985,-0.1003
kp25 run1.txt,29,-25.0,-1,353.000,-0.0999,-0.1003
kp25 run1.txt,29,-25.0,-1,354.000,-0.1014,-0.1003
kp25 run1.txt,29,-25.0,-1,355.000,-0.0996,-0.1003
kp25 run1.txt,29,-25.0,-1,356.000,-0.1006,-0.1003
kp25 run1.txt,29,-25.0,-1,357.000,-0.0999,-0.1003
kp25 run1.txt,29,-25.0,-1,358.000,-0.1014,-0.1003
kp25 run1.txt,29,-25.0,-1,359.000,-0.0985,-0.1003
kp25 run1.txt,29,-25.0,-1,360.000,-0.0974,-0.1003
kp25 run1.txt,29,-25.0,-1,361.000,-0.1058,-0.1003
kp25 run1.txt,29,-25.0,-1,362.000,-0.1014,-0.1003
kp25 run1.txt,29,-25.0,-1,363.000,-0.1200,-0.1003
kp25 run1.txt,29,-25.0,-1,364.000,-0.0999,-0.1003
kp25 run1.txt,29,-25.0,-1,365.000,-0.0999,-0.1003
kp25 run1.txt,29,-25.0,-1,366.000,-0.1021,-0.1003
kp25 run1.txt,29,-25.0,-1,367.000,-0.1047,-0.1003
kp25 run1.txt,29,-25.0,-1,368.000,-0.1003,-0.1004
kp25 run1.txt,29,-25.0,-1,369.000,-0.0992,-0.1004
kp25 run1.txt,29,-25.0,-1,370.000,-0.0992,-0.1004
kp25 run1.txt,29,-25.0,-1,371.000,-0.0999,-0.1004
kp25 run1.txt,29,-25.0,-1,372.000,-0.0996,-0.1004
kp25 run1.txt,29,-25.0,-1,373.000,-0.0992,-0.1004
kp25 run1.txt,29,-25.0,-1,374.000,-0.0999,-0.1004
kp25 run1.txt,29,-25.0,-1,375.000,-0.0883,-0.1004
kp25 run1.txt,29,-25.0,-1,376.000,-0.1006,-0.1004
kp25 run1.txt,29,-25.0,-1,377.000,-0.0992,-0.1004
kp25 run1.txt,29,-25.0,-1,378.000,-0.0992,-0.1004
kp25 run1.txt,29,-25.0,-1,379.000,-0.1006,-0.1004
kp25 run1.txt,29,-25.0,-1,380.000,-0.0992,-0.1004
kp25 run1.txt,29,-25.0,-1,381.000,-0.0996,-0.1004
kp25 run1.txt,29,-25.0,-1,382.000,-0.1050,-0.1004
kp25 run1.txt,29,-25.0,-1,383.000,-0.1014,-0.1004
kp25 run1.txt,29,-25.0,-1,384.000,-0.1006,-0.1004
kp25 run1.txt,29,-25.0,-1,385.000,-0.1083,-0.1004
kp25 run1.txt,29,-25.0,-1,386.000,-0.0992,-0.1004
kp25 run1.txt,29,-25.0,-1,387.000,-0.1014,-0.1004
kp25 run1.txt,29,-25.0,-1,388.000,-0.0999,-0.1004
kp25 run1.txt,29,-25.0,-1,389.000,-0.0985,-0.1004
kp25 run1.txt,29,-25.0,-1,390.000,-0.1043,-0.1004
kp25 run1.txt,29,-25.0,-1,391.000,-0.1021,-0.1004
kp25 run1.txt,29,-25.0,-1,392.000,-0.1021,-0.1004
kp25 run1.txt,29,-25.0,-1,393.000,-0.0999,-0.1004
kp25 run1.txt,29,-25.0,-1,394.000,-0.0996,-0.1004
kp25 run1.txt,29,-25.0,-1,395.000,-0.0963,-0.1004
kp25 run1.txt,29,-25.0,-1,396.000,-0.0977,-0.1004
kp25 run1.txt,29,-25.0,-1,397.000,-0.1006,-0.1004
kp25 run1.txt,29,-25.0,-1,398.000,-0.1006,-0.1004
kp25 run1.txt,29,-25.0,-1,399.000,-0.1036,-0.1004
kp25 run1.txt,29,-25.0,-1,400.000,-0.0992,-0.1004
kp25 run1.txt,29,-25.0,-1,401.000,-0.1014,-0.1004
kp25 run1.txt,29,-25.0,-1,402.000,-0.1006,-0.1004
kp25 run1.txt,29,-25.0,-1,403.000,-0.1072,-0.1004
kp25 run1.txt,29,-25.0,-1,404.000,-0.1006,-0.1004
kp25 run1.txt,29,-25.0,-1,405.000,-0.1006,-0.1004
kp25 run1.txt,29,-25.0,-1,406.000,-0.1021,-0.1004
kp25 run1.txt,29,-25.0,-1,407.000,-0.0985,-0.1004
kp25 run1.txt,29,-25.0,-1,408.000,-0.1006,-0.1004
kp25 run1.txt,29,-25.0,-1,409.000,-0.0963,-0.1004
kp25 run1.txt,29,-25.0,-1,410.000,-0.1003,-0.1004
kp25 run1.txt,29,-25.0,-1,411.000,-0.0985,-0.1004
kp25 run1.txt,29,-25.0,-1,412.000,-0.1021,-0.1004
kp25 run1.txt,29,-25.0,-1,413.000,-0.0977,-0.1004
kp25 run1.txt,29,-25.0,-1,414.000,-0.0977,-0.1004
kp25 run1.txt,29,-25.0,-1,415.000,-0.0999,-0.1004
kp25 run1.txt,29,-25.0,-1,416.000,-0.0963,-0.1004
kp25 run1.txt,29,-25.0,-1,417.000,-0.0985,-0.1004
kp25 run1.txt,29,-25.0,-1,418.000,-0.1036,-0.1004
kp25 run1.txt,29,-25.0,-1,419.000,-0.0985,-0.1004
kp25 run1.txt,29,-25.0,-1,420.000,-0.1017,-0.1004
kp25 run1.txt,29,-25.0,-1,421.000,-0.0948,-0.1004
kp25 run1.txt,29,-25.0,-1,422.000,-0.0948,-0.1004
kp25 run1.txt,29,-25.0,-1,423.000,-0.1025,-0.1004
kp25 run1.txt,29,-25.0,-1,424.000,-0.1036,-0.1003
kp25 run1.txt,29,-25.0,-1,425.000,-0.0992,-0.1003
kp25 run1.txt,29,-25.0,-1,426.000,-0.0992,-0.1003
kp25 run1.txt,29,-25.0,-1,427.000,-0.0963,-0.1003
kp25 run1.txt,29,-25.0,-1,428.000,-0.1025,-0.1003
kp25 run1.txt,29,-25.0,-1,429.000,-0.0996,-0.1003
kp25 run1.txt,29,-25.0,-1,430.000,-0.0941,-0.1003
kp25 run1.txt,29,-25.0,-1,431.000,-0.0966,-0.1003
kp25 run1.txt,29,-25.0,-1,432.000,-0.0999,-0.1003
kp25 run1.txt,29,-25.0,-1,433.000,-0.0985,-0.1003
kp25 run1.txt,29,-25.0,-1,434.000,-0.1006,-0.1003
kp25 run1.txt,29,-25.0,-1,435.000,-0.1014,-0.1003
kp25 run1.txt,29,-25.0,-1,436.000,-0.0985,-0.1003
kp25 run1.txt,29,-25.0,-1,437.000,-0.1014,-0.1003
kp25 run1.txt,29,-25.0,-1,438.000,-0.1014,-0.1003
kp25 run1.txt,29,-25.0,-1,439.000,-0.0999,-0.1003
kp25 run1.txt,29,-25.0,-1,440.000,-0.1006,-0.1003
kp25 run1.txt,29,-25.0,-1,441.000,-0.0868,-0.1003
kp25 run1.txt,29,-25.0,-1,442.000,-0.0963,-0.1003
kp25 run1.txt,29,-25.0,-1,443.000,-0.1006,-0.1003
kp25 run1.txt,29,-25.0,-1,444.000,-0.1003,-0.1003
kp25 run1.txt,29,-25.0,-1,445.000,-0.1014,-0.1003
kp25 run1.txt,29,-25.0,-1,446.000,-0.1014,-0.1003
kp25 run1.txt,29,-25.0,-1,447.000,-0.0992,-0.1003
kp25 run1.txt,29,-25.0,-1,448.000,-0.0999,-0.1003
kp25 run1.txt,29,-25.0,-1,449.000,-0.0897,-0.1003
kp25 run1.txt,29,-25.0,-1,450.000,-0.0985,-0.1003
kp25 run1.txt,29,-25.0,-1,451.000,-0.0992,-0.1003
kp25 run1.txt,29,-25.0,-1,452.000,-0.1028,-0.1003
kp25 run1.txt,29,-25.0,-1,453.000,-0.1014,-0.1003
kp25 run1.txt,29,-25.0,-1,454.000,-0.1006,-0.1003
kp25 run1.txt,29,-25.0,-1,455.000,-0.1025,-0.1003
kp25 run1.txt,29,-25.0,-1,456.000,-0.0963,-0.1003
kp25 run1.txt,29,-25.0,-1,457.000,-0.0988,-0.1003
kp25 run1.txt,29,-25.0,-1,458.000,-0.0999,-0.1003
kp25 run1.txt,29,-25.0,-1,459.000,-0.0992,-0.1003
kp25 run1.txt,29,-25.0,-1,460.000,-0.0996,-0.1003
kp25 run1.txt,29,-25.0,-1,461.000,-0.0992,-0.1003
kp25 run1.txt,29,-25.0,-1,462.000,-0.1014,-0.1003
kp25 run1.txt,29,-25.0,-1,463.000,-0.1021,-0.1003
kp25 run1.txt,29,-25.0,-1,464.000,-0.0974,-0.1003
kp25 run1.txt,29,-25.0,-1,465.000,-0.1006,-0.1003
kp25 run1.txt,29,-25.0,-1,466.000,-0.0992,-0.1003
kp25 run1.txt,29,-25.0,-1,467.000,-0.0985,-0.1003
kp25 run1.txt,29,-25.0,-1,468.000,-0.1014,-0.1003
kp25 run1.txt,29,-25.0,-1,469.000,-0.0996,-0.1003
kp25 run1.txt,29,-25.0,-1,470.000,-0.0999,-0.1003
kp25 run1.txt,29,-25.0,-1,471.000,-0.1006,-0.1003
kp25 run1.txt,29,-25.0,-1,472.000,-0.1021,-0.1003
kp25 run1.txt,29,-25.0,-1,473.000,-0.1141,-0.1003
kp25 run1.txt,29,-25.0,-1,474.000,-0.0970,-0.1003
kp25 run1.txt,29,-25.0,-1,475.000,-0.0999,-0.1003
kp25 run1.txt,29,-25.0,-1,476.000,-0.1014,-0.1003
kp25 run1.txt,29,-25.0,-1,477.000,-0.1014,-0.1003
kp25 run1.txt,29,-25.0,-1,478.000,-0.0985,-0.1003
kp25 run1.txt,29,-25.0,-1,479.000,-0.1014,-0.1003
kp25 run1.txt,29,-25.0,-1,480.000,-0.0955,-0.1003
kp25 run1.txt,29,-25.0,-1,481.000,-0.0992,-0.1003
kp25 run1.txt,29,-25.0,-1,482.000,-0.0996,-0.1003
kp25 run1.txt,29,-25.0,-1,483.000,-0.0999,-0.1003
kp25 run1.txt,29,-25.0,-1,484.000,-0.1021,-0.1003
kp25 run1.txt,29,-25.0,-1,485.000,-0.1014,-0.1003
kp25 run1.txt,29,-25.0,-1,486.000,-0.0988,-0.1003
kp25 run1.txt,29,-25.0,-1,487.000,-0.0999,-0.1003
kp25 run1.txt,29,-25.0,-1,488.000,-0.1079,-0.1003
kp25 run1.txt,29,-25.0,-1,489.000,-0.1006,-0.1003
kp25 run1.txt,29,-25.0,-1,490.000,-0.1014,-0.1003
kp25 run1.txt,29,-25.0,-1,491.000,-0.0999,-0.1003
kp25 run1.txt,29,-25.0,-1,492.000,-0.1021,-0.1003
kp25 run1.txt,29,-25.0,-1,493.000,-0.1006,-0.1003
kp25 run1.txt,29,-25.0,-1,494.000,-0.0992,-0.1003
kp25 run1.txt,29,-25.0,-1,495.000,-0.1014,-0.1003
kp25 run1.txt,29,-25.0,-1,496.000,-0.1021,-0.1003
kp25 run1.txt,29,-25.0,-1,497.000,-0.1036,-0.1003
kp25 run1.txt,29,-25.0,-1,498.000,-0.1014,-0.1003
kp25 run1.txt,29,-25.0,-1,499.000,-0.1014,-0.1003
kp25 run1.txt,29,-25.0,-1,500.000,-0.0999,-0.1003
kp25 run1.txt,29,-25.0,-1,501.000,-0.0999,-0.1003
kp25 run1.txt,29,-25.0,-1,502.000,-0.0996,-0.1003
kp25 run1.txt,29,-25.0,-1,503.000,-0.1014,-0.1003
kp25 run1.txt,29,-25.0,-1,504.000,-0.1014,-0.1003
kp25 run1.txt,29,-25.0,-1,505.000,-0.0996,-0.1003
kp25 run1.txt,29,-25.0,-1,506.000,-0.1061,-0.1003
kp25 run1.txt,29,-25.0,-1,507.000,-0.1043,-0.1003
kp25 run1.txt,29,-25.0,-1,508.000,-0.1021,-0.1003
kp25 run1.txt,29,-25.0,-1,509.000,-0.0977,-0.1003
kp25 run1.txt,29,-25.0,-1,510.000,-0.0985,-0.1003
kp25 run1.txt,29,-25.0,-1,511.000,-0.1021,-0.1003
kp25 run1.txt,29,-25.0,-1,512.000,-0.1006,-0.1003
kp25 run1.txt,29,-25.0,-1,513.000,-0.1014,-0.1003
kp25 run1.txt,29,-25.0,-1,514.000,-0.0963,-0.1003
kp25 run1.txt,29,-25.0,-1,515.000,-0.0985,-0.1003
kp25 run1.txt,29,-25.0,-1,516.000,-0.1028,-0.1003
kp25 run1.txt,29,-25.0,-1,517.000,-0.1014,-0.1003
kp25 run1.txt,29,-25.0,-1,518.000,-0.1043,-0.1003
kp25 run1.txt,29,-25.0,-1,519.000,-0.0992,-0.1003
kp25 run1.txt,29,-25.0,-1,520.000,-0.0926,-0.1003
kp25 run1.txt,29,-25.0,-1,521.000,-0.0977,-0.1003
kp25 run1.txt,29,-25.0,-1,522.000,-0.0853,-0.1003
kp25 run1.txt,29,-25.0,-1,523.000,-0.1014,-0.1003
kp25 run1.txt,29,-25.0,-1,524.000,-0.0996,-0.1003
kp25 run1.txt,29,-25.0,-1,525.000,-0.1014,-0.1003
kp25 run1.txt,29,-25.0,-1,526.000,-0.0999,-0.1003
kp25 run1.txt,29,-25.0,-1,527.000,-0.0992,-0.1003
kp25 run1.txt,29,-25.0,-1,528.000,-0.0999,-0.1003
kp25 run1.txt,29,-25.0,-1,529.000,-0.1014,-0.1003
kp25 run1.txt,29,-25.0,-1,530.000,-0.1006,-0.1003
kp25 run1.txt,29,-25.0,-1,531.000,-0.1014,-0.1003
kp25 run1.txt,29,-25.0,-1,532.000,-0.1043,-0.1003
kp25 run1.txt,29,-25.0,-1,533.000,-0.0985,-0.1003
kp25 run1.txt,29,-25.0,-1,534.000,-0.0992,-0.1003
kp25 run1.txt,29,-25.0,-1,535.000,-0.1006,-0.1003
kp25 run1.txt,29,-25.0,-1,536.000,-0.1006,-0.1003
kp25 run1.txt,29,-25.0,-1,537.000,-0.0985,-0.1003
kp25 run1.txt,29,-25.0,-1,538.000,-0.0992,-0.1003
kp25 run1.txt,29,-25.0,-1,539.000,-0.1032,-0.1003
kp25 run1.txt,29,-25.0,-1,540.000,-0.1021,-0.1003
kp25 run1.txt,29,-25.0,-1,541.000,-0.0992,-0.1003
kp25 run1.txt,29,-25.0,-1,542.000,-0.0992,-0.1003
kp25 run1.txt,29,-25.0,-1,543.000,-0.1043,-0.1003
kp25 run1.txt,29,-25.0,-1,544.000,-0.1014,-0.1003
kp25 run1.txt,29,-25.0,-1,545.000,-0.1006,-0.1003
kp25 run1.txt,29,-25.0,-1,546.000,-0.1014,-0.1003
kp25 run1.txt,29,-25.0,-1,547.000,-0.0992,-0.1003
kp25 run1.txt,29,-25.0,-1,548.000,-0.1043,-0.1003
kp25 run1.txt,29,-25.0,-1,549.000,-0.1014,-0.1003
kp25 run1.txt,29,-25.0,-1,550.000,-0.1003,-0.1003
kp25 run1.txt,29,-25.0,-1,551.000,-0.1043,-0.1003
kp25 run1.txt,29,-25.0,-1,552.000,-0.1021,-0.1003
kp25 run1.txt,29,-25.0,-1,553.000,-0.0999,-0.1003
kp25 run1.txt,29,-25.0,-1,554.000,-0.1006,-0.1003
kp25 run1.txt,29,-25.0,-1,555.000,-0.1014,-0.1003
kp25 run1.txt,29,-25.0,-1,556.000,-0.0999,-0.1003
kp25 run1.txt,29,-25.0,-1,557.000,-0.1014,-0.1003
kp25 run1.txt,29,-25.0,-1,558.000,-0.1014,-0.1003
kp25 run1.txt,29,-25.0,-1,559.000,-0.1014,-0.1003
kp25 run1.txt,29,-25.0,-1,560.000,-0.1043,-0.1003
kp25 run1.txt,29,-25.0,-1,561.000,-0.1017,-0.1003
kp25 run1.txt,29,-25.0,-1,562.000,-0.0992,-0.1003
kp25 run1.txt,29,-25.0,-1,563.000,-0.0999,-0.1003
kp25 run1.txt,29,-25.0,-1,564.000,-0.1021,-0.1003
kp25 run1.txt,29,-25.0,-1,565.000,-0.1021,-0.1003
kp25 run1.txt,29,-25.0,-1,566.000,-0.0996,-0.1003
kp25 run1.txt,29,-25.0,-1,567.000,-0.0992,-0.1003
kp25 run1.txt,29,-25.0,-1,568.000,-0.0966,-0.1003
kp25 run1.txt,29,-25.0,-1,569.000,-0.1006,-0.1003
kp25 run1.txt,29,-25.0,-1,570.000,-0.1021,-0.1003
kp25 run1.txt,29,-25.0,-1,571.000,-0.0977,-0.1003
kp25 run1.txt,29,-25.0,-1,572.000,-0.1006,-0.1003
kp25 run1.txt,29,-25.0,-1,573.000,-0.1021,-0.1003
kp25 run1.txt,29,-25.0,-1,574.000,-0.1006,-0.1003
kp25 run1.txt,29,-25.0,-1,575.000,-0.0992,-0.1003
kp25 run1.txt,29,-25.0,-1,576.000,-0.1003,-0.1003
kp25 run1.txt,29,-25.0,-1,577.000,-0.1014,-0.1003
kp25 run1.txt,29,-25.0,-1,578.000,-0.1043,-0.1003
kp25 run1.txt,29,-25.0,-1,579.000,-0.0963,-0.1003
kp25 run1.txt,29,-25.0,-1,580.000,-0.1014,-0.1003
kp25 run1.txt,29,-25.0,-1,581.000,-0.0985,-0.1003
kp25 run1.txt,29,-25.0,-1,582.000,-0.0985,-0.1003
kp25 run1.txt,29,-25.0,-1,583.000,-0.1014,-0.1003
kp25 run1.txt,29,-25.0,-1,584.000,-0.0992,-0.1003
kp25 run1.txt,29,-25.0,-1,585.000,-0.1028,-0.1003
kp25 run1.txt,29,-25.0,-1,586.000,-0.0963,-0.1003
kp25 run1.txt,29,-25.0,-1,587.000,-0.0996,-0.1003
kp25 run1.txt,29,-25.0,-1,588.000,-0.1006,-0.1003
kp25 run1.txt,29,-25.0,-1,589.000,-0.1017,-0.1003
kp25 run1.txt,29,-25.0,-1,590.000,-0.1065,-0.1003
kp25 run1.txt,29,-25.0,-1,591.000,-0.0883,-0.1003
kp25 run1.txt,29,-25.0,-1,592.000,-0.1025,-0.1003
kp25 run1.txt,29,-25.0,-1,593.000,-0.0999,-0.1003
kp25 run1.txt,29,-25.0,-1,594.000,-0.0992,-0.1003
kp25 run1.txt,29,-25.0,-1,595.000,-0.1025,-0.1003
kp25 run1.txt,29,-25.0,-1,596.000,-0.1006,-0.1003
kp25 run1.txt,29,-25.0,-1,597.000,-0.0919,-0.1003
kp25 run1.txt,29,-25.0,-1,598.000,-0.0988,-0.1003
kp25 run1.txt,29,-25.0,-1,599.000,-0.0955,-0.1003
kp25 run1.txt,30,-25.0,1,0.000,-0.0999,-0.1004
kp25 run1.txt,30,-25.0,1,1.000,-0.0977,-0.1004
kp25 run1.txt,30,-25.0,1,2.000,-0.1036,-0.1004
kp25 run1.txt,30,-25.0,1,3.000,-0.1014,-0.1001
kp25 run1.txt,30,-25.0,1,4.000,-0.0934,-0.0994
kp25 run1.txt,30,-25.0,1,5.000,-0.0992,-0.0983
kp25 run1.txt,30,-25.0,1,6.000,-0.0963,-0.0968
kp25 run1.txt,30,-25.0,1,7.000,-0.0948,-0.0950
kp25 run1.txt,30,-25.0,1,8.000,-0.0875,-0.0928
kp25 run1.txt,30,-25.0,1,9.000,-0.0963,-0.0904
kp25 run1.txt,30,-25.0,1,10.000,-0.0861,-0.0876
kp25 run1.txt,30,-25.0,1,11.000,-0.0821,-0.0845
kp25 run1.txt,30,-25.0,1,12.000,-0.0773,-0.0812
kp25 run1.txt,30,-25.0,1,13.000,-0.0715,-0.0777
kp25 run1.txt,30,-25.0,1,14.000,-0.0584,-0.0739
kp25 run1.txt,30,-25.0,1,15.000,-0.0664,-0.0700
kp25 run1.txt,30,-25.0,1,16.000,-0.0624,-0.0658
kp25 run1.txt,30,-25.0,1,17.000,-0.0657,-0.0615
kp25 run1.txt,30,-25.0,1,18.000,-0.0511,-0.0571
kp25 run1.txt,30,-25.0,1,19.000,-0.0511,-0.0525
kp25 run1.txt,30,-25.0,1,20.000,-0.0452,-0.0478
kp25 run1.txt,30,-25.0,1,21.000,-0.0423,-0.0430
kp25 run1.txt,30,-25.0,1,22.000,-0.0328,-0.0381
kp25 run1.txt,30,-25.0,1,23.000,-0.0307,-0.0331
kp25 run1.txt,30,-25.0,1,24.000,-0.0328,-0.0281
kp25 run1.txt,30,-25.0,1,25.000,-0.0205,-0.0230
kp25 run1.txt,30,-25.0,1,26.000,-0.0044,-0.0179
kp25 run1.txt,30,-25.0,1,27.000,-0.0121,-0.0127
kp25 run1.txt,30,-25.0,1,28.000,-0.0000,-0.0076
kp25 run1.txt,30,-25.0,1,29.000,0.0007,-0.0024
kp25 run1.txt,30,-25.0,1,30.000,0.0058,0.0027
kp25 run1.txt,30,-25.0,1,31.000,0.0080,0.0078
kp25 run1.txt,30,-25.0,1,32.000,0.0131,0.0128
kp25 run1.txt,30,-25.0,1,33.000,0.0043,0.0179
kp25 run1.txt,30,-25.0,1,34.000,0.0291,0.0229
kp25 run1.txt,30,-25.0,1,35.000,0.0277,0.0278
kp25 run1.txt,30,-25.0,1,36.000,0.0350,0.0326
kp25 run1.txt,30,-25.0,1,37.000,0.0386,0.0374
kp25 run1.txt,30,-25.0,1,38.000,0.0466,0.0421
kp25 run1.txt,30,-25.0,1,39.000,0.0473,0.0467
kp25 run1.txt,30,-25.0,1,40.000,0.0525,0.0512
kp25 run1.txt,30,-25.0,1,41.000,0.0568,0.0556
kp25 run1.txt,30,-25.0,1,42.000,0.0583,0.0599
kp25 run1.txt,30,-25.0,1,43.000,0.0619,0.0641
kp25 run1.txt,30,-25.0,1,44.000,0.0823,0.0682
kp25 run1.txt,30,-25.0,1,45.000,0.0754,0.0722
kp25 run1.txt,30,-25.0,1,46.000,0.0871,0.0760
kp25 run1.txt,30,-25.0,1,47.000,0.0831,0.0797
kp25 run1.txt,30,-25.0,1,48.000,0.0889,0.0833
kp25 run1.txt,30,-25.0,1,49.000,0.0900,0.0868
kp25 run1.txt,30,-25.0,1,50.000,0.0936,0.0902
kp25 run1.txt,30,-25.0,1,51.000,0.0940,0.0934
kp25 run1.txt,30,-25.0,1,52.000,0.0998,0.0965
kp25 run1.txt,30,-25.0,1,53.000,0.1035,0.0994
kp25 run1.txt,30,-25.0,1,54.000,0.1042,0.1023
kp25 run1.txt,30,-25.0,1,55.000,0.1090,0.1050
kp25 run1.txt,30,-25.0,1,56.000,0.1108,0.1075
kp25 run1.txt,30,-25.0,1,57.000,0.1093,0.1100
kp25 run1.txt,30,-25.0,1,58.000,0.1028,0.1123
kp25 run1.txt,30,-25.0,1,59.000,0.1181,0.1144
kp25 run1.txt,30,-25.0,1,60.000,0.1297,0.1165
kp25 run1.txt,30,-25.0,1,61.000,0.1217,0.1184
kp25 run1.txt,30,-25.0,1,62.000,0.1250,0.1202
kp25 run1.txt,30,-25.0,1,63.000,0.1188,0.1219
kp25 run1.txt,30,-25.0,1,64.000,0.1290,0.1234
kp25 run1.txt,30,-25.0,1,65.000,0.1261,0.1248
kp25 run1.txt,30,-25.0,1,66.000,0.1312,0.1262
kp25 run1.txt,30,-25.0,1,67.000,0.1316,0.1274
kp25 run1.txt,30,-25.0,1,68.000,0.1319,0.1284
kp25 run1.txt,30,-25.0,1,69.000,0.1305,0.1294
kp25 run1.txt,30,-25.0,1,70.000,0.1341,0.1303
kp25 run1.txt,30,-25.0,1,71.000,0.1224,0.1311
kp25 run1.txt,30,-25.0,1,72.000,0.1341,0.1317
kp25 run1.txt,30,-25.0,1,73.000,0.1334,0.1323
kp25 run1.txt,30,-25.0,1,74.000,0.1319,0.1328
kp25 run1.txt,30,-25.0,1,75.000,0.1326,0.1332
kp25 run1.txt,30,-25.0,1,76.000,0.1341,0.1335
kp25 run1.txt,30,-25.0,1,77.000,0.1363,0.1337
kp25 run1.txt,30,-25.0,1,78.000,0.1505,0.1338
kp25 run1.txt,30,-25.0,1,79.000,0.1319,0.1339
kp25 run1.txt,30,-25.0,1,80.000,0.1326,0.1339
kp25 run1.txt,30,-25.0,1,81.000,0.1348,0.1338
kp25 run1.txt,30,-25.0,1,82.000,0.1341,0.1336
kp25 run1.txt,30,-25.0,1,83.000,0.1341,0.1334
kp25 run1.txt,30,-25.0,1,84.000,0.1341,0.1332
kp25 run1.txt,30,-25.0,1,85.000,0.1388,0.1328
kp25 run1.txt,30,-25.0,1,86.000,0.1326,0.1324
kp25 run1.txt,30,-25.0,1,87.000,0.1341,0.1320
kp25 run1.txt,30,-25.0,1,88.000,0.1334,0.1315
kp25 run1.txt,30,-25.0,1,89.000,0.1254,0.1310
kp25 run1.txt,30,-25.0,1,90.000,0.1308,0.1304
kp25 run1.txt,30,-25.0,1,91.000,0.1326,0.1298
kp25 run1.txt,30,-25.0,1,92.000,0.1283,0.1292
kp25 run1.txt,30,-25.0,1,93.000,0.1290,0.1285
kp25 run1.txt,30,-25.0,1,94.000,0.1275,0.1278
kp25 run1.txt,30,-25.0,1,95.000,0.1246,0.1271
kp25 run1.txt,30,-25.0,1,96.000,0.1297,0.1263
kp25 run1.txt,30,-25.0,1,97.000,0.1064,0.1255
kp25 run1.txt,30,-25.0,1,98.000,0.1232,0.1247
kp25 run1.txt,30,-25.0,1,99.000,0.1192,0.1239
kp25 run1.txt,30,-25.0,1,100.000,0.1192,0.1231
kp25 run1.txt,30,-25.0,1,101.000,0.1181,0.1223
kp25 run1.txt,30,-25.0,1,102.000,0.1020,0.1214
kp25 run1.txt,30,-25.0,1,103.000,0.1137,0.1206
kp25 run1.txt,30,-25.0,1,104.000,0.1173,0.1197
kp25 run1.txt,30,-25.0,1,105.000,0.1137,0.1189
kp25 run1.txt,30,-25.0,1,106.000,0.1148,0.1180
kp25 run1.txt,30,-25.0,1,107.000,0.1115,0.1172
kp25 run1.txt,30,-25.0,1,108.000,0.1104,0.1163
kp25 run1.txt,30,-25.0,1,109.000,0.1173,0.1155
kp25 run1.txt,30,-25.0,1,110.000,0.1104,0.1146
kp25 run1.txt,30,-25.0,1,111.000,0.1086,0.1138
kp25 run1.txt,30,-25.0,1,112.000,0.1079,0.1130
kp25 run1.txt,30,-25.0,1,113.000,0.1086,0.1122
kp25 run1.txt,30,-25.0,1,114.000,0.1057,0.1114
kp25 run1.txt,30,-25.0,1,115.000,0.1057,0.1106
kp25 run1.txt,30,-25.0,1,116.000,0.0947,0.1098
kp25 run1.txt,30,-25.0,1,117.000,0.1035,0.1090
kp25 run1.txt,30,-25.0,1,118.000,0.1042,0.1083
kp25 run1.txt,30,-25.0,1,119.000,0.1020,0.1076
kp25 run1.txt,30,-25.0,1,120.000,0.1013,0.1069
kp25 run1.txt,30,-25.0,1,121.000,0.1017,0.1062
kp25 run1.txt,30,-25.0,1,122.000,0.0998,0.1055
kp25 run1.txt,30,-25.0,1,123.000,0.0991,0.1049
kp25 run1.txt,30,-25.0,1,124.000,0.0987,0.1042
kp25 run1.txt,30,-25.0,1,125.000,0.0991,0.1036
kp25 run1.txt,30,-25.0,1,126.000,0.0977,0.1030
kp25 run1.txt,30,-25.0,1,127.000,0.0991,0.1025
kp25 run1.txt,30,-25.0,1,128.000,0.0998,0.1019
kp25 run1.txt,30,-25.0,1,129.000,0.0911,0.1014
kp25 run1.txt,30,-25.0,1,130.000,0.0925,0.1009
kp25 run1.txt,30,-25.0,1,131.000,0.0947,0.1004
kp25 run1.txt,30,-25.0,1,132.000,0.0936,0.0999
kp25 run1.txt,30,-25.0,1,133.000,0.0940,0.0995
kp25 run1.txt,30,-25.0,1,134.000,0.0933,0.0991
kp25 run1.txt,30,-25.0,1,135.000,0.0969,0.0987
kp25 run1.txt,30,-25.0,1,136.000,0.1028,0.0983
kp25 run1.txt,30,-25.0,1,137.000,0.0951,0.0980
kp25 run1.txt,30,-25.0,1,138.000,0.0918,0.0976
kp25 run1.txt,30,-25.0,1,139.000,0.0955,0.0973
kp25 run1.txt,30,-25.0,1,140.000,0.0940,0.0970
kp25 run1.txt,30,-25.0,1,141.000,0.0940,0.0968
kp25 run1.txt,30,-25.0,1,142.000,0.0947,0.0965
kp25 run1.txt,30,-25.0,1,143.000,0.0947,0.0963
kp25 run1.txt,30,-25.0,1,144.000,0.0969,0.0961
kp25 run1.txt,30,-25.0,1,145.000,0.0940,0.0959
kp25 run1.txt,30,-25.0,1,146.000,0.0940,0.0957
kp25 run1.txt,30,-25.0,1,147.000,0.0940,0.0956
kp25 run1.txt,30,-25.0,1,148.000,0.0936,0.0954
kp25 run1.txt,30,-25.0,1,149.000,0.0904,0.0953
kp25 run1.txt,30,-25.0,1,150.000,0.0962,0.0952
kp25 run1.txt,30,-25.0,1,151.000,0.0955,0.0951
kp25 run1.txt,30,-25.0,1,152.000,0.0940,0.0951
kp25 run1.txt,30,-25.0,1,153.000,0.0955,0.0950
kp25 run1.txt,30,-25.0,1,154.000,0.0936,0.0950
kp25 run1.txt,30,-25.0,1,155.000,0.0962,0.0949
kp25 run1.txt,30,-25.0,1,156.000,0.0940,0.0949
kp25 run1.txt,30,-25.0,1,157.000,0.0951,0.0949
kp25 run1.txt,30,-25.0,1,158.000,0.0940,0.0949
kp25 run1.txt,30,-25.0,1,159.000,0.0940,0.0949
kp25 run1.txt,30,-25.0,1,160.000,0.0933,0.0950
kp25 run1.txt,30,-25.0,1,161.000,0.0940,0.0950
kp25 run1.txt,30,-25.0,1,162.000,0.0962,0.0951
kp25 run1.txt,30,-25.0,1,163.000,0.0977,0.0951
kp25 run1.txt,30,-25.0,1,164.000,0.0962,0.0952
kp25 run1.txt,30,-25.0,1,165.000,0.0904,0.0953
kp25 run1.txt,30,-25.0,1,166.000,0.0860,0.0953
kp25 run1.txt,30,-25.0,1,167.000,0.0962,0.0954
kp25 run1.txt,30,-25.0,1,168.000,0.0962,0.0955
kp25 run1.txt,30,-25.0,1,169.000,0.0984,0.0956
kp25 run1.txt,30,-25.0,1,170.000,0.0977,0.0958
kp25 run1.txt,30,-25.0,1,171.000,0.0984,0.0959
kp25 run1.txt,30,-25.0,1,172.000,0.0998,0.0960
kp25 run1.txt,30,-25.0,1,173.000,0.1028,0.0961
kp25 run1.txt,30,-25.0,1,174.000,0.0998,0.0962
kp25 run1.txt,30,-25.0,1,175.000,0.0995,0.0964
kp25 run1.txt,30,-25.0,1,176.000,0.0991,0.0965
kp25 run1.txt,30,-25.0,1,177.000,0.0998,0.0966
kp25 run1.txt,30,-25.0,1,178.000,0.1017,0.0968
kp25 run1.txt,30,-25.0,1,179.000,0.0998,0.0969
kp25 run1.txt,30,-25.0,1,180.000,0.1013,0.0971
kp25 run1.txt,30,-25.0,1,181.000,0.1042,0.0972
kp25 run1.txt,30,-25.0,1,182.000,0.1006,0.0973
kp25 run1.txt,30,-25.0,1,183.000,0.1006,0.0975
kp25 run1.txt,30,-25.0,1,184.000,0.1028,0.0976
kp25 run1.txt,30,-25.0,1,185.000,0.1017,0.0978
kp25 run1.txt,30,-25.0,1,186.000,0.1115,0.0979
kp25 run1.txt,30,-25.0,1,187.000,0.1017,0.0980
kp25 run1.txt,30,-25.0,1,188.000,0.1035,0.0982
kp25 run1.txt,30,-25.0,1,189.000,0.1035,0.0983
kp25 run1.txt,30,-25.0,1,190.000,0.1020,0.0985
kp25 run1.txt,30,-25.0,1,191.000,0.1020,0.0986
kp25 run1.txt,30,-25.0,1,192.000,0.1035,0.0987
kp25 run1.txt,30,-25.0,1,193.000,0.1028,0.0989
kp25 run1.txt,30,-25.0,1,194.000,0.1020,0.0990
kp25 run1.txt,30,-25.0,1,195.000,0.1020,0.0991
kp25 run1.txt,30,-25.0,1,196.000,0.0991,0.0992
kp25 run1.txt,30,-25.0,1,197.000,0.1024,0.0993
kp25 run1.txt,30,-25.0,1,198.000,0.0998,0.0995
kp25 run1.txt,30,-25.0,1,199.000,0.1020,0.0996
kp25 run1.txt,30,-25.0,1,200.000,0.1028,0.0997
kp25 run1.txt,30,-25.0,1,201.000,0.1017,0.0998
kp25 run1.txt,30,-25.0,1,202.000,0.1042,0.0999
kp25 run1.txt,30,-25.0,1,203.000,0.1035,0.1000
kp25 run1.txt,30,-25.0,1,204.000,0.1006,0.1001
kp25 run1.txt,30,-25.0,1,205.000,0.1017,0.1002
kp25 run1.txt,30,-25.0,1,206.000,0.1013,0.1003
kp25 run1.txt,30,-25.0,1,207.000,0.1028,0.1004
kp25 run1.txt,30,-25.0,1,208.000,0.1035,0.1004
kp25 run1.txt,30,-25.0,1,209.000,0.1024,0.1005
kp25 run1.txt,30,-25.0,1,210.000,0.1035,0.1006
kp25 run1.txt,30,-25.0,1,211.000,0.1020,0.1007
kp25 run1.txt,30,-25.0,1,212.000,0.1028,0.1007
kp25 run1.txt,30,-25.0,1,213.000,0.1020,0.1008
kp25 run1.txt,30,-25.0,1,214.000,0.1009,0.1009
kp25 run1.txt,30,-25.0,1,215.000,0.1017,0.1009
kp25 run1.txt,30,-25.0,1,216.000,0.1020,0.1010
kp25 run1.txt,30,-25.0,1,217.000,0.1017,0.1010
kp25 run1.txt,30,-25.0,1,218.000,0.1028,0.1011
kp25 run1.txt,30,-25.0,1,219.000,0.1028,0.1011
kp25 run1.txt,30,-25.0,1,220.000,0.1017,0.1011
kp25 run1.txt,30,-25.0,1,221.000,0.1020,0.1012
kp25 run1.txt,30,-25.0,1,222.000,0.0929,0.1012
kp25 run1.txt,30,-25.0,1,223.000,0.0998,0.1012
kp25 run1.txt,30,-25.0,1,224.000,0.0998,0.1013
kp25 run1.txt,30,-25.0,1,225.000,0.0853,0.1013
kp25 run1.txt,30,-25.0,1,226.000,0.0984,0.1013
kp25 run1.txt,30,-25.0,1,227.000,0.0991,0.1013
kp25 run1.txt,30,-25.0,1,228.000,0.0951,0.1014
kp25 run1.txt,30,-25.0,1,229.000,0.0977,0.1014
kp25 run1.txt,30,-25.0,1,230.000,0.0958,0.1014
kp25 run1.txt,30,-25.0,1,231.000,0.0893,0.1014
kp25 run1.txt,30,-25.0,1,232.000,0.0991,0.1014
kp25 run1.txt,30,-25.0,1,233.000,0.0998,0.1014
kp25 run1.txt,30,-25.0,1,234.000,0.1017,0.1014
kp25 run1.txt,30,-25.0,1,235.000,0.0995,0.1014
kp25 run1.txt,30,-25.0,1,236.000,0.0991,0.1014
kp25 run1.txt,30,-25.0,1,237.000,0.1020,0.1014
kp25 run1.txt,30,-25.0,1,238.000,0.1049,0.1014
kp25 run1.txt,30,-25.0,1,239.000,0.0984,0.1014
kp25 run1.txt,30,-25.0,1,240.000,0.0977,0.1014
kp25 run1.txt,30,-25.0,1,241.000,0.0977,0.1014
kp25 run1.txt,30,-25.0,1,242.000,0.1006,0.1013
kp25 run1.txt,30,-25.0,1,243.000,0.1006,0.1013
kp25 run1.txt,30,-25.0,1,244.000,0.1049,0.1013
kp25 run1.txt,30,-25.0,1,245.000,0.0998,0.1013
kp25 run1.txt,30,-25.0,1,246.000,0.1020,0.1013
kp25 run1.txt,30,-25.0,1,247.000,0.1006,0.1013
kp25 run1.txt,30,-25.0,1,248.000,0.1017,0.1012
kp25 run1.txt,30,-25.0,1,249.000,0.0998,0.1012
kp25 run1.txt,30,-25.0,1,250.000,0.0991,0.1012
kp25 run1.txt,30,-25.0,1,251.000,0.0969,0.1012
kp25 run1.txt,30,-25.0,1,252.000,0.1046,0.1012
kp25 run1.txt,30,-25.0,1,253.000,0.0998,0.1011
kp25 run1.txt,30,-25.0,1,254.000,0.0838,0.1011
kp25 run1.txt,30,-25.0,1,255.000,0.0991,0.1011
kp25 run1.txt,30,-25.0,1,256.000,0.1020,0.1011
kp25 run1.txt,30,-25.0,1,257.000,0.0984,0.1011
kp25 run1.txt,30,-25.0,1,258.000,0.0998,0.1010
kp25 run1.txt,30,-25.0,1,259.000,0.0984,0.1010
kp25 run1.txt,30,-25.0,1,260.000,0.1006,0.1010
kp25 run1.txt,30,-25.0,1,261.000,0.1122,0.1010
kp25 run1.txt,30,-25.0,1,262.000,0.0991,0.1009
kp25 run1.txt,30,-25.0,1,263.000,0.0991,0.1009
kp25 run1.txt,30,-25.0,1,264.000,0.1020,0.1009
kp25 run1.txt,30,-25.0,1,265.000,0.1020,0.1009
kp25 run1.txt,30,-25.0,1,266.000,0.1013,0.1008
kp25 run1.txt,30,-25.0,1,267.000,0.0984,0.1008
kp25 run1.txt,30,-25.0,1,268.000,0.1013,0.1008
kp25 run1.txt,30,-25.0,1,269.000,0.0998,0.1008
kp25 run1.txt,30,-25.0,1,270.000,0.0969,0.1008
kp25 run1.txt,30,-25.0,1,271.000,0.0998,0.1007
kp25 run1.txt,30,-25.0,1,272.000,0.0991,0.1007
kp25 run1.txt,30,-25.0,1,273.000,0.1020,0.1007
kp25 run1.txt,30,-25.0,1,274.000,0.1028,0.1007
kp25 run1.txt,30,-25.0,1,275.000,0.0998,0.1006
kp25 run1.txt,30,-25.0,1,276.000,0.0998,0.1006
kp25 run1.txt,30,-25.0,1,277.000,0.1006,0.1006
kp25 run1.txt,30,-25.0,1,278.000,0.0991,0.1006
kp25 run1.txt,30,-25.0,1,279.000,0.0977,0.1006
kp25 run1.txt,30,-25.0,1,280.000,0.0991,0.1006
kp25 run1.txt,30,-25.0,1,281.000,0.1042,0.1005
kp25 run1.txt,30,-25.0,1,282.000,0.0969,0.1005
kp25 run1.txt,30,-25.0,1,283.000,0.0977,0.1005
kp25 run1.txt,30,-25.0,1,284.000,0.1006,0.1005
kp25 run1.txt,30,-25.0,1,285.000,0.0998,0.1005
kp25 run1.txt,30,-25.0,1,286.000,0.0998,0.1005
kp25 run1.txt,30,-25.0,1,287.000,0.1006,0.1005
kp25 run1.txt,30,-25.0,1,288.000,0.0991,0.1004
kp25 run1.txt,30,-25.0,1,289.000,0.0998,0.1004
kp25 run1.txt,30,-25.0,1,290.000,0.0998,0.1004
kp25 run1.txt,30,-25.0,1,291.000,0.0991,0.1004
kp25 run1.txt,30,-25.0,1,292.000,0.0991,0.1004
kp25 run1.txt,30,-25.0,1,293.000,0.0984,0.1004
kp25 run1.txt,30,-25.0,1,294.000,0.0962,0.1004
kp25 run1.txt,30,-25.0,1,295.000,0.0998,0.1004
kp25 run1.txt,30,-25.0,1,296.000,0.0991,0.1004
kp25 run1.txt,30,-25.0,1,297.000,0.1020,0.1004
kp25 run1.txt,30,-25.0,1,298.000,0.1035,0.1004
kp25 run1.txt,30,-25.0,1,299.000,0.1006,0.1003
kp25 run1.txt,30,-25.0,1,300.000,0.1013,0.1003
kp25 run1.txt,30,-25.0,1,301.000,0.1013,0.1003
kp25 run1.txt,30,-25.0,1,302.000,0.1042,0.1003
kp25 run1.txt,30,-25.0,1,303.000,0.0991,0.1003
kp25 run1.txt,30,-25.0,1,304.000,0.1009,0.1003
kp25 run1.txt,30,-25.0,1,305.000,0.1013,0.1003
kp25 run1.txt,30,-25.0,1,306.000,0.1046,0.1003
kp25 run1.txt,30,-25.0,1,307.000,0.0998,0.1003
kp25 run1.txt,30,-25.0,1,308.000,0.1009,0.1003
kp25 run1.txt,30,-25.0,1,309.000,0.0987,0.1003
kp25 run1.txt,30,-25.0,1,310.000,0.1024,0.1003
kp25 run1.txt,30,-25.0,1,311.000,0.1006,0.1003
kp25 run1.txt,30,-25.0,1,312.000,0.0995,0.1003
kp25 run1.txt,30,-25.0,1,313.000,0.0998,0.1003
kp25 run1.txt,30,-25.0,1,314.000,0.0984,0.1003
kp25 run1.txt,30,-25.0,1,315.000,0.1028,0.1003
kp25 run1.txt,30,-25.0,1,316.000,0.0998,0.1003
kp25 run1.txt,30,-25.0,1,317.000,0.1017,0.1003
kp25 run1.txt,30,-25.0,1,318.000,0.0991,0.1003
kp25 run1.txt,30,-25.0,1,319.000,0.0998,0.1003
kp25 run1.txt,30,-25.0,1,320.000,0.1006,0.1003
kp25 run1.txt,30,-25.0,1,321.000,0.0998,0.1003
kp25 run1.txt,30,-25.0,1,322.000,0.1013,0.1003
kp25 run1.txt,30,-25.0,1,323.000,0.0933,0.1003
kp25 run1.txt,30,-25.0,1,324.000,0.0969,0.1003
kp25 run1.txt,30,-25.0,1,325.000,0.0998,0.1003
kp25 run1.txt,30,-25.0,1,326.000,0.0998,0.1003
kp25 run1.txt,30,-25.0,1,327.000,0.0984,0.1003
kp25 run1.txt,30,-25.0,1,328.000,0.1035,0.1004
kp25 run1.txt,30,-25.0,1,329.000,0.1057,0.1004
kp25 run1.txt,30,-25.0,1,330.000,0.1013,0.1004
kp25 run1.txt,30,-25.0,1,331.000,0.1046,0.1004
kp25 run1.txt,30,-25.0,1,332.000,0.1046,0.1004
kp25 run1.txt,30,-25.0,1,333.000,0.1009,0.1004
kp25 run1.txt,30,-25.0,1,334.000,0.1006,0.1004
kp25 run1.txt,30,-25.0,1,335.000,0.0962,0.1004
kp25 run1.txt,30,-25.0,1,336.000,0.0998,0.1004
kp25 run1.txt,30,-25.0,1,337.000,0.0984,0.1004
kp25 run1.txt,30,-25.0,1,338.000,0.0998,0.1004
kp25 run1.txt,30,-25.0,1,339.000,0.0969,0.1004
kp25 run1.txt,30,-25.0,1,340.000,0.0991,0.1004
kp25 run1.txt,30,-25.0,1,341.000,0.1006,0.1004
kp25 run1.txt,30,-25.0,1,342.000,0.0998,0.1004
kp25 run1.txt,30,-25.0,1,343.000,0.0991,0.1004
kp25 run1.txt,30,-25.0,1,344.000,0.1024,0.1004
kp25 run1.txt,30,-25.0,1,345.000,0.1002,0.1004
kp25 run1.txt,30,-25.0,1,346.000,0.0991,0.1004
kp25 run1.txt,30,-25.0,1,347.000,0.0991,0.1004
kp25 run1.txt,30,-25.0,1,348.000,0.0998,0.1004
kp25 run1.txt,30,-25.0,1,349.000,0.1013,0.1004
kp25 run1.txt,30,-25.0,1,350.000,0.0998,0.1004
kp25 run1.txt,30,-25.0,1,351.000,0.1038,0.1004
kp25 run1.txt,30,-25.0,1,352.000,0.1028,0.1004
kp25 run1.txt,30,-25.0,1,353.000,0.0838,0.1004
kp25 run1.txt,30,-25.0,1,354.000,0.0969,0.1004
kp25 run1.txt,30,-25.0,1,355.000,0.1028,0.1004
kp25 run1.txt,30,-25.0,1,356.000,0.0991,0.1005
kp25 run1.txt,30,-25.0,1,357.000,0.1017,0.1005
kp25 run1.txt,30,-25.0,1,358.000,0.1020,0.1005
kp25 run1.txt,30,-25.0,1,359.000,0.0984,0.1005
kp25 run1.txt,30,-25.0,1,360.000,0.0991,0.1005
kp25 run1.txt,30,-25.0,1,361.000,0.1020,0.1005
kp25 run1.txt,30,-25.0,1,362.000,0.0995,0.1005
kp25 run1.txt,30,-25.0,1,363.000,0.1006,0.1005
kp25 run1.txt,30,-25.0,1,364.000,0.0958,0.1005
kp25 run1.txt,30,-25.0,1,365.000,0.1035,0.1005
kp25 run1.txt,30,-25.0,1,366.000,0.0991,0.1005
kp25 run1.txt,30,-25.0,1,367.000,0.0995,0.1005
kp25 run1.txt,30,-25.0,1,368.000,0.1006,0.1005
kp25 run1.txt,30,-25.0,1,369.000,0.0940,0.1005
kp25 run1.txt,30,-25.0,1,370.000,0.0947,0.1005
kp25 run1.txt,30,-25.0,1,371.000,0.1017,0.1005
kp25 run1.txt,30,-25.0,1,372.000,0.1115,0.1005
kp25 run1.txt,30,-25.0,1,373.000,0.1013,0.1005
kp25 run1.txt,30,-25.0,1,374.000,0.1013,0.1005
kp25 run1.txt,30,-25.0,1,375.000,0.1017,0.1005
kp25 run1.txt,30,-25.0,1,376.000,0.0998,0.1005
kp25 run1.txt,30,-25.0,1,377.000,0.1013,0.1005
kp25 run1.txt,30,-25.0,1,378.000,0.0998,0.1005
kp25 run1.txt,30,-25.0,1,379.000,0.0991,0.1005
kp25 run1.txt,30,-25.0,1,380.000,0.1006,0.1005
kp25 run1.txt,30,-25.0,1,381.000,0.1020,0.1005
kp25 run1.txt,30,-25.0,1,382.000,0.0991,0.1005
kp25 run1.txt,30,-25.0,1,383.000,0.0955,0.1005
kp25 run1.txt,30,-25.0,1,384.000,0.1006,0.1005
kp25 run1.txt,30,-25.0,1,385.000,0.0991,0.1005
kp25 run1.txt,30,-25.0,1,386.000,0.0962,0.1005
kp25 run1.txt,30,-25.0,1,387.000,0.1013,0.1005
kp25 run1.txt,30,-25.0,1,388.000,0.1006,0.1005
kp25 run1.txt,30,-25.0,1,389.000,0.0998,0.1005
kp25 run1.txt,30,-25.0,1,390.000,0.0998,0.1005
kp25 run1.txt,30,-25.0,1,391.000,0.0998,0.1005
kp25 run1.txt,30,-25.0,1,392.000,0.0977,0.1005
kp25 run1.txt,30,-25.0,1,393.000,0.1006,0.1005
kp25 run1.txt,30,-25.0,1,394.000,0.1020,0.1005
kp25 run1.txt,30,-25.0,1,395.000,0.1013,0.1005
kp25 run1.txt,30,-25.0,1,396.000,0.0998,0.1005
kp25 run1.txt,30,-25.0,1,397.000,0.0991,0.1005
kp25 run1.txt,30,-25.0,1,398.000,0.0984,0.1005
kp25 run1.txt,30,-25.0,1,399.000,0.0882,0.1005
kp25 run1.txt,30,-25.0,1,400.000,0.0984,0.1005
kp25 run1.txt,30,-25.0,1,401.000,0.1020,0.1005
kp25 run1.txt,30,-25.0,1,402.000,0.0991,0.1005
kp25 run1.txt,30,-25.0,1,403.000,0.1006,0.1005
kp25 run1.txt,30,-25.0,1,404.000,0.0991,0.1005
kp25 run1.txt,30,-25.0,1,405.000,0.0977,0.1005
kp25 run1.txt,30,-25.0,1,406.000,0.1013,0.1005
kp25 run1.txt,30,-25.0,1,407.000,0.0998,0.1005
kp25 run1.txt,30,-25.0,1,408.000,0.0984,0.1005
kp25 run1.txt,30,-25.0,1,409.000,0.1013,0.1005
kp25 run1.txt,30,-25.0,1,410.000,0.0984,0.1005
kp25 run1.txt,30,-25.0,1,411.000,0.0947,0.1005
kp25 run1.txt,30,-25.0,1,412.000,0.0998,0.1005
kp25 run1.txt,30,-25.0,1,413.000,0.0998,0.1005
kp25 run1.txt,30,-25.0,1,414.000,0.1028,0.1005
kp25 run1.txt,30,-25.0,1,415.000,0.0998,0.1005
kp25 run1.txt,30,-25.0,1,416.000,0.0991,0.1005
kp25 run1.txt,30,-25.0,1,417.000,0.1017,0.1005
kp25 run1.txt,30,-25.0,1,418.000,0.1006,0.1005
kp25 run1.txt,30,-25.0,1,419.000,0.0991,0.1005
kp25 run1.txt,30,-25.0,1,420.000,0.0991,0.1005
kp25 run1.txt,30,-25.0,1,421.000,0.1017,0.1005
kp25 run1.txt,30,-25.0,1,422.000,0.1013,0.1005
kp25 run1.txt,30,-25.0,1,423.000,0.0987,0.1005
kp25 run1.txt,30,-25.0,1,424.000,0.1020,0.1005
kp25 run1.txt,30,-25.0,1,425.000,0.1017,0.1005
kp25 run1.txt,30,-25.0,1,426.000,0.0998,0.1005
kp25 run1.txt,30,-25.0,1,427.000,0.0998,0.1005
kp25 run1.txt,30,-25.0,1,428.000,0.1006,0.1005
kp25 run1.txt,30,-25.0,1,429.000,0.0991,0.1005
kp25 run1.txt,30,-25.0,1,430.000,0.1006,0.1005
kp25 run1.txt,30,-25.0,1,431.000,0.0984,0.1005
kp25 run1.txt,30,-25.0,1,432.000,0.0998,0.1005
kp25 run1.txt,30,-25.0,1,433.000,0.0991,0.1005
kp25 run1.txt,30,-25.0,1,434.000,0.0969,0.1005
kp25 run1.txt,30,-25.0,1,435.000,0.0991,0.1005
kp25 run1.txt,30,-25.0,1,436.000,0.0991,0.1005
kp25 run1.txt,30,-25.0,1,437.000,0.0998,0.1005
kp25 run1.txt,30,-25.0,1,438.000,0.0977,0.1005
kp25 run1.txt,30,-25.0,1,439.000,0.0977,0.1005
kp25 run1.txt,30,-25.0,1,440.000,0.0998,0.1005
kp25 run1.txt,30,-25.0,1,441.000,0.0991,0.1005
kp25 run1.txt,30,-25.0,1,442.000,0.0995,0.1005
kp25 run1.txt,30,-25.0,1,443.000,0.0998,0.1005
kp25 run1.txt,30,-25.0,1,444.000,0.0958,0.1005
kp25 run1.txt,30,-25.0,1,445.000,0.1020,0.1005
kp25 run1.txt,30,-25.0,1,446.000,0.1028,0.1005
kp25 run1.txt,30,-25.0,1,447.000,0.0998,0.1005
kp25 run1.txt,30,-25.0,1,448.000,0.0991,0.1005
kp25 run1.txt,30,-25.0,1,449.000,0.0977,0.1005
kp25 run1.txt,30,-25.0,1,450.000,0.1017,0.1005
kp25 run1.txt,30,-25.0,1,451.000,0.1006,0.1005
kp25 run1.txt,30,-25.0,1,452.000,0.1006,0.1005
kp25 run1.txt,30,-25.0,1,453.000,0.0991,0.1005
kp25 run1.txt,30,-25.0,1,454.000,0.0987,0.1005
kp25 run1.txt,30,-25.0,1,455.000,0.0998,0.1005
kp25 run1.txt,30,-25.0,1,456.000,0.1035,0.1005
kp25 run1.txt,30,-25.0,1,457.000,0.1017,0.1005
kp25 run1.txt,30,-25.0,1,458.000,0.0991,0.1005
kp25 run1.txt,30,-25.0,1,459.000,0.0842,0.1005
kp25 run1.txt,30,-25.0,1,460.000,0.0977,0.1005
kp25 run1.txt,30,-25.0,1,461.000,0.1020,0.1005
kp25 run1.txt,30,-25.0,1,462.000,0.1020,0.1005
kp25 run1.txt,30,-25.0,1,463.000,0.1020,0.1005
kp25 run1.txt,30,-25.0,1,464.000,0.0998,0.1005
kp25 run1.txt,30,-25.0,1,465.000,0.0977,0.1005
kp25 run1.txt,30,-25.0,1,466.000,0.1035,0.1005
kp25 run1.txt,30,-25.0,1,467.000,0.0998,0.1005
kp25 run1.txt,30,-25.0,1,468.000,0.0998,0.1005
kp25 run1.txt,30,-25.0,1,469.000,0.0998,0.1005
kp25 run1.txt,30,-25.0,1,470.000,0.0995,0.1005
kp25 run1.txt,30,-25.0,1,471.000,0.0998,0.1005
kp25 run1.txt,30,-25.0,1,472.000,0.0969,0.1005
kp25 run1.txt,30,-25.0,1,473.000,0.1130,0.1005
kp25 run1.txt,30,-25.0,1,474.000,0.1115,0.1005
kp25 run1.txt,30,-25.0,1,475.000,0.0998,0.1005
kp25 run1.txt,30,-25.0,1,476.000,0.0991,0.1005
kp25 run1.txt,30,-25.0,1,477.000,0.0998,0.1005
kp25 run1.txt,30,-25.0,1,478.000,0.0991,0.1005
kp25 run1.txt,30,-25.0,1,479.000,0.0998,0.1005
kp25 run1.txt,30,-25.0,1,480.000,0.1024,0.1005
kp25 run1.txt,30,-25.0,1,481.000,0.0955,0.1005
kp25 run1.txt,30,-25.0,1,482.000,0.0984,0.1005
kp25 run1.txt,30,-25.0,1,483.000,0.1009,0.1005
kp25 run1.txt,30,-25.0,1,484.000,0.1013,0.1005
kp25 run1.txt,30,-25.0,1,485.000,0.0969,0.1005
kp25 run1.txt,30,-25.0,1,486.000,0.0977,0.1005
kp25 run1.txt,30,-25.0,1,487.000,0.0991,0.1005
kp25 run1.txt,30,-25.0,1,488.000,0.0995,0.1005
kp25 run1.txt,30,-25.0,1,489.000,0.1006,0.1005
kp25 run1.txt,30,-25.0,1,490.000,0.1013,0.1005
kp25 run1.txt,30,-25.0,1,491.000,0.0998,0.1005
kp25 run1.txt,30,-25.0,1,492.000,0.1035,0.1005
kp25 run1.txt,30,-25.0,1,493.000,0.0991,0.1005
kp25 run1.txt,30,-25.0,1,494.000,0.0998,0.1005
kp25 run1.txt,30,-25.0,1,495.000,0.0998,0.1005
kp25 run1.txt,30,-25.0,1,496.000,0.1017,0.1005
kp25 run1.txt,30,-25.0,1,497.000,0.0969,0.1005
kp25 run1.txt,30,-25.0,1,498.000,0.1086,0.1005
kp25 run1.txt,30,-25.0,1,499.000,0.1006,0.1005
kp25 run1.txt,30,-25.0,1,500.000,0.0998,0.1005
kp25 run1.txt,30,-25.0,1,501.000,0.0998,0.1005
kp25 run1.txt,30,-25.0,1,502.000,0.1049,0.1005
kp25 run1.txt,30,-25.0,1,503.000,0.1006,0.1005
kp25 run1.txt,30,-25.0,1,504.000,0.1020,0.1005
kp25 run1.txt,30,-25.0,1,505.000,0.1013,0.1005
kp25 run1.txt,30,-25.0,1,506.000,0.0991,0.1005
kp25 run1.txt,30,-25.0,1,507.000,0.0998,0.1005
kp25 run1.txt,30,-25.0,1,508.000,0.1042,0.1005
kp25 run1.txt,30,-25.0,1,509.000,0.1006,0.1005
kp25 run1.txt,30,-25.0,1,510.000,0.1020,0.1005
kp25 run1.txt,30,-25.0,1,511.000,0.1024,0.1005
kp25 run1.txt,30,-25.0,1,512.000,0.1013,0.1005
kp25 run1.txt,30,-25.0,1,513.000,0.1057,0.1005
kp25 run1.txt,30,-25.0,1,514.000,0.1013,0.1005
kp25 run1.txt,30,-25.0,1,515.000,0.0998,0.1005
kp25 run1.txt,30,-25.0,1,516.000,0.1035,0.1005
kp25 run1.txt,30,-25.0,1,517.000,0.0991,0.1005
kp25 run1.txt,30,-25.0,1,518.000,0.1006,0.1005
kp25 run1.txt,30,-25.0,1,519.000,0.0998,0.1005
kp25 run1.txt,30,-25.0,1,520.000,0.1006,0.1005
kp25 run1.txt,30,-25.0,1,521.000,0.0947,0.1005
kp25 run1.txt,30,-25.0,1,522.000,0.1042,0.1005
kp25 run1.txt,30,-25.0,1,523.000,0.1046,0.1005
kp25 run1.txt,30,-25.0,1,524.000,0.0853,0.1005
kp25 run1.txt,30,-25.0,1,525.000,0.0969,0.1005
kp25 run1.txt,30,-25.0,1,526.000,0.1013,0.1005
kp25 run1.txt,30,-25.0,1,527.000,0.1006,0.1005
kp25 run1.txt,30,-25.0,1,528.000,0.0998,0.1005
kp25 run1.txt,30,-25.0,1,529.000,0.1017,0.1005
kp25 run1.txt,30,-25.0,1,530.000,0.1020,0.1005
kp25 run1.txt,30,-25.0,1,531.000,0.0977,0.1005
kp25 run1.txt,30,-25.0,1,532.000,0.1009,0.1005
kp25 run1.txt,30,-25.0,1,533.000,0.0991,0.1005
kp25 run1.txt,30,-25.0,1,534.000,0.0987,0.1005
kp25 run1.txt,30,-25.0,1,535.000,0.1115,0.1005
kp25 run1.txt,30,-25.0,1,536.000,0.0933,0.1005
kp25 run1.txt,30,-25.0,1,537.000,0.1071,0.1005
kp25 run1.txt,30,-25.0,1,538.000,0.0987,0.1005
kp25 run1.txt,30,-25.0,1,539.000,0.0998,0.1005
kp25 run1.txt,30,-25.0,1,540.000,0.1009,0.1005
kp25 run1.txt,30,-25.0,1,541.000,0.0995,0.1005
kp25 run1.txt,30,-25.0,1,542.000,0.1035,0.1005
kp25 run1.txt,30,-25.0,1,543.000,0.1006,0.1005
kp25 run1.txt,30,-25.0,1,544.000,0.1006,0.1005
kp25 run1.txt,30,-25.0,1,545.000,0.0991,0.1005
kp25 run1.txt,30,-25.0,1,546.000,0.1013,0.1005
kp25 run1.txt,30,-25.0,1,547.000,0.0962,0.1005
kp25 run1.txt,30,-25.0,1,548.000,0.1031,0.1005
kp25 run1.txt,30,-25.0,1,549.000,0.1009,0.1005
kp25 run1.txt,30,-25.0,1,550.000,0.1020,0.1005
kp25 run1.txt,30,-25.0,1,551.000,0.1100,0.1005
kp25 run1.txt,30,-25.0,1,552.000,0.1020,0.1005
kp25 run1.txt,30,-25.0,1,553.000,0.0998,0.1005
kp25 run1.txt,30,-25.0,1,554.000,0.0977,0.1005
kp25 run1.txt,30,-25.0,1,555.000,0.1006,0.1005
kp25 run1.txt,30,-25.0,1,556.000,0.1049,0.1005
kp25 run1.txt,30,-25.0,1,557.000,0.1013,0.1005
kp25 run1.txt,30,-25.0,1,558.000,0.1009,0.1005
kp25 run1.txt,30,-25.0,1,559.000,0.1002,0.1005
kp25 run1.txt,30,-25.0,1,560.000,0.0998,0.1005
kp25 run1.txt,30,-25.0,1,561.000,0.0998,0.1005
kp25 run1.txt,30,-25.0,1,562.000,0.1009,0.1005
kp25 run1.txt,30,-25.0,1,563.000,0.1017,0.1005
kp25 run1.txt,30,-25.0,1,564.000,0.0951,0.1005
kp25 run1.txt,30,-25.0,1,565.000,0.1057,0.1005
kp25 run1.txt,30,-25.0,1,566.000,0.1013,0.1005
kp25 run1.txt,30,-25.0,1,567.000,0.1006,0.1005
kp25 run1.txt,30,-25.0,1,568.000,0.1017,0.1005
kp25 run1.txt,30,-25.0,1,569.000,0.0889,0.1005
kp25 run1.txt,30,-25.0,1,570.000,0.0998,0.1005
kp25 run1.txt,30,-25.0,1,571.000,0.1035,0.1005
kp25 run1.txt,30,-25.0,1,572.000,0.0995,0.1005
kp25 run1.txt,30,-25.0,1,573.000,0.0962,0.1005
kp25 run1.txt,30,-25.0,1,574.000,0.0998,0.1005
kp25 run1.txt,30,-25.0,1,575.000,0.1017,0.1005
kp25 run1.txt,30,-25.0,1,576.000,0.0955,0.1005
kp25 run1.txt,30,-25.0,1,577.000,0.0955,0.1005
kp25 run1.txt,30,-25.0,1,578.000,0.0998,0.1005
kp25 run1.txt,30,-25.0,1,579.000,0.1013,0.1005
kp25 run1.txt,30,-25.0,1,580.000,0.1038,0.1005
kp25 run1.txt,30,-25.0,1,581.000,0.1017,0.1005
kp25 run1.txt,30,-25.0,1,582.000,0.1093,0.1005
kp25 run1.txt,30,-25.0,1,583.000,0.1035,0.1005
kp25 run1.txt,30,-25.0,1,584.000,0.0991,0.1005
kp25 run1.txt,30,-25.0,1,585.000,0.0991,0.1005
kp25 run1.txt,30,-25.0,1,586.000,0.0998,0.1005
kp25 run1.txt,30,-25.0,1,587.000,0.1020,0.1005
kp25 run1.txt,30,-25.0,1,588.000,0.0969,0.1005
kp25 run1.txt,30,-25.0,1,589.000,0.0987,0.1005
kp25 run1.txt,30,-25.0,1,590.000,0.1013,0.1005
kp25 run1.txt,30,-25.0,1,591.000,0.1006,0.1005
kp25 run1.txt,30,-25.0,1,592.000,0.1006,0.1005
kp25 run1.txt,30,-25.0,1,593.000,0.1013,0.1005
kp25 run1.txt,30,-25.0,1,594.000,0.0933,0.1005
kp25 run1.txt,30,-25.0,1,595.000,0.0998,0.1005
kp25 run1.txt,30,-25.0,1,596.000,0.1006,0.1005
kp25 run1.txt,30,-25.0,1,597.000,0.1035,0.1005
kp25 run1.txt,30,-25.0,1,598.000,0.0998,0.1005
kp25 run1.txt,30,-25.0,1,599.000,0.0991,0.1005
